tick,time_s,command.steering,command.throttle,command.brake,command.direction,command.wheel_brakes,state.position.0,state.position.1,state.position.2,state.heading,state.speed,state.pitch,state.roll,state.wheels.0.position.0,state.wheels.0.position.1,state.wheels.0.position.2,state.wheels.0.orientation.0,state.wheels.0.orientation.1,state.wheels.0.orientation.2,state.wheels.0.orientation.3,state.wheels.1.position.0,state.wheels.1.position.1,state.wheels.1.position.2,state.wheels.1.orientation.0,state.wheels.1.orientation.1,state.wheels.1.orientation.2,state.wheels.1.orientation.3,state.wheels.2.position.0,state.wheels.2.position.1,state.wheels.2.position.2,state.wheels.2.orientation.0,state.wheels.2.orientation.1,state.wheels.2.orientation.2,state.wheels.2.orientation.3,state.wheels.3.position.0,state.wheels.3.position.1,state.wheels.3.position.2,state.wheels.3.orientation.0,state.wheels.3.orientation.1,state.wheels.3.orientation.2,state.wheels.3.orientation.3,state.surface,state.steering,state.throttle,state.brake,state.rpm,state.gear,state.acceleration,state.lateral_acceleration,state.dynamics.aerodynamic_force,state.dynamics.rolling_force,state.dynamics.grade_force,state.dynamics.front_load,state.dynamics.rear_load,state.dynamics.yaw_rate,state.dynamics.sideslip,state.dynamics.traction_limited,state.dynamics.road_grade,state.active,state.generation,state.signal,state.velocity.0,state.velocity.1,state.velocity.2,state.hazards,state.wheel_contacts.0.in_contact,state.wheel_contacts.0.contact_point.0,state.wheel_contacts.0.contact_point.1,state.wheel_contacts.0.contact_point.2,state.wheel_contacts.0.contact_normal.0,state.wheel_contacts.0.contact_normal.1,state.wheel_contacts.0.contact_normal.2,state.wheel_contacts.0.suspension_force,state.wheel_contacts.0.normal_load,state.wheel_contacts.0.suspension_length,state.wheel_contacts.0.compression,state.wheel_contacts.0.skid,state.wheel_contacts.0.surface,state.wheel_contacts.1.in_contact,state.wheel_contacts.1.contact_point.0,state.wheel_contacts.1.contact_point.1,state.wheel_contacts.1.contact_point.2,state.wheel_contacts.1.contact_normal.0,state.wheel_contacts.1.contact_normal.1,state.wheel_contacts.1.contact_normal.2,state.wheel_contacts.1.suspension_force,state.wheel_contacts.1.normal_load,state.wheel_contacts.1.suspension_length,state.wheel_contacts.1.compression,state.wheel_contacts.1.skid,state.wheel_contacts.1.surface,state.wheel_contacts.2.in_contact,state.wheel_contacts.2.contact_point.0,state.wheel_contacts.2.contact_point.1,state.wheel_contacts.2.contact_point.2,state.wheel_contacts.2.contact_normal.0,state.wheel_contacts.2.contact_normal.1,state.wheel_contacts.2.contact_normal.2,state.wheel_contacts.2.suspension_force,state.wheel_contacts.2.normal_load,state.wheel_contacts.2.suspension_length,state.wheel_contacts.2.compression,state.wheel_contacts.2.skid,state.wheel_contacts.2.surface,state.wheel_contacts.3.in_contact,state.wheel_contacts.3.contact_point.0,state.wheel_contacts.3.contact_point.1,state.wheel_contacts.3.contact_point.2,state.wheel_contacts.3.contact_normal.0,state.wheel_contacts.3.contact_normal.1,state.wheel_contacts.3.contact_normal.2,state.wheel_contacts.3.suspension_force,state.wheel_contacts.3.normal_load,state.wheel_contacts.3.suspension_length,state.wheel_contacts.3.compression,state.wheel_contacts.3.skid,state.wheel_contacts.3.surface,state.contact_tick,state.wheel_dynamics.0.omega,state.wheel_dynamics.0.rotation,state.wheel_dynamics.0.relative_omega,state.wheel_dynamics.0.longitudinal_speed,state.wheel_dynamics.0.lateral_speed,state.wheel_dynamics.0.kappa,state.wheel_dynamics.0.alpha,state.wheel_dynamics.0.fx,state.wheel_dynamics.0.fy,state.wheel_dynamics.0.drive_torque,state.wheel_dynamics.0.brake_capacity,state.wheel_dynamics.0.brake_torque,state.wheel_dynamics.0.normal_load,state.wheel_dynamics.0.road_support,state.wheel_dynamics.0.steering,state.wheel_dynamics.0.force_contact_tick,state.wheel_dynamics.0.force_residual,state.wheel_dynamics.0.force_kappa,state.wheel_dynamics.0.force_alpha,state.wheel_dynamics.0.sample_support,state.wheel_dynamics.0.sample_tick,state.wheel_dynamics.0.force_mode,state.wheel_dynamics.0.longitudinal_impulse,state.wheel_dynamics.0.lateral_impulse,state.wheel_dynamics.0.brake_angular_impulse,state.wheel_dynamics.1.omega,state.wheel_dynamics.1.rotation,state.wheel_dynamics.1.relative_omega,state.wheel_dynamics.1.longitudinal_speed,state.wheel_dynamics.1.lateral_speed,state.wheel_dynamics.1.kappa,state.wheel_dynamics.1.alpha,state.wheel_dynamics.1.fx,state.wheel_dynamics.1.fy,state.wheel_dynamics.1.drive_torque,state.wheel_dynamics.1.brake_capacity,state.wheel_dynamics.1.brake_torque,state.wheel_dynamics.1.normal_load,state.wheel_dynamics.1.road_support,state.wheel_dynamics.1.steering,state.wheel_dynamics.1.force_contact_tick,state.wheel_dynamics.1.force_residual,state.wheel_dynamics.1.force_kappa,state.wheel_dynamics.1.force_alpha,state.wheel_dynamics.1.sample_support,state.wheel_dynamics.1.sample_tick,state.wheel_dynamics.1.force_mode,state.wheel_dynamics.1.longitudinal_impulse,state.wheel_dynamics.1.lateral_impulse,state.wheel_dynamics.1.brake_angular_impulse,state.wheel_dynamics.2.omega,state.wheel_dynamics.2.rotation,state.wheel_dynamics.2.relative_omega,state.wheel_dynamics.2.longitudinal_speed,state.wheel_dynamics.2.lateral_speed,state.wheel_dynamics.2.kappa,state.wheel_dynamics.2.alpha,state.wheel_dynamics.2.fx,state.wheel_dynamics.2.fy,state.wheel_dynamics.2.drive_torque,state.wheel_dynamics.2.brake_capacity,state.wheel_dynamics.2.brake_torque,state.wheel_dynamics.2.normal_load,state.wheel_dynamics.2.road_support,state.wheel_dynamics.2.steering,state.wheel_dynamics.2.force_contact_tick,state.wheel_dynamics.2.force_residual,state.wheel_dynamics.2.force_kappa,state.wheel_dynamics.2.force_alpha,state.wheel_dynamics.2.sample_support,state.wheel_dynamics.2.sample_tick,state.wheel_dynamics.2.force_mode,state.wheel_dynamics.2.longitudinal_impulse,state.wheel_dynamics.2.lateral_impulse,state.wheel_dynamics.2.brake_angular_impulse,state.wheel_dynamics.3.omega,state.wheel_dynamics.3.rotation,state.wheel_dynamics.3.relative_omega,state.wheel_dynamics.3.longitudinal_speed,state.wheel_dynamics.3.lateral_speed,state.wheel_dynamics.3.kappa,state.wheel_dynamics.3.alpha,state.wheel_dynamics.3.fx,state.wheel_dynamics.3.fy,state.wheel_dynamics.3.drive_torque,state.wheel_dynamics.3.brake_capacity,state.wheel_dynamics.3.brake_torque,state.wheel_dynamics.3.normal_load,state.wheel_dynamics.3.road_support,state.wheel_dynamics.3.steering,state.wheel_dynamics.3.force_contact_tick,state.wheel_dynamics.3.force_residual,state.wheel_dynamics.3.force_kappa,state.wheel_dynamics.3.force_alpha,state.wheel_dynamics.3.sample_support,state.wheel_dynamics.3.sample_tick,state.wheel_dynamics.3.force_mode,state.wheel_dynamics.3.longitudinal_impulse,state.wheel_dynamics.3.lateral_impulse,state.wheel_dynamics.3.brake_angular_impulse,state.brake_states.0.requested,state.brake_states.0.commanded,state.brake_states.0.pressure,state.brake_states.0.braking_slip,state.brake_states.0.abs_active,state.brake_states.0.phase,state.brake_states.0.feedback_tick,state.brake_states.0.predicted_slip,state.brake_states.1.requested,state.brake_states.1.commanded,state.brake_states.1.pressure,state.brake_states.1.braking_slip,state.brake_states.1.abs_active,state.brake_states.1.phase,state.brake_states.1.feedback_tick,state.brake_states.1.predicted_slip,state.brake_states.2.requested,state.brake_states.2.commanded,state.brake_states.2.pressure,state.brake_states.2.braking_slip,state.brake_states.2.abs_active,state.brake_states.2.phase,state.brake_states.2.feedback_tick,state.brake_states.2.predicted_slip,state.brake_states.3.requested,state.brake_states.3.commanded,state.brake_states.3.pressure,state.brake_states.3.braking_slip,state.brake_states.3.abs_active,state.brake_states.3.phase,state.brake_states.3.feedback_tick,state.brake_states.3.predicted_slip,horizontal_speed_mps,path_distance_m
0,0.0,0,0.0,1,1,,0.0,0.0,0.4186876118183136,0.0,27.77777862548828,0.0,0.0,-0.8399999737739563,1.100000023841858,0.33000001311302185,1.0,0.0,0.0,0.0,0.8399999737739563,1.100000023841858,0.33000001311302185,1.0,0.0,0.0,0.0,-0.8399999737739563,-1.100000023841858,0.33000001311302185,1.0,0.0,0.0,0.0,0.8399999737739563,-1.100000023841858,0.33000001311302185,1.0,0.0,0.0,0.0,asphalt,0.0,0.0,0.0,900.0,1,0.0,0.0,0.0,0.0,-0.0,5886.0,5886.0,0.0,0,False,-0.0,True,0,0,0.0,27.77777862548828,0.0,False,True,-0.8399999737739563,1.100000023841858,-1.4901161193847656e-08,0.0,0.0,1.0,2943.0009765625,2943.0009765625,0.33868756890296936,0.06131243705749512,1.0,asphalt,True,0.8399999737739563,1.100000023841858,-1.4901161193847656e-08,0.0,0.0,1.0,2943.0009765625,2943.0009765625,0.33868756890296936,0.06131243705749512,1.0,asphalt,True,-0.8399999737739563,-1.100000023841858,-1.4901161193847656e-08,0.0,0.0,1.0,2943.0009765625,2943.0009765625,0.33868756890296936,0.06131243705749512,1.0,asphalt,True,0.8399999737739563,-1.100000023841858,-1.4901161193847656e-08,0.0,0.0,1.0,2943.0009765625,2943.0009765625,0.33868756890296936,0.06131243705749512,1.0,asphalt,240,0.0,0.0,0.0,0.0,0.0,0.0,0.0,0.0,0.0,0.0,0.0,-0.0,2943.0009765625,True,0.0,239,0.0,0.0,0.0,True,240,sticking,0.0,0.0,0.0,0.0,0.0,0.0,0.0,0.0,0.0,0.0,0.0,0.0,0.0,0.0,-0.0,2943.0009765625,True,0.0,239,0.0,0.0,0.0,True,240,sticking,0.0,0.0,0.0,0.0,0.0,0.0,0.0,0.0,0.0,0.0,0.0,0.0,0.0,0.0,-0.0,2943.0009765625,True,0.0,239,0.0,0.0,0.0,True,240,sticking,0.0,0.0,0.0,0.0,0.0,0.0,0.0,0.0,0.0,0.0,0.0,0.0,0.0,0.0,-0.0,2943.0009765625,True,0.0,239,0.0,0.0,0.0,True,240,sticking,0.0,0.0,0.0,0.0,0.0,0.0,,False,normal,239,,0.0,0.0,0.0,,False,normal,239,,0.0,0.0,0.0,,False,normal,239,,0.0,0.0,0.0,,False,normal,239,,27.77777862548828,0.0
6,0.05,0,0.0,1,1,,-1.2338880139850517e-07,1.3830084800720215,0.41603341698646545,-1.7749647440723493e-06,27.5294132232666,-0.08726886659860611,4.441918008524226e-06,-0.8400000333786011,2.4828786849975586,0.3299996256828308,0.4542597830295563,0.8908692598342896,3.7567673416560865e-09,-4.159584321428156e-08,0.8399999141693115,2.4828786849975586,0.3299996256828308,0.4542572796344757,0.8908705711364746,3.756649213926266e-09,-4.1595857425136273e-08,-0.8400001525878906,0.28287601470947266,0.3299996256828308,0.468698650598526,0.8833581209182739,4.433250211377526e-09,-4.152919075295358e-08,0.839999794960022,0.28287601470947266,0.3299996256828308,0.46869951486587524,0.8833576440811157,4.433289735317203e-09,-4.15291872002399e-08,asphalt,0.0,0.0,1,2900.4613444292036,2,-7.315983772277832,-5.5808333854656667e-05,319.7158927508924,177.86929525569147,-0.0,6143.637322624168,5628.362677375832,3.029149979738577e-07,-8.997762800884075e-06,False,-0.0,True,0,0,-3.869128704536706e-06,27.5294132232666,0.06294621527194977,False,True,-0.8400000333786011,2.4823758602142334,-1.862645149230957e-08,0.0,0.0,1.0,3631.419189453125,3631.419189453125,0.3343585431575775,0.06564146280288696,0.0,asphalt,True,0.8399998545646667,2.4823758602142334,-7.450580596923828e-09,0.0,0.0,1.0,3631.441162109375,3631.441162109375,0.33435842394828796,0.06564158201217651,0.0,asphalt,True,-0.8400002121925354,0.2823733687400818,-1.862645149230957e-08,0.0,0.0,1.0,2891.105224609375,2891.105224609375,0.3377093970775604,0.06229060888290405,0.0,asphalt,True,0.8399997353553772,0.2823733687400818,-7.450580596923828e-09,0.0,0.0,1.0,2891.119384765625,2891.119384765625,0.3377092778682709,0.062290728092193604,0.0,asphalt,246,79.92722510295144,4.083151823803072,79.87660459550253,27.52505874633789,-5.6122139540093485e-06,-0.04174648537368856,-2.038947130224002e-07,-2541.816283855273,0.010854771830526598,0.0,945.0439488337117,945.0439488337117,3579.140380859375,True,0.0,245,4.654038201272313e-05,-0.04172487498969118,-2.1382687236344179e-07,True,246,magic-formula,-20.94968581731201,0.031985262666799706,7.875366240280931,79.92983559069485,4.083146208052537,79.87921508324594,27.52505874633789,-5.6122139540093485e-06,-0.04171518803974776,-2.038947130224002e-07,-2548.9141196082423,-7.845129108816658,0.0,945.0439488337117,945.0439488337117,3579.162353515625,True,0.0,245,4.6757768264926895e-05,-0.04189482425257103,0.00015473427632349272,True,246,magic-formula,-20.949993120943226,-0.032977992439151255,7.875366240280931,80.90203553194442,4.115703471896056,80.85141502449551,27.52505874633789,-4.9459094952908345e-06,-0.030059409806211992,-1.7968751823095805e-07,-1670.9554381319224,-0.045729428567268145,0.0,643.6822992224745,643.6822992224745,2964.209716796875,True,0.0,245,9.461634139981347e-07,-0.030675559861749416,1.0074063644870423e-06,True,246,magic-formula,-13.548360327484149,-0.018656417575676307,5.364019160187287,80.90399333094172,4.115705478766092,80.8533728234928,27.52505874633789,-4.9459094952908345e-06,-0.030035937606749673,-1.7968751823095805e-07,-1675.8059478536159,4.58810813420225,0.0,643.6822992224745,643.6822992224745,2964.220947265625,True,0.0,245,9.683571613747151e-07,-0.030785728179902883,-0.00010114410903650525,True,246,magic-formula,-13.548355338397476,0.019091412238155542,5.364019160187287,1,1,0.8646647167633873,0.037499955301792134,False,normal,245,0.05379085329770018,1,1,0.8646647167633873,0.0374693354618,False,normal,245,0.0537557329646626,1,1,0.8646647167633873,0.02629700934005615,False,normal,245,0.03924233913041505,1,1,0.8646647167633873,0.026273511451807705,False,normal,245,0.03921579148472346,27.529413223266875,1.3830084800720281
12,0.1,0,0.0,1,1,,-4.169734211245668e-07,2.7474918365478516,0.4160683751106262,3.204186668881448e-06,27.110408782958984,-0.34560921788215637,9.886876796372235e-06,-0.8400004506111145,3.8469927310943604,0.32999396324157715,0.6451022028923035,-0.7640963792800903,3.469009612899754e-08,8.362697201391711e-08,0.8399994969367981,3.8469927310943604,0.32999396324157715,0.6451051235198975,-0.7640937566757202,3.469041232051495e-08,8.36268227999426e-08,-0.840000331401825,1.6469526290893555,0.3299940228462219,0.6195381879806519,-0.7849665284156799,3.191177455619254e-08,8.47260963610097e-08,0.8399996161460876,1.6469526290893555,0.32999396324157715,0.6195352077484131,-0.7849688529968262,3.191145125924777e-08,8.472620294242006e-08,asphalt,0.0,0.0,1,4027.388227474975,2,-8.765021324157715,-8.960956620285287e-05,310.3540562031849,172.26899634726468,-0.0,6601.9412666422395,5170.0587333577605,2.475923793099355e-06,-1.2425449525920467e-05,False,-0.0,True,0,0,-7.556454420409864e-06,27.110408782958984,0.10569804161787033,False,True,-0.8400005102157593,3.8450021743774414,-2.9802322387695312e-08,0.0,0.0,1.0,3919.520263671875,3919.520263671875,0.32944080233573914,0.07055920362472534,0.0,asphalt,True,0.8399994373321533,3.8450021743774414,-2.2351741790771484e-08,0.0,0.0,1.0,3919.55224609375,3919.55224609375,0.32944050431251526,0.07055950164794922,0.0,asphalt,True,-0.8400003910064697,1.6449620723724365,3.725290298461914e-09,0.0,0.0,1.0,2368.61474609375,2368.61474609375,0.34271135926246643,0.05728864669799805,0.0,asphalt,True,0.8399995565414429,1.6449620723724365,-3.3527612686157227e-08,0.0,0.0,1.0,2368.6357421875,2368.6357421875,0.34271112084388733,0.05728888511657715,0.0,asphalt,252,78.00578640373814,8.016431991618045,77.91181924166548,27.102319717407227,-9.301298632635735e-06,-0.05019534188801846,-3.431919750640883e-07,-3098.117673883422,0.019300901543932526,0.0,1072.9417393201688,1072.9417393201688,3877.93310546875,True,0.0,251,0.00015219560452662883,-0.05015166375922455,-3.7494351206378066e-07,True,252,magic-formula,-25.9001284792923,0.04047792037742724,8.941181161001406,78.0087194244339,8.016424172475084,77.91475226236125,27.102323532104492,-9.301297723141033e-06,-0.050159762886416284,-3.431918932014322e-07,-3105.820044643141,-9.77027256511023,0.0,1072.9417393201688,1072.9417393201688,3877.965087890625,True,0.0,251,0.00015038012016512365,-0.050362385417905275,0.00019011570055290993,True,252,magic-formula,-25.90055690951487,-0.04107315939239257,8.941181161001406,78.18552514677675,8.08243726048495,78.0915579847041,27.102319717407227,-3.8501061681017745e-06,-0.048006828660324255,-1.4205817834954215e-07,-1931.400675847609,-0.04197519710513114,0.0,728.9474928801127,728.9474928801127,2459.3876953125,True,0.0,251,4.315931615077946e-07,-0.04873689969901395,1.2710409292203068e-06,True,252,magic-formula,-15.894873971094547,-0.0166562704913615,6.074562440667606,78.18691919314777,8.0824454014928,78.09295203107511,27.102323532104492,-3.850105713354424e-06,-0.04798998863787574,-1.4205814157571005e-07,-1934.700550067701,3.9410071682429884,0.0,728.9474928801127,728.9474928801127,2459.405517578125,True,0.0,251,4.2940725070156696e-07,-0.04887372136914199,-0.00011946759543404656,True,252,magic-formula,-15.894192895854331,0.016357421866441287,6.074562440667606,1,1,0.9816843611112658,0.050102779040885295,False,normal,251,0.051427055851450854,1,1,0.9816843611112658,0.0500681833079017,False,normal,251,0.051389431942695664,1,1,0.9816843611112658,0.04498479982899901,False,normal,251,0.053677101537535604,1,1,0.9816843611112658,0.044966422459687246,False,normal,251,0.0536626831534879,27.110408782960036,2.747491836547891
18,0.15,0,0.0,1,1,,-9.41617258831684e-07,4.090145111083984,0.4177524149417877,1.1884008017659653e-05,26.669557571411133,-0.6869084239006042,1.588624218129553e-05,-0.8400011658668518,5.18917179107666,0.32997632026672363,0.9438744783401489,0.33030417561531067,1.6454937679100112e-07,5.053019691558802e-08,0.8399987816810608,5.18917179107666,0.32997632026672363,0.9438735246658325,0.3303068280220032,1.64549533110403e-07,5.05297315100961e-08,-0.8400007486343384,2.989013671875,0.32997632026672363,0.9473667740821838,0.3201500475406647,1.6399729929617024e-07,5.229415833696294e-08,0.8399991989135742,2.989013671875,0.32997632026672363,0.9473695755004883,0.3201419413089752,1.6399684454881935e-07,5.229556521157974e-08,asphalt,0.0,0.0,1,4628.574076313405,2,-8.778544425964355,-0.00011210153752472252,300.3722971849903,163.8022326548165,-0.0,6971.4802898326925,4800.5197101673075,3.2805876344355056e-06,-1.5219418036175383e-05,False,-0.0,True,0,0,-1.272422287001973e-05,26.669557571411133,0.12396174669265747,False,True,-0.8400012254714966,5.185215950012207,2.9802322387695312e-08,0.0,0.0,1.0,4105.041015625,4105.041015625,0.3245943486690521,0.07540565729141235,0.0,asphalt,True,0.839998722076416,5.185215473175049,-1.4901161193847656e-08,0.0,0.0,1.0,4105.08203125,4105.08203125,0.3245938718318939,0.07540613412857056,0.0,asphalt,True,-0.8400008082389832,2.9850573539733887,-2.9802322387695312e-08,0.0,0.0,1.0,1870.345458984375,1870.345458984375,0.35097095370292664,0.04902905225753784,0.0,asphalt,True,0.8399991393089294,2.9850573539733887,1.4901161193847656e-08,0.0,0.0,1.0,1870.377685546875,1870.377685546875,0.35097047686576843,0.049029529094696045,0.0,asphalt,258,76.91117700116797,11.881130651345861,76.81091853158637,26.660757064819336,-1.1240224921493791e-05,-0.04801321475311896,-4.2160186577467294e-07,-3173.3544041310356,0.025608994698374837,0.0,1090.2508230209905,1090.2508230209905,4081.366455078125,True,0.0,257,0.0003745054568545926,-0.04794858871306495,-4.6437170046970417e-07,True,258,magic-formula,-26.57420927918946,0.04477694103338694,9.085423525174921,76.9145749274606,11.881124045019005,76.814316457879,26.660762786865234,-1.1240223102504387e-05,-0.04797136042309055,-4.216017070614859e-07,-3182.132567509236,-10.789289142636704,0.0,1090.2508230209905,1090.2508230209905,4081.405517578125,True,0.0,257,0.00037129720428083387,-0.048163902103116406,0.00019596458923750836,True,258,magic-formula,-26.57458393400706,-0.04537627673792484,9.085423525174921,74.96870258364423,11.902606708547111,74.86844411406263,26.660757064819336,-4.007052211818518e-06,-0.07205666394041524,-1.5029776544140463e-07,-1860.321966425154,-0.030989259842969803,0.0,740.4868820139939,740.4868820139939,1944.472412109375,True,0.0,257,2.176275544599738e-09,-0.072779570147495,1.4548352721574421e-06,True,258,magic-formula,-15.377152795357116,-0.010899371514142758,6.170724016783282,74.96943810810973,11.902624006200329,74.86917963852812,26.660762786865234,-4.007051302323816e-06,-0.07204775896867269,-1.5029769907025734e-07,-1861.6654518838984,2.5101414651806215,0.0,740.4868820139939,740.4868820139939,1944.5048828125,True,0.0,257,2.1251287566064584e-09,-0.07291759055755026,-0.0001179804673713734,True,258,magic-formula,-15.376674900212452,0.010379225457279288,6.170724016783282,1,1,0.9975212478233336,0.048448242896789,False,normal,257,0.04710068787971716,1,1,0.9975212478233336,0.04840735071748758,False,normal,257,0.04705682875695668,1,1,0.9975212478233336,0.06707469765783544,False,normal,257,0.08064643721242154,1,1,0.9975212478233336,0.06706473658718222,False,normal,257,0.08064013970173788,26.669557571414167,4.090145111084128
24,0.2,0,0.0,1,1,,-1.7398965610482264e-06,5.410993576049805,0.4198341965675354,2.170757761632558e-05,26.238618850708008,-1.00803542137146,2.0876719645457342e-05,-0.8400021195411682,6.509582042694092,0.32994893193244934,0.0010899871122092009,0.9999994039535522,1.8642771237864508e-07,-1.819524584334431e-07,0.8399978280067444,6.50958251953125,0.32994893193244934,0.0010880788322538137,0.9999994039535522,1.864273571072772e-07,-1.8195281370481098e-07,-0.8400012850761414,4.30924129486084,0.32994896173477173,-0.08028493076562881,0.9967719912528992,1.7100374805067986e-07,-1.9651893978789303e-07,0.8399986624717712,4.309242248535156,0.32994896173477173,-0.08026830852031708,0.9967733025550842,1.710070591798285e-07,-1.9651609761695e-07,asphalt,0.0,0.0,1,4886.234888622659,2,-8.486611366271973,-0.00011050350440200418,290.7172613401773,156.68488886499745,-0.0,7226.074581155317,4545.925418844683,3.4328604670008644e-06,-1.816431822022295e-05,True,-0.0,True,0,0,-1.8246359104523435e-05,26.238618850708008,0.11878684908151627,False,True,-0.840002179145813,6.503776550292969,7.450580596923828e-09,0.0,0.0,1.0,4196.1650390625,4196.1650390625,0.320544570684433,0.0794554352760315,0.0,asphalt,True,0.8399977684020996,6.503776550292969,-2.2351741790771484e-08,0.0,0.0,1.0,4196.2060546875,4196.2060546875,0.32054397463798523,0.07945603132247925,0.0,asphalt,True,-0.8400014042854309,4.303435325622559,1.4901161193847656e-08,0.0,0.0,1.0,1536.13916015625,1536.13916015625,0.3592543303966522,0.040745675563812256,0.0,asphalt,True,0.8399985432624817,4.303436756134033,-1.4901161193847656e-08,0.0,0.0,1.0,1536.1748046875,1536.1748046875,0.35925373435020447,0.04074627161026001,0.0,asphalt,264,75.82120610397973,15.692549622526796,75.74425561350503,26.23170280456543,-1.2249299288669135e-05,-0.04615425842814146,-4.669654646489951e-07,-3174.699235471666,0.0293920028168252,0.0,1092.5933527662075,1092.5933527662075,4186.43115234375,True,0.0,263,0.0006370706759453032,-0.04607362130801043,-5.11928984083094e-07,True,264,magic-formula,-26.573958502875545,0.0469489984912732,9.104944606385063,75.82489816999144,15.692546042589562,75.74794767951674,26.231708526611328,-1.2249297469679732e-05,-0.046108019585806015,-4.6696529344446913e-07,-3184.1780588934407,-11.31123908308788,0.0,1092.5933527662075,1092.5933527662075,4186.47119140625,True,0.0,263,0.0006338050986342396,-0.04628966261040226,0.00019732327031902168,True,264,magic-formula,-26.57415068248349,-0.04758534645000171,9.104944606385063,70.44703817164867,15.52962707579066,70.37008768117397,26.23170280456543,-4.669717782235239e-06,-0.11376235199653115,-1.7801809577617128e-07,-1688.13660721244,-0.019200258178937835,0.0,742.0485685108051,742.0485685108051,1577.5748291015625,True,0.0,263,0.00014570802916323623,-0.11445115914037189,1.5623065291043048e-06,True,264,magic-formula,-14.023917042028497,-0.0060193408808775165,6.183738070923376,70.44756823847094,15.529660800307887,70.37061774799623,26.231708526611328,-4.669721420214046e-06,-0.1137558769718992,-1.7801819563055514e-07,-1688.4240463864967,1.3476223855257716,0.0,742.0485685108051,742.0485685108051,1577.613525390625,True,0.0,263,0.00014407467622691269,-0.11457466820989726,-0.00010973813849117762,True,264,magic-formula,-14.023962550415614,0.005550466617137881,6.183738070923376,1,1,0.9996645373720975,0.046365549475616614,False,normal,263,0.0456163390335127,1,1,0.9996645373720975,0.04631987625853102,False,normal,263,0.04556874674516016,1,1,0.9996645373720975,0.10528696997107355,False,normal,263,0.1288490749401035,1,1,0.9996645373720975,0.10528061877971848,False,normal,263,0.12884318304702252,26.238618850714353,5.410993576050194
30,0.25,0,0.0,1,1,,-2.800122729240684e-06,6.7107133865356445,0.4213234484195709,3.173354343743995e-05,25.821434020996094,-1.2411596775054932,2.328683331143111e-05,-0.8400033712387085,7.808990955352783,0.3299225866794586,0.9521210789680481,-0.30572131276130676,1.1012387091113851e-07,3.2159024954125925e-07,0.8399965763092041,7.8089919090271,0.3299225866794586,0.9521210789680481,-0.30572131276130676,1.1012387091113851e-07,3.2159024954125925e-07,-0.840002179145813,5.6084747314453125,0.32992255687713623,0.9994927048683167,-0.031847644597291946,1.9438593312770536e-07,2.7885783993042423e-07,0.8399977684020996,5.608475685119629,0.329922616481781,0.9994917511940002,-0.03187910094857216,1.9437713660863665e-07,2.7886395059795177e-07,asphalt,0.0,0.0,1,4894.755858874814,2,-8.252928733825684,-9.830269846133888e-05,281.52926412535635,153.15721528043238,-0.0,7390.084346404987,4381.915653595013,3.573025651348871e-06,-2.0224104744245702e-05,True,-0.0,True,0,0,-2.3223665266414173e-05,25.821434020996094,0.0998651534318924,False,True,-0.8400035500526428,7.801843166351318,-2.2351741790771484e-08,0.0,0.0,1.0,4218.36474609375,4218.36474609375,0.3175903856754303,0.08240962028503418,0.0,asphalt,True,0.8399964570999146,7.801844120025635,0.0,0.0,0.0,1.0,4218.40283203125,4218.40283203125,0.317589670419693,0.08241033554077148,0.0,asphalt,True,-0.8400023579597473,5.6013264656066895,-1.4901161193847656e-08,0.0,0.0,1.0,1408.1033935546875,1408.1033935546875,0.3652549684047699,0.03474503755569458,0.0,asphalt,True,0.8399975895881653,5.601327419281006,7.450580596923828e-09,0.0,0.0,1.0,1408.1424560546875,1408.1424560546875,0.3652541935443878,0.03474581241607666,0.0,asphalt,270,74.6720661681262,19.449283988029936,74.63313405328664,25.817873001098633,-1.2572996638482437e-05,-0.04555337171140867,-4.86988089140667e-07,-3171.827587579235,0.030977683601056634,0.0,1092.9103796927668,1092.9103796927668,4218.431640625,True,0.0,269,0.000841332358686163,-0.04546467853951896,-5.329123562541137e-07,True,270,magic-formula,-26.53607873303629,0.0478858908783827,9.107586497439723,74.67588189766059,19.449284219453276,74.63694978282103,25.817880630493164,-1.2572997547977138e-05,-0.045504881716649584,-4.869879804590288e-07,-3181.6070031998834,-11.541273426499881,0.0,1092.9103796927668,1092.9103796927668,4218.4677734375,True,0.0,269,0.0008379404776140616,-0.04568258777682627,0.0001988563242020264,True,270,magic-formula,-26.536130424156333,-0.04856159065750361,9.107586497439723,64.49747169911664,18.891599751629055,64.45853958427709,25.817873001098633,-4.676565367844887e-06,-0.17560344108119275,-1.8113674072398733e-07,-1557.0908836025997,-0.012074909467719323,0.0,742.2599197951779,742.2599197951779,1415.804443359375,True,0.0,269,3.4600889997756606e-07,-0.17624845720449273,1.6401267998491921e-06,True,270,magic-formula,-12.973018976296636,-0.0034363788940478483,6.185499331626483,64.49823347490656,18.89166363076395,64.459301360067,25.817880630493164,-4.676566277339589e-06,-0.17559394780141582,-1.8113672242391989e-07,-1557.1353750204748,0.7615993029297647,0.0,742.2599197951779,742.2599197951779,1415.8382568359375,True,0.0,269,3.428553862320101e-07,-0.17635264323899164,-0.00010350549355521671,True,270,magic-formula,-12.973287711481621,0.003127790326079028,6.185499331626483,1,1,0.9999546000702376,0.0455867070834733,False,normal,269,0.04541638657358443,1,1,0.9999546000702376,0.04553839543465298,False,normal,269,0.045367092530606674,1,1,0.9999546000702376,0.16428989709056857,False,normal,269,0.19731793623514818,1,1,0.9999546000702376,0.16428099867867257,False,normal,269,0.19730699710928096,25.82143402100654,6.710713386536469
36,0.3,0,0.0,1,1,,-4.0921800064097624e-06,7.989760398864746,0.4217756390571594,4.276717299944721e-05,25.40896987915039,-1.362812876701355,2.299555671925191e-05,-0.8400049209594727,9.087884902954102,0.3299066424369812,0.5571273565292358,0.8304270505905151,4.1773299130909436e-07,3.8670656010708626e-08,0.8399950265884399,9.087886810302734,0.3299066424369812,0.55712890625,0.8304259777069092,4.1773290604396607e-07,3.867146602942739e-08,-0.840003252029419,6.88726282119751,0.3299066722393036,-0.016869522631168365,0.9998576641082764,3.650045243830391e-07,-2.068041595748582e-07,0.8399966955184937,6.887264251708984,0.3299066722393036,-0.016813261434435844,0.9998586177825928,3.6501617728390556e-07,-2.0678363910064945e-07,asphalt,0.0,0.0,1,4720.642864473346,2,-8.258569717407227,-9.208767733071e-05,272.6315686113973,153.3101287748471,-0.0,7499.3520292201565,4272.6479707798435,4.103879746253369e-06,-2.0414256582160044e-05,True,-0.0,True,0,0,-2.7664502340485342e-05,25.40896987915039,0.07867284119129181,False,True,-0.8400050401687622,9.080037117004395,-2.2351741790771484e-08,0.0,0.0,1.0,4202.9833984375,4202.9833984375,0.31572625041007996,0.08427375555038452,0.0,asphalt,True,0.8399949073791504,9.080039024353027,1.4901161193847656e-08,0.0,0.0,1.0,4203.01220703125,4203.01220703125,0.3157255947589874,0.08427441120147705,0.0,asphalt,True,-0.8400034308433533,6.8794145584106445,1.30385160446167e-08,0.0,0.0,1.0,1448.9625244140625,1448.9625244140625,0.36806437373161316,0.03193563222885132,0.0,asphalt,True,0.8399965167045593,6.879415988922119,3.91155481338501e-08,0.0,0.0,1.0,1448.995361328125,1448.995361328125,0.36806365847587585,0.03193634748458862,0.0,asphalt,276,73.47727154700141,23.149208204520946,73.47571842597853,25.408823013305664,-1.2710550436167978e-05,-0.0457055174175937,-5.002416062133563e-07,-3168.698194237334,0.03168408015174568,0.0,1092.9532846216662,1092.9532846216662,4205.244140625,True,0.0,275,0.000969426860901511,-0.04561654423666547,-5.474349328000886e-07,True,276,magic-formula,-26.506346115344098,0.04819621702536407,9.107944038513885,73.48111243207121,23.149212544399116,73.47955931104833,25.408830642700195,-1.2710552255157381e-05,-0.04565592003935731,-5.002415275969415e-07,-3178.5360007634868,-11.618073165416893,0.0,1092.9532846216662,1092.9532846216662,4205.2763671875,True,0.0,275,0.000965075828374476,-0.045837367109294924,0.0002010519039952255,True,276,magic-formula,-26.506378400166692,-0.04888841269711409,9.107944038513885,57.400985246441444,21.933622397075965,57.39943212541856,25.408823013305664,-3.6495639506028965e-06,-0.25449812762258683,-1.436337270991155e-07,-1567.6653980721833,-0.008825009520258994,0.0,819.6555230811109,819.6555230811109,1434.620849609375,True,0.0,275,2.0718527820621337e-10,-0.2550910943365042,1.7232106135549166e-06,True,276,magic-formula,-13.071687577561548,-0.0024627342012662526,6.830462692342591,57.402092312405976,21.93373405726533,57.400539191383096,25.408830642700195,-3.6495657695923e-06,-0.25448397332932376,-1.4363375555973384e-07,-1567.6784500583033,0.544324787489076,0.0,819.6555230811109,819.6555230811109,1434.6513671875,True,0.0,275,2.1245682725181763e-10,-0.25518261995397434,-0.0001063245271185802,True,276,magic-formula,-13.071989420742504,0.002233295464634015,6.830462692342591,1,1,0.9999938557876467,0.045671660516616606,False,normal,275,0.04583767791577586,1,1,0.9999938557876467,0.04562227301043528,False,normal,275,0.04578800218156934,1,1,0.9999938557876467,0.23838936560104843,False,normal,275,0.2870036800738097,1,1,0.9999938557876467,0.23837597092094231,False,normal,275,0.2869876829812704,25.40896987916545,7.989760398866225
42,0.35,0,0.0,1,1,,-5.596606115432223e-06,9.24804973602295,0.4212822914123535,5.577069168793969e-05,24.99052619934082,-1.3910926580429077,2.1753412511316128e-05,-0.8400067090988159,10.34615421295166,0.3299027383327484,0.6667916178703308,-0.7452442646026611,-2.3272654914308077e-07,4.6287976829262334e-07,0.8399932384490967,10.346156120300293,0.32990267872810364,0.6667881011962891,-0.7452473640441895,-2.3272879445812578e-07,4.6287865984595555e-07,-0.840004563331604,8.14550495147705,0.329902708530426,0.966170072555542,0.25790587067604065,3.0769010095355043e-07,4.1682875462356606e-07,0.8399953842163086,8.145506858825684,0.3299027681350708,0.9661929607391357,0.25782015919685364,3.0765309588787204e-07,4.168559826212004e-07,asphalt,0.0,0.0,1,4394.522030294481,2,-8.478776931762695,-8.880265522748232e-05,263.78751889158775,156.57436773965765,-0.0,7583.470604378089,4188.529395621911,4.923909273202298e-06,-1.8307408687127535e-05,True,-0.0,True,0,0,-3.17865633405745e-05,24.99052619934082,0.06485244631767273,False,True,-0.8400068283081055,10.338143348693848,2.2351741790771484e-08,0.0,0.0,1.0,4171.99951171875,4171.99951171875,0.31469449400901794,0.08530551195144653,0.0,asphalt,True,0.8399931192398071,10.33814525604248,-3.725290298461914e-08,0.0,0.0,1.0,4172.0244140625,4172.0244140625,0.3146938979625702,0.08530610799789429,0.0,asphalt,True,-0.8400046825408936,8.137493133544922,-1.1175870895385742e-08,0.0,0.0,1.0,1619.3299560546875,1619.3299560546875,0.36811915040016174,0.031880855560302734,0.0,asphalt,True,0.839995265007019,8.137495994567871,2.9802322387695312e-08,0.0,0.0,1.0,1619.360595703125,1619.360595703125,0.36811843514442444,0.03188157081604004,0.0,asphalt,282,72.25071518047098,26.79026516766298,72.27566085679773,24.992799758911133,-1.2360991604509763e-05,-0.046015802969239426,-4.945821085971558e-07,-3162.9002719224795,0.031409687519142464,0.0,1092.959091172371,1092.959091172371,4179.03564453125,True,0.0,281,1.9554879665215206e-11,-0.04593258332698972,-5.473690468445267e-07,True,282,magic-formula,-26.46032966801902,0.048415421682119174,9.107992426436425,72.25456000668922,26.790273662285106,72.27950568301597,24.992807388305664,-1.236099524248857e-05,-0.04596532787412087,-4.945821031802683e-07,-3172.7310005631384,-11.674171515958523,0.0,1092.959091172371,1092.959091172371,4179.0634765625,True,0.0,281,2.7740028849712e-11,-0.04615650363083235,0.00020380130521274598,True,282,magic-formula,-26.46032699391626,-0.049130924626996586,9.107992426436425,49.59213814975032,24.58675558397361,49.61708382607707,24.992799758911133,-1.4983688743086532e-06,-0.34519518632231055,-5.995202173275569e-08,-1704.6346401613293,-0.007553902305071893,0.0,819.6593941149141,819.6593941149141,1580.9176025390625,True,0.0,281,5.425210952862259e-11,-0.34572853213914106,1.8384698892375815e-06,True,282,magic-formula,-14.21293590425993,-0.0021572696523357777,6.830494950957617,49.59357700351939,24.586932425178745,49.618522679846144,24.992807388305664,-1.4983761502662674e-06,-0.34517638787473204,-5.995229455364698e-08,-1704.640759210379,0.4837266116377815,0.0,819.6593941149141,819.6593941149141,1580.9423828125,True,0.0,281,5.443522104545559e-11,-0.3458119828630231,-0.0001177574503361519,True,282,magic-formula,-14.213200296535907,0.001985760828962089,6.830494950957617,1,1,0.9999991684712809,0.0459445378344034,False,normal,281,0.04613878939970409,1,1,0.9999991684712809,0.045894198089686415,False,normal,281,0.04608790244975577,1,1,0.9999991684712809,0.33137910954575756,False,normal,281,0.37513024174125725,1,1,0.9999991684712809,0.3313610063240643,False,normal,281,0.37511008360034037,24.990526199361035,9.248049736025328
48,0.4,0,0.0,1,1,,-7.303112852241611e-06,10.484992027282715,0.4203726649284363,7.164417911553755e-05,24.55716896057129,-1.3610316514968872,2.0730903997900896e-05,-0.8400087356567383,11.583152770996094,0.3299069106578827,0.8719933032989502,0.48951783776283264,4.6165857270352717e-07,4.5290067873793305e-07,0.8399912118911743,11.583154678344727,0.3299069106578827,0.8719965815544128,0.48951202630996704,4.616555315806181e-07,4.5290374828255153e-07,-0.8400059938430786,9.38253116607666,0.3299069106578827,0.6265331506729126,-0.7793947458267212,-3.706240647716186e-07,5.299862664287502e-07,0.839993953704834,9.382533073425293,0.3299068510532379,0.6264327764511108,-0.7794755101203918,-3.7069236213937984e-07,5.299385179569072e-07,asphalt,0.0,0.0,1,3996.7647809137125,2,-8.772058486938477,-9.152481652563438e-05,254.79332097476734,160.35240865507134,-0.0,7662.541614815975,4109.458385184025,6.040565040166257e-06,-1.3521891854505433e-05,True,-0.0,True,0,0,-3.580528573365882e-05,24.55716896057129,0.06354798376560211,False,True,-0.8400088548660278,11.57531452178955,-7.450580596923828e-09,0.0,0.0,1.0,4121.8447265625,4121.8447265625,0.3143567144870758,0.08564329147338867,0.0,asphalt,True,0.8399910926818848,11.575316429138184,0.0,0.0,0.0,1.0,4121.87109375,4121.87109375,0.31435611844062805,0.08564388751983643,0.0,asphalt,True,-0.8400061130523682,9.374692916870117,-7.450580596923828e-09,0.0,0.0,1.0,1790.3043212890625,1790.3043212890625,0.36662641167640686,0.03337359428405762,0.0,asphalt,True,0.8399938344955444,9.37469482421875,-3.3527612686157227e-08,0.0,0.0,1.0,1790.327880859375,1790.327880859375,0.3666258752346039,0.033374130725860596,0.0,asphalt,288,70.95181928705247,30.36909959644044,70.98890574406656,24.560516357421875,-1.1324238585075364e-05,-0.046677194241810986,-4.610749391534075e-07,-3154.995969573616,0.029442870296977605,0.0,1092.9598770035554,1092.9598770035554,4130.54150390625,True,0.0,287,3.501605617148514e-11,-0.04660090732134629,-5.218635395637607e-07,True,288,magic-formula,-26.39559912332806,0.048325581432872376,9.107998975029629,70.95562778588729,30.36911299987198,70.99271424290137,24.56052589416504,-1.1324238585075364e-05,-0.046626392682181834,-4.6107476012005564e-07,-3164.693472644249,-11.660737924312896,0.0,1092.9598770035554,1092.9598770035554,4130.5673828125,True,0.0,287,3.183281019347283e-11,-0.04682826888564869,0.00020705404849155157,True,288,magic-formula,-26.39554811190464,-0.04908398010589939,9.107998975029629,43.518379042946705,26.8963852760442,43.55546549996079,24.560516357421875,1.9921226339647546e-06,-0.41527837301219106,8.111077979688959e-08,-1888.4735387585602,-0.007538804151269809,0.0,819.6599180023703,819.6599180023703,1768.3968505859375,True,0.0,287,1.2061475487120606e-10,-0.41576663053208895,1.9916931623651414e-06,True,288,magic-formula,-15.743159497114458,-0.002217052669528427,6.830499316686419,43.52013607933253,26.89664331691081,43.557222536346615,24.56052589416504,1.992120814975351e-06,-0.4152549921745894,8.111067424043328e-08,-1888.4815434352063,0.5022610110040008,0.0,819.6599180023703,819.6599180023703,1768.4227294921875,True,0.0,287,1.2043453469472592e-10,-0.4158456825352674,-0.00013271810196494523,True,288,magic-formula,-15.743440891495657,0.002063232558442658,6.830499316686419,1,1,0.9999998874648253,0.04654474735619348,False,normal,287,0.04692246942658551,1,1,0.9999998874648253,0.04649397113457763,False,normal,287,0.046871531699212036,1,1,0.9999998874648253,0.4048411462608494,False,normal,287,0.43742795248496846,1,1,0.9999998874648253,0.4048185298674538,False,normal,287,0.43740288831943325,24.55716896059739,10.484992027286273
54,0.45,0,0.0,1,1,,-9.213027624355163e-06,11.699945449829102,0.4195515215396881,9.106007200898603e-05,24.11374282836914,-1.3092851638793945,2.0452842363738455e-05,-0.8400110006332397,12.798182487487793,0.329913854598999,-0.32046055793762207,0.9472618699073792,6.916952202118409e-07,-4.223743417242076e-07,0.8399889469146729,12.798185348510742,0.329913854598999,-0.3204515278339386,0.9472649097442627,6.916991992511612e-07,-4.2236780473103863e-07,-0.8400075435638428,10.59760856628418,0.3299138844013214,0.3364182114601135,0.9417126774787903,8.04520368546946e-07,9.79249890065148e-08,0.8399924039840698,10.597611427307129,0.3299138844013214,0.33658429980278015,0.941653311252594,8.045031449910311e-07,9.806687017999138e-08,asphalt,0.0,0.0,1,3599.8227602103448,2,-8.918971061706543,-9.928599320119247e-05,245.72619776194486,161.981399852404,-0.0,7733.57592905918,4038.4240709408195,7.316476512642112e-06,-5.8980482494891845e-06,True,-0.0,True,0,0,-3.994313010480255e-05,24.11374282836914,0.06858392804861069,False,True,-0.8400110602378845,12.790642738342285,0.0,0.0,0.0,1.0,4086.155517578125,4086.155517578125,0.3145205080509186,0.0854794979095459,0.0,asphalt,True,0.8399888277053833,12.790645599365234,-2.2351741790771484e-08,0.0,0.0,1.0,4086.184326171875,4086.184326171875,0.3145199120044708,0.08548009395599365,0.0,asphalt,True,-0.8400076627731323,10.590068817138672,0.0,0.0,0.0,1.0,1876.482421875,1876.482421875,0.36480221152305603,0.03519779443740845,0.0,asphalt,True,0.839992344379425,10.590070724487305,-3.3527612686157227e-08,0.0,0.0,1.0,1876.5111083984375,1876.5111083984375,0.3648016154766083,0.0351983904838562,0.0,asphalt,294,69.62230494911265,33.882238038365315,69.66192099744868,24.117284774780273,-9.290750313084573e-06,-0.04734878541415337,-3.852320192694146e-07,-3153.88043511443,0.025510555636483735,0.0,1092.9599833542413,1092.9599833542413,4092.000732421875,True,0.0,293,5.002275031185225e-11,-0.04727587676015393,-4.588761974373216e-07,True,294,magic-formula,-26.39152241726684,0.048506208118358415,9.107999861285345,69.62609521536258,33.88225698197939,69.66571126369861,24.11729621887207,-9.29075395106338e-06,-0.047297374774118287,-3.852319873150953e-07,-3163.4967706035823,-11.7179195679977,0.0,1092.9599833542413,1092.9599833542413,4092.029052734375,True,0.0,293,4.320159668184792e-11,-0.047507408567763094,0.0002111668288254404,True,294,magic-formula,-26.391522180064676,-0.04934550696497842,9.107999861285345,38.6127463013393,28.937702816516857,38.65236234967533,24.117284774780273,6.836518878117204e-06,-0.47165668115481046,2.834696750467552e-07,-1979.5348590644833,-0.007736634873517877,0.0,819.6599889028275,819.6599889028275,1866.86181640625,True,0.0,293,1.177337945492517e-10,-0.4721083110396778,2.214174468380593e-06,True,294,magic-formula,-16.500985080490324,-0.002175774513215329,6.830499907523563,38.61482649680985,28.938057703844553,38.654442545145876,24.11729621887207,6.836522516096011e-06,-0.47162846828676486,2.834696913805026e-07,-1979.5476999470657,0.49379938918260696,0.0,819.6599889028275,819.6599889028275,1866.889892578125,True,0.0,293,1.1434257397048553e-10,-0.47217873654535786,-0.00014134232995231835,True,294,magic-formula,-16.50129176867692,0.002027062816806813,6.830499907523563,1,1,0.9999999847700203,0.047253366008328,False,normal,293,0.0475321542254768,1,1,0.9999999847700203,0.04720218789036134,False,normal,293,0.0474807329464207,1,1,0.9999999847700203,0.46278251664753095,False,normal,293,0.4898655248507855,1,1,0.9999999847700203,0.4627552039998399,False,normal,293,0.48983582868968695,24.113742828402223,11.699945449834162
60,0.5,0,0.0,1,1,,-1.1339392585796304e-05,12.892594337463379,0.41902923583984375,0.00011444282426964492,23.666488647460938,-1.256823182106018,2.1051508156233467e-05,-0.8400135636329651,13.990901947021484,0.3299207091331482,0.9848642945289612,0.17332723736763,3.5328881153873226e-07,9.477832350057724e-07,0.8399863839149475,13.99090576171875,0.3299206495285034,0.9848659038543701,0.17331784963607788,3.5327974501342396e-07,9.477866456109041e-07,-0.8400091528892517,11.790372848510742,0.32992061972618103,0.9484046697616577,0.31706249713897705,4.895619554190489e-07,8.851187089931045e-07,0.8399907946586609,11.790375709533691,0.32992061972618103,0.9484789967536926,0.3168400228023529,4.893543064099504e-07,8.852335326992034e-07,asphalt,0.0,0.0,1,3226.714078923757,2,-8.9542875289917,-0.00011136053217342123,236.72881055059378,162.01666626847603,-0.0,7790.427957763175,3981.572042236825,8.795416761131492e-06,4.362926832034825e-06,True,-0.0,True,0,0,-4.4432868889998645e-05,23.666488647460938,0.07495307177305222,False,True,-0.8400136232376099,13.983663558959961,2.9802322387695312e-08,0.0,0.0,1.0,4050.496337890625,4050.496337890625,0.3149971663951874,0.0850028395652771,0.0,asphalt,True,0.839986264705658,13.983667373657227,-2.2351741790771484e-08,0.0,0.0,1.0,4050.5263671875,4050.5263671875,0.3149965703487396,0.08500343561172485,0.0,asphalt,True,-0.8400092720985413,11.783134460449219,-1.1175870895385742e-08,0.0,0.0,1.0,1906.201416015625,1906.201416015625,0.3632635176181793,0.036736488342285156,0.0,asphalt,True,0.8399906754493713,11.783136367797852,-4.0978193283081055e-08,0.0,0.0,1.0,1906.2333984375,1906.2333984375,0.36326292157173157,0.03673708438873291,0.0,asphalt,300,68.28426575280994,37.32876014205069,68.32157084711164,23.6697998046875,-6.582478818017989e-06,-0.04799331281353929,-2.780960917427888e-07,-3152.7059162298724,0.020019676995927816,0.0,1092.9599977472412,1092.9599977472412,4056.20751953125,True,0.0,299,4.683984484026716e-11,-0.047921786791596706,-3.6516391372007804e-07,True,300,magic-formula,-26.38099098419523,0.048731659630635464,9.10799998122701,68.28804308776641,37.32878515864687,68.32534818206811,23.669815063476562,-6.5824824559967965e-06,-0.047941263650370734,-2.780960661646086e-07,-3162.2572722997056,-11.792890375015029,0.0,1092.9599977472412,1092.9599977472412,4056.240478515625,True,0.0,299,5.3660940092899826e-11,-0.048157620958803084,0.00021551094183430586,True,300,magic-formula,-26.380994982095878,-0.0496899899806642,9.10799998122701,34.17615320020794,30.748729659272616,34.21345829450964,23.6697998046875,1.2799551768694073e-05,-0.5235223513028981,5.407545426792346e-07,-2006.6609380370844,-0.007969591744409019,0.0,819.6599984981609,819.6599984981609,1903.949951171875,True,0.0,299,8.21785085706188e-11,-0.5239384145579766,2.4970288793652468e-06,True,300,magic-formula,-16.726629043739923,-0.00205202177546366,6.830499987484674,34.17860279315913,30.7491989027625,34.21590788746083,23.669815063476562,1.2799566320609301e-05,-0.5234885067122323,5.40754808868713e-07,-2006.6775713320098,0.46438910643625053,0.0,819.6599984981609,819.6599984981609,1903.978271484375,True,0.0,299,8.104969265228911e-11,-0.5239963603874425,-0.0001455170696076896,True,300,magic-formula,-16.726943838785694,0.001903306687739431,6.830499987484674,1,1,0.9999999979388463,0.047881315496365505,False,normal,299,0.04821650861471955,1,1,0.9999999979388463,0.047829363796287536,False,normal,299,0.048164185034374585,1,1,0.9999999979388463,0.5149007036087558,False,normal,299,0.5406925647663683,1,1,0.9999999979388463,0.514867734112547,False,normal,299,0.5406565027880131,23.666488647502646,12.892594337470337
66,0.55,0,0.0,1,1,,-1.3704002412850969e-05,14.06286907196045,0.4187941551208496,0.0001425453956471756,23.219223022460938,-1.2141088247299194,2.2933723812457174e-05,-0.8400164842605591,15.16123104095459,0.32992592453956604,-0.05563485249876976,0.9984511733055115,1.2266506246305653e-06,-2.6875031267081795e-07,0.8399834632873535,15.161234855651855,0.32992592453956604,-0.05561963468790054,0.9984520077705383,1.2266547173567233e-06,-2.6873163960772217e-07,-0.8400110006332397,12.960737228393555,0.32992589473724365,0.890353262424469,-0.45527029037475586,-3.862493827000435e-07,1.1948679912165971e-06,0.8399889469146729,12.96074104309082,0.3299259543418884,0.8902159929275513,-0.4555386006832123,-3.866094857585267e-07,1.1947515758947702e-06,asphalt,0.0,0.0,1,2875.1307032113423,2,-8.93387222290039,-0.00012667076953221112,227.89005083283152,161.27799611896873,-0.0,7831.671631385055,3940.3283686149452,1.0546304110903293e-05,1.7550176886062624e-05,True,-0.0,True,0,0,-4.9413090891903266e-05,23.219223022460938,0.07949648797512054,False,True,-0.8400166034698486,15.1542387008667,-2.9802322387695312e-08,0.0,0.0,1.0,4021.943359375,4021.943359375,0.31557586789131165,0.08442413806915283,0.0,asphalt,True,0.839983344078064,15.154242515563965,-7.450580596923828e-09,0.0,0.0,1.0,4021.9814453125,4021.9814453125,0.31557515263557434,0.08442485332489014,0.0,asphalt,True,-0.8400111198425293,12.953744888305664,-3.725290298461914e-09,0.0,0.0,1.0,1905.82080078125,1905.82080078125,0.3622012436389923,0.03779876232147217,0.0,asphalt,True,0.8399888277053833,12.95374870300293,3.725290298461914e-08,0.0,0.0,1.0,1905.8624267578125,1905.8624267578125,0.362200528383255,0.03779947757720947,0.0,asphalt,306,66.9489527832741,40.708186209331586,66.98170458935444,23.222122192382812,-3.0826959118712693e-06,-0.048616046567556075,-1.3274824265985558e-07,-3153.9659634394793,0.01293702732562808,0.0,1092.9599996951222,1092.9599996951222,4025.859619140625,True,0.0,305,6.730358300947578e-11,-0.048544174712024754,-2.3894385242467775e-07,True,306,magic-formula,-26.392196084467464,0.04905986110892417,9.107999997459352,66.95273012615596,40.708217988052624,66.9854819322363,23.222139358520508,-3.0826922738924623e-06,-0.04856307162222155,-1.3274798787052167e-07,-3163.4764053378167,-11.897395451893749,0.0,1092.9599996951222,1092.9599996951222,4025.894775390625,True,0.0,305,7.09415396955573e-11,-0.04878461249194737,0.0002201665799409736,True,306,magic-formula,-26.39221727454086,-0.05016702573720152,9.107999997459352,29.780014239275356,32.340087153202404,29.812766045355698,23.222122192382812,2.0159714040346444e-05,-0.5768085010686751,8.68125396694108e-07,-1998.2906025283444,-0.008228196880559178,0.0,819.6599997967481,819.6599997967481,1907.119384765625,True,0.0,305,5.0540804733921814e-11,-0.5771857587520429,2.8519563984411182e-06,True,306,magic-formula,-16.65679770884516,-0.0018871338581186658,6.830499998306235,29.78287531048233,32.340690226251205,29.81562711656267,23.222139358520508,2.0159721316304058e-05,-0.5767681564251307,8.681250682832599e-07,-1998.318618594178,0.4245682502561792,0.0,819.6599997967481,819.6599997967481,1907.15478515625,True,0.0,305,4.872842075448779e-11,-0.5772281696452012,-0.00014716737357115762,True,306,magic-formula,-16.65718009934978,0.0017360037937932398,6.830499998306235,1,1,0.9999999997210531,0.04852300142787543,False,normal,305,0.04881842075335554,1,1,0.9999999997210531,0.04847025105112917,False,normal,305,0.048765066899079244,1,1,0.9999999997210531,0.5676663039696757,False,normal,305,0.5947276619413675,1,1,0.9999999997210531,0.5676270881724489,False,normal,305,0.5946849059629932,23.219223022513514,14.062869071969798
72,0.6,0,0.0,1,1,,-1.6336449334630743e-05,15.210827827453613,0.4187338352203369,0.0001761313615133986,22.77372169494629,-1.1852980852127075,2.5370580260641873e-05,-0.840019702911377,16.309223175048828,0.3299293518066406,0.9995571970939636,-0.02975551225244999,1.756556429199918e-07,1.5383640175059554e-06,0.8399802446365356,16.309228897094727,0.3299294114112854,0.9995566010475159,-0.029774576425552368,1.7562629750500491e-07,1.5383672007374116e-06,-0.8400129079818726,14.108752250671387,0.329929381608963,-0.402990460395813,0.9152041673660278,1.3133070524418144e-06,-8.201480454772536e-07,0.83998703956604,14.108757972717285,0.329929381608963,-0.40264302492141724,0.9153570532798767,1.3136183270034962e-06,-8.196494718504255e-07,asphalt,0.0,0.0,1,2534.5358196457346,2,-8.88948917388916,-0.00014677029685117304,219.24946806325724,160.4858373550586,-0.0,7859.148211147396,3912.851788852604,1.2591955055540893e-05,3.39221697957644e-05,True,-0.0,True,0,0,-5.506566958501935e-05,22.77372169494629,0.08156562596559525,False,True,-0.8400198221206665,16.302396774291992,0.0,0.0,0.0,1.0,4006.82861328125,4006.82861328125,0.3160645067691803,0.08393549919128418,0.0,asphalt,True,0.8399801254272461,16.30240249633789,2.2351741790771484e-08,0.0,0.0,1.0,4006.8701171875,4006.8701171875,0.3160637319087982,0.08393627405166626,0.0,asphalt,True,-0.8400130867958069,14.10192584991455,-2.60770320892334e-08,0.0,0.0,1.0,1892.9808349609375,1892.9808349609375,0.3615832030773163,0.03841680288314819,0.0,asphalt,True,0.8399869203567505,14.10193157196045,-1.862645149230957e-08,0.0,0.0,1.0,1893.026123046875,1893.026123046875,0.3615824282169342,0.03841757774353027,0.0,asphalt,312,65.63467504552983,44.02112855247578,65.66238078943871,22.776168823242188,1.2790333130396903e-06,-0.049030461043903344,5.615664877468267e-08,-3156.4374547621624,0.003728364582140053,0.0,1092.9599999587392,1092.9599999587392,4008.33837890625,True,0.0,311,9.731723899994309e-11,-0.04895722376764733,-6.939356731475965e-08,True,312,magic-formula,-26.41532696781333,0.049626385027780794,9.10799999965616,65.6384778406513,44.0211679531378,65.66618358456019,22.77618980407715,1.279026037082076e-06,-0.04897623905744471,5.615627759007862e-08,-3165.982127982704,-12.066367130053518,0.0,1092.9599999587392,1092.9599999587392,4008.3798828125,True,0.0,311,8.003692854038993e-11,-0.04920211420018072,0.0002250261964194955,True,312,magic-formula,-26.415359718038655,-0.05092820626259909,9.10799999965616,25.21200281319931,33.707269336501035,25.23970855710819,22.776168823242188,2.902502819779329e-05,-0.634707619489298,1.2743595476056831e-06,-1974.2477698163468,-0.008554453802844699,0.0,819.6599999724929,819.6599999724929,1895.490966796875,True,0.0,311,2.9150783831221245e-11,-0.6350398589377506,3.3019680011186797e-06,True,312,magic-formula,-16.456493728621076,-0.0017145821289948273,6.830499999770773,25.215353300944894,33.70802883093204,25.243059044853776,22.77618980407715,2.9025024559814483e-05,-0.6346594113901234,1.2743582139714616e-06,-1974.2901726609714,0.3825437281943017,0.0,819.6599999724929,819.6599999724929,1895.5362548828125,True,0.0,311,2.8245632680881716e-11,-0.6350636376013427,-0.0001476619474681024,True,312,magic-formula,-16.456968142595354,0.0015592439836497932,6.830499999770773,1,1,0.9999999999622486,0.048980328337522236,False,normal,311,0.04915412443180487,1,1,0.9999999999622486,0.048926369092267726,False,normal,311,0.04909967018275813,1,1,0.9999999999622486,0.6246618520278785,False,normal,311,0.6543025746773091,1,1,0.9999999999622486,0.624615065705077,False,normal,311,0.6542519067311066,22.773721695012863,15.210827827465984
78,0.65,0,0.0,1,1,,-1.9275283193564974e-05,16.336580276489258,0.418735146522522,0.0002162940800189972,22.33061981201172,-1.1703314781188965,2.8713093342958018e-05,-0.840023398399353,17.43499183654785,0.3299311697483063,0.08260006457567215,0.9965828061103821,1.8966643438034225e-06,-9.417397706101838e-08,0.8399765491485596,17.43499755859375,0.3299311101436615,0.08262477070093155,0.9965807199478149,1.8966663901665015e-06,-9.412690360477427e-08,-0.8400151133537292,15.234533309936523,0.32993119955062866,0.15047921240329742,0.9886131286621094,1.8986670511367265e-06,3.559857830737201e-08,0.8399848341941833,15.234539985656738,0.32993119955062866,0.15094494819641113,0.9885421991348267,1.8986499981110683e-06,3.649303792485625e-08,asphalt,0.0,0.0,1,2194.471894617426,2,-8.839302062988281,-0.00017105236474890262,210.8200577545166,159.97200222190367,-0.0,7875.7743623638435,3896.2256376361565,1.5053907191031612e-05,5.3948011414820646e-05,True,-0.0,True,0,0,-6.155569280963391e-05,22.33061981201172,0.08181750029325485,False,True,-0.8400235176086426,17.428253173828125,-7.450580596923828e-09,0.0,0.0,1.0,4005.439208984375,4005.439208984375,0.3163510262966156,0.08364897966384888,0.0,asphalt,True,0.8399763703346252,17.428258895874023,-2.2351741790771484e-08,0.0,0.0,1.0,4005.482421875,4005.482421875,0.3163502514362335,0.08364975452423096,0.0,asphalt,True,-0.8400152325630188,15.22779369354248,1.1175870895385742e-08,0.0,0.0,1.0,1877.571044921875,1877.571044921875,0.36129477620124817,0.03870522975921631,0.0,asphalt,True,0.8399847149848938,15.227800369262695,3.725290298461914e-09,0.0,0.0,1.0,1877.622802734375,1877.622802734375,0.3612939417362213,0.038706064224243164,0.0,asphalt,318,64.34741429718126,47.268852766421595,64.37070469105531,22.332672119140625,6.263049726840109e-06,-0.04916677212709015,2.8044336537194235e-07,-3158.920731992702,-0.007084348991089099,0.0,1092.9599999944157,1092.9599999944157,4004.845947265625,True,0.0,317,1.4188330823529913e-10,-0.049091755627189204,1.3211466532394605e-07,True,318,magic-formula,-26.439601096495366,0.05047013126026198,9.107999999953464,64.35127938477365,47.26890036335764,64.3745697786477,22.33269691467285,6.263064278755337e-06,-0.04911071519431903,2.8044370559832674e-07,-3168.5925894778065,-12.307995508083826,0.0,1092.9599999944157,1092.9599999944157,4004.89208984375,True,0.0,317,1.423380570264044e-10,-0.049340942458931364,0.00022999034566637696,True,318,magic-formula,-26.439660120381063,-0.05200685285486333,9.107999999953464,20.395121695807934,34.83919821032456,20.418412089681983,22.332672119140625,3.942881812690757e-05,-0.6986303240511818,1.7655217394730574e-06,-1945.9666087545318,-0.008938922866206948,0.0,819.6599999962773,819.6599999962773,1880.07373046875,True,0.0,317,1.5952931744009556e-11,-0.6989100135622162,3.852585757283851e-06,True,318,magic-formula,-16.22090457651523,-0.0015532216785069323,6.8304999999689775,20.399017913137396,34.84013980221696,20.422308307011445,22.33269691467285,3.942882176488638e-05,-0.6985730860426199,1.7655199421499424e-06,-1946.0225895888968,0.34298363817317423,0.0,819.6599999962773,819.6599999962773,1880.1282958984375,True,0.0,317,1.6181734454319958e-11,-0.6989125124777666,-0.00014781876993418517,True,318,magic-formula,-16.221465157391616,0.0013925509850940747,6.8304999999689775,1,1,0.9999999999948909,0.04916268848421134,False,normal,317,0.04919632573819668,1,1,0.9999999999948909,0.04910697540703119,False,normal,317,0.04913950560098928,1,1,0.9999999999948909,0.6875321080811045,False,normal,317,0.7202877296845057,1,1,0.9999999999948909,0.6874765843546703,False,normal,317,0.7202275655839139,22.33061981209656,16.33658027650547
84,0.7,0,0.0,1,1,,-2.256794869026635e-05,17.440248489379883,0.4187282919883728,0.0002643104817252606,21.889995574951172,-1.1665652990341187,3.3236628951271996e-05,-0.8400276899337769,18.538665771484375,0.3299316465854645,0.9946194291114807,-0.10359593480825424,5.00871060182817e-08,2.318301540071843e-06,0.8399722576141357,18.538673400878906,0.3299316465854645,0.9946165084838867,-0.1036243736743927,5.002079817018057e-08,2.318302904313896e-06,-0.840017557144165,16.338207244873047,0.3299316465854645,0.5588374733924866,0.8292773365974426,2.0699217202491127e-06,1.045206090566353e-06,0.8399823904037476,16.338214874267578,0.3299316465854645,0.5593151450157166,0.8289550542831421,2.0693187252618372e-06,1.046398097059864e-06,asphalt,0.0,0.0,1,1847.4763088919221,2,-8.790433883666992,-0.00020069880702067167,202.6017292980766,159.78867691874788,-0.0,7884.460260476481,3887.5397395235186,1.800573409127537e-05,7.820689692691677e-05,True,-0.0,True,0,0,-6.908226350788027e-05,21.889995574951172,0.08127310872077942,False,True,-0.8400278091430664,18.531946182250977,7.450580596923828e-09,0.0,0.0,1.0,4014.773681640625,4014.773681640625,0.3164159953594208,0.0835840106010437,0.0,asphalt,True,0.8399721384048462,18.53195571899414,7.450580596923828e-09,0.0,0.0,1.0,4014.8349609375,4014.8349609375,0.31641504168510437,0.08358496427536011,0.0,asphalt,True,-0.8400177359580994,16.33148956298828,1.1175870895385742e-08,0.0,0.0,1.0,1864.14599609375,1864.14599609375,0.36121508479118347,0.038784921169281006,0.0,asphalt,True,0.8399822115898132,16.331497192382812,1.4901161193847656e-08,0.0,0.0,1.0,1864.207275390625,1864.207275390625,0.36121413111686707,0.03878587484359741,0.0,asphalt,324,63.08346483979761,50.45268573419231,63.10358911876022,21.891765594482422,1.2168980902060866e-05,-0.049069692104686036,5.5587023575324e-07,-3160.6955273479425,-0.020189892972642027,0.0,1092.959999999244,1092.959999999244,4012.011962890625,True,0.0,323,2.255584297995802e-10,-0.04899221044927296,3.755429690111148e-07,True,324,magic-formula,-26.458007441514177,0.05153111591771684,9.1079999999937,63.08742891004424,50.45274237526173,63.10755318900685,21.891796112060547,1.216895179823041e-05,-0.049011262769565245,5.558681314195632e-07,-3170.5718479407,-12.610134510220679,0.0,1092.959999999244,1092.959999999244,4012.065673828125,True,0.0,323,2.35562677445519e-10,-0.04924543290657877,0.00023503325632622297,True,324,magic-formula,-26.458105010004388,-0.053354522880975155,9.1079999999937,15.323309323841467,35.723124700440266,15.34343360280408,21.891765594482422,5.1842631364706904e-05,-0.7690139676014909,2.368133860234478e-06,-1918.9338709069375,-0.009400479334423457,0.0,819.6599999994961,819.6599999994961,1866.15673828125,True,0.0,323,6.857764627716535e-12,-0.7692325637273965,4.5219827078297875e-06,True,324,magic-formula,-15.995719192272851,-0.0014108976308155902,6.8304999999958005,15.32784332706886,35.72427815698924,15.347967606031473,21.891796112060547,5.184263864066452e-05,-0.7689459434008667,2.368130891371067e-06,-1919.0001916563501,0.30774132610589305,0.0,819.6599999994961,819.6599999994961,1866.217529296875,True,0.0,323,7.53823098630254e-12,-0.7692106291367833,-0.0001480257678128527,True,324,magic-formula,-15.996340292261385,0.0012435753952019168,6.8304999999958005,1,1,0.9999999999993086,0.04909797097843835,False,normal,323,0.04902586491371771,1,1,0.9999999999993086,0.049040005352620576,False,normal,323,0.048966782801975535,1,1,0.9999999999993086,0.7568317198496506,False,normal,323,0.7928375236968351,1,1,0.9999999999993086,0.7567656503450889,False,normal,323,0.7927659646321936,21.88999557506018,17.44024848940101
90,0.75,0,0.0,1,1,,-2.627292815304827e-05,18.52195167541504,0.41869881749153137,0.00032195006497204304,21.4515323638916,-1.1699589490890503,3.8722519093425944e-05,-0.8400325179100037,19.620363235473633,0.3299311399459839,0.09343914687633514,0.9956249594688416,2.821951056830585e-06,-7.449244066037863e-08,0.8399674296379089,19.620372772216797,0.32993119955062866,0.0934695154428482,0.9956220984458923,2.821953557941015e-06,-7.440634419708658e-08,-0.8400201201438904,17.419904708862305,0.3299311399459839,0.7864226698875427,0.6176886558532715,1.9968524611613248e-06,1.995378852370777e-06,0.8399798274040222,17.41991424560547,0.32993119955062866,0.7868537306785583,0.6171395182609558,1.995459342651884e-06,1.9967724256275687e-06,asphalt,0.0,0.0,1,1501.088378495268,2,-8.750904083251953,-0.00023630703799426556,194.58720288458892,160.02164829680598,-0.0,7887.797681393114,3884.2023186068864,2.1698429918615147e-05,0.00010755572075871889,True,-0.0,True,0,0,-7.787178765283898e-05,21.4515323638916,0.08114702254533768,False,True,-0.840032696723938,19.613624572753906,-2.2351741790771484e-08,0.0,0.0,1.0,4031.249755859375,4031.249755859375,0.31632205843925476,0.08367794752120972,0.0,asphalt,True,0.8399672508239746,19.61363410949707,2.2351741790771484e-08,0.0,0.0,1.0,4031.326171875,4031.326171875,0.31632086634635925,0.08367913961410522,0.0,asphalt,True,-0.8400202989578247,17.413166046142578,-3.725290298461914e-09,0.0,0.0,1.0,1856.4354248046875,1856.4354248046875,0.36125144362449646,0.03874856233596802,0.0,asphalt,True,0.8399795889854431,17.413175582885742,1.1175870895385742e-08,0.0,0.0,1.0,1856.499755859375,1856.499755859375,0.3612503111362457,0.03874969482421875,0.0,asphalt,330,61.8398767845419,53.573804733414,61.85838231683641,21.453155517578125,1.8829217879101634e-05,-0.04875721792172883,8.776898980510656e-07,-3161.735044510405,-0.03580831719963655,0.0,1092.9599999998975,1092.9599999998975,4029.061279296875,True,0.0,329,4.270142152533819e-10,-0.04867714672383003,6.615532366656397e-07,True,330,magic-formula,-26.470645348572894,0.0528104775853592,9.107999999999146,61.84397360616242,53.573871790469155,61.86247913845693,21.45319175720215,1.8829217879101634e-05,-0.04869580615284588,8.776884154207757e-07,-3171.8838531105976,-12.973837242963683,0.0,1092.9599999998975,1092.9599999998975,4029.127685546875,True,0.0,329,4.1791916616166034e-10,-0.04893391737096645,0.00024018306980612533,True,330,magic-formula,-26.47073850494597,-0.05497731410009577,9.107999999999146,10.029263179772498,36.34708909398665,10.04776871206701,21.453155517578125,6.663601379841566e-05,-0.8457263386445373,3.106117127785777e-06,-1897.1921248767696,-0.009981342078324325,0.0,819.6599999999318,819.6599999999318,1857.6700439453125,True,0.0,329,3.893174792000167e-12,-0.8458752160063944,5.340294074820554e-06,True,330,magic-formula,-15.814609287809697,-0.0012918717521988564,6.830499999999431,10.034484153774244,36.3484878470144,10.052989686068756,21.45319175720215,6.663601379841566e-05,-0.8456462885232999,3.1061118808035023e-06,-1897.2652940471298,0.2777157654528514,0.0,819.6599999999318,819.6599999999318,1857.7337646484375,True,0.0,329,4.346117562125985e-12,-0.8458262879756275,-0.00014857128985402531,True,330,magic-formula,-15.815263064436643,0.0011158847463684698,6.830499999999431,1,1,0.9999999999999064,0.0488069797557235,False,normal,329,0.048646047095355284,1,1,0.9999999999999064,0.048745953565812856,False,normal,329,0.04858328840587282,1,1,0.9999999999999064,0.8325228584378035,False,normal,329,0.8716246969611008,1,1,0.9999999999999064,0.8324449244584925,False,normal,329,0.8715404281721449,21.451532364032943,18.521951675442526
96,0.8,0,0.0,1,1,,-3.045932317036204e-05,19.58179473876953,0.41867393255233765,0.00039166727219708264,21.015127182006836,-1.176383137702942,4.560138040687889e-05,-0.8400379419326782,20.680198669433594,0.32993045449256897,0.9986332654953003,-0.05226483568549156,2.1910831549121212e-07,3.4259060157637578e-06,0.8399620056152344,20.68021011352539,0.32993045449256897,0.9986311197280884,-0.05230483412742615,2.1897109547808213e-07,3.4259146559634246e-06,-0.8400229811668396,18.479734420776367,0.32993048429489136,0.8829984068870544,0.46937596797943115,1.951777676367783e-06,2.8240756364539266e-06,0.839976966381073,18.479747772216797,0.3299304246902466,0.8833920359611511,0.4686347544193268,1.949406623680261e-06,2.825712272169767e-06,asphalt,0.0,0.0,1,1264.578530754332,2,-8.709294319152832,-0.0002780061913654208,186.77059425727376,160.0998429801648,-0.0,7887.531688611563,3884.4683113884366,2.6266103304806165e-05,0.000143558712326895,True,-0.0,True,0,0,-8.813028398435563e-05,21.015127182006836,0.0814199149608612,False,True,-0.8400381803512573,20.67342185974121,-7.450580596923828e-09,0.0,0.0,1.0,4039.903564453125,4039.903564453125,0.31617471575737,0.08382529020309448,0.0,asphalt,True,0.8399617671966553,20.67343521118164,-1.4901161193847656e-08,0.0,0.0,1.0,4039.9892578125,4039.9892578125,0.31617340445518494,0.08382660150527954,0.0,asphalt,True,-0.8400232195854187,18.472959518432617,1.862645149230957e-08,0.0,0.0,1.0,1849.4371337890625,1849.4371337890625,0.3613509237766266,0.03864908218383789,0.0,asphalt,True,0.8399767875671387,18.472970962524414,-2.9802322387695312e-08,0.0,0.0,1.0,1849.5091552734375,1849.5091552734375,0.3613496720790863,0.038650333881378174,0.0,asphalt,336,60.59527791523,56.63271263214468,60.61342886880597,21.016712188720703,2.6629473723005503e-05,-0.0485456748673735,1.2670618260301827e-06,-3161.275612781423,-0.054764176441837745,0.0,1092.9599999999862,1092.9599999999862,4039.28125,True,0.0,335,7.526178013112523e-10,-0.04846359014383538,1.0074674630889996e-06,True,336,magic-formula,-26.46734760760676,0.053943404485224604,9.107999999999885,60.599505735238054,56.63279183735309,60.61765668881402,21.016756057739258,2.6629422791302204e-05,-0.048481276668550836,1.2670567578616337e-06,-3171.666224112156,-13.313512945120701,0.0,1092.9599999999862,1092.9599999999862,4039.36669921875,True,0.0,335,7.216949564001748e-10,-0.048724027926863075,0.00024543110819919635,True,336,magic-formula,-26.467457786816077,-0.056512463625050656,9.107999999999885,4.584827464284769,36.70140911767386,4.602978417860737,21.016712188720703,8.449495362583548e-05,-0.9280100022483074,4.0203697356015176e-06,-1876.3945214816258,-0.010659666652310208,0.0,811.1444217265713,811.1444217265713,1850.3101806640625,True,0.0,335,2.5194990503053946e-12,-0.9280808824110716,6.326835461867531e-06,True,336,magic-formula,-15.641178997402182,-0.0011884856160188383,6.759536847721427,4.590826347154502,36.70308949697419,4.608977300730471,21.016756057739258,8.44949681777507e-05,-0.9279159595134994,4.020362036137392e-06,-1876.4857849332757,0.2512173574718509,0.0,811.1444217265713,811.1444217265713,1850.3878173828125,True,0.0,335,2.2947985927102655e-12,-0.9280015606407952,-0.0001490851249319046,True,336,magic-formula,-15.641959639301767,0.0010025206096139013,6.759536847721427,1,1,0.9999999999999873,0.048571303031422666,False,normal,335,0.048483727027460614,1,1,0.9999999999999873,0.04850735646096591,False,normal,335,0.048418246246670085,1,1,0.9999999999999873,0.9143665280833145,False,normal,335,0.9566177133225926,1,1,0.9999999999999873,0.9142750691367324,False,normal,335,0.9565189993348153,21.01512718219163,19.581794738805296
102,0.85,0,0.0,1,1,,-3.520668906276114e-05,20.6198673248291,0.41865864396095276,0.00047618476673960686,20.58025550842285,-1.1780503988265991,5.379367939895019e-05,-0.840044379234314,21.7182674407959,0.32993027567863464,-0.02032468095421791,0.9997934699058533,4.135448762099259e-06,-5.535051741389907e-07,0.8399555683135986,21.718280792236328,0.32993021607398987,-0.020278913900256157,0.9997943639755249,4.1354733184562065e-06,-5.533158287107653e-07,-0.8400261998176575,19.517803192138672,0.32993024587631226,0.9106681942939758,0.4131385087966919,2.1402202037279494e-06,3.5815864976029843e-06,0.8399737477302551,19.5178165435791,0.32993030548095703,0.9110813736915588,0.4122263789176941,2.1366324745031307e-06,3.5837279028783087e-06,asphalt,0.0,0.0,1,1121.1280567754877,1,-8.69500732421875,-0.0003257801872678101,179.14479095911986,159.96675771958886,-0.0,7885.089630494053,3886.9103695059466,3.183308581355959e-05,0.0001879922375972015,True,-0.0,True,0,0,-0.0001000631891656667,20.58025550842285,0.08142635971307755,False,True,-0.8400446176528931,21.711483001708984,2.9802322387695312e-08,0.0,0.0,1.0,4024.990966796875,4024.990966796875,0.316127747297287,0.08387225866317749,0.0,asphalt,True,0.8399553298950195,21.711498260498047,0.0,0.0,0.0,1.0,4025.076171875,4025.076171875,0.3161262571811676,0.08387374877929688,0.0,asphalt,True,-0.8400264382362366,19.511018753051758,1.862645149230957e-08,0.0,0.0,1.0,1861.602783203125,1861.602783203125,0.3613680899143219,0.03863191604614258,0.0,asphalt,True,0.8399735689163208,19.511032104492188,3.725290298461914e-08,0.0,0.0,1.0,1861.70654296875,1861.70654296875,0.36136648058891296,0.038633525371551514,0.0,asphalt,342,59.33087434160286,59.62904491961725,59.35197713698023,20.58209991455078,3.5994904465042055e-05,-0.04872735950100089,1.748845094253881e-06,-3158.657637517609,-0.07759765074324985,0.0,1092.9599999999982,1092.9599999999982,4026.78759765625,True,0.0,341,1.1105094042687401e-09,-0.0486443991451309,1.4340361742342055e-06,True,342,magic-formula,-26.441080521427516,0.054565681714562754,9.107999999999985,59.335178325814894,59.629138454101295,59.35628112119227,20.5821533203125,3.599484625738114e-05,-0.048660820722055353,1.748837728354748e-06,-3169.13552263571,-13.542218306343521,0.0,1092.9599999999982,1092.9599999999982,4026.872314453125,True,0.0,341,1.0791317638212346e-09,-0.04890913808286766,0.00025079579202958975,True,342,magic-formula,-26.44108599218213,-0.057590250533949866,9.107999999999985,0.9768034620466903,36.82675292900703,0.997906257424064,20.58209991455078,0.00010612402547849342,-0.9843385687653999,5.156132071952834e-06,-1875.2628918757005,-0.011906447638616828,0.0,734.1186327737597,734.1186327737597,1857.897216796875,True,0.0,341,3.322464532485653e-08,-0.9843543134783821,7.499859664969787e-06,True,342,magic-formula,-15.629940977435218,-0.0011528434586923406,6.117655273114664,0.9837446693359575,36.82875738703083,1.0048474647133312,20.5821533203125,0.00010612403275445104,-0.984227318889881,5.156119046532265e-06,-1875.3803752695317,0.2399369761391108,0.0,734.1186327737597,734.1186327737597,1857.9970703125,True,0.0,341,3.391769365497116e-08,-0.984246430467035,-0.00015110990259718907,True,342,magic-formula,-15.630924235409799,0.0009503863129072828,6.117655273114664,1,1,0.9999999999999983,0.04866856961661645,False,normal,341,0.048843579062791895,1,1,0.9999999999999983,0.04860219248963943,False,normal,341,0.04877629556261513,1,1,0.9999999999999983,0.975874355064871,False,normal,341,1.0017059038278482,1,1,0.9999999999999983,0.975766395050673,False,normal,341,1.0015881141354368,20.58025550866611,20.619867324875745
108,0.9,0,0.0,1,1,,-4.06052204198204e-05,21.63617706298828,0.4186517000198364,0.0005784314125776291,20.144344329833984,-1.1673145294189453,6.32470691925846e-05,-0.8400517106056213,22.734588623046875,0.3299315571784973,0.9922257661819458,0.12445048987865448,1.1743278491849196e-06,4.928692760586273e-06,0.8399482369422913,22.73460578918457,0.3299315571784973,0.9922324419021606,0.12439750134944916,1.174064664155594e-06,4.928755515720695e-06,-0.8400295376777649,20.534133911132812,0.32993149757385254,0.9118384718894958,0.4105489253997803,2.570910055510467e-06,4.365945642348379e-06,0.8399704098701477,20.534151077270508,0.32993149757385254,0.9122655987739563,0.40959909558296204,2.5663616725069005e-06,4.368620921013644e-06,asphalt,0.0,0.0,1,1034.1209461570093,1,-8.74144458770752,-0.0003821867285296321,171.66879479063326,160.3183616977786,-0.0,7884.1482516818305,3887.8517483181695,3.8542802940355614e-05,0.00024270105101764658,True,-0.0,True,0,0,-0.00011390297004254535,20.144344329833984,0.08208960294723511,False,True,-0.8400520086288452,22.727867126464844,7.450580596923828e-09,0.0,0.0,1.0,3997.97021484375,3997.97021484375,0.3163255751132965,0.08367443084716797,0.0,asphalt,True,0.8399479389190674,22.727882385253906,3.725290298461914e-08,0.0,0.0,1.0,3998.074951171875,3998.074951171875,0.31632372736930847,0.083676278591156,0.0,asphalt,True,-0.8400298953056335,20.52741050720215,1.1175870895385742e-08,0.0,0.0,1.0,1900.6292724609375,1900.6292724609375,0.3611534535884857,0.03884655237197876,0.0,asphalt,True,0.8399701118469238,20.527427673339844,-1.1175870895385742e-08,0.0,0.0,1.0,1900.7486572265625,1900.7486572265625,0.3611516058444977,0.0388484001159668,0.0,asphalt,348,58.05077489207888,62.56193084736491,58.07660418863797,20.146602630615234,4.714124952442944e-05,-0.04913220032071366,2.3399106235761306e-06,-3156.4465184978435,-0.10505033671032048,0.0,1092.9599999999996,1092.9599999999996,4003.7626953125,True,0.0,347,1.532521472392958e-09,-0.049050055471376884,1.9589338120508506e-06,True,348,magic-formula,-26.421400802690073,0.05496728779783036,9.107999999999997,58.05514346316295,62.56204058652892,58.080972759722044,20.14666748046875,4.714132228400558e-05,-0.049063704386010806,2.3399067031617436e-06,-3166.9589049945835,-13.73077914725248,0.0,1092.9599999999996,1092.9599999999996,4003.866943359375,True,0.0,347,1.495232292098728e-09,-0.04931968084158229,0.00025659857953392527,True,348,magic-formula,-26.4214419802841,-0.05851637203201976,9.107999999999997,-0.01219244709198376,36.83262421600267,0.013636849467111623,20.146602630615234,0.00013204911374486983,-1.0001997114657057,6.554410992467486e-06,-1909.0469712511185,-0.014057715097746176,0.0,728.6860510520152,627.7388459068844,1893.839111328125,True,0.0,347,0.00012924822448298612,-1.000199505956774,8.918760503569922e-06,True,348,magic-formula,-15.908669213913605,-0.001208782066268512,5.251384219509047,-0.013922392610039944,36.83470967571522,0.011906903949055438,20.14666748046875,0.0001320490991929546,-1.0002280471232161,6.554389172257847e-06,-1909.1590496780584,0.24799087848936371,0.0,728.6860510520152,629.2737015256218,1893.9547119140625,True,0.0,347,0.0001291891703081543,-1.0002277637790251,-0.0001559903941097663,True,348,magic-formula,-15.909640361020749,0.0009741897742489467,5.25171703653935,1,1,0.9999999999999998,0.049028762714312495,False,normal,347,0.04930907147461407,1,1,0.9999999999999998,0.048960547193542495,False,normal,347,0.04923994533009211,1,1,0.9999999999999998,1.0001851797156749,False,normal,347,1.000235899384292,1,1,0.9999999999999998,1.0002133015562236,False,normal,347,1.0002646908805088,20.144344330156006,21.636177063049292
114,0.95,0,0.0,1,1,,-4.675829768530093e-05,22.630611419677734,0.41869011521339417,0.0007021586061455309,19.70576286315918,-1.144514799118042,7.423054921673611e-05,-0.840060293674469,23.729045867919922,0.32993417978286743,-0.2586278021335602,0.9659770131111145,5.739013886341127e-06,-2.2070121303841006e-06,0.8399396538734436,23.729066848754883,0.3299342393875122,-0.25856518745422363,0.9659937620162964,5.739156677009305e-06,-2.2066399196774e-06,-0.8400333523750305,21.528608322143555,0.3299342393875122,0.9117568731307983,0.41073042154312134,3.101934908045223e-06,5.3089715947862715e-06,0.8399665951728821,21.528629302978516,0.32993417978286743,0.9121841192245483,0.4097806215286255,3.0964044981374172e-06,5.3121998462302145e-06,asphalt,0.0,0.0,1,981.3484659538934,1,-8.786203384399414,-0.0004484989040065557,164.30760699722603,160.26303808826026,-0.0,7886.963430705802,3885.0365692941978,4.653681389754638e-05,0.0003100730642573196,True,-0.0,True,0,0,-0.00012993492418900132,19.70576286315918,0.08301804214715958,False,True,-0.8400606513023376,23.722454071044922,0.0,0.0,0.0,1.0,3965.3076171875,3965.3076171875,0.31679871678352356,0.08320128917694092,0.0,asphalt,True,0.8399393558502197,23.722475051879883,7.450580596923828e-09,0.0,0.0,1.0,3965.435302734375,3965.435302734375,0.3167964518070221,0.08320355415344238,0.0,asphalt,True,-0.8400337100028992,21.522016525268555,1.4901161193847656e-08,0.0,0.0,1.0,1928.6246337890625,1928.6246337890625,0.3607507050037384,0.039249300956726074,0.0,asphalt,True,0.8399662375450134,21.522037506103516,-1.862645149230957e-08,0.0,0.0,1.0,1928.7637939453125,1928.7637939453125,0.3607485592365265,0.03925144672393799,0.0,asphalt,354,56.747697815293826,65.43026647090635,56.77533513493315,19.708173751831055,6.0462989495135844e-05,-0.04979829613552634,3.0679143717884378e-06,-3155.513633128238,-0.13790247385995902,0.0,1092.9599999999998,1092.9599999999998,3970.269775390625,True,0.0,353,1.9718142451457573e-09,-0.049716807269792176,2.607272797326526e-06,True,354,magic-formula,-26.4142643873493,0.05514116236181915,9.107999999999999,56.752112736228746,65.43039564883212,56.77975005586807,19.708251953125,6.046296039130539e-05,-0.04972814192250627,3.0679007217344054e-06,-3165.9785822697536,-13.879767032538167,0.0,1092.9599999999998,1092.9599999999998,3970.388671875,True,0.0,353,1.8949626861645132e-09,-0.04999198549112506,0.0002630000468099469,True,354,magic-formula,-26.414304728540642,-0.0592948527918147,9.107999999999999,-0.0145713505104356,36.83262421600267,0.013065969128889542,19.708173751831055,0.00016297679394483566,-1.0002439873795002,8.269502592850782e-06,-1940.7314683287634,-0.01705141875029375,0.0,728.6838080690643,638.1575622136843,1925.2781982421875,True,0.0,353,0.00014178001889591802,-1.0002437301722646,1.0632747162195003e-05,True,354,magic-formula,-16.172703582722892,-0.0012944647252339362,5.337207986275682,-0.016330137952030567,36.83470967571522,0.011307181687294575,19.708251953125,0.00016297679394483566,-1.0002734359971137,8.269469779904988e-06,-1940.8660604010076,0.25957345645552915,0.0,728.6838080690643,639.7245255768547,1925.4163818359375,True,0.0,353,0.0001417128584278567,-1.0002730871101648,-0.00016061992042393106,True,354,magic-formula,-16.173864427353386,0.0010099105397569,5.337597411956537,1,1,0.9999999999999999,0.04968927189754151,False,normal,353,0.05002349840301018,1,1,0.9999999999999999,0.0496194095554367,False,normal,353,0.049952667990866506,1,1,0.9999999999999999,1.0002410841215437,False,normal,353,1.0002546595444415,1,1,0.9999999999999999,1.0002703649409286,False,normal,353,1.0002844629436505,19.70576286358756,22.63061141975782
120,1.0,0,0.0,1,1,,-5.3788131481269374e-05,23.60306739807129,0.4187600016593933,0.0008510039187967777,19.265724182128906,-1.120789647102356,8.70757139637135e-05,-0.8400701880455017,24.701528549194336,0.3299368619918823,0.9085526466369629,0.4177701473236084,3.7865809190407163e-06,6.416386895580217e-06,0.8399297595024109,24.701553344726562,0.3299368619918823,0.9085845351219177,0.41770079731941223,3.7860911561438115e-06,6.416675205400679e-06,-0.8400375247001648,22.50110626220703,0.3299369513988495,0.9116717576980591,0.4109191596508026,3.738173973033554e-06,6.444708560593426e-06,0.8399624228477478,22.501131057739258,0.3299368917942047,0.9120992422103882,0.40996941924095154,3.731460083145066e-06,6.448598014685558e-06,asphalt,0.0,0.0,1,949.3403387216257,1,-8.805582046508789,-0.0005290777189657092,157.08063926229835,159.96268124309802,-0.0,7891.098646699296,3880.9013533007037,5.587705163634382e-05,0.0003918918494755771,True,-0.0,True,0,0,-0.00014861737145110965,19.265724182128906,0.08314406871795654,False,True,-0.8400706052780151,24.6950740814209,0.0,0.0,0.0,1.0,3942.10205078125,3942.10205078125,0.3173210322856903,0.08267897367477417,0.0,asphalt,True,0.8399294018745422,24.695098876953125,7.450580596923828e-09,0.0,0.0,1.0,3942.247314453125,3942.247314453125,0.31731846928596497,0.08268153667449951,0.0,asphalt,True,-0.8400379419326782,22.494653701782227,1.862645149230957e-08,0.0,0.0,1.0,1940.5657958984375,1940.5657958984375,0.36036166548728943,0.03963834047317505,0.0,asphalt,True,0.8399620056152344,22.494678497314453,-3.725290298461914e-09,0.0,0.0,1.0,1940.7257080078125,1940.7257080078125,0.36035922169685364,0.03964078426361084,0.0,asphalt,360,55.44796260148414,68.23349742842329,55.47438221126922,19.268022537231445,7.6135023846291e-05,-0.050352592066309675,3.951366763183906e-06,-3156.199223419402,-0.1779212832807846,0.0,1092.9599999999998,1092.9599999999998,3945.095458984375,True,0.0,359,2.674865324949494e-09,-0.05027081765535932,3.4006402339902847e-06,True,360,magic-formula,-26.422813203983033,0.055491474467970314,9.107999999999999,55.45245152253741,68.23364945149667,55.47887113232249,19.268115997314453,7.613500929437578e-05,-0.050280317754581506,3.951346841828805e-06,-3166.677176524699,-14.093982415238184,0.0,1092.9599999999998,1092.9599999999998,3945.240234375,True,0.0,359,2.590738403574969e-09,-0.05055166817497937,0.00026998936688226604,True,360,magic-formula,-26.422912921418213,-0.06038273032233757,9.107999999999999,-0.013681011757371162,36.83262421600267,0.012738598027708794,19.268022537231445,0.0001992133620660752,-1.0002343122586248,1.0339066278028191e-05,-1954.9462951690473,-0.020551481209853104,0.0,728.6824712803581,642.8315094378295,1939.3782958984375,True,0.0,359,0.00015147634314043897,-1.000234059175786,1.2710178684832474e-05,True,360,magic-formula,-16.291158237993386,-0.001366348328333197,5.37554169355354,-0.015452966993917468,36.83470967571522,0.010966642791162488,19.268115997314453,0.00019921333296224475,-1.0002646589375268,1.033901461787506e-05,-1955.104702947775,0.2663222029958799,0.0,728.6824712803581,644.4175682252373,1939.540283203125,True,0.0,359,0.00015140727258552885,-1.000264312608162,-0.00016359799155862858,True,360,magic-formula,-16.292519042275178,0.001023387619124628,5.375993271642653,1,1,0.9999999999999999,0.05027546950404969,False,normal,359,0.050528347284789096,1,1,0.9999999999999999,0.050203688187289486,False,normal,359,0.05045555401870137,1,1,0.9999999999999999,1.0002385462643517,False,normal,359,1.0002285246107574,1,1,0.9999999999999999,1.0002687539287802,False,normal,359,1.0002591599502493,19.26572418270213,23.60306739817683
126,1.05,0,0.0,1,1,,-6.184333324199542e-05,24.55350685119629,0.4188179075717926,0.001029326464049518,18.82522964477539,-1.1026350259780884,0.00010282295261276886,-0.8400816917419434,25.6519832611084,0.3299388587474823,0.5913156867027283,-0.8064401745796204,-6.699489404127235e-06,6.024807134963339e-06,0.8399182558059692,25.652013778686523,0.3299389183521271,0.5912448763847351,-0.8064921498298645,-6.7000187300436664e-06,6.024219601385994e-06,-0.8400422930717468,23.451576232910156,0.3299388885498047,0.9116066694259644,0.41106361150741577,4.5031410991214216e-06,7.804049346304964e-06,0.8399576544761658,23.45160675048828,0.3299388885498047,0.912034273147583,0.41011396050453186,4.495011125982273e-06,7.808734153513797e-06,asphalt,0.0,0.0,1,929.9264281952724,1,-8.808592796325684,-0.000625960121396929,150.00678599366918,159.72520533363064,-0.0,7894.802908811245,3877.1970911887547,6.685222615487874e-05,0.0004899883099605593,True,-0.0,True,0,0,-0.00017051429313141853,18.82522964477539,0.08245930075645447,False,True,-0.8400821685791016,25.645633697509766,-2.2351741790771484e-08,0.0,0.0,1.0,3931.756591796875,3931.756591796875,0.3177253305912018,0.0822746753692627,0.0,asphalt,True,0.839917778968811,25.64566421508789,2.2351741790771484e-08,0.0,0.0,1.0,3931.93310546875,3931.93310546875,0.31772223114967346,0.08227777481079102,0.0,asphalt,True,-0.840042769908905,23.445226669311523,3.725290298461914e-09,0.0,0.0,1.0,1943.09228515625,1943.09228515625,0.3600686490535736,0.03993135690689087,0.0,asphalt,True,0.8399571776390076,23.44525718688965,7.450580596923828e-09,0.0,0.0,1.0,1943.2913818359375,1943.2913818359375,0.36006560921669006,0.039934396743774414,0.0,asphalt,366,54.162173594190286,70.97200785787459,54.185988920582936,18.827289581298828,9.417717228643596e-05,-0.05065903358513256,5.002163050553851e-06,-3157.4276849852004,-0.22566409397341308,0.0,1092.9599999999998,1092.9599999999998,3932.60498046875,True,0.0,365,4.0427675070696676e-09,-0.050575647073021285,4.337622410897105e-06,True,366,magic-formula,-26.437287277944428,0.05611839305823035,9.107999999999999,54.166779099928014,70.97218640266294,54.190594426320665,18.82740020751953,9.417717228643596e-05,-0.05058388805921899,5.002133658795694e-06,-3168.006062209733,-14.400281397048946,0.0,1092.9599999999998,1092.9599999999998,3932.772216796875,True,0.0,365,3.895886378405938e-09,-0.05086197276590034,0.00027743382571850214,True,366,magic-formula,-26.43742241793762,-0.061898558657736344,9.107999999999999,-0.011194027584163727,36.83262421600267,0.012621298808486878,18.827289581298828,0.00024143201881088316,-1.0001962061021488,1.2823514386131502e-05,-1958.7136992325497,-0.02465493191135797,0.0,728.6819311313901,644.0700231791956,1943.109619140625,True,0.0,365,0.00015946153015378148,-1.000195989055292,1.5204565515425353e-05,True,366,magic-formula,-16.32255157084297,-0.0014325027499528893,5.385604502937718,-0.012969663253185031,36.83470967571522,0.010845663139465573,18.82740020751953,0.00024143200425896794,-1.0002273276621507,1.2823438264689777e-05,-1958.8957207056214,0.26988477976604114,0.0,728.6819311313901,645.6670015862046,1943.295166015625,True,0.0,365,0.00015938814721100703,-1.0002270229226928,-0.00016546304748300264,True,366,magic-formula,-16.324110289557865,0.0010210784572777663,5.386119173226799,1,1,0.9999999999999999,0.050627073091352004,False,normal,365,0.05074505692332424,1,1,0.9999999999999999,0.050552652390102426,False,normal,365,0.050669620267486205,1,1,0.9999999999999999,1.0002035672326992,False,normal,365,1.0001823170489326,1,1,0.9999999999999999,1.0002345649470652,False,normal,365,1.0002136912978428,18.82522964554763,24.553506851336035
132,1.1,0,0.0,1,1,,-7.110445585567504e-05,25.481924057006836,0.4188324213027954,0.0012421819847077131,18.38486671447754,-1.0923702716827393,0.00012139363388996571,-0.840095043182373,26.58041000366211,0.3299400210380554,0.6476423740386963,0.7619444131851196,8.930113835958764e-06,6.200390544108814e-06,0.8399049043655396,26.580446243286133,0.3299400210380554,0.6477237343788147,0.7618752717971802,8.929450814321171e-06,6.2013441493036225e-06,-0.8400474190711975,24.3800106048584,0.3299400210380554,0.9115698337554932,0.41114529967308044,5.414050065155607e-06,9.427611075807363e-06,0.8399525284767151,24.380046844482422,0.3299400210380554,0.9119975566864014,0.4101956784725189,5.40422797712381e-06,9.433244485990144e-06,asphalt,0.0,0.0,1,918.1512962361213,1,-8.802410125732422,-0.0007427605451084673,143.09673078293446,159.6632850328109,-0.0,7897.371207180244,3874.628792819756,7.971798913786188e-05,0.000606333872304366,True,-0.0,True,0,0,-0.00019632071780506521,18.38486671447754,0.08144427835941315,False,True,-0.8400956392288208,26.574119567871094,0.0,0.0,0.0,1.0,3932.822265625,3932.822265625,0.3179357945919037,0.08206421136856079,0.0,asphalt,True,0.8399043083190918,26.574155807495117,0.0,0.0,0.0,1.0,3933.02294921875,3933.02294921875,0.31793227791786194,0.08206772804260254,0.0,asphalt,True,-0.8400480151176453,24.373720169067383,-2.60770320892334e-08,0.0,0.0,1.0,1940.81201171875,1940.81201171875,0.3598848879337311,0.0401151180267334,0.0,asphalt,True,0.8399519324302673,24.373756408691406,7.450580596923828e-09,0.0,0.0,1.0,1941.0447998046875,1941.0447998046875,0.35988131165504456,0.04011869430541992,0.0,asphalt,372,52.89218639310807,73.6465368068684,52.9132415122202,18.386669158935547,0.00011462811380624771,-0.05070236708734333,6.2343055620302884e-06,-3158.467685364436,-0.28303453313168997,0.0,1092.9599999999998,1092.9599999999998,3932.016845703125,True,0.0,371,6.816769954722897e-09,-0.05061692306748239,5.443020583673645e-06,True,372,magic-formula,-26.45077187948438,0.057002725924093875,9.107999999999999,52.89696007606965,73.64674629272402,52.91801519518178,18.386804580688477,0.00011462817201390862,-0.05062368240771489,6.23426281110404e-06,-3169.2414323511616,-14.800114759452175,0.0,1092.9599999999998,1092.9599999999998,3932.2138671875,True,0.0,371,6.5612060779744595e-09,-0.05090834478976027,0.00028528567762899586,True,372,magic-formula,-26.45092876900363,-0.06385664649464196,9.107999999999999,-0.00839879379783768,36.83262421600267,0.0126563253142963,18.386669158935547,0.00029021312366239727,-1.0001507397522265,1.5783887833607927e-05,-1956.9809459878375,-0.029497974879503088,0.0,728.9198941170479,643.5000867194633,1941.3834228515625,True,0.0,371,0.00016672715447051473,-1.000150568956387,1.8191882927702714e-05,True,372,magic-formula,-16.308110534223548,-0.0014996360844316014,5.380873318957206,-0.010172955414996354,36.83470967571522,0.010882163697137626,18.386804580688477,0.0002902131818700582,-1.0001825806801947,1.5783774748482773e-05,-1957.2062922145979,0.27145763048276167,0.0,728.9198941170479,645.1101112124436,1941.612060546875,True,0.0,371,0.00016665189736982786,-1.0001823300817507,-0.0001665673922691213,True,372,magic-formula,-16.310031241465886,0.0010073829980620547,5.3815063054497685,1,1,0.9999999999999999,0.05071101658369422,False,normal,371,0.05070226923874524,1,1,0.9999999999999999,0.05063286464799608,False,normal,371,0.050622275654604434,1,1,0.9999999999999999,1.0001581167358198,False,normal,371,1.0001354885521083,1,1,0.9999999999999999,1.0001898394586717,False,normal,371,1.0001675675263526,18.38486671552573,25.481924057192874
138,1.15,0,0.0,1,1,,-8.178749703802168e-05,26.388334274291992,0.4187982678413391,0.0014958144165575504,17.9449405670166,-1.0893776416778564,0.00014332281716633588,-0.8401106595993042,27.4868221282959,0.3299403488636017,0.9050524234771729,-0.4253000319004059,-4.409747816680465e-06,1.232436716236407e-05,0.8398892879486084,27.486865997314453,0.32994040846824646,0.9050005078315735,-0.42541056871414185,-4.4112516661698464e-06,1.2323829650995322e-05,-0.8400532603263855,25.28642463684082,0.32994040846824646,0.9115591049194336,0.41116905212402344,6.497300546470797e-06,1.1363141311448999e-05,0.8399466872215271,25.286468505859375,0.32994040846824646,0.9119868278503418,0.4102194905281067,6.485463018179871e-06,1.136990340455668e-05,asphalt,0.0,0.0,1,911.0093176807341,1,-8.7925443649292,-0.0008806707919575274,136.35572607596987,159.78205202227744,-0.0,7898.678208829647,3873.321791170353,9.491345554124564e-05,0.0007435908816748214,True,-0.0,True,0,0,-0.00022674382489640266,17.9449405670166,0.08064600825309753,False,True,-0.8401113748550415,27.480546951293945,-1.4901161193847656e-08,0.0,0.0,1.0,3943.05810546875,3943.05810546875,0.3179590404033661,0.08204096555709839,0.0,asphalt,True,0.8398886322975159,27.480592727661133,1.4901161193847656e-08,0.0,0.0,1.0,3943.33447265625,3943.33447265625,0.31795474886894226,0.08204525709152222,0.0,asphalt,True,-0.8400539755821228,25.2801513671875,1.862645149230957e-08,0.0,0.0,1.0,1936.616943359375,1936.616943359375,0.359793096780777,0.0402069091796875,0.0,asphalt,True,0.8399459719657898,25.280193328857422,3.725290298461914e-09,0.0,0.0,1.0,1936.890380859375,1936.890380859375,0.3597888648509979,0.04021114110946655,0.0,asphalt,378,51.6346466065423,76.25779718337995,51.653575017027684,17.9465389251709,0.00013771740486845374,-0.050544873794003874,7.673758457826935e-06,-3159.259787395477,-0.35051521190174917,0.0,1092.9599999999998,1092.9599999999998,3940.3369140625,True,0.0,377,1.2465729217158651e-08,-0.05045671695575795,6.71771795499537e-06,True,378,magic-formula,-26.46273962818362,0.058085093550848066,9.107999999999999,51.63965041035008,76.25804259401386,51.658578820835466,17.946699142456055,0.00013771720114164054,-0.050461341099664346,7.673678599377824e-06,-3170.3181872398513,-15.280906970838318,0.0,1092.9599999999998,1092.9599999999998,3940.60595703125,True,0.0,377,1.1996891898766618e-08,-0.05075250627931437,0.00029355197513313285,True,378,magic-formula,-26.46307819712061,-0.06620677812849857,9.107999999999999,-0.00613333260852479,36.83262421600267,0.012795077876862059,17.9465389251709,0.00034678555675782263,-1.000112779392687,1.9323255484559033e-05,-1952.949112028913,-0.035216823976188256,0.0,728.9227720646475,642.174390863599,1937.377685546875,True,0.0,377,0.00017388797288803444,-1.000112648510249,2.1747489807050883e-05,True,378,magic-formula,-16.27451059034733,-0.0015726238789337656,5.370025669417326,-0.007903725978420463,36.83470967571522,0.011024684506966385,17.946699142456055,0.0003467857313808054,-1.0001453319940439,1.9323092708299873e-05,-1953.2122540186838,0.27180643941498916,0.0,728.9227720646475,643.7936949996091,1937.6439208984375,True,0.0,377,0.00017383016406190594,-1.0001451277564715,-0.00016712049068234048,True,378,magic-formula,-16.276747145435056,0.000984938137584272,5.370762470980457,1,1,0.9999999999999999,0.05058953196345124,False,normal,377,0.05049852323813652,1,1,0.9999999999999999,0.050507173929465375,False,normal,377,0.050413883265794525,1,1,0.9999999999999999,1.0001180467092108,False,normal,377,1.000100514532567,1,1,0.9999999999999999,1.0001504797063445,False,normal,377,1.0001333045843193,17.944940568449116,26.38833427454113
144,1.2,0,0.0,1,1,,-9.414834494236857e-05,27.272764205932617,0.41873881220817566,0.0017978970427066088,17.505578994750977,-1.0911211967468262,0.00016630122263450176,-0.8401287794113159,28.371244430541992,0.32994017004966736,0.14233450591564178,0.9898185729980469,1.57090398715809e-05,7.930235597086721e-07,0.8398711681365967,28.371299743652344,0.3299401104450226,0.14247798919677734,0.9897979497909546,1.5708923456259072e-05,7.953008775984927e-07,-0.8400598764419556,26.170846939086914,0.32994019985198975,0.9115653038024902,0.41115519404411316,7.762172572256532e-06,1.3680330994247925e-05,0.839940071105957,26.1708984375,0.32994019985198975,0.9119930267333984,0.41020557284355164,7.74792079027975e-06,1.368840821669437e-05,asphalt,0.0,0.0,1,906.6774887158815,1,-8.779966354370117,-0.001041419105604291,129.7853513256053,160.0204570431957,-0.0,7898.90672093534,3873.0932790646602,0.00011316924792481586,0.000904968019131901,True,-0.0,True,0,0,-0.0002626402711030096,17.505578994750977,0.0805572122335434,False,True,-0.840129554271698,28.364961624145508,1.4901161193847656e-08,0.0,0.0,1.0,3955.3115234375,3955.3115234375,0.31786665320396423,0.08213335275650024,0.0,asphalt,True,0.8398703932762146,28.365015029907227,-3.725290298461914e-08,0.0,0.0,1.0,3955.617919921875,3955.617919921875,0.3178618252277374,0.08213818073272705,0.0,asphalt,True,-0.8400605916976929,26.16456413269043,2.2351741790771484e-08,0.0,0.0,1.0,1931.9776611328125,1931.9776611328125,0.35976770520210266,0.040232300758361816,0.0,asphalt,True,0.839939296245575,26.164615631103516,7.450580596923828e-09,0.0,0.0,1.0,1932.286865234375,1932.286865234375,0.3597628176212311,0.0402371883392334,0.0,asphalt,384,50.386019935768935,78.80641450750582,50.40393171639452,17.50707244873047,0.0001628577010706067,-0.05024745699218879,9.302394877432451e-06,-3158.8569503875915,-0.4287706529786624,0.0,1092.9599999999998,1092.9599999999998,3953.742919921875,True,0.0,383,2.4005118830748292e-08,-0.05015633871492705,8.169625823230458e-06,True,384,magic-formula,-26.46304310901033,0.05926915237159271,9.107999999999999,50.391273151511584,78.80670290099057,50.409184932137165,17.50726318359375,0.00016285761375911534,-0.05015878463618721,9.302288544278784e-06,-3170.2272256475217,-15.822167080750472,0.0,1092.9599999999998,1092.9599999999998,3954.041259765625,True,0.0,383,2.3076991663104874e-08,-0.05045660573432217,0.00030218634759410066,True,384,magic-formula,-26.463252212123155,-0.06886575387220804,9.107999999999999,-0.0049556022895238545,36.83262421600267,0.012956178336057887,17.50707244873047,0.000412122521083802,-1.0000934107493031,2.3540344750076222e-05,-1948.2468468051384,-0.042015360788446476,0.0,728.9269266375638,640.628390563199,1932.7098388671875,True,0.0,383,0.0001814139535950439,-1.0000932996976675,2.5992016135528797e-05,True,384,magic-formula,-16.235323717078693,-0.0016551307611211371,5.357437068262628,-0.0067214889191485475,36.83470967571522,0.011190291706433195,17.50726318359375,0.0004121226374991238,-1.0001266954931824,2.3540094936666315e-05,-1948.545200025049,0.27120025344215815,0.0,728.9269266375638,642.2555038990838,1933.0111083984375,True,0.0,383,0.0001813532181587455,-1.0001265131635186,-0.00016714887895700252,True,384,magic-formula,-16.237854587254922,0.0009540105728273816,5.358270934538221,1,1,0.9999999999999999,0.050288818783773864,False,normal,383,0.05015187571905821,1,1,0.9999999999999999,0.05020092559116728,False,normal,383,0.05006153399473695,1,1,0.9999999999999999,1.000095313578501,False,normal,383,1.0000881355038356,1,1,0.9999999999999999,1.000128473547482,False,normal,383,1.0001216655850629,17.5055789967212,27.272764206268338
150,1.25,0,0.0,1,1,,-0.00010847522207768634,28.135244369506836,0.41868501901626587,0.0021585121285170317,17.066850662231445,-1.0946722030639648,0.00019550046999938786,-0.8401500582695007,29.23371696472168,0.3299398720264435,0.9829483032226562,0.1838819831609726,5.134378625371028e-06,1.816967960621696e-05,0.8398498892784119,29.233779907226562,0.3299398124217987,0.9829798340797424,0.18371325731277466,5.1312595132912975e-06,1.8170563635067083e-05,-0.8400673270225525,27.033315658569336,0.3299398422241211,0.9115780591964722,0.411126971244812,9.285749001719523e-06,1.644001531531103e-05,0.8399326205253601,27.03337860107422,0.3299397826194763,0.9120057821273804,0.4101773202419281,9.268620488001034e-06,1.644967596803326e-05,asphalt,0.0,0.0,1,904.0501016360673,1,-8.768853187561035,-0.0012183256912976503,123.38651699309041,160.13082884705233,-0.0,7898.233874532652,3873.7661254673476,0.00013513356680050492,0.0010966662975013114,True,-0.0,True,0,0,-0.00030445639276877046,17.066850662231445,0.0808885395526886,False,True,-0.8401509523391724,29.227413177490234,3.725290298461914e-08,0.0,0.0,1.0,3961.431884765625,3961.431884765625,0.31774547696113586,0.08225452899932861,0.0,asphalt,True,0.8398489952087402,29.227476119995117,2.2351741790771484e-08,0.0,0.0,1.0,3961.80615234375,3961.80615234375,0.3177398145198822,0.08226019144058228,0.0,asphalt,True,-0.8400682806968689,27.02701187133789,4.0978193283081055e-08,0.0,0.0,1.0,1929.268310546875,1929.268310546875,0.35978302359580994,0.04021698236465454,0.0,asphalt,True,0.8399317264556885,27.02707290649414,0.0,0.0,0.0,1.0,1929.5963134765625,1929.5963134765625,0.3597773015499115,0.04022270441055298,0.0,asphalt,390,49.132022330344086,81.2924355001585,49.14970364402271,17.06830596923828,0.00018986233044415712,-0.05007752976570741,1.1123677462690769e-05,-3157.9969055222728,-0.5146992696824957,0.0,1092.9599999999998,1092.9599999999998,3960.755859375,True,0.0,389,4.4189387743759217e-08,-0.049983645338457006,9.775771101265858e-06,True,390,magic-formula,-26.458051815145158,0.06029163752044847,9.107999999999999,49.137550376459615,81.29277382293165,49.15523169013824,17.068532943725586,0.00018986238865181804,-0.04998328340852089,1.1123532952126441e-05,-3169.658206119155,-16.34944897308065,0.0,1092.9599999999998,1092.9599999999998,3961.122802734375,True,0.0,389,4.2521849425111195e-08,-0.05028838535576904,0.00031127168053445735,True,390,magic-formula,-26.45832319950631,-0.07150037044361832,9.107999999999999,-0.004641030562133741,36.83262421600267,0.013040283116488506,17.06830596923828,0.00048749224515631795,-1.000089730058054,2.856125534088472e-05,-1945.2268874309798,-0.05007148839453442,0.0,728.9292363789128,639.6356068843644,1929.71337890625,True,0.0,389,0.00018997324677347472,-1.000089620706124,3.100773363552962e-05,True,390,magic-formula,-16.210155885849616,-0.001751767016013184,5.349326135642849,-0.00640394291957529,36.83470967571522,0.011277370759046956,17.068532943725586,0.0004874925361946225,-1.0001238127008587,2.8560892589264512e-05,-1945.544317936142,0.27021182454334985,0.0,728.9292363789128,641.2664922201049,1930.03369140625,True,0.0,389,0.0001898955039510134,-1.0001236300892355,-0.00016680171388201712,True,390,magic-formula,-16.212846738399584,0.0009162540880273417,5.350213333556622,1,1,0.9999999999999999,0.05009735172412241,False,normal,389,0.05002765648583538,1,1,0.9999999999999999,0.05000414765949556,False,normal,389,0.04993179148175781,1,1,0.9999999999999999,1.0000896181299619,False,normal,389,1.0000891758331694,1,1,0.9999999999999999,1.0001235638743424,False,normal,389,1.000123529248066,17.06685066494705,28.13524436996184
156,1.3,0,0.0,1,1,,-0.00012508302461355925,28.975807189941406,0.4186508059501648,0.0025883084163069725,16.628633499145508,-1.0983035564422607,0.0002326545218238607,-0.8401750326156616,30.074270248413086,0.3299393951892853,0.517646312713623,-0.8555946946144104,-1.8241455109091476e-05,1.3408850463747513e-05,0.839824914932251,30.0743465423584,0.32993945479393005,0.5174733400344849,-0.8556991815567017,-1.8244167222292162e-05,1.3405163372226525e-05,-0.8400757312774658,27.87386703491211,0.3299393951892853,0.911591112613678,0.41109803318977356,1.1120035196654499e-05,1.97203662537504e-05,0.8399242162704468,27.87394142150879,0.3299393951892853,0.9120187759399414,0.41014841198921204,1.109949062083615e-05,1.9731936845346354e-05,asphalt,0.0,0.0,1,902.4565108172271,1,-8.758757591247559,-0.0014260997995734215,117.15674196339889,160.12996444157747,-0.0,7897.077395752403,3874.9226042475966,0.0001607682352187112,0.0013250361833119526,True,-0.0,True,0,0,-0.0003529451787471771,16.628633499145508,0.081302210688591,False,True,-0.8401761054992676,30.067943572998047,7.450580596923828e-09,0.0,0.0,1.0,3963.340087890625,3963.340087890625,0.31764259934425354,0.08235740661621094,0.0,asphalt,True,0.8398239016532898,30.068021774291992,3.725290298461914e-08,0.0,0.0,1.0,3963.791748046875,3963.791748046875,0.31763574481010437,0.08236426115036011,0.0,asphalt,True,-0.8400768041610718,27.867542266845703,3.725290298461914e-09,0.0,0.0,1.0,1926.7720947265625,1926.7720947265625,0.359819620847702,0.04018038511276245,0.0,asphalt,True,0.8399232029914856,27.867616653442383,2.2351741790771484e-08,0.0,0.0,1.0,1927.1651611328125,1927.1651611328125,0.35981276631355286,0.04018723964691162,0.0,asphalt,396,47.87389342529473,83.71563809802375,47.89175478039083,16.630081176757812,0.00022140698274597526,-0.05001156263584143,1.331364413556392e-05,-3157.388000760494,-0.6167576815409503,0.0,1092.9599999999998,1092.9599999999998,3963.22509765625,True,0.0,395,7.907358973498783e-08,-0.049915032555102816,1.170035981241503e-05,True,396,magic-formula,-26.45526554330572,0.061137912067663155,9.107999999999999,47.87970971202286,83.71603529665198,47.89757106711896,16.630352020263672,0.00022140651708468795,-0.04991162028829788,1.3313399307593033e-05,-3169.3110033158828,-16.884722089068013,0.0,1092.9599999999998,1092.9599999999998,3963.665771484375,True,0.0,395,7.61245883066028e-08,-0.050224496809329056,0.00032108933734824335,True,396,magic-formula,-26.45554492743503,-0.07423793830752536,9.107999999999999,-0.004779485180701137,36.83262421600267,0.013081869915400623,16.630081176757812,0.0005755022284574807,-1.0000948419970335,3.4606098557838974e-05,-1942.6360821351566,-0.05970466189000068,0.0,728.9304033364048,638.7838221090082,1927.14404296875,True,0.0,395,0.0001992950445862812,-1.0000947234101527,3.700610717628326e-05,True,396,magic-formula,-16.188564233896177,-0.0018637249078549043,5.342305570698391,-0.006539891390805886,36.83470967571522,0.011321463705295874,16.630352020263672,0.0005755024030804634,-1.0001297726083211,3.4605545459861474e-05,-1943.0167573902554,0.2681590383642629,0.0,728.9304033364048,640.4334575995017,1927.5272216796875,True,0.0,395,0.00019927614480574454,-1.0001295762830962,-0.00016575745999528754,True,396,magic-formula,-16.1917831998115,0.0008674445751135173,5.3433671378306045,1,1,0.9999999999999999,0.050017111181635654,False,normal,395,0.0499946492888914,1,1,0.9999999999999999,0.04991818350916103,False,normal,395,0.04989279910762974,1,1,0.9999999999999999,1.0000935562898081,False,normal,395,1.0000969636037085,1,1,0.9999999999999999,1.000128341911715,False,normal,395,1.0001321797296252,16.628633502891166,28.975807190560882
162,1.35,0,0.0,1,1,,-0.00014433689648285508,29.794469833374023,0.41863498091697693,0.0030985823832452297,16.19087791442871,-1.101119875907898,0.0002754497982095927,-0.8402040600776672,30.892921447753906,0.3299390971660614,0.5940279960632324,0.8044443726539612,2.3142833015299402e-05,1.4101886335993186e-05,0.8397958874702454,30.89301300048828,0.3299390971660614,0.5942152142524719,0.8043060898780823,2.3139549739426002e-05,1.4107273273111787e-05,-0.8400852680206299,28.692516326904297,0.3299390971660614,0.9116012454032898,0.411075621843338,1.3287449291965459e-05,2.361985571042169e-05,0.8399146795272827,28.69260597229004,0.3299390971660614,0.9120288491249084,0.4101260006427765,1.3262842912808992e-05,2.3633680029888637e-05,asphalt,0.0,0.0,1,901.4899491265639,1,-8.750218391418457,-0.0016666697338223457,111.09482572751585,160.07851157672866,-0.0,7895.634176974223,3876.365823025777,0.00019064833759330213,0.0015949509947384725,True,-0.0,True,0,0,-0.00040917235310189426,16.19087791442871,0.08158586174249649,False,True,-0.8402053117752075,30.886581420898438,7.450580596923828e-09,0.0,0.0,1.0,3962.9267578125,3962.9267578125,0.3175736963748932,0.08242630958557129,0.0,asphalt,True,0.8397946357727051,30.886672973632812,7.450580596923828e-09,0.0,0.0,1.0,3963.45263671875,3963.45263671875,0.3175656497478485,0.08243435621261597,0.0,asphalt,True,-0.8400865197181702,28.686176300048828,1.862645149230957e-08,0.0,0.0,1.0,1925.12353515625,1925.12353515625,0.359858900308609,0.04014110565185547,0.0,asphalt,True,0.8399134278297424,28.68626594543457,1.862645149230957e-08,0.0,0.0,1.0,1925.5830078125,1925.5830078125,0.35985085368156433,0.040149152278900146,0.0,asphalt,402,46.61400028497314,86.0758979598639,46.63223199725484,16.192333221435547,0.0002569085918366909,-0.05000595753072232,1.5866063790920246e-05,-3156.9688107699635,-0.7353595706032277,0.0,1092.9599999999998,1092.9599999999998,3963.0869140625,True,0.0,401,1.3986605323517316e-07,-0.04990681318376804,1.3949882259881363e-05,True,402,magic-formula,-26.454372916549396,0.06185723188905563,9.107999999999999,46.620116017139615,86.0763639966093,46.63834772942132,16.19265365600586,0.0002569084754213691,-0.04990012060500612,1.5865742629808252e-05,-3169.136364673344,-17.441887639272743,0.0,1092.9599999999998,1092.9599999999998,3963.6015625,True,0.0,401,1.3459241322214448e-07,-0.050221224312430736,0.0003316813738717235,True,402,magic-formula,-26.45465863504397,-0.07714210387938339,9.107999999999999,-0.005138475027741461,36.83262421600267,0.013093237253962487,16.192333221435547,0.0006768096936866641,-1.000104722200066,4.179815743888901e-05,-1940.795134388932,-0.07115626249657862,0.0,728.9307984070256,638.178516003951,1925.3193359375,True,0.0,401,0.00020962146113752685,-1.0001045877401231,4.412919937231646e-05,True,402,magic-formula,-16.17322125247854,-0.0019935691229157186,5.337283248338989,-0.006897135961659794,36.83470967571522,0.011334576320044155,16.19265365600586,0.0006768099265173078,-1.0001405609553382,4.179734467871767e-05,-1941.2423652076566,0.26493762550634853,0.0,728.9307984070256,639.8486386050963,1925.7686767578125,True,0.0,401,0.00020960076463655438,-1.0001403426441187,-0.00016392545644107646,True,402,magic-formula,-16.17699601804196,0.0008061725027119432,5.338528528305391,1,1,0.9999999999999999,0.050004127139547945,False,normal,401,0.05000620007127149,1,1,0.9999999999999999,0.04989938186143979,False,normal,401,0.04989860773424819,1,1,0.9999999999999999,1.0001028974391002,False,normal,401,1.0001082195768587,1,1,0.9999999999999999,1.0001385800365012,False,normal,401,1.0001443643359047,16.190877919598968,29.794469834220475
168,1.4,0,0.0,1,1,,-0.00016665362636558712,30.59125328063965,0.41862988471984863,0.003702473593875766,15.753470420837402,-1.102803349494934,0.0003240587830077857,-0.8402379751205444,31.689695358276367,0.3299388587474823,0.9772073030471802,-0.21228723227977753,-4.0845056901162025e-06,3.212078445358202e-05,0.8397619724273682,31.689804077148438,0.3299388587474823,0.9771489500999451,-0.21255558729171753,-4.093326879228698e-06,3.211965668015182e-05,-0.8400960564613342,29.489288330078125,0.3299388885498047,0.9116072654724121,0.4110623002052307,1.58366219693562e-05,2.8242329790373333e-05,0.8399038910865784,29.489397048950195,0.3299388885498047,0.9120349287986755,0.4101126492023468,1.5807197996764444e-05,2.825880619639065e-05,asphalt,0.0,0.0,1,900.903699826673,1,-8.744206428527832,-0.0019428010564297438,105.19883699164836,160.02745690250168,-0.0,7894.125030278263,3877.874969721737,0.000225350828259252,0.0019125107194671324,True,-0.0,True,0,0,-0.00047417267342098057,15.753470420837402,0.08170628547668457,False,True,-0.840239405632019,31.6833438873291,0.0,0.0,0.0,1.0,3961.592041015625,3961.592041015625,0.3175372779369354,0.08246272802352905,0.0,asphalt,True,0.8397605419158936,31.683452606201172,0.0,0.0,0.0,1.0,3962.205810546875,3962.205810546875,0.31752780079841614,0.08247220516204834,0.0,asphalt,True,-0.8400974869728088,29.48293685913086,4.0978193283081055e-08,0.0,0.0,1.0,1924.5899658203125,1924.5899658203125,0.35988709330558777,0.04011291265487671,0.0,asphalt,True,0.8399024605751038,29.48304557800293,3.725290298461914e-09,0.0,0.0,1.0,1925.1279296875,1925.1279296875,0.3598776161670685,0.040122389793395996,0.0,asphalt,408,45.35386146292751,88.37317790730465,45.37248531602984,15.75493049621582,0.0002963980077765882,-0.050026003836643254,1.8813031756173853e-05,-3156.634126541652,-0.8715963188039657,0.0,1092.9599999999998,1092.9599999999998,3961.84130859375,True,0.0,407,2.4748183859033065e-07,-0.04992430690143211,1.6541863377595938e-05,True,408,magic-formula,-26.454559764740413,0.06248665748032465,9.107999999999999,45.36030925612007,88.37372398697475,45.378933109222395,15.755309104919434,0.0002963978913612664,-0.049913781136433785,1.8812572279762687e-05,-3169.0547887296543,-18.033543588144354,0.0,1092.9599999999998,1092.9599999999998,3962.437255859375,True,0.0,407,2.3799593175977315e-07,-0.05024404468795566,0.00034309718004142746,True,408,magic-formula,-26.454871721476223,-0.08027172870805817,9.107999999999999,-0.0055385855697521556,36.83262421600267,0.013085267532574238,15.75493049621582,0.0007927268743515015,-1.000116010238094,5.031611366822097e-05,-1940.0766866458912,-0.08472466535788568,0.0,728.9306774758268,637.9422495171812,1924.6083984375,True,0.0,407,0.00022115430494296695,-1.000115857129051,5.2546578422041426e-05,True,408,magic-formula,-16.167232255645857,-0.0021445624295263793,5.335301609179419,-0.007296569096402827,36.83470967571522,0.011327284005923567,15.75531005859375,0.0007927267579361796,-1.0001528289695891,5.0314894109927934e-05,-1940.5998108163078,0.2604354430300576,0.0,728.9306774758268,639.6368587227594,1925.1331787109375,True,0.0,407,0.00022115670102848387,-1.0001525850236523,-0.00016120440656793304,True,408,magic-formula,-16.171640756560684,0.0007307163324704113,5.3367563432875045,1,1,0.9999999999999999,0.05002205447278461,False,normal,407,0.050033867963495925,1,1,0.9999999999999999,0.04991091131058522,False,normal,407,0.04991932321674827,1,1,0.9999999999999999,1.0001141444075743,False,normal,407,1.000119802806076,1,1,0.9999999999999999,1.0001507945815629,False,normal,407,1.0001569524344145,15.7534704279736,30.591253281799403
174,1.45,0,0.0,1,1,,-0.00019250402692705393,31.36617660522461,0.4186282455921173,0.0044149113819003105,15.316305160522461,-1.1034433841705322,0.0003790518385358155,-0.8402775526046753,32.46460723876953,0.3299388587474823,-0.23742951452732086,0.9714047908782959,3.657855268102139e-05,-1.2345076356723439e-05,0.8397223949432373,32.46473693847656,0.3299388587474823,-0.23711824417114258,0.9714807868003845,3.658251080196351e-05,-1.2333355698501691e-05,-0.8401082754135132,30.264198303222656,0.3299388289451599,0.9116095900535583,0.41105711460113525,1.8825678125722334e-05,3.370438571437262e-05,0.8398916721343994,30.264328002929688,0.32993876934051514,0.9120371341705322,0.4101075530052185,1.8790566173265688e-05,3.372397623024881e-05,asphalt,0.0,0.0,1,900.5481216520542,1,-8.740056037902832,-0.00225860089994967,99.46692650782525,159.99780165594206,-0.0,7892.7123654100305,3879.2876345899695,0.00026553694624453783,0.0022845119432773494,True,-0.0,True,0,0,-0.0005490606417879462,15.316305160522461,0.08171804249286652,False,True,-0.8402792811393738,32.458251953125,0.0,0.0,0.0,1.0,3960.19189453125,3960.19189453125,0.3175242245197296,0.08247578144073486,0.0,asphalt,True,0.8397206664085388,32.45838165283203,3.725290298461914e-08,0.0,0.0,1.0,3960.90576171875,3960.90576171875,0.3175130784511566,0.08248692750930786,0.0,asphalt,True,-0.8401099443435669,30.257844924926758,1.1175870895385742e-08,0.0,0.0,1.0,1924.966064453125,1924.966064453125,0.3598985970020294,0.04010140895843506,0.0,asphalt,True,0.8398899435997009,30.25797462463379,-2.60770320892334e-08,0.0,0.0,1.0,1925.5888671875,1925.5888671875,0.35988757014274597,0.040112435817718506,0.0,asphalt,414,44.094227575098294,90.6074879649874,44.113161636849064,15.317758560180664,0.0003398615517653525,-0.050050629626139195,2.2187420592531837e-05,-3156.315498700697,-1.0272043786040683,0.0,1092.9599999999998,1092.9599999999998,3960.410888671875,True,0.0,413,4.413968003287304e-07,-0.049946170143161994,1.9505625935868093e-05,True,414,magic-formula,-26.455182789669415,0.06304365107433886,9.107999999999999,44.101044961461746,90.60812694471635,44.119979023212515,15.318205833435059,0.0003398615517653525,-0.049931500103179184,2.218677274643813e-05,-3168.9959059772223,-18.66993208670814,0.0,1092.9599999999998,1092.9599999999998,3961.103759765625,True,0.0,413,4.2421258878689305e-07,-0.05027114154398122,0.0003554029555576027,True,414,magic-formula,-26.455514958015826,-0.08367912239051019,9.107999999999999,-0.0058657657282885555,36.83262421600267,0.013068296022481059,15.31775951385498,0.0009246908593922853,-1.0001263698316052,6.036723957133839e-05,-1940.3242178428995,-0.10075804117283432,0.0,728.9302911747391,638.0235915047322,1924.8555908203125,True,0.0,413,0.0002340283718240529,-1.0001261982905352,6.246545055308301e-05,True,414,magic-formula,-16.16929289367775,-0.002319686152999236,5.335950515669479,-0.0076239660249198945,36.83470967571522,0.01131009572584972,15.318205833435059,0.0009246908011846244,-1.0001642430461883,6.036547687870292e-05,-1940.9355260353911,0.25431944871785467,0.0,728.9302911747391,639.747516865288,1925.468017578125,True,0.0,413,0.00023405155346671832,-1.000163973409554,-0.00015740437447873937,True,414,magic-formula,-16.17443767722723,0.000638231512962294,5.337648439616659,1,1,0.9999999999999999,0.0500469580578745,False,normal,413,0.0500591732675875,1,1,0.9999999999999999,0.04992887405995792,False,normal,413,0.049937292284432985,1,1,0.9999999999999999,1.0001247727186073,False,normal,413,1.0001297393020452,1,1,0.9999999999999999,1.0001624651140513,False,normal,413,1.0001679682498463,15.316305170363854,31.366176606816595
180,1.5,0,0.0,1,1,,-0.00022241986880544573,32.11924362182617,0.4186262786388397,0.005251909606158733,14.879301071166992,-1.1033538579940796,0.0004386531072668731,-0.8403235673904419,33.2176628112793,0.3299388587474823,0.7486094236373901,0.6630112528800964,3.32030831486918e-05,3.171723801642656e-05,0.8396763801574707,33.21781539916992,0.3299387991428375,0.7488598227500916,0.6627283692359924,3.319109964650124e-05,3.172976721543819e-05,-0.8401222825050354,31.017255783081055,0.3299388289451599,0.9116092324256897,0.41105788946151733,2.2298083422356285e-05,4.014004662167281e-05,0.8398776650428772,31.01740837097168,0.3299388289451599,0.9120368361473083,0.4101082384586334,2.2256270312936977e-05,4.016324601252563e-05,asphalt,0.0,0.0,1,900.3324525872232,1,-8.737435340881348,-0.0026213726960122585,93.89775652380378,160.00122277703449,-0.0,7891.477964832195,3880.5220351678054,0.0003112546692136675,0.0027175355532182495,True,-0.0,True,0,0,-0.000635168282315135,14.879301071166992,0.0817103311419487,False,True,-0.8403255343437195,33.21131134033203,3.725290298461914e-08,0.0,0.0,1.0,3959.30322265625,3959.30322265625,0.31752482056617737,0.08247518539428711,0.0,asphalt,True,0.8396744132041931,33.21146011352539,-1.4901161193847656e-08,0.0,0.0,1.0,3960.02001953125,3960.02001953125,0.31751200556755066,0.08248800039291382,0.0,asphalt,True,-0.8401241898536682,31.010900497436523,1.1175870895385742e-08,0.0,0.0,1.0,1926.0689697265625,1926.0689697265625,0.35989585518836975,0.04010415077209473,0.0,asphalt,True,0.8398757576942444,31.01105308532715,1.1175870895385742e-08,0.0,0.0,1.0,1926.881103515625,1926.881103515625,0.35988298058509827,0.04011702537536621,0.0,asphalt,420,42.8354745736569,92.77885904382967,42.85458554013072,14.880733489990234,0.0003878279821947217,-0.050066542834371064,2.6062423762094102e-05,-3155.9999054291375,-1.2064272824251505,0.0,1092.9599999999998,1092.9599999999998,3959.4091796875,True,0.0,419,7.973016042757737e-07,-0.04995903381397895,2.2917088588373244e-05,True,420,magic-formula,-26.45618640448062,0.06352165584684458,9.107999999999999,42.84261372536248,92.77960421768377,42.8617246918363,14.881256103515625,0.00038782949559390545,-0.0499415888669794,2.6061610176474082e-05,-3168.946163577762,-19.36161788389677,0.0,1092.9599999999998,1092.9599999999998,3960.10693359375,True,0.0,419,7.653296745597047e-07,-0.05029128338905234,0.00036872342460943144,True,420,magic-formula,-26.456440314500313,-0.08742498928468048,9.107999999999999,-0.006062446657751983,36.83262421600267,0.013048519816065841,14.880733489990234,0.0010733328526839614,-1.0001344427946648,7.212902855525122e-05,-1941.3693615794225,-0.11956959340213205,0.0,728.92980477765,638.3671414851935,1925.8936767578125,True,0.0,419,0.0002483416980610758,-1.00013425493636,7.407045785605633e-05,True,420,magic-formula,-16.17800010876223,-0.0025217397818755663,5.338780365166749,-0.007821587290011481,36.83470967571522,0.011289379183806344,14.881256103515625,0.0010733332019299269,-1.000173447979643,7.212651893109435e-05,-1942.1559593625382,0.24630249310300462,0.0,728.92980477765,640.1497846233209,1926.68017578125,True,0.0,419,0.00024842460865302844,-1.0001731548756794,-0.00015236141720529792,True,420,magic-formula,-16.184607181707356,0.0005261313277777195,5.340961024895212,1,1,0.9999999999999999,0.05006541409531757,False,normal,419,0.050070079660678286,1,1,0.9999999999999999,0.04994124773309776,False,normal,419,0.04994583439629977,1,1,0.9999999999999999,1.0001332935571678,False,normal,419,1.0001369468194052,1,1,0.9999999999999999,1.0001721049673642,False,normal,419,1.0001763354706519,14.87930108472404,32.11924362401383
186,1.55,0,0.0,1,1,,-0.00025699695106595755,32.8504638671875,0.41862475872039795,0.006229788530617952,14.442425727844238,-1.1029248237609863,0.0005091314087621868,-0.8403770327568054,33.94887161254883,0.3299388587474823,0.9462367296218872,-0.3234749436378479,-1.335474371444434e-05,5.27983283973299e-05,0.8396229147911072,33.94905090332031,0.3299388587474823,0.946097195148468,-0.3238827884197235,-1.3377502000366803e-05,5.279255856294185e-05,-0.8401381969451904,31.74846076965332,0.3299388885498047,0.9116077423095703,0.41106128692626953,2.6361791242379695e-05,4.765572157339193e-05,0.8398617506027222,31.74864387512207,0.3299388885498047,0.912035346031189,0.4101116955280304,2.6312145564588718e-05,4.768315557157621e-05,asphalt,0.0,0.0,1,900.2016426870517,1,-8.73458194732666,-0.0030259443446993828,88.49056611683373,160.00858432615527,-0.0,7890.428252774879,3881.571747225121,0.0003629756683949381,0.0032174230580801935,True,-0.0,True,0,0,-0.000733603723347187,14.442425727844238,0.08173400908708572,False,True,-0.8403792381286621,33.94252014160156,-7.450580596923828e-09,0.0,0.0,1.0,3958.649169921875,3958.649169921875,0.31753256916999817,0.08246743679046631,0.0,asphalt,True,0.8396206498146057,33.94269943237305,-7.450580596923828e-09,0.0,0.0,1.0,3959.48974609375,3959.48974609375,0.31751760840415955,0.08248239755630493,0.0,asphalt,True,-0.8401404619216919,31.742109298706055,2.60770320892334e-08,0.0,0.0,1.0,1926.7723388671875,1926.7723388671875,0.359887033700943,0.040112972259521484,0.0,asphalt,True,0.8398595452308655,31.742292404174805,0.0,0.0,0.0,1.0,1927.7216796875,1927.7216796875,0.35987213253974915,0.04012787342071533,0.0,asphalt,426,41.577493211132584,94.88733137693393,41.59666173892945,14.443818092346191,0.0004388673696666956,-0.05007300203093022,3.0384443138632166e-05,-3155.601605215493,-1.4050085786454485,0.0,1092.9599999999998,1092.9599999999998,3958.753662109375,True,0.0,425,1.4582519306580453e-06,-0.049962345527764004,2.6694443394797565e-05,True,426,magic-formula,-26.456539899003246,0.06395780647536042,9.107999999999999,41.58506587444599,94.88819498821297,41.60423440224285,14.444428443908691,0.0004388686502352357,-0.04994013492072204,3.0383247894122347e-05,-3168.851637146912,-20.10735990439795,0.0,1092.9599999999998,1092.9599999999998,3959.571044921875,True,0.0,425,1.3992447839087188e-06,-0.05030032383751037,0.0003830056242133638,True,426,magic-formula,-26.456959520764077,-0.09149265902710933,9.107999999999999,-0.006132737399587445,36.83262421600267,0.013035790397277064,14.443818092346191,0.001238285331055522,-1.0001401155379364,8.573116333263447e-05,-1942.1716141483953,-0.14128179311708783,0.0,728.9294643816228,638.6308468322261,1926.6904296875,True,0.0,425,0.00026386432392494535,-1.0001399138394673,8.746688033041225e-05,True,426,magic-formula,-16.184683108595536,-0.002750234454919222,5.340954952778377,-0.007892598621899363,36.83470967571522,0.011275929174965147,14.444428443908691,0.0012382852146402001,-1.000180315722103,8.57275326895278e-05,-1943.0986695224542,0.23592586656075254,0.0,728.9294643816228,640.4605125284378,1927.616455078125,True,0.0,425,0.0002640323632599698,-1.0001800018229994,-0.0001458886357670303,True,426,magic-formula,-16.192462283722477,0.0003921109034507285,5.34352223313199,1,1,0.9999999999999999,0.05007190722161185,False,normal,425,0.050075378566233564,1,1,0.9999999999999999,0.04994045670164133,False,normal,425,0.04993969160583666,1,1,0.9999999999999999,1.0001392924604622,False,normal,425,1.0001418940379743,1,1,0.9999999999999999,1.0001792893225063,False,normal,425,1.0001824956132972,14.442425746475957,32.85046387019469
192,1.6,0,0.0,1,1,,-0.00029688532231375575,33.55984878540039,0.4186244606971741,0.007368127349764109,14.00572395324707,-1.1024307012557983,0.0005907833110541105,-0.8404388427734375,34.65823745727539,0.32993894815444946,-0.2168637365102768,0.9762018322944641,6.155415758257732e-05,-1.8954551705974154e-05,0.8395611047744751,34.65845489501953,0.3299389183521271,-0.21637959778308868,0.9763092994689941,6.156355084385723e-05,-1.8924023606814444e-05,-0.8401562571525574,32.45783233642578,0.3299389183521271,0.911605954170227,0.4110651910305023,3.108928649453446e-05,5.6406079238513485e-05,0.8398436903953552,32.458045959472656,0.3299388885498047,0.9120335578918457,0.4101155996322632,3.1030529498821124e-05,5.643843542202376e-05,asphalt,0.0,0.0,1,900.1223024720038,1,-8.73080062866211,-0.003478581551462412,83.2456780403747,160.00530423090808,-0.0,7889.4591593851355,3882.5408406148645,0.0004220527480356395,0.0037917863974437746,True,-0.0,True,0,0,-0.0008455541101284325,14.00572395324707,0.08175388723611832,False,True,-0.8404414057731628,34.65188980102539,7.450580596923828e-09,0.0,0.0,1.0,3958.099609375,3958.099609375,0.3175428807735443,0.08245712518692017,0.0,asphalt,True,0.8395585417747498,34.652103424072266,1.4901161193847656e-08,0.0,0.0,1.0,3959.071533203125,3959.071533203125,0.3175255358219147,0.0824744701385498,0.0,asphalt,True,-0.8401588201522827,32.45148468017578,-1.4901161193847656e-08,0.0,0.0,1.0,1927.0244140625,1927.0244140625,0.35987839102745056,0.040121614933013916,0.0,asphalt,True,0.8398411273956299,32.451698303222656,-2.9802322387695312e-08,0.0,0.0,1.0,1928.120361328125,1928.120361328125,0.3598611056804657,0.04013890027999878,0.0,asphalt,432,40.32005426206462,96.93292800991088,40.33921011828654,14.00706672668457,0.0004931503208354115,-0.050078209370340736,3.520725147201302e-05,-3155.2100964820484,-1.6259814606472354,0.0,1092.9599999999998,1092.9599999999998,3958.18115234375,True,0.0,431,2.6940439285385855e-06,-0.04996407567032319,3.0897718080741827e-05,True,432,magic-formula,-26.457134001240412,0.06432916804698376,9.107999999999999,40.32812141174749,96.93392798126187,40.3472772679694,14.007776260375977,0.0004931512521579862,-0.04993627692912127,3.520553461074539e-05,-3168.7678983020032,-20.91088562277982,0.0,1092.9599999999998,1092.9599999999998,3959.12744140625,True,0.0,431,2.584200047213473e-06,-0.05030767817952463,0.0003983799700358215,True,432,magic-formula,-26.457593557211272,-0.09591086154801948,9.107999999999999,-0.006127526462209452,36.83262421600267,0.013028329759704839,14.00706672668457,0.0014226710190996528,-1.0001443616834262,0.00010156809001967729,-1942.4871800661672,-0.16651993012008035,0.0,728.9292657500821,638.7345039585978,1927.004150390625,True,0.0,431,0.00028068097380123773,-1.0001441473981212,0.00010305680523504867,True,432,magic-formula,-16.187310271059324,-0.0030102676319283045,5.34180446956039,-0.007887671255947857,36.83470967571522,0.011268184965966434,14.007776260375977,0.0014226720668375492,-1.0001858204661525,0.00010156302010407188,-1943.5625600762266,0.22252484862664998,0.0,728.9292657500821,640.6134160926387,1928.0775146484375,True,0.0,431,0.00028088897934353766,-1.0001854869359785,-0.00013758930935036257,True,432,magic-formula,-16.196327182838736,0.0002307451327226629,5.344780084835508,1,1,0.9999999999999999,0.05007761189988288,False,normal,431,0.05007990985378927,1,1,0.9999999999999999,0.0499371650814248,False,normal,431,0.0499345951057513,1,1,0.9999999999999999,1.0001437185930366,False,normal,431,1.000145710327937,1,1,0.9999999999999999,1.0001849628935364,False,normal,431,1.0001875926055925,14.005723978770982,33.55984878953173
198,1.65,0,0.0,1,1,,-0.00034279326791875064,34.247398376464844,0.41862478852272034,0.008689375594258308,13.569211959838867,-1.1020221710205078,0.0006824417505413294,-0.8405101299285889,35.345767974853516,0.32993900775909424,0.6981217265129089,0.7159790992736816,5.8366891607875004e-05,4.8594814870739356e-05,0.8394898176193237,35.34602355957031,0.32993900775909424,0.6985340714454651,0.7155767679214478,5.8338882809039205e-05,4.862842251895927e-05,-0.8401769399642944,33.145362854003906,0.32993900775909424,0.9116044640541077,0.41106849908828735,3.655186083051376e-05,6.657410267507657e-05,0.8398230075836182,33.1456184387207,0.32993900775909424,0.9120320677757263,0.41011887788772583,3.648251367849298e-05,6.661213410552591e-05,asphalt,0.0,0.0,1,900.0741801990289,1,-8.726906776428223,-0.003980330657213926,78.16317194786208,159.99972956220267,-0.0,7888.519669153487,3883.4803308465134,0.0004893036093562841,0.004450130641636641,True,-0.0,True,0,0,-0.0009721227688714862,13.569211959838867,0.08175715804100037,False,True,-0.8405131101608276,35.33942413330078,-7.450580596923828e-09,0.0,0.0,1.0,3957.754638671875,3957.754638671875,0.3175522983074188,0.08244770765304565,0.0,asphalt,True,0.839486837387085,35.33967971801758,-2.2351741790771484e-08,0.0,0.0,1.0,3958.871337890625,3958.871337890625,0.3175322711467743,0.08246773481369019,0.0,asphalt,True,-0.8401799201965332,33.139015197753906,1.4901161193847656e-08,0.0,0.0,1.0,1927.0216064453125,1927.0216064453125,0.35987213253974915,0.04012787342071533,0.0,asphalt,True,0.8398200273513794,33.1392707824707,0.0,0.0,0.0,1.0,1928.279296875,1928.279296875,0.3598521053791046,0.04014790058135986,0.0,asphalt,438,39.06331256720059,98.91567892689764,39.082421495940615,13.5704927444458,0.0005501139676198363,-0.05007921304462255,4.0537508672531995e-05,-3154.8036339701484,-1.8691549394812041,0.0,1092.9599999999998,1092.9599999999998,3957.794921875,True,0.0,437,5.030749567502081e-06,-0.04996144840860749,3.552133101190442e-05,True,438,magic-formula,-26.457792276146748,0.06465100445157473,9.107999999999999,39.071923203679916,98.91683527821273,39.09103213241994,13.57131576538086,0.000550113501958549,-0.04992744402093514,4.053501599753073e-05,-3168.685339273463,-21.775817345160828,0.0,1092.9599999999998,1092.9599999999998,3958.88623046875,True,0.0,437,4.824716466756033e-06,-0.05031071527342986,0.00041489391436498005,True,438,magic-formula,-26.45830445163824,-0.10069555271216857,9.107999999999999,-0.0060836152450367015,36.83262421600267,0.013025313494987865,13.570493698120117,0.0016277383547276258,-1.0001479380983125,0.00011994687762515845,-1942.517127229208,-0.19576975524142134,0.0,728.9291737215614,638.744227877018,1927.034423828125,True,0.0,437,0.00029897573644259087,-1.0001477114516697,0.00012113869331820949,True,438,magic-formula,-16.187557134682194,-0.0033064393488454976,5.341878033648079,-0.007843789487455635,36.83470967571522,0.011265139252568931,13.57131576538086,0.0016277380054816604,-1.0001907295192012,0.00011993958624325788,-1943.750297383629,0.20574118080316947,0.0,728.9291737215614,640.6752956498191,1928.2645263671875,True,0.0,437,0.00029929385864554703,-1.000190376227988,-0.00012722435426992603,True,438,magic-formula,-16.197890752890885,3.850650330179271e-05,5.3452881129137495,1,1,0.9999999999999999,0.050079385365152475,False,normal,437,0.05007925634617787,1,1,0.9999999999999999,0.04992923567289527,False,normal,437,0.049923902395532946,1,1,0.9999999999999999,1.000147361860741,False,normal,437,1.0001491019819402,1,1,0.9999999999999999,1.0001899256222602,False,normal,437,1.0001923418711218,13.56921199466118,34.24739838213246
204,1.7,0,0.0,1,1,,-0.0003954822022933513,34.91313552856445,0.41862499713897705,0.010218223556876183,13.13290023803711,-1.1017638444900513,0.0007838765741325915,-0.8405923247337341,36.01148223876953,0.3299390375614166,0.9869155883789062,-0.16123764216899872,-7.606624421896413e-06,8.897701627574861e-05,0.8394076228141785,36.01177978515625,0.3299390375614166,0.9868083000183105,-0.16189268231391907,-7.665681550861336e-06,8.897193765733391e-05,-0.8402004241943359,33.81107711791992,0.329939067363739,0.9116035103797913,0.4110705256462097,4.283620000933297e-05,7.835707219783217e-05,0.8397995233535767,33.81137466430664,0.3299390375614166,0.9120311737060547,0.4101209044456482,4.275456376490183e-05,7.840163743821904e-05,asphalt,0.0,0.0,1,900.0449925650546,1,-8.72301197052002,-0.004533697851002216,73.2429670575908,159.99623378036867,-0.0,7887.585740961773,3884.414259038227,0.0005654727574437857,0.005202878114844521,True,-0.0,True,0,0,-0.001114345621317625,13.13290023803711,0.08174794912338257,False,True,-0.8405957221984863,36.00513458251953,0.0,0.0,0.0,1.0,3957.6162109375,3957.6162109375,0.3175589144229889,0.08244109153747559,0.0,asphalt,True,0.839404284954071,36.005435943603516,7.450580596923828e-09,0.0,0.0,1.0,3958.891357421875,3958.891357421875,0.3175359070301056,0.08246409893035889,0.0,asphalt,True,-0.8402038216590881,33.80472946166992,2.9802322387695312e-08,0.0,0.0,1.0,1926.884521484375,1926.884521484375,0.3598687946796417,0.040131211280822754,0.0,asphalt,True,0.8397961258888245,33.80502700805664,7.450580596923828e-09,0.0,0.0,1.0,1928.312744140625,1928.312744140625,0.3598458468914032,0.04015415906906128,0.0,asphalt,444,37.80732709763633,100.83562032231613,37.8263806965022,13.134111404418945,0.0006092985859140754,-0.05007521574529017,4.639054494938966e-05,-3154.370069701991,-2.1351166153275334,0.0,1092.9599999999998,1092.9599999999998,3957.624267578125,True,0.0,443,9.495018322892172e-06,-0.04995351741343304,4.0574788746464946e-05,True,444,magic-formula,-26.45843326037869,0.06493279791691275,9.107999999999999,37.81653405583001,100.83695534518485,37.83558765469588,13.135062217712402,0.0006092975381761789,-0.04991266645120459,4.63871070909379e-05,-3168.5947687583716,-22.70695422263712,0.0,1092.9599999999998,1092.9599999999998,3958.87451171875,True,0.0,443,9.10510010512819e-06,-0.05030860287022334,0.00043262903352295223,True,444,magic-formula,-26.45901803124797,-0.10587126291792943,9.107999999999999,-0.006028412437822825,36.83262421600267,0.013025186428043836,13.134111404418945,0.0018546547507867217,-1.0001514663644326,0.0001412090000877765,-1942.3912989388687,-0.22958587322055093,0.0,728.9291657669604,638.7027153516597,1926.91015625,True,0.0,443,0.00031906364537031987,-1.0001512265960093,0.00014205385290325497,True,444,magic-formula,-16.18650569993821,-0.003643892387554205,5.34153032962638,-0.007788474803027698,36.83470967571522,0.011265124062838963,13.135062217712402,0.0018546557985246181,-1.0001956744964278,0.00014119885809890951,-1943.799351353917,0.18514222409271558,0.0,728.9291657669604,640.691464322876,1928.31396484375,True,0.0,443,0.00031946915023057734,-1.000195300062813,-0.00011451491533379061,True,444,magic-formula,-16.198298570856913,-0.0001887423785497729,5.34542192687103,1,1,0.9999999999999999,0.05007608847817985,False,normal,443,0.050072900792479905,1,1,0.9999999999999999,0.04991546625315097,False,normal,443,0.04990703524603773,1,1,0.9999999999999999,1.000150862141739,False,normal,443,1.0001526463199881,1,1,0.9999999999999999,1.000194827955741,False,normal,443,1.0001973317463353,13.13290028531403,34.913135536321896
210,1.75,0,0.0,1,1,,-0.00045576313277706504,35.55706024169922,0.418624609708786,0.011981477029621601,12.69679069519043,-1.1016557216644287,0.0008947862661443651,-0.8406865000724792,36.65538024902344,0.3299390375614166,-0.4620198905467987,0.886869490146637,8.898923988454044e-05,-5.516237797564827e-05,0.8393134474754333,36.65573501586914,0.32993900775909424,-0.46133631467819214,0.887225329875946,8.903172420104966e-05,-5.509379116119817e-05,-0.840226948261261,34.45497512817383,0.32993897795677185,0.9116030931472778,0.41107141971588135,5.003605110687204e-05,9.196939208777621e-05,0.8397729992866516,34.455326080322266,0.32993897795677185,0.9120307564735413,0.41012176871299744,4.994024129700847e-05,9.20214515645057e-05,asphalt,0.0,0.0,1,900.0272893701648,1,-8.718894004821777,-0.005142377223819494,68.48484315345597,159.9963714879587,-0.0,7886.655979863885,3885.3440201361154,0.0006512983818538487,0.006061011019553484,True,-0.0,True,0,0,-0.0012731932802125812,12.69679069519043,0.08173570781946182,False,True,-0.8406903147697449,36.6490364074707,-7.450580596923828e-09,0.0,0.0,1.0,3957.62841796875,3957.62841796875,0.3175622522830963,0.08243775367736816,0.0,asphalt,True,0.8393096923828125,36.64938735961914,0.0,0.0,0.0,1.0,3959.1337890625,3959.1337890625,0.31753602623939514,0.08246397972106934,0.0,asphalt,True,-0.8402307629585266,34.448631286621094,-2.2351741790771484e-08,0.0,0.0,1.0,1926.6959228515625,1926.6959228515625,0.35986801981925964,0.040131986141204834,0.0,asphalt,True,0.839769184589386,34.4489860534668,-1.4901161193847656e-08,0.0,0.0,1.0,1928.3067626953125,1928.3067626953125,0.35984179377555847,0.040158212184906006,0.0,asphalt,450,36.55204297642814,102.69278885954732,36.57105105597185,12.697925567626953,0.0006707124412059784,-0.05006734226151852,5.2820630977092535e-05,-3153.9136267675594,-2.4249030233889064,0.0,1092.9599999999998,1092.9599999999998,3957.619873046875,True,0.0,449,1.8098881496802298e-05,-0.04994144655996939,4.6077289889074225e-05,True,450,magic-formula,-26.459084421236213,0.06517854722193892,9.107999999999999,36.5619227277862,102.69432741772494,36.580930807329906,12.699020385742188,0.0006707129068672657,-0.049892500864405276,5.2816113831634396e-05,-3168.5009928705226,-23.709740124346034,0.0,1092.9599999999998,1092.9599999999998,3959.075439453125,True,0.0,449,1.7359866439223016e-05,-0.050301835066678374,0.0004516874207760509,True,450,magic-formula,-26.45979427560164,-0.11146832586924756,9.107999999999999,-0.005980474671970079,36.83262421600267,0.013027604871739675,12.697925567626953,0.002105087274685502,-1.000155423547826,0.0001657819810164267,-1942.2028913203912,-0.26861137050724665,0.0,728.9292185403876,638.6406163781735,1926.723876953125,True,0.0,449,0.00034118444534046266,-1.000155169089009,0.0001661975881567666,True,450,magic-formula,-16.184932577042126,-0.0040284733550537775,5.341015357624364,-0.007740365694766967,36.83470967571522,0.011267713848942788,12.699021339416504,0.002105085179209709,-1.000201143112607,0.00016576751102810952,-1943.798364019069,0.16019722136456124,0.0,728.9292185403876,640.6911397395131,1928.3138427734375,True,0.0,449,0.0003417290209813806,-1.000200745130406,-9.912637454327603e-05,True,450,magic-formula,-16.19828930863383,-0.0004559033937490685,5.345423023818664,1,1,0.9999999999999999,0.050068891630290956,False,normal,449,0.05006462563617402,1,1,0.9999999999999999,0.049896563162793006,False,normal,449,0.04988597693946246,1,1,0.9999999999999999,1.0001547168598315,False,normal,449,1.0001567753309824,1,1,0.9999999999999999,1.000200177489772,False,normal,449,1.0002030042042185,12.69679075902629,35.557060252284614
216,1.8,0,0.0,1,1,,-0.0005244981730356812,36.17918395996094,0.41862377524375916,0.014009020291268826,12.260873794555664,-1.101656436920166,0.0010088351555168629,-0.8407942056655884,37.27747344970703,0.32993897795677185,0.40496936440467834,0.9143301844596863,0.00011518828250700608,4.139162410865538e-05,0.8392056226730347,37.277889251708984,0.32993900775909424,0.4057783782482147,0.913971483707428,0.00011515160440467298,4.149354208493605e-05,-0.8402569890022278,35.07706832885742,0.32993897795677185,0.9116031527519226,0.4110713601112366,5.820864680572413e-05,0.0001076724729500711,0.8397428393363953,35.07748031616211,0.3299390375614166,0.9120307564735413,0.41012176871299744,5.809648791910149e-05,0.00010773303802125156,asphalt,0.0,0.0,1,900.0165518396891,1,-8.715121269226074,-0.005805196240544319,63.88854059957719,159.999707993544,-0.0,7885.735533215449,3886.2644667845507,0.0007485312526114285,0.007035715073451756,True,-0.0,True,0,0,-0.001449669012799859,12.26087474822998,0.08173224329948425,False,True,-0.8407984375953674,37.2711296081543,-1.4901161193847656e-08,0.0,0.0,1.0,3957.69384765625,3957.69384765625,0.31756308674812317,0.08243691921234131,0.0,asphalt,True,0.8392013311386108,37.271541595458984,0.0,0.0,0.0,1.0,3959.46484375,3959.46484375,0.3175334632396698,0.08246654272079468,0.0,asphalt,True,-0.8402612209320068,35.07072830200195,-4.0978193283081055e-08,0.0,0.0,1.0,1926.5693359375,1926.5693359375,0.3598689138889313,0.0401310920715332,0.0,asphalt,True,0.8397386074066162,35.07114028930664,3.725290298461914e-09,0.0,0.0,1.0,1928.279541015625,1928.279541015625,0.35983923077583313,0.04016077518463135,0.0,asphalt,456,35.29736223825296,104.48721883828851,35.316342126662335,12.261926651000977,0.0007324335165321827,-0.05005715087419751,5.973233542391939e-05,-3153.4097633665538,-2.7355903808586803,0.0,1092.9599999999998,1092.9599999999998,3957.68212890625,True,0.0,455,3.479972823123276e-05,-0.04992670171036444,5.1973834175684195e-05,True,456,magic-formula,-26.459561622110044,0.06541895235687963,9.107999999999999,35.308032793475185,104.48899146838212,35.32701268188456,12.263184547424316,0.0007324325852096081,-0.04986744863967232,5.972613243372659e-05,-3168.3742288106273,-24.785351168002244,0.0,1092.9599999999998,1092.9599999999998,3959.414306640625,True,0.0,455,3.340483000227396e-05,-0.05029122349048506,0.00047209785526886267,True,456,magic-formula,-26.460287875233735,-0.11748826811668987,9.107999999999999,-0.0059495102087729875,36.83262421600267,0.013030378200603158,12.26192569732666,0.0023809021804481745,-1.0001601166421457,0.00019417032930199322,-1942.0730605719177,-0.31375525426373113,0.0,728.9292861634464,638.597849203686,1926.5958251953125,True,0.0,455,0.0003657361979061269,-1.0001598451978375,0.00019412321063896432,True,456,magic-formula,-16.183847370091826,-0.004468218447217834,5.340662498974698,-0.0077092804951655585,36.83470967571522,0.011270607914210586,12.263184547424316,0.002380901016294956,-1.0002074552946314,0.00019415030224588184,-1943.769556376835,0.13013746265744602,0.0,728.9292861634464,640.6816459430123,1928.2862548828125,True,0.0,455,0.0003663568006333018,-1.000207030311363,-8.058209288086245e-05,True,456,magic-formula,-16.198048133168236,-0.000769819962723853,5.345348707132171,1,1,0.9999999999999999,0.05005880539627319,False,normal,455,0.050053353739989995,1,1,0.9999999999999999,0.0498716519579848,False,normal,455,0.049858728652338265,1,1,0.9999999999999999,1.0001592795375978,False,normal,455,1.000161718781035,1,1,0.9999999999999999,1.0002063405948085,False,normal,455,1.000209603483074,12.260874833931053,36.179183974351744
222,1.8499999999999999,0,0.0,1,1,,-0.0006025703623890877,36.779518127441406,0.4186229407787323,0.016336439177393913,11.825145721435547,-1.1017162799835205,0.001131220138631761,-0.8409169912338257,37.87777328491211,0.3299390375614166,0.9588165283203125,0.28402602672576904,4.990094748791307e-05,0.00013370579108595848,0.8390828371047974,37.878257751464844,0.32993900775909424,0.9591053128242493,0.2830492854118347,4.976474156137556e-05,0.00013375654816627502,-0.8402904272079468,35.6773681640625,0.32993897795677185,0.9116033911705017,0.41107091307640076,6.752265471732244e-05,0.00012573000276461244,0.8397094011306763,35.67784881591797,0.32993897795677185,0.9120309948921204,0.41012126207351685,6.739168020430952e-05,0.00012580024485941976,asphalt,0.0,0.0,1,900.0100391982461,1,-8.711347579956055,-0.006506842561066151,59.45375779065216,160.00186983679492,-0.0,7884.831243371683,3887.168756628317,0.0008583388989791274,0.008145858895183539,True,-0.0,True,0,0,-0.0016436976147815585,11.825146675109863,0.08173642307519913,False,True,-0.8409217000007629,37.87143325805664,2.2351741790771484e-08,0.0,0.0,1.0,3957.73681640625,3957.73681640625,0.31756284832954407,0.08243715763092041,0.0,asphalt,True,0.8390781283378601,37.871910095214844,-7.450580596923828e-09,0.0,0.0,1.0,3959.7275390625,3959.7275390625,0.31752970814704895,0.08247029781341553,0.0,asphalt,True,-0.8402951955795288,35.671024322509766,-1.4901161193847656e-08,0.0,0.0,1.0,1926.4105224609375,1926.4105224609375,0.35987094044685364,0.04012906551361084,0.0,asphalt,True,0.839704692363739,35.6715087890625,-7.450580596923828e-09,0.0,0.0,1.0,1928.2728271484375,1928.2728271484375,0.3598378002643585,0.04016220569610596,0.0,asphalt,462,34.043181370656725,106.21893825023162,34.06214993977153,11.826106071472168,0.0007922849617898464,-0.05004658469816773,6.699457588290418e-05,-3152.876074712118,-3.0583266892782413,0.0,1092.9599999999998,1092.9599999999998,3957.736572265625,True,0.0,461,6.740658481575435e-05,-0.049911334649453167,5.8097488582974754e-05,True,462,magic-formula,-26.460007165915307,0.06575358035088,9.107999999999999,34.05464916739518,106.22097724951888,34.07361773650999,11.82754898071289,0.0007922870572656393,-0.049842512293442914,6.698658000677622e-05,-3168.2349486654375,-25.928526723234082,0.0,1092.9599999999998,1092.9599999999998,3959.690185546875,True,0.0,461,6.473134078776934e-05,-0.050281644596073774,0.0004938000847031642,True,462,magic-formula,-26.46075537393923,-0.12386556007993307,9.107999999999999,-0.005935765147695258,36.83262421600267,0.01303280396710901,11.826105117797852,0.0026825289241969585,-1.0001656337804568,0.00022683113767967152,-1941.9141797442676,-0.3656816673370244,0.0,728.9293495534192,638.5454982248482,1926.4390869140625,True,0.0,461,0.00039300762701031293,-1.0001653426811155,0.00022624993431339524,True,462,magic-formula,-16.182519833458255,-0.0049691699234543,5.340229385562596,-0.007695389038513974,36.83470967571522,0.011273180076290294,11.82754898071289,0.0026825242675840855,-1.0002147087606106,0.0002268030532752345,-1943.753765624547,0.09437210986099927,0.0,728.9293495534192,640.6764436275987,1928.271728515625,True,0.0,461,0.00039374392876843483,-1.0002142528725053,-5.8515186362873895e-05,True,462,magic-formula,-16.197915344260707,-0.0011359286983414572,5.345309855621679,1,1,0.9999999999999999,0.05004826946422983,False,normal,461,0.05004313455123802,1,1,0.9999999999999999,0.04984665720003771,False,normal,461,0.04983397216275422,1,1,0.9999999999999999,1.0001646561031645,False,normal,461,1.0001675304465765,1,1,0.9999999999999999,1.0002134330366814,False,normal,461,1.0002171908280422,11.825146789347002,36.7795181469195
228,1.9,0,0.0,1,1,,-0.0006908569484949112,37.35807418823242,0.4186224043369293,0.018998702988028526,11.389599800109863,-1.1017919778823853,0.0012708260910585523,-0.8410565257072449,38.45629119873047,0.3299390375614166,0.8543357849121094,-0.5197213888168335,-7.658349204575643e-05,0.0001472250442020595,0.8389433026313782,38.45684814453125,0.3299390375614166,0.8537265062332153,-0.5207215547561646,-7.675585948163643e-05,0.00014713525888510048,-0.8403278589248657,36.25588607788086,0.329939067363739,0.9116036295890808,0.411070317029953,7.817358709871769e-05,0.00014638694119639695,0.8396719694137573,36.25644302368164,0.32993897795677185,0.9120312333106995,0.4101206958293915,7.802109030308202e-05,0.0001464682718506083,asphalt,0.0,0.0,1,900.0060890815352,1,-8.707915306091309,-0.0072683487087488174,55.18025169098611,160.00228959607543,-0.0,7883.945114081999,3888.0548859180008,0.0009800513507798314,0.009408567368417062,True,-0.0,True,0,0,-0.0018553945701569319,11.389599800109863,0.08174315840005875,False,True,-0.8410617709159851,38.449947357177734,-7.450580596923828e-09,0.0,0.0,1.0,3957.695068359375,3957.695068359375,0.31756290793418884,0.08243709802627563,0.0,asphalt,True,0.8389380574226379,38.450504302978516,2.2351741790771484e-08,0.0,0.0,1.0,3959.923095703125,3959.923095703125,0.3175256550312042,0.08247435092926025,0.0,asphalt,True,-0.840333104133606,36.24953842163086,7.450580596923828e-09,0.0,0.0,1.0,1926.2330322265625,1926.2330322265625,0.35987386107444763,0.040126144886016846,0.0,asphalt,True,0.8396667242050171,36.25009536743164,-7.450580596923828e-09,0.0,0.0,1.0,1928.3114013671875,1928.3114013671875,0.3598366677761078,0.04016333818435669,0.0,asphalt,468,32.78942452170358,107.88797166355873,32.80839290455387,11.390456199645996,0.000852509168908,-0.05003716247129128,7.484416360274281e-05,-3152.305788657903,-3.403843330872031,0.0,1092.9599999999998,1092.9599999999998,3957.704345703125,True,0.0,467,0.000131333254075162,-0.04989683738870854,6.46540022839775e-05,True,468,magic-formula,-26.460389502334912,0.06610889347470271,9.107999999999999,32.80175643550897,107.89031100521143,32.82072481835926,11.392104148864746,0.000852509168908,-0.04981735750751021,7.483333686003883e-05,-3168.079524823744,-27.15639079665023,0.0,1092.9599999999998,1092.9599999999998,3959.894287109375,True,0.0,467,0.00012619330540741708,-0.050273190420337094,0.0005171227669601534,True,468,magic-formula,-26.461174915736027,-0.130721443128475,9.107999999999999,-0.005934197280762021,36.83262421600267,0.013034185569527325,11.390456199645996,0.003010751213878393,-1.0001719233249597,0.0002643222616364851,-1941.7364695557872,-0.4252585207868379,0.0,728.9293820191649,638.4869002473297,1926.2637939453125,True,0.0,467,0.0004234137474461737,-1.00017160962211,0.00026311571281045396,True,468,magic-formula,-16.181035109767897,-0.005539195727750772,5.33974192540731,-0.007693659170973632,36.83470967571522,0.011274723679315712,11.392104148864746,0.003010751446709037,-1.000222865547334,0.0002642840459734292,-1943.7870515443904,0.052165510368749925,0.0,728.9293820191649,640.6874163734268,1928.3060302734375,True,0.0,467,0.0004243708178894184,-1.0002223743524536,-3.247128474133699e-05,True,468,magic-formula,-16.19819142664543,-0.001560996511491049,5.34540346531447,1,1,0.9999999999999999,0.05003877595650211,False,normal,467,0.05003407694900789,1,1,0.9999999999999999,0.04982158285272017,False,normal,467,0.04980895582469967,1,1,0.9999999999999999,1.0001708290800706,False,normal,467,1.000174068529023,1,1,0.9999999999999999,1.000221450294394,False,normal,467,1.0002256403949998,11.389599951234093,37.358074214460395
234,1.95,0,0.0,1,1,,-0.0007902547367848456,37.914852142333984,0.4186221957206726,0.02202998660504818,10.954236030578613,-1.1018584966659546,0.0014286852674558759,-0.8412141799926758,39.01302719116211,0.3299390375614166,-0.21928969025611877,0.9756597876548767,0.00018460111459717155,-5.42673296877183e-05,0.8387856483459473,39.013671875,0.3299390375614166,-0.2179831564426422,0.9759525060653687,0.00018467361223883927,-5.402010719990358e-05,-0.8403691649436951,36.8126220703125,0.32993900775909424,0.9116039276123047,0.41106972098350525,9.029217471834272e-05,0.00016991123266052455,0.839630663394928,36.81326675415039,0.32993897795677185,0.9120315313339233,0.4101201295852661,9.01151797734201e-05,0.0001700051943771541,asphalt,0.0,0.0,1,900.0036932146406,1,-8.704252243041992,-0.008089642971754074,51.0678026012012,160.0018748141777,-0.0,7883.0742351894405,3888.9257648105595,0.001113716745749116,0.010834828614936154,True,-0.0,True,0,0,-0.002085160929709673,10.954236030578613,0.08174916356801987,False,True,-0.8412200212478638,39.00667953491211,0.0,0.0,0.0,1.0,3957.60400390625,3957.60400390625,0.3175637423992157,0.08243626356124878,0.0,asphalt,True,0.8387798070907593,39.00732421875,-7.450580596923828e-09,0.0,0.0,1.0,3960.065673828125,3960.065673828125,0.3175218403339386,0.08247816562652588,0.0,asphalt,True,-0.8403750061988831,36.8062744140625,-3.3527612686157227e-08,0.0,0.0,1.0,1926.0540771484375,1926.0540771484375,0.3598773181438446,0.04012268781661987,0.0,asphalt,True,0.8396248817443848,36.80691909790039,-4.0978193283081055e-08,0.0,0.0,1.0,1928.4036865234375,1928.4036865234375,0.3598354160785675,0.04016458988189697,0.0,asphalt,474,31.53611688158023,109.49434154705527,31.55509213759112,10.954980850219727,0.0009119533933699131,-0.05002859309309131,8.324554864420999e-05,-3151.7063616000837,-3.770649423978047,0.0,1092.9599999999998,1092.9599999999998,3957.621826171875,True,0.0,473,0.00025710948655105915,-0.04988263480575877,7.161449119774172e-05,True,474,magic-formula,-26.460792662531805,0.06652303304726212,9.107999999999999,31.54936043180762,109.49701753580248,31.56833568781851,10.956853866577148,0.000911954790353775,-0.04979211466393903,8.323144575558863e-05,-3167.9211272527155,-28.475405045240958,0.0,1092.9599999999998,1092.9599999999998,3960.045166015625,True,0.0,473,0.0002472103343997327,-0.05026581554325392,0.0005421875518894056,True,474,magic-formula,-26.461649993908424,-0.13808229630653276,9.107999999999999,-0.0059402923887820975,36.83262421600267,0.01303496362210791,10.954980850219727,0.0033645115327090025,-1.0001789411150142,0.00030712161645240495,-1941.5566713629796,-0.4932855291440959,0.0,728.9294110111072,638.4275781642215,1926.0865478515625,True,0.0,473,0.000457497524929662,-1.0001786016676144,0.0003052151270153676,True,474,magic-formula,-16.179532674214435,-0.006185559058915532,5.339248184263396,-0.007699590562482745,36.83470967571522,0.011275665448407262,10.956853866577148,0.0033645129296928644,-1.0002318973052446,0.00030706924313444095,-1943.8646189003362,0.0028536008311431335,0.0,728.9294110111072,640.7129846174688,1928.3843994140625,True,0.0,473,0.00045869439904107964,-1.0002313660780704,-2.0426745623623833e-06,True,474,magic-formula,-16.198836409887925,-0.0020511218004558864,5.345618378244357,1,1,0.9999999999999999,0.05002999176400143,False,normal,473,0.0500258900602956,1,1,0.9999999999999999,0.049796403160455735,False,normal,473,0.04978353669999251,1,1,0.9999999999999999,1.000177723644723,False,normal,473,1.0001813193826576,1,1,0.9999999999999999,1.0002303330784834,False,normal,473,1.000234954995452,10.954236229035907,37.91485217745174
240,2.0,0,0.0,1,1,,-0.0009016673429869115,38.449867248535156,0.4186222553253174,0.025464462116360664,10.51902961730957,-1.101901888847351,0.0016036609886214137,-0.8413916230201721,39.54799270629883,0.32993900775909424,0.523351788520813,0.8521167635917664,0.0001964502444025129,0.00010423524508951232,0.8386080861091614,39.548736572265625,0.32993900775909424,0.5246514678001404,0.8513171076774597,0.00019629097369033843,0.00010453489085193723,-0.8404147624969482,37.34758758544922,0.32993894815444946,0.9116040468215942,0.41106942296028137,0.00010399211168987677,0.00019657902885228395,0.8395849466323853,37.348331451416016,0.32993900775909424,0.9120316505432129,0.41011980175971985,0.00010378732986282557,0.0001966872368939221,asphalt,0.0,0.0,1,900.0022400479124,1,-8.701047897338867,-0.00896582193672657,47.116007031770806,160.0011282067618,-0.0,7882.242127747623,3889.7578722523767,0.0012593180872499943,0.012434235360558796,True,-0.0,True,0,0,-0.0023329269606620073,10.51902961730957,0.08175313472747803,False,True,-0.8413980007171631,39.541648864746094,0.0,0.0,0.0,1.0,3957.466796875,3957.466796875,0.31756553053855896,0.08243447542190552,0.0,asphalt,True,0.8386017084121704,39.54239273071289,1.4901161193847656e-08,0.0,0.0,1.0,3960.17333984375,3960.17333984375,0.31751856207847595,0.08248144388198853,0.0,asphalt,True,-0.840421199798584,37.341243743896484,-1.4901161193847656e-08,0.0,0.0,1.0,1925.890869140625,1925.890869140625,0.3598807752132416,0.0401192307472229,0.0,asphalt,True,0.8395785093307495,37.34198760986328,-3.725290298461914e-09,0.0,0.0,1.0,1928.5380859375,1928.5380859375,0.3598337471485138,0.040166258811950684,0.0,asphalt,480,30.28320241773049,111.03807013527287,30.302186849131385,10.519652366638184,0.0009689468424767256,-0.050020243107641846,9.21082566197211e-05,-3151.063978063836,-4.154142760723157,0.0,1092.9599999999998,1092.9599999999998,3957.4921875,True,0.0,479,0.0005048985085481724,-0.04986828975431662,7.889140603160195e-05,True,480,magic-formula,-26.461151059698956,0.06706259390908709,9.107999999999999,30.297420090409585,111.04112149339964,30.31640452181048,10.521770477294922,0.000968950567767024,-0.04976556451119028,9.209006859813644e-05,-3167.742431296082,-29.88925390990529,0.0,1092.9599999999998,1092.9599999999998,3960.15869140625,True,0.0,479,0.0004859116472420915,-0.05025871269340595,0.0005690597639842921,True,480,magic-formula,-26.46206321959987,-0.14594963702032415,9.107999999999999,-0.005949114259719298,36.83262421600267,0.01303531714117582,10.519652366638184,0.003742102300748229,-1.0001866228690155,0.00035572488638253277,-1941.3857457075208,-0.5705809469250935,0.0,728.9294205862351,638.3711398371539,1925.918212890625,True,0.0,479,0.0004958610364398954,-1.0001862542451019,0.0003530542067474787,True,480,magic-formula,-16.178103824686698,-0.006915838494602578,5.338777058481996,-0.00770825805763089,36.83470967571522,0.01127617334326423,10.521769523620605,0.003742105793207884,-1.0002417583043715,0.0003556536404858596,-1943.993611651112,-0.05420756396288475,0.0,728.9294205862351,640.7555023711639,1928.513916015625,True,0.0,479,0.0004973964095172642,-1.0002411817669363,3.3165316539536084e-05,True,480,magic-formula,-16.199909809501783,-0.002612454246053638,5.345972987898879,1,1,0.9999999999999999,0.050021579717022396,False,normal,479,0.050017558841767666,1,1,0.9999999999999999,0.0497700045383935,False,normal,479,0.04975654519448305,1,1,0.9999999999999999,1.0001852963384414,False,normal,479,1.0001892155211298,1,1,0.9999999999999999,1.0002400562457718,False,normal,479,1.0002450870102222,10.519029876009675,38.44986729527517
246,2.05,0,0.0,1,1,,-0.001025975914672017,38.963130950927734,0.4186224341392517,0.029336320236325264,10.083986282348633,-1.1019213199615479,0.0017921155085787177,-0.8415903449058533,40.06119918823242,0.32993900775909424,0.9612040519714355,0.27583810687065125,8.55633697938174e-05,0.00024147346266545355,0.8384093642234802,40.06205749511719,0.32993900775909424,0.9616802930831909,0.2741730213165283,8.514503133483231e-05,0.0002416212810203433,-0.8404650688171387,37.86079406738281,0.32993900775909424,0.9116040468215942,0.41106921434402466,0.00011936733790207654,0.0002266758820042014,0.8395346403121948,37.86165237426758,0.32993900775909424,0.9120316505432129,0.4101196229457855,0.00011913120397366583,0.00022680009715259075,asphalt,0.0,0.0,1,900.0013586577383,1,-8.69806957244873,-0.009886449202895164,43.32474725751171,160.0003401211561,-0.0,7881.431770516795,3890.568229483205,0.0014168709749355912,0.014215843031944612,True,-0.0,True,0,0,-0.002597942017018795,10.083986282348633,0.08175471425056458,False,True,-0.8415974378585815,40.05485534667969,1.4901161193847656e-08,0.0,0.0,1.0,3957.30322265625,3957.30322265625,0.3175681531429291,0.0824318528175354,0.0,asphalt,True,0.8384023308753967,40.05571365356445,-7.450580596923828e-09,0.0,0.0,1.0,3960.279296875,3960.279296875,0.3175155818462372,0.0824844241142273,0.0,asphalt,True,-0.8404721021652222,37.85444641113281,1.862645149230957e-08,0.0,0.0,1.0,1925.74267578125,1925.74267578125,0.3598840534687042,0.040115952491760254,0.0,asphalt,True,0.8395275473594666,37.85530471801758,1.4901161193847656e-08,0.0,0.0,1.0,1928.69677734375,1928.69677734375,0.3598315417766571,0.04016846418380737,0.0,asphalt,486,29.03070286187028,112.51917823483159,29.049694667483323,10.084477424621582,0.0010213791392743587,-0.050012059025786794,0.00010128230673491879,-3150.3804898519793,-4.5462170910283115,0.0,1092.9599999999998,1092.9599999999998,3957.330810546875,True,0.0,485,0.000992316754265973,-0.049853522337786095,8.633042376573311e-05,True,486,magic-formula,-26.461501871817802,0.06782811090996813,9.107999999999999,29.045959889570153,112.52264637818061,29.064951695183193,10.086859703063965,0.00102138239890337,-0.04973727743565429,0.00010125870939815502,-3167.5493768132615,-31.399908102069503,0.0,1092.9599999999998,1092.9599999999998,3960.26123046875,True,0.0,485,0.0009563109855401276,-0.05025147319843751,0.0005977714695750455,True,486,magic-formula,-26.46247399715285,-0.15430510738707306,9.107999999999999,-0.005956706792815821,36.83262421600267,0.013035098820225103,10.084478378295898,0.004141448065638542,-1.0001949246324788,0.00041067546356462917,-1941.2289895836743,-0.6580296376123377,0.0,728.9294153395384,638.3193500266826,1925.7640380859375,True,0.0,485,0.0005392859318401629,-1.0001945230494746,0.0004071804739041393,True,486,magic-formula,-16.17679265552774,-0.007738229452391441,5.338343493344841,-0.0077157116759993295,36.83470967571522,0.011276093937041595,10.086860656738281,0.004141450859606266,-1.0002524258973855,0.0004105787487135324,-1944.148191864778,-0.11970919612593545,0.0,728.9294153395384,640.8064536518817,1928.6689453125,True,0.0,485,0.000541174776088105,-1.0002517981696903,7.357643844197012e-05,True,486,magic-formula,-16.20119629549263,-0.0032515154531666474,5.3463966548666155,1,1,0.9999999999999999,0.050013460223477677,False,normal,485,0.05000922872791596,1,1,0.9999999999999999,0.04974214716427409,False,normal,485,0.04972760826511608,1,1,0.9999999999999999,1.000193498300347,False,normal,485,1.0001977227524885,1,1,0.9999999999999999,1.000250591267767,False,normal,485,1.0002560230753228,10.083986617003125,38.96313101274833
252,2.1,0,0.0,1,1,,-0.0011639988515526056,39.45464324951172,0.41862261295318604,0.033679600805044174,9.649088859558105,-1.1019227504730225,0.0019889201503247023,-0.8418118953704834,40.55264663696289,0.32993900775909424,0.9090532660484314,-0.4166797697544098,-0.00010655207734089345,0.0002741071511991322,0.8381876945495605,40.55363464355469,0.32993897795677185,0.9082329273223877,-0.4184648394584656,-0.0001070903817890212,0.00027389731258153915,-0.840519905090332,38.35224151611328,0.32993894815444946,0.9116040468215942,0.41106921434402466,0.00013649952597916126,0.00026049173902720213,0.8394796848297119,38.35322952270508,0.32993900775909424,0.9120316505432129,0.4101196229457855,0.0001362281764158979,0.00026063379482366145,asphalt,0.0,0.0,1,900.0008240675743,1,-8.695094108581543,-0.010835152119398117,39.69368559085322,159.99993529402394,-0.0,7880.661241169944,3891.3387588300557,0.0015862961299717426,0.01618930377725638,True,-0.0,True,0,0,-0.0028785360045731068,9.649088859558105,0.08175472170114517,False,True,-0.8418195843696594,40.54629898071289,7.450580596923828e-09,0.0,0.0,1.0,3957.13427734375,3957.13427734375,0.3175711929798126,0.08242881298065186,0.0,asphalt,True,0.8381800055503845,40.54729080200195,0.0,0.0,0.0,1.0,3960.387939453125,3960.387939453125,0.3175128400325775,0.08248716592788696,0.0,asphalt,True,-0.8405276536941528,38.34589385986328,-1.4901161193847656e-08,0.0,0.0,1.0,1925.60205078125,1925.60205078125,0.3598872125148773,0.04011279344558716,0.0,asphalt,True,0.8394719362258911,38.346885681152344,2.60770320892334e-08,0.0,0.0,1.0,1928.86767578125,1928.86767578125,0.3598288595676422,0.040171146392822266,0.0,asphalt,492,27.778587182298665,113.93768623765797,27.797584117636447,9.649438858032227,0.0010666754096746445,-0.050003434911868296,0.00011054273943006782,-3149.6555518879595,-4.935355949771904,0.0,1092.9599999999998,1092.9599999999998,3957.162841796875,True,0.0,491,3.351537724049743e-10,-0.049837837003004565,9.37121385895088e-05,True,492,magic-formula,-26.461862976775357,0.06895868898741452,9.107999999999999,27.794944890766452,113.94161529254302,27.813941826104234,9.652106285095215,0.0010666684247553349,-0.049706712397391745,0.00011051146650344641,-3167.345655460918,-33.00789404823838,0.0,1092.9599999999998,1092.9599999999998,3960.370361328125,True,0.0,491,3.110523827192198e-10,-0.050243864851227206,0.0006283282456936529,True,492,magic-formula,-26.46290196710858,-0.16310918665303892,9.107999999999999,-0.005962123735518088,36.83262421600267,0.013034811602263819,9.649438858032227,0.004559775348752737,-1.0002038979532042,0.00047254302311709864,-1941.088607873778,-0.7565761657672208,0.0,728.9294146795629,638.2729491303228,1925.626220703125,True,0.0,491,0.0005886724668365259,-1.0002034589678797,0.0004681786349685372,True,492,magic-formula,-16.175617487742876,-0.008661554944724176,5.33795506754311,-0.007721003449093515,36.83470967571522,0.011275931888688391,9.652106285095215,0.004559768363833427,-1.000263976697204,0.0004724117089001764,-1944.3145653698891,-0.19436706444947097,0.0,728.9294146795629,640.8612915404508,1928.8358154296875,True,0.0,491,0.0005910201779309878,-1.0002632909087459,0.0001196302821260608,True,492,magic-formula,-16.202580893194913,-0.003975240297933083,5.346852956830526,1,1,0.9999999999999999,0.050004973755410784,False,normal,491,0.05000036421147338,1,1,0.9999999999999999,0.04971208076690459,False,normal,491,0.04969608482109196,1,1,0.9999999999999999,1.0002023530168496,False,normal,491,1.0002069268941332,1,1,0.9999999999999999,1.0002619862814635,False,normal,491,1.0002678768083577,9.649089288923482,39.454643330745235
258,2.15,0,0.0,1,1,,-0.0013164372649043798,39.924415588378906,0.41862279176712036,0.03852739557623863,9.214334487915039,-1.1019130945205688,0.0021908096969127655,-0.842057466506958,41.02234649658203,0.32993894815444946,-0.4466729462146759,0.8946971893310547,0.0002919435501098633,-0.00016711594071239233,0.8379421234130859,41.023475646972656,0.32993897795677185,-0.4446854889392853,0.895686686038971,0.0002923138381447643,-0.00016646736185066402,-0.8405795097351074,38.82194137573242,0.32993900775909424,0.9116040468215942,0.41106927394866943,0.00015548169903922826,0.0002983021840918809,0.8394200801849365,38.82307052612305,0.32993900775909424,0.9120316505432129,0.4101196825504303,0.00015517094288952649,0.0002984639722853899,asphalt,0.0,0.0,1,900.0004998222495,1,-8.692461967468262,-0.011795464903116226,36.22263874804048,159.99969969790604,-0.0,7879.920271676992,3892.0797283230077,0.001767018809914589,0.018365957337627532,True,-0.0,True,0,0,-0.0031718953978270292,9.214334487915039,0.08175386488437653,False,True,-0.8420658111572266,41.0160026550293,-1.4901161193847656e-08,0.0,0.0,1.0,3956.965576171875,3956.965576171875,0.31757453083992004,0.08242547512054443,0.0,asphalt,True,0.8379337787628174,41.017127990722656,-7.450580596923828e-09,0.0,0.0,1.0,3960.5068359375,3960.5068359375,0.3175102770328522,0.0824897289276123,0.0,asphalt,True,-0.840587854385376,38.81559753417969,3.725290298461914e-09,0.0,0.0,1.0,1925.4681396484375,1925.4681396484375,0.3598901331424713,0.040109872817993164,0.0,asphalt,True,0.839411735534668,38.81672668457031,7.450580596923828e-09,0.0,0.0,1.0,1929.0341796875,1929.0341796875,0.35982587933540344,0.040174126625061035,0.0,asphalt,498,26.52684913345347,115.293614294525,26.545847972414595,9.214533805847168,0.0011025918647646904,-0.04999423752889129,0.00011965791028979907,-3148.8788537869896,-5.309806565944398,0.0,1092.9599999999998,1092.9599999999998,3956.995361328125,True,0.0,497,1.326517879703186e-09,-0.04982074515464124,0.00010081245972144461,True,498,magic-formula,-26.46218570929247,0.07060226328841494,9.107999999999999,26.544365787601667,115.29805081635097,26.56336462656279,9.217504501342773,0.0011025997810065746,-0.04967329187281902,0.00011962020475139674,-3167.1156421082937,-34.71478856210117,0.0,1092.9599999999998,1092.9599999999998,3960.48681640625,True,0.0,497,1.2455737912109155e-09,-0.05023539068047937,0.0006607566918588577,True,498,magic-formula,-26.46325556686932,-0.17232662682320146,9.107999999999999,-0.005964296321274228,36.83262421600267,0.013034542639850193,9.214532852172852,0.0049935877323150635,-1.0002135993020587,0.000541925165776991,-1940.9499466622872,-0.8672054693489186,0.0,728.9294108486074,638.2271122749833,1925.490234375,True,0.0,497,0.0006451769754394758,-1.0002131177983802,0.000536662786186048,True,498,magic-formula,-16.174456141225125,-0.009695208337850226,5.337570928515236,-0.007723053314125273,36.83470967571522,0.011275785646999147,9.217503547668457,0.004993588663637638,-1.000276496513452,0.0005417506105947489,-1944.4836114714185,-0.27889868796139733,0.0,728.9294108486074,640.9170113056705,1929.0054931640625,True,0.0,497,0.0006480403830339003,-1.0002757445942012,0.00017176791519324253,True,498,magic-formula,-16.20398757586488,-0.004790772486248185,5.347316266902397,1,1,0.9999999999999999,0.049995778900450864,False,normal,497,0.049990845355925455,1,1,0.9999999999999999,0.049679035886220475,False,normal,497,0.049661694846130866,1,1,0.9999999999999999,1.000211924426008,False,normal,497,1.0002168734697867,1,1,0.9999999999999999,1.0002743336885958,False,normal,497,1.0002807237484697,9.214335033853551,39.924415694385985
264,2.2,0,0.0,1,1,,-0.001483822357840836,40.372459411621094,0.4186229705810547,0.043910376727581024,8.779715538024902,-1.1019008159637451,0.0023944335989654064,-0.8423282504081726,41.470314025878906,0.32993900775909424,0.18261265754699707,0.9831848740577698,0.0003801668353844434,4.936179902870208e-05,0.8376712203025818,41.47159957885742,0.32993897795677185,0.18506500124931335,0.9827262163162231,0.0003800425329245627,5.0310100050410256e-05,-0.8406436443328857,39.2699089050293,0.32993900775909424,0.9116039872169495,0.411069393157959,0.0001763973996276036,0.00034036359284073114,0.8393558263778687,39.27119445800781,0.32993894815444946,0.9120315909385681,0.4101197421550751,0.00017604281310923398,0.00034054715069942176,asphalt,0.0,0.0,1,900.0003031575188,1,-8.68959903717041,-0.012751148082315922,32.91138512980115,159.9995238303814,-0.0,7879.2154456466515,3892.7845543533485,0.001957995817065239,0.020757118191467198,True,-0.0,True,0,0,-0.003474209690466523,8.779715538024902,0.08175241202116013,False,True,-0.8423371911048889,41.46397018432617,0.0,0.0,0.0,1.0,3956.80615234375,3956.80615234375,0.31757792830467224,0.08242207765579224,0.0,asphalt,True,0.8376623392105103,41.46525573730469,0.0,0.0,0.0,1.0,3960.638916015625,3960.638916015625,0.31750771403312683,0.08249229192733765,0.0,asphalt,True,-0.840652585029602,39.2635612487793,-7.450580596923828e-09,0.0,0.0,1.0,1925.3309326171875,1925.3309326171875,0.3598930537700653,0.04010695219039917,0.0,asphalt,True,0.8393468856811523,39.26484680175781,-3.3527612686157227e-08,0.0,0.0,1.0,1929.184326171875,1929.184326171875,0.3598228991031647,0.040177106857299805,0.0,asphalt,504,25.27546416761119,116.58698106026257,25.29446277374167,8.779753684997559,0.001127318013459444,-0.049984376035030816,0.00012839973052895332,-3148.053339359036,-5.657907795324549,0.0,1092.9599999999998,1092.9599999999998,3956.833740234375,True,0.0,503,5.159185735726075e-09,-0.04980223929559201,0.00010740979766548888,True,504,magic-formula,-26.462533843794702,0.0729143939139024,9.107999999999999,25.294191974131845,116.59197368098454,25.313190580262326,8.783045768737793,0.0011273222044110298,-0.04963681492199902,0.0001283520805769908,-3166.877855784542,-36.525335346677245,0.0,1092.9599999999998,1092.9599999999998,3960.61669921875,True,0.0,503,4.890434490062314e-09,-0.050226445355084984,0.0006951467841497119,True,504,magic-formula,-26.46364963829933,-0.18193757666888863,9.107999999999999,-0.0059639543708076065,36.83262421600267,0.013034651759673159,8.779752731323242,0.005438775289803743,-1.0002241640513798,0.0006194678552514741,-1940.8103976782097,-0.9909916009934927,0.0,728.9294087460431,638.1809960892931,1925.353515625,True,0.0,503,0.0007102047303852894,-1.0002236337937405,0.0006133007280444225,True,504,magic-formula,-16.17328680341577,-0.010849529768457605,5.337184324580997,-0.0077225862126236305,36.83470967571522,0.011276019917857136,8.783044815063477,0.005438779480755329,-1.0002901560340207,0.0006192361419191026,-1944.638197822536,-0.3740504008264035,0.0,728.9294087460431,640.9679649930397,1929.1610107421875,True,0.0,503,0.000713659225195431,-1.0002893282970309,0.00023044978739794413,True,504,magic-formula,-16.205273545095622,-0.005705679333973284,5.347739913574719,1,1,0.9999999999999999,0.049986099159953994,False,normal,503,0.049981400918091584,1,1,0.9999999999999999,0.049643067968329256,False,normal,503,0.04962471899076377,1,1,0.9999999999999999,1.0002223359291413,False,normal,503,1.0002277381845144,1,1,0.9999999999999999,1.0002877911921966,False,normal,503,1.0002947776211046,8.779716225412349,40.3724595489439
270,2.25,0,0.0,1,1,,-0.0016664632130414248,40.798770904541016,0.41862305998802185,0.04985537379980087,8.34522819519043,-1.1018906831741333,0.0025968209374696016,-0.8426250219345093,41.89653778076172,0.32993897795677185,0.7166959047317505,0.6973857283592224,0.00031934629078023136,0.00029569980688393116,0.8373743295669556,41.89799880981445,0.3299390375614166,0.7186457514762878,0.6953762173652649,0.00031851709354668856,0.00029659285792149603,-0.8407123684883118,39.69613265991211,0.329939067363739,0.9116039276123047,0.41106945276260376,0.00019931948918383569,0.00038690073415637016,0.8392869830131531,39.697593688964844,0.3299390375614166,0.9120315909385681,0.41011980175971985,0.00019891643023584038,0.0003871080989483744,asphalt,0.0,0.0,1,900.0001838743299,1,-8.687081336975098,-0.013685093261301517,29.759762922529262,159.99955203555044,-0.0,7878.537131536246,3893.4628684637537,0.0021576450672000647,0.023373906470773396,True,-0.0,True,0,0,-0.0037805684842169285,8.34522819519043,0.08175090700387955,False,True,-0.8426344990730286,41.89019012451172,-7.450580596923828e-09,0.0,0.0,1.0,3956.662109375,3956.662109375,0.3175811469554901,0.08241885900497437,0.0,asphalt,True,0.837364912033081,41.89165496826172,7.450580596923828e-09,0.0,0.0,1.0,3960.78125,3960.78125,0.31750497221946716,0.08249503374099731,0.0,asphalt,True,-0.8407217860221863,39.689788818359375,3.3527612686157227e-08,0.0,0.0,1.0,1925.1990966796875,1925.1990966796875,0.35989585518836975,0.04010415077209473,0.0,asphalt,True,0.8392775654792786,39.69124984741211,3.725290298461914e-09,0.0,0.0,1.0,1929.3328857421875,1929.3328857421875,0.3598197400569916,0.0401802659034729,0.0,asphalt,510,24.02443891252074,117.81780590419721,24.043436199898455,8.345097541809082,0.001139265950769186,-0.04997337641506248,0.00013651918841975887,-3147.1650335128297,-5.966850431462019,0.0,1092.9599999999998,1092.9599999999998,3956.682861328125,True,0.0,509,1.9332961708868234e-08,-0.04978184700776893,0.00011326034606790224,True,510,magic-formula,-26.462812964875006,0.07607480373252726,9.107999999999999,24.044418909108767,117.82340482620337,24.063416196486482,8.348725318908691,0.001139259897172451,-0.049596442940216805,0.00013645914155550957,-3166.6100177159983,-38.446537124070346,0.0,1092.9599999999998,1092.9599999999998,3960.757080078125,True,0.0,509,1.8511253193110814e-08,-0.050216497409520375,0.0007316278581696598,True,510,magic-formula,-26.463960522016652,-0.19192839923898825,9.107999999999999,-0.0059624994445222155,36.83262421600267,0.013034787933192895,8.345097541809082,0.005890240427106619,-1.0002357821231969,0.0007058323068634337,-1940.6695586086093,-1.1290336774623349,0.0,728.929413956229,638.1344574475256,1925.2156982421875,True,0.0,509,0.000785566613853102,-1.000235195460328,0.0006987759489658201,True,510,magic-formula,-16.172106028368447,-0.012135405317958176,5.336794494732343,-0.007721006716298754,36.83470967571522,0.011276280661416357,8.348724365234375,0.005890242289751768,-1.0003051882065945,0.0007055259048864312,-1944.7873916925626,-0.4805301785678677,0.0,728.929413956229,641.0171412694051,1929.3114013671875,True,0.0,509,0.0007897251940331075,-1.0003042726715903,0.00029611065594741545,True,510,magic-formula,-16.20651432680599,-0.006727579080372652,5.348149196504406,1,1,0.9999999999999999,0.04997502902665432,False,normal,509,0.04996907466440154,1,1,0.9999999999999999,0.04960312356131474,False,normal,509,0.04958218703131974,1,1,0.9999999999999999,1.0002337639737313,False,normal,509,1.0002397283173456,1,1,0.9999999999999999,1.0003025767600333,False,normal,509,1.0003102913514204,8.345229051529945,40.7987710810451
276,2.3,0,0.0,1,1,,-0.0018643903313204646,41.203365325927734,0.41862305998802185,0.056383777409791946,7.910867214202881,-1.1018853187561035,0.0027955416589975357,-0.8429482579231262,42.3010368347168,0.32993897795677185,0.9824561476707458,0.1864928901195526,0.00011563799489522353,0.0004783993645105511,0.8370508551597595,42.30268859863281,0.3299390375614166,0.9830347299575806,0.18341879546642303,0.00011414096661610529,0.0004787587095052004,-0.8407849073410034,40.10063171386719,0.32993900775909424,0.9116038680076599,0.41106951236724854,0.00022430541866924614,0.0004380925965961069,0.8392142057418823,40.1022834777832,0.32993897795677185,0.9120314717292786,0.410119891166687,0.00022384905605576932,0.0004383260093163699,asphalt,0.0,0.0,1,900.0001115254186,1,-8.684562683105469,-0.014573948457837105,26.767577968573843,159.99972458481992,-0.0,7877.885859979511,3894.114140020489,0.002363847102969885,0.026226629460009462,True,-0.0,True,0,0,-0.004084906540811062,7.910867214202881,0.08174999058246613,False,True,-0.8429581522941589,42.2946891784668,-1.4901161193847656e-08,0.0,0.0,1.0,3956.52734375,3956.52734375,0.31758418679237366,0.08241581916809082,0.0,asphalt,True,0.8370410203933716,42.29634094238281,-7.450580596923828e-09,0.0,0.0,1.0,3960.9248046875,3960.9248046875,0.3175021708011627,0.08249783515930176,0.0,asphalt,True,-0.8407948017120361,40.09428405761719,7.450580596923828e-09,0.0,0.0,1.0,1925.0618896484375,1925.0618896484375,0.35989871621131897,0.04010128974914551,0.0,asphalt,True,0.8392043709754944,40.09593963623047,-1.862645149230957e-08,0.0,0.0,1.0,1929.4613037109375,1929.4613037109375,0.3598168194293976,0.040183186531066895,0.0,asphalt,516,22.773757883388335,118.98610673563512,22.792753360274965,7.910563945770264,0.0011366205289959908,-0.049961525747280924,0.00014368388005786493,-3146.2181947438035,-6.220237712135769,0.0,1092.9599999999998,1092.9599999999998,3956.553955078125,True,0.0,515,6.831361563666998e-08,-0.04975944688328064,0.00011805243022464759,True,516,magic-formula,-26.463159597684935,0.08030563167065938,9.107999999999999,22.795014356555573,118.9923629150021,22.814009833442203,7.9145379066467285,0.001136623788625002,-0.04955225101064067,0.00014361214693992067,-3166.3286584109383,-40.48542401719613,0.0,1092.9599999999998,1092.9599999999998,3960.90087890625,True,0.0,515,6.64092196482139e-08,-0.050206146074540936,0.0007703369786436742,True,516,magic-formula,-26.464326092858123,-0.20227437107241925,9.107999999999999,-0.005960464710426963,36.83262421600267,0.013035012176203096,7.910563945770264,0.006341541185975075,-1.0002486489418358,0.0008016545812643164,-1940.5352702872867,-1.2824185682367757,0.0,728.9294201825633,638.0900959648386,1925.0845947265625,True,0.0,515,0.0008736221735030659,-1.0002479963854267,0.0007937617619546361,True,516,magic-formula,-16.170979040678688,-0.013563950792878598,5.33642253013737,-0.007718852255470935,36.83470967571522,0.011276624631159124,7.9145379066467285,0.006341535598039627,-1.0003218408041443,0.0008012513574061411,-1944.9146633923256,-0.5989267122473653,0.0,728.9294201825633,641.0590920622601,1929.4403076171875,True,0.0,515,0.0008785579430353584,-1.0003208228168543,0.0003691151827835715,True,516,magic-formula,-16.207572131466605,-0.007863384684891506,5.348498209106349,1,1,0.9999999999999999,0.04996361945309725,False,normal,515,0.049957858206557286,1,1,0.9999999999999999,0.04955996771376854,False,normal,515,0.04953773221160122,1,1,0.9999999999999999,1.000246406143554,False,normal,515,1.0002530009099997,1,1,0.9999999999999999,1.0003189388087135,False,normal,515,1.0003274765578578,7.910868268857186,41.20336555091142
282,2.35,0,0.0,1,1,,-0.0020772970747202635,41.586238861083984,0.41862305998802185,0.06350953876972198,7.476622581481934,-1.1018837690353394,0.0029880038928240538,-0.8432979583740234,42.68380355834961,0.3299390375614166,0.9340139627456665,-0.35723620653152466,-0.00017346003733109683,0.0005264991195872426,0.8367010354995728,42.685665130615234,0.3299390375614166,0.9327640533447266,-0.3604870140552521,-0.00017529269098304212,0.0005258917808532715,-0.8408610820770264,40.4833984375,0.329939067363739,0.9116038680076599,0.41106951236724854,0.00025138488854281604,0.0004940600483678281,0.8391379117965698,40.485260009765625,0.32993897795677185,0.9120314717292786,0.410119891166687,0.00025087021640501916,0.0004943216335959733,asphalt,0.0,0.0,1,900.0000676435857,1,-8.682330131530762,-0.015403094701468945,23.934643567711014,159.9997113117992,-0.0,7877.266364727295,3894.733635272705,0.0025736535899341106,0.029324745344880918,True,-0.0,True,0,0,-0.004380051512271166,7.476622104644775,0.08174921572208405,False,True,-0.84330815076828,42.677459716796875,0.0,0.0,0.0,1.0,3956.407958984375,3956.407958984375,0.3175869286060333,0.08241307735443115,0.0,asphalt,True,0.8366907835006714,42.6793212890625,1.4901161193847656e-08,0.0,0.0,1.0,3961.05859375,3961.05859375,0.3174993693828583,0.0825006365776062,0.0,asphalt,True,-0.840871274471283,40.47705078125,2.2351741790771484e-08,0.0,0.0,1.0,1924.9354248046875,1924.9354248046875,0.35990145802497864,0.04009854793548584,0.0,asphalt,True,0.8391277194023132,40.47891616821289,-7.450580596923828e-09,0.0,0.0,1.0,1929.5830078125,1929.5830078125,0.35981395840644836,0.04018604755401611,0.0,asphalt,522,21.52338735798269,120.09190165810533,21.542381700518423,7.476142406463623,0.0011186935007572174,-0.04994883163360894,0.00014963512351511655,-3145.1936002370758,-6.405972742642545,0.0,1092.9599999999998,1092.9599999999998,3956.42578125,True,0.0,521,2.211396350727099e-07,-0.04973498028395934,0.00012155725857672205,True,522,magic-formula,-26.463419060525197,0.08581376513026777,9.107999999999999,21.545933807716377,120.09886618908658,21.56492815025211,7.48046875,0.001118695829063654,-0.04950366157917517,0.0001495488930053781,-3166.015864182172,-42.65933507976772,0.0,1092.9599999999998,1092.9599999999998,3961.032958984375,True,0.0,521,2.1977801731546835e-07,-0.050195240911024015,0.0008116049533589385,True,522,magic-formula,-26.464588773837416,-0.2130130218788824,9.107999999999999,-0.005958945087349646,36.83262421600267,0.013035397448384532,7.476142406463623,0.006785478908568621,-1.000263030286465,0.0009076174150292787,-1940.3986261890466,-1.4523327323448696,0.0,728.9294290768325,638.0449588341693,1924.951416015625,True,0.0,521,0.0009773022861766806,-1.0002623000375175,0.0008990000171606997,True,522,magic-formula,-16.169831480468797,-0.015147667558518322,5.336043958300619,-0.007717208626958759,36.83470967571522,0.011277133908775418,7.48046875,0.006785471457988024,-1.0003404437518566,0.0009070914970302352,-1945.0410001473235,-0.7298472646544478,0.0,728.9294290768325,641.1007335286076,1929.568603515625,True,0.0,521,0.0009832285447004554,-1.000339304986383,0.00044983331685368843,True,522,magic-formula,-16.20862179864439,-0.009120737828369467,5.348844720487438,1,1,0.9999999999999999,0.04995096661451895,False,normal,521,0.0499446886987326,1,1,0.9999999999999999,0.04951205108926608,False,normal,521,0.04948723253400771,1,1,0.9999999999999999,1.0002605181067878,False,normal,521,1.0002679205850329,1,1,0.9999999999999999,1.0003371946705129,False,normal,521,1.0003467669708692,7.476623387633894,41.5862391453397
288,2.4,0,0.0,1,1,,-0.0023044871632009745,41.94741439819336,0.41862305998802185,0.07123742252588272,7.042489051818848,-1.101885199546814,0.0031704010907560587,-0.8436732888221741,43.04486846923828,0.32993897795677185,0.6317717432975769,-0.7751542925834656,-0.0004639969556592405,0.0004138557123951614,0.8363253474235535,43.04695510864258,0.3299390375614166,0.6287745237350464,-0.7775874137878418,-0.000465591176180169,0.00041206140303984284,-0.8409398794174194,40.84446334838867,0.32993900775909424,0.9116038084030151,0.41106948256492615,0.0002805449767038226,0.0005548552144318819,0.8390587568283081,40.84654998779297,0.3299390375614166,0.9120314717292786,0.41011983156204224,0.0002799669746309519,0.0005551470094360411,asphalt,0.0,0.0,1,900.0000410279087,1,-8.680154800415039,-0.016147447749972343,21.2607898886494,159.9997063344164,-0.0,7876.677089699898,3895.322910300102,0.002783671021461487,0.03267569142099319,True,-0.0,True,0,0,-0.0046577309258282185,7.0424885749816895,0.0817483514547348,False,True,-0.843683660030365,43.03852081298828,-7.450580596923828e-09,0.0,0.0,1.0,3956.28955078125,3956.28955078125,0.317589670419693,0.08241033554077148,0.0,asphalt,True,0.8363149166107178,43.040611267089844,-1.4901161193847656e-08,0.0,0.0,1.0,3961.175537109375,3961.175537109375,0.3174966871738434,0.0825033187866211,0.0,asphalt,True,-0.8409502506256104,40.83811569213867,7.450580596923828e-09,0.0,0.0,1.0,1924.814453125,1924.814453125,0.3599041998386383,0.04009580612182617,0.0,asphalt,True,0.8390483856201172,40.840206146240234,7.450580596923828e-09,0.0,0.0,1.0,1929.697998046875,1929.697998046875,0.3598112165927887,0.04018878936767578,0.0,asphalt,528,20.27332257528458,121.13520743717339,20.29231655460451,7.041831970214844,0.0010845521464943886,-0.0499352330271811,0.00015401562299502205,-3144.094555684157,-6.505471545599689,0.0,1092.9599999999998,1092.9599999999998,3956.31005859375,True,0.0,527,6.274000876171515e-07,-0.04970829133314767,0.00012342219384587502,True,528,magic-formula,-26.46368977299337,0.09288371221543132,9.107999999999999,20.297154033271564,121.14293058899227,20.316148012591494,7.046511650085449,0.0010845470242202282,-0.049450116087100655,0.00015391261229846947,-3165.676219875232,-44.9861689424313,0.0,1092.9599999999998,1092.9599999999998,3961.1552734375,True,0.0,527,6.447686492872638e-07,-0.05018386919763908,0.0008557714601153802,True,528,magic-formula,-26.46483817319913,-0.22416598221353481,9.107999999999999,-0.005958249973421742,36.83262421600267,0.013035729346508335,7.041831970214844,0.007213634438812733,-1.0002792203079462,0.001024397052644927,-1940.2755459745044,-1.6410347213958305,0.0,728.9294403731594,638.0043063519487,1924.8321533203125,True,0.0,527,4.54749302446187e-13,-1.0002783975174803,0.0010152110740297106,True,528,magic-formula,-16.168795834339814,-0.016908529789306577,5.335702487845747,-0.007716404996811575,36.83470967571522,0.011277574323118503,7.046511650085449,0.00721362978219986,-1.0003613722328717,0.001023716076899389,-1945.1506876376852,-0.8725899956706757,0.0,728.9294403731594,641.1368887728913,1929.680908203125,True,0.0,527,7.771561172376096e-16,-1.0003600897130414,0.0005385109508608325,True,528,magic-formula,-16.209532318925522,-0.010496893778989144,5.349145498888351,1,1,0.9999999999999999,0.04993751909558716,False,normal,527,0.04993056942510911,1,1,0.9999999999999999,0.04945926120145549,False,normal,527,0.0494314977086091,1,1,0.9999999999999999,1.0002763831718566,False,normal,527,1.0002847291898933,1,1,0.9999999999999999,1.0003577054199593,False,normal,527,1.0003684901660361,7.042490115236585,41.94741475398825
294,2.45,0,0.0,1,1,,-0.0025448196101933718,42.28687286376953,0.4186229109764099,0.07956118881702423,6.608461856842041,-1.1018871068954468,0.0033379357773810625,-0.8440733551979065,43.38420486450195,0.3299390375614166,-0.19221560657024384,0.9813524484634399,0.0006752075278200209,-0.00016192859038710594,0.8359250426292419,43.38653564453125,0.3299390375614166,-0.18802857398986816,0.9821633100509644,0.0006758920499123633,-0.00015904748579487205,-0.8410203456878662,41.183799743652344,0.32993900775909424,0.9116037487983704,0.41106942296028137,0.0003117253945674747,0.0006204461678862572,0.838978111743927,41.18613052368164,0.3299390375614166,0.9120314121246338,0.41011980175971985,0.0003110790567006916,0.0006207704427652061,asphalt,0.0,0.0,1,900.0000248846845,1,-8.678150177001953,-0.01678445376455784,18.745864899067332,159.99986561066513,-0.0,7876.1150135942025,3895.8849864057975,0.002989804605022073,0.036286156156893803,True,-0.0,True,0,0,-0.0049085780046880245,6.608461380004883,0.08174777030944824,False,True,-0.8440837860107422,43.37785720825195,3.725290298461914e-08,0.0,0.0,1.0,3956.200439453125,3956.200439453125,0.3175918757915497,0.0824081301689148,0.0,asphalt,True,0.8359146118164062,43.380191802978516,0.0,0.0,0.0,1.0,3961.2841796875,3961.2841796875,0.3174940049648285,0.08250600099563599,0.0,asphalt,True,-0.8410307168960571,41.177452087402344,-3.725290298461914e-09,0.0,0.0,1.0,1924.714111328125,1924.714111328125,0.3599065840244293,0.040093421936035156,0.0,asphalt,True,0.8389676809310913,41.179786682128906,1.1175870895385742e-08,0.0,0.0,1.0,1929.7965087890625,1929.7965087890625,0.35980865359306335,0.04019135236740112,0.0,asphalt,534,19.023556623997308,122.11604061234326,19.04255030715666,6.607632160186768,0.0010335473343729973,-0.04992082886441009,0.00015641720072909494,-3142.9064798330764,-6.5006209274864295,0.0,1092.9599999999998,1092.9599999999998,3956.2119140625,True,0.0,533,1.4534094149791152e-06,-0.04967889043346202,0.00012330381511468837,True,534,magic-formula,-26.46395154881281,0.101829974827162,9.107999999999999,19.048653820847665,122.12457092887735,19.067647504007017,6.612658500671387,0.0010335426777601242,-0.04939053479905193,0.00015629760243010744,-3165.310717281681,-47.49348347404944,0.0,1092.9599999999998,1092.9599999999998,3961.268798828125,True,0.0,533,1.5755133070523798e-06,-0.05017204515788723,0.0009033594855680448,True,534,magic-formula,-26.46509623954583,-0.23580244567224468,9.107999999999999,-0.005957545825975614,36.83262421600267,0.013036137333375735,6.607632637023926,0.007616360671818256,-1.0002975332060011,0.0011526605241403626,-1940.1678507381503,-1.8477373957307184,0.0,728.9294486564106,637.96873474598,1924.7283935546875,True,0.0,533,4.54749302446187e-13,-1.0002965991516743,0.0011431699338190623,True,534,magic-formula,-16.16788705440588,-0.01884406200298406,5.335402639984306,-0.007715603317326047,36.83470967571522,0.011278079842025302,6.612658500671387,0.007616356015205383,-1.0003850416733995,0.0011517837563310405,-1945.2477491182192,-1.0295040651222942,0.0,728.9294486564106,641.1688821478635,1929.781005859375,True,0.0,533,2.273746512230935e-13,-1.0003835863429984,0.0006353322330587616,True,534,magic-formula,-16.210337129331904,-0.012015424836089961,5.349411134427285,1,1,0.9999999999999999,0.049923281160266474,False,normal,533,0.04991597323834801,1,1,0.9999999999999999,0.04940094811984134,False,normal,533,0.04937026301441515,1,1,0.9999999999999999,1.00029431265663,False,normal,533,1.0003037522005598,1,1,0.9999999999999999,1.0003808804049577,False,normal,533,1.0003930820500913,6.608463202981013,42.286873304732836
300,2.5,0,0.0,1,1,,-0.002796649932861328,42.60462951660156,0.4186227321624756,0.08846191316843033,6.174535274505615,-1.1018894910812378,0.0034860887099057436,-0.8444957137107849,43.70182800292969,0.32993897795677185,0.2626495361328125,0.9648910164833069,0.0007522968226112425,0.00017325705266557634,0.8355022072792053,43.70442199707031,0.32993897795677185,0.26717397570610046,0.9636480212211609,0.0007514756289310753,0.00017678498988971114,-0.8411009907722473,41.501426696777344,0.329939067363739,0.9116036891937256,0.411069393157959,0.00034482270712032914,0.0006906996131874621,0.8388969302177429,41.5040168762207,0.3299390375614166,0.912031352519989,0.4101197421550751,0.0003441031731199473,0.0006910583470016718,asphalt,0.0,0.0,1,900.0000150933242,1,-8.676146507263184,-0.0172896645963192,16.389724245912426,160.00001161389312,-0.0,7875.581976662657,3896.4180233373427,0.00318735814653337,0.040163905212705735,True,-0.0,True,0,0,-0.0051220920868217945,6.174534320831299,0.0817476287484169,False,True,-0.844506025314331,43.69548034667969,-4.470348358154297e-08,0.0,0.0,1.0,3956.12060546875,3956.12060546875,0.31759390234947205,0.08240610361099243,0.0,asphalt,True,0.8354918956756592,43.69807815551758,-2.9802322387695312e-08,0.0,0.0,1.0,3961.3642578125,3961.3642578125,0.31749168038368225,0.08250832557678223,0.0,asphalt,True,-0.8411113023757935,41.495079040527344,2.2351741790771484e-08,0.0,0.0,1.0,1924.6370849609375,1924.6370849609375,0.3599085509777069,0.04009145498275757,0.0,asphalt,True,0.8388866186141968,41.49767303466797,3.3527612686157227e-08,0.0,0.0,1.0,1929.87646484375,1929.87646484375,0.3598063290119171,0.04019367694854736,0.0,asphalt,540,17.77407735511876,123.03441752022479,17.79307095073379,6.173539161682129,0.000965658575296402,-0.0499055122878641,0.0001564189587416063,-3141.6269920358077,-6.370692482119157,0.0,1092.9599999999998,1092.9599999999998,3956.135009765625,True,0.0,539,2.4221259522848574e-06,-0.04964664376710422,0.00012081007671417413,True,540,magic-formula,-26.46422245457356,0.11302963849141001,9.107999999999999,17.800391485098412,123.04380060224234,17.81938508071344,6.178897380828857,0.000965646468102932,-0.049324041485456424,0.0001562813558350101,-3164.91379646763,-50.219111311685026,0.0,1092.9599999999998,1092.9599999999998,3961.3525390625,True,0.0,539,2.8783784103030863e-06,-0.05016008079651053,0.0009550947975510274,True,540,magic-formula,-26.465303583169693,-0.2480356583630748,9.107999999999999,-0.005957205188483802,36.83262421600267,0.013036390426545533,6.173539161682129,0.00798327848315239,-1.0003184360964943,0.0012931438230386943,-1940.0866473920557,-2.074760648400038,0.0,728.9294566665835,637.9419103156985,1924.6513671875,True,0.0,539,9.094951354536938e-13,-1.0003173665203784,0.0012837063565557367,True,540,magic-formula,-16.167197414462386,-0.02097868973372008,5.335175031493849,-0.007715189802084311,36.83470967571522,0.011278405812945024,6.178897380828857,0.007983277551829815,-1.0004120496712872,0.0012920222844903832,-1945.324941471891,-1.1997280204029168,0.0,728.9294566665835,641.1943258709456,1929.8619384765625,True,0.0,539,4.547482182473749e-13,-1.000410383982263,0.0007403720322571097,True,540,magic-formula,-16.210975771178635,-0.013674230605339413,5.349621874498603,1,1,0.9999999999999999,0.04990810773336074,False,normal,539,0.04990052263776277,1,1,0.9999999999999999,0.049335632631058744,False,normal,539,0.04930147031920886,1,1,0.9999999999999999,1.0003147512931205,False,normal,539,1.0003255481879534,1,1,0.9999999999999999,1.000407288647634,False,normal,539,1.0004212400820138,6.1745364453496405,42.604630057453726
306,2.55,0,0.0,1,1,,-0.0030577825382351875,42.90071105957031,0.41862255334854126,0.09790611267089844,5.740698337554932,-1.1018915176391602,0.0036106400657445192,-0.8449379801750183,43.997772216796875,0.32993900775909424,0.639415442943573,0.7688610553741455,0.0006765863508917391,0.0005217026337049901,0.8350595831871033,44.000640869140625,0.32993897795677185,0.6433577537536621,0.7655651569366455,0.0006738966330885887,0.000525172334164381,-0.8411805629730225,41.79737091064453,0.3299390375614166,0.9116036891937256,0.4110693335533142,0.0003796835371758789,0.0007653646753169596,0.8388170003890991,41.80023956298828,0.32993900775909424,0.9120312929153442,0.4101196825504303,0.00037888623774051666,0.0007657597307115793,asphalt,0.0,0.0,1,900.0000091545639,1,-8.674428939819336,-0.017645984888076782,14.192207967223679,159.99992865751358,-0.0,7875.080395040934,3896.9196049590664,0.0033709269482642412,0.044318991422146306,True,-0.0,True,0,0,-0.005286910105496645,5.740697383880615,0.08174742013216019,False,True,-0.844947874546051,43.991424560546875,-7.450580596923828e-09,0.0,0.0,1.0,3956.0673828125,3956.0673828125,0.3175954520702362,0.08240455389022827,0.0,asphalt,True,0.8350496292114258,43.99429702758789,2.2351741790771484e-08,0.0,0.0,1.0,3961.425048828125,3961.425048828125,0.3174895942211151,0.08251041173934937,0.0,asphalt,True,-0.8411905169487,41.79102325439453,1.1175870895385742e-08,0.0,0.0,1.0,1924.5765380859375,1924.5765380859375,0.3599102795124054,0.04008972644805908,0.0,asphalt,True,0.8388070464134216,41.79389572143555,4.0978193283081055e-08,0.0,0.0,1.0,1929.9310302734375,1929.9310302734375,0.3598044216632843,0.040195584297180176,0.0,asphalt,546,16.524864394326496,123.89035403890468,16.54385834570675,5.739547252655029,0.0008817287161946297,-0.04988930135470665,0.00015362339056455127,-3140.231756851991,-6.097370191690904,0.0,1092.9599999999998,1092.9599999999998,3956.0751953125,True,0.0,545,0.00021090488024154712,-0.04961099719863147,0.00011559525586630413,True,546,magic-formula,-26.464452254483025,0.12689864923920066,9.107999999999999,16.552333309330464,123.90063133331893,16.571327260710717,5.745213508605957,0.000881723128259182,-0.04924856423578904,0.00015347090582724487,-3164.475822211889,-53.22112898359509,0.0,1092.9599999999998,1092.9599999999998,3961.415283203125,True,0.0,545,0.0002462085634815192,-0.0501475403652426,0.0010120758936938206,True,546,magic-formula,-26.4654795431519,-0.261086952907693,9.107999999999999,-0.005957107625486053,36.83262421600267,0.013036843754766785,5.7395477294921875,0.008303357288241386,-1.0003425087845004,0.0014466909043782913,-1940.0116548256422,-2.3236770700197997,0.0,728.9294665641675,637.9171503503264,1924.5810546875,True,0.0,545,2.273806142312601e-13,-1.0003412717716613,0.001437806912867454,True,546,magic-formula,-16.166557538338246,-0.02333222417946492,5.334964011244308,-0.007715023892622405,36.83470967571522,0.011278927487630434,5.745213985443115,0.008303350768983364,-1.0004431441354518,0.0014452629630012303,-1945.3816511457483,-1.3832693009894736,0.0,728.9294665641675,641.2130187063392,1929.9232177734375,True,0.0,545,6.821227971909459e-13,-1.0004412186670277,0.0008536397708491436,True,546,magic-formula,-16.211442997613254,-0.015479897189705626,5.349776191597853,1,1,0.9999999999999999,0.04989219008126789,False,normal,545,0.049883965033042696,1,1,0.9999999999999999,0.04926207284819239,False,normal,545,0.04922344756479672,1,1,0.9999999999999999,1.0003382457264476,False,normal,545,1.0003507160042673,1,1,0.9999999999999999,1.0004376384666045,False,normal,545,1.0004537457730098,5.740699818376868,42.90071171567792
312,2.6,0,0.0,1,1,,-0.0033254395239055157,43.17509460449219,0.41862237453460693,0.10784393548965454,5.306948661804199,-1.1018924713134766,0.0037069804966449738,-0.8453959226608276,44.272010803222656,0.32993894815444946,0.8868545889854431,0.4620476961135864,0.0004632371128536761,0.0008191370870918036,0.8346010446548462,44.275169372558594,0.32993897795677185,0.8894298076629639,0.4570707678794861,0.00045863958075642586,0.0008217201102524996,-0.8412569761276245,42.07160949707031,0.32993897795677185,0.9116036295890808,0.41106927394866943,0.00041609269101172686,0.0008440621895715594,0.8387399911880493,42.07476806640625,0.32993894815444946,0.9120312333106995,0.4101196527481079,0.00041521337698213756,0.0008444952545687556,asphalt,0.0,0.0,1,900.0000055525237,1,-8.672597885131836,-0.01783594861626625,12.153196576370174,159.99986395153755,-0.0,7874.608073156288,3897.391926843712,0.0035346434451639652,0.04876382318929123,True,-0.0,True,0,0,-0.005391197744756937,5.306948184967041,0.08174695819616318,False,True,-0.8454053401947021,44.265663146972656,-1.4901161193847656e-08,0.0,0.0,1.0,3956.028564453125,3956.028564453125,0.31759676337242126,0.08240324258804321,0.0,asphalt,True,0.8345916271209717,44.26882553100586,0.0,0.0,0.0,1.0,3961.452880859375,3961.452880859375,0.31748804450035095,0.08251196146011353,0.0,asphalt,True,-0.841266393661499,42.06526184082031,0.0,0.0,0.0,1.0,1924.539794921875,1924.539794921875,0.35991159081459045,0.04008841514587402,0.0,asphalt,True,0.8387305736541748,42.068424224853516,-3.3527612686157227e-08,0.0,0.0,1.0,1929.9599609375,1929.9599609375,0.3598029315471649,0.04019707441329956,0.0,asphalt,552,15.275913264044751,124.68386540933533,15.294907548838486,5.305660724639893,0.0007829926908016205,-0.04987302453703049,0.00014757684777714795,-3138.718732021873,-5.65834543216218,0.0,1092.9599999999998,1092.9599999999998,3956.035888671875,True,0.0,551,0.0007326638634754582,-0.049571832320350416,0.00010723907805751524,True,552,magic-formula,-26.46469743589502,0.14395977999619897,9.107999999999999,15.304447379679251,124.69507296986978,15.323441664472986,5.311602592468262,0.0007829908281564713,-0.04916312028772483,0.00014741140905293623,-3163.998849813213,-56.578611942181716,0.0,1092.9599999999998,1092.9599999999998,3961.44921875,True,0.0,551,0.000867316211186712,-0.05013466663106693,0.0010758094075812798,True,552,magic-formula,-26.46562428150181,-0.2752809954121266,9.107999999999999,-0.005957062766840465,36.83262421600267,0.013037222026894085,5.305660724639893,0.008564908988773823,-1.000370515721808,0.0016142949942300408,-1939.9720266249421,-2.5964129837521095,0.0,728.9294762512775,637.9040667967319,1924.5465087890625,True,0.0,551,3.1086244689504383e-15,-1.000369068870985,0.0016066431691464664,True,552,magic-formula,-16.166209878404885,-0.025929591072785835,5.334849328070731,-0.007714944640141746,36.83470967571522,0.011279340153592804,5.311602592468262,0.008564908988773823,-1.0004793151759614,0.0016124891530194748,-1945.4111971618793,-1.5798867330608815,0.0,728.9294762512775,641.2227590802506,1929.9583740234375,True,0.0,551,9.095055437300304e-13,-1.0004770643932213,0.000974995893235068,True,552,magic-formula,-16.21168295677336,-0.01743917195376772,5.349855441575423,1,1,0.9999999999999999,0.049875837949454514,False,normal,551,0.04986761206512345,1,1,0.9999999999999999,0.04917821665791926,False,normal,551,0.04913391575160143,1,1,0.9999999999999999,1.0003655317902147,False,normal,551,1.000380079116054,1,1,0.9999999999999999,1.000472879435315,False,normal,551,1.0004916667542356,5.306950923358731,43.175095391248156
318,2.65,0,0.0,1,1,,-0.003596243681386113,43.42779541015625,0.4186221957206726,0.11820782721042633,4.873279571533203,-1.1018927097320557,0.003770876908674836,-0.8458651900291443,44.524559020996094,0.32993900775909424,0.9934226274490356,0.1145002543926239,0.00015072587120812386,0.001020377385430038,0.8341311812400818,44.52802276611328,0.3299390375614166,0.9941005110740662,0.108457550406456,0.00014451859169639647,0.0010212749475613236,-0.8413282632827759,42.32415771484375,0.3299390375614166,0.9116035103797913,0.4110693037509918,0.0004537744680419564,0.0009262707899324596,0.8386681079864502,42.32762145996094,0.32993900775909424,0.9120311737060547,0.4101196527481079,0.00045280950143933296,0.000926742737647146,asphalt,0.0,0.0,1,900.0000033677759,1,-8.671167373657227,-0.017851078882813454,10.272576861238035,159.99971794830955,-0.0,7874.161882683386,3897.8381173166144,0.0036721464712172747,0.05351725198351586,True,-0.0,True,0,0,-0.005422943737357855,4.873279094696045,0.08174635469913483,False,True,-0.8458738327026367,44.51821517944336,2.2351741790771484e-08,0.0,0.0,1.0,3956.02197265625,3956.02197265625,0.31759747862815857,0.08240252733230591,0.0,asphalt,True,0.8341225385665894,44.52167892456055,3.725290298461914e-08,0.0,0.0,1.0,3961.45849609375,3961.45849609375,0.31748685240745544,0.08251315355300903,0.0,asphalt,True,-0.8413369059562683,42.31781005859375,3.725290298461914e-08,0.0,0.0,1.0,1924.5360107421875,1924.5360107421875,0.35991230607032776,0.04008769989013672,0.0,asphalt,True,0.8386594653129578,42.3212776184082,7.450580596923828e-09,0.0,0.0,1.0,1929.971435546875,1929.971435546875,0.3598017394542694,0.04019826650619507,0.0,asphalt,558,14.027218752422124,125.41496737212738,14.04621355503121,4.8718767166137695,0.0006713438779115677,-0.04985646034230805,0.00013779984854149838,-3137.062666319186,-5.031216531268953,0.0,1092.9599999999998,1092.9599999999998,3956.023193359375,True,0.0,557,1.155529950584189e-09,-0.04952840872222445,9.532030736312654e-05,True,558,magic-formula,-26.46490938108232,0.16484619360923977,9.107999999999999,14.056706576081547,125.4271344813206,14.075701378690633,4.878049373626709,0.0006713522598147392,-0.04906391575570658,0.00013762719565850893,-3163.4780320120285,-60.40569932046695,0.0,1092.9599999999998,1092.9599999999998,3961.45556640625,True,0.0,557,1.6803175586849534e-09,-0.05012138987340694,0.0011484636508819685,True,558,magic-formula,-26.465731319883318,-0.29111994689857856,9.107999999999999,-0.005957129252236089,36.83262421600267,0.013037673356849949,4.8718767166137695,0.008755841292440891,-1.0004035103446962,0.0017972195058762034,-1939.9533088152969,-2.895391472841681,0.0,728.9294857348547,637.8978980299397,1924.5335693359375,True,0.0,557,7.105427357601002e-15,-1.00040179525286,0.001791724603667519,True,558,magic-formula,-16.166033322130403,-0.028802914450238394,5.334791097417616,-0.007714993999038701,36.83470967571522,0.011279808610047336,4.878049373626709,0.008755835704505444,-1.000521919280573,0.0017949441735023077,-1945.4128708005462,-1.7891794795272309,0.0,728.9294857348547,641.2233106897659,1929.9669189453125,True,0.0,557,4.54786868338622e-13,-1.0005192528218763,0.001104202289612654,True,558,magic-formula,-16.211689502525715,-0.01956049730721614,5.349857628690944,1,1,0.9999999999999999,0.049859149087033934,False,normal,557,0.049850851835331667,1,1,0.9999999999999999,0.04908153346639519,False,normal,557,0.049030564728770036,1,1,0.9999999999999999,1.0003976066891431,False,normal,557,1.0004147716423586,1,1,0.9999999999999999,1.000514297806601,False,normal,557,1.0005364699669081,4.873282111998061,43.42779634211057
324,2.7,0,0.0,1,1,,-0.0038662252482026815,43.658809661865234,0.4186220169067383,0.12891145050525665,4.439684867858887,-1.1018919944763184,0.0037992852739989758,-0.8463401198387146,44.75541305541992,0.32993900775909424,0.9759842753410339,-0.21783767640590668,-0.00021256810578051955,0.0011045472929254174,0.8336556553840637,44.759193420410156,0.32993897795677185,0.9745305776596069,-0.22425155341625214,-0.000219827561522834,0.0011031253961846232,-0.8413920998573303,42.555015563964844,0.3299390375614166,0.9116034507751465,0.4110691547393799,0.0004923950182273984,0.0010113143362104893,0.838603675365448,42.55879211425781,0.329939067363739,0.9120309948921204,0.41011956334114075,0.0004913415759801865,0.0010118266800418496,asphalt,0.0,0.0,1,900.0000020426594,1,-8.669736862182617,-0.017692185938358307,8.55022561608095,159.99968310663013,-0.0,7873.746246387918,3898.2537536120817,0.003776669967919588,0.05860806329690611,True,-0.0,True,0,0,-0.00537050561979413,4.43968391418457,0.0817454606294632,False,True,-0.8463477492332458,44.74906921386719,-7.450580596923828e-09,0.0,0.0,1.0,3956.04296875,3956.04296875,0.31759771704673767,0.0824022889137268,0.0,asphalt,True,0.8336480855941772,44.75284957885742,7.450580596923828e-09,0.0,0.0,1.0,3961.431396484375,3961.431396484375,0.31748631596565247,0.08251368999481201,0.0,asphalt,True,-0.8413996696472168,42.548667907714844,1.1175870895385742e-08,0.0,0.0,1.0,1924.5594482421875,1924.5594482421875,0.35991254448890686,0.04008746147155762,0.0,asphalt,True,0.8385960459709167,42.55244827270508,7.450580596923828e-09,0.0,0.0,1.0,1929.9510498046875,1929.9510498046875,0.3598010838031769,0.0401989221572876,0.0,asphalt,564,12.77876372588864,126.08367495821648,12.797758506145984,4.4381937980651855,0.00054931640625,-0.04984049335979129,0.0001237702607048087,-3135.2476007574396,-4.191066530939923,0.0,1092.9599999999998,1092.9599999999998,3956.037109375,True,0.0,563,1.9218355995925257e-08,-0.04948027008950586,7.937176129549897e-05,True,564,magic-formula,-26.46512319321246,0.19036168079461493,9.107999999999999,12.809070134145347,126.0968225866824,12.828064914402692,4.444541931152344,0.0005493154749274254,-0.048947403411711006,0.00012359327027161557,-3162.9054767237117,-64.86758191274428,0.0,1092.9599999999998,1092.9599999999998,3961.4375,True,0.0,563,2.8396672588618787e-08,-0.050107423784264186,0.001233174671742712,True,564,magic-formula,-26.465817178134415,-0.309372742631977,9.107999999999999,-0.0059567463138822715,36.83262421600267,0.013038033943461974,4.4381937980651855,0.008863752707839012,-1.0004429113222677,0.0019971504910433423,-1939.961535266017,-3.2239276185164107,0.0,728.9294943128099,637.9006294872834,1924.5484619140625,True,0.0,563,2.2760297700003776e-13,-1.0004408460796157,0.0019950980695176597,True,564,magic-formula,-16.166077224618498,-0.031996451503707245,5.3348054654474275,-0.007714617347900963,36.83470967571522,0.011280162909443283,4.444541931152344,0.008863750845193863,-1.0005727977740435,0.0019942975522464087,-1945.3911789508154,-2.0105120399549286,0.0,728.9294943128099,641.2161615576375,1929.95361328125,True,0.0,563,1.1102230246251565e-14,-1.0005695891021813,0.0012408750661388737,True,564,magic-formula,-16.211499858882625,-0.021854998820178086,5.349794934874474,1,1,0.9999999999999999,0.04984304874887871,False,normal,563,0.04983518728687829,1,1,0.9999999999999999,0.0489682198918907,False,normal,563,0.048907492593018534,1,1,0.9999999999999999,1.0004358150668131,False,normal,563,1.0004564270773575,1,1,0.9999999999999999,1.0005636362634296,False,normal,563,1.0005902498340602,4.43968716242483,43.658810751668064
330,2.75,0,0.0,1,1,,-0.004130852874368429,43.86814880371094,0.41862183809280396,0.1398489624261856,4.006154537200928,-1.1018906831741333,0.00379285030066967,-0.8468140363693237,44.96459197998047,0.32993894815444946,0.8664437532424927,-0.49927324056625366,-0.0005803286912851036,0.0010733900126069784,0.8331809043884277,44.968692779541016,0.32993897795677185,0.8628891110420227,-0.5053918361663818,-0.0005879096570424736,0.001069256803020835,-0.8414459824562073,42.76419448852539,0.32993897795677185,0.9116033315658569,0.4110691547393799,0.0005315799498930573,0.001098348875530064,0.8385489583015442,42.76829147338867,0.32993900775909424,0.9120309948921204,0.41011953353881836,0.0005304358201101422,0.0010989017318934202,asphalt,0.0,0.0,1,900.0000012389355,1,-8.66848087310791,-0.017356161028146744,6.986032155060916,160.00023061873512,-0.0,7873.362709292328,3898.637290707672,0.0038413875736296177,0.06408319935579876,True,-0.0,True,0,0,-0.005222943611443043,4.006153583526611,0.08174565434455872,False,True,-0.8468204140663147,44.95824432373047,-2.9802322387695312e-08,0.0,0.0,1.0,3956.100830078125,3956.100830078125,0.31759753823280334,0.08240246772766113,0.0,asphalt,True,0.8331745862960815,44.96234893798828,-7.450580596923828e-09,0.0,0.0,1.0,3961.387939453125,3961.387939453125,0.3174862563610077,0.08251374959945679,0.0,asphalt,True,-0.8414523601531982,42.75784683227539,-4.0978193283081055e-08,0.0,0.0,1.0,1924.62548828125,1924.62548828125,0.359912246465683,0.040087759494781494,0.0,asphalt,True,0.8385425806045532,42.76194763183594,-1.1175870895385742e-08,0.0,0.0,1.0,1929.906494140625,1929.906494140625,0.3598010241985321,0.04019898176193237,0.0,asphalt,570,11.530535922879281,126.69000316274446,11.549530773917141,4.004608631134033,0.00041913334280252457,-0.04982553726538981,0.00010466274731905509,-3133.2498686539047,-3.0960274668815613,0.0,1092.9599999999998,1092.9599999999998,3956.09375,True,0.0,569,0.0004159701756709813,-0.04942648705658532,5.860713749715977e-05,True,570,magic-formula,-26.465334075379214,0.22168317722546324,9.107999999999999,11.56149733125956,126.70414238427605,11.58049218229742,4.011065483093262,0.00041911937296390533,-0.0488078204164923,0.00010449078261253608,-3162.2774650629867,-70.19315969098355,0.0,1092.9599999999998,1092.9599999999998,3961.39208984375,True,0.0,569,0.0004924656853130703,-0.05009282641816915,0.001334293677794514,True,570,magic-formula,-26.465868850618975,-0.3311100169784761,9.107999999999999,-0.005956405027411256,36.83262421600267,0.013038446010448661,4.004609107971191,0.00887586735188961,-1.0004908378336186,0.002216409287007069,-1940.0204658254013,-3.5866440832842885,0.0,728.9295045418761,637.9200929919571,1924.6151123046875,True,0.0,569,9.097045790976073e-13,-1.0004883030133167,0.002219598992518458,True,570,magic-formula,-16.16653825261359,-0.035572478888072745,5.334957482376197,-0.007714329223727686,36.83470967571522,0.01128052181413223,4.011065483093262,0.00887586735188961,-1.0006346764106846,0.002212841675585728,-1945.343231548829,-2.2427857949575807,0.0,728.9295045418761,641.2003579497833,1929.916015625,True,0.0,569,2.042810365310288e-14,-1.0006307412358288,0.0013843514763434482,True,570,magic-formula,-16.21108946618435,-0.024336850897648567,5.349659397560705,1,1,0.9999999999999999,0.04982809160775675,False,normal,569,0.049822263573739804,1,1,0.9999999999999999,0.04883319346086022,False,normal,569,0.04876080211678026,1,1,0.9999999999999999,1.0004821446680743,False,normal,569,1.0005073135542535,1,1,0.9999999999999999,1.000623453035193,False,normal,569,1.000655950874841,4.006156988179954,43.86815006084738
336,2.8,0,0.0,1,1,,-0.004385099280625582,44.05581283569336,0.41862165927886963,0.15089429914951324,3.572685956954956,-1.1018892526626587,0.0037551450077444315,-0.8472796082496643,45.152095794677734,0.32993900775909424,0.7004666924476624,-0.7136837840080261,-0.0009163805516436696,0.0009453174425289035,0.8327144980430603,45.156517028808594,0.32993897795677185,0.6950452327728271,-0.718964695930481,-0.0009235087200067937,0.0009383550495840609,-0.8414874076843262,42.951698303222656,0.32993897795677185,0.9116031527519226,0.4110690951347351,0.0005709052202291787,0.0011863582767546177,0.8385066986083984,42.956119537353516,0.32993900775909424,0.912030816078186,0.4101194441318512,0.000569669296965003,0.0011869522277265787,asphalt,0.0,0.0,1,900.0000007514524,1,-8.667281150817871,-0.016895398497581482,5.579914366652069,160.0009257931957,-0.0,7873.006828271139,3898.993171728861,0.003859015414491296,0.07001376206707555,True,-0.0,True,0,0,-0.004971492104232311,3.5726852416992188,0.08174790441989899,False,True,-0.8472845554351807,45.145748138427734,0.0,0.0,0.0,1.0,3956.177734375,3956.177734375,0.31759676337242126,0.08240324258804321,0.0,asphalt,True,0.832709550857544,45.150169372558594,-2.9802322387695312e-08,0.0,0.0,1.0,3961.336669921875,3961.336669921875,0.3174866735935211,0.08251333236694336,0.0,asphalt,True,-0.8414922952651978,42.945350646972656,-1.862645149230957e-08,0.0,0.0,1.0,1924.69921875,1924.69921875,0.3599115312099457,0.0400884747505188,0.0,asphalt,True,0.8385018110275269,42.949771881103516,-1.862645149230957e-08,0.0,0.0,1.0,1929.8582763671875,1929.8582763671875,0.35980138182640076,0.04019862413406372,0.0,asphalt,576,10.282519815753773,127.23396660354437,10.301514638851955,3.5711257457733154,0.0002853395417332649,-0.04981460167991024,7.990184648741458e-05,-3131.040875241337,-1.7107389907905197,0.0,1092.9599999999998,1092.9599999999998,3956.162353515625,True,0.0,575,0.00024224592336122633,-0.04936700309567028,3.2367766466140566e-05,True,576,magic-formula,-26.46551090786275,0.26025718987184776,9.107999999999999,10.31396271603134,127.24909743626688,10.332957539129522,3.5776119232177734,0.00028535258024930954,-0.04863697646974767,7.976062965139696e-05,-3161.5847794368183,-76.7496319917142,0.0,1092.9599999999998,1092.9599999999998,3961.34814453125,True,0.0,575,0.0002983815832665472,-0.05007691287430022,0.0014587806877304618,True,576,magic-formula,-26.46588066049754,-0.35818506942519823,9.107999999999999,-0.005955868152077995,36.83262421600267,0.013038954946104683,3.5711257457733154,0.008780761621892452,-1.000550368883681,0.0024588167853681277,-1940.083193202432,-3.990727012595183,0.0,728.9295154743012,637.940815979906,1924.6875,True,0.0,575,2.312545257978082e-13,-1.0005471841728906,0.002469730723442681,True,576,magic-formula,-16.167023544040998,-0.03962605990373471,5.335117499400126,-0.007713848259912541,36.83470967571522,0.011280974838270137,3.5776121616363525,0.008780775591731071,-1.0007115276365246,0.0024543627323241114,-1945.28452532766,-2.4849953003395977,0.0,728.9295154743012,641.1810080949982,1929.8701171875,True,0.0,575,1.137524693869109e-12,-1.0007065883291317,0.0015340167585924482,True,576,magic-formula,-16.210586754697164,-0.027032452320218697,5.349493379030147,1,1,0.9999999999999999,0.04981601195948788,False,normal,575,0.04981097108488331,1,1,0.9999999999999999,0.04866813234319724,False,normal,575,0.04857825592479173,1,1,0.9999999999999999,1.00053946980939,False,normal,575,1.0005709242093166,1,1,0.9999999999999999,1.0006974569760445,False,normal,575,1.00073805682577,3.572688700683163,44.055814265113476
342,2.85,0,0.0,1,1,,-0.004623608663678169,44.221805572509766,0.41862162947654724,0.1619008183479309,3.1392717361450195,-1.1018877029418945,0.003685290226712823,-0.8477285504341125,45.31792449951172,0.3299390375614166,0.5100517272949219,-0.8601425886154175,-0.0011983219301328063,0.0007479694322682917,0.8322647213935852,45.322669982910156,0.3299390375614166,0.5031053423881531,-0.8642240166664124,-0.0012043091701343656,0.0007382908370345831,-0.8415136337280273,43.11752700805664,0.329939067363739,0.9116030931472778,0.4110690653324127,0.0006098375888541341,0.001274178852327168,0.8384796380996704,43.12227249145508,0.3299390375614166,0.9120307564735413,0.4101194739341736,0.0006085102795623243,0.0012748133158311248,asphalt,0.0,0.0,1,900.0000004557788,1,-8.666227340698242,-0.016345757991075516,4.331785363462728,160.0009822035338,-0.0,7872.680134731758,3899.319865268242,0.00382268731482327,0.07648905253902741,True,-0.0,True,0,0,-0.0046109785325825214,3.1392712593078613,0.0817512795329094,False,True,-0.8477318286895752,45.31157684326172,2.2351741790771484e-08,0.0,0.0,1.0,3956.260986328125,3956.260986328125,0.3175956904888153,0.08240431547164917,0.0,asphalt,True,0.8322614431381226,45.31632614135742,2.2351741790771484e-08,0.0,0.0,1.0,3961.25732421875,3961.25732421875,0.3174876272678375,0.08251237869262695,0.0,asphalt,True,-0.8415169715881348,43.11117935180664,2.60770320892334e-08,0.0,0.0,1.0,1924.7847900390625,1924.7847900390625,0.35991033911705017,0.04008966684341431,0.0,asphalt,True,0.8384763598442078,43.11592483520508,3.725290298461914e-09,0.0,0.0,1.0,1929.777099609375,1929.777099609375,0.35980233550071716,0.040197670459747314,0.0,asphalt,582,9.03469665610276,127.71557987071402,9.053691140199525,3.137742280960083,0.00014990568161010742,-0.04981045938494021,4.777501403021175e-05,-3128.5826206668357,0.05449184174948874,0.0,1092.9599999999998,1092.9599999999998,3956.244384765625,True,0.0,581,5.473361206512781e-05,-0.049300808412344306,-1.0304370284942918e-06,True,582,magic-formula,-26.465681623245988,0.30852448257619,9.107999999999999,9.06641816940002,127.73168964993835,9.085412653496785,3.144167423248291,0.0001498991623520851,-0.048422811781757176,4.7675311794831666e-05,-3160.8192202750415,-85.06317682851017,0.0,1092.9599999999998,1092.9599999999998,3961.27099609375,True,0.0,581,7.424845007645976e-05,-0.050060423919993505,0.001616654976153581,True,582,magic-formula,-26.465857657430274,-0.3932175623915866,9.107999999999999,-0.00595493785974745,36.83262421600267,0.013039546237018067,3.137742280960083,0.008565260097384453,-1.0006262877310355,0.0027297458031001432,-1940.1491629144475,-4.447006255318481,0.0,728.9295286923636,637.9626371081225,1924.765869140625,True,0.0,581,8.615330671091215e-14,-1.0006221671198101,0.0027522183672485023,True,582,magic-formula,-16.167525414010008,-0.04430155465878832,5.335283158180408,-0.007712976132579555,36.83470967571522,0.011281507964185963,3.144167423248291,0.008565266616642475,-1.0008095249969613,0.0027241696372143124,-1945.1889981874288,-2.735073111276105,0.0,728.9295286923636,641.14952107399,1929.791015625,True,0.0,581,2.429914777295875e-13,-1.000803141590349,0.0016886382740311317,True,582,magic-formula,-16.209773449467388,-0.02997784121645489,5.349225021819407,1,1,0.9999999999999999,0.049810360052005606,False,normal,581,0.04980935202282977,1,1,0.9999999999999999,0.04846219108795606,False,normal,581,0.048348799535726406,1,1,0.9999999999999999,1.0006122094610916,False,normal,581,1.0006525752206352,1,1,0.9999999999999999,1.0007913554479602,False,normal,581,1.0008434585332664,3.139274645621086,44.22180717332195
348,2.9,0,0.0,1,1,,-0.004840851295739412,44.366127014160156,0.4186217486858368,0.1727025955915451,2.7059078216552734,-1.1018869876861572,0.0035891688894480467,-0.8481523394584656,45.46208953857422,0.32993897795677185,-0.3198816776275635,0.9474562406539917,0.001417337916791439,-0.0005115761305205524,0.8318399786949158,45.4671516418457,0.3299390375614166,-0.3117886185646057,0.9501503109931946,0.0014216499403119087,-0.0004994682385586202,-0.8415224552154541,43.26169204711914,0.32993900775909424,0.9116029739379883,0.41106900572776794,0.0006478283321484923,0.001360468682833016,0.8384698629379272,43.266754150390625,0.3299390375614166,0.9120305776596069,0.4101193845272064,0.0006464110920205712,0.0013611428439617157,asphalt,0.0,0.0,1,900.0000002764439,1,-8.665314674377441,-0.015767822042107582,3.241574455822307,160.00068024231226,-0.0,7872.379572547949,3899.6204274520514,0.0037254055496305227,0.08366192863451302,True,-0.0,True,0,0,-0.004139456432312727,2.7059075832366943,0.08175374567508698,False,True,-0.848153829574585,45.45574188232422,-1.4901161193847656e-08,0.0,0.0,1.0,3956.336669921875,3956.336669921875,0.3175944983959198,0.08240550756454468,0.0,asphalt,True,0.8318384289741516,45.46080780029297,0.0,0.0,0.0,1.0,3961.15673828125,3961.15673828125,0.3174891769886017,0.08251082897186279,0.0,asphalt,True,-0.8415240049362183,43.25534439086914,-2.2351741790771484e-08,0.0,0.0,1.0,1924.865478515625,1924.865478515625,0.3599090874195099,0.04009091854095459,0.0,asphalt,True,0.8384683728218079,43.260406494140625,-3.725290298461914e-09,0.0,0.0,1.0,1929.6834716796875,1929.6834716796875,0.3598037660121918,0.040196239948272705,0.0,asphalt,588,7.787056033002656,128.13485746764212,7.806050729440969,2.704460382461548,1.4582648873329163e-05,-0.04981840090703811,5.3920733939222985e-06,-3125.832374494271,2.3623356223821688,0.0,1092.9599999999998,1092.9599999999998,3956.329345703125,True,0.0,587,5.938703433989978e-07,-0.04922704245300735,-4.464377438170127e-05,True,588,magic-formula,-26.465840103488787,0.3704192063725388,9.107999999999999,7.818834439611221,128.1519191634076,7.837829136049534,2.710721731185913,1.4576129615306854e-05,-0.04814450875306735,5.3772135470317934e-06,-3159.9684770409813,-95.97195397745472,0.0,1092.9599999999998,1092.9599999999998,3961.171630859375,True,0.0,587,1.2308186518084395e-06,-0.05004321793553742,0.0018238435428786113,True,588,magic-formula,-26.465801603275917,-0.4404586050922017,9.107999999999999,-0.005954403189497781,36.83262421600267,0.01304029324881475,2.704460382461548,0.00821574218571186,-1.0007265601172335,0.003037839624520425,-1940.2180328434101,-4.972878275149233,0.0,728.9295446309385,637.9854277342795,1924.8511962890625,True,0.0,587,7.123085717051118e-13,-1.0007210199754444,0.00307786940704171,True,588,magic-formula,-16.168035970303308,-0.0498324089324584,5.33545180288974,-0.007712504069437463,36.83470967571522,0.011282192368875068,2.710721731185913,0.008215748704969883,-1.0009389109599978,0.0030308251319506783,-1945.074383555024,-2.989499382773517,0.0,728.9295446309385,641.1117427197952,1929.6978759765625,True,0.0,587,3.0804813911277886e-13,-1.0009303420898572,0.0018460644586077077,True,588,magic-formula,-16.20879553954989,-0.033231065805147925,5.3489024732824895,1,1,0.9999999999999999,0.04981582147258801,False,normal,587,0.04982166749646156,1,1,0.9999999999999999,0.04819651625468077,False,normal,587,0.04804756916708593,1,1,0.9999999999999999,1.0007076704338285,False,normal,587,1.0007614517991583,1,1,0.9999999999999999,1.0009145416936822,False,normal,587,1.0009839333032713,2.7059107494737153,44.36612877849725
354,2.95,0,0.0,1,1,,-0.005031366366893053,44.48878479003906,0.4186219274997711,0.18311317265033722,2.272587776184082,-1.1018846035003662,0.003479649778455496,-0.8485418558120728,45.584590911865234,0.32993897795677185,-0.1466001272201538,0.9891945719718933,0.0015756699722260237,-0.00026420835638418794,0.8314495086669922,45.58995819091797,0.3299390375614166,-0.1377040147781372,0.990472137928009,0.0015779806999489665,-0.00025003665359690785,-0.8415120840072632,43.38419723510742,0.329939067363739,0.911602795124054,0.41106900572776794,0.0006843102746643126,0.0014436972560361028,0.8384792804718018,43.389564514160156,0.3299390375614166,0.9120304584503174,0.4101194441318512,0.0006828064215369523,0.0014444091357290745,asphalt,0.0,0.0,1,900.0000001676717,1,-8.664459228515625,-0.015271914191544056,2.3092125141046425,160.00010120678303,-0.0,7872.10676728878,3899.8932327112198,0.0035599409602582455,0.09176337489147351,True,-0.0,True,0,0,-0.003560925368219614,2.272588014602661,0.08175451308488846,False,True,-0.8485416173934937,45.5782470703125,-7.450580596923828e-09,0.0,0.0,1.0,3956.404296875,3956.404296875,0.3175930678844452,0.08240693807601929,0.0,asphalt,True,0.8314497470855713,45.583614349365234,-2.2351741790771484e-08,0.0,0.0,1.0,3961.057861328125,3961.057861328125,0.3174910247325897,0.08250898122787476,0.0,asphalt,True,-0.8415118455886841,43.37784957885742,1.1175870895385742e-08,0.0,0.0,1.0,1924.9481201171875,1924.9481201171875,0.3599075376987457,0.04009246826171875,0.0,asphalt,True,0.8384795188903809,43.383216857910156,0.0,0.0,0.0,1.0,1929.5926513671875,1929.5926513671875,0.35980555415153503,0.04019445180892944,0.0,asphalt,594,6.539572647188382,128.4918139889061,6.558567986239271,2.2712793350219727,-0.00012035155668854713,-0.049848717286335595,-5.2988443438086755e-05,-3122.7333143635606,5.533937903452826,0.0,1092.9599999999998,1092.9599999999998,3956.397705078125,True,0.0,593,1.5388861905826692e-09,-0.04914468941038512,-0.00010450984997315367,True,594,magic-formula,-26.465980762702085,0.45270360863724857,9.107999999999999,6.571174143702222,128.50978461522993,6.590169482753111,2.2772626876831055,-0.00012034457176923752,-0.0477657763637451,-5.284615266745844e-05,-3159.027573545021,-110.89078894868335,0.0,1092.9599999999998,1092.9599999999998,3961.072265625,True,0.0,593,0.0004987378894743884,-0.050025505501739925,0.002107241138791488,True,594,magic-formula,-26.465722927742128,-0.5072716891673251,9.107999999999999,-0.005954441598012467,36.83262421600267,0.013040897452876548,2.2712793350219727,0.007716584950685501,-1.000865136091825,0.003397448804164825,-1940.2753071131704,-5.598288668679201,0.0,728.9295605763083,638.004402327529,1924.931396484375,True,0.0,593,5.826450433232822e-13,-1.0008572917012917,0.0034653220105772624,True,594,magic-formula,-16.16842551826784,-0.05662293629290571,5.33558041822571,-0.007712594240382807,36.83470967571522,0.011282744810506208,2.2772626876831055,0.007716591004282236,-1.0011176383440927,0.003388524965419596,-1944.9534259565328,-3.2416003308262784,0.0,728.9295605763083,641.0718731584936,1929.6060791015625,True,0.0,593,5.844214001626824e-13,-1.001105531801762,0.002002215359977499,True,594,magic-formula,-16.207756092491923,-0.03688927352701442,5.348559519060086,1,1,0.9999999999999999,0.04984159163082341,False,normal,593,0.0498607519175607,1,1,0.9999999999999999,0.047838350643687126,False,normal,593,0.04763342274844449,1,1,0.9999999999999999,1.0008384859886887,False,normal,593,1.0009136843274986,1,1,0.9999999999999999,1.0010832713663105,False,normal,593,1.0011802443449695,2.272590804413576,44.48878670233854
360,3.0,0,0.0,1,1,,-0.0051901270635426044,44.589778900146484,0.41862210631370544,0.19292466342449188,1.8393059968948364,-1.1018792390823364,0.003379391971975565,-0.848888099193573,45.68544387817383,0.3299390375614166,0.00020061322720721364,0.9999985694885254,0.001683023408986628,-2.914770993811544e-05,0.8311023116111755,45.691097259521484,0.3299390375614166,0.009607496671378613,0.9999524354934692,0.0016832230612635612,-1.3314378520590253e-05,-0.8414815068244934,43.485050201416016,0.32993900775909424,0.9116026759147644,0.41106900572776794,0.000718716299161315,0.0015221248613670468,0.8385089039802551,43.49070358276367,0.3299390375614166,0.9120303392410278,0.41011935472488403,0.0007171306060627103,0.0015228725969791412,asphalt,0.0,0.0,1,900.000000101698,1,-8.663718223571777,-0.01503209862858057,1.5346416652281913,159.99946410178813,-0.0,7871.8609321733975,3900.1390678266025,0.0033183381892740726,0.10113646805726405,True,-0.0,True,0,0,-0.0028879991732537746,1.8393065929412842,0.08175331354141235,False,True,-0.8488861918449402,45.67909622192383,1.4901161193847656e-08,0.0,0.0,1.0,3956.429931640625,3956.429931640625,0.3175918161869049,0.08240818977355957,0.0,asphalt,True,0.8311042189598083,45.68475341796875,1.4901161193847656e-08,0.0,0.0,1.0,3960.991455078125,3960.991455078125,0.3174927532672882,0.08250725269317627,0.0,asphalt,True,-0.8414795994758606,43.478702545166016,-1.1175870895385742e-08,0.0,0.0,1.0,1924.9884033203125,1924.9884033203125,0.35990622639656067,0.04009377956390381,0.0,asphalt,True,0.8385108113288879,43.48435974121094,2.60770320892334e-08,0.0,0.0,1.0,1929.540771484375,1929.540771484375,0.3598071038722992,0.04019290208816528,0.0,asphalt,600,5.2922217875112505,128.78646413098917,5.311218065335295,1.838200569152832,-0.0002573905512690544,-0.04992239737822083,-0.0001400231040650282,-3119.2082735946083,10.293129219177231,0.0,1092.9599999999998,1092.9599999999998,3956.429931640625,True,0.0,599,2.8403863748213352e-09,-0.049052248302429755,-0.0001942420305281127,True,600,magic-formula,-26.466091996424915,0.5682539040266186,9.107999999999999,5.323392366092617,128.80528281976436,5.342388643916661,1.8437778949737549,-0.00025739148259162903,-0.04721740856125753,-0.00013960004706709152,-3157.9801601282015,-132.37994085486406,0.0,1092.9599999999998,1092.9599999999998,3960.998046875,True,0.0,599,5.889014742922653e-10,-0.05000812636315889,0.0025155543140489606,True,600,magic-formula,-26.46559680901634,-0.6073504607196638,9.107999999999999,-0.005954558003941185,36.83262421600267,0.013041719820103043,1.8382004499435425,0.0070478469133377075,-1.0010689825156778,0.00383408260977488,-1940.296233251308,-6.378328781968139,0.0,728.929577287313,638.0113827185342,1924.986328125,True,0.0,599,2.7207252202126227e-12,-1.0010570271543027,0.003948904842440579,True,600,magic-formula,-16.168470483275346,-0.06542944439280818,5.335595257109398,-0.007712729164086557,36.83470967571522,0.011283548659957671,1.8437778949737549,0.007047845982015133,-1.001380426911011,0.003822484082780131,-1944.8517181088812,-3.4760856858351574,0.0,728.929577287313,641.0383485870501,1929.5462646484375,True,0.0,599,3.0468497241824624e-12,-1.0013620332875188,0.0021477101904827044,True,600,magic-formula,-16.206862343471315,-0.04111876658304123,5.348264563183266,1,1,0.9999999999999999,0.049905561116230755,False,normal,599,0.049949121966281256,1,1,0.9999999999999999,0.047325348874312334,False,normal,599,0.04702360937517826,1,1,0.9999999999999999,1.0010285974136914,False,normal,599,1.0011409277958068,1,1,0.9999999999999999,1.001328374602069,False,normal,599,1.0014731746359569,1.8393088602452008,44.58978093723029
366,3.05,0,0.0,1,1,,-0.005313122179359198,44.66910934448242,0.418622225522995,0.20190325379371643,1.4060587882995605,-1.101871132850647,0.003322180127725005,-0.8491827845573425,45.76464080810547,0.3299390375614166,0.1161106526851654,0.9932346940040588,0.0017528316238895059,0.00017572514479979873,0.8308067917823792,45.77055740356445,0.3299390375614166,0.12583479285240173,0.9920496344566345,0.0017510262550786138,0.00019288741168566048,-0.8414312601089478,43.564247131347656,0.32993900775909424,0.9116024971008301,0.41106900572776794,0.0007504735258407891,0.0015937653370201588,0.8385583162307739,43.570167541503906,0.3299390375614166,0.9120301604270935,0.41011935472488403,0.0007488132687285542,0.0015945460181683302,asphalt,0.0,0.0,1,900.000000061683,1,-8.66305923461914,-0.015359058044850826,0.9178151832675566,159.9986162875892,-0.0,7871.638974430633,3900.3610255693666,0.0029902514070272446,0.11223734263169605,True,-0.0,True,0,0,-0.0021474501118063927,1.406059980392456,0.08174967765808105,False,True,-0.8491795063018799,45.75829315185547,4.470348358154297e-08,0.0,0.0,1.0,3956.371337890625,3956.371337890625,0.31759127974510193,0.08240872621536255,0.0,asphalt,True,0.8308100700378418,45.76421356201172,1.4901161193847656e-08,0.0,0.0,1.0,3960.992431640625,3960.992431640625,0.31749388575553894,0.08250612020492554,0.0,asphalt,True,-0.8414279818534851,43.557899475097656,-3.3527612686157227e-08,0.0,0.0,1.0,1924.95947265625,1924.95947265625,0.35990533232688904,0.04009467363357544,0.0,asphalt,True,0.8385615944862366,43.563819885253906,1.862645149230957e-08,0.0,0.0,1.0,1929.5655517578125,1929.5655517578125,0.3598078787326813,0.0401921272277832,0.0,asphalt,606,4.044988656573142,129.01882332295173,4.063985679455246,1.4052292108535767,-0.00040532369166612625,-0.05008645823814552,-0.0002884395494307286,-3115.1533211990104,18.49637583735686,0.0,1092.9599999999998,1092.9599999999998,3956.38427734375,True,0.0,605,0.00022862754359747342,-0.04894812119312556,-0.0003487598409128773,True,606,magic-formula,-26.466190473074754,0.7446324402054469,9.107999999999999,4.07545505365077,129.0384088080233,4.094452076532874,1.4102555513381958,-0.0004053250886499882,-0.04634293661983873,-0.00028741250272308426,-3156.8273246608305,-165.598586551558,0.0,1092.9599999999998,1092.9599999999998,3960.9853515625,True,0.0,605,4.008160089955054e-09,-0.049994638801033275,0.0031470891512803663,True,606,magic-formula,-26.4654404800514,-0.7694666078324907,9.107999999999999,-0.005954644321590902,36.83262421600267,0.013042378560513018,1.405229091644287,0.00617805402725935,-1.0013983717230233,0.0043964462871405995,-1940.2284955422824,-7.42619280448253,0.0,728.9295941528039,637.9891065042489,1924.973876953125,True,0.0,605,1.6236148941775713e-11,-1.0013779658969642,0.004599276895580919,True,606,magic-formula,-16.16769626209164,-0.07784726830214209,5.335339668250136,-0.007712755294758571,36.83470967571522,0.01128426758734535,1.4102555513381958,0.006178053095936775,-1.0018047858381804,0.004380775930015653,-1944.794126027022,-3.6511896824510344,0.0,728.9295941528039,641.0193655097687,1929.5546875,True,0.0,605,1.641319370219659e-11,-1.0017735398602405,0.0022568922563550482,True,606,magic-formula,-16.20630826441331,-0.046217148389748434,5.3480816015935595,1,1,0.9999999999999999,,False,normal,605,,1,1,0.9999999999999999,,False,normal,605,,1,1,0.9999999999999999,,False,normal,605,,1,1,0.9999999999999999,,False,normal,605,,1.4060616202724603,44.669111476920015
372,3.1,0,0.0,1,1,,-0.005398293491452932,44.726776123046875,0.41862210631370544,0.20977303385734558,0.9728667736053467,-1.1018590927124023,0.0033619164023548365,-0.8494184613227844,45.82218933105469,0.3299390375614166,0.20005114376544952,0.9797837734222412,0.001798924058675766,0.0003373642102815211,0.8305702805519104,45.82834243774414,0.3299390375614166,0.20996025204658508,0.9777082204818726,0.0017954164650291204,0.00035555934300646186,-0.8413647413253784,43.62179946899414,0.32993900775909424,0.9116023778915405,0.41106900572776794,0.0007790179806761444,0.0016562226228415966,0.8386240005493164,43.62794876098633,0.3299390375614166,0.9120299816131592,0.4101193845272064,0.0007772926473990083,0.0016570332227274776,asphalt,0.0,0.0,1,900.0000000374126,1,-8.659528732299805,-0.016256287693977356,0.45869033176305035,160.00034178028372,-0.0,7871.439987060582,3900.560012939418,0.0025535142049193382,0.12540109487834908,True,-0.0,True,0,0,-0.0013858696911484003,0.9728682041168213,0.08174796402454376,False,True,-0.8494145274162292,45.81584548950195,7.450580596923828e-09,0.0,0.0,1.0,3956.2353515625,3956.2353515625,0.31759193539619446,0.08240807056427002,0.0,asphalt,True,0.8305742144584656,45.82199478149414,1.4901161193847656e-08,0.0,0.0,1.0,3961.171142578125,3961.171142578125,0.31749340891838074,0.08250659704208374,0.0,asphalt,True,-0.841360867023468,43.61545181274414,-1.4901161193847656e-08,0.0,0.0,1.0,1924.838134765625,1924.838134765625,0.35990557074546814,0.04009443521499634,0.0,asphalt,True,0.8386278748512268,43.621604919433594,-3.725290298461914e-09,0.0,0.0,1.0,1929.80712890625,1929.80712890625,0.35980698466300964,0.040193021297454834,0.0,asphalt,612,2.7940113198332788,129.1888928477221,2.8130101345800163,0.972403883934021,-0.000573248602449894,-0.050380148389038926,-0.0005732485396574085,-3105.359535094236,34.37085302166939,0.0,1092.9599999999998,1092.9599999999998,3956.259765625,True,0.0,611,0.00046642815059428424,-0.048698511951358214,-0.0006468080013729099,True,612,magic-formula,-26.445270054455772,1.0455887300167312,9.107999999999999,2.824886220131633,129.20914498336555,2.8438850348783706,0.976696789264679,-0.0005732448771595955,-0.04448433662123996,-0.0005732448143683343,-3152.4169843720542,-219.57087275487189,0.0,1092.9599999999998,1092.9599999999998,3961.14111328125,True,0.0,611,5.97682348278619e-07,-0.049909415270556146,0.004171500290936445,True,612,magic-formula,-26.452013377634664,-1.0527968168901929,9.107999999999999,-0.00595404610323638,36.83262421600267,0.013044768643501101,0.972403883934021,0.005049429833889008,-0.974368719148089,0.005049386919876192,-1941.091994770076,-9.02507986323056,0.0,728.929618778939,638.273664250373,1924.8572998046875,True,0.0,611,1.3982368077844443e-08,-0.9951841495875424,0.0055524565550691424,True,612,magic-formula,-16.16997812517271,-0.09796483815296295,5.336091143487005,-0.007712941209612257,36.83470967571522,0.011285873537125223,0.9766967296600342,0.00504942424595356,-0.9792420002592063,0.0050493813320832154,-1944.8854704064106,-3.620366109374463,0.0,728.929618778939,641.0494741494775,1929.7669677734375,True,0.0,611,1.420333792905326e-10,-1.0025416043632183,0.0022394500664795567,True,612,magic-formula,-16.206931817726982,-0.052714981751410726,5.348287556622926,1,1,0.9999999999999999,,False,normal,611,,1,1,0.9999999999999999,,False,normal,611,,1,1,0.9999999999999999,,False,normal,611,,1,1,0.9999999999999999,,False,normal,611,,0.9728691912154942,44.726778318407646
378,3.15,0,0.0,1,1,,-0.005443724803626537,44.762752532958984,0.41862261295318604,0.21606287360191345,0.5381507277488708,-1.1028175354003906,0.003471936332061887,-0.8495842814445496,45.85807418823242,0.3299388587474823,0.25162479281425476,0.9678229689598083,0.0018318945076316595,0.0004449753905646503,0.830403745174408,45.86440658569336,0.3299388885498047,0.26167529821395874,0.9651541113853455,0.0018271683948114514,0.00046400068094953895,-0.8412891030311584,43.65768051147461,0.3299388885498047,0.911605715751648,0.4110613465309143,0.0008024342823773623,0.0017058547819033265,0.8386989235877991,43.66402053833008,0.32993894815444946,0.9120333194732666,0.4101117253303528,0.0008006573771126568,0.0017066895961761475,asphalt,0.0,0.0,1,900.0000000226919,1,-8.723091125488281,-0.017802854999899864,0.15672208261371318,97.75747615149139,-0.0,7872.658764161035,3899.341235838965,0.0019058991456404328,0,True,-0.0,True,0,0,-0.0005819015786983073,0.5381523370742798,0.08180975168943405,False,True,-0.8495803475379944,45.851722717285156,-7.450580596923828e-09,0.0,0.0,1.0,3960.96875,3960.96875,0.3175759017467499,0.0824241042137146,0.0,asphalt,True,0.8304077386856079,45.858055114746094,2.9802322387695312e-08,0.0,0.0,1.0,3966.413330078125,3966.413330078125,0.31747403740882874,0.08252596855163574,0.0,asphalt,True,-0.8412851095199585,43.651329040527344,3.725290298461914e-09,0.0,0.0,1.0,1921.34033203125,1921.34033203125,0.3599262535572052,0.04007375240325928,0.0,asphalt,True,0.838702917098999,43.65766906738281,4.0978193283081055e-08,0.0,0.0,1.0,1926.520263671875,1926.520263671875,0.35982438921928406,0.04017561674118042,0.0,asphalt,618,1.4790385521421885,129.29476239231127,1.4973569351653313,0.5381715297698975,-0.0006034360267221928,-0.050088807562975235,-0.0006034359534781419,-3096.3576625856062,35.65162138831841,0.0,1092.9599999999998,1092.9599999999998,3959.60546875,True,0.0,617,4.516803174446625e-05,-0.048400071276737455,-0.0006687370050320258,True,618,magic-formula,-26.40035639718743,1.0776053395039233,9.107999999999999,1.5066044516851873,129.31555970304166,1.5249228347083301,0.5413767099380493,-0.0006034304387867451,-0.044197240881937494,-0.0006034303655447289,-3143.6609726500574,-217.93085829974416,0.0,1092.9599999999998,1092.9599999999998,3964.874267578125,True,0.0,617,2.797496146828272e-05,-0.04959725548337418,0.004125907205746497,True,618,magic-formula,-26.39694125895602,-1.0477883236126495,9.107999999999999,-0.005190599287665398,36.83262421600267,0.013127783735477416,0.5381715297698975,0.00359453447163105,-0.539884427534827,0.003594518990476829,-2017.8948315708774,-12.292156565418045,0.0,728.9303793396432,663.5293066684268,1922.442138671875,True,0.0,617,5.816910496373491e-09,-0.5606257147884995,0.00409808898451606,True,618,magic-formula,-16.79675833526209,-0.14510679319978956,5.542547517523964,-0.0070190922986209225,36.83470967571522,0.011299290724521892,0.5413766503334045,0.003594525158405304,-0.5436929507919495,0.0035945096773714142,-2021.516945355857,-2.0099218814846043,0.0,728.9303793396432,666.307807324726,1927.505615234375,True,0.0,617,5.497673553017766e-09,-0.5685543335073046,0.0006783517425210472,True,618,magic-formula,-16.836463236244136,-0.05933309799940417,5.555673554229916,1,1,0.9999999999999999,,False,normal,617,,1,1,0.9999999999999999,,False,normal,617,,1,1,0.9999999999999999,,False,normal,617,,1,1,0.9999999999999999,,False,normal,617,,0.5381526516779013,44.762754757185554
384,3.2,0,0.0,1,1,,-0.005448845215141773,44.776851654052734,0.4186302423477173,0.2197362184524536,0.09794650971889496,-1.1079537868499756,0.0036554026883095503,-0.84965980052948,45.87211227416992,0.3299383223056793,0.27205634117126465,0.9622794389724731,0.00185331457760185,0.0004908267874270678,0.8303278684616089,45.87855529785156,0.32993829250335693,0.28220173716545105,0.9593531489372253,0.0018480282742530107,0.000510368263348937,-0.8412235975265503,43.67171859741211,0.32993829250335693,0.9116240739822388,0.4110204875469208,0.0008169789216481149,0.0017344250809401274,0.8387640714645386,43.67816162109375,0.32993826270103455,0.9120516777038574,0.41007083654403687,0.0008151722140610218,0.0017352750292047858,asphalt,0.0,0.0,1,900.0000000137634,1,-8.762916564941406,-0.02510480396449566,0.012279197950540157,27.376550927082658,-0.0,7881.265448778916,3890.734551221084,0.0006584314396604896,0,True,-0.0,True,0,0,0.00034090704866684973,0.09794852882623672,0.08207189291715622,False,True,-0.8496562838554382,45.86573028564453,2.2351741790771484e-08,0.0,0.0,1.0,3974.81201171875,3974.81201171875,0.31748828291893005,0.08251172304153442,0.0,asphalt,True,0.8303313255310059,45.87217712402344,7.450580596923828e-09,0.0,0.0,1.0,3979.892333984375,3979.892333984375,0.3173811137676239,0.08261889219284058,0.0,asphalt,True,-0.8412202596664429,43.665340423583984,-3.725290298461914e-09,0.0,0.0,1.0,1910.012451171875,1910.012451171875,0.3600359857082367,0.03996402025222778,0.0,asphalt,True,0.838767409324646,43.671783447265625,-2.60770320892334e-08,0.0,0.0,1.0,1915.12353515625,1915.12353515625,0.35992881655693054,0.040071189403533936,0.0,asphalt,624,0.2944382250553824,129.33703156092622,0.3111668292677857,0.0988745242357254,5.4816948249936104e-05,-0.0017099099674491997,5.481694819502966e-05,-3074.650136256949,719.3299540310243,0.0,1092.9599999999998,1092.9599999999998,3973.35498046875,True,0.0,623,4.106492164805626e-09,-1.0388495619295668e-12,4.9498923514658195e-15,True,624,sticking,-26.395669583522746,6.147365912206763,9.107999999999999,0.32250951395421956,129.35814972473298,0.33923811816662286,0.09998374432325363,5.4814445320516825e-05,0.006444395281638829,5.48144452656179e-05,-3138.5027289633226,-707.3795720630652,0.0,1092.9599999999998,1092.9599999999998,3977.52001953125,True,0.0,623,1.2982406424174442e-09,3.1068203565354224e-13,3.282693127742986e-15,True,624,sticking,-26.38943738689617,-6.061681980583899,9.107999999999999,-0.003358639399072586,36.83262421600267,0.013369964813330712,0.0988745167851448,0.0015076366253197193,-0.09998286778683876,0.0015076354830512446,-2058.98852520555,-21.788262283752875,0.0,728.9347542570088,677.0253390600051,1912.29248046875,True,0.0,623,8.941668403528027e-05,-0.12027161468365377,0.0015272640229338638,True,624,magic-formula,-17.276458418079926,-0.36223904387186867,5.700861880808539,-0.005224359799561293,36.83470967571522,0.011504244412842004,0.09998374432325363,0.0015076366253197193,-0.10170778305710886,0.0015076354830512446,-2075.650273318357,25.8373249405716,0.0,728.9347542570088,684.1505657711958,1916.923583984375,True,0.0,623,6.594748952415575e-05,-0.12690161782862072,-0.0018955800470784082,True,624,magic-formula,-17.354495866069563,0.027118787968935534,5.726538830943966,1,1,0.9999999999999999,,False,normal,623,,1,1,0.9999999999999999,,False,normal,623,,1,1,0.9999999999999999,,False,normal,623,,1,1,0.9999999999999999,,False,normal,623,,0.0979491220830486,44.7768538894802
