time_s,tick,input.steering,input.throttle,input.brake,state.position.0,state.position.1,state.position.2,state.heading,state.speed,state.pitch,state.roll,state.surface,state.steering,state.throttle,state.brake,state.rpm,state.gear,state.acceleration,state.lateral_acceleration,state.dynamics.aerodynamic_force,state.dynamics.rolling_force,state.dynamics.grade_force,state.dynamics.front_load,state.dynamics.rear_load,state.dynamics.yaw_rate,state.dynamics.sideslip,state.dynamics.traction_limited,state.dynamics.road_grade,state.active,state.generation,state.signal,state.velocity.0,state.velocity.1,state.velocity.2,state.hazards,state.wheel_contacts.0.in_contact,state.wheel_contacts.0.contact_point.0,state.wheel_contacts.0.contact_point.1,state.wheel_contacts.0.contact_point.2,state.wheel_contacts.0.contact_normal.0,state.wheel_contacts.0.contact_normal.1,state.wheel_contacts.0.contact_normal.2,state.wheel_contacts.0.suspension_force,state.wheel_contacts.0.normal_load,state.wheel_contacts.0.suspension_length,state.wheel_contacts.0.compression,state.wheel_contacts.0.skid,state.wheel_contacts.0.surface,state.wheel_contacts.1.in_contact,state.wheel_contacts.1.contact_point.0,state.wheel_contacts.1.contact_point.1,state.wheel_contacts.1.contact_point.2,state.wheel_contacts.1.contact_normal.0,state.wheel_contacts.1.contact_normal.1,state.wheel_contacts.1.contact_normal.2,state.wheel_contacts.1.suspension_force,state.wheel_contacts.1.normal_load,state.wheel_contacts.1.suspension_length,state.wheel_contacts.1.compression,state.wheel_contacts.1.skid,state.wheel_contacts.1.surface,state.wheel_contacts.2.in_contact,state.wheel_contacts.2.contact_point.0,state.wheel_contacts.2.contact_point.1,state.wheel_contacts.2.contact_point.2,state.wheel_contacts.2.contact_normal.0,state.wheel_contacts.2.contact_normal.1,state.wheel_contacts.2.contact_normal.2,state.wheel_contacts.2.suspension_force,state.wheel_contacts.2.normal_load,state.wheel_contacts.2.suspension_length,state.wheel_contacts.2.compression,state.wheel_contacts.2.skid,state.wheel_contacts.2.surface,state.wheel_contacts.3.in_contact,state.wheel_contacts.3.contact_point.0,state.wheel_contacts.3.contact_point.1,state.wheel_contacts.3.contact_point.2,state.wheel_contacts.3.contact_normal.0,state.wheel_contacts.3.contact_normal.1,state.wheel_contacts.3.contact_normal.2,state.wheel_contacts.3.suspension_force,state.wheel_contacts.3.normal_load,state.wheel_contacts.3.suspension_length,state.wheel_contacts.3.compression,state.wheel_contacts.3.skid,state.wheel_contacts.3.surface,state.contact_tick,wheel0.position.0,wheel0.position.1,wheel0.position.2,wheel0.orientation.0,wheel0.orientation.1,wheel0.orientation.2,wheel0.orientation.3,wheel1.position.0,wheel1.position.1,wheel1.position.2,wheel1.orientation.0,wheel1.orientation.1,wheel1.orientation.2,wheel1.orientation.3,wheel2.position.0,wheel2.position.1,wheel2.position.2,wheel2.orientation.0,wheel2.orientation.1,wheel2.orientation.2,wheel2.orientation.3,wheel3.position.0,wheel3.position.1,wheel3.position.2,wheel3.orientation.0,wheel3.orientation.1,wheel3.orientation.2,wheel3.orientation.3
0.050000000000,6,0.0,0.0,1.0,-5.403389877756126e-06,1.1558469533920288,0.4162638187408447,0.0034051830880343914,27.674331665039062,-0.006380394566804171,2.701972334762104e-05,asphalt,0.0,0.0,0.3,2941.1714426502263,2,-2.509786605834961,-0.08447307348251343,322.15118743666426,160.0,-0.0,5997.36895023492,5774.63104976508,0.004697042517364025,-7.762611205666206e-05,False,-0.0,True,0,0,-0.001611463027074933,27.674331665039062,0.06127485632896423,False,True,-0.8401218056678772,2.4864466190338135,-2.60770320892334e-08,0.0,0.0,1.0,3282.864990234375,3282.864990234375,0.33582237362861633,0.06417763233184814,1.0,asphalt,True,0.8398781418800354,2.486612319946289,-3.725290298461914e-09,0.0,0.0,1.0,3283.59423828125,3283.59423828125,0.3358205258846283,0.06417948007583618,1.0,grass,True,-0.8399050831794739,0.28644660115242004,3.725290298461914e-09,0.0,0.0,1.0,3154.832275390625,3154.832275390625,0.33623793721199036,0.06376206874847412,1.0,asphalt,True,0.8400948643684387,0.28661206364631653,0.0,0.0,0.0,1.0,3155.558349609375,3155.558349609375,0.3362361490726471,0.06376385688781738,1.0,grass,246,-0.8400708436965942,2.2557876110076904,0.3303193747997284,0.5049740672111511,0.8631345629692078,2.5775649191928096e-05,1.4834075955150183e-05,0.8399291038513184,2.255887269973755,0.3303203880786896,0.5053030848503113,0.8629419207572937,2.5769706553546712e-05,1.484406766394386e-05,-0.839940071105957,0.05578743293881416,0.3301487863063812,0.5049740672111511,0.8631345629692078,2.5775649191928096e-05,1.4834075955150183e-05,0.8400598764419556,0.05588733032345772,0.33014973998069763,0.5053034424781799,0.8629417419433594,2.57697010965785e-05,1.4844079487374984e-05
0.100000000000,12,0.0,0.0,1.0,-0.0001870223495643586,2.537324905395508,0.41569042205810547,0.027832144871354103,27.489206314086914,-0.05872868373990059,0.0006973612471483648,asphalt,0.0,0.0,0.6,4167.361701000326,2,-4.552602291107178,-0.31908369064331055,318.2522796903868,160.0,-0.0,6187.705938263947,5584.294061736053,0.014249993488192558,0.0017271068091296382,False,-0.0,True,0,0,-0.01230471208691597,27.48920440673828,0.09394028037786484,False,True,-0.8409386873245239,3.86563777923584,2.9802322387695312e-08,0.0,0.0,1.0,3299.539306640625,3299.539306640625,0.3343399465084076,0.06566005945205688,1.0,asphalt,True,0.83906090259552,3.8666529655456543,7.450580596923828e-09,0.0,0.0,1.0,3305.643310546875,3305.643310546875,0.33431199193000793,0.06568801403045654,1.0,grass,True,-0.8396093249320984,1.6656360626220703,-1.862645149230957e-08,0.0,0.0,1.0,2890.90966796875,2890.90966796875,0.3372010290622711,0.06279897689819336,1.0,asphalt,True,0.8403903245925903,1.6666512489318848,3.725290298461914e-09,0.0,0.0,1.0,2894.740966796875,2894.740966796875,0.33717307448387146,0.06282693147659302,1.0,grass,252,-0.8407222032546997,3.6368298530578613,0.33023324608802795,-0.4995229244232178,0.866300642490387,0.00020739280444104224,-0.0001265921164304018,0.8392775058746338,3.637645959854126,0.33024075627326965,-0.4978940784931183,0.8672378063201904,0.00020759087055921555,-0.00012622489884961396,-0.8396535515785217,1.4368282556533813,0.3296271860599518,-0.4995196461677551,0.866302490234375,0.00020739321189466864,-0.00012659137428272516,0.8403461575508118,1.437644362449646,0.3296346366405487,-0.497890830039978,0.8672396540641785,0.00020759127801284194,-0.00012622417125385255
0.150000000000,18,0.0,0.0,1.0,-0.0010614857310429215,3.9082744121551514,0.41655203700065613,0.08087902516126633,27.202192306518555,-0.1890897899866104,0.0028936087619513273,asphalt,0.0,0.0,0.9000000000000002,4891.074008684126,2,-6.589616298675537,-0.5930604934692383,312.0388144181096,160.0,-0.0,6456.4748006512045,5315.5251993487955,0.024633631110191345,0.004696828097983834,False,-0.0,True,0,0,-0.03590988367795944,27.202167510986328,0.11108417809009552,False,True,-0.843119204044342,5.232439041137695,-1.4901161193847656e-08,0.0,0.0,1.0,3449.292236328125,3449.292236328125,0.33262649178504944,0.06737351417541504,1.0,asphalt,True,0.8368786573410034,5.23515510559082,-1.4901161193847656e-08,0.0,0.0,1.0,3463.34228515625,3463.34228515625,0.3325270712375641,0.06747293472290039,1.0,grass,True,-0.839563250541687,3.032426357269287,-2.60770320892334e-08,0.0,0.0,1.0,2560.5849609375,2560.5849609375,0.34104058146476746,0.05895942449569702,1.0,asphalt,True,0.8404345512390137,3.035141944885254,-2.2351741790771484e-08,0.0,0.0,1.0,2570.206787109375,2570.206787109375,0.3409411609172821,0.05905884504318237,1.0,grass,258,-0.8426172137260437,5.006809234619141,0.33033818006515503,0.9997439384460449,0.022617820650339127,4.120673838770017e-05,0.0007049677660688758,0.8373810648918152,5.009181022644043,0.330352783203125,0.9998388886451721,0.01793719455599785,3.790593837038614e-05,0.0007051527500152588,-0.839512050151825,2.806795358657837,0.3291846215724945,0.9997445940971375,0.022587789222598076,4.1185565351042897e-05,0.0007049687555991113,0.8404862284660339,2.8091671466827393,0.3291991651058197,0.9998394250869751,0.0179071556776762,3.788474714383483e-05,0.0007051538559608161
0.200000000000,24,0.0,0.0,1.0,-0.0032827933318912983,5.263695240020752,0.41810232400894165,0.1631397008895874,26.84171485900879,-0.4001268744468689,0.006083193235099316,asphalt,0.0,0.0,1.0,5301.699316707011,2,-7.262964248657227,-0.837595522403717,303.9669203716109,160.0,-0.0,6756.922303311998,5015.077696688002,0.03300498425960541,0.007975720075948826,False,-0.0,True,0,0,-0.07241751998662949,26.841617584228516,0.11521634459495544,False,True,-0.847296953201294,6.582037448883057,7.450580596923828e-09,0.0,0.0,1.0,3662.892822265625,3662.892822265625,0.3300386369228363,0.06996136903762817,1.0,asphalt,True,0.8326947689056396,6.587282657623291,-2.2351741790771484e-08,0.0,0.0,1.0,3682.3212890625,3682.3212890625,0.32984456419944763,0.07015544176101685,1.0,grass,True,-0.8404304385185242,4.381983280181885,-7.450580596923828e-09,0.0,0.0,1.0,2195.099609375,2195.099609375,0.3469451367855072,0.053054869174957275,1.0,asphalt,True,0.8395612239837646,4.387228012084961,2.9802322387695312e-08,0.0,0.0,1.0,2209.7099609375,2209.7099609375,0.3467508852481842,0.05324912071228027,1.0,grass,264,-0.8464182615280151,6.360713958740234,0.33047303557395935,0.4374851882457733,0.8992244601249695,0.0013031333219259977,0.0005749460542574525,0.8335748910903931,6.365497589111328,0.3304887115955353,0.4452665448188782,0.895396888256073,0.001298042363487184,0.0005862313555553555,-0.8401557207107544,4.160658359527588,0.328930526971817,0.4375854730606079,0.8991757035255432,0.0013030518312007189,0.000575099780689925,0.8398374319076538,4.165441513061523,0.32894644141197205,0.4453654885292053,0.8953477144241333,0.0012979600578546524,0.0005863833939656615
0.250000000000,30,0.0,0.0,1.0,-0.007438102271407843,6.601047039031982,0.41971105337142944,0.26057150959968567,26.478734970092773,-0.6400211453437805,0.008893029764294624,asphalt,0.0,0.0,1.0,5519.425019862654,2,-7.252860069274902,-0.9173024296760559,295.81827609936045,160.0,-0.0,6981.534375045651,4790.465624954349,0.03496994823217392,0.009905146884312085,False,-0.0,True,0,0,-0.11573266983032227,26.47848129272461,0.1079665943980217,False,True,-0.8536955714225769,7.913207054138184,2.2351741790771484e-08,0.0,0.0,1.0,3803.176025390625,3803.176025390625,0.32710000872612,0.07289999723434448,1.0,asphalt,True,0.8262847065925598,7.921335697174072,2.2351741790771484e-08,0.0,0.0,1.0,3822.102294921875,3822.102294921875,0.3268299996852875,0.073170006275177,1.0,grass,True,-0.8430536985397339,5.713078498840332,3.725290298461914e-09,0.0,0.0,1.0,1931.421630859375,1931.421630859375,0.35311874747276306,0.046881258487701416,1.0,asphalt,True,0.8369265198707581,5.721207618713379,1.1175870895385742e-08,0.0,0.0,1.0,1947.501220703125,1947.501220703125,0.35284873843193054,0.047151267528533936,1.0,grass,270,-0.8524397015571594,7.696287155151367,0.33045893907546997,0.6210722923278809,-0.7837499380111694,-0.0017333209980279207,0.0014725665096193552,0.8275428414344788,7.703927516937256,0.33046820759773254,0.6107690334320068,-0.7918055057525635,-0.001752375508658588,0.0014497200027108192,-0.8424379229545593,5.496156692504883,0.3290163278579712,0.6208786368370056,-0.7839034199714661,-0.0017336700111627579,0.001472125994041562,0.8375446796417236,5.5037970542907715,0.32902562618255615,0.6105726361274719,-0.7919569611549377,-0.001752744778059423,0.0014492482878267765
0.300000000000,36,0.0,0.0,1.0,-0.01377794612199068,7.920221328735352,0.4208529591560364,0.36125579476356506,26.109588623046875,-0.8411839008331299,0.009874483570456505,asphalt,0.0,0.0,1.0,5620.091688677002,2,-7.635159015655518,-0.92670738697052,287.71664250187376,160.0,-0.0,7146.846160339873,4625.153839660127,0.03542651608586311,0.01010782768874673,False,-0.0,True,0,0,-0.15994524955749512,26.109098434448242,0.09368261694908142,False,True,-0.8623189330101013,9.22645092010498,0.0,0.0,0.0,1.0,3873.134521484375,3873.134521484375,0.3244997560977936,0.0755002498626709,1.0,asphalt,True,0.817644476890564,9.23753833770752,-2.2351741790771484e-08,0.0,0.0,1.0,3886.1552734375,3886.1552734375,0.32421162724494934,0.07578837871551514,1.0,grass,True,-0.8478035926818848,7.026246070861816,2.2351741790771484e-08,0.0,0.0,1.0,1812.447509765625,1812.447509765625,0.3578331768512726,0.042166829109191895,1.0,asphalt,True,0.8321597576141357,7.037333011627197,-1.1175870895385742e-08,0.0,0.0,1.0,1825.8551025390625,1825.8551025390625,0.35754504799842834,0.04245495796203613,1.0,grass,276,-0.8607019782066345,9.013692855834961,0.3303569555282593,0.9687429070472717,0.24804683029651642,0.000865138485096395,0.0030314240138977766,0.8192645907402039,9.024285316467285,0.33035561442375183,0.9729521870613098,0.23098522424697876,0.0008117349934764206,0.00304615730419755,-0.8468350172042847,6.813484191894531,0.3293251097202301,0.9688394069671631,0.24766980111598969,0.0008639585576020181,0.003031759290024638,0.8331315517425537,6.8240766525268555,0.32932376861572266,0.9730426073074341,0.2306039184331894,0.0008105413289740682,0.0030464765150099993
0.350000000000,42,0.0,0.0,1.0,-0.02231737971305847,9.220553398132324,0.42125505208969116,0.46274447441101074,25.72776985168457,-0.9693529605865479,0.008867078460752964,asphalt,0.0,0.0,1.0,5648.568591323846,2,-7.627566337585449,-0.9175540208816528,279.3820996652466,160.0,-0.0,7285.388226108602,4486.611773891398,0.03556716442108154,0.009950241149032904,False,-0.0,True,0,0,-0.2032480388879776,25.726966857910156,0.07862941175699234,False,True,-0.8731319904327393,10.521281242370605,-1.4901161193847656e-08,0.0,0.0,1.0,3889.1455078125,3889.1455078125,0.32256242632865906,0.07743757963180542,1.0,asphalt,True,0.8068090677261353,10.535346031188965,-3.725290298461914e-08,0.0,0.0,1.0,3895.667236328125,3895.667236328125,0.32231125235557556,0.07768875360488892,1.0,grass,True,-0.854716420173645,8.32103443145752,-2.60770320892334e-08,0.0,0.0,1.0,1821.9007568359375,1821.9007568359375,0.3603094518184662,0.03969055414199829,1.0,asphalt,True,0.8252246379852295,8.335100173950195,-2.9802322387695312e-08,0.0,0.0,1.0,1831.06201171875,1831.06201171875,0.36005833745002747,0.03994166851043701,1.0,grass,282,-0.8711739778518677,10.31235122680664,0.33022361993789673,0.13843406736850739,0.9903634190559387,0.004008687566965818,0.00048224604688584805,0.8087712526321411,10.325918197631836,0.33021482825279236,0.1602802723646164,0.9870632886886597,0.0039969924837350845,0.0005705994553864002,-0.8534092903137207,8.112098693847656,0.32970067858695984,0.13891474902629852,0.9902961254119873,0.004008494317531586,0.00048421905376017094,0.8265359997749329,8.125666618347168,0.3296918272972107,0.160761296749115,0.9869850873947144,0.003996870946139097,0.0005725984810851514
0.400000000000,48,0.0,0.0,1.0,-0.03300565481185913,10.501784324645996,0.4209473133087158,0.5644715428352356,25.346284866333008,-1.0203999280929565,0.006832904648035765,asphalt,0.0,0.0,1.0,5632.878968489262,2,-7.622912883758545,-0.9025661945343018,271.17721972304025,160.0,-0.0,7384.221181475233,4387.778818524767,0.035602420568466187,0.009926744792642774,False,-0.0,True,0,0,-0.2452380657196045,25.3450984954834,0.06812276691198349,False,True,-0.8860815763473511,11.797552108764648,0.0,0.0,0.0,1.0,3867.755126953125,3867.755126953125,0.32137492299079895,0.07862508296966553,1.0,asphalt,True,0.7938317656517029,11.814598083496094,1.4901161193847656e-08,0.0,0.0,1.0,3870.64453125,3870.64453125,0.321184366941452,0.07881563901901245,1.0,grass,True,-0.8637574315071106,9.597312927246094,-3.725290298461914e-08,0.0,0.0,1.0,1934.650634765625,1934.650634765625,0.36063578724861145,0.03936421871185303,1.0,asphalt,True,0.8161559104919434,9.614362716674805,3.3527612686157227e-08,0.0,0.0,1.0,1937.5372314453125,1937.5372314453125,0.3604452908039093,0.039554715156555176,1.0,grass,288,-0.8837960362434387,11.592012405395508,0.3300946056842804,0.8783615827560425,-0.4779714345932007,-0.0023016026243567467,0.004354358185082674,0.7961223721504211,11.608562469482422,0.3300848603248596,0.865325927734375,-0.5011853575706482,-0.002416708040982485,0.004291543737053871,-0.8621234893798828,9.391768455505371,0.33001846075057983,0.8781152963638306,-0.4784238040447235,-0.0023038466461002827,0.0043531726114451885,0.817794919013977,9.408318519592285,0.3300085961818695,0.8650667667388916,-0.501632571220398,-0.0024189255200326443,0.00429029343649745
0.450000000000,54,0.0,0.0,1.0,-0.045774828642606735,11.763927459716797,0.4202304780483246,0.666232168674469,24.965131759643555,-1.0128202438354492,0.005120002664625645,asphalt,0.0,0.0,1.0,5590.430126947059,2,-7.61934232711792,-0.888920783996582,263.10167991066913,160.0,-0.0,7454.603370598323,4317.396629401677,0.03558561950922012,0.010136869310229528,False,-0.0,True,0,0,-0.2858121991157532,24.963497161865234,0.06685510277748108,False,True,-0.9011048674583435,13.055113792419434,7.450580596923828e-09,0.0,0.0,1.0,3822.585205078125,3822.585205078125,0.3208857476711273,0.07911425828933716,1.0,asphalt,True,0.778775691986084,13.075145721435547,2.9802322387695312e-08,0.0,0.0,1.0,3825.443359375,3825.443359375,0.3207419812679291,0.0792580246925354,1.0,grass,True,-0.8748722076416016,10.85492992401123,-1.4901161193847656e-08,0.0,0.0,1.0,2080.186279296875,2080.186279296875,0.35959622263908386,0.040403783321380615,1.0,asphalt,True,0.8050084114074707,10.874961853027344,1.862645149230957e-08,0.0,0.0,1.0,2083.044189453125,2083.044189453125,0.3594524562358856,0.04054754972457886,1.0,grass,294,-0.8984982371330261,12.852663040161133,0.32998713850975037,0.736653208732605,0.6762456893920898,0.0039640930481255054,0.004252137150615454,0.7813881039619446,12.872197151184082,0.329980731010437,0.7573605179786682,0.652971088886261,0.003829718567430973,0.004373553209006786,-0.8729167580604553,10.652470588684082,0.3301701545715332,0.7369897365570068,0.6758789420127869,0.003961977083235979,0.004254109691828489,0.8069695830345154,10.672004699707031,0.3301638066768646,0.7576856017112732,0.6525937914848328,0.003827540436759591,0.0043754600919783115
0.500000000000,60,0.0,0.0,1.0,-0.06055537611246109,13.006998062133789,0.41952550411224365,0.7679283618927002,24.58432388305664,-0.9767201542854309,0.004060832783579826,asphalt,0.0,0.0,1.0,5531.779908417605,2,-7.613652229309082,-0.8755158185958862,255.15523672748975,160.0,-0.0,7504.591647405182,4267.408352594818,0.03554946556687355,0.010265518478607221,False,-0.0,True,0,0,-0.3250473141670227,24.582176208496094,0.07074178755283356,False,True,-0.9181311130523682,14.293773651123047,2.2351741790771484e-08,0.0,0.0,1.0,3784.380126953125,3784.380126953125,0.32092759013175964,0.07907241582870483,1.0,asphalt,True,0.7617111802101135,14.31678581237793,-1.4901161193847656e-08,0.0,0.0,1.0,3788.5986328125,3788.5986328125,0.32081249356269836,0.07918751239776611,1.0,grass,True,-0.887993574142456,12.09366512298584,-7.450580596923828e-09,0.0,0.0,1.0,2159.781005859375,2159.781005859375,0.3581608235836029,0.04183918237686157,1.0,asphalt,True,0.7918487191200256,12.116677284240723,-3.725290298461914e-09,0.0,0.0,1.0,2162.81201171875,2162.81201171875,0.3580456078052521,0.0419543981552124,1.0,grass,300,-0.9152092933654785,14.094273567199707,0.3299170136451721,-0.42782890796661377,0.903834879398346,0.006041380111128092,-0.0028987762052565813,0.764639675617218,14.116789817810059,0.3299129903316498,-0.39531752467155457,0.9185200929641724,0.006140945013612509,-0.002681570593267679,-0.885722279548645,11.894155502319336,0.3301906883716583,-0.4274168610572815,0.9040298461914062,0.0060426536947488785,-0.002896043471992016,0.7941267490386963,11.916671752929688,0.3301868736743927,-0.39489346742630005,0.9187024831771851,0.006142200902104378,-0.0026786918751895428
0.550000000000,66,0.0,0.0,1.0,-0.07727998495101929,14.231009483337402,0.4190434515476227,0.8695240616798401,24.20384407043457,-0.933221161365509,0.0034649325534701347,asphalt,0.0,0.0,1.0,5463.332399256113,2,-7.607010364532471,-0.8609067797660828,247.33740879758122,160.0,-0.0,7539.982205800355,4232.017794199645,0.03551130369305611,0.010352522069654748,False,-0.0,True,0,0,-0.36289769411087036,24.20112419128418,0.07609206438064575,False,True,-0.9370901584625244,15.513402938842773,-7.450580596923828e-09,0.0,0.0,1.0,3751.005859375,3751.005859375,0.3213118016719818,0.07868820428848267,1.0,asphalt,True,0.7427086234092712,15.539393424987793,4.470348358154297e-08,0.0,0.0,1.0,3755.31689453125,3755.31689453125,0.3212116062641144,0.0787883996963501,1.0,grass,True,-0.9030521512031555,13.31337833404541,-1.4901161193847656e-08,0.0,0.0,1.0,2191.614501953125,2191.614501953125,0.356876403093338,0.043123602867126465,1.0,asphalt,True,0.7767466306686401,13.339369773864746,-3.725290298461914e-09,0.0,0.0,1.0,2195.4697265625,2195.4697265625,0.3567762076854706,0.043223798274993896,1.0,grass,306,-0.933860719203949,15.316828727722168,0.3298761546611786,0.9854854941368103,0.1695900559425354,0.001316591165959835,0.007472421508282423,0.7459457516670227,15.342324256896973,0.32987475395202637,0.9915046691894531,0.12984980642795563,0.0010152372997254133,0.007519296370446682,-0.9004724621772766,13.116795539855957,0.33014777302742004,0.98555588722229,0.16918030381202698,0.0013134842738509178,0.0074729700572788715,0.7793340086936951,13.142289161682129,0.3301464021205902,0.9915590286254883,0.1294337660074234,0.001012081978842616,0.007519721984863281
0.600000000000,72,0.0,0.0,1.0,-0.0958791971206665,15.435973167419434,0.4188157320022583,0.9710276126861572,23.823680877685547,-0.8937838077545166,0.003344412660226226,asphalt,0.0,0.0,1.0,5388.970290211291,2,-7.60029411315918,-0.8469637632369995,239.6476482395453,160.0,-0.0,7564.924337323088,4207.075662676912,0.03548154979944229,0.010437177745116544,False,-0.0,True,0,0,-0.3993665874004364,23.82033348083496,0.08005300164222717,False,True,-0.9579116106033325,16.713943481445312,2.2351741790771484e-08,0.0,0.0,1.0,3721.878662109375,3721.878662109375,0.3218454420566559,0.0781545639038086,1.0,asphalt,True,0.7218385934829712,16.742910385131836,2.9802322387695312e-08,0.0,0.0,1.0,3726.75390625,3726.75390625,0.32174691557884216,0.07825309038162231,1.0,grass,True,-0.9199768304824829,14.514006614685059,-3.725290298461914e-09,0.0,0.0,1.0,2195.96630859375,2195.96630859375,0.3559483587741852,0.0440516471862793,1.0,asphalt,True,0.759773313999176,14.542973518371582,-3.725290298461914e-09,0.0,0.0,1.0,2200.977294921875,2200.977294921875,0.3558497726917267,0.04415023326873779,1.0,grass,312,-0.9543829560279846,16.520326614379883,0.3298693597316742,0.07248638570308685,0.9973333477973938,0.008453099988400936,0.0005850849556736648,0.7253757119178772,16.548797607421875,0.32986980676651,0.11699569225311279,0.9930962920188904,0.008418413810431957,0.0009623864898458123,-0.9170975089073181,14.320377349853516,0.3300880193710327,0.0728706493973732,0.9973053932189941,0.008452852256596088,0.0005883434787392616,0.7626611590385437,14.348848342895508,0.3300885558128357,0.1173764169216156,0.9930513501167297,0.00841802079230547,0.0009656166075728834
0.650000000000,78,0.0,0.0,1.0,-0.11628436297178268,16.621904373168945,0.41875895857810974,1.0724636316299438,23.44383430480957,-0.8643311858177185,0.00352986971847713,asphalt,0.0,0.0,1.0,5311.048220260672,2,-7.593427658081055,-0.8334314823150635,232.0855727069299,160.0,-0.0,7582.386493257145,4189.613506742855,0.03546207770705223,0.0104774934712736,False,-0.0,True,0,0,-0.43448343873023987,23.439807891845703,0.08186852186918259,False,True,-0.9805251359939575,17.895374298095703,2.9802322387695312e-08,0.0,0.0,1.0,3704.471435546875,3704.471435546875,0.3223351538181305,0.07766485214233398,1.0,asphalt,True,0.6991711854934692,17.92731285095215,7.450580596923828e-09,0.0,0.0,1.0,3709.928466796875,3709.928466796875,0.32223036885261536,0.07776963710784912,1.0,grass,True,-0.9386963844299316,15.695525169372559,3.725290298461914e-08,0.0,0.0,1.0,2187.79833984375,2187.79833984375,0.35538116097450256,0.044618844985961914,1.0,asphalt,True,0.7409999370574951,15.727463722229004,1.4901161193847656e-08,0.0,0.0,1.0,2193.645263671875,2193.645263671875,0.3552763760089874,0.04472362995147705,1.0,grass,318,-0.9767074584960938,17.704774856567383,0.3298904299736023,0.9590794444084167,-0.2829822599887848,-0.002618837170302868,0.00898456759750843,0.7029981017112732,17.73621940612793,0.32989171147346497,0.9439923763275146,-0.32983455061912537,-0.003057784168049693,0.008844812400639057,-0.9355276823043823,15.504910469055176,0.33003485202789307,0.9589768648147583,-0.2833298444747925,-0.0026220926083624363,0.008983619511127472,0.7441779375076294,15.536355972290039,0.33003613352775574,0.9438740015029907,-0.3301730751991272,-0.0030609560199081898,0.00884371716529131
0.700000000000,84,0.0,0.0,1.0,-0.13842807710170746,17.788814544677734,0.4187700152397156,1.173855185508728,23.06431007385254,-0.8467041254043579,0.0037986936513334513,asphalt,0.0,0.0,1.0,5230.994325232272,2,-7.586411952972412,-0.8200008869171143,224.65091614018775,160.0,-0.0,7594.482839671265,4177.517160328735,0.03545050695538521,0.010470502273407593,False,-0.0,True,0,0,-0.46826064586639404,23.05955696105957,0.0820256844162941,False,True,-1.004861831665039,19.057701110839844,0.0,0.0,0.0,1.0,3700.38525390625,3700.38525390625,0.32265302538871765,0.07734698057174683,1.0,asphalt,True,0.6747753620147705,19.092615127563477,1.4901161193847656e-08,0.0,0.0,1.0,3706.175048828125,3706.175048828125,0.32254043221473694,0.07745957374572754,1.0,grass,True,-0.9591407775878906,16.85793685913086,-2.60770320892334e-08,0.0,0.0,1.0,2175.917724609375,2175.917724609375,0.3550961911678314,0.04490381479263306,1.0,asphalt,True,0.720496416091919,16.89284896850586,3.725290298461914e-08,0.0,0.0,1.0,2182.0615234375,2182.0615234375,0.35498353838920593,0.045016467571258545,1.0,grass,324,-1.0007668733596802,18.87018394470215,0.32992562651634216,0.45526939630508423,0.8902948498725891,0.009134937077760696,0.004634120501577854,0.6788803339004517,18.904598236083984,0.32992687821388245,0.5024364590644836,0.8645534515380859,0.008872910402715206,0.00511816656216979,-0.9556945562362671,16.6704044342041,0.32999593019485474,0.45558351278305054,0.8901340961456299,0.009133316576480865,0.004637310281395912,0.7239527106285095,16.704822540283203,0.3299972414970398,0.5027349591255188,0.8643798828125,0.00887114368379116,0.005121208261698484
0.750000000000,90,0.0,0.0,1.0,-0.16224341094493866,18.936717987060547,0.4187769293785095,1.2752186059951782,22.68507957458496,-0.839850902557373,0.00398276699706912,asphalt,0.0,0.0,1.0,5149.674642082127,2,-7.581092357635498,-0.8065201640129089,217.34311872848986,160.0,-0.0,7602.756593389274,4169.243406610726,0.03544352948665619,0.010434782554543557,False,-0.0,True,0,0,-0.5006991028785706,22.679553985595703,0.08140891790390015,False,True,-1.0308538675308228,20.20094871520996,1.4901161193847656e-08,0.0,0.0,1.0,3706.767822265625,3706.767822265625,0.32275882363319397,0.07724118232727051,1.0,asphalt,True,0.6487189531326294,20.238832473754883,-1.4901161193847656e-08,0.0,0.0,1.0,3712.54541015625,3712.54541015625,0.3226415812969208,0.0773584246635437,1.0,grass,True,-0.9812415242195129,18.00127410888672,-2.9802322387695312e-08,0.0,0.0,1.0,2164.692138671875,2164.692138671875,0.35499849915504456,0.04500150680541992,1.0,asphalt,True,0.6983312368392944,18.039155960083008,4.0978193283081055e-08,0.0,0.0,1.0,2170.6064453125,2170.6064453125,0.35488125681877136,0.045118749141693115,1.0,grass,330,-1.0264945030212402,20.01656723022461,0.3299608826637268,0.8080276250839233,-0.5890395045280457,-0.0065269432961940765,0.009012473747134209,0.6530894041061401,20.053956985473633,0.329961359500885,0.772362232208252,-0.6350848078727722,-0.007040589582175016,0.008617178536951542,-0.9775306582450867,17.816875457763672,0.3299714922904968,0.8078208565711975,-0.5893230438232422,-0.0065301042050123215,0.009010180830955505,0.7020531892776489,17.854265213012695,0.32997196912765503,0.7721454501152039,-0.635348379611969,-0.0070435283705592155,0.008614773862063885
0.800000000000,96,0.0,0.0,1.0,-0.18766339123249054,20.06562614440918,0.4187532961368561,1.3765628337860107,22.30616569519043,-0.8409237265586853,0.003997001796960831,asphalt,0.0,0.0,1.0,5067.6129920415715,2,-7.57478666305542,-0.7929326891899109,210.16188879355002,160.0,-0.0,7608.287175377854,4163.712824622146,0.03543864190578461,0.010392921796079183,False,-0.0,True,0,0,-0.5317957997322083,22.29982566833496,0.08106829226016998,False,True,-1.0584338903427124,21.32514762878418,1.4901161193847656e-08,0.0,0.0,1.0,3723.13671875,3723.13671875,0.3226923644542694,0.07730764150619507,1.0,asphalt,True,0.6210692524909973,21.36600112915039,2.2351741790771484e-08,0.0,0.0,1.0,3728.458251953125,3728.458251953125,0.3225755989551544,0.07742440700531006,1.0,grass,True,-1.004931092262268,19.12556266784668,1.4901161193847656e-08,0.0,0.0,1.0,2157.353271484375,2157.353271484375,0.35500994324684143,0.04499006271362305,1.0,asphalt,True,0.6745721697807312,19.166414260864258,-2.60770320892334e-08,0.0,0.0,1.0,2162.807373046875,2162.807373046875,0.3548932373523712,0.04510676860809326,1.0,grass,336,-1.0538231134414673,21.143943786621094,0.32998332381248474,0.6878039836883545,0.7257970571517944,0.00874285027384758,0.008237136527895927,0.6256920099258423,21.184303283691406,0.3299829065799713,0.7319744825363159,0.6812261343002319,0.008208997547626495,0.008769333362579346,-1.0009685754776,18.94434356689453,0.3299572467803955,0.6880600452423096,0.7255542874336243,0.008739931508898735,0.008240215480327606,0.6785466074943542,18.98470115661621,0.3299567699432373,0.7322070002555847,0.6809762120246887,0.008205999620258808,0.008772133849561214
0.850000000000,102,0.0,0.0,1.0,-0.2146279513835907,21.175840377807617,0.4187212884426117,1.4778920412063599,21.944652557373047,-0.846194326877594,0.0038364226929843426,asphalt,0.0,0.0,1.0,4501.598109375703,3,-7.158626556396484,-0.7797211408615112,203.3597736024837,160.0,-0.0,7593.11620109757,4178.88379890243,0.03543480485677719,0.010363002804438732,False,-0.0,True,0,0,-0.5619861483573914,21.937456130981445,0.08128441870212555,False,True,-1.0875459909439087,22.430768966674805,2.2351741790771484e-08,0.0,0.0,1.0,3733.90185546875,3733.90185546875,0.32255110144615173,0.07744890451431274,1.0,asphalt,True,0.5918821692466736,22.474594116210938,2.9802322387695312e-08,0.0,0.0,1.0,3738.484130859375,3738.484130859375,0.3224397599697113,0.07756024599075317,1.0,grass,True,-1.0301530361175537,20.231277465820312,1.862645149230957e-08,0.0,0.0,1.0,2150.95654296875,2150.95654296875,0.35508570075035095,0.044914305210113525,1.0,asphalt,True,0.6492751836776733,20.275102615356445,2.60770320892334e-08,0.0,0.0,1.0,2155.89990234375,2155.89990234375,0.3549744188785553,0.04502558708190918,1.0,grass,342,-1.0826929807662964,22.25261878967285,0.3299891948699951,0.6530263423919678,-0.7572253346443176,-0.00974431075155735,0.008447637781500816,0.5967481136322021,22.295948028564453,0.329988032579422,0.6006443500518799,-0.7994123101234436,-0.010290157981216908,0.007773450575768948,-1.0259482860565186,20.053110122680664,0.32994845509529114,0.6527518630027771,-0.7574619650840759,-0.009747358970344067,0.008444101549685001,0.65349280834198,20.096439361572266,0.32994723320007324,0.6003668904304504,-0.7996207475662231,-0.010292834602296352,0.007769879885017872
0.900000000000,108,0.0,0.0,1.0,-0.24308933317661285,22.268083572387695,0.41870176792144775,1.5792088508605957,21.58684539794922,-0.8526787757873535,0.0035428167320787907,asphalt,0.0,0.0,1.0,4060.8672662736817,3,-7.153102397918701,-0.7668087482452393,196.79913853946934,160.0,-0.0,7573.957192987017,4198.042807012983,0.035431716591119766,0.010356719614754395,False,-0.0,True,0,0,-0.590984582901001,21.578754425048828,0.081563800573349,False,True,-1.1181409358978271,23.518442153930664,0.0,0.0,0.0,1.0,3739.330078125,3739.330078125,0.3224059045314789,0.0775941014289856,1.0,asphalt,True,0.5612070560455322,23.565237045288086,2.2351741790771484e-08,0.0,0.0,1.0,3743.16845703125,3743.16845703125,0.3223036229610443,0.07769638299942017,1.0,grass,True,-1.0568585395812988,21.31905174255371,-3.725290298461914e-09,0.0,0.0,1.0,2145.366455078125,2145.366455078125,0.3551889955997467,0.04481101036071777,1.0,asphalt,True,0.6224895119667053,21.3658447265625,2.9802322387695312e-08,0.0,0.0,1.0,2149.713623046875,2149.713623046875,0.3550867736339569,0.04491323232650757,1.0,grass,348,-1.1130565404891968,23.34331703186035,0.32998618483543396,0.8031402230262756,0.5956306457519531,0.00823358166962862,0.0110501479357481,0.5663053393363953,23.389617919921875,0.329984575510025,0.8437923789024353,0.5364928245544434,0.007419824134558439,0.01161223091185093,-1.0524221658706665,21.14390754699707,0.32994601130485535,0.8033605813980103,0.595333456993103,0.008229493163526058,0.011053191497921944,0.6269397139549255,21.190208435058594,0.3299444019794464,0.8439826369285583,0.5361934304237366,0.007415703497827053,0.011614861898124218
0.950000000000,114,0.0,0.0,1.0,-0.2729845643043518,23.34239387512207,0.41869455575942993,1.6805166006088257,21.229305267333984,-0.8584370613098145,0.0031735326629132032,asphalt,0.0,0.0,1.0,3771.700868477954,3,-7.147383213043213,-0.753935694694519,190.35081385053374,160.0,-0.0,7559.883607931453,4212.116392068547,0.035429008305072784,0.010373590350846633,False,-0.0,True,0,0,-0.6187125444412231,21.220287322998047,0.0816928893327713,False,True,-1.150156021118164,24.588184356689453,0.0,0.0,0.0,1.0,3741.265625,3741.265625,0.3222890794277191,0.07771092653274536,1.0,asphalt,True,0.5291069149971008,24.637948989868164,-1.4901161193847656e-08,0.0,0.0,1.0,3744.4306640625,3744.4306640625,0.3221980035305023,0.07780200242996216,1.0,grass,True,-1.0849844217300415,22.388900756835938,4.470348358154297e-08,0.0,0.0,1.0,2141.934326171875,2141.934326171875,0.355284184217453,0.044715821743011475,1.0,asphalt,True,0.5942783951759338,22.43866539001465,1.1175870895385742e-08,0.0,0.0,1.0,2145.678466796875,2145.678466796875,0.35519304871559143,0.04480695724487305,1.0,grass,354,-1.1448509693145752,24.416080474853516,0.32997992634773254,0.55771803855896,-0.8299009799957275,-0.012155810371041298,0.008202416822314262,0.5344265103340149,24.465349197387695,0.32997792959213257,-0.49284064769744873,0.8699960112571716,0.01274566538631916,-0.007252057082951069,-1.0803275108337402,22.216779708862305,0.32994887232780457,0.557407796382904,-0.8301093578338623,-0.012158762663602829,0.008197803981602192,0.5989498496055603,22.266048431396484,0.32994702458381653,-0.49252864718437195,0.8701726794242859,0.012748233042657375,-0.007247505709528923
1.000000000000,120,0.0,0.0,1.0,-0.30425015091896057,24.398788452148438,0.41869160532951355,1.7818156480789185,20.872037887573242,-0.8624824285507202,0.0027799811214208603,asphalt,0.0,0.0,1.0,3574.479861246191,3,-7.141974925994873,-0.7411730289459229,184.01476184493396,160.0,-0.0,7549.442372363558,4222.557627636442,0.03542615845799446,0.010407108433459598,False,-0.0,True,0,0,-0.6451750993728638,20.862064361572266,0.08166507631540298,False,True,-1.1835278272628784,25.640026092529297,2.9802322387695312e-08,0.0,0.0,1.0,3741.2080078125,3741.2080078125,0.32220926880836487,0.07779073715209961,1.0,asphalt,True,0.49564439058303833,25.692758560180664,1.4901161193847656e-08,0.0,0.0,1.0,3743.817626953125,3743.817626953125,0.3221296966075897,0.07787030935287476,1.0,grass,True,-1.114467978477478,23.440860748291016,-3.725290298461914e-09,0.0,0.0,1.0,2141.00146484375,2141.00146484375,0.35534730553627014,0.044652700424194336,1.0,asphalt,True,0.564704418182373,23.49359130859375,2.60770320892334e-08,0.0,0.0,1.0,2144.1943359375,2144.1943359375,0.35526761412620544,0.04473239183425903,1.0,grass,360,-1.178012728691101,25.470928192138672,0.3299734592437744,0.8405067920684814,0.541577935218811,0.008442016318440437,0.013056875206530094,0.5011748671531677,25.523164749145508,0.3299714922904968,0.8814778923988342,0.4719693064689636,0.00736058596521616,0.013695671223104,-1.1096007823944092,23.27174186706543,0.3299548029899597,0.8407111763954163,0.5412605404853821,0.008437084965407848,0.013060062192380428,0.5695868134498596,23.323978424072266,0.32995301485061646,0.88164883852005,0.4716498553752899,0.007355623412877321,0.013698340393602848
1.050000000000,126,0.0,0.0,1.0,-0.3368229269981384,25.437278747558594,0.4186861515045166,1.8831064701080322,20.515026092529297,-0.8645880222320557,0.002397282514721155,asphalt,0.0,0.0,1.0,3433.0426778157,3,-7.137121677398682,-0.7284651398658752,177.79046978478877,160.0,-0.0,7541.622162068208,4230.377837931792,0.035422809422016144,0.010449454843428546,False,-0.0,True,0,0,-0.6703758239746094,20.504072189331055,0.08156409114599228,False,True,-1.2181940078735352,26.673973083496094,2.2351741790771484e-08,0.0,0.0,1.0,3740.19921875,3740.19921875,0.3221631348133087,0.07783687114715576,1.0,asphalt,True,0.46088236570358276,26.729673385620117,0.0,0.0,0.0,1.0,3742.3525390625,3742.3525390625,0.322094589471817,0.07790541648864746,1.0,grass,True,-1.145246148109436,24.474931716918945,-4.842877388000488e-08,0.0,0.0,1.0,2142.095458984375,2142.095458984375,0.35537031292915344,0.044629693031311035,1.0,asphalt,True,0.5338301658630371,24.530630111694336,-1.1175870895385742e-08,0.0,0.0,1.0,2144.791259765625,2144.791259765625,0.35530176758766174,0.044698238372802734,1.0,grass,366,-1.2124789953231812,26.50786781311035,0.3299681544303894,0.5480722188949585,-0.8362695574760437,-0.013731999322772026,0.009024593979120255,0.4666137993335724,26.563074111938477,0.32996633648872375,-0.4748217761516571,0.8799285292625427,0.014451107941567898,-0.007821792736649513,-1.1401790380477905,24.308807373046875,0.32996127009391785,0.5477563738822937,-0.8364764451980591,-0.013735371641814709,0.009019429795444012,0.5389136672019958,24.364011764526367,0.329959511756897,-0.4745027720928192,0.8801006078720093,0.014453916810452938,-0.007816566154360771
1.100000000000,132,0.0,0.0,1.0,-0.3706398010253906,26.457874298095703,0.41867581009864807,1.9843862056732178,20.155977249145508,-0.8650476932525635,0.0020559236872941256,asphalt,0.0,0.0,1.0,3325.455756736451,3,-7.408092498779297,-0.7156405448913574,171.67757298605494,160.0,-0.0,7535.685976820914,4236.314023179086,0.03541872650384903,0.010508636504135041,False,-0.0,True,0,0,-0.694232165813446,20.14401626586914,0.08150805532932281,False,True,-1.2540907859802246,27.690017700195312,7.450580596923828e-09,0.0,0.0,1.0,3738.78759765625,3738.78759765625,0.3221428096294403,0.07785719633102417,1.0,asphalt,True,0.4248843789100647,27.74868392944336,-1.4901161193847656e-08,0.0,0.0,1.0,3740.728271484375,3740.728271484375,0.3220839202404022,0.07791608572006226,1.0,grass,True,-1.1772558689117432,25.491107940673828,0.0,0.0,0.0,1.0,2145.229736328125,2145.229736328125,0.35535916686058044,0.04464083909988403,1.0,asphalt,True,0.5017194151878357,25.549776077270508,1.862645149230957e-08,0.0,0.0,1.0,2147.17333984375,2147.17333984375,0.3553002178668976,0.044699788093566895,1.0,grass,372,-1.2481863498687744,27.526912689208984,0.3299642503261566,0.8166529536247253,0.5768692493438721,0.01000516302883625,0.014132851734757423,0.430806040763855,27.5850887298584,0.3299628794193268,0.8651061654090881,0.5012898445129395,0.008697111159563065,0.014973345212638378,-1.1719993352890015,25.327983856201172,0.32996588945388794,0.8168708086013794,0.5765607357025146,0.00999982375651598,0.014136630110442638,0.5069932341575623,25.38615608215332,0.3299645781517029,0.8652877807617188,0.5009762644767761,0.00869168620556593,0.014976495876908302
1.150000000000,138,0.0,0.0,1.0,-0.4056233763694763,27.46018409729004,0.4186641573905945,2.0856564044952393,19.78566551208496,-0.8644930720329285,0.001783034997060895,asphalt,0.0,0.0,1.0,3237.889645187089,3,-7.403435230255127,-0.7028304934501648,165.44557094869006,160.0,-0.0,7549.03913235556,4222.96086764444,0.035414546728134155,0.01055573582158644,False,-0.0,True,0,0,-0.7164149880409241,19.772689819335938,0.08155988156795502,False,True,-1.2911380529403687,28.687686920166016,0.0,0.0,0.0,1.0,3737.580322265625,3737.580322265625,0.32214000821113586,0.07785999774932861,1.0,asphalt,True,0.38773077726364136,28.74932098388672,0.0,0.0,0.0,1.0,3739.56591796875,3739.56591796875,0.3220891058444977,0.0779109001159668,1.0,grass,True,-1.2104164361953735,26.488916397094727,1.1175870895385742e-08,0.0,0.0,1.0,2147.638671875,2147.638671875,0.355331152677536,0.04466885328292847,1.0,asphalt,True,0.4684523344039917,26.55055046081543,1.1175870895385742e-08,0.0,0.0,1.0,2149.208984375,2149.208984375,0.35528019070625305,0.044719815254211426,1.0,grass,378,-1.285057783126831,28.527671813964844,0.3299620747566223,0.6268419623374939,-0.7789338827133179,-0.014168739318847656,0.011422156356275082,0.3938291072845459,28.58881378173828,0.3299606740474701,0.550687313079834,-0.8345131874084473,-0.015181738883256912,0.01003691554069519,-1.2049839496612549,26.328880310058594,0.32996755838394165,0.6265477538108826,-0.7791705131530762,-0.014173120260238647,0.011416896246373653,0.47390297055244446,26.3900203704834,0.3299662470817566,0.5503880381584167,-0.8347105383872986,-0.015185314230620861,0.010031486861407757
1.200000000000,144,0.0,0.0,1.0,-0.4416995346546173,28.443933486938477,0.4186558723449707,2.1869118213653564,19.415616989135742,-0.8635234832763672,0.0014885449782013893,asphalt,0.0,0.0,1.0,3162.164658392222,3,-7.397696495056152,-0.6895890235900879,159.3329640732133,160.0,-0.0,7558.274037385869,4213.725962614131,0.03541005402803421,0.010579262923687062,False,-0.0,True,0,0,-0.7372980713844299,19.401613235473633,0.08165612071752548,False,True,-1.3292640447616577,29.666793823242188,-7.450580596923828e-09,0.0,0.0,1.0,3736.810791015625,3736.810791015625,0.3221472203731537,0.07785278558731079,1.0,asphalt,True,0.34949320554733276,29.731395721435547,0.0,0.0,0.0,1.0,3738.345947265625,3738.345947265625,0.3221050202846527,0.07789498567581177,1.0,grass,True,-1.2446568012237549,27.468172073364258,0.0,0.0,0.0,1.0,2149.013671875,2149.013671875,0.3552999794483185,0.044700026512145996,1.0,asphalt,True,0.4341004490852356,27.532773971557617,0.0,0.0,0.0,1.0,2150.1005859375,2150.1005859375,0.3552577793598175,0.04474222660064697,1.0,grass,384,-1.3230187892913818,29.50986671447754,0.32996082305908203,0.7189632654190063,0.6947860717773438,0.013270395807921886,0.013713485561311245,0.35575753450393677,29.573976516723633,0.3299593925476074,0.7840143442153931,0.6204493045806885,0.011852411553263664,0.01495604868978262,-1.2390590906143188,27.31121826171875,0.32996752858161926,0.7192255854606628,0.6945145130157471,0.013265215791761875,0.013718492351472378,0.43971720337867737,27.375328063964844,0.32996609807014465,0.7842367887496948,0.6201680898666382,0.01184704527258873,0.01496029645204544
1.250000000000,150,0.0,0.0,1.0,-0.47880318760871887,29.409130096435547,0.4186522364616394,2.288154125213623,19.045814514160156,-0.8625126481056213,0.001186612993478775,asphalt,0.0,0.0,1.0,3093.637509183008,3,-7.392697334289551,-0.6763695478439331,153.33939153806747,160.0,-0.0,7564.5696317445845,4207.4303682554155,0.03540553152561188,0.01061229947518024,False,-0.0,True,0,0,-0.7568740248680115,19.03076934814453,0.08173026889562607,False,True,-1.3684037923812866,30.62734603881836,3.725290298461914e-08,0.0,0.0,1.0,3736.150634765625,3736.150634765625,0.32215866446495056,0.07784134149551392,1.0,asphalt,True,0.3102368712425232,30.694915771484375,0.0,0.0,0.0,1.0,3737.2646484375,3737.2646484375,0.3221254050731659,0.07787460088729858,1.0,grass,True,-1.2799115180969238,28.428878784179688,-3.3527612686157227e-08,0.0,0.0,1.0,2149.62646484375,2149.62646484375,0.35527345538139343,0.044726550579071045,1.0,asphalt,True,0.3987291157245636,28.49644660949707,-2.2351741790771484e-08,0.0,0.0,1.0,2150.305419921875,2150.305419921875,0.3552400767803192,0.044759929180145264,1.0,grass,390,-1.362004280090332,30.4735050201416,0.3299607038497925,0.7750164270401001,-0.6316255927085876,-0.012605796568095684,0.01548394188284874,0.31665608286857605,30.54058074951172,0.3299592137336731,0.7057202458381653,-0.708209216594696,-0.014135953038930893,0.014100896194577217,-1.274159550666809,28.27501106262207,0.32996654510498047,0.7747778296470642,-0.6319182515144348,-0.012611646205186844,0.015479179099202156,0.4045008420944214,28.342084884643555,0.32996511459350586,0.7054662108421326,-0.7084621787071228,-0.01414092443883419,0.014095736667513847
1.300000000000,156,0.0,0.0,1.0,-0.5168689489364624,30.355792999267578,0.4186517298221588,2.389385223388672,18.67626190185547,-0.8616850972175598,0.0008929297910071909,asphalt,0.0,0.0,1.0,3029.4910968398535,3,-7.387990951538086,-0.6632285118103027,147.46477235196625,160.0,-0.0,7568.749844694208,4203.250155305792,0.035401202738285065,0.010653410315006485,False,-0.0,True,0,0,-0.7751467227935791,18.66016960144043,0.08175980299711227,False,True,-1.4084914922714233,31.569364547729492,7.450580596923828e-09,0.0,0.0,1.0,3735.8076171875,3735.8076171875,0.3221692144870758,0.07783079147338867,1.0,asphalt,True,0.2700271010398865,31.6398983001709,-7.450580596923828e-09,0.0,0.0,1.0,3736.529052734375,3736.529052734375,0.322144478559494,0.07785552740097046,1.0,grass,True,-1.316115140914917,29.371057510375977,-1.1175870895385742e-08,0.0,0.0,1.0,2149.8291015625,2149.8291015625,0.35525378584861755,0.044746220111846924,1.0,asphalt,True,0.3624034523963928,29.44158935546875,-3.3527612686157227e-08,0.0,0.0,1.0,2150.1220703125,2150.1220703125,0.35522910952568054,0.044770896434783936,1.0,grass,396,-1.4019489288330078,31.418607711791992,0.32996121048927307,0.5115535259246826,0.8589983582496643,0.017917750403285027,0.010661336593329906,0.2765904366970062,31.4886474609375,0.32995977997779846,0.601047158241272,0.7989415526390076,0.016665957868099213,0.012528125196695328,-1.3102197647094727,29.220272064208984,0.3299655020236969,0.5118744969367981,0.8588072061538696,0.017913756892085075,0.010668041184544563,0.368319571018219,29.290311813354492,0.32996395230293274,0.6013336181640625,0.7987260222434998,0.016661470755934715,0.012534089386463165
1.350000000000,162,0.0,0.0,1.0,-0.5558317303657532,31.2839298248291,0.418652206659317,2.4906044006347656,18.306955337524414,-0.8611426949501038,0.0006083574262447655,asphalt,0.0,0.0,1.0,2968.016905752169,3,-7.383127689361572,-0.6501258611679077,141.70860183050252,160.0,-0.0,7571.429310900138,4200.570689099862,0.03539697453379631,0.010695751248369474,False,-0.0,True,0,0,-0.7921193242073059,18.289810180664062,0.08175433427095413,False,True,-1.4494625329971313,32.49285888671875,-7.450580596923828e-09,0.0,0.0,1.0,3735.84716796875,3735.84716796875,0.32217493653297424,0.07782506942749023,1.0,asphalt,True,0.22892872989177704,32.56635284423828,-2.2351741790771484e-08,0.0,0.0,1.0,3736.181640625,3736.181640625,0.32215848565101624,0.07784152030944824,1.0,grass,True,-1.3532027006149292,30.29471206665039,3.3527612686157227e-08,0.0,0.0,1.0,2149.844970703125,2149.844970703125,0.3552405536174774,0.04475945234298706,1.0,asphalt,True,0.32518863677978516,30.368213653564453,2.60770320892334e-08,0.0,0.0,1.0,2149.764404296875,2149.764404296875,0.3552241027355194,0.04477590322494507,1.0,grass,402,-1.4427876472473145,32.34518051147461,0.32996219396591187,0.9348087906837463,-0.35448578000068665,-0.007700835820287466,0.020322727039456367,0.23562543094158173,32.41818618774414,0.32996082305908203,0.8891687393188477,-0.45706304907798767,-0.009930896572768688,0.019331149756908417,-1.347174882888794,30.147008895874023,0.32996460795402527,0.9346776008605957,-0.35483163595199585,-0.007708353456109762,0.020319869741797447,0.3312380909919739,30.220016479492188,0.32996317744255066,0.8890047669410706,-0.4573819041252136,-0.009937831200659275,0.01932758465409279
1.400000000000,168,0.0,0.0,1.0,-0.5956265926361084,32.19355010986328,0.41865214705467224,2.5918118953704834,17.937881469726562,-0.860890805721283,0.0003283030237071216,asphalt,0.0,0.0,1.0,2908.178251094188,3,-7.378571510314941,-0.6369884014129639,136.07062745020818,160.0,-0.0,7573.041480823828,4198.958519176172,0.03539286181330681,0.01073735932806477,False,-0.0,True,0,0,-0.8077930212020874,17.91968536376953,0.08173609524965286,False,True,-1.4912519454956055,33.39781951904297,-3.725290298461914e-08,0.0,0.0,1.0,3736.316650390625,3736.316650390625,0.32217469811439514,0.07782530784606934,1.0,asphalt,True,0.18700703978538513,33.47428512573242,-7.450580596923828e-09,0.0,0.0,1.0,3736.131591796875,3736.131591796875,0.32216641306877136,0.07783359289169312,1.0,grass,True,-1.3911094665527344,31.199853897094727,1.1175870895385742e-08,0.0,0.0,1.0,2149.796630859375,2149.796630859375,0.35523226857185364,0.04476773738861084,1.0,asphalt,True,0.28714966773986816,31.276317596435547,1.1175870895385742e-08,0.0,0.0,1.0,2149.4072265625,2149.4072265625,0.35522404313087463,0.044775962829589844,1.0,grass,408,-1.4844552278518677,33.253231048583984,0.3299631178379059,0.1591026932001114,0.9870029091835022,0.022328073158860207,0.0035962967667728662,0.1938261091709137,33.329200744628906,0.32996174693107605,0.27309948205947876,0.9617199301719666,0.0217564906924963,0.00617527449503541,-1.3849596977233887,31.055234909057617,0.3299638330936432,0.159467875957489,0.9869440197944641,0.022326737642288208,0.0036045582965016365,0.2933216094970703,31.131206512451172,0.32996246218681335,0.2734443247318268,0.9616219401359558,0.021754276007413864,0.006183076649904251
1.450000000000,174,0.0,0.0,1.0,-0.6361885666847229,33.08467102050781,0.4186513423919678,2.6930081844329834,17.56903648376465,-0.8608683943748474,5.4359166824724525e-05,asphalt,0.0,0.0,1.0,2849.3455197488206,3,-7.374085426330566,-0.6238999366760254,130.55042971448194,160.0,-0.0,7573.90451304116,4198.09548695884,0.03538883849978447,0.010782953022235295,False,-0.0,True,0,0,-0.8221683502197266,17.549787521362305,0.08172934502363205,False,True,-1.5337945222854614,34.28428649902344,-7.450580596923828e-09,0.0,0.0,1.0,3736.954345703125,3736.954345703125,0.32216963171958923,0.07783037424087524,1.0,asphalt,True,0.1443268358707428,34.36371612548828,0.0,0.0,0.0,1.0,3736.208740234375,3736.208740234375,0.32216933369636536,0.07783067226409912,1.0,grass,True,-1.4297699928283691,32.08649826049805,-1.1175870895385742e-08,0.0,0.0,1.0,2149.69873046875,2149.69873046875,0.3552275002002716,0.04477250576019287,1.0,asphalt,True,0.2483513504266739,32.16592788696289,-3.3527612686157227e-08,0.0,0.0,1.0,2149.090087890625,2149.090087890625,0.3552273213863373,0.0447726845741272,1.0,grass,414,-1.5268871784210205,34.142784118652344,0.3299637734889984,0.9972229599952698,0.07066988945007324,0.0016615870408713818,0.02343994379043579,0.15125742554664612,34.221717834472656,0.32996246218681335,0.9984433054924011,-0.050584398210048676,-0.0011885248823091388,0.023468680679798126,-1.4235094785690308,31.944963455200195,0.329963356256485,0.9972490072250366,0.07030091434717178,0.0016529130516573787,0.02344055473804474,0.2546350657939911,32.023895263671875,0.32996198534965515,0.9984250664710999,-0.05094241350889206,-0.0011969401966780424,0.02346825785934925
1.500000000000,180,0.0,0.0,1.0,-0.677452802658081,33.95730209350586,0.4186502993106842,2.7941904067993164,17.200416564941406,-0.8609846234321594,-0.000216988060856238,asphalt,0.0,0.0,1.0,2791.136934789023,3,-7.369435787200928,-0.6108204126358032,125.1478547159877,160.0,-0.0,7574.22588396323,4197.77411603677,0.03538487106561661,0.010826838827015614,False,-0.0,True,0,0,-0.8352479934692383,17.180126190185547,0.0817321240901947,False,True,-1.5770254135131836,35.15226364135742,7.450580596923828e-09,0.0,0.0,1.0,3737.489501953125,3737.489501953125,0.32216206192970276,0.07783794403076172,1.0,asphalt,True,0.10095296055078506,35.234657287597656,0.0,0.0,0.0,1.0,3736.269287109375,3736.269287109375,0.32216981053352356,0.07783019542694092,1.0,grass,True,-1.4691197872161865,32.95466232299805,7.450580596923828e-09,0.0,0.0,1.0,2149.64111328125,2149.64111328125,0.35522499680519104,0.04477500915527344,1.0,asphalt,True,0.2088586837053299,33.03705596923828,1.4901161193847656e-08,0.0,0.0,1.0,2148.73046875,2148.73046875,0.35523274540901184,0.04476726055145264,1.0,grass,420,-1.5700182914733887,35.01383590698242,0.32996413111686707,-0.3232371211051941,0.9460038542747498,0.02307254634797573,-0.007881729863584042,0.10798434913158417,35.095733642578125,0.32996270060539246,-0.20191708207130432,0.9790990948677063,0.023879455402493477,-0.004922627471387386,-1.462759256362915,32.81620407104492,0.3299631178379059,-0.32288703322410583,0.9461233615875244,0.023075463250279427,-0.007873190566897392,0.21524329483509064,32.898101806640625,0.3299616873264313,-0.20156227052211761,0.9791721701622009,0.02388124354183674,-0.004913973622024059
1.550000000000,186,0.0,0.0,1.0,-0.7193543910980225,34.81145477294922,0.41864949464797974,2.8953635692596436,16.83202362060547,-0.8611546158790588,-0.0004953797324560583,asphalt,0.0,0.0,1.0,2733.3207006928965,3,-7.365082263946533,-0.5977583527565002,119.86263568808069,160.0,-0.0,7574.163818522798,4197.836181477202,0.03538091853260994,0.010868947539479427,False,-0.0,True,0,0,-0.8470334410667419,16.810697555541992,0.0817391648888588,False,True,-1.6208800077438354,36.00176239013672,-2.2351741790771484e-08,0.0,0.0,1.0,3737.8837890625,3737.8837890625,0.3221539556980133,0.07784605026245117,1.0,asphalt,True,0.05695037171244621,36.087120056152344,1.4901161193847656e-08,0.0,0.0,1.0,3736.255615234375,3736.255615234375,0.32216981053352356,0.07783019542694092,1.0,grass,True,-1.5090937614440918,33.80435562133789,2.2351741790771484e-08,0.0,0.0,1.0,2149.671875,2149.671875,0.3552234470844269,0.0447765588760376,1.0,asphalt,True,0.168736532330513,33.88970947265625,-1.4901161193847656e-08,0.0,0.0,1.0,2148.370849609375,2148.370849609375,0.3552394211292267,0.04476058483123779,1.0,grass,426,-1.6137837171554565,35.86641311645508,0.3299640417098999,0.8161323666572571,0.5773124098777771,0.01458645798265934,0.020628010854125023,0.0640716552734375,35.951271057128906,0.32996273040771484,0.8842601776123047,0.4663107097148895,0.011780896224081516,0.022349262610077858,-1.5026441812515259,33.66897201538086,0.32996299862861633,0.8163459897041321,0.5770103335380554,0.014578822068870068,0.0206333976238966,0.17521119117736816,33.75383377075195,0.3299615681171417,0.8844290375709534,0.4659903645515442,0.011772803030908108,0.022353528067469597
1.600000000000,192,0.0,0.0,1.0,-0.7618288993835449,35.64714431762695,0.4186490476131439,2.996525764465332,16.463850021362305,-0.8613148927688599,-0.0007848801324144006,asphalt,0.0,0.0,1.0,2675.755991507723,3,-7.360795497894287,-0.584702730178833,114.69451071554424,160.0,-0.0,7573.83358915342,4198.16641084658,0.03537696972489357,0.010913303774719302,False,-0.0,True,0,0,-0.8575255274772644,16.44150161743164,0.08174614608287811,False,True,-1.665293574333191,36.832786560058594,1.4901161193847656e-08,0.0,0.0,1.0,3738.16162109375,3738.16162109375,0.32214632630348206,0.07785367965698242,1.0,asphalt,True,0.012383442372083664,36.921104431152344,7.450580596923828e-09,0.0,0.0,1.0,3736.146728515625,3736.146728515625,0.32217076420783997,0.07782924175262451,1.0,grass,True,-1.5496279001235962,34.635581970214844,2.2351741790771484e-08,0.0,0.0,1.0,2149.79541015625,2149.79541015625,0.35522183775901794,0.04477816820144653,1.0,asphalt,True,0.12804926931858063,34.72389602661133,7.450580596923828e-09,0.0,0.0,1.0,2148.048583984375,2148.048583984375,0.35524627566337585,0.04475373029708862,1.0,grass,432,-1.6581189632415771,36.70051956176758,0.32996395230293274,0.8013273477554321,-0.5976544618606567,-0.015637550503015518,0.020955165848135948,0.01958378404378891,36.7883415222168,0.32996252179145813,0.7136817574501038,-0.6999819278717041,-0.018313398584723473,0.018662037327885628,-1.5430997610092163,34.50328063964844,0.3299630284309387,0.8011060953140259,-0.5979509949684143,-0.015645306557416916,0.020949380472302437,0.1346030831336975,34.591102600097656,0.3299615979194641,0.7134281992912292,-0.7002403140068054,-0.018320158123970032,0.01865539886057377
1.650000000000,198,0.0,0.0,1.0,-0.8047943115234375,36.4640998840332,0.418649822473526,3.091236114501953,16.051382064819336,-0.8654761910438538,-0.0007491751457564533,asphalt,0.0,0.0,1.0,2617.57037268892,3,-8.687450408935547,-0.45371314883232117,109.19010620127875,160.0,-0.0,7620.325814937029,4151.674185062971,0.024015525355935097,0.011814113151008703,False,-0.0,True,0,0,-0.8624637126922607,16.028196334838867,0.08231154084205627,False,True,-1.709946632385254,37.64494323730469,0.0,0.0,0.0,1.0,3786.56787109375,3786.56787109375,0.32200267910957336,0.07799732685089111,1.0,asphalt,True,-0.032409362494945526,37.735870361328125,3.725290298461914e-08,0.0,0.0,1.0,3789.841552734375,3789.841552734375,0.3220182955265045,0.07798171043395996,1.0,asphalt,True,-1.5908563137054443,35.447914123535156,3.725290298461914e-09,0.0,0.0,1.0,2115.72265625,2115.72265625,0.3553828299045563,0.0446171760559082,1.0,asphalt,True,0.08668101578950882,35.53884506225586,-4.0978193283081055e-08,0.0,0.0,1.0,2117.0732421875,2117.0732421875,0.3553985059261322,0.044601500034332275,1.0,grass,438,-1.7028244733810425,37.5159912109375,0.33002907037734985,0.2932644784450531,0.9556507468223572,0.025784067809581757,0.007919344119727612,-0.025268901139497757,37.60658645629883,0.3300354480743408,0.42246031761169434,0.9059799909591675,0.02444310300052166,0.011405112221837044,-1.5841728448867798,35.318939208984375,0.32988330721855164,0.2936290502548218,0.955538809299469,0.025781050324440002,0.007929177023470402,0.0933825746178627,35.4095344543457,0.3298896253108978,0.4227956235408783,0.9058235883712769,0.0244388859719038,0.011414154432713985
1.700000000000,204,0.0,0.0,1.0,-0.8478440642356873,37.259857177734375,0.41870230436325073,3.1493184566497803,15.617534637451172,-0.9007564187049866,0.0005447315634228289,asphalt,0.0,0.0,1.0,2556.027239539859,3,-8.66907787322998,-0.29621660709381104,103.39109074706104,160.0,-0.0,7692.34330670571,4079.6566932942897,0.017304295673966408,0.007454606117729377,False,-0.0,True,0,0,-0.8561087846755981,15.5940523147583,0.08420541882514954,False,True,-1.7539502382278442,38.435935974121094,0.0,0.0,0.0,1.0,3860.462890625,3860.462890625,0.3213346302509308,0.07866537570953369,1.0,asphalt,True,-0.07650075107812881,38.528472900390625,0.0,0.0,0.0,1.0,3863.75341796875,3863.75341796875,0.3213149607181549,0.07868504524230957,1.0,asphalt,True,-1.6327548027038574,36.2390022277832,-1.1175870895385742e-08,0.0,0.0,1.0,2043.419677734375,2043.419677734375,0.35623112320899963,0.043768882751464844,1.0,asphalt,True,0.044694606214761734,36.33154296875,2.60770320892334e-08,0.0,0.0,1.0,2045.593505859375,2045.593505859375,0.356211394071579,0.0437886118888855,1.0,grass,444,-1.7469391822814941,38.310794830322266,0.3300919234752655,0.9966642260551453,0.07684633880853653,0.002117234282195568,0.027397766709327698,-0.06947650760412216,38.40309143066406,0.3300956189632416,0.9975781440734863,-0.06389586627483368,-0.0017517423257231712,0.027423564344644547,-1.6260600090026855,36.11383819580078,0.3297848701477051,0.9966966509819031,0.07642434537410736,0.002105634193867445,0.027398671954870224,0.05140266939997673,36.20613479614258,0.3297886252403259,0.9975517392158508,-0.06430686265230179,-0.0017630404327064753,0.027422843500971794
1.750000000000,210,0.0,0.0,1.0,-0.8905090689659119,38.03392028808594,0.4188399910926819,3.197057008743286,15.184477806091309,-0.9517254829406738,0.0007225456065498292,asphalt,0.0,0.0,1.0,2492.220879146443,3,-8.654553413391113,-0.2540718615055084,97.76094138298004,160.0,-0.0,7742.877228878213,4029.122771121787,0.016225850209593773,0.005409642931797597,False,-0.0,True,0,0,-0.8454491496086121,15.160923957824707,0.08501710742712021,False,True,-1.7973706722259521,39.20528793334961,-7.450580596923828e-09,0.0,0.0,1.0,3904.5615234375,3904.5615234375,0.32049623131752014,0.07950377464294434,1.0,asphalt,True,-0.1199980080127716,39.29920959472656,7.450580596923828e-09,0.0,0.0,1.0,3903.8720703125,3903.8720703125,0.32047751545906067,0.07952249050140381,1.0,asphalt,True,-1.6743627786636353,37.008419036865234,-3.725290298461914e-09,0.0,0.0,1.0,1982.552978515625,1982.552978515625,0.3573743999004364,0.042625606060028076,1.0,asphalt,True,0.0030097011476755142,37.10234069824219,3.725290298461914e-09,0.0,0.0,1.0,1982.62158203125,1982.62158203125,0.35735568404197693,0.04264432191848755,1.0,grass,450,-1.7904760837554932,39.084041595458984,0.330093115568161,-0.4652971625328064,0.8847148418426514,0.02468654327094555,-0.012990517541766167,-0.11309081315994263,39.177734375,0.33009061217308044,-0.3344663977622986,0.9419947266578674,0.02628590352833271,-0.009339667856693268,-1.6677649021148682,36.88715362548828,0.32976198196411133,-0.4648820161819458,0.8849330544471741,0.024692628532648087,-0.012978937476873398,0.009620447643101215,36.98085021972656,0.32975947856903076,-0.33403149247169495,0.9421490430831909,0.02629009075462818,-0.009327493607997894
1.800000000000,216,0.0,0.0,1.0,-0.932587742805481,38.785888671875,0.41899868845939636,3.2336132526397705,14.708022117614746,-1.0064047574996948,0.0004937407793477178,asphalt,0.0,0.0,1.0,2426.062304095697,3,-9.670074462890625,-0.12339195609092712,91.8553663242292,160.0,-0.0,7826.7741265537425,3945.2258734462575,0.005170892458409071,0.005030260946117469,False,-0.0,True,0,0,-0.8285228610038757,14.684667587280273,0.0847909078001976,False,True,-1.8398690223693848,39.95246124267578,-2.2351741790771484e-08,0.0,0.0,1.0,3974.22412109375,3974.22412109375,0.31956878304481506,0.08043122291564941,1.0,asphalt,True,-0.16254819929599762,40.047298431396484,2.2351741790771484e-08,0.0,0.0,1.0,3977.2431640625,3977.2431640625,0.31955084204673767,0.0804491639137268,1.0,asphalt,True,-1.7156593799591064,37.75563049316406,2.9802322387695312e-08,0.0,0.0,1.0,1908.1434326171875,1908.1434326171875,0.3586294949054718,0.041370511054992676,1.0,asphalt,True,-0.038338564336299896,37.850467681884766,2.60770320892334e-08,0.0,0.0,1.0,1910.1297607421875,1910.1297607421875,0.3586116135120392,0.04138839244842529,1.0,asphalt,456,-1.833220362663269,39.835365295410156,0.3301272690296173,0.6013357043266296,0.7984980940818787,0.022541005164384842,0.016969870775938034,-0.1558952033519745,39.93013000488281,0.3301307260990143,0.7097906470298767,0.7038474678993225,0.01986987516283989,0.020031532272696495,-1.709105134010315,37.63852310180664,0.3297137916088104,0.6017591953277588,0.798179030418396,0.022532010450959206,0.016981812193989754,-0.031780119985342026,37.73328399658203,0.3297171890735626,0.7101584672927856,0.7034762501716614,0.019859397783875465,0.02004190720617771
1.850000000000,222,0.0,0.0,1.0,-0.9737073183059692,39.513877868652344,0.4191463887691498,3.2417845726013184,14.226725578308105,-1.0725089311599731,0.0011411283630877733,asphalt,0.0,0.0,1.0,2356.473552079314,3,-9.595276832580566,-0.02854335308074951,85.96634212675191,160.0,-0.0,7902.403581748122,3869.5964182518783,0.0009451969526708126,0.0015224714264524843,False,-0.0,True,0,0,-0.8042181730270386,14.20397663116455,0.08419262617826462,False,True,-1.880882740020752,40.67588806152344,-2.2351741790771484e-08,0.0,0.0,1.0,4028.464111328125,4028.464111328125,0.318463534116745,0.08153647184371948,1.0,asphalt,True,-0.20357173681259155,40.770904541015625,0.0,0.0,0.0,1.0,4031.14404296875,4031.14404296875,0.31842848658561707,0.08157151937484741,1.0,asphalt,True,-1.7564349174499512,38.47901916503906,-2.60770320892334e-08,0.0,0.0,1.0,1841.97802734375,1841.97802734375,0.36005792021751404,0.03994208574295044,1.0,asphalt,True,-0.07912392914295197,38.574031829833984,1.1175870895385742e-08,0.0,0.0,1.0,1844.181640625,1844.181640625,0.3600228726863861,0.03997713327407837,1.0,asphalt,462,-1.8744856119155884,40.56314468383789,0.33012208342552185,0.9854744672775269,-0.16745135188102722,-0.004728596657514572,0.02788790874183178,-0.1971741020679474,40.65814971923828,0.3301236927509308,0.9511414766311646,-0.30745697021484375,-0.008690716698765755,0.026917772367596626,-1.750055193901062,38.36627197265625,0.32971397042274475,0.9853727221488953,-0.16804903745651245,-0.004745509475469589,0.02788502909243107,-0.07274352014064789,38.461273193359375,0.3297155201435089,0.9509583711624146,-0.3080229163169861,-0.008706733584403992,0.026912594214081764
1.900000000000,228,0.0,0.0,1.0,-1.0135776996612549,40.21787643432617,0.4192490875720978,3.24328351020813,13.74841594696045,-1.129892349243164,0.0011771991848945618,asphalt,0.0,0.0,1.0,2284.9548464556597,3,-9.54423713684082,-0.0062784552574157715,80.30939591002571,160.0,-0.0,7952.500792203712,3819.499207796288,0.0001757865829858929,0.00015302440707707838,False,-0.0,True,0,0,-0.7778081893920898,13.726395606994629,0.0824228897690773,False,True,-1.9205328226089478,41.37550354003906,2.2351741790771484e-08,0.0,0.0,1.0,4048.606201171875,4048.606201171875,0.3175130784511566,0.08248692750930786,1.0,asphalt,True,-0.24322383105754852,41.47055435180664,-7.450580596923828e-09,0.0,0.0,1.0,4049.328857421875,4049.328857421875,0.3174799382686615,0.08252006769180298,1.0,asphalt,True,-1.7960394620895386,39.17859649658203,-7.450580596923828e-09,0.0,0.0,1.0,1810.4954833984375,1810.4954833984375,0.3612007796764374,0.0387992262840271,1.0,asphalt,True,-0.11873041838407516,39.27364730834961,-4.0978193283081055e-08,0.0,0.0,1.0,1811.6328125,1811.6328125,0.36116763949394226,0.03883236646652222,1.0,asphalt,468,-1.9143794775009155,41.26704788208008,0.33007538318634033,-0.33830851316452026,0.9406096339225769,0.026625484228134155,-0.00958727952092886,-0.23707044124603271,41.36209487915039,0.3300740718841553,-0.19945591688156128,0.9794980883598328,0.02772790752351284,-0.005656743422150612,-1.7898893356323242,39.07014083862305,0.32977810502052307,-0.33768409490585327,0.9408339858055115,0.026631824672222137,-0.00956960953772068,-0.11258014291524887,39.16518783569336,0.329776793718338,-0.1988207846879959,0.9796271920204163,0.027731560170650482,-0.005638766568154097
1.950000000000,234,0.0,0.0,1.0,-1.0521208047866821,40.89802932739258,0.41925352811813354,3.2435555458068848,13.272151947021484,-1.1669455766677856,0.0008010692545212805,asphalt,0.0,0.0,1.0,2212.4197222190987,3,-9.508797645568848,-0.0010472536087036133,74.86932576310566,160.0,-0.0,7985.603844194275,3786.3961558057254,3.3520827855682e-05,-0.00021549832540057918,False,-0.0,True,0,0,-0.7509937286376953,13.250886917114258,0.08008430153131485,False,True,-1.9588407278060913,42.051456451416016,-2.9802322387695312e-08,0.0,0.0,1.0,4046.87158203125,4046.87158203125,0.3168582022190094,0.08314180374145508,1.0,asphalt,True,-0.28153201937675476,42.14651870727539,-7.450580596923828e-09,0.0,0.0,1.0,4046.54931640625,4046.54931640625,0.3168368637561798,0.08316314220428467,1.0,asphalt,True,-1.8343377113342285,39.85452651977539,1.1175870895385742e-08,0.0,0.0,1.0,1811.3431396484375,1811.3431396484375,0.3618238866329193,0.038176119327545166,1.0,asphalt,True,-0.1570289582014084,39.949581146240234,-1.4901161193847656e-08,0.0,0.0,1.0,1811.663330078125,1811.663330078125,0.3618025481700897,0.038197457790374756,1.0,asphalt,474,-1.9529247283935547,41.94715118408203,0.3300187587738037,0.6250516176223755,0.7800701260566711,0.022090328857302666,0.01769150421023369,-0.2756160497665405,42.042205810546875,0.3300166130065918,0.7307854294776917,0.6820203065872192,0.019315002486109734,0.020685793831944466,-1.82842218875885,39.75021743774414,0.3298667371273041,0.6255990266799927,0.7796311974525452,0.022077906876802444,0.01770699769258499,-0.1511135846376419,39.845272064208984,0.32986459136009216,0.7312510013580322,0.6815211176872253,0.019300872460007668,0.02069897949695587
2.000000000000,240,0.0,0.0,1.0,-1.0893223285675049,41.55442810058594,0.4191438853740692,3.243600368499756,12.7973051071167,-1.1818281412124634,0.00039708256372250617,asphalt,0.0,0.0,1.0,2139.3742839622123,3,-9.485008239746094,0.00038760900497436523,69.63635354391045,160.0,-0.0,8007.381567131604,3764.6184328683958,6.216341262188507e-06,-0.00022688497183858907,False,-0.0,True,0,0,-0.7241320610046387,12.776801109313965,0.07824963331222534,False,True,-1.9958118200302124,42.703826904296875,1.4901161193847656e-08,0.0,0.0,1.0,4033.541015625,4033.541015625,0.3165067136287689,0.08349329233169556,1.0,asphalt,True,-0.3185032904148102,42.798885345458984,-1.4901161193847656e-08,0.0,0.0,1.0,4033.051513671875,4033.051513671875,0.3164966404438019,0.0835033655166626,1.0,asphalt,True,-1.8713067770004272,40.50688552856445,0.0,0.0,0.0,1.0,1839.3184814453125,1839.3184814453125,0.3619144856929779,0.03808552026748657,1.0,asphalt,True,-0.19399821758270264,40.6019401550293,1.4901161193847656e-08,0.0,0.0,1.0,1838.828857421875,1838.828857421875,0.36190441250801086,0.03809559345245361,1.0,asphalt,480,-1.9901256561279297,42.60353469848633,0.32996928691864014,0.9956283569335938,-0.08901221305131912,-0.002516771899536252,0.028189778327941895,-0.3128170967102051,42.69858932495117,0.3299676775932312,0.9724615812301636,-0.23133845627307892,-0.006546572782099247,0.027534347027540207,-1.8656206130981445,40.40658950805664,0.3299468755722046,0.9955649375915527,-0.08971863985061646,-0.002536773681640625,0.028187986463308334,-0.18831206858158112,40.50164794921875,0.32994526624679565,0.9723007082939148,-0.2320135533809662,-0.006565685849636793,0.027529798448085785
2.050000000000,246,0.0,0.0,1.0,-1.1251813173294067,42.187137603759766,0.4189649224281311,3.243604898452759,12.323453903198242,-1.1795306205749512,0.00016625094576738775,asphalt,0.0,0.0,1.0,2066.093295246242,3,-9.468539237976074,0.0003573894500732422,64.60391286794948,160.0,-0.0,8021.6307482994835,3750.3692517005165,8.283673196274322e-07,-0.00012055166041466235,False,-0.0,True,0,0,-0.6972995400428772,12.303709983825684,0.07825691998004913,False,True,-2.0314478874206543,43.33263397216797,1.4901161193847656e-08,0.0,0.0,1.0,4015.22802734375,4015.22802734375,0.3164047300815582,0.08359527587890625,1.0,asphalt,True,-0.3541392683982849,43.42768478393555,7.450580596923828e-09,0.0,0.0,1.0,4014.99755859375,4014.99755859375,0.3164004981517792,0.0835995078086853,1.0,asphalt,True,-1.90694260597229,41.13569259643555,-2.60770320892334e-08,0.0,0.0,1.0,1878.2071533203125,1878.2071533203125,0.3616465628147125,0.03835344314575195,1.0,asphalt,True,-0.22963404655456543,41.23074722290039,7.450580596923828e-09,0.0,0.0,1.0,1877.976806640625,1877.976806640625,0.36164233088493347,0.038357675075531006,1.0,asphalt,486,-2.025984764099121,43.23624801635742,0.32993295788764954,0.5082083940505981,-0.8607689142227173,-0.024370495229959488,0.01439034752547741,-0.3486761748790741,43.33130645751953,0.329932302236557,-0.3790682554244995,0.9249358177185059,0.02618740312755108,-0.010733961127698421,-1.9014796018600464,41.039310455322266,0.32998818159103394,0.5076006054878235,-0.8611274361610413,-0.024380583316087723,0.01437303889542818,-0.22417102754116058,41.134368896484375,0.3299875259399414,-0.3784329891204834,0.9251959323883057,0.02619476430118084,-0.010715976357460022
2.100000000000,252,0.0,0.0,1.0,-1.159699559211731,42.79620361328125,0.41880330443382263,3.2436044216156006,11.850319862365723,-1.168460488319397,5.681777838617563e-05,asphalt,0.0,0.0,1.0,1992.721806469087,3,-9.456308364868164,0.00016248226165771484,59.76777409603144,160.0,-0.0,8030.868187973668,3741.131812026332,2.2959923740017985e-08,-6.447993932595998e-05,False,-0.0,True,0,0,-0.6705187559127808,11.831334114074707,0.07945843040943146,False,True,-2.065747022628784,43.937843322753906,2.9802322387695312e-08,0.0,0.0,1.0,4002.885009765625,4002.885009765625,0.31647661328315735,0.08352339267730713,1.0,asphalt,True,-0.38843846321105957,44.032901763916016,-2.2351741790771484e-08,0.0,0.0,1.0,4002.823486328125,4002.823486328125,0.31647536158561707,0.08352464437484741,1.0,asphalt,True,-1.9412423372268677,41.74091339111328,-1.862645149230957e-08,0.0,0.0,1.0,1900.73291015625,1900.73291015625,0.3612625300884247,0.038737475872039795,1.0,asphalt,True,-0.2639337480068207,41.835968017578125,3.3527612686157227e-08,0.0,0.0,1.0,1900.563232421875,1900.563232421875,0.3612612187862396,0.038738787174224854,1.0,asphalt,492,-2.0605037212371826,43.845333099365234,0.3299100697040558,0.369823157787323,0.9286710023880005,0.02629392221570015,0.010470462031662464,-0.383195161819458,43.94038772583008,0.32990965247154236,0.4995969831943512,0.8657954931259155,0.02451372519135475,0.014144758693873882,-1.9359989166259766,41.648399353027344,0.3299960494041443,0.3704608678817749,0.9284167885780334,0.026286723092198372,0.010488517582416534,-0.2586904764175415,41.74345779418945,0.32999569177627563,0.5001716613769531,0.8654635548591614,0.024504326283931732,0.014161027036607265
2.150000000000,258,0.0,0.0,1.0,-1.1928790807724,43.38166046142578,0.41870689392089844,3.2436046600341797,11.37771224975586,-1.1545963287353516,2.171560709030018e-06,asphalt,0.0,0.0,1.0,1919.333750405757,3,-9.447196006774902,9.542703628540039e-05,55.125108022353764,160.0,-0.0,8036.76963369478,3735.23036630522,-1.2369690693958546e-07,-3.0895231772022386e-05,False,-0.0,True,0,0,-0.6437714099884033,11.359484672546387,0.08084100484848022,False,True,-2.0987088680267334,44.51947021484375,-1.4901161193847656e-08,0.0,0.0,1.0,3989.88623046875,3989.88623046875,0.3166567385196686,0.0833432674407959,1.0,asphalt,True,-0.4214002788066864,44.61452102661133,7.450580596923828e-09,0.0,0.0,1.0,3989.835205078125,3989.835205078125,0.31665679812431335,0.08334320783615112,1.0,asphalt,True,-1.974204659461975,42.322547912597656,-3.725290298461914e-09,0.0,0.0,1.0,1910.89111328125,1910.89111328125,0.36090782284736633,0.039092183113098145,1.0,asphalt,True,-0.29689615964889526,42.4176025390625,1.1175870895385742e-08,0.0,0.0,1.0,1910.79638671875,1910.79638671875,0.3609078824520111,0.03909212350845337,1.0,asphalt,498,-2.093684196472168,44.43080520629883,0.3298985958099365,0.9503087997436523,0.31001973152160645,0.008777712471783161,0.02690640464425087,-0.41637563705444336,44.52586364746094,0.3298984169960022,0.9850274324417114,0.170058473944664,0.004814943764358759,0.027889421209692955,-1.9691801071166992,42.23388671875,0.3299867510795593,0.9505190849304199,0.3093743622303009,0.008759443648159504,0.026912368834018707,-0.2918715476989746,42.32894515991211,0.32998669147491455,0.9851388335227966,0.16941215097904205,0.0047966428101062775,0.027892572805285454
2.200000000000,264,0.0,0.0,1.0,-1.2247216701507568,43.94353103637695,0.4186739921569824,3.2436046600341797,10.905500411987305,-1.1416666507720947,-1.562115539854858e-05,asphalt,0.0,0.0,1.0,1845.9637334088793,3,-9.4397554397583,4.6312808990478516e-05,50.67392367120536,160.0,-0.0,8040.46812234822,3731.5318776517797,-1.123455604101764e-07,-9.421063986735872e-06,False,-0.0,True,0,0,-0.6170492768287659,10.888030052185059,0.08170270919799805,False,True,-2.130333662033081,45.07749938964844,0.0,0.0,0.0,1.0,3979.475830078125,3979.475830078125,0.3168703615665436,0.0831296443939209,1.0,asphalt,True,-0.4530249834060669,45.17255401611328,-3.725290298461914e-08,0.0,0.0,1.0,3979.442626953125,3979.442626953125,0.31687089800834656,0.08312910795211792,1.0,asphalt,True,-2.0058300495147705,42.88058853149414,0.0,0.0,0.0,1.0,1913.605224609375,1913.605224609375,0.3606403172016144,0.0393596887588501,1.0,asphalt,True,-0.3285214602947235,42.975643157958984,-3.725290298461914e-09,0.0,0.0,1.0,1913.56787109375,1913.56787109375,0.3606407940387726,0.039359211921691895,1.0,asphalt,504,-2.1255276203155518,44.99269485473633,0.32989969849586487,0.8647876381874084,-0.5013394951820374,-0.014194720424711704,0.024484965950250626,-0.4482191503047943,45.08774948120117,0.3298996388912201,0.7836537957191467,-0.6205527782440186,-0.01757003180682659,0.02218778058886528,-2.001024007797241,42.795780181884766,0.32997241616249084,0.8644547462463379,-0.50191330909729,-0.014210964553058147,0.024475542828440666,-0.3237155079841614,42.890838623046875,0.32997235655784607,0.783255934715271,-0.6210548281669617,-0.017584247514605522,0.022176511585712433
2.250000000000,270,0.0,0.0,1.0,-1.2552285194396973,44.481842041015625,0.41867607831954956,3.243605852127075,10.433601379394531,-1.13182532787323,-1.562777288199868e-05,asphalt,0.0,0.0,1.0,1772.626358855776,3,-9.433945655822754,1.341104507446289e-05,46.41295597281214,160.0,-0.0,8042.6988863785455,3729.3011136214545,-6.148863462840382e-08,1.9313279604459927e-06,False,-0.0,True,0,0,-0.5903469920158386,10.416886329650879,0.08194293826818466,False,True,-2.1606216430664062,45.6119384765625,-7.450580596923828e-09,0.0,0.0,1.0,3973.80419921875,3973.80419921875,0.317050963640213,0.08294904232025146,1.0,asphalt,True,-0.4833129644393921,45.70699691772461,-2.9802322387695312e-08,0.0,0.0,1.0,3973.788818359375,3973.788818359375,0.3170514404773712,0.08294856548309326,1.0,asphalt,True,-2.036118268966675,43.415035247802734,1.862645149230957e-08,0.0,0.0,1.0,1912.48583984375,1912.48583984375,0.36046692728996277,0.03953307867050171,1.0,asphalt,True,-0.3588097393512726,43.510093688964844,-4.470348358154297e-08,0.0,0.0,1.0,1912.4774169921875,1912.4774169921875,0.36046740412712097,0.039532601833343506,1.0,asphalt,510,-2.1560351848602295,45.53101348876953,0.3299098610877991,-0.2379852533340454,0.9708563685417175,0.02748820185661316,-0.006737983785569668,-0.47872665524482727,45.62607192993164,0.3299098610877991,-0.09581710398197174,0.9949965476989746,0.0281717237085104,-0.002712715184316039,-2.031532049179077,43.334110260009766,0.32995858788490295,-0.2373408079147339,0.9710140824317932,0.027492672204971313,-0.006719737313687801,-0.3542234003543854,43.42916488647461,0.3299585282802582,-0.09517940133810043,0.9950577616691589,0.028173452243208885,-0.0026946591679006815
2.300000000000,276,0.0,0.0,1.0,-1.2844005823135376,44.9965934753418,0.4186842739582062,3.2436070442199707,9.961949348449707,-1.12586510181427,-9.746907380758785e-06,asphalt,0.0,0.0,1.0,1699.3259546695172,3,-9.429380416870117,-1.2695789337158203e-05,42.341248216428795,160.0,-0.0,8043.965326463519,3728.034673536481,-2.40516691007997e-08,3.2855043189100263e-06,False,-0.0,True,0,0,-0.5636603236198425,9.945989608764648,0.08177273720502853,False,True,-2.189573049545288,46.12281036376953,-2.2351741790771484e-08,0.0,0.0,1.0,3972.99072265625,3972.99072265625,0.3171595633029938,0.0828404426574707,1.0,asphalt,True,-0.5122647285461426,46.217864990234375,0.0,0.0,0.0,1.0,3972.988525390625,3972.988525390625,0.3171598017215729,0.0828402042388916,1.0,asphalt,True,-2.065070152282715,43.92591094970703,-2.9802322387695312e-08,0.0,0.0,1.0,1909.803466796875,1909.803466796875,0.3603713810443878,0.03962862491607666,1.0,asphalt,True,-0.387761652469635,44.020965576171875,-1.1175870895385742e-08,0.0,0.0,1.0,1909.8099365234375,1909.8099365234375,0.3603716194629669,0.03962838649749756,1.0,asphalt,516,-2.1852076053619385,46.045772552490234,0.3299238681793213,0.5044404864311218,0.8629825115203857,0.024433866143226624,0.014282477088272572,-0.5078991055488586,46.140830993652344,0.32992392778396606,0.6233618259429932,0.7814211845397949,0.02212459221482277,0.017649536952376366,-2.060704469680786,43.848873138427734,0.32994773983955383,0.5050132870674133,0.8626473546028137,0.02442437969148159,0.014298694208264351,-0.38339611887931824,43.943931579589844,0.32994773983955383,0.6238624453544617,0.7810215950012207,0.02211327850818634,0.017663711681962013
2.350000000000,282,0.0,0.0,1.0,-1.3122395277023315,45.487823486328125,0.41868165135383606,3.243605852127075,9.494746208190918,-1.1235318183898926,-4.7133366933849175e-06,asphalt,0.0,0.0,1.0,1720.8418526805776,2,-9.172327041625977,-1.3589859008789062e-05,38.475285143796356,160.0,-0.0,8041.431009545711,3730.5689904542887,-2.210687100046016e-08,1.386358223459047e-06,False,-0.0,True,0,0,-0.5372255444526672,9.479535102844238,0.08147522807121277,False,True,-2.2171926498413086,46.610164642333984,-7.450580596923828e-09,0.0,0.0,1.0,3975.74853515625,3975.74853515625,0.31718894839286804,0.08281105756759644,1.0,asphalt,True,-0.539884090423584,46.70521926879883,2.2351741790771484e-08,0.0,0.0,1.0,3975.755126953125,3975.755126953125,0.3171890676021576,0.08281093835830688,1.0,asphalt,True,-2.0926895141601562,44.41326141357422,2.60770320892334e-08,0.0,0.0,1.0,1906.8094482421875,1906.8094482421875,0.36033138632774353,0.03966861963272095,1.0,asphalt,True,-0.41538113355636597,44.50831985473633,1.4901161193847656e-08,0.0,0.0,1.0,1906.8160400390625,1906.8160400390625,0.3603315055370331,0.039668500423431396,1.0,asphalt,522,-2.2130467891693115,46.53700637817383,0.329936683177948,0.9525415301322937,0.3030902147293091,0.008581465110182762,0.0269696693867445,-0.5357382893562317,46.63206100463867,0.3299367427825928,0.9862399101257324,0.16287977993488312,0.004611633252352476,0.027923772111535072,-2.0885438919067383,44.340110778808594,0.3299402594566345,0.9527424573898315,0.30245786905288696,0.00856355857104063,0.02697535790503025,-0.4112353026866913,44.43516540527344,0.3299403190612793,0.9863440990447998,0.16224773228168488,0.004593737423419952,0.027926724404096603
2.400000000000,288,0.0,0.0,1.0,-1.3387707471847534,45.95597839355469,0.41866588592529297,3.243605136871338,9.0357084274292,-1.1239612102508545,-1.8146181446354603e-06,asphalt,0.0,0.0,1.0,1845.6172858708346,2,-9.182879447937012,2.562999725341797e-05,34.87387533855269,160.0,-0.0,8026.539314027455,3745.4606859725454,1.2580816388663152e-09,-1.1837483411518227e-07,False,-0.0,True,0,0,-0.5112524628639221,9.021232604980469,0.08137491345405579,False,True,-2.243507146835327,47.074493408203125,-2.2351741790771484e-08,0.0,0.0,1.0,3982.45556640625,3982.45556640625,0.31715694069862366,0.08284306526184082,1.0,asphalt,True,-0.5661985874176025,47.16954803466797,-7.450580596923828e-09,0.0,0.0,1.0,3982.4619140625,3982.4619140625,0.31715694069862366,0.08284306526184082,1.0,asphalt,True,-2.119004249572754,44.877593994140625,-4.842877388000488e-08,0.0,0.0,1.0,1903.87548828125,1903.87548828125,0.3603297770023346,0.03967022895812988,1.0,asphalt,True,-0.4416957199573517,44.972652435302734,-2.9802322387695312e-08,0.0,0.0,1.0,1903.87890625,1903.87890625,0.3603297770023346,0.03967022895812988,1.0,asphalt,528,-2.2395782470703125,47.00516128540039,0.3299447000026703,0.9242215156555176,-0.38080641627311707,-0.010781926102936268,0.026167813688516617,-0.5622694492340088,47.1002197265625,0.32994481921195984,0.8598120808601379,-0.5098256468772888,-0.014434889890253544,0.02434416115283966,-2.11507511138916,44.80826187133789,0.32993438839912415,0.9239686131477356,-0.38141971826553345,-0.010799289681017399,0.026160646229982376,-0.437766432762146,44.9033203125,0.3299345076084137,0.8594851493835449,-0.5103765726089478,-0.014450492337346077,0.024334903806447983
2.450000000000,294,0.0,0.0,1.0,-1.36400306224823,46.40121078491211,0.41864848136901855,3.243605852127075,8.576268196105957,-1.126121163368225,-3.469125431365683e-07,asphalt,0.0,0.0,1.0,1881.636585891545,2,-9.189462661743164,-4.351139068603516e-06,31.44623885796325,160.0,-0.0,8016.426116699555,3755.5738833004452,-1.3086776107229525e-10,5.737575396334029e-07,False,-0.0,True,0,0,-0.4852568209171295,8.562528610229492,0.08150887489318848,False,True,-2.268522024154663,47.515892028808594,1.4901161193847656e-08,0.0,0.0,1.0,3987.175537109375,3987.175537109375,0.31709548830986023,0.08290451765060425,1.0,asphalt,True,-0.5912134647369385,47.6109504699707,1.4901161193847656e-08,0.0,0.0,1.0,3987.178466796875,3987.178466796875,0.31709548830986023,0.08290451765060425,1.0,asphalt,True,-2.1440188884735107,45.31898880004883,-2.2351741790771484e-08,0.0,0.0,1.0,1900.9434814453125,1900.9434814453125,0.36035874485969543,0.03964126110076904,1.0,asphalt,True,-0.4667103886604309,45.41404724121094,-2.2351741790771484e-08,0.0,0.0,1.0,1900.945068359375,1900.945068359375,0.36035874485969543,0.03964126110076904,1.0,asphalt,534,-2.26481032371521,47.45038986206055,0.3299473524093628,-0.4930645823478699,0.8695322871208191,0.024619337171316147,-0.013960316777229309,-0.5875016450881958,47.545448303222656,0.3299473524093628,-0.36282113194465637,0.9314289093017578,0.026371832937002182,-0.010272699408233166,-2.1403071880340576,45.25349044799805,0.3299296498298645,-0.4924873113632202,0.8698593378067017,0.024628598242998123,-0.013943972066044807,-0.46299856901168823,45.34854507446289,0.3299296498298645,-0.3622242510318756,0.9316612482070923,0.026378408074378967,-0.010255798697471619
2.500000000000,300,0.0,0.0,1.0,-1.3879351615905762,46.823509216308594,0.418638676404953,3.243607521057129,8.116593360900879,-1.1290738582611084,1.8679924096431932e-07,asphalt,0.0,0.0,1.0,1863.7950461585692,2,-9.193222045898438,-1.4722347259521484e-05,28.19410649331665,160.0,-0.0,8009.508512880063,3762.491487119937,-1.731462972998088e-09,6.643112243577275e-07,False,-0.0,True,0,0,-0.45924821496009827,8.103590965270996,0.08167813718318939,False,True,-2.292236328125,47.93434524536133,-7.450580596923828e-09,0.0,0.0,1.0,3990.0224609375,3990.0224609375,0.3170299828052521,0.0829700231552124,1.0,asphalt,True,-0.6149277091026306,48.02940368652344,-7.450580596923828e-09,0.0,0.0,1.0,3990.02294921875,3990.02294921875,0.3170299828052521,0.0829700231552124,1.0,asphalt,True,-2.1677329540252686,45.73744201660156,0.0,0.0,0.0,1.0,1897.7486572265625,1897.7486572265625,0.3604085147380829,0.03959149122238159,1.0,asphalt,True,-0.4904244542121887,45.83250045776367,0.0,0.0,0.0,1.0,1897.7490234375,1897.7490234375,0.3604085147380829,0.03959149122238159,1.0,asphalt,540,-2.2887420654296875,47.87268829345703,0.32994645833969116,0.11319640278816223,0.9931694865226746,0.028120016679167747,0.003205019049346447,-0.6114335656166077,47.967742919921875,0.32994645833969116,0.2549208402633667,0.9665476679801941,0.027366269379854202,0.0072177196852862835,-2.164238929748535,45.67578125,0.32992687821388245,0.11386315524578094,0.9930932521820068,0.02811785787343979,0.00322389742359519,-0.48693034052848816,45.77083969116211,0.32992687821388245,0.25554755330085754,0.9663821458816528,0.027361582964658737,0.007235464174300432
2.550000000000,306,0.0,0.0,1.0,-1.4105669260025024,47.22285461425781,0.4186365604400635,3.243609666824341,7.65679931640625,-1.132045030593872,1.6678522740676271e-07,asphalt,0.0,0.0,1.0,1813.269593225759,2,-9.19472599029541,4.589557647705078e-06,25.118540488120875,160.0,-0.0,8004.728363149404,3767.271636850596,-3.128066694557674e-09,1.6067896783958387e-07,False,-0.0,True,0,0,-0.43323248624801636,7.644533157348633,0.08177267014980316,False,True,-2.314650535583496,48.32984161376953,0.0,0.0,0.0,1.0,3991.499755859375,3991.499755859375,0.31697317957878113,0.08302682638168335,1.0,asphalt,True,-0.6373417377471924,48.424903869628906,2.2351741790771484e-08,0.0,0.0,1.0,3991.502197265625,3991.502197265625,0.31697311997413635,0.08302688598632812,1.0,asphalt,True,-2.1901469230651855,46.13294219970703,-3.725290298461914e-08,0.0,0.0,1.0,1895.151611328125,1895.151611328125,0.3604637682437897,0.039536237716674805,1.0,asphalt,True,-0.5128382444381714,46.22799301147461,-3.725290298461914e-08,0.0,0.0,1.0,1895.1512451171875,1895.1512451171875,0.3604637682437897,0.039536237716674805,1.0,asphalt,546,-2.311373710632324,48.272029876708984,0.3299441635608673,0.6500445008277893,0.759368896484375,0.021500201895833015,0.01840486191213131,-0.6340652108192444,48.36708450317383,0.3299442231655121,0.75254225730896,0.6579355001449585,0.01862838678061962,0.021307023242115974,-2.1868703365325928,46.07512283325195,0.32992660999298096,0.6505600214004517,0.7589272856712341,0.02148778922855854,0.0184195376932621,-0.5095617771148682,46.17018127441406,0.32992660999298096,0.7529737949371338,0.6574416160583496,0.018614405766129494,0.021319245919585228
2.600000000000,312,0.0,0.0,1.0,-1.4318981170654297,47.59925079345703,0.4186379313468933,3.24361252784729,7.196951866149902,-1.1345069408416748,1.3009258736929041e-07,asphalt,0.0,0.0,1.0,1742.9130283672234,2,-9.195371627807617,-6.139278411865234e-06,22.220173582489537,160.0,-0.0,8001.380372497209,3770.6196275027914,8.979477605919328e-09,2.028488710824657e-06,False,-0.0,True,0,0,-0.4072139263153076,7.185421943664551,0.08177661895751953,False,True,-2.335763931274414,48.70240020751953,-7.450580596923828e-09,0.0,0.0,1.0,3992.0703125,3992.0703125,0.31693002581596375,0.08306998014450073,1.0,asphalt,True,-0.6584551334381104,48.79745101928711,-7.450580596923828e-09,0.0,0.0,1.0,3992.070556640625,3992.070556640625,0.31693002581596375,0.08306998014450073,1.0,asphalt,True,-2.2112598419189453,46.505489349365234,2.9802322387695312e-08,0.0,0.0,1.0,1893.6044921875,1893.6044921875,0.36051061749458313,0.03948938846588135,1.0,asphalt,True,-0.533951461315155,46.600547790527344,2.9802322387695312e-08,0.0,0.0,1.0,1893.6046142578125,1893.6046142578125,0.36051061749458313,0.03948938846588135,1.0,asphalt,552,-2.332704782485962,48.64842224121094,0.3299415111541748,0.9540207982063293,0.29840120673179626,0.008448759093880653,0.02701159194111824,-0.6553962826728821,48.74348068237305,0.32994145154953003,0.9870291352272034,0.15802668035030365,0.004474274814128876,0.027946166694164276,-2.2082011699676514,46.451515197753906,0.32992851734161377,0.9542232155799866,0.29775336384773254,0.008430413901805878,0.027017317712306976,-0.5308926105499268,46.546573638916016,0.32992851734161377,0.9871326088905334,0.15737906098365784,0.004455937538295984,0.027949094772338867
2.650000000000,318,0.0,0.0,1.0,-1.4519191980361938,47.95252990722656,0.4186387062072754,3.2436118125915527,6.724280834197998,-1.1361974477767944,1.9680685170442302e-07,asphalt,0.0,0.0,1.0,1660.2029538121794,2,-9.573365211486816,5.185604095458984e-06,19.44408475228738,160.0,-0.0,8012.586978919794,3759.413021080206,3.2193527843560332e-09,3.303857562527762e-07,False,-0.0,True,0,0,-0.38046956062316895,6.713508605957031,0.08172241598367691,False,True,-2.3555612564086914,49.05173110961914,-7.450580596923828e-09,0.0,0.0,1.0,3991.923583984375,3991.923583984375,0.31690099835395813,0.08309900760650635,1.0,asphalt,True,-0.6782526969909668,49.14678955078125,-7.450580596923828e-09,0.0,0.0,1.0,3991.923828125,3991.923828125,0.31690099835395813,0.08309900760650635,1.0,asphalt,True,-2.2310574054718018,46.854827880859375,-3.3527612686157227e-08,0.0,0.0,1.0,1893.2313232421875,1893.2313232421875,0.36054089665412903,0.03945910930633545,1.0,asphalt,True,-0.5537490248680115,46.94988250732422,-3.3527612686157227e-08,0.0,0.0,1.0,1893.2314453125,1893.2314453125,0.36054089665412903,0.03945910930633545,1.0,asphalt,558,-2.3527257442474365,49.0016975402832,0.3299388885498047,0.9752284288406372,-0.2193821370601654,-0.006211457308381796,0.027612045407295227,-0.6754172444343567,49.09675598144531,0.3299388885498047,0.9335147738456726,-0.3574201762676239,-0.010119784623384476,0.026430988684296608,-2.228222131729126,46.80479049682617,0.3299315571784973,0.9750792384147644,-0.22004425525665283,-0.006230203900486231,0.02760782279074192,-0.5509135127067566,46.89984893798828,0.3299315571784973,0.9332800507545471,-0.35803258419036865,-0.010137123055756092,0.026424339041113853
2.700000000000,324,0.0,0.0,1.0,-1.4705899953842163,48.281982421875,0.4186363220214844,3.243612051010132,6.246099472045898,-1.1368087530136108,1.7345691105674632e-07,asphalt,0.0,0.0,1.0,1568.808542328372,2,-9.554342269897461,5.304813385009766e-06,16.806265737883717,160.0,-0.0,8031.001130651204,3740.998869348796,-1.011823957952629e-09,1.0385993434308132e-06,False,-0.0,True,0,0,-0.35341331362724304,6.236093044281006,0.08164304494857788,False,True,-2.3740062713623047,49.37720489501953,-1.4901161193847656e-08,0.0,0.0,1.0,3990.2333984375,3990.2333984375,0.3168903887271881,0.08310961723327637,1.0,asphalt,True,-0.6966977715492249,49.472259521484375,-1.4901161193847656e-08,0.0,0.0,1.0,3990.23388671875,3990.23388671875,0.3168903887271881,0.08310961723327637,1.0,asphalt,True,-2.249502658843994,47.1802978515625,-3.3527612686157227e-08,0.0,0.0,1.0,1895.0325927734375,1895.0325927734375,0.36054542660713196,0.03945457935333252,1.0,asphalt,True,-0.5721940398216248,47.27535629272461,-3.3527612686157227e-08,0.0,0.0,1.0,1895.0325927734375,1895.0325927734375,0.36054542660713196,0.03945457935333252,1.0,asphalt,564,-2.371396541595459,49.331153869628906,0.32993537187576294,0.7584107518196106,-0.6511620879173279,-0.018436621874570847,0.021473199129104614,-0.6940879821777344,49.42620849609375,0.32993537187576294,0.656826376914978,-0.7535105347633362,-0.021334422752261162,0.018596962094306946,-2.2468926906585693,47.13424301147461,0.3299363851547241,0.7579683661460876,-0.6516770124435425,-0.01845119707286358,0.021460676565766335,-0.5695842504501343,47.22930145263672,0.3299363851547241,0.6563318967819214,-0.7539412379264832,-0.021346617490053177,0.018582958728075027
2.750000000000,330,0.0,0.0,1.0,-1.4879084825515747,48.58757781982422,0.4186308979988098,3.2436130046844482,5.768689155578613,-1.1361613273620605,5.003563430250324e-08,asphalt,0.0,0.0,1.0,1472.1106875893422,2,-9.541215896606445,7.092952728271484e-06,14.36468035493606,160.0,-0.0,8043.140966441361,3728.8590335586387,-9.353525953770259e-09,4.353567684068484e-07,False,-0.0,True,0,0,-0.3264008164405823,5.7594475746154785,0.0816635861992836,False,True,-2.3910999298095703,49.678829193115234,-3.725290298461914e-08,0.0,0.0,1.0,3988.492919921875,3988.492919921875,0.3169008791446686,0.0830991268157959,1.0,asphalt,True,-0.71379154920578,49.77388381958008,-3.725290298461914e-08,0.0,0.0,1.0,3988.49267578125,3988.49267578125,0.3169008791446686,0.0830991268157959,1.0,asphalt,True,-2.2665963172912598,47.4819221496582,1.1175870895385742e-08,0.0,0.0,1.0,1898.297607421875,1898.297607421875,0.3605239689350128,0.03947603702545166,1.0,asphalt,True,-0.5892878770828247,47.57698059082031,1.1175870895385742e-08,0.0,0.0,1.0,1898.296875,1898.296875,0.3605239689350128,0.03947603702545166,1.0,asphalt,570,-2.3887150287628174,49.63674545288086,0.3299318850040436,-0.3978583812713623,0.9170102477073669,0.025963664054870605,-0.011264685541391373,-0.7114065289497375,49.73180389404297,0.3299318850040436,-0.26177433133125305,0.9647140502929688,0.027314331382513046,-0.007411681115627289,-2.264211416244507,47.43983840942383,0.32993999123573303,-0.39723560214042664,0.9172801375389099,0.025971341878175735,-0.01124713197350502,-0.5869028568267822,47.53489685058594,0.32993999123573303,-0.26114121079444885,0.9648856520652771,0.027319185435771942,-0.007393754553049803
2.800000000000,336,0.0,0.0,1.0,-1.50387704372406,48.869346618652344,0.41862761974334717,3.2436153888702393,5.29181432723999,-1.134604811668396,1.0007121353794446e-08,asphalt,0.0,0.0,1.0,1372.2527328583744,2,-9.532060623168945,-1.7881393432617188e-07,12.117198084476767,160.0,-0.0,8051.107783914316,3720.8922160856837,-1.282588257822681e-08,1.2738416562202179e-06,False,-0.0,True,0,0,-0.2994188070297241,5.283336639404297,0.08174896985292435,False,True,-2.4068443775177,49.956642150878906,-2.9802322387695312e-08,0.0,0.0,1.0,3986.20654296875,3986.20654296875,0.3169299066066742,0.08307009935379028,1.0,asphalt,True,-0.7295358777046204,50.05170440673828,-2.9802322387695312e-08,0.0,0.0,1.0,3986.20654296875,3986.20654296875,0.3169299066066742,0.08307009935379028,1.0,asphalt,True,-2.2823405265808105,47.759735107421875,-1.4901161193847656e-08,0.0,0.0,1.0,1900.8218994140625,1900.8218994140625,0.360489159822464,0.03951084613800049,1.0,asphalt,True,-0.6050321459770203,47.85479736328125,-1.4901161193847656e-08,0.0,0.0,1.0,1900.822021484375,1900.822021484375,0.360489159822464,0.03951084613800049,1.0,asphalt,576,-2.404683828353882,49.91851806640625,0.3299294114112854,0.006484044715762138,0.9995784163475037,0.02830146998167038,0.000183629133971408,-0.7273752689361572,50.01357650756836,0.3299294114112854,0.15024107694625854,0.9882442355155945,0.027980567887425423,0.004253880120813847,-2.280179977416992,47.72161102294922,0.3299415707588196,0.007162773050367832,0.9995737671852112,0.028301337733864784,0.000202846247702837,-0.6028714776039124,47.81666946411133,0.3299415707588196,0.15088941156864166,0.9881454110145569,0.027977759018540382,0.004272149875760078
2.850000000000,342,0.0,0.0,1.0,-1.5184967517852783,49.127315521240234,0.4186284840106964,3.243617296218872,4.815316200256348,-1.1326279640197754,4.336416736805404e-08,asphalt,0.0,0.0,1.0,1270.5177196103848,2,-9.525630950927734,-2.0265579223632812e-06,10.062446218364698,160.0,-0.0,8056.302034120265,3715.6979658797354,7.835240012354916e-09,1.192152482853327e-06,False,-0.0,True,0,0,-0.2724579870700836,4.8076019287109375,0.08181122690439224,False,True,-2.4212405681610107,50.210662841796875,2.2351741790771484e-08,0.0,0.0,1.0,3983.97705078125,3983.97705078125,0.3169693648815155,0.08303064107894897,1.0,asphalt,True,-0.7439317107200623,50.305721282958984,2.2351741790771484e-08,0.0,0.0,1.0,3983.977294921875,3983.977294921875,0.3169693648815155,0.08303064107894897,1.0,asphalt,True,-2.296736478805542,48.013755798339844,4.0978193283081055e-08,0.0,0.0,1.0,1902.5120849609375,1902.5120849609375,0.36045190691947937,0.03954809904098511,1.0,asphalt,True,-0.6194279193878174,48.10881423950195,4.0978193283081055e-08,0.0,0.0,1.0,1902.5123291015625,1902.5123291015625,0.36045190691947937,0.03954809904098511,1.0,asphalt,582,-2.4193036556243896,50.17648696899414,0.3299287259578705,0.3765339255332947,0.9259703755378723,0.026217473670840263,0.010660963132977486,-0.741995096206665,50.27154541015625,0.3299287259578705,0.5058493614196777,0.8621574640274048,0.024410637095570564,0.014322355389595032,-2.294800043106079,47.979583740234375,0.32994163036346436,0.37716254591941833,0.9257145524024963,0.02621014602482319,0.010678797960281372,-0.6174913644790649,48.074642181396484,0.32994163036346436,0.5064148306846619,0.8618254065513611,0.024401294067502022,0.014338353648781776
2.900000000000,348,0.0,0.0,1.0,-1.5317684412002563,49.36149978637695,0.41863176226615906,3.2436184883117676,4.339084148406982,-1.1306954622268677,1.2008530347884516e-07,asphalt,0.0,0.0,1.0,1167.6719611501092,2,-9.520973205566406,-5.9604644775390625e-06,8.19950009303031,160.0,-0.0,8059.662976697164,3712.3370233028363,1.568923657657706e-09,1.0094546732962037e-06,False,-0.0,True,0,0,-0.24551217257976532,4.332132339477539,0.08181729912757874,False,True,-2.434288263320923,50.440895080566406,-2.9802322387695312e-08,0.0,0.0,1.0,3982.310302734375,3982.310302734375,0.3170088827610016,0.08299112319946289,1.0,asphalt,True,-0.7569797039031982,50.53595733642578,4.470348358154297e-08,0.0,0.0,1.0,3982.31884765625,3982.31884765625,0.31700870394706726,0.08299130201339722,1.0,asphalt,True,-2.309784412384033,48.243995666503906,-7.450580596923828e-09,0.0,0.0,1.0,1903.479736328125,1903.479736328125,0.36041882634162903,0.03958117961883545,1.0,asphalt,True,-0.6324759721755981,48.33905029296875,-7.450580596923828e-09,0.0,0.0,1.0,1903.4798583984375,1903.4798583984375,0.36041882634162903,0.03958117961883545,1.0,asphalt,588,-2.4325754642486572,50.410675048828125,0.32992953062057495,0.6665070056915283,0.7449613213539124,0.021092509850859642,0.01887119561433792,-0.7552669644355774,50.505733489990234,0.3299297094345093,0.7667604088783264,0.6413092017173767,0.01815769262611866,0.02170964516699314,-2.3080718517303467,48.21377182006836,0.3299408555030823,0.6670124530792236,0.7445088624954224,0.02107955329120159,0.01888536475598812,-0.6307632923126221,48.30883026123047,0.3299408555030823,0.7671810388565063,0.6408059597015381,0.018143441528081894,0.021721558645367622
2.950000000000,354,0.0,0.0,1.0,-1.5436931848526,49.571922302246094,0.41863471269607544,3.2436208724975586,3.8630459308624268,-1.1291356086730957,6.671402097424561e-09,asphalt,0.0,0.0,1.0,1068.2173680129526,2,-9.517610549926758,-6.198883056640625e-06,6.527773696342142,160.0,-0.0,8061.8066939193895,3710.1933060806105,-3.5534548636917407e-09,6.94203774047023e-07,False,-0.0,True,0,0,-0.2185773402452469,3.8568570613861084,0.08177604526281357,False,True,-2.4459891319274902,50.647369384765625,-2.2351741790771484e-08,0.0,0.0,1.0,3981.443115234375,3981.443115234375,0.31703969836235046,0.08296030759811401,1.0,asphalt,True,-0.7686806321144104,50.742427825927734,-2.2351741790771484e-08,0.0,0.0,1.0,3981.443115234375,3981.443115234375,0.31703969836235046,0.08296030759811401,1.0,asphalt,True,-2.3214855194091797,48.450469970703125,7.450580596923828e-09,0.0,0.0,1.0,1903.9041748046875,1903.9041748046875,0.36039289832115173,0.039607107639312744,1.0,asphalt,True,-0.6441767811775208,48.545528411865234,7.450580596923828e-09,0.0,0.0,1.0,1903.904052734375,1903.904052734375,0.36039289832115173,0.039607107639312744,1.0,asphalt,594,-2.44450044631958,50.62110137939453,0.3299315869808197,0.8607785105705261,0.508192241191864,0.014388698153197765,0.024371644482016563,-0.7671918869018555,50.716156005859375,0.3299315869808197,0.9249429106712341,0.37905099987983704,0.0107322558760643,0.026188360527157784,-2.3199968338012695,48.424198150634766,0.32993969321250916,0.8611195087432861,0.5076141953468323,0.014372328296303749,0.024381296709179878,-0.6426880955696106,48.51925277709961,0.32993969321250916,0.9251884818077087,0.3784511685371399,0.010715276002883911,0.02619532123208046
3.000000000000,360,0.0,0.0,1.0,-1.5542713403701782,49.75858688354492,0.4186352789402008,3.2436234951019287,3.387148857116699,-1.1281040906906128,1.0007099149333953e-08,asphalt,0.0,0.0,1.0,1002.0289911960191,2,-9.515089988708496,-5.245208740234375e-06,5.0468558158051975,160.0,-0.0,8063.152333860498,3708.8476661395016,1.3528968167975108e-08,2.7228312371688803e-06,False,-0.0,True,0,0,-0.1916504204273224,3.3817224502563477,0.08171618729829788,False,True,-2.456343412399292,50.830078125,1.4901161193847656e-08,0.0,0.0,1.0,3981.32421875,3981.32421875,0.3170575797557831,0.0829424262046814,1.0,asphalt,True,-0.7790347337722778,50.925140380859375,-2.9802322387695312e-08,0.0,0.0,1.0,3981.32177734375,3981.32177734375,0.31705763936042786,0.08294236660003662,1.0,asphalt,True,-2.3318395614624023,48.6331787109375,2.60770320892334e-08,0.0,0.0,1.0,1903.964599609375,1903.964599609375,0.36037471890449524,0.03962528705596924,1.0,asphalt,True,-0.654530942440033,48.728240966796875,2.60770320892334e-08,0.0,0.0,1.0,1903.965087890625,1903.965087890625,0.36037471890449524,0.03962528705596924,1.0,asphalt,600,-2.4550788402557373,50.807762145996094,0.3299340307712555,0.9655486345291138,0.25867903232574463,0.0073241135105490685,0.02733808010816574,-0.7777701616287231,50.9028205871582,0.3299339711666107,0.9927215576171875,0.1170591488480568,0.003314355621114373,0.028107434511184692,-2.3305747509002686,48.610862731933594,0.3299386203289032,0.9657201170921326,0.2580380439758301,0.007305964361876249,0.027342932298779488,-0.6532663702964783,48.7059211730957,0.3299386203289032,0.9927963614463806,0.11642296612262726,0.0032963426783680916,0.02810955047607422
3.050000000000,366,0.0,0.0,1.0,-1.5635032653808594,49.92149353027344,0.4186329245567322,3.243624448776245,2.9113543033599854,-1.1275988817214966,2.0681335399785894e-07,asphalt,0.0,0.0,1.0,961.8837113399359,2,-9.51329517364502,-5.185604095458984e-06,3.7564679748004166,160.0,-0.0,8063.976656079675,3708.023343920325,3.5375511409085902e-09,1.029698051887698e-06,False,-0.0,True,0,0,-0.1647292673587799,2.9066903591156006,0.08166611939668655,False,True,-2.465351104736328,50.98902893066406,2.9802322387695312e-08,0.0,0.0,1.0,3981.712646484375,3981.712646484375,0.31706294417381287,0.08293706178665161,1.0,asphalt,True,-0.788042426109314,51.08409118652344,2.9802322387695312e-08,0.0,0.0,1.0,3981.712646484375,3981.712646484375,0.31706294417381287,0.08293706178665161,1.0,asphalt,True,-2.3408470153808594,48.79213333129883,7.450580596923828e-09,0.0,0.0,1.0,1903.8057861328125,1903.8057861328125,0.3603636920452118,0.039636313915252686,1.0,asphalt,True,-0.6635386943817139,48.887184143066406,7.450580596923828e-09,0.0,0.0,1.0,1903.805908203125,1903.805908203125,0.3603636920452118,0.039636313915252686,1.0,asphalt,606,-2.46431040763855,50.970672607421875,0.3299359977245331,0.9992552995681763,0.026225555688142776,0.0007425379590131342,0.028292443603277206,-0.7870021462440491,51.065731048583984,0.3299359977245331,0.9926308989524841,-0.11782534420490265,-0.0033360507804900408,0.028104880824685097,-2.3398067951202393,48.773773193359375,0.32993754744529724,0.9992725253105164,0.02556227520108223,0.0007237580721266568,0.028292924165725708,-0.6624983549118042,48.86882781982422,0.32993754744529724,0.9925552010536194,-0.11846144497394562,-0.0033540602307766676,0.028102729469537735
3.100000000000,372,0.0,0.0,1.0,-1.5713891983032227,50.06064224243164,0.418628454208374,3.243626832962036,2.435638427734375,-1.127505898475647,3.0021291763659974e-07,asphalt,0.0,0.0,1.0,937.5343682644775,2,-9.511940956115723,7.152557373046875e-07,2.6564254867905004,160.0,-0.0,8064.461713719464,3707.5382862805363,5.293939064898723e-09,2.3716452700340325e-06,False,-0.0,True,0,0,-0.1378125101327896,2.431736469268799,0.08165633678436279,False,True,-2.473012924194336,51.12421798706055,7.450580596923828e-09,0.0,0.0,1.0,3982.5693359375,3982.5693359375,0.31705912947654724,0.08294087648391724,1.0,asphalt,True,-0.7957042455673218,51.219276428222656,-7.450580596923828e-09,0.0,0.0,1.0,3982.5693359375,3982.5693359375,0.31705912947654724,0.08294087648391724,1.0,asphalt,True,-2.348508834838867,48.92731857299805,-1.862645149230957e-08,0.0,0.0,1.0,1903.5347900390625,1903.5347900390625,0.360358327627182,0.03964167833328247,1.0,asphalt,True,-0.6712003350257874,49.02237319946289,-1.862645149230957e-08,0.0,0.0,1.0,1903.5350341796875,1903.5350341796875,0.360358327627182,0.03964167833328247,1.0,asphalt,612,-2.472196578979492,51.10982131958008,0.3299371302127838,0.984634518623352,-0.17231906950473785,-0.004878964740782976,0.027878498658537865,-0.7948881983757019,51.20487976074219,0.3299371302127838,0.9495946168899536,-0.31220030784606934,-0.008839496411383152,0.026886386796832085,-2.3476927280426025,48.91291809082031,0.329936683177948,0.984519898891449,-0.17297255992889404,-0.0048974668607115746,0.027875252068042755,-0.6703842878341675,49.00797653198242,0.329936683177948,0.9493943452835083,-0.31280872225761414,-0.008856724947690964,0.026880722492933273
3.150000000000,378,0.0,0.0,1.0,-1.5779293775558472,50.17604446411133,0.4186239540576935,3.2436282634735107,1.9628984928131104,-1.1276354789733887,3.6359122645990283e-07,asphalt,0.0,0.0,1.0,922.7657451453506,1,-9.16064739227295,-2.682209014892578e-06,1.7465905354561404,160.0,-0.0,8064.732802149523,3707.267197850477,4.615829052312392e-09,1.4063169328216834e-06,False,-0.0,True,0,0,-0.11106422543525696,1.9597538709640503,0.08167766779661179,False,True,-2.479330062866211,51.235687255859375,7.450580596923828e-09,0.0,0.0,1.0,3983.066162109375,3983.066162109375,0.3170519173145294,0.08294808864593506,1.0,asphalt,True,-0.8020215034484863,51.33074951171875,7.450580596923828e-09,0.0,0.0,1.0,3983.066162109375,3983.066162109375,0.3170519173145294,0.08294808864593506,1.0,asphalt,True,-2.354825973510742,49.038787841796875,-4.0978193283081055e-08,0.0,0.0,1.0,1903.254150390625,1903.254150390625,0.3603569567203522,0.039643049240112305,1.0,asphalt,True,-0.6775175333023071,49.13384246826172,-1.4901161193847656e-08,0.0,0.0,1.0,1903.2598876953125,1903.2598876953125,0.3603568375110626,0.039643168449401855,1.0,asphalt,618,-2.478736639022827,51.225223541259766,0.3299373686313629,0.943452000617981,-0.3302987515926361,-0.009351931512355804,0.026712484657764435,-0.8014283180236816,51.320281982421875,0.3299373686313629,0.8861098289489746,-0.4626103639602661,-0.013098136521875858,0.02508891560137272,-2.3542327880859375,49.028324127197266,0.32993605732917786,0.943232536315918,-0.330924928188324,-0.009369662962853909,0.0267062745988369,-0.6769244074821472,49.12337875366211,0.3299361765384674,0.8858131170272827,-0.46317827701568604,-0.01311422884464264,0.025080524384975433
3.200000000000,384,0.0,0.0,1.0,-1.5831528902053833,50.26821517944336,0.418620765209198,3.2436277866363525,1.5047866106033325,-1.127909779548645,1.367636883742307e-07,asphalt,0.0,0.0,1.0,913.8081224218593,1,-9.157892227172852,8.940696716308594e-07,1.0499708932044598,160.0,-0.0,8042.152137410747,3729.847862589253,-4.1255085458935525e-10,-2.1685496880908764e-06,False,-0.0,True,0,0,-0.08514351397752762,1.502375841140747,0.08171673864126205,False,True,-2.484337568283081,51.32404327392578,2.2351741790771484e-08,0.0,0.0,1.0,3983.95751953125,3983.95751953125,0.3170427978038788,0.0829572081565857,1.0,asphalt,True,-0.8070290088653564,51.41910171508789,2.2351741790771484e-08,0.0,0.0,1.0,3983.9560546875,3983.9560546875,0.3170427978038788,0.0829572081565857,1.0,asphalt,True,-2.3598337173461914,49.12714385986328,2.9802322387695312e-08,0.0,0.0,1.0,1902.6529541015625,1902.6529541015625,0.3603602349758148,0.03963977098464966,1.0,asphalt,True,-0.6825250387191772,49.222206115722656,2.9802322387695312e-08,0.0,0.0,1.0,1902.6522216796875,1902.6522216796875,0.3603602349758148,0.03963977098464966,1.0,asphalt,624,-2.4839603900909424,51.3173942565918,0.32993805408477783,0.8933722972869873,-0.44842493534088135,-0.012696503661572933,0.02529454603791237,-0.8066518902778625,51.412452697753906,0.32993799448013306,0.8195544481277466,-0.5723018646240234,-0.016203900799155235,0.023204507306218147,-2.3594565391540527,49.12049102783203,0.32993483543395996,0.8930744528770447,-0.44901782274246216,-0.012713291682302952,0.0252861138433218,-0.6821479201316833,49.21554946899414,0.32993483543395996,0.819187581539154,-0.5728269219398499,-0.016218768432736397,0.023194117471575737
3.250000000000,390,0.0,0.0,1.0,-1.5870813131332397,50.33753204345703,0.418619841337204,3.2436304092407227,1.0470836162567139,-1.1286673545837402,-1.1341382588625493e-07,asphalt,0.0,0.0,1.0,908.3750496019231,1,-9.147724151611328,2.384185791015625e-07,0.5299847311677877,160.0,-0.0,8025.508791398832,3746.491208601168,-1.1800880272971881e-08,-2.448782965683881e-06,False,-0.0,True,0,0,-0.05924590677022934,1.0454061031341553,0.08177677541971207,False,True,-2.4880497455596924,51.389549255371094,-2.2351741790771484e-08,0.0,0.0,1.0,3985.688720703125,3985.688720703125,0.3170259892940521,0.08297401666641235,1.0,asphalt,True,-0.8107413649559021,51.4846076965332,-2.2351741790771484e-08,0.0,0.0,1.0,3985.68798828125,3985.68798828125,0.3170259892940521,0.08297401666641235,1.0,asphalt,True,-2.3635456562042236,49.192649841308594,1.862645149230957e-08,0.0,0.0,1.0,1901.05859375,1901.05859375,0.3603765070438385,0.03962349891662598,1.0,asphalt,True,-0.6862372159957886,49.28770446777344,1.862645149230957e-08,0.0,0.0,1.0,1901.05810546875,1901.05810546875,0.3603765070438385,0.03962349891662598,1.0,asphalt,630,-2.487888813018799,51.38671112060547,0.3299393951892853,0.8474633693695068,-0.5300988554954529,-0.015008991584181786,0.02399471402168274,-0.810580313205719,51.48176956176758,0.3299393951892853,0.7623715400695801,-0.6465203762054443,-0.018305299803614616,0.021585460752248764,-2.363384485244751,49.1898078918457,0.32993224263191223,0.8471113443374634,-0.5306612849235535,-0.015024918131530285,0.023984748870134354,-0.6860761642456055,49.28486633300781,0.32993224263191223,0.7619571685791016,-0.6470087170600891,-0.018319129943847656,0.021573731675744057
3.300000000000,396,0.0,0.0,1.0,-1.5897164344787598,50.38402557373047,0.41862189769744873,3.2436296939849854,0.5909911394119263,-1.1300164461135864,-2.968774879263947e-07,asphalt,0.0,0.0,1.0,905.0797243601805,1,-9.090497016906738,-3.5762786865234375e-07,0.18671888557642013,106.68158531188965,-0.0,8011.918334447045,3760.081665552955,-8.953813690482093e-09,0,False,-0.0,True,0,0,-0.033439356833696365,0.590044379234314,0.08183035999536514,False,True,-2.490469217300415,51.43224334716797,-1.4901161193847656e-08,0.0,0.0,1.0,3987.625732421875,3987.625732421875,0.3170011341571808,0.08299887180328369,1.0,asphalt,True,-0.81316077709198,51.52729797363281,-1.4901161193847656e-08,0.0,0.0,1.0,3987.62548828125,3987.62548828125,0.3170011341571808,0.08299887180328369,1.0,asphalt,True,-2.3659651279449463,49.2353401184082,0.0,0.0,0.0,1.0,1898.8963623046875,1898.8963623046875,0.3604067862033844,0.03959321975708008,1.0,asphalt,True,-0.6886566281318665,49.33039474487305,0.0,0.0,0.0,1.0,1898.896240234375,1898.896240234375,0.3604067862033844,0.03959321975708008,1.0,asphalt,636,-2.49052357673645,51.43320083618164,0.32994043827056885,0.8146369457244873,-0.5792803168296814,-0.016401497647166252,0.02306528575718403,-0.8132152557373047,51.52825927734375,0.32994043827056885,0.7228102684020996,-0.6904667019844055,-0.019549578428268433,0.020465342327952385,-2.3660194873809814,49.23630142211914,0.329929918050766,0.8142521977424622,-0.5798209309577942,-0.016416804865002632,0.023054394870996475,-0.6887111663818359,49.331356048583984,0.329929918050766,0.7223677635192871,-0.6909297108650208,-0.01956269145011902,0.02045280858874321
3.350000000000,402,0.0,0.0,1.0,-1.591065764427185,50.407833099365234,0.4186262786388397,3.2436282634735107,0.13849207758903503,-1.1317967176437378,-3.2689899853721727e-07,asphalt,0.0,0.0,1.0,903.0810085673386,1,-9.018245697021484,1.0132789611816406e-06,0.01917302849428721,34.185402393341064,-0.0,7997.649005459289,3774.3509945407113,5.062841701430898e-09,0,False,-0.0,True,0,0,-0.007836095057427883,0.13827021420001984,0.0818542093038559,False,True,-2.4916045665740967,51.4522705078125,-1.4901161193847656e-08,0.0,0.0,1.0,3989.552001953125,3989.552001953125,0.3169708549976349,0.08302915096282959,1.0,asphalt,True,-0.8142961263656616,51.547325134277344,0.0,0.0,0.0,1.0,3989.55029296875,3989.55029296875,0.31697091460227966,0.08302909135818481,1.0,asphalt,True,-2.367100238800049,49.255367279052734,-2.2351741790771484e-08,0.0,0.0,1.0,1896.5574951171875,1896.5574951171875,0.36044690012931824,0.03955310583114624,1.0,asphalt,True,-0.6897919774055481,49.350425720214844,2.2351741790771484e-08,0.0,0.0,1.0,1896.5609130859375,1896.5609130859375,0.36044684052467346,0.039553165435791016,1.0,asphalt,642,-2.491872787475586,51.45700454711914,0.3299409747123718,0.8000379800796509,-0.599281370639801,-0.016967792063951492,0.022651925683021545,-0.8145645260810852,51.55206298828125,0.32994091510772705,0.705485463142395,-0.7081590890884399,-0.02005051262676716,0.019974809139966965,-2.367368698120117,49.26010513305664,0.3299283981323242,0.7996399998664856,-0.599812388420105,-0.016982825472950935,0.0226406529545784,-0.6900603175163269,49.355159759521484,0.329928457736969,0.7050314545631409,-0.7086110711097717,-0.02006324753165245,0.019961897283792496
3.358333333333,403,0.0,0.0,1.0,-1.591166377067566,50.40960693359375,0.41862714290618896,3.24362850189209,0.06342453509569168,-1.1321214437484741,-2.668563467977947e-07,asphalt,0.0,0.0,1.0,902.834664723805,1,-9.006346702575684,-1.1920928955078125e-07,0.008055623333069466,22.158732414245605,-0.0,7995.203754453378,3776.7962455466222,1.653232217790901e-09,0,False,-0.0,True,0,0,-0.003588642692193389,0.06332293152809143,0.08185477554798126,False,True,-2.4916696548461914,51.45342254638672,-7.450580596923828e-09,0.0,0.0,1.0,3989.87158203125,3989.87158203125,0.3169654309749603,0.08303457498550415,1.0,asphalt,True,-0.8143612146377563,51.54847717285156,-7.450580596923828e-09,0.0,0.0,1.0,3989.8720703125,3989.8720703125,0.3169654309749603,0.08303457498550415,1.0,asphalt,True,-2.3671653270721436,49.25651931762695,-1.862645149230957e-08,0.0,0.0,1.0,1896.169189453125,1896.169189453125,0.36045417189598083,0.03954583406448364,1.0,asphalt,True,-0.689857006072998,49.3515739440918,-1.862645149230957e-08,0.0,0.0,1.0,1896.1695556640625,1896.1695556640625,0.36045417189598083,0.03954583406448364,1.0,asphalt,643,-2.491973638534546,51.45878219604492,0.3299410045146942,0.7995559573173523,-0.5999243259429932,-0.016985995694994926,0.02263827808201313,-0.8146650791168213,51.553836822509766,0.329941064119339,0.7049158811569214,-0.7087260484695435,-0.02006656490266323,0.01995868608355522,-2.367469310760498,49.26187515258789,0.32992827892303467,0.7991576194763184,-0.6004548668861389,-0.017001017928123474,0.02262699604034424,-0.690160870552063,49.35693359375,0.32992827892303467,0.7044615149497986,-0.7091776728630066,-0.020079290494322777,0.019945763051509857
