time_s,tick,control.steering_fraction,control.throttle,control.brake,speed_mps,cg_horizontal_speed_mps,yaw_rate_rad_s,position_x_m,position_y_m,position_z_m,roll_deg,front_left_angle_deg,front_right_angle_deg,wheel0_contact_x_m,wheel0_contact_y_m,wheel0_contact_z_m,wheel0_lateral_velocity_mps,wheel1_contact_x_m,wheel1_contact_y_m,wheel1_contact_z_m,wheel1_lateral_velocity_mps,wheel2_contact_x_m,wheel2_contact_y_m,wheel2_contact_z_m,wheel2_lateral_velocity_mps,wheel3_contact_x_m,wheel3_contact_y_m,wheel3_contact_z_m,wheel3_lateral_velocity_mps
0.050000000000,6,0.24143455729221366,0.1391862265268961,0.0,2.7398087978363037,2.739812056352464,-0.00358124403283,5.310081542120315e-05,0.1149359941482544,0.4162638187408447,-0.0023655283730477095,0.3049021065235138,0.30614620447158813,-0.8398054838180542,1.2377408742904663,-7.450580596923828e-09,-0.005447926931083202,0.8401944637298584,1.2376220226287842,4.0978193283081055e-08,-0.0054753804579377174,-0.8399608731269836,-0.9622594118118286,3.725290298461914e-09,0.0012727491557598114,0.840039074420929,-0.9623781442642212,7.450580596923828e-09,0.0012727126013487577
0.100000000000,12,0.24143455729221366,0.15890425364176425,0.0,2.7082486152648926,2.7082964948244954,-0.014890872873365879,0.0005129252094775438,0.25123634934425354,0.41567549109458923,-0.01593107543885708,0.9717018008232117,0.9844499826431274,-0.8385932445526123,1.3740434646606445,2.2351741790771484e-08,-0.011046256870031357,0.841406524181366,1.3731130361557007,1.4901161193847656e-08,-0.011222586035728455,-0.8398113250732422,-0.8259564638137817,-3.725290298461914e-09,0.0023607094772160053,0.8401885032653809,-0.8268868327140808,-1.4901161193847656e-08,0.0023601443972438574
0.150000000000,18,0.24143455729221366,0.1742718092600504,0.0,2.6835904121398926,2.683773724743591,-0.030320003628730774,0.0017361610662192106,0.3861114978790283,0.4163597524166107,-0.041808128356933594,1.7534141540527344,1.795357346534729,-0.8357169032096863,1.5095789432525635,2.9802322387695312e-08,-0.014270491898059845,0.8442810773849487,1.506659984588623,1.4901161193847656e-08,-0.014662981033325195,-0.8395379185676575,-0.6904186606407166,3.725290298461914e-09,0.0020198654383420944,0.8404600024223328,-0.6933375597000122,4.470348358154297e-08,0.002016466110944748
0.200000000000,24,0.24143455729221366,0.18655217806498203,0.0,2.6638646125793457,2.664298989760613,-0.04661798104643822,0.003942712675780058,0.5198577642440796,0.4175300896167755,-0.07305967062711716,2.51920223236084,2.6066648960113525,-0.8309124112129211,1.6447521448135376,1.4901161193847656e-08,-0.01590791344642639,0.8490774035453796,1.6384910345077515,1.862645149230957e-08,-0.01649763435125351,-0.8391084671020508,-0.555233895778656,0.0,0.0006027603521943092,0.84088134765625,-0.5614949464797974,3.725290298461914e-09,0.000585334375500679
0.250000000000,30,0.24143455729221366,0.19639381090799962,0.0,2.648059844970703,2.6488501804917233,-0.06193908303976059,0.007279255427420139,0.6526939272880554,0.4186251163482666,-0.09876051545143127,3.207531690597534,3.350613594055176,-0.8241353631019592,1.779774785041809,0.0,-0.01617087423801422,0.8558317422866821,1.7688446044921875,4.0978193283081055e-08,-0.016900300979614258,-0.838444709777832,-0.4201797544956207,-7.450580596923828e-09,-0.0008676759898662567,0.8415223956108093,-0.4311099946498871,-1.1175870895385742e-08,-0.0009151464328169823
0.300000000000,36,0.24143455729221366,0.20425161043802892,0.0,2.63545560836792,2.636663376287673,-0.07544790208339691,0.011807438917458057,0.7847926020622253,0.41932329535484314,-0.11315058171749115,3.7959775924682617,3.997932195663452,-0.8154510259628296,1.9147355556488037,3.725290298461914e-09,-0.015494748950004578,0.8644683361053467,1.8979376554489136,2.2351741790771484e-08,-0.01629607379436493,-0.8374446630477905,-0.28515538573265076,1.862645149230957e-08,-0.0020505692809820175,0.842474639415741,-0.30195337533950806,3.3527612686157227e-08,-0.0021368879824876785
0.350000000000,42,0.24143455729221366,0.21046775499979647,0.0,2.6255042552948,2.6271343116542485,-0.0868687555193901,0.017519449815154076,0.9162930846214294,0.41955527663230896,-0.11593542248010635,4.28288459777832,4.541618347167969,-0.8049782514572144,2.0496513843536377,2.2351741790771484e-08,-0.01428338885307312,0.8748579025268555,2.0259552001953125,1.862645149230957e-08,-0.015095189213752747,-0.8360067009925842,-0.15013010799884796,-1.1175870895385742e-08,-0.0028696954250335693,0.8438294529914856,-0.1738263964653015,4.0978193283081055e-08,-0.0029923096299171448
0.400000000000,48,0.24143455729221366,0.21531761805216465,0.0,2.617760181427002,2.6197656602981945,-0.09622759371995926,0.024361304938793182,1.0473096370697021,0.4194619357585907,-0.11094387620687485,4.676669120788574,4.986761093139648,-0.7928559184074402,2.184497356414795,-1.4901161193847656e-08,-0.012940466403961182,0.8868526816368103,2.1530473232269287,-1.1175870895385742e-08,-0.013718932867050171,-0.8340388536453247,-0.015117097645998001,-3.725290298461914e-09,-0.0034304186701774597,0.8456697463989258,-0.04656701534986496,-1.4901161193847656e-08,-0.0035795755684375763
0.450000000000,54,0.24143455729221366,0.2190479628245035,0.0,2.611816167831421,2.6141277445554474,-0.10374047607183456,0.0322578065097332,1.1779353618621826,0.41923317313194275,-0.10339957475662231,4.989802837371826,5.344255447387695,-0.7792249917984009,2.319251298904419,-4.842877388000488e-08,-0.01180356740951538,0.900303840637207,2.2793562412261963,-2.2351741790771484e-08,-0.012526839971542358,-0.8314681053161621,0.11987176537513733,-2.60770320892334e-08,-0.003946214914321899,0.8480607271194458,0.07997675985097885,0.0,-0.004113819450139999
0.500000000000,60,0.24143455729221366,0.22188051859537755,0.0,2.6073126792907715,2.6098667310560466,-0.10967689007520676,0.04114406555891037,1.308245062828064,0.41900211572647095,-0.0966869443655014,5.235579967498779,5.627061367034912,-0.764215886592865,2.453908681869507,-7.450580596923828e-09,-0.011010557413101196,0.91507488489151,2.4050188064575195,3.3527612686157227e-08,-0.0116749107837677,-0.8282385468482971,0.2548404037952423,1.862645149230957e-08,-0.004515819251537323,0.8510522246360779,0.20595046877861023,-2.60770320892334e-08,-0.004697978496551514
0.550000000000,66,0.24143455729221366,0.22400296847025547,0.0,2.6039464473724365,2.6066945352212176,-0.11431527882814407,0.050978295505046844,1.4382966756820679,0.418828547000885,-0.09155349433422089,5.426497459411621,5.848094940185547,-0.7479389905929565,2.588468313217163,3.3527612686157227e-08,-0.010437071323394775,0.9310505390167236,2.5301530361175537,7.450580596923828e-09,-0.011046767234802246,-0.8243052363395691,0.389794260263443,7.450580596923828e-09,-0.005036160349845886,0.8546843528747559,0.33147838711738586,2.2351741790771484e-08,-0.005230516195297241
0.600000000000,72,0.24143455729221366,0.22556780497233064,0.0,2.6014721393585205,2.6043751831088113,-0.11790931224822998,0.061734192073345184,1.568135142326355,0.41872355341911316,-0.08772055059671402,5.573545932769775,6.01915168762207,-0.7304832935333252,2.722930669784546,1.862645149230957e-08,-0.009998172521591187,0.9481388330459595,2.654855251312256,3.725290298461914e-09,-0.010560303926467896,-0.8196303248405457,0.524737536907196,-3.725290298461914e-09,-0.0054636150598526,0.858991801738739,0.4566618502140045,-3.725290298461914e-09,-0.00566805899143219
0.650000000000,78,0.24143455729221366,0.22669790903727205,0.0,2.5996921062469482,2.602717742533381,-0.12067541480064392,0.07339266687631607,1.69779372215271,0.41867437958717346,-0.084772989153862,5.686004161834717,6.150450229644775,-0.7119191884994507,2.8572933673858643,0.0,-0.009651720523834229,0.9662666320800781,2.779201030731201,3.725290298461914e-09,-0.01017412543296814,-0.8141834139823914,0.6596712470054626,4.0978193283081055e-08,-0.005796842277050018,0.8640023469924927,0.5815789103507996,-2.60770320892334e-08,-0.006009437143802643
0.700000000000,84,0.24143455729221366,0.22749255816141756,0.0,2.598447322845459,2.6015685914918327,-0.12279188632965088,0.08593855798244476,1.827297329902649,0.4186613857746124,-0.082415871322155,5.7714924812316895,6.250539302825928,-0.6923023462295532,2.9915528297424316,-1.1175870895385742e-08,-0.009379059076309204,0.9853770136833191,2.903247833251953,2.2351741790771484e-08,-0.009868830442428589,-0.8079404830932617,0.7945941686630249,1.1175870895385742e-08,-0.006053611636161804,0.8697388172149658,0.7062889933586121,0.0,-0.0062726810574531555
0.750000000000,90,0.24143455729221366,0.22803200403849277,0.0,2.597608804702759,2.6008038768316473,-0.12440287321805954,0.09935950487852097,1.956663966178894,0.4186674952507019,-0.08046135306358337,5.836141109466553,6.326390266418457,-0.671676754951477,3.125704050064087,-2.9802322387695312e-08,-0.009160250425338745,1.005424976348877,3.0270378589630127,-1.4901161193847656e-08,-0.009623825550079346,-0.8008831739425659,0.9295012950897217,1.4901161193847656e-08,-0.006244108080863953,0.8762185573577881,0.8308348655700684,3.725290298461914e-09,-0.006468161940574646
0.800000000000,96,0.24143455729221366,0.2283776156107584,0.0,2.5970776081085205,2.600328627237363,-0.12562425434589386,0.11364520341157913,2.0859057903289795,0.41868042945861816,-0.07886993139982224,5.884808540344238,6.383582592010498,-0.6500770449638367,3.259739398956299,-3.725290298461914e-08,-0.008984923362731934,1.0263758897781372,3.1506009101867676,1.862645149230957e-08,-0.009427666664123535,-0.7929971814155579,1.0643866062164307,-1.1175870895385742e-08,-0.0063830167055130005,0.8834556341171265,0.9552479386329651,3.725290298461914e-09,-0.006610766053199768
0.850000000000,102,0.24143455729221366,0.22857988993326817,0.0,2.596773862838745,2.6000657373234204,-0.12654723227024078,0.12878675758838654,2.2150309085845947,0.41869238018989563,-0.07770463824272156,5.921299934387207,6.426517009735107,-0.6275293231010437,3.393653392791748,-1.862645149230957e-08,-0.008854568004608154,1.0482027530670166,3.2739596366882324,1.1175870895385742e-08,-0.00928083062171936,-0.7842716574668884,1.1992439031600952,1.862645149230957e-08,-0.006492972373962402,0.8914604783058167,1.0795501470565796,3.725290298461914e-09,-0.006723463535308838
0.900000000000,108,0.24143455729221366,0.22867931048075352,0.0,2.5966312885284424,2.599953477965948,-0.12724249064922333,0.14477753639221191,2.344043731689453,0.4186995327472687,-0.076954685151577,5.948564529418945,6.458624362945557,-0.6040546894073486,3.527438163757324,-4.0978193283081055e-08,-0.00875997543334961,1.0708853006362915,3.397127628326416,-7.450580596923828e-09,-0.009173750877380371,-0.7746990919113159,1.3340659141540527,-3.725290298461914e-09,-0.006581231951713562,0.900240957736969,1.2037558555603027,-1.862645149230957e-08,-0.0068137794733047485
0.950000000000,114,0.24143455729221366,0.2287057749430338,0.0,2.5966029167175293,2.5999483818779794,-0.12776513397693634,0.1616128534078598,2.4729461669921875,0.4187012016773224,-0.0765325203537941,5.968870639801025,6.482553958892822,-0.5796694159507751,3.6610865592956543,1.4901161193847656e-08,-0.008693426847457886,1.094407081604004,3.5201163291931152,-2.2351741790771484e-08,-0.009097367525100708,-0.7642737030982971,1.4688451290130615,1.1175870895385742e-08,-0.006653308868408203,0.9098027944564819,1.3278748989105225,1.862645149230957e-08,-0.006887495517730713
1.000000000000,120,0.24143455729221366,0.22868288675944004,0.0,2.596652030944824,2.600015058236405,-0.12815746665000916,0.1792895495891571,2.6017372608184814,0.41869911551475525,-0.07629943639039993,5.983951091766357,6.500333786010742,-0.5543859601020813,3.794591188430786,-1.4901161193847656e-08,-0.008642613887786865,1.11875581741333,3.6429295539855957,-2.9802322387695312e-08,-0.009039223194122314,-0.7529910802841187,1.6035737991333008,7.450580596923828e-09,-0.00670720636844635,0.9201508164405823,1.4519122838974,-2.2351741790771484e-08,-0.006942629814147949
1.050000000000,126,0.24143455729221366,0.22862738291422519,0.0,2.5967509746551514,2.6001276265636424,-0.1284518539905548,0.19780518114566803,2.730414390563965,0.4186954200267792,-0.07615438103675842,5.995121955871582,6.513509273529053,-0.5282137393951416,3.9279446601867676,-3.725290298461914e-09,-0.008602559566497803,1.1439224481582642,3.7655699253082275,3.725290298461914e-08,-0.00899362564086914,-0.7408480048179626,1.7382447719573975,-7.450580596923828e-09,-0.0067459940910339355,0.9312881231307983,1.5758700370788574,2.60770320892334e-08,-0.006982430815696716
1.100000000000,132,0.24143455729221366,0.22855242411295568,0.0,2.5968804359436035,2.600267243134763,-0.12867280840873718,0.2171575278043747,2.8589751720428467,0.41869184374809265,-0.07604816555976868,6.003377437591553,6.52324914932251,-0.5011606216430664,4.0611419677734375,-2.9802322387695312e-08,-0.008572399616241455,1.1698992252349854,3.8880398273468018,-2.60770320892334e-08,-0.008959352970123291,-0.7278424501419067,1.8728511333465576,2.9802322387695312e-08,-0.006775200366973877,0.9432173371315002,1.6997489929199219,3.3527612686157227e-08,-0.007012411952018738
1.150000000000,138,0.24143455729221366,0.22846602121988924,0.0,2.5970258712768555,2.600420403174705,-0.12883871793746948,0.23734460771083832,2.987414836883545,0.4186892509460449,-0.07595197856426239,6.009465217590332,6.53043270111084,-0.4732320010662079,4.194174289703369,-3.725290298461914e-09,-0.008548974990844727,1.1966806650161743,4.010336875915527,-1.4901161193847656e-08,-0.008932888507843018,-0.7139725685119629,2.007385492324829,-2.2351741790771484e-08,-0.006796211004257202,0.9559401869773865,1.8235478401184082,2.9802322387695312e-08,-0.007034033536911011
1.200000000000,144,0.24143455729221366,0.22837575594584142,0.0,2.5971767902374268,2.600577194244808,-0.1289633959531784,0.25836464762687683,3.1157281398773193,0.41868770122528076,-0.07585977017879486,6.013946056365967,6.5357208251953125,-0.44443297386169434,4.327035427093506,1.1175870895385742e-08,-0.008531332015991211,1.2242624759674072,4.132457733154297,1.1175870895385742e-08,-0.008912801742553711,-0.699237585067749,2.141840934753418,1.862645149230957e-08,-0.006811797618865967,0.9694578647613525,1.947263240814209,3.725290298461914e-09,-0.007050007581710815
1.250000000000,150,0.24143455729221366,0.22828549067179355,0.0,2.5973265171051025,2.600731284788022,-0.12905724346637726,0.2802159786224365,3.243911027908325,0.41868698596954346,-0.07577215135097504,6.017238140106201,6.539606094360352,-0.414767324924469,4.459719657897949,-2.2351741790771484e-08,-0.008518517017364502,1.252640724182129,4.254401683807373,2.2351741790771484e-08,-0.00889819860458374,-0.6836370825767517,2.2762110233306885,-2.60770320892334e-08,-0.006824016571044922,0.9837709665298462,2.070892810821533,1.862645149230957e-08,-0.0070625245571136475
1.300000000000,156,0.24143455729221366,0.22819865862528477,0.0,2.5974700450897217,2.600878061090819,-0.12912794947624207,0.3028971254825592,3.3719570636749268,0.4186868965625763,-0.07569015026092529,6.019652366638184,6.542456150054932,-0.3842381536960602,4.59221887588501,4.0978193283081055e-08,-0.008508682250976562,1.2818121910095215,4.376162052154541,1.1175870895385742e-08,-0.008886992931365967,-0.6671707034111023,2.4104881286621094,-1.1175870895385742e-08,-0.006832897663116455,0.9988797903060913,2.1944310665130615,0.0,-0.00707167387008667
1.350000000000,162,0.24143455729221366,0.22811597506205233,0.0,2.597606658935547,2.6010166938311903,-0.12918145954608917,0.32640665769577026,3.499861001968384,0.418687105178833,-0.07561950385570526,6.021420478820801,6.544543266296387,-0.3528484106063843,4.7245283126831055,1.4901161193847656e-08,-0.008501589298248291,1.311774492263794,4.497735977172852,4.470348358154297e-08,-0.008878827095031738,-0.6498385071754456,2.544666290283203,3.725290298461914e-08,-0.006839841604232788,1.0147844552993774,2.3178741931915283,-3.725290298461914e-09,-0.007078826427459717
1.400000000000,168,0.24143455729221366,0.22804030100504552,0.0,2.5977306365966797,2.6011420712808913,-0.12922200560569763,0.35074326395988464,3.627617120742798,0.4186874032020569,-0.07556602358818054,6.022713661193848,6.546070098876953,-0.320600688457489,4.856639385223389,-2.2351741790771484e-08,-0.008496105670928955,1.3425253629684448,4.6191182136535645,1.862645149230957e-08,-0.008872687816619873,-0.6316410303115845,2.6787378787994385,7.450580596923828e-09,-0.006845057010650635,1.0314849615097046,2.4412169456481934,0.0,-0.007084101438522339
1.450000000000,174,0.24143455729221366,0.2279710642496744,0.0,2.597843885421753,2.601256673771868,-0.12925280630588531,0.3759056031703949,3.7552192211151123,0.4186875820159912,-0.07553170621395111,6.02365779876709,6.547184944152832,-0.2874971032142639,4.988546848297119,-2.2351741790771484e-08,-0.008492708206176758,1.374062418937683,4.740303039550781,2.2351741790771484e-08,-0.008868634700775146,-0.6125784516334534,2.812697172164917,-3.725290298461914e-09,-0.006849378347396851,1.048980951309204,2.564453601837158,1.1175870895385742e-08,-0.007088601589202881
1.500000000000,180,0.24143455729221366,0.2279095522562662,0.0,2.597944498062134,2.6013582682062397,-0.129276305437088,0.40189242362976074,3.8826613426208496,0.4186876714229584,-0.07551313191652298,6.024346828460693,6.547997951507568,-0.2535398304462433,5.120243549346924,1.4901161193847656e-08,-0.008490324020385742,1.4063836336135864,4.861286163330078,1.4901161193847656e-08,-0.008865952491760254,-0.5926513671875,2.9465363025665283,-3.3527612686157227e-08,-0.0068531036376953125,1.0672719478607178,2.6875789165496826,7.450580596923828e-09,-0.007092326879501343
1.550000000000,186,0.24143455729221366,0.22785519282023103,0.0,2.5980334281921387,2.6014476254987797,-0.12929439544677734,0.42870256304740906,4.009937763214111,0.4186876714229584,-0.07550446689128876,6.024848461151123,6.548590660095215,-0.2187306135892868,5.2517242431640625,2.60770320892334e-08,-0.008488595485687256,1.4394874572753906,4.982061862945557,2.2351741790771484e-08,-0.008863866329193115,-0.571860671043396,3.080249786376953,-1.4901161193847656e-08,-0.0068562328815460205,1.0863573551177979,2.8105874061584473,-2.2351741790771484e-08,-0.007095545530319214
1.600000000000,192,0.24143455729221366,0.2278071276346842,0.0,2.598111867904663,2.6015267949901912,-0.12930834293365479,0.45633476972579956,4.137042999267578,0.4186876714229584,-0.07550046592950821,6.025213718414307,6.5490217208862305,-0.1830713450908661,5.38298225402832,1.1175870895385742e-08,-0.008487105369567871,1.4733718633651733,5.10262393951416,-2.2351741790771484e-08,-0.008862137794494629,-0.5502067804336548,3.213831901550293,7.450580596923828e-09,-0.006858170032501221,1.106236457824707,2.933474063873291,-7.450580596923828e-09,-0.007097512483596802
1.650000000000,198,0.24143455729221366,0.22776507059733064,0.0,2.5981802940368652,2.6015955468670517,-0.12931905686855316,0.48478785157203674,4.263970851898193,0.4186876714229584,-0.07549809664487839,6.025479316711426,6.549335479736328,-0.14656393229961395,5.514010429382324,-3.725290298461914e-09,-0.00848621129989624,1.5080355405807495,5.222968578338623,-1.1175870895385742e-08,-0.008860945701599121,-0.5276908278465271,3.3472745418548584,-7.450580596923828e-09,-0.00685998797416687,1.1269086599349976,3.056232452392578,-1.862645149230957e-08,-0.007099419832229614
1.700000000000,204,0.24143455729221366,0.2277278772989908,0.0,2.598240852355957,2.601656425264662,-0.12932749092578888,0.5140604972839355,4.3907151222229,0.4186875820159912,-0.075496606528759,6.025672435760498,6.549562931060791,-0.10921003669500351,5.644804000854492,-2.9802322387695312e-08,-0.008485376834869385,1.5434765815734863,5.343088626861572,2.9802322387695312e-08,-0.00886005163192749,-0.5043134689331055,3.4805729389190674,4.470348358154297e-08,-0.006861299276351929,1.1483731269836426,3.1788580417633057,3.3527612686157227e-08,-0.00710064172744751
1.750000000000,210,0.24143455729221366,0.22769583384195957,0.0,2.598292827606201,2.60170882056559,-0.12933401763439178,0.5441514849662781,4.517270565032959,0.4186875522136688,-0.07549559324979782,6.025812149047852,6.5497283935546875,-0.07101131230592728,5.775356292724609,1.4901161193847656e-08,-0.00848531723022461,1.5796934366226196,5.462980270385742,-1.4901161193847656e-08,-0.008859813213348389,-0.4800758361816406,3.6137211322784424,-3.725290298461914e-09,-0.0068624913692474365,1.1706287860870361,3.301344871520996,-1.1175870895385742e-08,-0.007101923227310181
1.800000000000,216,0.24143455729221366,0.2276689402262369,0.0,2.598336696624756,2.601752747395405,-0.1293390840291977,0.5750594139099121,4.643631935119629,0.4186875522136688,-0.07549448311328888,6.025913715362549,6.5498480796813965,-0.03196980804204941,5.905662536621094,3.725290298461914e-09,-0.008484423160552979,1.616684079170227,5.582637786865234,7.450580596923828e-09,-0.008858799934387207,-0.4549785554409027,3.7467129230499268,3.725290298461914e-08,-0.006862938404083252,1.1936752796173096,3.4236884117126465,-3.725290298461914e-09,-0.0071024298667907715
1.850000000000,222,0.24143455729221366,0.22764505068461094,0.0,2.5983755588531494,2.601791665966143,-0.1293431520462036,0.6067829728126526,4.7697930335998535,0.4186875522136688,-0.07549313455820084,6.02598762512207,6.549935340881348,0.007912855595350266,6.035715579986572,-3.725290298461914e-09,-0.008484363555908203,1.6544471979141235,5.70205545425415,-1.862645149230957e-08,-0.008858799934387207,-0.42902323603630066,3.8795416355133057,7.450580596923828e-09,-0.006863832473754883,1.2175114154815674,3.545881748199463,-3.3527612686157227e-08,-0.007103294134140015
1.900000000000,228,0.24143455729221366,0.2276247374216715,0.0,2.5984079837799072,2.601824233734289,-0.12934640049934387,0.6393207311630249,4.895748615264893,0.41868749260902405,-0.07549196481704712,6.026040554046631,6.549997806549072,0.04863478243350983,6.165511131286621,1.4901161193847656e-08,-0.00848376750946045,1.6929810047149658,5.821228981018066,4.470348358154297e-08,-0.008858144283294678,-0.402210533618927,4.012202262878418,-2.60770320892334e-08,-0.006864070892333984,1.2421358823776245,3.6679205894470215,-1.4901161193847656e-08,-0.007103562355041504
1.950000000000,234,0.24143455729221366,0.22760800043741855,0.0,2.598435401916504,2.601851920653735,-0.12934891879558563,0.6726713180541992,5.0214924812316895,0.41868749260902405,-0.07549125701189041,6.026079177856445,6.55004358291626,0.09019441902637482,6.295041084289551,-2.60770320892334e-08,-0.00848376750946045,1.7322840690612793,5.940152168273926,3.725290298461914e-09,-0.008858144283294678,-0.374541699886322,4.144687652587891,-7.450580596923828e-09,-0.006864726543426514,1.267547845840454,3.7897987365722656,2.2351741790771484e-08,-0.007104158401489258
2.000000000000,240,0.24143455729221366,0.22759369532267246,0.0,2.598459243774414,2.601875654874852,-0.129350945353508,0.7068333029747009,5.147019863128662,0.41868749260902405,-0.0754910260438919,6.026106834411621,6.550076484680176,0.13259004056453705,6.424302577972412,0.0,-0.008483648300170898,1.7723544836044312,6.0588202476501465,-3.3527612686157227e-08,-0.008857905864715576,-0.3460181653499603,4.276993751525879,1.4901161193847656e-08,-0.00686490535736084,1.2937462329864502,3.9115114212036133,-1.862645149230957e-08,-0.007104396820068359
2.050000000000,246,0.24143455729221366,0.22758067766825352,0.0,2.598479986190796,2.60189652294815,-0.1293526589870453,0.7418051958084106,5.27232551574707,0.4186874330043793,-0.07549136877059937,6.026127338409424,6.550100326538086,0.17581947147846222,6.55328893661499,2.2351741790771484e-08,-0.008483529090881348,1.8131904602050781,6.1772284507751465,-1.1175870895385742e-08,-0.0088578462600708,-0.31664079427719116,4.409114360809326,-2.2351741790771484e-08,-0.006865322589874268,1.3207299709320068,4.033054351806641,3.725290298461914e-09,-0.007104754447937012
2.100000000000,252,0.24143455729221366,0.2275700918833414,0.0,2.598496913909912,2.601913414185219,-0.1293540596961975,0.7775856256484985,5.397403240203857,0.4186874330043793,-0.07549171894788742,6.02614164352417,6.550117492675781,0.21988096833229065,6.6819939613342285,-2.60770320892334e-08,-0.008483290672302246,1.8547899723052979,6.295371055603027,3.725290298461914e-09,-0.008857488632202148,-0.28641071915626526,4.541043281555176,-1.862645149230957e-08,-0.006865441799163818,1.3484983444213867,4.154420852661133,7.450580596923828e-09,-0.007104992866516113
2.150000000000,258,0.24143455729221366,0.2275616518656412,0.0,2.5985107421875,2.6019273971101287,-0.12935508787631989,0.8141729831695557,5.522248268127441,0.4186874330043793,-0.07549179345369339,6.02615213394165,6.5501298904418945,0.26477280259132385,6.8104119300842285,1.1175870895385742e-08,-0.008483350276947021,1.8971519470214844,6.413243770599365,-3.725290298461914e-09,-0.008857429027557373,-0.25532951951026917,4.6727752685546875,-2.9802322387695312e-08,-0.006865501403808594,1.3770496845245361,4.27560567855835,-2.9802322387695312e-08,-0.007105112075805664
2.200000000000,264,0.24143455729221366,0.22755392710367833,0.0,2.5985231399536133,2.60193976666215,-0.12935592234134674,0.8515656590461731,5.646854400634766,0.4186874032020569,-0.07549168169498444,6.026159763336182,6.550138473510742,0.3104931712150574,6.938538551330566,7.450580596923828e-09,-0.00848323106765747,1.9402743577957153,6.530839443206787,-7.450580596923828e-09,-0.008857548236846924,-0.2233985960483551,4.804303169250488,0.0,-0.006865799427032471,1.40638267993927,4.396604537963867,2.9802322387695312e-08,-0.007105231285095215
2.250000000000,270,0.24143455729221366,0.22754763285319002,0.0,2.5985331535339355,2.6019499014636165,-0.12935666739940643,0.889762282371521,5.7712178230285645,0.4186874032020569,-0.07549170404672623,6.026165008544922,6.550145149230957,0.3570398688316345,7.066368579864502,3.725290298461914e-08,-0.008483290672302246,1.9841549396514893,6.64815616607666,3.725290298461914e-09,-0.008857667446136475,-0.1906188577413559,4.935624122619629,3.3527612686157227e-08,-0.006866097450256348,1.4364962577819824,4.517412185668945,-2.2351741790771484e-08,-0.007105708122253418
2.300000000000,276,0.24143455729221366,0.22754276911417637,0.0,2.598541498184204,2.601957978174404,-0.12935729324817657,0.9287610650062561,5.8953328132629395,0.4186874032020569,-0.07549130916595459,6.026169300079346,6.550149917602539,0.40441083908081055,7.19389533996582,0.0,-0.00848323106765747,2.028791904449463,6.765188217163086,-2.9802322387695312e-08,-0.008857309818267822,-0.1569918841123581,5.066730499267578,2.2351741790771484e-08,-0.006866157054901123,1.4673893451690674,4.638023853302002,-1.1175870895385742e-08,-0.007105648517608643
2.350000000000,282,0.24143455729221366,0.22753847757975254,0.0,2.598548412322998,2.601964977450751,-0.1293576955795288,0.9685604572296143,6.019193649291992,0.4186873435974121,-0.07549130916595459,6.026172161102295,6.5501532554626465,0.45260465145111084,7.321114540100098,1.4901161193847656e-08,-0.008483171463012695,2.0741844177246094,6.88192892074585,2.60770320892334e-08,-0.008857369422912598,-0.12251938134431839,5.19761848449707,2.2351741790771484e-08,-0.0068662166595458984,1.4990603923797607,4.7584333419799805,7.450580596923828e-09,-0.007105588912963867
2.400000000000,288,0.24143455729221366,0.22753518740336093,0.0,2.5985536575317383,2.6019701935575505,-0.12935800850391388,1.0091586112976074,6.142795562744141,0.4186873435974121,-0.0754915103316307,6.026174068450928,6.5501556396484375,0.5016186833381653,7.448019981384277,-1.862645149230957e-08,-0.008483290672302246,2.1203293800354004,6.998374938964844,-3.3527612686157227e-08,-0.008857667446136475,-0.08720244467258453,5.328281402587891,-3.3527612686157227e-08,-0.006866335868835449,1.531508207321167,4.878636837005615,2.2351741790771484e-08,-0.007105827331542969
2.450000000000,294,0.24143455729221366,0.2275323263804117,0.0,2.598557710647583,2.601974291705981,-0.12935830652713776,1.0505540370941162,6.266132354736328,0.4186873435974121,-0.0754917711019516,6.026175498962402,6.550157070159912,0.5514510273933411,7.574605941772461,7.450580596923828e-09,-0.008483171463012695,2.1672253608703613,7.11452054977417,3.725290298461914e-08,-0.008857250213623047,-0.051042549312114716,5.458713054656982,-3.3527612686157227e-08,-0.0068662166595458984,1.564731478691101,4.998627662658691,1.1175870895385742e-08,-0.007105648517608643
2.500000000000,300,0.24143455729221366,0.22753032366434728,0.0,2.5985612869262695,2.6019778357406835,-0.12935855984687805,1.0927449464797974,6.389199256896973,0.4186873435974121,-0.07549241930246353,6.026176452636719,6.550158500671387,0.6020998358726501,7.700868129730225,3.725290298461914e-08,-0.008483290672302246,2.214869737625122,7.23036003112793,-7.450580596923828e-09,-0.008857488632202148,-0.01404130831360817,5.588909149169922,-1.862645149230957e-08,-0.006866395473480225,1.5987287759780884,5.118401050567627,1.1175870895385742e-08,-0.0071059465408325195
2.550000000000,306,0.24143455729221366,0.22752817789713536,0.0,2.598564624786377,2.6019811040718746,-0.12935876846313477,1.1357296705245972,6.511991500854492,0.4186873435974121,-0.07549261301755905,6.026177406311035,6.550159454345703,0.6535629034042358,7.82680082321167,-3.725290298461914e-09,-0.008483350276947021,2.263261556625366,7.345890522003174,2.2351741790771484e-08,-0.008857488632202148,0.023799840360879898,5.718863487243652,0.0,-0.006866574287414551,1.6334986686706543,5.2379536628723145,2.9802322387695312e-08,-0.007106125354766846
2.600000000000,312,0.24143455729221366,0.22752660433451327,0.0,2.598567008972168,2.6019835976411634,-0.1293589323759079,1.1795061826705933,6.634504318237305,0.4186873435974121,-0.07549285888671875,6.026177883148193,6.550159931182861,0.7058379054069519,7.952398777008057,-2.2351741790771484e-08,-0.00848299264907837,2.3123984336853027,7.461106777191162,7.450580596923828e-09,-0.008857011795043945,0.062479112297296524,5.848571300506592,0.0,-0.006866276264190674,1.6690397262573242,5.357279300689697,0.0,-0.007105827331542969
2.650000000000,318,0.24143455729221366,0.22752531687418615,0.0,2.598569393157959,2.6019859519389543,-0.12935911118984222,1.224072813987732,6.756731986999512,0.4186873435974121,-0.07549265772104263,6.026178359985352,6.5501604080200195,0.7589225769042969,8.077657699584961,3.725290298461914e-09,-0.008483052253723145,2.3622782230377197,7.576003074645996,7.450580596923828e-09,-0.008857309818267822,0.1019950807094574,5.978026866912842,0.0,-0.006866574287414551,1.705350399017334,5.476373195648193,0.0,-0.007106125354766846
2.700000000000,324,0.24143455729221366,0.22752445856730136,0.0,2.5985703468322754,2.601987171600385,-0.12935923039913177,1.2694275379180908,6.878669738769531,0.4186873435974121,-0.07549252361059189,6.026178359985352,6.550160884857178,0.8128148317337036,8.202570915222168,3.725290298461914e-09,-0.008482694625854492,2.412898302078247,7.69057559967041,7.450580596923828e-09,-0.00885683298110962,0.14234581589698792,6.107224464416504,-2.60770320892334e-08,-0.006866335868835449,1.7424290180206299,5.5952301025390625,0.0,-0.007105886936187744
2.750000000000,330,0.24143455729221366,0.22752388636271154,0.0,2.59857177734375,2.6019883620742132,-0.12935929000377655,1.3155683279037476,7.000311851501465,0.4186873435974121,-0.07549221068620682,6.02617883682251,6.550160884857178,0.8675121068954468,8.327133178710938,3.725290298461914e-09,-0.008482933044433594,2.464256763458252,7.804819107055664,-1.1175870895385742e-08,-0.008857131004333496,0.18352967500686646,6.236159324645996,-1.1175870895385742e-08,-0.006866395473480225,1.7802742719650269,5.713845729827881,0.0,-0.007105886936187744
2.800000000000,336,0.24143455729221366,0.22752245585123693,0.0,2.598573684692383,2.601990428658492,-0.1293593943119049,1.3624937534332275,7.1216535568237305,0.4186873435974121,-0.07549206167459488,6.02617883682251,6.550161361694336,0.9230127334594727,8.451338768005371,3.725290298461914e-09,-0.008483529090881348,2.5163519382476807,7.918727874755859,1.4901161193847656e-08,-0.008857667446136475,0.22554534673690796,6.364825248718262,-1.1175870895385742e-08,-0.006866931915283203,1.8188847303390503,5.83221435546875,1.4901161193847656e-08,-0.007106423377990723
2.850000000000,342,0.24143455729221366,0.22752245585123693,0.0,2.5985734462738037,2.601990186476193,-0.1293594241142273,1.4102015495300293,7.24268913269043,0.4186873435974121,-0.07549280673265457,6.02617883682251,6.550161361694336,0.9793143272399902,8.57518482208252,-1.1175870895385742e-08,-0.008482933044433594,2.5691816806793213,8.032297134399414,1.4901161193847656e-08,-0.008857011795043945,0.26839080452919006,6.493216514587402,-1.1175870895385742e-08,-0.006866455078125,1.8582582473754883,5.950329303741455,-1.1175870895385742e-08,-0.007106006145477295
2.900000000000,348,0.24143455729221366,0.22752202669779453,0.0,2.598574161529541,2.6019908385804995,-0.1293594092130661,1.4586896896362305,7.363414764404297,0.4186873435974121,-0.07549300789833069,6.02617883682251,6.550161361694336,1.0364140272140503,8.698663711547852,-1.1175870895385742e-08,-0.008483171463012695,2.6227433681488037,8.145524978637695,1.4901161193847656e-08,-0.00885695219039917,0.31206411123275757,6.6213297843933105,-1.1175870895385742e-08,-0.006866574287414551,1.8983936309814453,6.06818962097168,3.3527612686157227e-08,-0.007106125354766846
2.950000000000,354,0.24143455729221366,0.22752174059549962,0.0,2.5985751152038574,2.601991980432683,-0.12935948371887207,1.5079565048217773,7.483825206756592,0.4186873435974121,-0.0754932314157486,6.026179313659668,6.550161361694336,1.0943101644515991,8.821773529052734,-1.1175870895385742e-08,-0.008483052253723145,2.677035093307495,8.258402824401855,1.4901161193847656e-08,-0.008857011795043945,0.356563925743103,6.7491583824157715,-1.1175870895385742e-08,-0.006866455078125,1.9392890930175781,6.185788154602051,3.3527612686157227e-08,-0.007106125354766846
3.000000000000,360,0.24143455729221366,0.22752073923746738,0.0,2.598576545715332,2.6019934728716163,-0.12935957312583923,1.5579994916915894,7.603914737701416,0.4186873435974121,-0.07549332827329636,6.026179313659668,6.550161361694336,1.1529995203018188,8.944504737854004,-2.60770320892334e-08,-0.008483290672302246,2.7320547103881836,8.370928764343262,1.4901161193847656e-08,-0.008857369422912598,0.40188783407211304,6.876696586608887,2.9802322387695312e-08,-0.006866753101348877,1.9809430837631226,6.3031206130981445,3.3527612686157227e-08,-0.007106184959411621
3.050000000000,366,0.24143455729221366,0.22752002398173007,0.0,2.5985782146453857,2.6019950407452614,-0.1293596476316452,1.6088168621063232,7.7236785888671875,0.4186873435974121,-0.07549387216567993,6.026179313659668,6.550161361694336,1.2124803066253662,9.066855430603027,-2.60770320892334e-08,-0.00848388671875,2.787799119949341,8.4830961227417,1.4901161193847656e-08,-0.008857965469360352,0.44803428649902344,7.003940105438232,-1.1175870895385742e-08,-0.00686722993850708,2.023353338241577,6.4201812744140625,3.3527612686157227e-08,-0.007106781005859375
3.100000000000,372,0.24143455729221366,0.22751945177714022,0.0,2.598578929901123,2.6019956028855327,-0.1293596476316452,1.6604063510894775,7.843112468719482,0.4186873435974121,-0.07549513131380081,6.026179313659668,6.550161361694336,1.2727497816085815,9.188819885253906,-2.60770320892334e-08,-0.008483290672302246,2.8442673683166504,8.594903945922852,1.4901161193847656e-08,-0.008857250213623047,0.4950013756752014,7.130882740020752,2.9802322387695312e-08,-0.006866633892059326,2.066519021987915,6.536965847015381,-3.725290298461914e-08,-0.007106125354766846
3.150000000000,378,0.24143455729221366,0.22751902262369783,0.0,2.598579168319702,2.601996050114377,-0.12935970723628998,1.7127659320831299,7.962210655212402,0.4186873435974121,-0.07549552619457245,6.026179313659668,6.550161361694336,1.3338055610656738,9.310393333435059,-2.60770320892334e-08,-0.008483171463012695,2.901456117630005,8.706342697143555,1.4901161193847656e-08,-0.008857131004333496,0.5427870154380798,7.257519721984863,-1.1175870895385742e-08,-0.006866633892059326,2.1104373931884766,6.653470039367676,-3.725290298461914e-08,-0.007106006145477295
3.200000000000,384,0.24143455729221366,0.22751945177714022,0.0,2.598578691482544,2.601995389466266,-0.12935969233512878,1.7658932209014893,8.08096694946289,0.4186873435974121,-0.07549556344747543,6.026179313659668,6.550161361694336,1.3956445455551147,9.431568145751953,4.0978193283081055e-08,-0.008483529090881348,2.959362506866455,8.81740951538086,1.4901161193847656e-08,-0.008857488632202148,0.5913889408111572,7.383843898773193,-1.1175870895385742e-08,-0.006866931915283203,2.155107021331787,6.7696852684021,7.450580596923828e-09,-0.007106482982635498
3.250000000000,390,0.24143455729221366,0.22751973787943514,0.0,2.598578691482544,2.6019952614643564,-0.12935969233512878,1.8197861909866333,8.199378967285156,0.4186873435974121,-0.07549474388360977,6.026179313659668,6.550161361694336,1.458264708518982,9.55234146118164,-2.60770320892334e-08,-0.008483171463012695,3.0179851055145264,8.9281005859375,1.4901161193847656e-08,-0.008857131004333496,0.6408060789108276,7.509852886199951,3.725290298461914e-09,-0.006866574287414551,2.200526237487793,6.885611057281494,7.450580596923828e-09,-0.007106184959411621
3.300000000000,396,0.24143455729221366,0.22752016703287753,0.0,2.5985774993896484,2.60199419752952,-0.1293596625328064,1.874442458152771,8.317440032958984,0.4186873435974121,-0.0754934623837471,6.026179313659668,6.550161361694336,1.521662950515747,9.672710418701172,-2.60770320892334e-08,-0.008482575416564941,3.0773208141326904,9.038412094116211,1.4901161193847656e-08,-0.008856654167175293,0.6910353302955627,7.635540008544922,3.725290298461914e-09,-0.006866455078125,2.2466931343078613,7.001242160797119,3.3527612686157227e-08,-0.0071059465408325195
3.350000000000,402,0.24143455729221366,0.2275195948282877,0.0,2.598578453063965,2.6019952502268486,-0.12935960292816162,1.9298598766326904,8.435147285461426,0.4186873435974121,-0.07549235969781876,6.026179313659668,6.550161361694336,1.5858368873596191,9.792665481567383,-2.60770320892334e-08,-0.008483529090881348,3.1373677253723145,9.148338317871094,0.0,-0.008857488632202148,0.7420752048492432,7.760900974273682,2.2351741790771484e-08,-0.0068666934967041016,2.2936058044433594,7.116573333740234,-1.1175870895385742e-08,-0.007106304168701172
3.400000000000,408,0.24143455729221366,0.22751930872599277,0.0,2.598579168319702,2.6019958465035438,-0.1293596476316452,1.986035943031311,8.55249309539795,0.4186873435974121,-0.07549291849136353,6.026179313659668,6.550161361694336,1.6507842540740967,9.91220474243164,-2.60770320892334e-08,-0.008483052253723145,3.19812273979187,9.257874488830566,0.0,-0.008857011795043945,0.7939231395721436,7.885929107666016,3.725290298461914e-09,-0.006866514682769775,2.341261625289917,7.231598854064941,-3.725290298461914e-08,-0.007106006145477295
3.450000000000,414,0.24143455729221366,0.22751930872599277,0.0,2.598578929901123,2.601995806162601,-0.12935969233512878,2.04296875,8.669474601745605,0.4186873435974121,-0.07549342513084412,6.026179313659668,6.550161361694336,1.716502070426941,10.031320571899414,-2.60770320892334e-08,-0.008482933044433594,3.2595839500427246,9.36701488494873,1.4901161193847656e-08,-0.008857131004333496,0.846577525138855,8.0106201171875,3.725290298461914e-09,-0.006866514682769775,2.3896596431732178,7.346313953399658,7.450580596923828e-09,-0.00710606575012207
3.500000000000,420,0.24143455729221366,0.22751902262369783,0.0,2.598579168319702,2.601995936828177,-0.12935975193977356,2.1006550788879395,8.786086082458496,0.4186873435974121,-0.07549331337213516,6.026179313659668,6.550161361694336,1.7829872369766235,10.150012969970703,-2.60770320892334e-08,-0.008482933044433594,3.3217484951019287,9.47575855255127,0.0,-0.008857011795043945,0.900035560131073,8.134969711303711,3.725290298461914e-09,-0.006866395473480225,2.4387967586517334,7.460715293884277,-3.725290298461914e-08,-0.00710606575012207
3.550000000000,426,0.24143455729221366,0.22751873652140292,0.0,2.5985798835754395,2.601996394427581,-0.12935973703861237,2.1590933799743652,8.902320861816406,0.4186873435974121,-0.07549303770065308,6.026179313659668,6.550161361694336,1.850237250328064,10.268269538879395,-2.60770320892334e-08,-0.008483171463012695,3.384613275527954,9.58409595489502,0.0,-0.008857131004333496,0.9542953372001648,8.258967399597168,3.725290298461914e-09,-0.006866812705993652,2.4886717796325684,7.574794769287109,-3.725290298461914e-08,-0.007106304168701172
3.600000000000,432,0.24143455729221366,0.2275188795725504,0.0,2.5985794067382812,2.6019962215475148,-0.12935972213745117,2.218280792236328,9.01817798614502,0.4186873435974121,-0.0754929631948471,6.026179313659668,6.550161361694336,1.9182493686676025,10.386092185974121,-2.60770320892334e-08,-0.008482694625854492,3.448176860809326,9.69202709197998,0.0,-0.008857011795043945,1.0093544721603394,8.382616996765137,2.2351741790771484e-08,-0.006866335868835449,2.5392820835113525,7.688551902770996,-3.725290298461914e-08,-0.007105827331542969
3.650000000000,438,0.24143455729221366,0.22751873652140292,0.0,2.5985803604125977,2.601997059766597,-0.129359632730484,2.278214931488037,9.133649826049805,0.4186873435974121,-0.07549284398555756,6.026179313659668,6.550161361694336,1.9870212078094482,10.503471374511719,-2.60770320892334e-08,-0.008483529090881348,3.5124356746673584,9.799544334411621,0.0,-0.0088576078414917,1.0652108192443848,8.50590705871582,3.725290298461914e-09,-0.006866455078125,2.590625524520874,7.801980018615723,-3.725290298461914e-08,-0.007106006145477295
3.700000000000,444,0.24143455729221366,0.22751873652140292,0.0,2.5985796451568604,2.601996203328812,-0.12935970723628998,2.338893413543701,9.248733520507812,0.4186873435974121,-0.07549326866865158,6.026179313659668,6.550161361694336,2.056549072265625,10.620407104492188,-2.60770320892334e-08,-0.008483171463012695,3.577387571334839,9.906645774841309,1.4901161193847656e-08,-0.008857131004333496,1.1218616962432861,8.62883472442627,3.725290298461914e-09,-0.006866335868835449,2.6427001953125,7.915073394775391,7.450580596923828e-09,-0.007106006145477295
3.750000000000,450,0.24143455729221366,0.22751916567484531,0.0,2.5985796451568604,2.6019963696611916,-0.12935969233512878,2.400313377380371,9.363422393798828,0.4186873435974121,-0.07549251616001129,6.026179313659668,6.550161361694336,2.1268301010131836,10.73689079284668,-2.60770320892334e-08,-0.008483171463012695,3.643028736114502,10.013325691223145,0.0,-0.008857250213623047,1.1793049573898315,8.751394271850586,2.2351741790771484e-08,-0.006866574287414551,2.6955039501190186,8.02782917022705,3.3527612686157227e-08,-0.007106125354766846
3.800000000000,456,0.24143455729221366,0.22751873652140292,0.0,2.5985796451568604,2.6019963512036033,-0.12935972213745117,2.4624719619750977,9.47771167755127,0.4186873435974121,-0.0754929706454277,6.026179313659668,6.550161361694336,2.1978611946105957,10.852916717529297,-2.60770320892334e-08,-0.008483171463012695,3.709357261657715,10.11957836151123,0.0,-0.008857250213623047,1.2375378608703613,8.873579978942871,3.725290298461914e-09,-0.006866455078125,2.7490339279174805,8.140241622924805,-3.725290298461914e-08,-0.007106006145477295
3.850000000000,462,0.24143455729221366,0.22751902262369783,0.0,2.5985794067382812,2.6019960363783685,-0.12935973703861237,2.525367498397827,9.591597557067871,0.4186873435974121,-0.07549252361059189,6.026179313659668,6.550161361694336,2.2696409225463867,10.968482971191406,-2.60770320892334e-08,-0.008482813835144043,3.7763707637786865,10.22540283203125,0.0,-0.008857011795043945,1.2965588569641113,8.995386123657227,2.2351741790771484e-08,-0.006866455078125,2.8032889366149902,8.252305030822754,3.3527612686157227e-08,-0.007106006145477295
3.900000000000,468,0.24143455729221366,0.22751902262369783,0.0,2.598579168319702,2.6019959561732517,-0.1293596774339676,2.5889971256256104,9.705077171325684,0.4186873435974121,-0.07549246400594711,6.026179313659668,6.550161361694336,2.3421647548675537,11.08358383178711,-2.60770320892334e-08,-0.008483052253723145,3.8440663814544678,10.330791473388672,0.0,-0.008857131004333496,1.3563649654388428,9.116809844970703,2.2351741790771484e-08,-0.006866335868835449,2.8582663536071777,8.364017486572266,3.3527612686157227e-08,-0.007105827331542969
3.950000000000,474,0.24143455729221366,0.22751902262369783,0.0,2.5985794067382812,2.601996060831005,-0.1293596625328064,2.653357982635498,9.81814193725586,0.4186873435974121,-0.07549281418323517,6.026179313659668,6.550161361694336,2.4154303073883057,11.198214530944824,-2.60770320892334e-08,-0.008483409881591797,3.912440538406372,10.435739517211914,0.0,-0.008857488632202148,1.416953682899475,9.237844467163086,3.725290298461914e-09,-0.0068666934967041016,2.913963794708252,8.475372314453125,-3.725290298461914e-08,-0.007106125354766846
4.000000000000,480,0.24143455729221366,0.22751859347025546,0.0,2.5985803604125977,2.6019969728285735,-0.12935972213745117,2.718447685241699,9.93078899383545,0.4186873435974121,-0.07549310475587845,6.026179313659668,6.550161361694336,2.4894344806671143,11.312366485595703,-2.60770320892334e-08,-0.008483290672302246,3.9814908504486084,10.540245056152344,-2.9802322387695312e-08,-0.008857250213623047,1.4783227443695068,9.358485221862793,3.725290298461914e-09,-0.006866335868835449,2.970379114151001,8.586363792419434,-3.725290298461914e-08,-0.00710606575012207
4.050000000000,486,0.24143455729221366,0.2275181643168131,0.0,2.598580837249756,2.6019974430800454,-0.12935981154441833,2.7842631340026855,10.043012619018555,0.4186873435974121,-0.0754932314157486,6.026179313659668,6.550161361694336,2.564173936843872,11.426040649414062,-2.60770320892334e-08,-0.008483290672302246,4.051214694976807,10.644303321838379,0.0,-0.008857131004333496,1.5404691696166992,9.478727340698242,3.725290298461914e-09,-0.006866574287414551,3.027509927749634,8.696989059448242,-3.725290298461914e-08,-0.00710606575012207
4.100000000000,492,0.24143455729221366,0.2275181643168131,0.0,2.598580837249756,2.6019976159889793,-0.12935982644557953,2.850801706314087,10.154809951782227,0.4186873435974121,-0.0754934698343277,6.026179313659668,6.550161361694336,2.639646053314209,11.539231300354004,-2.60770320892334e-08,-0.008483529090881348,4.121608734130859,10.747908592224121,0.0,-0.0088576078414917,1.6033908128738403,9.598567008972168,3.725290298461914e-09,-0.0068666934967041016,3.085353374481201,8.807245254516602,-3.725290298461914e-08,-0.007106304168701172
4.150000000000,498,0.24143455729221366,0.22751787821451816,0.0,2.598581314086914,2.6019981926570366,-0.12935975193977356,2.918060779571533,10.26617431640625,0.4186873435974121,-0.07549344003200531,6.026179313659668,6.550161361694336,2.7158472537994385,11.651928901672363,-2.60770320892334e-08,-0.008483290672302246,4.1926703453063965,10.851056098937988,0.0,-0.008857369422912598,1.6670845746994019,9.717995643615723,3.725290298461914e-09,-0.006866455078125,3.1439077854156494,8.917122840881348,-3.725290298461914e-08,-0.00710606575012207
4.200000000000,504,0.24143455729221366,0.22751759211222322,0.0,2.598581552505493,2.601998339457765,-0.12935978174209595,2.986037254333496,10.377102851867676,0.4186873435974121,-0.07549380511045456,6.026179313659668,6.550161361694336,2.7927746772766113,11.76413345336914,4.0978193283081055e-08,-0.008483290672302246,4.2643961906433105,10.953743934631348,-2.9802322387695312e-08,-0.008857369422912598,1.7315483093261719,9.837011337280273,3.725290298461914e-09,-0.006866455078125,3.203169822692871,9.02662181854248,-3.725290298461914e-08,-0.007105827331542969
4.250000000000,510,0.24143455729221366,0.22751759211222322,0.0,2.5985817909240723,2.601998587161495,-0.12935985624790192,3.0547282695770264,10.487590789794922,0.4186873435974121,-0.07549329102039337,6.026179313659668,6.550161361694336,2.8704240322113037,11.875842094421387,-2.60770320892334e-08,-0.008483052253723145,4.336782932281494,11.055967330932617,0.0,-0.008857131004333496,1.7967785596847534,9.955611228942871,2.2351741790771484e-08,-0.006866455078125,3.2631378173828125,9.135736465454102,-3.725290298461914e-08,-0.0071059465408325195
4.300000000000,516,0.24143455729221366,0.22751830736796053,0.0,2.5985803604125977,2.6019971910845863,-0.12935979664325714,3.124131202697754,10.597633361816406,0.4186873435974121,-0.07549289613962173,6.026179313659668,6.550161361694336,2.948793649673462,11.987044334411621,-2.60770320892334e-08,-0.008482813835144043,4.409829139709473,11.157719612121582,0.0,-0.008857011795043945,1.8627732992172241,10.073785781860352,2.2351741790771484e-08,-0.0068662166595458984,3.3238086700439453,9.24445915222168,-3.725290298461914e-08,-0.007105827331542969
4.350000000000,522,0.24143455729221366,0.22751859347025546,0.0,2.5985798835754395,2.6019967264016883,-0.12935978174209595,3.1942434310913086,10.707223892211914,0.4186873435974121,-0.07549245655536652,6.026179313659668,6.550161361694336,3.027879476547241,12.097738265991211,-2.60770320892334e-08,-0.008482813835144043,4.483530521392822,11.25899887084961,4.470348358154297e-08,-0.008857011795043945,1.9295299053192139,10.19153118133545,2.2351741790771484e-08,-0.0068662166595458984,3.385181188583374,9.352790832519531,3.3527612686157227e-08,-0.007105708122253418
4.400000000000,528,0.24143455729221366,0.22751859347025546,0.0,2.5985798835754395,2.6019967063548903,-0.12935973703861237,3.265061616897583,10.816360473632812,0.4186873435974121,-0.07549262791872025,6.026179313659668,6.550161361694336,3.1076784133911133,12.20792007446289,-2.60770320892334e-08,-0.008483171463012695,4.557884216308594,11.359800338745117,0.0,-0.008857131004333496,1.9970449209213257,10.308842658996582,2.2351741790771484e-08,-0.0068666934967041016,3.4472508430480957,9.460722923278809,-3.725290298461914e-08,-0.007106184959411621
4.450000000000,534,0.24143455729221366,0.22751873652140292,0.0,2.5985796451568604,2.601996357187987,-0.12935973703861237,3.336582660675049,10.925036430358887,0.4186873435974121,-0.07549340277910233,6.026179313659668,6.550161361694336,3.1881868839263916,12.317583084106445,-2.60770320892334e-08,-0.008483171463012695,4.6328864097595215,11.46011734008789,1.4901161193847656e-08,-0.008857369422912598,2.0653159618377686,10.425715446472168,3.725290298461914e-09,-0.006866574287414551,3.5100159645080566,9.56825065612793,-3.725290298461914e-08,-0.00710606575012207
4.500000000000,540,0.24143455729221366,0.22751873652140292,0.0,2.5985801219940186,2.601996745805878,-0.12935969233512878,3.408803939819336,11.033248901367188,0.4186873435974121,-0.07549364119768143,6.026179313659668,6.550161361694336,3.2694013118743896,12.42672348022461,-2.60770320892334e-08,-0.008483052253723145,4.708535671234131,11.55994987487793,1.4901161193847656e-08,-0.008857011795043945,2.1343400478363037,10.542145729064941,3.725290298461914e-09,-0.006866335868835449,3.573474407196045,9.675371170043945,-3.725290298461914e-08,-0.007105827331542969
4.550000000000,546,0.24143455729221366,0.22751873652140292,0.0,2.5985798835754395,2.6019968055204554,-0.12935970723628998,3.481722116470337,11.140993118286133,0.4186873435974121,-0.07549337297677994,6.026179313659668,6.550161361694336,3.351318836212158,12.535340309143066,-2.60770320892334e-08,-0.008483409881591797,4.78482723236084,11.659293174743652,4.470348358154297e-08,-0.0088576078414917,2.2041141986846924,10.65812873840332,3.725290298461914e-09,-0.0068666934967041016,3.637622356414795,9.782081604003906,7.450580596923828e-09,-0.007106304168701172
4.600000000000,552,0.24143455729221366,0.227518450419108,0.0,2.5985803604125977,2.6019970738586715,-0.12935970723628998,3.5553348064422607,11.24826431274414,0.4186873435974121,-0.07549387961626053,6.026179313659668,6.550161361694336,3.43393611907959,12.643424034118652,4.0978193283081055e-08,-0.008482933044433594,4.861759185791016,11.758139610290527,-2.9802322387695312e-08,-0.008856892585754395,2.2746360301971436,10.77365779876709,3.725290298461914e-09,-0.006866097450256348,3.7024588584899902,9.888374328613281,7.450580596923828e-09,-0.007105588912963867
4.650000000000,558,0.24143455729221366,0.227518450419108,0.0,2.5985803604125977,2.6019972591962617,-0.12935970723628998,3.629638195037842,11.355059623718262,0.4186873435974121,-0.07549336552619934,6.026179313659668,6.550161361694336,3.51724910736084,12.750975608825684,-2.60770320892334e-08,-0.008482933044433594,4.939327239990234,11.856491088867188,0.0,-0.008857011795043945,2.345902442932129,10.888731956481934,3.725290298461914e-09,-0.006866335868835449,3.767979621887207,9.99424934387207,7.450580596923828e-09,-0.007105708122253418
4.700000000000,564,0.24143455729221366,0.227518450419108,0.0,2.5985798835754395,2.6019966921005766,-0.12935969233512878,3.704629898071289,11.461370468139648,0.4186873435974121,-0.07549295574426651,6.026179313659668,6.550161361694336,3.601254940032959,12.857980728149414,-2.60770320892334e-08,-0.008482933044433594,5.017528057098389,11.95433521270752,0.0,-0.008857131004333496,2.417909860610962,11.003339767456055,3.725290298461914e-09,-0.006866455078125,3.8341832160949707,10.09969425201416,-3.725290298461914e-08,-0.0071059465408325195
4.750000000000,570,0.24143455729221366,0.22751902262369783,0.0,2.598579168319702,2.601995959754144,-0.12935969233512878,3.780305862426758,11.567195892333984,0.4186873435974121,-0.07549277693033218,6.026179313659668,6.550161361694336,3.6859498023986816,12.964445114135742,1.4901161193847656e-08,-0.00848233699798584,5.096359729766846,12.051673889160156,0.0,-0.008856534957885742,2.4906558990478516,11.117481231689453,2.2351741790771484e-08,-0.006865859031677246,3.9010655879974365,10.204710006713867,7.450580596923828e-09,-0.007105469703674316
4.800000000000,576,0.24143455729221366,0.2275188795725504,0.0,2.5985796451568604,2.601996314972492,-0.12935973703861237,3.856663703918457,11.672530174255371,0.4186873435974121,-0.07549235224723816,6.026179313659668,6.550161361694336,3.771329879760742,13.070359230041504,-2.60770320892334e-08,-0.008482933044433594,5.175817489624023,12.148502349853516,4.470348358154297e-08,-0.008857131004333496,2.5641372203826904,11.231151580810547,2.2351741790771484e-08,-0.0068662166595458984,3.9686245918273926,10.309293746948242,-1.1175870895385742e-08,-0.0071059465408325195
4.850000000000,582,0.24143455729221366,0.22751859347025546,0.0,2.5985801219940186,2.6019968095548136,-0.12935970723628998,3.9337000846862793,11.777369499206543,0.4186873435974121,-0.07549306750297546,6.026179313659668,6.550161361694336,3.8573927879333496,13.175719261169434,1.4901161193847656e-08,-0.008483409881591797,5.255899429321289,12.2448148727417,1.4901161193847656e-08,-0.008857488632202148,2.6383509635925293,11.344344139099121,3.725290298461914e-09,-0.006866574287414551,4.0368571281433105,10.41343879699707,7.450580596923828e-09,-0.00710606575012207
4.900000000000,588,0.24143455729221366,0.22751830736796053,0.0,2.5985803604125977,2.601997085568721,-0.12935969233512878,4.011411666870117,11.881709098815918,0.4186873435974121,-0.0754939615726471,6.026179313659668,6.550161361694336,3.94413423538208,13.280523300170898,0.0,-0.008483529090881348,5.336601257324219,12.340608596801758,1.4901161193847656e-08,-0.00885772705078125,2.7132935523986816,11.457056045532227,3.725290298461914e-09,-0.0068666934967041016,4.10576057434082,10.517141342163086,7.450580596923828e-09,-0.007106184959411621
4.950000000000,594,0.24143455729221366,0.22751873652140292,0.0,2.5985798835754395,2.6019965319093328,-0.1293596625328064,4.0897955894470215,11.98554515838623,0.4186873435974121,-0.07549452036619186,6.026179313659668,6.550161361694336,4.031550884246826,13.384764671325684,0.0,-0.008483171463012695,5.4179205894470215,12.435879707336426,1.4901161193847656e-08,-0.008857369422912598,2.7889633178710938,11.569282531738281,3.725290298461914e-09,-0.0068662166595458984,4.175333023071289,10.620397567749023,2.2351741790771484e-08,-0.0071059465408325195
5.000000000000,600,0.24143455729221366,0.22751873652140292,0.0,2.5985798835754395,2.601996690880473,-0.12935975193977356,4.168848037719727,12.088872909545898,0.4186873435974121,-0.0754939392209053,6.026179313659668,6.550161361694336,4.119638442993164,13.488439559936523,1.4901161193847656e-08,-0.008483171463012695,5.499852657318115,12.530624389648438,-2.9802322387695312e-08,-0.008857488632202148,2.8653552532196045,11.68101692199707,3.725290298461914e-09,-0.006866812705993652,4.245570659637451,10.723201751708984,7.450580596923828e-09,-0.00710606575012207
5.050000000000,606,0.24143455729221366,0.22751830736796053,0.0,2.5985805988311768,2.601997385034296,-0.12935984134674072,4.248565673828125,12.191689491271973,0.4186873435974121,-0.07549392431974411,6.026179313659668,6.550161361694336,4.208392143249512,13.591543197631836,1.4901161193847656e-08,-0.008483409881591797,5.582394123077393,12.624836921691895,1.4901161193847656e-08,-0.0088576078414917,2.942467212677002,11.792257308959961,3.725290298461914e-09,-0.006866574287414551,4.316469192504883,10.82555103302002,7.450580596923828e-09,-0.007106184959411621
5.100000000000,612,0.24143455729221366,0.227518450419108,0.0,2.5985805988311768,2.6019973518208817,-0.12935979664325714,4.328946113586426,12.293988227844238,0.4186873435974121,-0.07549495249986649,6.026179313659668,6.550161361694336,4.297811031341553,13.694072723388672,0.0,-0.008483052253723145,5.665543556213379,12.718515396118164,1.4901161193847656e-08,-0.008857369422912598,3.0202956199645996,11.902996063232422,3.725290298461914e-09,-0.006866455078125,4.388027667999268,10.927438735961914,2.2351741790771484e-08,-0.0071059465408325195
5.150000000000,618,0.24143455729221366,0.227518450419108,0.0,2.5985805988311768,2.601997236912482,-0.12935981154441833,4.409985065460205,12.395766258239746,0.4186873435974121,-0.07549473643302917,6.026179313659668,6.550161361694336,4.387889385223389,13.796022415161133,0.0,-0.008483648300170898,5.749295234680176,12.811655044555664,1.4901161193847656e-08,-0.00885772705078125,3.0988378524780273,12.01323127746582,3.725290298461914e-09,-0.006866812705993652,4.460243225097656,11.028863906860352,2.2351741790771484e-08,-0.0071065425872802734
5.200000000000,624,0.24143455729221366,0.227518450419108,0.0,2.5985805988311768,2.6019972586264175,-0.12935976684093475,4.491678714752197,12.497017860412598,0.4186873435974121,-0.07549399137496948,6.026179313659668,6.550161361694336,4.478623867034912,13.897387504577637,0.0,-0.008483529090881348,5.833646297454834,12.904252052307129,0.0,-0.008857488632202148,3.178088903427124,12.122955322265625,3.725290298461914e-09,-0.006866812705993652,4.533111572265625,11.129819869995117,2.2351741790771484e-08,-0.007106184959411621
5.250000000000,630,0.24143455729221366,0.2275181643168131,0.0,2.598581075668335,2.6019976774482587,-0.12935975193977356,4.574024677276611,12.597740173339844,0.4186873435974121,-0.07549403607845306,6.026179313659668,6.550161361694336,4.570011138916016,13.998164176940918,0.0,-0.00848388671875,5.918593406677246,12.996301651000977,-2.9802322387695312e-08,-0.0088578462600708,3.258046865463257,12.232166290283203,3.725290298461914e-09,-0.006867051124572754,4.606629371643066,11.230302810668945,-2.2351741790771484e-08,-0.0071065425872802734
5.300000000000,636,0.24143455729221366,0.22751802126566562,0.0,2.598580837249756,2.6019976781818825,-0.12935981154441833,4.657019138336182,12.697929382324219,0.4186873435974121,-0.07549450546503067,6.026179313659668,6.550161361694336,4.662046432495117,14.09835147857666,0.0,-0.008483290672302246,6.004132270812988,13.08780288696289,1.4901161193847656e-08,-0.008857369422912598,3.3387088775634766,12.340860366821289,3.725290298461914e-09,-0.006866455078125,4.6807942390441895,11.330310821533203,-2.2351741790771484e-08,-0.0071059465408325195
5.350000000000,642,0.24143455729221366,0.2275181643168131,0.0,2.598581075668335,2.6019977411919966,-0.12935982644557953,4.740658760070801,12.79758071899414,0.4186873435974121,-0.07549463212490082,6.026179313659668,6.550161361694336,4.754728317260742,14.1979398727417,0.0,-0.008483171463012695,6.090261459350586,13.178747177124023,1.4901161193847656e-08,-0.008857250213623047,3.4200706481933594,12.449029922485352,3.725290298461914e-09,-0.006866455078125,4.7556047439575195,11.42983627319336,2.2351741790771484e-08,-0.0071059465408325195
5.400000000000,648,0.24143455729221366,0.2275181643168131,0.0,2.598580837249756,2.601997585023902,-0.12935979664325714,4.824940204620361,12.896689414978027,0.4186873435974121,-0.07549435645341873,6.026179313659668,6.550161361694336,4.848050117492676,14.296929359436035,0.0,-0.008483409881591797,6.176976203918457,13.269135475158691,1.4901161193847656e-08,-0.008857488632202148,3.5021297931671143,12.556671142578125,3.725290298461914e-09,-0.0068666934967041016,4.831055641174316,11.528877258300781,2.2351741790771484e-08,-0.00710606575012207
5.450000000000,654,0.24143455729221366,0.2275181643168131,0.0,2.598580837249756,2.6019974945513002,-0.12935978174209595,4.909859657287598,12.995251655578613,0.4186873435974121,-0.07549428194761276,6.026179313659668,6.550161361694336,4.942009449005127,14.395313262939453,0.0,-0.008482694625854492,6.264272212982178,13.35896110534668,1.4901161193847656e-08,-0.008856654167175293,3.58488130569458,12.66378116607666,3.725290298461914e-09,-0.0068662166595458984,4.907143592834473,11.62742805480957,2.2351741790771484e-08,-0.007105827331542969
5.500000000000,660,0.24143455729221366,0.22751802126566562,0.0,2.598580837249756,2.6019975863446065,-0.12935981154441833,4.995413780212402,13.09326457977295,0.4186873435974121,-0.07549308240413666,6.026179313659668,6.550161361694336,5.0366010665893555,14.493090629577637,1.4901161193847656e-08,-0.008482813835144043,6.352145671844482,13.448223114013672,0.0,-0.008856773376464844,3.668322801589966,12.770355224609375,-2.2351741790771484e-08,-0.006866455078125,4.983867168426514,11.725488662719727,7.450580596923828e-09,-0.0071059465408325195
5.550000000000,666,0.24143455729221366,0.2275181643168131,0.0,2.598581075668335,2.6019977223230866,-0.12935978174209595,5.08159875869751,13.190722465515137,0.4186873435974121,-0.07549227774143219,6.026179313659668,6.550161361694336,5.1318230628967285,14.590251922607422,1.4901161193847656e-08,-0.008482933044433594,6.44059419631958,13.536913871765137,0.0,-0.008857011795043945,3.752450942993164,12.876387596130371,-2.2351741790771484e-08,-0.006866097450256348,5.061222553253174,11.823049545288086,-1.1175870895385742e-08,-0.007105469703674316
5.600000000000,672,0.24143455729221366,0.2275181643168131,0.0,2.598580837249756,2.6019976696426586,-0.12935978174209595,5.168410778045654,13.287622451782227,0.4186873435974121,-0.0754922404885292,6.026179313659668,6.550161361694336,5.2276692390441895,14.686799049377441,1.4901161193847656e-08,-0.008484125137329102,6.5296125411987305,13.625032424926758,0.0,-0.008858203887939453,3.837261199951172,12.9818754196167,3.725290298461914e-09,-0.006867647171020508,5.139204502105713,11.920108795166016,-1.1175870895385742e-08,-0.0071070194244384766
5.650000000000,678,0.24143455729221366,0.2275181643168131,0.0,2.598580837249756,2.6019975575383905,-0.12935979664325714,5.255847454071045,13.38395881652832,0.4186873435974121,-0.0754932090640068,6.026179313659668,6.550161361694336,5.324138641357422,14.782724380493164,-2.60770320892334e-08,-0.00848376750946045,6.619199275970459,13.712573051452637,-2.9802322387695312e-08,-0.008857965469360352,3.9227516651153564,13.086811065673828,4.842877388000488e-08,-0.006867408752441406,5.217813014984131,12.01666259765625,7.450580596923828e-09,-0.007106661796569824
5.700000000000,684,0.24143455729221366,0.227518450419108,0.0,2.5985805988311768,2.6019972486526237,-0.12935979664325714,5.3439040184021,13.479728698730469,0.4186873435974121,-0.07549399882555008,6.026179313659668,6.550161361694336,5.421224117279053,14.878023147583008,-2.60770320892334e-08,-0.008483171463012695,6.709349632263184,13.79953384399414,1.4901161193847656e-08,-0.008857369422912598,4.008917808532715,13.191194534301758,4.842877388000488e-08,-0.006866574287414551,5.2970428466796875,12.112706184387207,7.450580596923828e-09,-0.007106304168701172
5.750000000000,690,0.24143455729221366,0.22751830736796053,0.0,2.598580837249756,2.601997420168796,-0.12935979664325714,5.432577133178711,13.574928283691406,0.4186873435974121,-0.07549411803483963,6.026179313659668,6.550161361694336,5.518923282623291,14.972694396972656,0.0,-0.008483409881591797,6.800058364868164,13.88591194152832,0.0,-0.0088576078414917,4.0957560539245605,13.295019149780273,3.725290298461914e-09,-0.006867051124572754,5.376891136169434,12.208235740661621,2.2351741790771484e-08,-0.007106661796569824
5.800000000000,696,0.24143455729221366,0.22751802126566562,0.0,2.598581314086914,2.6019980112711933,-0.12935982644557953,5.521862983703613,13.669553756713867,0.4186873435974121,-0.07549456506967545,6.026179313659668,6.550161361694336,5.617231369018555,15.066734313964844,0.0,-0.008483171463012695,6.891324043273926,13.97170352935791,0.0,-0.008857131004333496,4.183262348175049,13.398282051086426,3.725290298461914e-09,-0.006866812705993652,5.457354545593262,12.303250312805176,2.2351741790771484e-08,-0.007106304168701172
5.850000000000,702,0.24143455729221366,0.22751787821451816,0.0,2.5985817909240723,2.6019983009227845,-0.12935982644557953,5.611757755279541,13.763601303100586,0.4186873435974121,-0.07549402862787247,6.026179313659668,6.550161361694336,5.716144561767578,15.160138130187988,0.0,-0.00848388671875,6.98314094543457,14.056902885437012,0.0,-0.008857965469360352,4.271433353424072,13.500977516174316,2.2351741790771484e-08,-0.006867527961730957,5.538429260253906,12.397743225097656,2.2351741790771484e-08,-0.007106900215148926
5.900000000000,708,0.24143455729221366,0.22751787821451816,0.0,2.598581552505493,2.601998195633959,-0.12935981154441833,5.702258110046387,13.857068061828613,0.4186873435974121,-0.0754937082529068,6.026179313659668,6.550161361694336,5.815659523010254,15.252901077270508,0.0,-0.008483409881591797,7.075506210327148,14.141509056091309,4.470348358154297e-08,-0.008857488632202148,4.360266208648682,13.603103637695312,4.842877388000488e-08,-0.006866574287414551,5.620113372802734,12.491710662841797,7.450580596923828e-09,-0.007106304168701172
5.950000000000,714,0.24143455729221366,0.22751787821451816,0.0,2.598581314086914,2.60199789071799,-0.12935981154441833,5.793360233306885,13.949946403503418,0.4186873435974121,-0.075494185090065,6.026179313659668,6.550161361694336,5.915770530700684,15.34501838684082,0.0,-0.008483290672302246,7.168415546417236,14.225515365600586,1.4901161193847656e-08,-0.0088576078414917,4.449756622314453,13.70465087890625,3.725290298461914e-09,-0.006866812705993652,5.702402114868164,12.585148811340332,7.450580596923828e-09,-0.007106304168701172
6.000000000000,720,0.24143455729221366,0.2275181643168131,0.0,2.598580837249756,2.6019975566401237,-0.12935975193977356,5.885059356689453,14.042234420776367,0.4186873435974121,-0.07549485564231873,6.026179313659668,6.550161361694336,6.016474723815918,15.43648624420166,0.0,-0.008483171463012695,7.261865615844727,14.308919906616211,-2.9802322387695312e-08,-0.008857250213623047,4.539899826049805,13.805619239807129,3.725290298461914e-09,-0.006866812705993652,5.78529167175293,12.67805290222168,2.2351741790771484e-08,-0.007106184959411621
6.050000000000,726,0.24143455729221366,0.22751802126566562,0.0,2.598580837249756,2.6019976163031067,-0.12935978174209595,5.977353096008301,14.133928298950195,0.4186873435974121,-0.0754944458603859,6.026179313659668,6.550161361694336,6.117766380310059,15.527301788330078,0.0,-0.008483409881591797,7.355852127075195,14.391719818115234,1.4901161193847656e-08,-0.008857488632202148,4.6306939125061035,13.906002044677734,3.725290298461914e-09,-0.006866812705993652,5.86877965927124,12.770418167114258,7.450580596923828e-09,-0.007106423377990723
6.100000000000,732,0.24143455729221366,0.2275181643168131,0.0,2.598580837249756,2.601997729417851,-0.12935979664325714,6.0702362060546875,14.22502613067627,0.4186873435974121,-0.07549460232257843,6.026179313659668,6.550161361694336,6.2196431159973145,15.617464065551758,0.0,-0.00848400592803955,7.450370788574219,14.47391128540039,-2.9802322387695312e-08,-0.008858084678649902,4.722133636474609,14.00579833984375,3.725290298461914e-09,-0.0068672895431518555,5.952861785888672,12.862245559692383,2.2351741790771484e-08,-0.007106781005859375
6.150000000000,738,0.24143455729221366,0.22751787821451816,0.0,2.598581314086914,2.601997811748896,-0.12935985624790192,6.163705825805664,14.315521240234375,0.4186873435974121,-0.07549525797367096,6.026179313659668,6.550161361694336,6.322099208831787,15.706966400146484,0.0,-0.008483171463012695,7.545418739318848,14.555492401123047,1.4901161193847656e-08,-0.008857011795043945,4.814216136932373,14.105002403259277,3.725290298461914e-09,-0.006866812705993652,6.037536144256592,12.953527450561523,2.2351741790771484e-08,-0.007106184959411621
6.200000000000,744,0.24143455729221366,0.22751787821451816,0.0,2.598581314086914,2.6019979280645313,-0.1293598711490631,6.257757663726807,14.405411720275879,0.4186873435974121,-0.07549513876438141,6.026179313659668,6.550161361694336,6.425131797790527,15.795804977416992,0.0,-0.008483171463012695,7.640990734100342,14.636455535888672,1.4901161193847656e-08,-0.008857369422912598,4.906937122344971,14.203609466552734,3.725290298461914e-09,-0.006866812705993652,6.122797012329102,13.04426097869873,2.2351741790771484e-08,-0.007106304168701172
6.250000000000,750,0.24143455729221366,0.2275181643168131,0.0,2.5985805988311768,2.601997309197192,-0.1293599009513855,6.35238790512085,14.494691848754883,0.4186873435974121,-0.07549501210451126,6.026179313659668,6.550161361694336,6.52873420715332,15.883975982666016,0.0,-0.008483290672302246,7.737084865570068,14.716800689697266,1.4901161193847656e-08,-0.008857131004333496,5.000292778015137,14.301615715026855,3.725290298461914e-09,-0.006866574287414551,6.20864200592041,13.134440422058105,2.2351741790771484e-08,-0.007106304168701172
6.300000000000,756,0.24143455729221366,0.2275181643168131,0.0,2.598580837249756,2.601997683100615,-0.12935984134674072,6.447592258453369,14.58336067199707,0.4186873435974121,-0.07549455016851425,6.026179313659668,6.550161361694336,6.632904529571533,15.971477508544922,0.0,-0.008482933044433594,7.833693981170654,14.796525955200195,-2.9802322387695312e-08,-0.008856773376464844,5.0942792892456055,14.399016380310059,3.725290298461914e-09,-0.006866335868835449,6.29506778717041,13.224064826965332,2.2351741790771484e-08,-0.0071059465408325195
6.350000000000,762,0.24143455729221366,0.2275181643168131,0.0,2.598580837249756,2.6019975648107394,-0.12935981154441833,6.543367385864258,14.671411514282227,0.4186873435974121,-0.075492724776268,6.026179313659668,6.550161361694336,6.737637519836426,16.05830192565918,1.4901161193847656e-08,-0.00848233699798584,7.930816173553467,14.87562370300293,0.0,-0.00885629653930664,5.188892364501953,14.495807647705078,-2.2351741790771484e-08,-0.0068656206130981445,6.382071495056152,13.313129425048828,-1.1175870895385742e-08,-0.007105231285095215
6.400000000000,768,0.24143455729221366,0.2275181643168131,0.0,2.598581075668335,2.601997830829688,-0.1293598860502243,6.639708518981934,14.758843421936035,0.4186873435974121,-0.07549065351486206,6.026179313659668,6.550161361694336,6.8429274559021,16.144451141357422,1.4901161193847656e-08,-0.008482694625854492,8.028447151184082,14.954094886779785,-1.4901161193847656e-08,-0.008856773376464844,5.284128189086914,14.591987609863281,-2.2351741790771484e-08,-0.006866335868835449,6.469647407531738,13.401630401611328,-1.1175870895385742e-08,-0.0071059465408325195
6.450000000000,774,0.24143455729221366,0.2275181643168131,0.0,2.598580837249756,2.601997548485729,-0.12935982644557953,6.736612319946289,14.845650672912598,0.4186873435974121,-0.07549016177654266,6.026179313659668,6.550161361694336,6.948772430419922,16.22991943359375,1.4901161193847656e-08,-0.00848245620727539,8.126581192016602,15.031932830810547,-1.4901161193847656e-08,-0.008856534957885742,5.3799824714660645,14.687549591064453,2.2351741790771484e-08,-0.006865978240966797,6.5577921867370605,13.489563941955566,-1.1175870895385742e-08,-0.007105588912963867
6.500000000000,780,0.24143455729221366,0.2275181643168131,0.0,2.598580837249756,2.601997616682013,-0.12935979664325714,6.8340744972229,14.931831359863281,0.4186873435974121,-0.07549083232879639,6.026179313659668,6.550161361694336,7.055166244506836,16.314701080322266,1.4901161193847656e-08,-0.008482217788696289,8.22521686553955,15.109136581420898,0.0,-0.008856654167175293,5.476451873779297,14.782491683959961,-2.2351741790771484e-08,-0.006865978240966797,6.646503448486328,13.57692813873291,-1.1175870895385742e-08,-0.007105469703674316
6.550000000000,786,0.24143455729221366,0.2275181643168131,0.0,2.5985805988311768,2.6019973287806413,-0.12935981154441833,6.932091236114502,15.017380714416504,0.4186873435974121,-0.07549091428518295,6.026179313659668,6.550161361694336,7.162106037139893,16.398792266845703,1.4901161193847656e-08,-0.008482575416564941,8.324350357055664,15.185700416564941,0.0,-0.008856773376464844,5.573533058166504,14.876809120178223,-2.2351741790771484e-08,-0.006865978240966797,6.735777854919434,13.663715362548828,-1.1175870895385742e-08,-0.007105588912963867
6.600000000000,792,0.24143455729221366,0.2275181643168131,0.0,2.598580837249756,2.601997596312599,-0.12935984134674072,7.030658721923828,15.102295875549316,0.4186873435974121,-0.07549183070659637,6.026179313659668,6.550161361694336,7.26958703994751,16.482192993164062,1.4901161193847656e-08,-0.008483171463012695,8.423975944519043,15.261624336242676,0.0,-0.008856773376464844,5.6712212562561035,14.970498085021973,3.725290298461914e-09,-0.006866574287414551,6.82560920715332,13.749926567077637,-1.1175870895385742e-08,-0.007106184959411621
6.650000000000,798,0.24143455729221366,0.2275181643168131,0.0,2.598580837249756,2.60199734014189,-0.12935976684093475,7.129771709442139,15.186572074890137,0.4186873435974121,-0.07549287378787994,6.026179313659668,6.550161361694336,7.377603530883789,16.564899444580078,1.4901161193847656e-08,-0.008483290672302246,8.524087905883789,15.336901664733887,1.4901161193847656e-08,-0.008857250213623047,5.769511699676514,15.063553810119629,3.725290298461914e-09,-0.006866455078125,6.915996074676514,13.835555076599121,-1.1175870895385742e-08,-0.0071059465408325195
6.700000000000,804,0.24143455729221366,0.227518450419108,0.0,2.5985803604125977,2.6019971497252223,-0.12935978174209595,7.229426860809326,15.270206451416016,0.4186873435974121,-0.07549279928207397,6.026179313659668,6.550161361694336,7.486152172088623,16.64690589904785,1.4901161193847656e-08,-0.008482933044433594,8.624685287475586,15.411532402038574,0.0,-0.008856773376464844,5.868401527404785,15.15597152709961,-2.2351741790771484e-08,-0.006866335868835449,7.00693416595459,13.920598983764648,7.450580596923828e-09,-0.007105708122253418
6.750000000000,810,0.24143455729221366,0.227518450419108,0.0,2.5985803604125977,2.6019970644110093,-0.12935978174209595,7.329619884490967,15.353196144104004,0.4186873435974121,-0.0754917785525322,6.026179313659668,6.550161361694336,7.595226764678955,16.728208541870117,-2.60770320892334e-08,-0.008483171463012695,8.725760459899902,15.48551082611084,0.0,-0.008857250213623047,5.967885494232178,15.247750282287598,-2.2351741790771484e-08,-0.0068666934967041016,7.098419189453125,14.005051612854004,-1.1175870895385742e-08,-0.007106184959411621
6.800000000000,816,0.24143455729221366,0.227518450419108,0.0,2.5985805988311768,2.6019972994483695,-0.12935979664325714,7.430346488952637,15.435538291931152,0.4186873435974121,-0.07549040764570236,6.026179313659668,6.550161361694336,7.704824447631836,16.808807373046875,-2.60770320892334e-08,-0.008482694625854492,8.827312469482422,15.558836936950684,-1.4901161193847656e-08,-0.008856534957885742,6.067959785461426,15.338884353637695,-2.2351741790771484e-08,-0.0068662166595458984,7.190447807312012,14.088913917541504,-1.1175870895385742e-08,-0.007105708122253418
6.850000000000,822,0.24143455729221366,0.2275181643168131,0.0,2.598580837249756,2.601997424216171,-0.12935978174209595,7.531602382659912,15.517229080200195,0.4186873435974121,-0.0754903256893158,6.026179313659668,6.550161361694336,7.814940929412842,16.888696670532227,-2.60770320892334e-08,-0.008482933044433594,8.929335594177246,15.63150691986084,-1.4901161193847656e-08,-0.008856773376464844,6.168619632720947,15.429373741149902,2.2351741790771484e-08,-0.0068662166595458984,7.283014297485352,14.172182083129883,-1.1175870895385742e-08,-0.007105827331542969
6.900000000000,828,0.24143455729221366,0.227518450419108,0.0,2.5985803604125977,2.6019970170890576,-0.12935978174209595,7.633383274078369,15.598262786865234,0.4186873435974121,-0.07549207657575607,6.026179313659668,6.550161361694336,7.925570011138916,16.96787452697754,-2.60770320892334e-08,-0.00848245620727539,9.031825065612793,15.70351505279541,0.0,-0.008856654167175293,6.269862174987793,15.519208908081055,2.2351741790771484e-08,-0.006866097450256348,7.37611722946167,14.254849433898926,-1.1175870895385742e-08,-0.007105708122253418
6.950000000000,834,0.24143455729221366,0.227518450419108,0.0,2.5985798835754395,2.6019966701972086,-0.12935975193977356,7.7356858253479,15.678637504577637,0.4186873435974121,-0.07549337297677994,6.026179313659668,6.550161361694336,8.03670883178711,17.04633331298828,1.4901161193847656e-08,-0.008483171463012695,9.134777069091797,15.774858474731445,1.4901161193847656e-08,-0.008857250213623047,6.371682643890381,15.60838794708252,3.725290298461914e-09,-0.006866574287414551,7.469751834869385,14.336912155151367,7.450580596923828e-09,-0.007106184959411621
7.000000000000,840,0.24143455729221366,0.22751873652140292,0.0,2.5985798835754395,2.6019964901789328,-0.12935972213745117,7.838505268096924,15.758350372314453,0.4186873435974121,-0.07549404352903366,6.026179313659668,6.550161361694336,8.148351669311523,17.124073028564453,0.0,-0.008483409881591797,9.238189697265625,15.845536231994629,1.4901161193847656e-08,-0.008857488632202148,6.474076747894287,15.696907997131348,3.725290298461914e-09,-0.006866931915283203,7.5639142990112305,14.418370246887207,7.450580596923828e-09,-0.007106304168701172
7.050000000000,846,0.24143455729221366,0.2275188795725504,0.0,2.5985796451568604,2.601996465860534,-0.12935975193977356,7.941836833953857,15.837397575378418,0.4186873435974121,-0.07549431174993515,6.026179313659668,6.550161361694336,8.260494232177734,17.201091766357422,0.0,-0.008483171463012695,9.34205436706543,15.915545463562012,1.4901161193847656e-08,-0.008857131004333496,6.577040195465088,15.784765243530273,3.725290298461914e-09,-0.0068666934967041016,7.658600807189941,14.49921703338623,7.450580596923828e-09,-0.007106423377990723
7.100000000000,852,0.24143455729221366,0.22751873652140292,0.0,2.5985801219940186,2.6019968657183834,-0.12935972213745117,8.045676231384277,15.915775299072266,0.4186873435974121,-0.07549384981393814,6.026179313659668,6.550161361694336,8.373129844665527,17.277385711669922,0.0,-0.008482813835144043,9.446369171142578,15.984882354736328,4.470348358154297e-08,-0.008857131004333496,6.680568695068359,15.871953964233398,3.725290298461914e-09,-0.0068662166595458984,7.753807544708252,14.579452514648438,7.450580596923828e-09,-0.007105588912963867
7.150000000000,858,0.24143455729221366,0.22751902262369783,0.0,2.5985794067382812,2.60199606246448,-0.12935973703861237,8.150019645690918,15.993481636047363,0.4186873435974121,-0.0754932090640068,6.026179313659668,6.550161361694336,8.48625659942627,17.352947235107422,1.4901161193847656e-08,-0.008483052253723145,9.551129341125488,16.053543090820312,0.0,-0.008857131004333496,6.784656524658203,15.958475112915039,-2.2351741790771484e-08,-0.006866455078125,7.849529266357422,14.659070014953613,7.450580596923828e-09,-0.00710606575012207
7.200000000000,864,0.24143455729221366,0.22751916567484531,0.0,2.598578929901123,2.6019955813143283,-0.1293596774339676,8.254861831665039,16.070510864257812,0.4186873435974121,-0.07549338787794113,6.026179313659668,6.550161361694336,8.599868774414062,17.427780151367188,1.4901161193847656e-08,-0.008483529090881348,9.656330108642578,16.12152862548828,0.0,-0.008857488632202148,6.889301776885986,16.044321060180664,3.725290298461914e-09,-0.0068666934967041016,7.945762634277344,14.738069534301758,7.450580596923828e-09,-0.007106304168701172
7.250000000000,870,0.24143455729221366,0.22751945177714022,0.0,2.598578929901123,2.6019957132246723,-0.1293596476316452,8.360199928283691,16.146865844726562,0.4186873435974121,-0.07549392431974411,6.026179313659668,6.550161361694336,8.71396255493164,17.501876831054688,0.0,-0.008482694625854492,9.761968612670898,16.188831329345703,1.4901161193847656e-08,-0.008856892585754395,6.9944987297058105,16.12948989868164,3.725290298461914e-09,-0.006865978240966797,8.042505264282227,14.816446304321289,7.450580596923828e-09,-0.007105350494384766
7.300000000000,876,0.24143455729221366,0.22751930872599277,0.0,2.5985794067382812,2.6019959872164176,-0.12935961782932281,8.466028213500977,16.2225341796875,0.4186873435974121,-0.07549407333135605,6.026179313659668,6.550161361694336,8.828532218933105,17.575233459472656,0.0,-0.008482933044433594,9.868038177490234,16.255449295043945,1.4901161193847656e-08,-0.008857131004333496,7.100244522094727,16.213977813720703,3.725290298461914e-09,-0.006865978240966797,8.139751434326172,14.894193649291992,7.450580596923828e-09,-0.007105469703674316
7.350000000000,882,0.24143455729221366,0.22751916567484531,0.0,2.598579168319702,2.6019958323477623,-0.1293596476316452,8.572343826293945,16.297515869140625,0.4186873435974121,-0.07549391686916351,6.026179313659668,6.550161361694336,8.943572044372559,17.647846221923828,1.4901161193847656e-08,-0.00848376750946045,9.974536895751953,16.321380615234375,1.4901161193847656e-08,-0.0088576078414917,7.206532001495361,16.297775268554688,3.725290298461914e-09,-0.006866812705993652,8.237497329711914,14.971308708190918,7.450580596923828e-09,-0.007106184959411621
7.400000000000,888,0.24143455729221366,0.22751930872599277,0.0,2.598578929901123,2.6019957861156624,-0.12935957312583923,8.679140090942383,16.371810913085938,0.4186873435974121,-0.07549387961626053,6.026179313659668,6.550161361694336,9.05907917022705,17.71971893310547,1.4901161193847656e-08,-0.008482813835144043,10.081459045410156,16.38662338256836,1.4901161193847656e-08,-0.008857011795043945,7.313359260559082,16.380889892578125,3.725290298461914e-09,-0.006865978240966797,8.335739135742188,15.0477933883667,7.450580596923828e-09,-0.007105469703674316
7.450000000000,894,0.24143455729221366,0.22751902262369783,0.0,2.5985794067382812,2.6019960716107464,-0.12935958802700043,8.786415100097656,16.445419311523438,0.4186873435974121,-0.0754929855465889,6.026179313659668,6.550161361694336,9.175046920776367,17.79084587097168,1.4901161193847656e-08,-0.008483052253723145,10.188799858093262,16.4511775970459,0.0,-0.008857131004333496,7.420721530914307,16.463314056396484,3.725290298461914e-09,-0.006866097450256348,8.434473037719727,15.123647689819336,7.450580596923828e-09,-0.007105588912963867
7.500000000000,900,0.24143455729221366,0.22751916567484531,0.0,2.5985796451568604,2.6019962825025025,-0.12935958802700043,8.89416217803955,16.51833152770996,0.4186873435974121,-0.07549279928207397,6.026179313659668,6.550161361694336,9.291472434997559,17.861221313476562,1.4901161193847656e-08,-0.008483409881591797,10.296555519104004,16.51503562927246,0.0,-0.008857250213623047,7.52861213684082,16.5450439453125,3.725290298461914e-09,-0.0068662166595458984,8.53369426727295,15.198859214782715,7.450580596923828e-09,-0.007105708122253418
7.550000000000,906,0.24143455729221366,0.22751916567484531,0.0,2.5985794067382812,2.6019960356277045,-0.12935960292816162,9.0023775100708,16.590547561645508,0.4186873435974121,-0.07549337297677994,6.026179313659668,6.550161361694336,9.40834903717041,17.930843353271484,1.4901161193847656e-08,-0.008483171463012695,10.404720306396484,16.578197479248047,1.4901161193847656e-08,-0.008857250213623047,7.637028694152832,16.626075744628906,3.725290298461914e-09,-0.006866097450256348,8.63339900970459,15.273429870605469,7.450580596923828e-09,-0.007105708122253418
7.600000000000,912,0.24143455729221366,0.22751930872599277,0.0,2.598579168319702,2.6019959265300727,-0.1293596625328064,9.111058235168457,16.662065505981445,0.4186873435974121,-0.07549268752336502,6.026179313659668,6.550161361694336,9.525673866271973,17.999711990356445,1.4901161193847656e-08,-0.008482933044433594,10.513291358947754,16.640661239624023,0.0,-0.008856892585754395,7.745967388153076,16.706405639648438,3.725290298461914e-09,-0.006865978240966797,8.733583450317383,15.347355842590332,7.450580596923828e-09,-0.007105827331542969
7.650000000000,918,0.24143455729221366,0.22751902262369783,0.0,2.5985794067382812,2.6019961401873437,-0.1293596625328064,9.220197677612305,16.732877731323242,0.4186873435974121,-0.07549180090427399,6.026179313659668,6.550161361694336,9.643440246582031,18.067821502685547,1.4901161193847656e-08,-0.008483171463012695,10.622262954711914,16.702425003051758,0.0,-0.008857488632202148,7.85542106628418,16.78603172302246,-2.2351741790771484e-08,-0.006866455078125,8.834243774414062,15.420633316040039,-1.1175870895385742e-08,-0.00710606575012207
7.700000000000,924,0.24143455729221366,0.2275188795725504,0.0,2.5985798835754395,2.6019966827774357,-0.12935970723628998,9.329792022705078,16.8029842376709,0.4186873435974121,-0.07549168169498444,6.026179313659668,6.550161361694336,9.76164436340332,18.13516616821289,1.4901161193847656e-08,-0.008483171463012695,10.7316312789917,16.763477325439453,0.0,-0.008857250213623047,7.965387344360352,16.864946365356445,-2.2351741790771484e-08,-0.006866335868835449,8.93537425994873,15.493257522583008,-1.1175870895385742e-08,-0.0071059465408325195
7.750000000000,930,0.24143455729221366,0.22751873652140292,0.0,2.5985796451568604,2.6019963471558634,-0.12935970723628998,9.439835548400879,16.87238311767578,0.4186873435974121,-0.07549234479665756,6.026179313659668,6.550161361694336,9.880279541015625,18.201749801635742,1.4901161193847656e-08,-0.008482933044433594,10.841390609741211,16.823827743530273,0.0,-0.008857011795043945,8.075859069824219,16.94315528869629,-2.2351741790771484e-08,-0.006865859031677246,9.036970138549805,15.565231323242188,7.450580596923828e-09,-0.007105588912963867
7.800000000000,936,0.24143455729221366,0.22751902262369783,0.0,2.5985794067382812,2.601996158266713,-0.1293596774339676,9.550325393676758,16.941068649291992,0.4186873435974121,-0.07549335062503815,6.026179313659668,6.550161361694336,9.999343872070312,18.267560958862305,1.4901161193847656e-08,-0.008483290672302246,10.951539993286133,16.883464813232422,0.0,-0.008856892585754395,8.186835289001465,17.020641326904297,3.725290298461914e-09,-0.006866335868835449,9.139030456542969,15.636544227600098,7.450580596923828e-09,-0.007105827331542969
7.850000000000,942,0.24143455729221366,0.22751902262369783,0.0,2.5985796451568604,2.601996257335149,-0.1293596625328064,9.66125774383545,17.0090389251709,0.4186873435974121,-0.07549357414245605,6.026179313659668,6.550161361694336,10.118829727172852,18.332609176635742,1.4901161193847656e-08,-0.008483529090881348,11.0620698928833,16.942392349243164,1.4901161193847656e-08,-0.008857369422912598,8.298308372497559,17.097415924072266,3.725290298461914e-09,-0.006866574287414551,9.241548538208008,15.707197189331055,7.450580596923828e-09,-0.007106184959411621
7.900000000000,948,0.24143455729221366,0.2275188795725504,0.0,2.5985794067382812,2.601996272070453,-0.12935972213745117,9.772625923156738,17.076292037963867,0.4186873435974121,-0.07549398392438889,6.026179313659668,6.550161361694336,10.238734245300293,18.396881103515625,0.0,-0.008483290672302246,11.172977447509766,17.00060272216797,1.4901161193847656e-08,-0.008857369422912598,8.410274505615234,17.173465728759766,3.725290298461914e-09,-0.006866812705993652,9.344520568847656,15.77718734741211,7.450580596923828e-09,-0.007106304168701172
7.950000000000,954,0.24143455729221366,0.22751873652140292,0.0,2.5985798835754395,2.601996741715845,-0.12935973703861237,9.88442611694336,17.142826080322266,0.4186873435974121,-0.07549436390399933,6.026179313659668,6.550161361694336,10.359050750732422,18.460376739501953,0.0,-0.008482575416564941,11.284261703491211,17.058095932006836,1.4901161193847656e-08,-0.008856892585754395,8.52273178100586,17.24879264831543,3.725290298461914e-09,-0.006865859031677246,9.447942733764648,15.846512794494629,7.450580596923828e-09,-0.007105469703674316
8.000000000000,960,0.24143455729221366,0.2275188795725504,0.0,2.5985798835754395,2.6019966117521807,-0.12935969233512878,9.99665355682373,17.208635330200195,0.4186873435974121,-0.07549306005239487,6.026179313659668,6.550161361694336,10.47977352142334,18.523096084594727,1.4901161193847656e-08,-0.008483052253723145,11.395912170410156,17.114870071411133,0.0,-0.008857011795043945,8.635671615600586,17.323392868041992,3.725290298461914e-09,-0.006865978240966797,9.551809310913086,15.915167808532715,7.450580596923828e-09,-0.007105588912963867
8.050000000000,966,0.24143455729221366,0.22751873652140292,0.0,2.5985803604125977,2.601996964213268,-0.12935975193977356,10.10930347442627,17.273719787597656,0.4186873435974121,-0.07549285143613815,6.026179313659668,6.550161361694336,10.600900650024414,18.585033416748047,1.4901161193847656e-08,-0.008483290672302246,11.507927894592285,17.170921325683594,0.0,-0.008857548236846924,8.749091148376465,17.397260665893555,3.725290298461914e-09,-0.006866574287414551,9.656118392944336,15.983149528503418,7.450580596923828e-09,-0.007106184959411621
8.100000000000,972,0.24143455729221366,0.2275181643168131,0.0,2.598580837249756,2.6019974485925954,-0.12935976684093475,10.222371101379395,17.338075637817383,0.4186873435974121,-0.07549366354942322,6.026179313659668,6.550161361694336,10.722423553466797,18.64618682861328,1.4901161193847656e-08,-0.008483529090881348,11.620302200317383,17.22624969482422,1.4901161193847656e-08,-0.008857429027557373,8.862983703613281,17.470394134521484,3.725290298461914e-09,-0.006866931915283203,9.760862350463867,16.050457000732422,7.450580596923828e-09,-0.0071065425872802734
8.150000000000,978,0.24143455729221366,0.22751830736796053,0.0,2.5985805988311768,2.6019973004135615,-0.12935979664325714,10.335850715637207,17.401700973510742,0.4186873435974121,-0.07549380511045456,6.026179313659668,6.550161361694336,10.844338417053223,18.70655632019043,1.4901161193847656e-08,-0.008482933044433594,11.733031272888184,17.280853271484375,1.4901161193847656e-08,-0.008857190608978271,8.977346420288086,17.54279327392578,3.725290298461914e-09,-0.006866574287414551,9.866040229797363,16.117090225219727,7.450580596923828e-09,-0.007105827331542969
8.200000000000,984,0.24143455729221366,0.227518450419108,0.0,2.5985801219940186,2.6019970182838006,-0.12935973703861237,10.449740409851074,17.464590072631836,0.4186873435974121,-0.07549338042736053,6.026179313659668,6.550161361694336,10.966643333435059,18.766138076782227,1.4901161193847656e-08,-0.008483052253723145,11.846112251281738,17.33472442626953,0.0,-0.008857309818267822,9.09217643737793,17.614450454711914,3.725290298461914e-09,-0.006866455078125,9.97164535522461,16.183040618896484,7.450580596923828e-09,-0.0071059465408325195
8.250000000000,990,0.24143455729221366,0.22751873652140292,0.0,2.5985794067382812,2.601996223265477,-0.12935969233512878,10.564033508300781,17.526742935180664,0.4186873435974121,-0.07549440115690231,6.026179313659668,6.550161361694336,11.089327812194824,18.82492446899414,0.0,-0.008483290672302246,11.9595365524292,17.387863159179688,1.4901161193847656e-08,-0.008857667446136475,9.207465171813965,17.685365676879883,3.725290298461914e-09,-0.006866574287414551,10.077674865722656,16.24830436706543,2.2351741790771484e-08,-0.007106184959411621
8.300000000000,996,0.24143455729221366,0.22751902262369783,0.0,2.5985794067382812,2.601996076860393,-0.12935972213745117,10.678726196289062,17.588157653808594,0.4186873435974121,-0.07549473643302917,6.026179313659668,6.550161361694336,11.212389945983887,18.88292121887207,0.0,-0.008483290672302246,12.07330322265625,17.440271377563477,1.4901161193847656e-08,-0.008857548236846924,9.323208808898926,17.75553321838379,3.725290298461914e-09,-0.006867051124572754,10.184123039245605,16.31288719177246,2.2351741790771484e-08,-0.007106184959411621
8.350000000000,1002,0.24143455729221366,0.22751930872599277,0.0,2.598578929901123,2.601995724063102,-0.12935972213745117,10.793811798095703,17.64883041381836,0.4186873435974121,-0.07549434900283813,6.026179313659668,6.550161361694336,11.335824966430664,18.940120697021484,0.0,-0.008482694625854492,12.187406539916992,17.491943359375,1.4901161193847656e-08,-0.008857011795043945,9.439404487609863,17.8249568939209,3.725290298461914e-09,-0.0068662166595458984,10.290986061096191,16.376781463623047,7.450580596923828e-09,-0.007105708122253418
8.400000000000,1008,0.24143455729221366,0.22751945177714022,0.0,2.598578453063965,2.6019952669598685,-0.12935970723628998,10.909287452697754,17.708757400512695,0.4186873435974121,-0.07549429684877396,6.026179313659668,6.550161361694336,11.459625244140625,18.996522903442383,0.0,-0.008483409881591797,12.301838874816895,17.542877197265625,1.4901161193847656e-08,-0.0088576078414917,9.556044578552246,17.89362335205078,3.725290298461914e-09,-0.006867051124572754,10.398259162902832,16.43998146057129,7.450580596923828e-09,-0.007106304168701172
8.450000000000,1014,0.24143455729221366,0.22751945177714022,0.0,2.598578453063965,2.6019952386451966,-0.12935960292816162,11.025147438049316,17.767940521240234,0.4186873435974121,-0.07549484074115753,6.026179313659668,6.550161361694336,11.583788871765137,19.0521240234375,0.0,-0.008482933044433594,12.41659927368164,17.59307098388672,1.4901161193847656e-08,-0.008857250213623047,9.673127174377441,17.96154022216797,3.725290298461914e-09,-0.006866455078125,10.505938529968262,16.50248908996582,7.450580596923828e-09,-0.007105827331542969
8.500000000000,1020,0.24143455729221366,0.2275195948282877,0.0,2.5985782146453857,2.601995075905203,-0.12935961782932281,11.141387939453125,17.826372146606445,0.4186873435974121,-0.07549547404050827,6.026179313659668,6.550161361694336,11.708308219909668,19.106924057006836,0.0,-0.008482933044433594,12.531682968139648,17.642526626586914,1.4901161193847656e-08,-0.00885707139968872,9.79064655303955,18.028697967529297,-1.1175870895385742e-08,-0.0068662166595458984,10.614019393920898,16.564302444458008,2.2351741790771484e-08,-0.007105827331542969
8.550000000000,1026,0.24143455729221366,0.2275195948282877,0.0,2.598578453063965,2.601995146646542,-0.1293596625328064,11.258002281188965,17.884056091308594,0.4186873435974121,-0.07549532502889633,6.026179313659668,6.550161361694336,11.833178520202637,19.160921096801758,0.0,-0.008483588695526123,12.64708137512207,17.69123649597168,1.4901161193847656e-08,-0.008857667446136475,9.908594131469727,18.095094680786133,-1.1175870895385742e-08,-0.006867051124572754,10.72249698638916,16.625411987304688,7.450580596923828e-09,-0.007106661796569824
8.600000000000,1032,0.24143455729221366,0.22751973787943514,0.0,2.5985779762268066,2.6019947546070874,-0.12935957312583923,11.374985694885254,17.94098472595215,0.4186873435974121,-0.07549478858709335,6.026179313659668,6.550161361694336,11.958393096923828,19.214109420776367,1.4901161193847656e-08,-0.008484065532684326,12.76279067993164,17.739200592041016,1.4901161193847656e-08,-0.008858203887939453,10.026968955993652,18.16073226928711,-1.1175870895385742e-08,-0.0068672895431518555,10.831365585327148,16.685827255249023,7.450580596923828e-09,-0.007106781005859375
8.650000000000,1038,0.24143455729221366,0.22751988093058262,0.0,2.598578453063965,2.6019951284127907,-0.1293596476316452,11.492335319519043,17.99715805053711,0.4186873435974121,-0.07549502700567245,6.026179313659668,6.550161361694336,12.083949089050293,19.266489028930664,1.4901161193847656e-08,-0.008483350276947021,12.878808975219727,17.786418914794922,1.4901161193847656e-08,-0.008857190608978271,10.14576530456543,18.225605010986328,-1.1175870895385742e-08,-0.006866574287414551,10.94062328338623,16.74553680419922,7.450580596923828e-09,-0.007105827331542969
8.700000000000,1044,0.24143455729221366,0.22751916567484531,0.0,2.5985794067382812,2.601995959433717,-0.1293596625328064,11.610044479370117,18.052568435668945,0.4186873435974121,-0.07549433410167694,6.026179313659668,6.550161361694336,12.209842681884766,19.318052291870117,1.4901161193847656e-08,-0.008483707904815674,12.995128631591797,17.832881927490234,1.4901161193847656e-08,-0.008857905864715576,10.26497745513916,18.289705276489258,3.725290298461914e-09,-0.0068672895431518555,11.050263404846191,16.804533004760742,7.450580596923828e-09,-0.007106781005859375
8.750000000000,1050,0.24143455729221366,0.22751916567484531,0.0,2.598578929901123,2.601995791349361,-0.12935969233512878,11.728109359741211,18.107219696044922,0.4186873435974121,-0.07549494504928589,6.026179313659668,6.550161361694336,12.336063385009766,19.368806838989258,1.4901161193847656e-08,-0.008482873439788818,13.111743927001953,17.878597259521484,1.4901161193847656e-08,-0.008857011795043945,10.384600639343262,18.353036880493164,-1.1175870895385742e-08,-0.006865978240966797,11.16028118133545,16.862825393676758,7.450580596923828e-09,-0.007105708122253418
8.800000000000,1056,0.24143455729221366,0.22751916567484531,0.0,2.598578929901123,2.6019955904222534,-0.12935970723628998,11.846524238586426,18.16110610961914,0.4186873435974121,-0.0754946693778038,6.026179313659668,6.550161361694336,12.462611198425293,19.418743133544922,1.4901161193847656e-08,-0.008482873439788818,13.228655815124512,17.923555374145508,1.4901161193847656e-08,-0.00885707139968872,10.504630088806152,18.41558837890625,3.725290298461914e-09,-0.006866574287414551,11.270674705505371,16.92040252685547,7.450580596923828e-09,-0.00710606575012207
8.850000000000,1062,0.24143455729221366,0.22751902262369783,0.0,2.5985796451568604,2.601996282823476,-0.1293596774339676,11.965285301208496,18.2142276763916,0.4186873435974121,-0.07549373060464859,6.026179313659668,6.550161361694336,12.589478492736816,19.46786117553711,1.4901161193847656e-08,-0.008483290672302246,13.345853805541992,17.967758178710938,1.4901161193847656e-08,-0.008857667446136475,10.625061988830566,18.47736930847168,3.725290298461914e-09,-0.006866931915283203,11.381438255310059,16.977270126342773,7.450580596923828e-09,-0.00710606575012207
8.900000000000,1068,0.24143455729221366,0.2275188795725504,0.0,2.5985798835754395,2.601996690463538,-0.1293596625328064,12.084385871887207,18.266582489013672,0.4186873435974121,-0.0754932388663292,6.026179313659668,6.550161361694336,12.716660499572754,19.516157150268555,1.4901161193847656e-08,-0.008482694625854492,13.463334083557129,18.01120376586914,1.4901161193847656e-08,-0.008857011795043945,10.745890617370605,18.53837013244629,3.725290298461914e-09,-0.006865859031677246,11.492565155029297,17.033418655395508,7.450580596923828e-09,-0.007105410099029541
8.950000000000,1074,0.24143455729221366,0.22751873652140292,0.0,2.5985796451568604,2.601996438553184,-0.12935972213745117,12.203822135925293,18.318164825439453,0.4186873435974121,-0.07549281418323517,6.026179313659668,6.550161361694336,12.844149589538574,19.56363296508789,1.4901161193847656e-08,-0.008483588695526123,13.581092834472656,18.053892135620117,0.0,-0.0088576078414917,10.867109298706055,18.598590850830078,3.725290298461914e-09,-0.006866574287414551,11.60405158996582,17.088848114013672,7.450580596923828e-09,-0.007106304168701172
9.000000000000,1080,0.24143455729221366,0.227518450419108,0.0,2.598580837249756,2.6019973693477576,-0.12935969233512878,12.323589324951172,18.368976593017578,0.4186873435974121,-0.07549286633729935,6.026179313659668,6.550161361694336,12.971943855285645,19.61028480529785,1.4901161193847656e-08,-0.008482575416564941,13.699125289916992,18.095815658569336,0.0,-0.008856654167175293,10.988714218139648,18.65802764892578,3.725290298461914e-09,-0.006865739822387695,11.71589469909668,17.143558502197266,7.450580596923828e-09,-0.007105350494384766
9.050000000000,1086,0.24143455729221366,0.22751787821451816,0.0,2.598581552505493,2.6019982728819073,-0.12935975193977356,12.443681716918945,18.41901397705078,0.4186873435974121,-0.0754927471280098,6.026179313659668,6.550161361694336,13.100038528442383,19.656108856201172,1.4901161193847656e-08,-0.008482813835144043,13.817426681518555,18.136980056762695,0.0,-0.00885695219039917,11.110701560974121,18.716672897338867,3.725290298461914e-09,-0.0068662166595458984,11.828088760375977,17.197542190551758,7.450580596923828e-09,-0.007105767726898193
9.100000000000,1092,0.24143455729221366,0.22751759211222322,0.0,2.5985817909240723,2.601998489780548,-0.12935972213745117,12.564095497131348,18.468273162841797,0.4186873435974121,-0.07549314200878143,6.026179313659668,6.550161361694336,13.228424072265625,19.70110511779785,1.4901161193847656e-08,-0.008484065532684326,13.935989379882812,18.17737579345703,0.0,-0.008858084678649902,11.233062744140625,18.774534225463867,3.725290298461914e-09,-0.006867170333862305,11.940629959106445,17.250802993774414,7.450580596923828e-09,-0.007106602191925049
9.150000000000,1098,0.24143455729221366,0.22751759211222322,0.0,2.5985820293426514,2.601998617330168,-0.12935981154441833,12.684823989868164,18.516754150390625,0.4186873435974121,-0.07549386471509933,6.026179313659668,6.550161361694336,13.357098579406738,19.745271682739258,0.0,-0.008483350276947021,14.054811477661133,18.217004776000977,1.4901161193847656e-08,-0.008857548236846924,11.355796813964844,18.831602096557617,3.725290298461914e-09,-0.0068666934967041016,12.053511619567871,17.303335189819336,7.450580596923828e-09,-0.007106184959411621
9.200000000000,1104,0.24143455729221366,0.22751759211222322,0.0,2.5985817909240723,2.6019984910956597,-0.12935981154441833,12.805865287780762,18.564456939697266,0.4186873435974121,-0.07549365609884262,6.026179313659668,6.550161361694336,13.486056327819824,19.78860855102539,0.0,-0.00848388671875,14.17388916015625,18.25586700439453,0.0,-0.008858025074005127,11.478898048400879,18.887876510620117,3.725290298461914e-09,-0.0068672895431518555,12.166730880737305,17.35513687133789,7.450580596923828e-09,-0.0071067214012146
9.250000000000,1110,0.24143455729221366,0.2275181643168131,0.0,2.598580837249756,2.601997446931565,-0.12935985624790192,12.927209854125977,18.61137580871582,0.4186873435974121,-0.07549379020929337,6.026179313659668,6.550161361694336,13.615290641784668,19.83111000061035,0.0,-0.008483409881591797,14.293211936950684,18.293960571289062,1.4901161193847656e-08,-0.008857548236846924,11.6023588180542,18.943357467651367,3.725290298461914e-09,-0.006866812705993652,12.280281066894531,17.406208038330078,7.450580596923828e-09,-0.007106482982635498
9.300000000000,1116,0.24143455729221366,0.22751859347025546,0.0,2.5985801219940186,2.601996795020573,-0.12935975193977356,13.04885482788086,18.65751075744629,0.4186873435974121,-0.07549475133419037,6.026179313659668,6.550161361694336,13.744795799255371,19.87277603149414,0.0,-0.008483827114105225,14.412779808044434,18.331281661987305,1.4901161193847656e-08,-0.0088578462600708,11.726175308227539,18.998037338256836,3.725290298461914e-09,-0.006867170333862305,12.394158363342285,17.45654296875,2.2351741790771484e-08,-0.007106900215148926
9.350000000000,1122,0.24143455729221366,0.22751873652140292,0.0,2.5985798835754395,2.6019966962502714,-0.12935976684093475,13.170794486999512,18.702857971191406,0.4186873435974121,-0.07549593597650528,6.026179313659668,6.550161361694336,13.874566078186035,19.913604736328125,0.0,-0.008483171463012695,14.532585144042969,18.367830276489258,1.4901161193847656e-08,-0.008857250213623047,11.850339889526367,19.051916122436523,3.725290298461914e-09,-0.006866633892059326,12.508358001708984,17.506141662597656,2.2351741790771484e-08,-0.00710606575012207
9.400000000000,1128,0.24143455729221366,0.22751859347025546,0.0,2.5985798835754395,2.601996611924314,-0.12935981154441833,13.293025016784668,18.747417449951172,0.4186873435974121,-0.07549615949392319,6.026179313659668,6.550161361694336,14.00460147857666,19.953596115112305,0.0,-0.00848388671875,14.65262508392334,18.403606414794922,1.4901161193847656e-08,-0.0088578462600708,11.974853515625,19.104995727539062,3.725290298461914e-09,-0.006867527961730957,12.62287712097168,17.555004119873047,2.2351741790771484e-08,-0.007107198238372803
9.450000000000,1134,0.24143455729221366,0.2275188795725504,0.0,2.5985796451568604,2.601996415318208,-0.12935976684093475,13.415541648864746,18.791187286376953,0.4186873435974121,-0.07549633830785751,6.026179313659668,6.550161361694336,14.134889602661133,19.992746353149414,0.0,-0.00848388671875,14.772892951965332,18.43860626220703,1.4901161193847656e-08,-0.008857965469360352,12.09970474243164,19.157268524169922,-1.1175870895385742e-08,-0.006867706775665283,12.737709045410156,17.603126525878906,2.2351741790771484e-08,-0.007107138633728027
9.500000000000,1140,0.24143455729221366,0.22751902262369783,0.0,2.598579168319702,2.6019959603754446,-0.12935978174209595,13.538336753845215,18.834165573120117,0.4186873435974121,-0.07549580931663513,6.026179313659668,6.550161361694336,14.265426635742188,20.031057357788086,0.0,-0.00848299264907837,14.893383979797363,18.472827911376953,1.4901161193847656e-08,-0.00885695219039917,12.224891662597656,19.2087345123291,3.725290298461914e-09,-0.006866514682769775,12.852849006652832,17.65050506591797,2.2351741790771484e-08,-0.007106006145477295
9.550000000000,1146,0.24143455729221366,0.2275188795725504,0.0,2.5985798835754395,2.601996615784664,-0.12935978174209595,13.661406517028809,18.87635040283203,0.4186873435974121,-0.07549573481082916,6.026179313659668,6.550161361694336,14.396207809448242,20.068523406982422,0.0,-0.008483052253723145,15.014092445373535,18.50627326965332,1.4901161193847656e-08,-0.00885695219039917,12.350407600402832,19.259389877319336,3.725290298461914e-09,-0.006866335868835449,12.968290328979492,17.697141647338867,2.2351741790771484e-08,-0.007105886936187744
9.600000000000,1152,0.24143455729221366,0.22751859347025546,0.0,2.5985803604125977,2.6019971935787476,-0.12935982644557953,13.784747123718262,18.917739868164062,0.4186873435974121,-0.07549463957548141,6.026179313659668,6.550161361694336,14.527230262756348,20.10514259338379,0.0,-0.00848299264907837,15.135015487670898,18.5389347076416,1.4901161193847656e-08,-0.008857011795043945,12.476247787475586,19.309234619140625,3.725290298461914e-09,-0.006866455078125,13.084033012390137,17.74302864074707,7.450580596923828e-09,-0.007105886936187744
9.650000000000,1158,0.24143455729221366,0.22751830736796053,0.0,2.5985803604125977,2.6019971451105532,-0.12935981154441833,13.90835189819336,18.958332061767578,0.4186873435974121,-0.0754936933517456,6.026179313659668,6.550161361694336,14.658485412597656,20.14091682434082,1.4901161193847656e-08,-0.008482933044433594,15.256146430969238,18.570817947387695,1.4901161193847656e-08,-0.008857309818267822,12.60240650177002,19.358266830444336,3.725290298461914e-09,-0.006866574287414551,13.200067520141602,17.78816795349121,7.450580596923828e-09,-0.007106304168701172
9.700000000000,1164,0.24143455729221366,0.227518450419108,0.0,2.5985803604125977,2.601997130452948,-0.12935978174209595,14.032217025756836,18.998125076293945,0.4186873435974121,-0.07549354434013367,6.026179313659668,6.550161361694336,14.789969444274902,20.17584228515625,1.4901161193847656e-08,-0.008482873439788818,15.377481460571289,18.601919174194336,1.4901161193847656e-08,-0.00885707139968872,12.728880882263184,19.406482696533203,3.725290298461914e-09,-0.006866574287414551,13.31639289855957,17.83255958557129,7.450580596923828e-09,-0.007106006145477295
9.750000000000,1170,0.24143455729221366,0.227518450419108,0.0,2.5985803604125977,2.6019970800664987,-0.12935973703861237,14.156335830688477,19.03711700439453,0.4186873435974121,-0.07549368590116501,6.026179313659668,6.550161361694336,14.921677589416504,20.209917068481445,1.4901161193847656e-08,-0.008482873439788818,15.499014854431152,18.632234573364258,1.4901161193847656e-08,-0.008857190608978271,12.855664253234863,19.453880310058594,3.725290298461914e-09,-0.006866455078125,13.433002471923828,17.876195907592773,7.450580596923828e-09,-0.00710606575012207
9.800000000000,1176,0.24143455729221366,0.22751787821451816,0.0,2.598581314086914,2.6019979060742844,-0.12935981154441833,14.280704498291016,19.075307846069336,0.4186873435974121,-0.07549287378787994,6.026179313659668,6.550161361694336,15.053600311279297,20.24314308166504,1.4901161193847656e-08,-0.00848245620727539,15.620741844177246,18.66176414489746,0.0,-0.008856594562530518,12.982749938964844,19.500459671020508,3.725290298461914e-09,-0.0068659186363220215,13.549890518188477,17.91908073425293,7.450580596923828e-09,-0.007105529308319092
9.850000000000,1182,0.24143455729221366,0.2275174490610758,0.0,2.5985820293426514,2.6019988610577336,-0.12935985624790192,14.405316352844238,19.112695693969727,0.4186873435974121,-0.07549278438091278,6.026179313659668,6.550161361694336,15.185736656188965,20.275514602661133,1.4901161193847656e-08,-0.008483648300170898,15.742654800415039,18.690507888793945,0.0,-0.008857786655426025,13.110133171081543,19.546218872070312,3.725290298461914e-09,-0.006867170333862305,13.667052268981934,17.961212158203125,7.450580596923828e-09,-0.0071067214012146
9.900000000000,1188,0.24143455729221366,0.22751759211222322,0.0,2.5985817909240723,2.6019986237793815,-0.12935981154441833,14.530167579650879,19.149276733398438,0.4186873435974121,-0.07549449801445007,6.026179313659668,6.550161361694336,15.318079948425293,20.30703353881836,0.0,-0.008483171463012695,15.864753723144531,18.718463897705078,-2.9802322387695312e-08,-0.008857250213623047,13.237812042236328,19.59115219116211,3.725290298461914e-09,-0.006866633892059326,13.78448486328125,18.00258445739746,2.2351741790771484e-08,-0.0071062445640563965
9.950000000000,1194,0.24143455729221366,0.22751759211222322,0.0,2.5985817909240723,2.60199860182456,-0.12935984134674072,14.655251502990723,19.18505096435547,0.4186873435974121,-0.07549560070037842,6.026179313659668,6.550161361694336,15.45062255859375,20.337697982788086,0.0,-0.008483469486236572,15.987028121948242,18.74563217163086,1.4901161193847656e-08,-0.008857548236846924,13.365776062011719,19.63526153564453,3.725290298461914e-09,-0.006867170333862305,13.902180671691895,18.043197631835938,2.2351741790771484e-08,-0.0071067214012146
10.000000000000,1200,0.24143455729221366,0.22751787821451816,0.0,2.598581552505493,2.6019980601937776,-0.12935984134674072,14.780564308166504,19.22001838684082,0.4186873435974121,-0.0754966139793396,6.026179313659668,6.550161361694336,15.58336067199707,20.367504119873047,0.0,-0.008483648300170898,16.109474182128906,18.772008895874023,1.4901161193847656e-08,-0.008857905864715576,13.494022369384766,19.678546905517578,-1.1175870895385742e-08,-0.006867051124572754,14.020136833190918,18.083049774169922,2.2351741790771484e-08,-0.007106781005859375
10.050000000000,1206,0.24143455729221366,0.22751787821451816,0.0,2.598581552505493,2.60199822366443,-0.12935976684093475,14.906100273132324,19.254175186157227,0.4186873435974121,-0.07549732178449631,6.026179313659668,6.550161361694336,15.716287612915039,20.396453857421875,2.9802322387695312e-08,-0.008482873439788818,16.232091903686523,18.797595977783203,1.4901161193847656e-08,-0.008857160806655884,13.622544288635254,19.72100067138672,-1.1175870895385742e-08,-0.006866335868835449,14.138347625732422,18.122140884399414,2.2351741790771484e-08,-0.0071059465408325195
10.100000000000,1212,0.24143455729221366,0.22751787821451816,0.0,2.598580837249756,2.6019977741659304,-0.12935972213745117,15.031853675842285,19.287521362304688,0.4186873435974121,-0.07549609243869781,6.026179313659668,6.550161361694336,15.84939956665039,20.42454719543457,0.0,-0.008482396602630615,16.354869842529297,18.822389602661133,1.4901161193847656e-08,-0.008856713771820068,13.751338958740234,19.76262092590332,-1.1175870895385742e-08,-0.006865859031677246,14.25680923461914,18.160465240478516,2.2351741790771484e-08,-0.007105469703674316
10.150000000000,1218,0.24143455729221366,0.22751802126566562,0.0,2.598580837249756,2.601997615272884,-0.12935975193977356,15.157818794250488,19.32005500793457,0.4186873435974121,-0.0754953920841217,6.026179313659668,6.550161361694336,15.982687950134277,20.451778411865234,0.0,-0.00848311185836792,16.47780418395996,18.846391677856445,1.4901161193847656e-08,-0.00885722041130066,13.880398750305176,19.80341339111328,3.725290298461914e-09,-0.006866335868835449,14.375514030456543,18.198028564453125,2.2351741790771484e-08,-0.0071059465408325195
10.200000000000,1224,0.24143455729221366,0.2275181643168131,0.0,2.598580837249756,2.6019975360173144,-0.12935979664325714,15.283992767333984,19.351774215698242,0.4186873435974121,-0.07549576461315155,6.026179313659668,6.550161361694336,16.116151809692383,20.4781494140625,0.0,-0.00848376750946045,16.60089111328125,18.869598388671875,1.4901161193847656e-08,-0.008858084678649902,14.009718894958496,19.84337043762207,-1.1175870895385742e-08,-0.006867349147796631,14.494460105895996,18.234821319580078,2.2351741790771484e-08,-0.007106781005859375
10.250000000000,1230,0.24143455729221366,0.2275181643168131,0.0,2.598581314086914,2.601998050502237,-0.12935979664325714,15.410368919372559,19.38267707824707,0.4186873435974121,-0.07549681514501572,6.026179313659668,6.550161361694336,16.24978256225586,20.5036563873291,0.0,-0.008482247591018677,16.7241268157959,18.892011642456055,1.4901161193847656e-08,-0.008856594562530518,14.13929557800293,19.882488250732422,-1.1175870895385742e-08,-0.006865859031677246,14.613641738891602,18.270843505859375,2.2351741790771484e-08,-0.00710529088973999
10.300000000000,1236,0.24143455729221366,0.22751787821451816,0.0,2.598581075668335,2.601997829174497,-0.12935976684093475,15.536941528320312,19.412763595581055,0.4186873435974121,-0.07549677789211273,6.026179313659668,6.550161361694336,16.383575439453125,20.52829933166504,0.0,-0.00848272442817688,16.847505569458008,18.913625717163086,1.4901161193847656e-08,-0.00885695219039917,14.269121170043945,19.9207706451416,-1.1175870895385742e-08,-0.006866395473480225,14.733052253723145,18.30609703063965,2.2351741790771484e-08,-0.007105827331542969
10.350000000000,1242,0.24143455729221366,0.22751802126566562,0.0,2.598581075668335,2.6019979008164715,-0.12935973703861237,15.663704872131348,19.442033767700195,0.4186873435974121,-0.0754966288805008,6.026179313659668,6.550161361694336,16.51752281188965,20.552080154418945,0.0,-0.008482873439788818,16.971019744873047,18.934444427490234,1.4901161193847656e-08,-0.008857101202011108,14.399190902709961,19.95821762084961,-1.1175870895385742e-08,-0.006866335868835449,14.852686882019043,18.340579986572266,2.2351741790771484e-08,-0.0071059465408325195
10.400000000000,1248,0.24143455729221366,0.2275181643168131,0.0,2.598580837249756,2.6019975817081096,-0.12935979664325714,15.790656089782715,19.470483779907227,0.4186873435974121,-0.07549549639225006,6.026179313659668,6.550161361694336,16.651622772216797,20.574993133544922,0.0,-0.008484482765197754,17.09466552734375,18.954463958740234,1.4901161193847656e-08,-0.00885838270187378,14.529500961303711,19.994821548461914,3.725290298461914e-09,-0.006867825984954834,14.97254467010498,18.374292373657227,2.2351741790771484e-08,-0.007107079029083252
10.450000000000,1254,0.24143455729221366,0.227518450419108,0.0,2.5985803604125977,2.601997007659179,-0.12935976684093475,15.9177885055542,19.498109817504883,0.4186873435974121,-0.07549550384283066,6.026179313659668,6.550161361694336,16.785869598388672,20.59703826904297,0.0,-0.008482933044433594,17.218441009521484,18.97368049621582,1.4901161193847656e-08,-0.008856922388076782,14.66004467010498,20.030574798583984,3.725290298461914e-09,-0.006866753101348877,15.092616081237793,18.40721893310547,2.2351741790771484e-08,-0.0071062445640563965
10.500000000000,1260,0.24143455729221366,0.22751802126566562,0.0,2.598581075668335,2.601997745875442,-0.12935976684093475,16.04509735107422,19.524921417236328,0.4186873435974121,-0.07549519091844559,6.026179313659668,6.550161361694336,16.92025375366211,20.618223190307617,0.0,-0.00848299264907837,17.342336654663086,18.992109298706055,1.4901161193847656e-08,-0.008856892585754395,14.790818214416504,20.065500259399414,3.725290298461914e-09,-0.006866157054901123,15.212898254394531,18.43938446044922,2.2351741790771484e-08,-0.0071059465408325195
10.550000000000,1266,0.24143455729221366,0.2275181643168131,0.0,2.598580837249756,2.601997711401528,-0.12935975193977356,16.172574996948242,19.55091094970703,0.4186873435974121,-0.07549422979354858,6.026179313659668,6.550161361694336,17.054771423339844,20.638540267944336,1.4901161193847656e-08,-0.008483439683914185,17.466346740722656,19.009735107421875,1.4901161193847656e-08,-0.008857637643814087,14.921812057495117,20.09957504272461,3.725290298461914e-09,-0.006866753101348877,15.333386421203613,18.470767974853516,7.450580596923828e-09,-0.007106363773345947
10.600000000000,1272,0.24143455729221366,0.2275181643168131,0.0,2.5985805988311768,2.6019974446692418,-0.12935981154441833,16.30021858215332,19.57607650756836,0.4186873435974121,-0.0754934623837471,6.026179313659668,6.550161361694336,17.18941879272461,20.657987594604492,1.4901161193847656e-08,-0.008483350276947021,17.590469360351562,19.02655792236328,1.4901161193847656e-08,-0.008857488632202148,15.053023338317871,20.132802963256836,3.725290298461914e-09,-0.0068669915199279785,15.45407485961914,18.501375198364258,7.450580596923828e-09,-0.007106304168701172
10.650000000000,1278,0.24143455729221366,0.227518450419108,0.0,2.5985803604125977,2.6019970672998776,-0.12935981154441833,16.428020477294922,19.600418090820312,0.4186873435974121,-0.075492724776268,6.026179313659668,6.550161361694336,17.324188232421875,20.676565170288086,1.4901161193847656e-08,-0.008482813835144043,17.714696884155273,19.042583465576172,0.0,-0.008856981992721558,15.184446334838867,20.165185928344727,-2.2351741790771484e-08,-0.006866157054901123,15.574955940246582,18.53120231628418,7.450580596923828e-09,-0.007105767726898193
10.700000000000,1284,0.24143455729221366,0.22751859347025546,0.0,2.5985798835754395,2.601996777769716,-0.12935969233512878,16.555978775024414,19.623933792114258,0.4186873435974121,-0.07549221068620682,6.026179313659668,6.550161361694336,17.459074020385742,20.694271087646484,1.4901161193847656e-08,-0.008483082056045532,17.839027404785156,19.05780029296875,0.0,-0.008857131004333496,15.316076278686523,20.19671630859375,-2.2351741790771484e-08,-0.006866395473480225,15.696029663085938,18.56024169921875,-1.1175870895385742e-08,-0.0071059465408325195
10.750000000000,1290,0.24143455729221366,0.2275188795725504,0.0,2.5985798835754395,2.601996567582809,-0.12935972213745117,16.684083938598633,19.646615982055664,0.4186873435974121,-0.0754929780960083,6.026179313659668,6.550161361694336,17.594070434570312,20.711103439331055,1.4901161193847656e-08,-0.008483022451400757,17.963449478149414,19.07221221923828,0.0,-0.00885722041130066,15.447906494140625,20.227394104003906,3.725290298461914e-09,-0.0068662166595458984,15.817285537719727,18.5885009765625,7.450580596923828e-09,-0.007105886936187744
10.800000000000,1296,0.24143455729221366,0.22751859347025546,0.0,2.5985801219940186,2.601996781304034,-0.12935973703861237,16.81233787536621,19.668474197387695,0.4186873435974121,-0.07549399137496948,6.026179313659668,6.550161361694336,17.729177474975586,20.72706413269043,1.4901161193847656e-08,-0.008484184741973877,18.087970733642578,19.08582305908203,1.4901161193847656e-08,-0.008857756853103638,15.579934120178223,20.257219314575195,3.725290298461914e-09,-0.006867468357086182,15.938725471496582,18.61598014831543,7.450580596923828e-09,-0.0071067214012146
10.850000000000,1302,0.24143455729221366,0.227518450419108,0.0,2.5985805988311768,2.6019972786247147,-0.12935975193977356,16.94072914123535,19.68950653076172,0.4186873435974121,-0.07549529522657394,6.026179313659668,6.550161361694336,17.8643856048584,20.74215316772461,0.0,-0.008484512567520142,18.212574005126953,19.0986270904541,1.4901161193847656e-08,-0.008857980370521545,15.712153434753418,20.286195755004883,3.725290298461914e-09,-0.006867587566375732,16.060338973999023,18.642671585083008,2.2351741790771484e-08,-0.007107198238372803
10.900000000000,1308,0.24143455729221366,0.22751859347025546,0.0,2.5985798835754395,2.6019965733300094,-0.12935981154441833,17.069250106811523,19.709705352783203,0.4186873435974121,-0.07549750804901123,6.026179313659668,6.550161361694336,17.99968147277832,20.75636863708496,2.9802322387695312e-08,-0.008483320474624634,18.337247848510742,19.11063003540039,1.4901161193847656e-08,-0.008857578039169312,15.844552040100098,20.314315795898438,-1.1175870895385742e-08,-0.006866574287414551,16.182117462158203,18.668577194213867,2.2351741790771484e-08,-0.007106304168701172
10.950000000000,1314,0.24143455729221366,0.22751802126566562,0.0,2.598580837249756,2.6019975060052194,-0.12935984134674072,17.197898864746094,19.729076385498047,0.4186873435974121,-0.07549817860126495,6.026179313659668,6.550161361694336,18.13507080078125,20.76970863342285,2.9802322387695312e-08,-0.008483245968818665,18.462005615234375,19.121826171875,1.4901161193847656e-08,-0.008857175707817078,15.977129936218262,20.34157943725586,-1.1175870895385742e-08,-0.006866633892059326,16.304065704345703,18.69369888305664,2.2351741790771484e-08,-0.007105976343154907
11.000000000000,1320,0.24143455729221366,0.22751859347025546,0.0,2.5985798835754395,2.6019966866974755,-0.12935979664325714,17.326671600341797,19.747615814208984,0.4186873435974121,-0.0754980519413948,6.026179313659668,6.550161361694336,18.27054214477539,20.78217887878418,2.9802322387695312e-08,-0.00848419964313507,18.586828231811523,19.132217407226562,1.4901161193847656e-08,-0.008858785033226013,16.109882354736328,20.367992401123047,-1.1175870895385742e-08,-0.006867766380310059,16.426170349121094,18.71803092956543,2.2351741790771484e-08,-0.007107347249984741
11.050000000000,1326,0.24143455729221366,0.22751859347025546,0.0,2.5985801219940186,2.601996840209795,-0.12935979664325714,17.4555606842041,19.765321731567383,0.4186873435974121,-0.0754990503191948,6.026179313659668,6.550161361694336,18.406091690063477,20.793766021728516,2.9802322387695312e-08,-0.008483871817588806,18.71171760559082,19.14179801940918,-1.1175870895385742e-08,-0.00885818898677826,16.242799758911133,20.393539428710938,-1.1175870895385742e-08,-0.006867647171020508,16.548429489135742,18.741573333740234,2.2351741790771484e-08,-0.0071070194244384766
11.100000000000,1332,0.24143455729221366,0.227518450419108,0.0,2.5985803604125977,2.6019970218059556,-0.12935982644557953,17.58456039428711,19.782196044921875,0.4186873435974121,-0.07549984753131866,6.026179313659668,6.550161361694336,18.541711807250977,20.804481506347656,2.9802322387695312e-08,-0.008484825491905212,18.836666107177734,19.150575637817383,-1.1175870895385742e-08,-0.008858874440193176,16.375883102416992,20.418230056762695,-1.1175870895385742e-08,-0.006868213415145874,16.670839309692383,18.764326095581055,2.2351741790771484e-08,-0.007107645273208618
11.150000000000,1338,0.24143455729221366,0.22751859347025546,0.0,2.5985803604125977,2.601997021417056,-0.12935981154441833,17.713666915893555,19.79823875427246,0.4186873435974121,-0.07550124824047089,6.026179313659668,6.550161361694336,18.677398681640625,20.81432342529297,2.9802322387695312e-08,-0.008483558893203735,18.961669921875,19.158546447753906,7.450580596923828e-09,-0.00885765254497528,16.50912094116211,20.44206428527832,-2.60770320892334e-08,-0.006867140531539917,16.793394088745117,18.786287307739258,3.725290298461914e-08,-0.007106482982635498
11.200000000000,1344,0.24143455729221366,0.22751873652140292,0.0,2.5985796451568604,2.601996435836856,-0.12935973703861237,17.84287452697754,19.813446044921875,0.4186873435974121,-0.07550101727247238,6.026179313659668,6.550161361694336,18.813146591186523,20.823287963867188,2.9802322387695312e-08,-0.008483022451400757,19.086721420288086,19.16571044921875,-1.1175870895385742e-08,-0.008857324719429016,16.64251136779785,20.46503448486328,-2.60770320892334e-08,-0.006866484880447388,16.916086196899414,18.807458877563477,2.2351741790771484e-08,-0.007106214761734009
11.250000000000,1350,0.24143455729221366,0.22751873652140292,0.0,2.5985798835754395,2.601996494297496,-0.12935973703861237,17.972177505493164,19.82781982421875,0.4186873435974121,-0.075498566031456,6.026179313659668,6.550161361694336,18.94894790649414,20.831377029418945,2.9802322387695312e-08,-0.008484214544296265,19.211816787719727,19.172067642211914,1.4901161193847656e-08,-0.008858203887939453,16.776046752929688,20.487146377563477,-1.1175870895385742e-08,-0.006867349147796631,17.03891372680664,18.827836990356445,2.2351741790771484e-08,-0.007107049226760864
11.300000000000,1356,0.24143455729221366,0.2275188795725504,0.0,2.5985794067382812,2.601996344401898,-0.12935978174209595,18.10157012939453,19.841358184814453,0.4186873435974121,-0.0754980593919754,6.026179313659668,6.550161361694336,19.084800720214844,20.838584899902344,2.9802322387695312e-08,-0.008483722805976868,19.33694839477539,19.177616119384766,1.4901161193847656e-08,-0.008857980370521545,16.90972137451172,20.508392333984375,-1.1175870895385742e-08,-0.006867140531539917,17.161869049072266,18.84741973876953,2.2351741790771484e-08,-0.007106989622116089
11.350000000000,1362,0.24143455729221366,0.22751859347025546,0.0,2.5985798835754395,2.601996603598591,-0.12935972213745117,18.231048583984375,19.854061126708984,0.4186873435974121,-0.07549769431352615,6.026179313659668,6.550161361694336,19.2206974029541,20.844921112060547,0.0,-0.008484192192554474,19.46211814880371,19.182355880737305,1.4901161193847656e-08,-0.00885840505361557,17.043529510498047,20.528776168823242,-1.1175870895385742e-08,-0.0068676769733428955,17.28495216369629,18.8662109375,2.2351741790771484e-08,-0.007106900215148926
11.400000000000,1368,0.24143455729221366,0.2275188795725504,0.0,2.5985798835754395,2.601996544828436,-0.12935975193977356,18.360605239868164,19.86592674255371,0.4186873435974121,-0.07549841701984406,6.026179313659668,6.550161361694336,19.356630325317383,20.850374221801758,0.0,-0.008483551442623138,19.587310791015625,19.18628692626953,-1.1175870895385742e-08,-0.00885780155658722,17.17746925354004,20.548294067382812,-1.1175870895385742e-08,-0.006867051124572754,17.40814971923828,18.884206771850586,2.2351741790771484e-08,-0.007106572389602661
11.450000000000,1374,0.24143455729221366,0.22751873652140292,0.0,2.5985798835754395,2.601996589946644,-0.12935970723628998,18.490238189697266,19.876955032348633,0.4186873435974121,-0.07549894601106644,6.026179313659668,6.550161361694336,19.492597579956055,20.85495376586914,0.0,-0.00848449021577835,19.7125301361084,19.189409255981445,-1.1175870895385742e-08,-0.008858580142259598,17.31153106689453,20.56694793701172,-1.1175870895385742e-08,-0.006867825984954834,17.531461715698242,18.901403427124023,2.2351741790771484e-08,-0.007107466459274292
11.500000000000,1380,0.24143455729221366,0.2275188795725504,0.0,2.5985794067382812,2.6019962261011256,-0.12935973703861237,18.61993980407715,19.887147903442383,0.4186873435974121,-0.07549957931041718,6.026179313659668,6.550161361694336,19.62859535217285,20.858654022216797,2.9802322387695312e-08,-0.008483301848173141,19.8377685546875,19.19172477722168,7.450580596923828e-09,-0.008857326582074165,17.44571304321289,20.58473777770996,-2.60770320892334e-08,-0.006866812705993652,17.654888153076172,18.917810440063477,2.2351741790771484e-08,-0.007106214761734009
11.550000000000,1386,0.24143455729221366,0.22751859347025546,0.0,2.5985798835754395,2.601996809019512,-0.12935973703861237,18.74970245361328,19.896503448486328,0.4186873435974121,-0.07549896091222763,6.026179313659668,6.550161361694336,19.764606475830078,20.861478805541992,0.0,-0.00848277285695076,19.963016510009766,19.193233489990234,-1.1175870895385742e-08,-0.008856592699885368,17.58000373840332,20.601661682128906,-1.1175870895385742e-08,-0.006865859031677246,17.778411865234375,18.93341636657715,2.2351741790771484e-08,-0.007105380296707153
11.600000000000,1392,0.24143455729221366,0.22751859347025546,0.0,2.5985801219940186,2.601996654251192,-0.12935978174209595,18.87952423095703,19.90502166748047,0.4186873435974121,-0.07549688220024109,6.026179313659668,6.550161361694336,19.900638580322266,20.863422393798828,0.0,-0.008484475314617157,20.088272094726562,19.193931579589844,1.4901161193847656e-08,-0.008858508430421352,17.714401245117188,20.61771583557129,-1.1175870895385742e-08,-0.006868034601211548,17.902036666870117,18.94822120666504,2.2351741790771484e-08,-0.007107257843017578
11.650000000000,1398,0.24143455729221366,0.2275181643168131,0.0,2.598580837249756,2.6019974536300303,-0.12935979664325714,19.009397506713867,19.91269874572754,0.4186873435974121,-0.07549596577882767,6.026179313659668,6.550161361694336,20.036678314208984,20.86448860168457,1.4901161193847656e-08,-0.008483130484819412,20.213529586791992,19.19382095336914,1.4901161193847656e-08,-0.00885710958391428,17.848901748657227,20.63290023803711,-1.1175870895385742e-08,-0.006866425275802612,18.025753021240234,18.962228775024414,7.450580596923828e-09,-0.007105976343154907
11.700000000000,1404,0.24143455729221366,0.2275181643168131,0.0,2.598580837249756,2.6019975710645853,-0.12935976684093475,19.139318466186523,19.919538497924805,0.4186873435974121,-0.07549510151147842,6.026179313659668,6.550161361694336,20.1727237701416,20.864675521850586,1.4901161193847656e-08,-0.00848311185836792,20.33878517150879,19.192903518676758,1.4901161193847656e-08,-0.00885704718530178,17.983497619628906,20.647214889526367,-1.1175870895385742e-08,-0.006866335868835449,18.149559020996094,18.97544288635254,7.450580596923828e-09,-0.0071057528257369995
11.750000000000,1410,0.24143455729221366,0.227518450419108,0.0,2.5985803604125977,2.6019970778727606,-0.12935976684093475,19.26927947998047,19.925539016723633,0.4186873435974121,-0.07549475878477097,6.026179313659668,6.550161361694336,20.308761596679688,20.863985061645508,1.4901161193847656e-08,-0.008484579622745514,20.464027404785156,19.191173553466797,1.4901161193847656e-08,-0.008858170360326767,18.11817741394043,20.660663604736328,3.725290298461914e-09,-0.006867855787277222,18.273441314697266,18.98785400390625,7.450580596923828e-09,-0.00710730254650116
11.800000000000,1416,0.24143455729221366,0.22751859347025546,0.0,2.5985803604125977,2.6019969310347695,-0.12935970723628998,19.39927864074707,19.930700302124023,0.4186873435974121,-0.07549456506967545,6.026179313659668,6.550161361694336,20.444799423217773,20.86241340637207,0.0,-0.008483696728944778,20.58926010131836,19.188634872436523,1.4901161193847656e-08,-0.00885751098394394,18.252948760986328,20.673240661621094,3.725290298461914e-09,-0.0068667978048324585,18.397409439086914,18.999462127685547,7.450580596923828e-09,-0.007106289267539978
11.850000000000,1422,0.24143455729221366,0.22751859347025546,0.0,2.5985796451568604,2.601996248338674,-0.12935970723628998,19.529306411743164,19.935022354125977,0.4186873435974121,-0.07549450546503067,6.026179313659668,6.550161361694336,20.580821990966797,20.859968185424805,1.4901161193847656e-08,-0.008484069257974625,20.714473724365234,19.18528938293457,1.4901161193847656e-08,-0.008858159184455872,18.387792587280273,20.684947967529297,3.725290298461914e-09,-0.00686781108379364,18.52144432067871,19.010271072387695,7.450580596923828e-09,-0.007107257843017578
11.900000000000,1428,0.24143455729221366,0.22751902262369783,0.0,2.598578929901123,2.601995711246565,-0.12935969233512878,19.659358978271484,19.938505172729492,0.4186873435974121,-0.07549426704645157,6.026179313659668,6.550161361694336,20.716825485229492,20.85664176940918,1.4901161193847656e-08,-0.008482813835144043,20.83966064453125,19.18113899230957,1.4901161193847656e-08,-0.008857131004333496,18.5227108001709,20.695785522460938,3.725290298461914e-09,-0.00686664879322052,18.645549774169922,19.020280838012695,7.450580596923828e-09,-0.007105931639671326
11.950000000000,1434,0.24143455729221366,0.22751873652140292,0.0,2.5985798835754395,2.6019967849968926,-0.12935975193977356,19.789432525634766,19.94114875793457,0.4186873435974121,-0.07549501955509186,6.026179313659668,6.550161361694336,20.852802276611328,20.852439880371094,0.0,-0.008483156561851501,20.964820861816406,19.176176071166992,1.4901161193847656e-08,-0.008856967091560364,18.657697677612305,20.705751419067383,3.725290298461914e-09,-0.006866529583930969,18.769716262817383,19.029489517211914,2.2351741790771484e-08,-0.007105827331542969
12.000000000000,1440,0.24143455729221366,0.22751916567484531,0.0,2.598578929901123,2.6019956891393465,-0.1293596625328064,19.919519424438477,19.942951202392578,0.4186873435974121,-0.07549574226140976,6.026179313659668,6.550161361694336,20.988750457763672,20.84735870361328,0.0,-0.008483685553073883,21.089942932128906,19.170408248901367,1.4901161193847656e-08,-0.00885782390832901,18.79274559020996,20.714847564697266,-1.1175870895385742e-08,-0.006867051124572754,18.893938064575195,19.03789520263672,2.2351741790771484e-08,-0.0071065425872802734
