time_s,tick,input.steering,input.throttle,input.brake,state.position.0,state.position.1,state.position.2,state.heading,state.speed,state.pitch,state.roll,state.surface,state.steering,state.throttle,state.brake,state.rpm,state.gear,state.acceleration,state.lateral_acceleration,state.dynamics.aerodynamic_force,state.dynamics.rolling_force,state.dynamics.grade_force,state.dynamics.front_load,state.dynamics.rear_load,state.dynamics.yaw_rate,state.dynamics.sideslip,state.dynamics.traction_limited,state.dynamics.road_grade,state.active,state.generation,state.signal,state.velocity.0,state.velocity.1,state.velocity.2,state.hazards,state.wheel_contacts.0.in_contact,state.wheel_contacts.0.contact_point.0,state.wheel_contacts.0.contact_point.1,state.wheel_contacts.0.contact_point.2,state.wheel_contacts.0.contact_normal.0,state.wheel_contacts.0.contact_normal.1,state.wheel_contacts.0.contact_normal.2,state.wheel_contacts.0.suspension_force,state.wheel_contacts.0.normal_load,state.wheel_contacts.0.suspension_length,state.wheel_contacts.0.compression,state.wheel_contacts.0.skid,state.wheel_contacts.0.surface,state.wheel_contacts.1.in_contact,state.wheel_contacts.1.contact_point.0,state.wheel_contacts.1.contact_point.1,state.wheel_contacts.1.contact_point.2,state.wheel_contacts.1.contact_normal.0,state.wheel_contacts.1.contact_normal.1,state.wheel_contacts.1.contact_normal.2,state.wheel_contacts.1.suspension_force,state.wheel_contacts.1.normal_load,state.wheel_contacts.1.suspension_length,state.wheel_contacts.1.compression,state.wheel_contacts.1.skid,state.wheel_contacts.1.surface,state.wheel_contacts.2.in_contact,state.wheel_contacts.2.contact_point.0,state.wheel_contacts.2.contact_point.1,state.wheel_contacts.2.contact_point.2,state.wheel_contacts.2.contact_normal.0,state.wheel_contacts.2.contact_normal.1,state.wheel_contacts.2.contact_normal.2,state.wheel_contacts.2.suspension_force,state.wheel_contacts.2.normal_load,state.wheel_contacts.2.suspension_length,state.wheel_contacts.2.compression,state.wheel_contacts.2.skid,state.wheel_contacts.2.surface,state.wheel_contacts.3.in_contact,state.wheel_contacts.3.contact_point.0,state.wheel_contacts.3.contact_point.1,state.wheel_contacts.3.contact_point.2,state.wheel_contacts.3.contact_normal.0,state.wheel_contacts.3.contact_normal.1,state.wheel_contacts.3.contact_normal.2,state.wheel_contacts.3.suspension_force,state.wheel_contacts.3.normal_load,state.wheel_contacts.3.suspension_length,state.wheel_contacts.3.compression,state.wheel_contacts.3.skid,state.wheel_contacts.3.surface,state.contact_tick,state.wheel_dynamics.0.omega,state.wheel_dynamics.0.rotation,state.wheel_dynamics.0.relative_omega,state.wheel_dynamics.0.longitudinal_speed,state.wheel_dynamics.0.lateral_speed,state.wheel_dynamics.0.kappa,state.wheel_dynamics.0.alpha,state.wheel_dynamics.0.fx,state.wheel_dynamics.0.fy,state.wheel_dynamics.0.drive_torque,state.wheel_dynamics.0.brake_capacity,state.wheel_dynamics.0.brake_torque,state.wheel_dynamics.0.normal_load,state.wheel_dynamics.0.road_support,state.wheel_dynamics.0.steering,state.wheel_dynamics.0.force_contact_tick,state.wheel_dynamics.0.force_residual,state.wheel_dynamics.0.force_kappa,state.wheel_dynamics.0.force_alpha,state.wheel_dynamics.0.sample_support,state.wheel_dynamics.0.sample_tick,state.wheel_dynamics.0.force_mode,state.wheel_dynamics.0.longitudinal_impulse,state.wheel_dynamics.0.lateral_impulse,state.wheel_dynamics.0.brake_angular_impulse,state.wheel_dynamics.1.omega,state.wheel_dynamics.1.rotation,state.wheel_dynamics.1.relative_omega,state.wheel_dynamics.1.longitudinal_speed,state.wheel_dynamics.1.lateral_speed,state.wheel_dynamics.1.kappa,state.wheel_dynamics.1.alpha,state.wheel_dynamics.1.fx,state.wheel_dynamics.1.fy,state.wheel_dynamics.1.drive_torque,state.wheel_dynamics.1.brake_capacity,state.wheel_dynamics.1.brake_torque,state.wheel_dynamics.1.normal_load,state.wheel_dynamics.1.road_support,state.wheel_dynamics.1.steering,state.wheel_dynamics.1.force_contact_tick,state.wheel_dynamics.1.force_residual,state.wheel_dynamics.1.force_kappa,state.wheel_dynamics.1.force_alpha,state.wheel_dynamics.1.sample_support,state.wheel_dynamics.1.sample_tick,state.wheel_dynamics.1.force_mode,state.wheel_dynamics.1.longitudinal_impulse,state.wheel_dynamics.1.lateral_impulse,state.wheel_dynamics.1.brake_angular_impulse,state.wheel_dynamics.2.omega,state.wheel_dynamics.2.rotation,state.wheel_dynamics.2.relative_omega,state.wheel_dynamics.2.longitudinal_speed,state.wheel_dynamics.2.lateral_speed,state.wheel_dynamics.2.kappa,state.wheel_dynamics.2.alpha,state.wheel_dynamics.2.fx,state.wheel_dynamics.2.fy,state.wheel_dynamics.2.drive_torque,state.wheel_dynamics.2.brake_capacity,state.wheel_dynamics.2.brake_torque,state.wheel_dynamics.2.normal_load,state.wheel_dynamics.2.road_support,state.wheel_dynamics.2.steering,state.wheel_dynamics.2.force_contact_tick,state.wheel_dynamics.2.force_residual,state.wheel_dynamics.2.force_kappa,state.wheel_dynamics.2.force_alpha,state.wheel_dynamics.2.sample_support,state.wheel_dynamics.2.sample_tick,state.wheel_dynamics.2.force_mode,state.wheel_dynamics.2.longitudinal_impulse,state.wheel_dynamics.2.lateral_impulse,state.wheel_dynamics.2.brake_angular_impulse,state.wheel_dynamics.3.omega,state.wheel_dynamics.3.rotation,state.wheel_dynamics.3.relative_omega,state.wheel_dynamics.3.longitudinal_speed,state.wheel_dynamics.3.lateral_speed,state.wheel_dynamics.3.kappa,state.wheel_dynamics.3.alpha,state.wheel_dynamics.3.fx,state.wheel_dynamics.3.fy,state.wheel_dynamics.3.drive_torque,state.wheel_dynamics.3.brake_capacity,state.wheel_dynamics.3.brake_torque,state.wheel_dynamics.3.normal_load,state.wheel_dynamics.3.road_support,state.wheel_dynamics.3.steering,state.wheel_dynamics.3.force_contact_tick,state.wheel_dynamics.3.force_residual,state.wheel_dynamics.3.force_kappa,state.wheel_dynamics.3.force_alpha,state.wheel_dynamics.3.sample_support,state.wheel_dynamics.3.sample_tick,state.wheel_dynamics.3.force_mode,state.wheel_dynamics.3.longitudinal_impulse,state.wheel_dynamics.3.lateral_impulse,state.wheel_dynamics.3.brake_angular_impulse,wheel0.position.0,wheel0.position.1,wheel0.position.2,wheel0.orientation.0,wheel0.orientation.1,wheel0.orientation.2,wheel0.orientation.3,wheel1.position.0,wheel1.position.1,wheel1.position.2,wheel1.orientation.0,wheel1.orientation.1,wheel1.orientation.2,wheel1.orientation.3,wheel2.position.0,wheel2.position.1,wheel2.position.2,wheel2.orientation.0,wheel2.orientation.1,wheel2.orientation.2,wheel2.orientation.3,wheel3.position.0,wheel3.position.1,wheel3.position.2,wheel3.orientation.0,wheel3.orientation.1,wheel3.orientation.2,wheel3.orientation.3
0.050000000000,6,0.0,0.0,0.0,1.9427650599368462e-08,0.5552052855491638,0.4160292446613312,6.660406484115811e-07,11.098942756652832,-0.001148063805885613,-6.24327356035792e-07,asphalt,0.0,0.0,0.0,1504.5122975373529,2,-0.24572308361530304,2.169537310692249e-06,51.75743392629199,176.8805049853466,-0.0,5899.531231702829,5872.468768297171,4.365965651231818e-07,2.7313411439163154e-06,False,-0.0,True,0,0,4.579514722991007e-07,11.098942756652832,0.061275072395801544,False,True,-0.8399999141693115,1.6551969051361084,0.0,0.0,0.0,1.0,3223.849609375,3223.849609375,0.33600714802742004,0.06399285793304443,0.0,asphalt,True,0.8399999737739563,1.6551969051361084,-2.60770320892334e-08,0.0,0.0,1.0,3223.845947265625,3223.845947265625,0.3360072076320648,0.06399279832839966,0.0,asphalt,True,-0.8399999737739563,-0.5448030829429626,2.9802322387695312e-08,0.0,0.0,1.0,3214.587890625,3214.587890625,0.33605125546455383,0.06394875049591064,0.0,asphalt,True,0.8399999737739563,-0.5448030829429626,2.9802322387695312e-08,0.0,0.0,1.0,3214.586669921875,3214.586669921875,0.33605125546455383,0.06394875049591064,0.0,asphalt,246,33.634599092843956,1.68255139642689,33.63407198848111,11.098896980285645,1.324071376984648e-07,4.69164056380184e-05,1.1929756437387629e-08,3.162437951287117,-0.0005842810312967659,0.0,0.0,-0.0,3257.469482421875,True,0.0,245,5.711655270895061e-06,4.761897058698075e-05,1.0557873296906861e-08,True,246,magic-formula,0.033865584931977624,-0.0001733926980746557,0.0,33.634594610565635,1.6825517329888995,33.63406750620279,11.098897933959961,1.324071376984648e-07,4.669720631568992e-05,1.1929755412321682e-08,3.1929169155851946,0.025905476544904948,0.0,0.0,-0.0,3257.4677734375,True,0.0,245,5.958916903452178e-06,4.807793558232644e-05,-4.680927276950175e-07,True,246,magic-formula,0.033863878736571464,0.00010927849501335793,0.0,33.61345385000557,1.6815526270370749,33.612926745642724,11.098896980285645,1.0911342087638332e-06,-0.0005817884241357659,9.831014835996324e-08,-38.361525007032085,-0.004767715630313949,0.0,13.652999999999999,13.652999999999999,3249.525146484375,True,0.0,245,6.493840250038547e-10,-0.0005790717917966015,8.636308281728291e-08,True,246,magic-formula,-0.3096338775695331,-0.0012460876568751232,0.11377499999999999,33.61357398608573,1.681553055718634,33.61304688172289,11.098897933959961,1.0911342087638332e-06,-0.000578302331444104,9.831013991265035e-08,-38.64883065664974,0.31586204661868267,0.0,13.652999999999999,13.652999999999999,3249.520751953125,True,0.0,245,6.901507234229599e-10,-0.0005834098476367215,-5.721581492518995e-06,True,246,magic-formula,-0.30962956969199573,0.0013318964375701645,0.11377499999999999,-0.8399999737739563,1.6552035808563232,0.33000001311302185,0.6665049195289612,-0.7455006837844849,-7.964462866993927e-09,-1.8769977239152524e-10,0.8399999737739563,1.6552035808563232,0.33000001311302185,0.6665047407150269,-0.7455007433891296,-7.964462866993927e-09,-1.87701812426333e-10,-0.8399999737739563,-0.5447964668273926,0.33000001311302185,0.6668770909309387,-0.7451676726341248,-7.964556125727995e-09,-1.8372267596156178e-10,0.8399999737739563,-0.5447964668273926,0.33000001311302185,0.6668769717216492,-0.7451677918434143,-7.964556125727995e-09,-1.8372403598476694e-10
0.100000000000,12,0.0,0.0,0.0,4.2736488126138283e-08,1.1097995042800903,0.4157203435897827,2.433038844174007e-06,11.08688735961914,-0.0032943268306553364,-5.548374701902503e-07,asphalt,0.0,0.0,0.0,1869.9903412078752,2,-0.23851914703845978,-2.474411076036631e-06,51.644520775998245,167.5957980270982,-0.0,5911.417953099515,5860.582046900485,7.21309788787039e-07,4.46340647892468e-06,False,-0.0,True,0,0,4.3801856008940376e-07,11.08688735961914,0.09095743298530579,False,True,-0.8399999737739563,2.209775924682617,3.3527612686157227e-08,0.0,0.0,1.0,3075.2734375,3075.2734375,0.3356570303440094,0.06434297561645508,0.0,asphalt,True,0.8399999737739563,2.209775924682617,3.3527612686157227e-08,0.0,0.0,1.0,3075.273681640625,3075.273681640625,0.3356570303440094,0.06434297561645508,0.0,asphalt,True,-0.8399998545646667,0.009775623679161072,-1.862645149230957e-08,0.0,0.0,1.0,3064.184814453125,3064.184814453125,0.33578357100486755,0.06421643495559692,0.0,asphalt,True,0.8400000929832458,0.009775623679161072,-1.862645149230957e-08,0.0,0.0,1.0,3064.18505859375,3064.18505859375,0.33578357100486755,0.06421643495559692,0.0,asphalt,252,33.59808146893896,3.363237927953204,33.59736022945411,11.086825370788574,9.827121516536863e-08,4.884301350225296e-05,8.86378308296371e-09,3.1254219615251047,-0.00011856376960662552,0.0,0.0,-0.0,3087.754150390625,True,0.0,251,5.478429687662542e-06,4.964829331509912e-05,2.260474515960161e-09,True,252,magic-formula,0.03285869082378544,-0.0001549515620217964,0.0,33.59807942988623,3.363238700297574,33.59735819040139,11.08682632446289,9.827127200878749e-08,4.869629808990108e-05,8.863787447626344e-09,3.153565657288787,0.02473808652945205,0.0,0.0,-0.0,3087.75439453125,True,0.0,251,5.69972351528998e-06,5.009535819131627e-05,-4.7156743626232594e-07,True,252,magic-formula,0.032858839132763204,0.00010538392721718677,0.0,33.57576960072021,3.3611415861557896,33.57504836123536,11.086825370788574,1.6822053794385283e-06,-0.0006152710377199559,1.5173012320287542e-07,-38.43152115103326,-0.007067851956959912,0.0,13.652999999999999,13.652999999999999,3077.676025390625,True,0.0,251,6.776351538668095e-10,-0.0006125241185905644,1.351774687725803e-07,True,252,magic-formula,-0.3111726259522908,-0.0012160528178231365,0.11377499999999999,33.575888383289744,3.3611426214426126,33.5751671438049,11.08682632446289,1.6822053794385283e-06,-0.0006118214337233223,1.5173011015124845e-07,-38.71187296976059,0.29743183053384564,0.0,13.652999999999999,13.652999999999999,3077.67626953125,True,0.0,251,7.089162956627841e-10,-0.0006169927429474718,-5.6885890622645415e-06,True,252,magic-formula,-0.3111705258852082,0.0012409920361778424,0.11377499999999999,-0.8399999737739563,2.209794759750366,0.3300000727176666,0.11062446981668472,0.9938622713088989,2.056659731408672e-08,7.160991355448232e-09,0.8399999737739563,2.209794759750366,0.3300000727176666,0.11062493175268173,0.9938622117042542,2.056659553772988e-08,7.161001569500058e-09,-0.8399998545646667,0.009794598445296288,0.33000001311302185,0.10958263278007507,0.9939776659011841,2.057409531630583e-08,7.139429492042382e-09,0.8400000929832458,0.009794598445296288,0.33000001311302185,0.10958322882652283,0.9939776062965393,2.057408998723531e-08,7.1394419265402576e-09
0.150000000000,18,0.0,0.0,0.0,5.905212319134989e-08,1.6637983322143555,0.4165111184120178,4.756447651743656e-06,11.075068473815918,-0.005884498357772827,-9.693473401739539e-08,asphalt,0.0,0.0,0.0,2090.6046253303525,2,-0.2348485141992569,-5.336783033271786e-06,51.534206644879106,163.2099904699711,-0.0,5919.596290213614,5852.403709786386,8.658357728563715e-07,5.756753709170198e-06,False,-0.0,True,0,0,2.2848534797503817e-07,11.075068473815918,0.10419435054063797,False,True,-0.8400000333786011,2.7637555599212646,1.1175870895385742e-08,0.0,0.0,1.0,2997.258056640625,2997.258056640625,0.3363981544971466,0.06360185146331787,0.0,asphalt,True,0.8399999141693115,2.7637555599212646,1.1175870895385742e-08,0.0,0.0,1.0,2997.2587890625,2997.2587890625,0.3363981544971466,0.06360185146331787,0.0,asphalt,True,-0.839999794960022,0.5637553334236145,3.725290298461914e-09,0.0,0.0,1.0,2980.84375,2980.84375,0.33662405610084534,0.06337594985961914,0.0,asphalt,True,0.8400001525878906,0.5637556314468384,3.725290298461914e-09,0.0,0.0,1.0,2980.844482421875,2980.844482421875,0.33662405610084534,0.06337594985961914,0.0,asphalt,258,33.56226656499575,5.0421125237876,33.56150362647395,11.07500171661377,1.1346185146976495e-07,4.932277653832372e-05,1.024486084725018e-08,3.0979327780155925,-0.00010735955349715292,0.0,0.0,-0.0,3009.863037109375,True,0.0,257,5.311192393809168e-06,5.048515056947901e-05,2.0998533248149772e-09,True,258,magic-formula,0.03231314301079701,-0.0001483387971522765,0.0,33.56226496504327,5.042113761181105,33.56150202652147,11.075003623962402,1.1346202200002153e-07,4.910287349247496e-05,1.0244874480630393e-08,3.126189307109405,0.02393332536433565,0.0,0.0,-0.0,3009.8642578125,True,0.0,257,5.527255521044801e-06,5.09456071515102e-05,-4.6803312935105197e-07,True,258,magic-formula,0.032320481041620185,0.00010151779480978126,0.0,33.53935730892251,5.038878561052459,33.53859437040071,11.07500171661377,2.014763140323339e-06,-0.0006333005491835051,1.8191989417942407e-07,-38.46759599557648,-0.008344011729997082,0.0,13.652999999999999,13.652999999999999,2994.223388671875,True,0.0,257,6.942050015286478e-10,-0.0006301885529967843,1.640331466712724e-07,True,258,magic-formula,-0.3119074086110541,-0.001202715449781463,0.11377499999999999,33.53947527776005,5.038880235724437,33.538712339238245,11.075003623962402,2.014763140323339e-06,-0.0006299575637602177,1.8191986284899084e-07,-38.74217279525127,0.2884739867883291,0.0,13.652999999999999,13.652999999999999,2994.224365234375,True,0.0,257,7.079784697402821e-10,-0.0006346869856750623,-5.671050596672263e-06,True,258,magic-formula,-0.31190592272491346,0.0011963625360782379,0.11377499999999999,-0.8400000333786011,2.763789415359497,0.33000001311302185,0.8135964870452881,0.5814298391342163,2.344570937395929e-08,3.4262534143181256e-08,0.8399999141693115,2.763789415359497,0.33000001311302185,0.8135969042778015,0.5814293622970581,2.3445689834034056e-08,3.426255545946333e-08,-0.839999794960022,0.5637892484664917,0.33000001311302185,0.8126552700996399,0.5827447175979614,2.3501085522070753e-08,3.422458405566431e-08,0.8400001525878906,0.5637894868850708,0.33000001311302185,0.8126558065414429,0.5827439427375793,2.3501048218577125e-08,3.42246018192327e-08
0.200000000000,24,0.0,0.0,0.0,6.115392636729666e-08,2.2172112464904785,0.4176970422267914,7.362139058386674e-06,11.063414573669434,-0.008286381140351295,6.41717065263947e-07,asphalt,0.0,0.0,0.0,2223.386573645657,2,-0.23184828460216522,-7.949844984977972e-06,51.42559715407385,159.46609937776077,-0.0,5925.235748997244,5846.764251002756,9.384289114677813e-07,6.681784308607062e-06,False,-0.0,True,0,0,-1.1002962452266729e-07,11.063414573669434,0.10522016137838364,False,True,-0.8400000333786011,3.317150831222534,3.3527612686157227e-08,0.0,0.0,1.0,2934.264892578125,2934.264892578125,0.33753785490989685,0.06246215105056763,0.0,asphalt,True,0.8399999141693115,3.317150831222534,3.3527612686157227e-08,0.0,0.0,1.0,2934.26611328125,2934.26611328125,0.33753785490989685,0.06246215105056763,0.0,asphalt,True,-0.839999794960022,1.1171506643295288,3.725290298461914e-09,0.0,0.0,1.0,2914.408447265625,2914.408447265625,0.33785608410835266,0.062143921852111816,0.0,asphalt,True,0.8400001525878906,1.117150902748108,3.725290298461914e-09,0.0,0.0,1.0,2914.409423828125,2914.409423828125,0.33785608410835266,0.062143921852111816,0.0,asphalt,264,33.5270175172987,6.7192163410203625,33.52644956326509,11.063364028930664,1.987465338970651e-07,4.987197171368265e-05,1.7964385278957058e-08,3.078052037497845,-0.00044058816146938577,0.0,0.0,-0.0,2942.891357421875,True,0.0,263,5.19638946099973e-06,5.1302690721683996e-05,8.812447269456548e-09,True,264,magic-formula,0.03186059757138485,-0.0001457157191270731,0.0,33.527016855283705,6.719218089711581,33.52644890125009,11.063365936279297,1.9874676127074054e-07,4.96798142168109e-05,1.7964402733801348e-08,3.1073513470573575,0.022926482157179736,0.0,0.0,-0.0,2942.8955078125,True,0.0,263,5.414989661673449e-06,5.1790954356700116e-05,-4.585461532270451e-07,True,264,magic-formula,0.03186620174142289,9.535520721429636e-05,0.0,33.503578679982674,6.714816195288988,33.50301072594906,11.063364028930664,2.2594606434722664e-06,-0.0006492658577985299,2.0422907874709284e-07,-38.4934404213496,-0.009213121350551698,0.0,13.652999999999999,13.652999999999999,2923.465087890625,True,0.0,263,6.963935543309709e-10,-0.0006458765550101416,1.8550295371157698e-07,True,264,magic-formula,-0.31249757671446754,-0.0011892394005618232,0.11377499999999999,33.503694630919455,6.714818464257714,33.50312667688584,11.063365936279297,2.2594606434722664e-06,-0.0006459795433901471,2.0422904353755026e-07,-38.765384302370705,0.2810835085493904,0.0,13.652999999999999,13.652999999999999,2923.46630859375,True,0.0,263,7.320801317184704e-10,-0.0006504396576862688,-5.659519110914564e-06,True,264,magic-formula,-0.31248971682048843,0.0011603178000635555,0.11377499999999999,-0.8400000333786011,3.3171985149383545,0.3300000727176666,0.9763129949569702,-0.21636292338371277,-8.433056919443516e-09,6.393582907548989e-08,0.8399999141693115,3.3171985149383545,0.3300000727176666,0.9763127565383911,-0.2163640707731247,-8.43313241460919e-09,6.393580065378046e-08,-0.839999794960022,1.1171983480453491,0.33000001311302185,0.9767866134643555,-0.21421462297439575,-8.29238544497457e-09,6.395421792149136e-08,0.8400001525878906,1.1171985864639282,0.33000001311302185,0.9767864346504211,-0.21421554684638977,-8.29244406475027e-09,6.3954210816064e-08
0.250000000000,30,0.0,0.0,0.0,4.3206640043536026e-08,2.770045042037964,0.4187486171722412,1.0105506589752622e-05,11.051876068115234,-0.009966352954506874,1.3803714864479844e-06,asphalt,0.0,0.0,0.0,2302.918628531582,2,-0.2301100641489029,-8.763716323301196e-06,51.31827109167769,157.31673276630988,-0.0,5929.115307340007,5842.884692659993,9.743930604599882e-07,7.19664744246008e-06,False,-0.0,True,0,0,-5.421615014711278e-07,11.051876068115234,0.09835086762905121,False,True,-0.8400000929832458,3.8699722290039062,7.450580596923828e-09,0.0,0.0,1.0,2900.768798828125,2900.768798828125,0.33855727314949036,0.06144273281097412,0.0,asphalt,True,0.8399998545646667,3.8699722290039062,7.450580596923828e-09,0.0,0.0,1.0,2900.7705078125,2900.7705078125,0.33855727314949036,0.06144273281097412,0.0,asphalt,True,-0.8399996757507324,1.6699720621109009,2.9802322387695312e-08,0.0,0.0,1.0,2879.634521484375,2879.634521484375,0.3389398753643036,0.06106013059616089,0.0,asphalt,True,0.8400002121925354,1.6699724197387695,2.9802322387695312e-08,0.0,0.0,1.0,2879.635986328125,2879.635986328125,0.3389398753643036,0.06106013059616089,0.0,asphalt,270,33.4921459531284,8.39458201710838,33.4918880373112,11.051852226257324,2.1563482732744887e-07,5.0302724255420076e-05,1.9511193500681913e-08,3.0685003880123487,-0.00046908626446650833,0.0,0.0,-0.0,2904.17822265625,True,0.0,269,5.153884710411093e-06,5.1825242150865555e-05,9.507496094650025e-09,True,270,magic-formula,0.03161359738573205,-0.00014275996541972114,0.0,33.492144337820385,8.394584270900934,33.491886422003184,11.051854133605957,2.1563505470112432e-07,5.0081901921571645e-05,1.951121070675656e-08,3.0958007242887007,0.02254073313367774,0.0,0.0,-0.0,2904.177001953125,True,0.0,269,5.356434557757306e-06,5.228634907593927e-05,-4.568413814315357e-07,True,270,magic-formula,0.03161518581976113,9.355574994080487e-05,0.0,33.46839519048255,8.388994858965338,33.46813727466535,11.051852226257324,2.355327069381019e-06,-0.0006588771953338251,2.1311604798561513e-07,-38.52073313088727,-0.009498708194784548,0.0,13.652999999999999,13.652999999999999,2883.111083984375,True,0.0,269,7.018363808890743e-10,-0.0006553820082247412,1.9393034186295998e-07,True,270,magic-formula,-0.31297675192153074,-0.0011807971453286483,0.11377499999999999,33.468510072819825,8.388997742916024,33.468252157002624,11.051854133605957,2.3553268420073437e-06,-0.000655619363757369,2.1311599063231762e-07,-38.79107631537471,0.2772984530432097,0.0,13.652999999999999,13.652999999999999,2883.1123046875,True,0.0,269,7.297993449429161e-10,-0.0006599817591758713,-5.661464591615276e-06,True,270,magic-formula,-0.3129754325694068,0.001142559308230746,0.11377499999999999,-0.8400000929832458,3.8700296878814697,0.33000001311302185,-0.4925445318222046,0.8702872395515442,7.081315089862983e-08,-5.3918576270461926e-08,0.8399998545646667,3.8700296878814697,0.33000001311302185,-0.49254363775253296,0.8702877163887024,7.081319353119397e-08,-5.391849811076099e-08,-0.8399997353553772,1.6700294017791748,0.3300000727176666,-0.4949740469455719,0.8689077496528625,7.066223872698174e-08,-5.411620662698624e-08,0.8400002121925354,1.670029640197754,0.3300000727176666,-0.4949723482131958,0.868908703327179,7.066233820296475e-08,-5.411606451843909e-08
0.300000000000,36,0.0,0.0,0.0,3.144479165939629e-08,3.3222427368164062,0.4193807542324066,1.2813844477932435e-05,11.035268783569336,-0.011863538064062595,4.918376248497225e-07,asphalt,0.0,0.0,0.0,2349.5064851595525,2,-0.5813204050064087,3.399618435651064e-05,51.19132408694866,156.84279633346074,-0.0,5935.0691852396885,5836.9308147603115,9.151481208391488e-07,1.5647731762060822e-05,False,-0.0,True,0,0,9.1636457000277e-07,11.035268783569336,0.0887857973575592,False,True,-0.8400001525878906,4.422155380249023,2.60770320892334e-08,0.0,0.0,1.0,2902.0595703125,2902.0595703125,0.3391529619693756,0.06084704399108887,0.0,asphalt,True,0.839999794960022,4.42215633392334,2.60770320892334e-08,0.0,0.0,1.0,2902.052490234375,2902.052490234375,0.3391529619693756,0.06084704399108887,0.0,asphalt,True,-0.8399996757507324,2.222155809402466,1.862645149230957e-08,0.0,0.0,1.0,2869.80810546875,2869.80810546875,0.3396085202693939,0.06039148569107056,0.0,asphalt,True,0.8400002717971802,2.222156047821045,3.725290298461914e-09,0.0,0.0,1.0,2869.803955078125,2869.803955078125,0.33960846066474915,0.06039154529571533,0.0,asphalt,276,33.445886642978905,10.068124303002742,33.44448005718124,11.035141944885254,2.9341238132474246e-06,0.0001812978308550993,2.6588908669247434e-07,10.858660298046392,-0.013005793910932298,0.0,0.0,-0.0,2898.0869140625,True,0.0,275,0.00040748736284184294,0.0001837762186265274,2.64181817891857e-07,True,276,magic-formula,0.07301826210638543,-0.00030261289507612304,0.0,33.44585487385314,10.068126808198205,33.444448288055476,11.035143852233887,2.9341231311263982e-06,0.00018017491790540033,2.6588897892186186e-07,10.92390799424775,0.06800654992290138,0.0,0.0,-0.0,2898.080322265625,True,0.0,275,0.00041539004161564124,0.00018488083340693537,-1.3812434000499134e-06,True,276,magic-formula,0.07308535971564628,0.0002428899404110747,0.0,33.29143359216052,10.059489550055243,33.290027006362855,11.035141944885254,4.943681688018842e-06,-0.0044375377966911645,4.4799439034944976e-07,-258.6573123241029,-0.020598660379017752,0.0,91.02,91.02,2871.77392578125,True,0.0,275,0.0003635841972604105,-0.004428236125232155,4.232091398300782e-07,True,276,magic-formula,-2.113158797905111,-0.007607732990919496,0.7585,33.29214701062479,10.059492959606589,33.29074042482712,11.035143852233887,4.943681688018842e-06,-0.0044163754800387485,4.4799431291670406e-07,-260.5077465635068,1.8973896810585487,0.0,91.02,91.02,2871.767578125,True,0.0,275,0.0003816078239851135,-0.004460076462421913,-3.898164730655084e-05,True,276,magic-formula,-2.113647428256225,0.008007918832653824,0.7585,-0.8400001525878906,4.422224044799805,0.33000001311302185,0.31625235080718994,0.9486750960350037,1.0743917755462462e-07,3.1291847335523926e-08,0.839999794960022,4.422224521636963,0.33000001311302185,0.31625375151634216,0.9486746788024902,1.0743913492206048e-07,3.129200720763947e-08,-0.8399996757507324,2.222223997116089,0.33000001311302185,0.31215375661849976,0.9500316381454468,1.0757327828514462e-07,3.082771726781175e-08,0.8400002717971802,2.222224473953247,0.33000001311302185,0.3121555745601654,0.9500309824943542,1.0757322144172576e-07,3.082791977249144e-08
0.350000000000,42,0.0,0.0,0.0,8.040905896677941e-08,3.8731329441070557,0.41955283284187317,1.6158996004378423e-05,11.005300521850586,-0.022476227954030037,-2.1055930119473487e-06,asphalt,0.0,0.0,0.0,2372.4744690389184,2,-0.6004246473312378,-5.7623026350484e-07,50.9152577234545,157.79216905050117,-0.0,5959.906361389161,5812.093638610839,1.331300154561177e-06,2.0625072146940698e-05,False,-0.0,True,0,0,9.7386305242253e-07,11.005300521850586,0.08095236867666245,False,True,-0.8400002121925354,4.972968101501465,3.725290298461914e-09,0.0,0.0,1.0,2948.6787109375,2948.6787109375,0.3391213119029999,0.0608786940574646,0.0,asphalt,True,0.8399997353553772,4.972968578338623,2.2351741790771484e-08,0.0,0.0,1.0,2948.6728515625,2948.6728515625,0.33912137150764465,0.060878634452819824,0.0,asphalt,True,-0.8399996161460876,2.772968292236328,2.9802322387695312e-08,0.0,0.0,1.0,2865.818115234375,2865.818115234375,0.33998432755470276,0.06001567840576172,0.0,asphalt,True,0.840000331401825,2.7729687690734863,2.9802322387695312e-08,0.0,0.0,1.0,2865.816650390625,2865.816650390625,0.33998432755470276,0.06001567840576172,0.0,asphalt,282,33.354711591219015,11.737834769746037,33.350753595074124,11.004944801330566,2.714189349717344e-06,0.00019173415312842811,2.466336177705432e-07,11.871328339456088,-0.011945552202530312,0.0,0.0,-0.0,2939.044189453125,True,0.0,281,0.000547116249637858,0.00019811357640321542,2.392791454132682e-07,True,282,magic-formula,0.08329014186105385,-0.00034905640525331375,0.0,33.354679084932926,11.737836948142174,33.350721088788035,11.004947662353516,2.7141891223436687e-06,0.00019049937706850143,2.466335329906656e-07,11.941506952162761,0.0781680776485524,0.0,0.0,-0.0,2939.032958984375,True,0.0,281,0.0005574938780468225,0.00019928539915033139,-1.5655120200683052e-06,True,282,magic-formula,0.08329054404048525,0.0002833459993116912,0.0,33.195701744192675,11.721214665668214,33.191743748047784,11.004944801330566,5.637568847305374e-06,-0.004576417842722264,5.12275976761216e-07,-265.906476135512,-0.02323376503671603,0.0,91.02,91.02,2865.7451171875,True,0.0,281,0.00044682662068281677,-0.004562575524934507,4.784245099692918e-07,True,282,magic-formula,-2.2156313511150096,-0.00816042030714522,0.7585,33.19643733949931,11.721218551124236,33.19247934335442,11.004947662353516,5.637568847305374e-06,-0.004554618691209999,5.122758435817252e-07,-267.8073101927727,1.9499590777767173,0.0,91.02,91.02,2865.736572265625,True,0.0,281,0.00046893962580857887,-0.0045953697243208205,-4.0151859732699646e-05,True,282,magic-formula,-2.215632342408254,0.008221105730756304,0.7585,-0.8400002121925354,4.973097801208496,0.32999998331069946,0.9154902100563049,0.4023403227329254,3.991653230173142e-08,1.3649629693190946e-07,0.8399997353553772,4.973098278045654,0.32999998331069946,0.9154905676841736,0.4023393988609314,3.9916400851325307e-08,1.364963395644736e-07,-0.8399996161460876,2.7730977535247803,0.33000004291534424,0.9121150374412537,0.40993431210517883,4.104946427219147e-08,1.3615986915738176e-07,0.840000331401825,2.7730982303619385,0.33000004291534424,0.9121158719062805,0.40993258357048035,4.104920492409292e-08,1.3615994021165534e-07
0.400000000000,48,0.0,0.0,0.0,1.2527135595519212e-07,4.422521591186523,0.4194236695766449,2.0425566617632285e-05,10.975244522094727,-0.03682226315140724,-1.870466462605691e-06,asphalt,0.0,0.0,0.0,2383.7550422690747,2,-0.6014745831489563,-5.8224732129019685e-06,50.63773870651996,159.1494581952939,-0.0,5977.983678029414,5794.016321970586,1.5924324543448165e-06,2.413854863992643e-05,False,-0.0,True,0,0,8.073002959463338e-07,10.975244522094727,0.07739436626434326,False,True,-0.8400002717971802,5.522251605987549,-1.1175870895385742e-08,0.0,0.0,1.0,2991.09326171875,2991.09326171875,0.3387167751789093,0.061283230781555176,0.0,asphalt,True,0.8399996757507324,5.522252559661865,3.725290298461914e-09,0.0,0.0,1.0,2991.09326171875,2991.09326171875,0.3387168347835541,0.0612831711769104,0.0,asphalt,True,-0.8399994373321533,3.322251319885254,-7.450580596923828e-09,0.0,0.0,1.0,2869.981689453125,2869.981689453125,0.34013059735298157,0.05986940860748291,0.0,asphalt,True,0.8400005102157593,3.322252035140991,-1.4901161193847656e-08,0.0,0.0,1.0,2869.977294921875,2869.977294921875,0.3401307165622711,0.05986928939819336,0.0,asphalt,288,33.263464950238586,13.402907146659349,33.259729115505934,10.974908828735352,2.8135768843640108e-06,0.00018538694718405518,2.563644881492979e-07,11.855039112425363,-0.012433227050744318,0.0,0.0,-0.0,2985.761474609375,True,0.0,287,0.0005520991930451541,0.00019474604172626386,2.451494273953634e-07,True,288,magic-formula,0.08275624123948819,-0.0003547910697549261,0.0,33.263432477227575,13.402909042965545,33.25969664249492,10.9749116897583,2.8135757474956335e-06,0.00018414979399657315,2.5636431773033567e-07,11.926600787979888,0.07918245925635645,0.0,0.0,-0.0,2985.7607421875,True,0.0,287,0.0005627997082120038,0.00019592154317129632,-1.5610086209298422e-06,True,288,magic-formula,0.082765253288697,0.0002850463343469088,0.0,33.10513700810017,13.378311055451794,33.10140117336752,10.974908828735352,6.310349817795213e-06,-0.00457531054206307,5.749797029085356e-07,-265.96536265867593,-0.02610544192218607,0.0,91.02,91.02,2868.950439453125,True,0.0,287,0.000454543265313557,-0.004558466779975012,5.36950843373652e-07,True,288,magic-formula,-2.216440787496616,-0.008222692867891747,0.7585,33.10587578666715,13.378315510069,33.1021399519345,10.9749116897583,6.3103489083005115e-06,-0.0045533560151354855,5.749794701481364e-07,-267.8686347628293,1.9559125476449875,0.0,91.02,91.02,2868.94873046875,True,0.0,287,0.00047706155651510687,-0.004591254884483548,-4.022917471686884e-05,True,288,magic-formula,-2.2164350553643684,0.008235042066952403,0.7585,-0.8400002717971802,5.522463798522949,0.3299999535083771,0.9136632680892944,-0.4064718782901764,-8.737016798932018e-08,1.562322466952537e-07,0.8399996757507324,5.522464275360107,0.3299999535083771,0.9136626720428467,-0.40647318959236145,-8.737039536299562e-08,1.5623213300841599e-07,-0.8399994373321533,3.3224635124206543,0.3299999535083771,0.9185926914215088,-0.395205557346344,-8.544233054408323e-08,1.5729484914572822e-07,0.8400005102157593,3.3224642276763916,0.3299999535083771,0.9185919761657715,-0.3952072560787201,-8.544261476117754e-08,1.5729469282632635e-07
0.450000000000,54,0.0,0.0,0.0,1.542114915764614e-07,4.9704060554504395,0.4191846251487732,2.5262839699280448e-05,10.945146560668945,-0.04873906821012497,-3.961316394907044e-07,asphalt,0.0,0.0,0.0,2388.050200663558,2,-0.6021945476531982,-1.1783356967498548e-05,50.36056579509749,160.02518555682977,-0.0,5990.994270615341,5781.005729384659,1.7543225112603977e-06,2.686879390283561e-05,False,-0.0,True,0,0,3.697825547988032e-07,10.945146560668945,0.07684329152107239,False,True,-0.8400002717971802,6.070050239562988,-7.450580596923828e-09,0.0,0.0,1.0,3010.964111328125,3010.964111328125,0.33824899792671204,0.06175100803375244,0.0,asphalt,True,0.8399996757507324,6.070050239562988,7.450580596923828e-09,0.0,0.0,1.0,3010.9658203125,3010.9658203125,0.3382490575313568,0.061750948429107666,0.0,asphalt,True,-0.8399993181228638,3.870048761367798,-1.1175870895385742e-08,0.0,0.0,1.0,2879.801025390625,2879.801025390625,0.34012046456336975,0.05987954139709473,0.0,asphalt,True,0.8400006294250488,3.870048999786377,-1.1175870895385742e-08,0.0,0.0,1.0,2879.8056640625,2879.8056640625,0.34012046456336975,0.05987954139709473,0.0,asphalt,294,33.17255450444606,15.063471132511744,33.1702307186493,10.944937705993652,3.1010345082904678e-06,0.00018321533912895053,2.833304849777446e-07,11.858103083046366,-0.013523953031652112,0.0,0.0,-0.0,3008.9326171875,True,0.0,293,0.0005581931608714302,0.00019329617943220802,2.6459850427668284e-07,True,294,magic-formula,0.08261346674074113,-0.00036599085026768244,0.0,33.1725241997015,15.063472800027224,33.17020041390474,10.944940567016602,3.1010358725325204e-06,0.0001820401739684749,2.833305355606627e-07,11.929094497064048,0.07900910616107466,0.0,0.0,-0.0,3008.934326171875,True,0.0,293,0.0005689268030313503,0.0001944531734575786,-1.5455956562371953e-06,True,294,magic-formula,0.08260837281939262,0.00027914749539241284,0.0,33.015167198636746,15.03093954314022,33.012843412839985,10.944937705993652,6.9534789872705005e-06,-0.004562157573193098,6.353146243547562e-07,-265.9939667567307,-0.028782934643904065,0.0,91.02,91.02,2877.99072265625,True,0.0,293,0.0004619124452849616,-0.0045445678254969575,5.901514271638768e-07,True,294,magic-formula,-2.2168777021044503,-0.008297149937883849,0.7585,33.01590809550549,15.030944578086547,33.013584309708726,10.944940567016602,6.953479896765202e-06,-0.00454007906169332,6.353145413798864e-07,-267.90533788506133,1.9658369564600422,0.0,91.02,91.02,2877.995361328125,True,0.0,293,0.0004848931617041259,-0.004577380358592291,-4.030559107706826e-05,True,294,magic-formula,-2.21686977472961,0.00826706884606309,0.7585,-0.8400002717971802,6.070330619812012,0.3299998939037323,-0.31629452109336853,0.9486610293388367,2.102378573454189e-07,-6.645174011055133e-08,0.8399996757507324,6.07033109664917,0.3299998939037323,-0.3162936270236969,0.9486613273620605,2.1023791418883775e-07,-6.645154826401267e-08,-0.8399993181228638,3.8703293800354004,0.3299998939037323,-0.3316822946071625,0.9433911442756653,2.0912922593652183e-07,-6.986238787476395e-08,0.8400006294250488,3.8703298568725586,0.3299998939037323,-0.3316800594329834,0.9433919191360474,2.0912939646677842e-07,-6.986189760027628e-08
0.500000000000,60,0.0,0.0,0.0,1.529458444338161e-07,5.516785144805908,0.41895848512649536,3.0469496778096072e-05,10.915034294128418,-0.05645478144288063,9.64507080425392e-07,asphalt,0.0,0.0,0.0,2388.135021616829,2,-0.6021007895469666,-1.609846185601782e-05,50.083961085589834,160.42926608159192,-0.0,6000.343058558227,5771.656941441773,1.8627524696057662e-06,2.8496854116024793e-05,False,-0.0,True,0,0,-3.370944341440918e-07,10.915034294128418,0.07793322205543518,False,True,-0.8400003910064697,6.616372585296631,0.0,0.0,0.0,1.0,3015.56787109375,3015.56787109375,0.3378748595714569,0.06212514638900757,0.0,asphalt,True,0.8399995565414429,6.616373538970947,0.0,0.0,0.0,1.0,3015.57177734375,3015.57177734375,0.3378748595714569,0.06212514638900757,0.0,asphalt,True,-0.8399991989135742,4.4163713455200195,2.2351741790771484e-08,0.0,0.0,1.0,2887.143310546875,2887.143310546875,0.3400425612926483,0.05995744466781616,0.0,asphalt,True,0.8400007486343384,4.416372299194336,7.450580596923828e-09,0.0,0.0,1.0,2887.150146484375,2887.150146484375,0.34004250168800354,0.05995750427246094,0.0,asphalt,300,33.0816714287467,16.719564554946228,33.0807784412719,10.914953231811523,3.299379159216187e-06,0.0001830827519320332,3.022806501451677e-07,11.861402347010355,-0.0143783109168755,0.0,0.0,-0.0,3015.513916015625,True,0.0,299,0.0005631378406948011,0.00019292789635554165,2.8069760958790447e-07,True,300,magic-formula,0.08262563567320967,-0.00037492323231211295,0.0,33.08164123008322,16.719566024395185,33.08074824260842,10.914956092834473,3.2993793865898624e-06,0.0001819075657386306,3.022805917428987e-07,11.932923902983,0.07858634990820072,0.0,0.0,-0.0,3015.517822265625,True,0.0,299,0.0005740378749346928,0.00019409084462183838,-1.533969884141882e-06,True,300,magic-formula,0.08262509404550533,0.00027337022563659127,0.0,32.92517233889747,16.679145904415783,32.92427935142267,10.914953231811523,7.390049631794682e-06,-0.004548472075048852,6.770573794357016e-07,-265.9734524745457,-0.03077807987060486,0.0,91.02,91.02,2886.273681640625,True,0.0,299,0.0004688461078331263,-0.004531110316589264,6.292368579018195e-07,True,300,magic-formula,-2.2165556315030037,-0.008358873627030543,0.7585,32.92591816760228,16.679151580862182,32.925025180127484,10.914956092834473,7.390050086542033e-06,-0.0045261838073862165,6.770572436285269e-07,-267.89193231385,1.9753897669089482,0.0,91.02,91.02,2886.27783203125,True,0.0,299,0.0004922593586453159,-0.004563949749238403,-4.038463807840474e-05,True,300,magic-formula,-2.2165564709901355,0.008300412501381426,0.7585,-0.8400003910064697,6.616697788238525,0.32999980449676514,0.4849388301372528,0.8745480179786682,2.3661370107674884e-07,1.2157853745975444e-07,0.8399995565414429,6.616698741912842,0.32999980449676514,0.48493972420692444,0.87454754114151,2.3661361581162055e-07,1.215787790442846e-07,-0.8399991989135742,4.416696071624756,0.3299998641014099,0.4671669602394104,0.8841691017150879,2.3902222778815485e-07,1.1677223454853447e-07,0.8400007486343384,4.416697025299072,0.3299998641014099,0.46716952323913574,0.8841677308082581,2.390218867276417e-07,1.1677292377498816e-07
0.550000000000,66,0.18,0.15,0.0,2.9398528567980975e-05,6.061697483062744,0.4187980890274048,-0.001013097818940878,10.886871337890625,-0.05982716754078865,-0.0012591538252308965,asphalt,0.061064095239642624,0.08,0.0,2386.0018345279977,2,-0.5229082703590393,0.06644376367330551,49.8199220691855,160.4698217964237,-0.0,6005.2371347084745,5766.7628652915255,-0.0009717407519929111,0.00464464748549522,False,-0.0,True,0,0,0.0015397650422528386,10.886871337890625,0.07938290387392044,False,True,-0.8399419784545898,7.161275863647461,2.60770320892334e-08,0.0,0.0,1.0,3014.755615234375,3014.755615234375,0.3376312553882599,0.06236875057220459,0.0,asphalt,True,0.8400579690933228,7.161245822906494,2.2351741790771484e-08,0.0,0.0,1.0,3003.46630859375,3003.46630859375,0.33766815066337585,0.06233185529708862,0.0,asphalt,True,-0.8399807810783386,4.96127462387085,3.725290298461914e-09,0.0,0.0,1.0,2899.365234375,2899.365234375,0.33992841839790344,0.060071587562561035,0.0,asphalt,True,0.840019166469574,4.961244583129883,1.4901161193847656e-08,0.0,0.0,1.0,2888.072998046875,2888.072998046875,0.3399653732776642,0.06003463268280029,0.0,asphalt,306,32.99790268065917,18.37129953358377,32.998541839076644,10.887739181518555,-0.008864572271704674,0.00014407978303120113,-0.000814179157415265,9.379866059090583,40.66623142578121,0.0,0.0,-0.0,3014.786865234375,True,0.061039256533450145,305,0.0003761275626503271,0.00015261285916928557,-0.0007939963737337819,True,306,magic-formula,0.06846739934034896,0.3554544436553589,0.0,32.99374747386877,18.371235464473475,32.994386632984735,10.886109352111816,-0.008872277103364468,0.00016785742323312158,-0.0008150088201350492,10.560088665463576,42.03351228922792,0.0,0.0,-0.0,3007.17578125,True,0.06108895416928764,305,0.0006161333616095877,0.000172247351567079,-0.0008227720392772653,True,306,magic-formula,0.07712436968077357,0.3551297887393402,0.0,32.87130051043807,18.323729122724703,32.87193885342442,10.88774299621582,0.0006003703456372023,-0.003693495317186879,5.5141854949861394e-05,-216.1046572494176,-2.666700502135301,10.639985950196412,83.7384,83.7384,2896.109375,True,0.0,305,0.00011361384617271864,-0.0036659457828870775,5.428472223700286e-05,True,306,magic-formula,-1.81545403296785,-0.02998106734892838,0.69782,32.86786344497946,18.32366911829577,32.86850178796581,10.886113166809082,0.0006003699963912368,-0.0036485226046479393,5.515007850671966e-05,-217.01711650104778,-1.1071932965838969,10.639985950196412,83.7384,83.7384,2888.4951171875,True,0.0,305,0.0001171668704923935,-0.003691210132895935,2.259849198748548e-05,True,306,magic-formula,-1.8065631006478082,-0.01622704787812091,0.69782,-0.8399492502212524,7.161620616912842,0.3299998342990875,0.9716682434082031,0.23634831607341766,-0.00013919927005190402,-0.0005234272684901953,0.8400506973266602,7.161591053009033,0.3299998342990875,0.9716606140136719,0.23637983202934265,-0.000139319192385301,-0.0005238440353423357,-0.8399880528450012,4.9616193771362305,0.3299998342990875,0.9657724499702454,0.25939100980758667,-1.2902370144729502e-05,-5.677023636962986e-06,0.8400118947029114,4.961589813232422,0.3299998342990875,0.9657647013664246,0.2594195604324341,-1.2902539310744032e-05,-5.676643013430294e-06
0.600000000000,72,0.18,0.15,0.0,0.00027332251193001866,6.605367183685303,0.41870740056037903,-0.010024184361100197,10.864774703979492,-0.05748467892408371,-0.008535166271030903,asphalt,0.1958106431330866,0.15,0.0,2383.7074387122984,2,-0.38005441427230835,0.1759822964668274,49.6071159875358,160.44052160316852,-0.0,6001.431432658492,5770.568567341508,-0.0052090976387262344,0.027128994204495105,False,-0.0,True,0,0,0.008031112141907215,10.864773750305176,0.08071532100439072,False,True,-0.8394720554351807,7.705094814300537,-7.450580596923828e-09,0.0,0.0,1.0,3013.650390625,3013.650390625,0.337478905916214,0.06252110004425049,0.0,asphalt,True,0.8405278921127319,7.704800605773926,-7.450580596923828e-09,0.0,0.0,1.0,2978.412353515625,2978.412353515625,0.33772918581962585,0.06227082014083862,0.0,asphalt,True,-0.8398566246032715,5.505093574523926,1.1175870895385742e-08,0.0,0.0,1.0,2928.637451171875,2928.637451171875,0.3396860659122467,0.06031394004821777,0.0,asphalt,True,0.8401433229446411,5.504799842834473,2.9802322387695312e-08,0.0,0.0,1.0,2883.728271484375,2883.728271484375,0.33993640542030334,0.06006360054016113,0.0,asphalt,312,32.93980060663719,20.01955821499901,32.94244802609731,10.869355201721191,-0.024154264479875565,7.166924390866072e-05,-0.0022222316109050777,4.765005757447753,109.33103306796261,0.0,0.0,-0.0,3014.08544921875,True,0.19555546788729794,311,0.00034005117837152194,7.757125125547571e-05,-0.0021358523590903665,True,312,magic-formula,0.04076909210180126,0.9556287164827227,0.0,32.91556655762187,20.018820862899258,32.918214000365055,10.86061954498291,-0.024221323430538177,0.0001397175387669334,-0.002230193514574615,7.982767254202582,112.25269336737952,0.0,0.0,-0.0,2982.968994140625,True,0.19606648518946757,311,0.0008708078739349091,0.0001313075610750535,-0.0022158647798589315,True,312,magic-formula,0.06601077956301785,0.9487034371029237,0.0,32.86502609372295,19.967055993491094,32.867664574349,10.869377136230469,0.0015062266029417515,-0.0022005424047867334,0.00013857524441577242,-128.4423582607672,-8.315853703615927,34.466595765985375,77.36699999999999,77.36699999999999,2922.69482421875,True,0.0,311,3.1195498994672037e-06,-0.002156783753818228,0.000167566200663301,True,312,magic-formula,-1.0877597975443944,-0.0766669856227042,0.6447249999999999,32.841299508957384,19.966308679312746,32.84393798958343,10.860640525817871,0.0015062277670949697,-0.002118814982157801,0.00013868682550144488,-127.50438949833178,-7.504598398916088,34.466595765985375,77.36699999999999,77.36699999999999,2884.662109375,True,0.0,311,3.0036573408385457e-06,-0.002169275099325603,0.00015321391151027226,True,312,magic-formula,-1.0625037565591193,-0.06757404923487503,0.6447249999999999,-0.8395211696624756,7.70542573928833,0.32999977469444275,0.8334331512451172,-0.5526174306869507,0.0009278627694584429,-0.0015372418565675616,0.8404788374900818,7.705131530761719,0.32999977469444275,0.8336370587348938,-0.5523096919059753,0.0009297546348534524,-0.0015413041692227125,-0.8399057388305664,5.505424499511719,0.3299998342990875,0.8476522564888,-0.5305522084236145,-1.6764242900535464e-05,-0.00011360445932950824,0.840094268321991,5.505130767822266,0.3299998342990875,0.8478505611419678,-0.530235230922699,-1.6806712665129453e-05,-0.0001135981801780872
0.650000000000,78,0.18,0.15,0.0,0.0010014056460931897,7.148123264312744,0.4186830222606659,-0.03687736392021179,10.84890079498291,-0.0485016405582428,-0.023887528106570244,asphalt,0.355787842474662,0.15,0.0,2382.026425476881,2,-0.27918756008148193,0.2827397286891937,49.454683904482295,160.39489559441895,-0.0,5990.243052628477,5781.756947371523,-0.012767957523465157,0.0623605986878799,False,-0.0,True,0,0,0.019963039085268974,10.84889030456543,0.08198259025812149,False,True,-0.8381165266036987,8.248309135437012,-7.450580596923828e-09,0.0,0.0,1.0,3009.924560546875,3009.924560546875,0.3374018371105194,0.06259816884994507,0.0,asphalt,True,0.8418832421302795,8.247228622436523,-4.0978193283081055e-08,0.0,0.0,1.0,2943.9482421875,2943.9482421875,0.338102251291275,0.06189775466918945,0.0,asphalt,True,-0.8395317196846008,6.048309326171875,3.725290298461914e-08,0.0,0.0,1.0,2966.815673828125,2966.815673828125,0.33926406502723694,0.06073594093322754,0.0,asphalt,True,0.8404680490493774,6.04722785949707,-2.2351741790771484e-08,0.0,0.0,1.0,2878.746337890625,2878.746337890625,0.3399645984172821,0.06003540754318237,0.0,asphalt,318,32.909622876274,21.66579290558565,32.914132899439494,10.859964370727539,-0.03846215456724167,1.9445592607210365e-05,-0.003541631670406345,1.2934463485029053,171.32760921565279,0.0,0.0,-0.0,3010.601806640625,True,0.35494628816833323,317,0.00048295675449916273,2.1090848991436763e-05,-0.0033527189370752917,True,318,magic-formula,0.019253410733638128,1.4981983506960206,0.0,32.84815661702651,21.662900092354015,32.85266676731754,10.838549613952637,-0.038648687303066254,0.00012382373231788313,-0.003565839053269012,6.178947743477975,174.6957721343904,0.0,0.0,-0.0,2950.28466796875,True,0.3566333967529568,317,1.8723730112339328e-12,0.0001028322560570253,-0.0034888051944048973,True,318,magic-formula,0.05855468834303283,1.4773903179625807,0.0,32.87054969242631,21.61062381805359,32.875032745887026,10.860003471374512,0.0007841233164072037,-0.0011714612161371227,7.220286044211999e-05,-67.25274609577583,-8.538228426697872,55.038231259686505,77.36699999999999,77.36699999999999,2960.438232421875,True,0.0,317,3.544345707060112e-08,-0.001114445018275041,0.0001697843421930531,True,318,magic-formula,-0.5712818337828144,-0.07660904008526082,0.6447249999999999,32.80989887189339,21.60770673132092,32.814381925354105,10.838590621948242,0.0007841214537620544,-0.001044784752778951,7.234533342427482e-05,-64.89731617441812,-8.083853403581136,55.038231259686505,77.36699999999999,77.36699999999999,2879.729736328125,True,0.0,317,2.859859114366375e-08,-0.0011055504195456637,0.00016525381269770495,True,318,magic-formula,-0.5324488309062133,-0.07050036529897107,0.6447249999999999,-0.838253915309906,8.248588562011719,0.3299998641014099,-0.16154344379901886,0.9868596792221069,-0.00334011553786695,0.0007606446743011475,0.8417458534240723,8.24750804901123,0.3299998641014099,-0.16297094523906708,0.9866248369216919,-0.0033535349648445845,0.0007678878027945757,-0.8396691083908081,6.048588752746582,0.3299999237060547,-0.1887015402317047,0.9820343852043152,-0.0002765245153568685,0.0002654067357070744,0.8403306603431702,6.047507286071777,0.3299998641014099,-0.19013330340385437,0.981758177280426,-0.00027613723068498075,0.0002658096782397479
0.700000000000,84,0.18,0.15,0.0,0.0024778246879577637,7.690206050872803,0.4187142252922058,-0.089384526014328,10.836969375610352,-0.03488484025001526,-0.045392271131277084,asphalt,0.5146295658709699,0.15,0.0,2380.6704501280637,2,-0.21387016773223877,0.38410302996635437,49.34109985603398,160.21960876444103,-0.0,5976.79797916031,5795.20202083969,-0.022573033347725868,0.1007261349997634,False,-0.0,True,0,0,0.03706086426973343,10.83692455291748,0.0828055664896965,False,True,-0.8354744911193848,8.791260719299316,2.2351741790771484e-08,0.0,0.0,1.0,3006.738037109375,3006.738037109375,0.33737918734550476,0.06262081861495972,0.0,asphalt,True,0.8445238471031189,8.788639068603516,2.60770320892334e-08,0.0,0.0,1.0,2904.917724609375,2904.917724609375,0.33871015906333923,0.061289846897125244,0.0,asphalt,True,-0.8389055728912354,6.591262340545654,3.725290298461914e-09,0.0,0.0,1.0,3002.119140625,3002.119140625,0.33871862292289734,0.06128138303756714,0.0,asphalt,True,0.8410927653312683,6.58864164352417,-3.725290298461914e-08,0.0,0.0,1.0,2871.81494140625,2871.81494140625,0.3400496542453766,0.05995035171508789,0.0,asphalt,324,32.8976152541508,23.311110344793804,32.902963904423736,10.856331825256348,-0.050177834928035736,-1.0942129302558779e-05,-0.004621955042247506,-0.8733730703922288,219.843978630086,0.0,0.0,-0.0,3007.076416015625,True,0.5128707313453785,323,0.0009027318844481964,-1.4268987314699878e-05,-0.004309787615159417,True,324,magic-formula,0.005912087739000543,1.9246483231805305,0.0,32.78698167775379,23.303850039109786,32.79233063163789,10.818474769592285,-0.05050559341907501,0.00011361897981425436,-0.004668423930805205,4.901650691390588,222.16058806734782,0.0,0.0,-0.0,2911.34375,True,0.51640050504583,323,4.794058021396348e-12,8.2721472256736e-05,-0.0044990542370939475,True,324,magic-formula,0.05363749300346646,1.8812883056934275,0.0,32.88136128382492,23.254690297690082,32.886665642258855,10.856359481811523,-0.0025553330779075623,-0.0005075603989099899,-0.00023537660437630053,-26.971559713084662,2.1462682625639578,68.59330350863172,77.36699999999999,77.36699999999999,2996.676025390625,True,0.0,323,8.026492692394884e-11,-0.0004414845190492386,-4.2157482377838286e-05,True,324,magic-formula,-0.2327200164338989,0.01823835010907362,0.6447249999999999,32.77224478893316,23.24741598444895,32.77754914736709,10.818504333496094,-0.0025553274899721146,-0.00033863767441565573,-0.00023619969671218976,-23.850242092936302,2.338164919125686,68.59330350863172,77.36699999999999,77.36699999999999,2873.0615234375,True,0.0,323,4.3531185565555485e-11,-0.000407188573160163,-4.790260993386414e-05,True,324,magic-formula,-0.18569580992442197,0.01904212891409948,0.6447249999999999,-0.8357356190681458,8.791460990905762,0.3299998641014099,0.613332986831665,0.7898068428039551,-0.004395434632897377,-0.002908348571509123,0.8442627787590027,8.788840293884277,0.3299998641014099,0.6104613542556763,0.7920283675193787,-0.004430372267961502,-0.002911160234361887,-0.8391667008399963,6.591463565826416,0.3299998641014099,0.5908203125,0.8068026900291443,-0.0008631708333268762,-0.00014112079225014895,0.8408316373825073,6.588842868804932,0.32999980449676514,0.5878818035125732,0.8089463114738464,-0.0008636782877147198,-0.0001379801833536476
0.750000000000,90,0.18,0.15,0.0,0.004953891038894653,8.231769561767578,0.4187736511230469,-0.1719033420085907,10.827622413635254,-0.019924232736229897,-0.06952987611293793,asphalt,0.6592703745795597,0.15,0.0,2379.4696007351663,2,-0.17124831676483154,0.4811271131038666,49.25290482235061,160.01697619351,-0.0,5963.624759931677,5808.375240068323,-0.03340689837932587,0.1360073435631875,False,-0.0,True,0,0,0.05909174680709839,10.827493667602539,0.08300889283418655,False,True,-0.8312352895736694,9.334137916564941,-7.450580596923828e-09,0.0,0.0,1.0,3007.4091796875,3007.4091796875,0.3373720347881317,0.06262797117233276,0.0,asphalt,True,0.8487582802772522,9.329096794128418,-1.4901161193847656e-08,0.0,0.0,1.0,2869.41845703125,2869.41845703125,0.33941081166267395,0.06058919429779053,0.0,asphalt,True,-0.8378349542617798,7.134147644042969,0.0,0.0,0.0,1.0,3030.377685546875,3030.377685546875,0.33813706040382385,0.061862945556640625,0.0,asphalt,True,0.8421586155891418,7.1291069984436035,-7.450580596923828e-09,0.0,0.0,1.0,2863.9013671875,2863.9013671875,0.3401757776737213,0.059824228286743164,0.0,asphalt,330,32.89637640401301,24.9561585730231,32.90147491361526,10.85608196258545,-0.05924093723297119,-2.5584668770208185e-05,-0.005456881167558682,-2.08694868505672,255.7217870487775,0.0,0.0,-0.0,3006.926513671875,True,0.6563867530582758,329,3.259377651664851e-12,-3.411420120821696e-05,-0.005016129850071721,True,330,magic-formula,-0.0015909953394423106,2.242573634041941,0.0,32.73084953714961,24.941890085359603,32.73594849145839,10.800058364868164,-0.059691257774829865,0.00010388669702541569,-0.005526882167867625,3.8308625099879574,255.90403022777355,0.0,0.0,-0.0,2874.87451171875,True,0.6621794432714917,329,2.279785712087508e-12,6.551051279524037e-05,-0.0052513239831282615,True,330,magic-formula,0.049176270617004386,2.171004218943753,0.0,32.89466685819612,24.899392564504858,32.899714655887195,10.856064796447754,-0.008213724941015244,-7.596981581243576e-05,-0.0007566022797133077,-0.23470523489678036,23.45446588758617,77.52373262076246,77.36699999999999,77.36699999999999,3026.190185546875,True,0.0,329,5.426130439242801e-06,-3.8042395190594116e-06,-0.00045620179227715723,True,330,magic-formula,-0.00849196686452451,0.20565687591420917,0.6447249999999999,32.731486934283105,24.885159649998766,32.73653473197418,10.800042152404785,-0.00821373239159584,0.00012486394864116222,-0.0007605276620288842,3.0684587039462246,23.071912247845958,77.52373262076246,77.36699999999999,77.36699999999999,2865.2578125,True,0.0,329,1.6085106515705784e-05,5.2529632249465095e-05,-0.00047396696390633987,True,330,magic-formula,0.041538576167141954,0.1954418317018146,0.6447249999999999,-0.8316354155540466,9.334254264831543,0.32999980449676514,0.99609375,0.08800416439771652,-0.0012424724409356713,-0.007146303541958332,0.848358154296875,9.32921314239502,0.32999974489212036,0.9954401850700378,0.09510747343301773,-0.0012982434127479792,-0.007187577895820141,-0.8382351398468018,7.134263515472412,0.32999980449676514,0.993220329284668,0.11623580008745193,-0.0007769958465360105,-0.0014192325761541724,0.8417584896087646,7.129222869873047,0.32999980449676514,0.9923679232597351,0.12330181151628494,-0.0007870771223679185,-0.0014136666432023048
0.800000000000,96,0.18,0.15,0.0,0.008669652976095676,8.772911071777344,0.41883212327957153,-0.28566643595695496,10.819967269897461,-0.0064864070154726505,-0.09348256886005402,asphalt,0.7844139478666794,0.15,0.0,2378.3282115009547,2,-0.14362755417823792,0.5731420516967773,49.18129252905026,159.87643481354058,-0.0,5951.882476820929,5820.117523179071,-0.044289540499448776,0.16530346691983042,False,-0.0,True,0,0,0.08582364767789841,10.819673538208008,0.08272355049848557,False,True,-0.8251537084579468,9.877034187316895,2.2351741790771484e-08,0.0,0.0,1.0,3013.58984375,3013.58984375,0.33733758330345154,0.06266242265701294,0.0,asphalt,True,0.8548275828361511,9.868659019470215,2.2351741790771484e-08,0.0,0.0,1.0,2841.399169921875,2841.399169921875,0.3400786221027374,0.05992138385772705,0.0,asphalt,True,-0.8361220955848694,7.677062034606934,-7.450580596923828e-09,0.0,0.0,1.0,3051.394775390625,3051.394775390625,0.3375866711139679,0.06241333484649658,0.0,asphalt,True,0.8438591957092285,7.6686859130859375,-1.1175870895385742e-08,0.0,0.0,1.0,2855.45458984375,2855.45458984375,0.3403277099132538,0.05967229604721069,0.0,asphalt,336,32.90060310880329,26.601278447709795,32.90468088327582,10.857522964477539,-0.06602378189563751,-2.9835402928753918e-05,-0.006080849962584899,-2.634294523205072,281.56609498569316,0.0,0.0,-0.0,3012.176025390625,True,0.7803351380969217,335,1.9970691766957316e-12,-4.3005069864742435e-05,-0.005515851023319626,True,336,magic-formula,-0.005016756823380355,2.4743835232377913,0.0,32.6795671407899,26.577218002153266,32.68364537347314,10.78325080871582,-0.06655578315258026,9.332508004294324e-05,-0.006172066216098786,2.8721897024717875,279.02907419826937,0.0,0.0,-0.0,2845.49267578125,True,0.7885356188361379,335,7.010432270053957e-12,4.964801880383777e-05,-0.00578781520790643,True,336,magic-formula,0.044778231348866195,2.372230838636312,0.0,32.9081095576139,26.54474178199735,32.912143335011024,10.857431411743164,-0.015388380736112595,0.00020674708264739275,-0.001417312239756927,17.59663845790515,52.247489361613084,83.40581945883747,77.36699999999999,77.36699999999999,3048.34521484375,True,0.0,335,3.584270836226025e-12,0.000283168865819311,-0.001008932972262959,True,336,magic-formula,0.1406573806789776,0.4583074102458341,0.6447249999999999,32.690192835131164,26.5208090596758,32.69422661252829,10.783161163330078,-0.015388380736112595,0.0004268203167414398,-0.0014270741257292926,20.661188571969575,50.832732453649655,83.40581945883747,77.36699999999999,77.36699999999999,2856.894775390625,True,0.0,335,1.080663615226665e-11,0.00035476945936708235,-0.0010474069884113724,True,336,magic-formula,0.18977344687821085,0.4310302494915903,0.6447249999999999,-0.8256918787956238,9.877074241638184,0.3299996256828308,0.7422531247138977,-0.6700544953346252,0.005627290811389685,-0.007452166639268398,0.8542894124984741,9.868699073791504,0.3299996256828308,0.750259280204773,-0.6610766649246216,0.005584540776908398,-0.007573014125227928,-0.8366602659225464,7.677102088928223,0.32999956607818604,0.7609220743179321,-0.6488380432128906,0.0009966810466721654,-0.0024261607322841883,0.8433210253715515,7.668725490570068,0.32999956607818604,0.7686318159103394,-0.6396860480308533,0.0009675772162154317,-0.002437913790345192
0.850000000000,102,0.18,0.15,0.0,0.013851928524672985,9.313692092895508,0.41887056827545166,-0.42963987588882446,10.813416481018066,0.003698588814586401,-0.11569982767105103,asphalt,0.8890999084995834,0.15,0.0,2377.2026991464686,2,-0.12564155459403992,0.6587342023849487,49.120491631632895,159.82628934123343,-0.0,5941.980048520986,5830.019951479014,-0.054559990763664246,0.18786124470828922,False,-0.0,True,0,0,0.11696416139602661,10.812843322753906,0.0822148472070694,False,True,-0.8170315623283386,10.419981002807617,3.725290298461914e-09,0.0,0.0,1.0,3024.7294921875,3024.7294921875,0.3372461497783661,0.06275385618209839,0.0,asphalt,True,0.8629245758056641,10.40738296508789,3.3527612686157227e-08,0.0,0.0,1.0,2821.43359375,2821.43359375,0.3406386077404022,0.059361398220062256,0.0,asphalt,True,-0.8335286378860474,8.220043182373047,-4.0978193283081055e-08,0.0,0.0,1.0,3066.497802734375,3066.497802734375,0.3371042311191559,0.0628957748413086,0.0,asphalt,True,0.8464274406433105,8.20744514465332,-2.60770320892334e-08,0.0,0.0,1.0,2846.521240234375,2846.521240234375,0.34049662947654724,0.059503376483917236,0.0,asphalt,342,32.90678705295063,28.246614272997082,32.90950602196603,10.859542846679688,-0.07099615037441254,-2.7912704085281566e-05,-0.006537580809456244,-2.760151292961854,299.9736928418766,0.0,0.0,-0.0,3022.6025390625,True,0.883863481245953,341,8.53510625083325e-12,-4.4918734503796874e-05,-0.005858063462171735,True,342,magic-formula,-0.005809946082639933,2.642213178699124,0.0,32.63312426867234,28.210047558063618,32.635843561788,10.768050193786621,-0.07156500220298767,8.179891989734629e-05,-0.006645952356093235,1.9866331506524462,294.53445319070613,0.0,0.0,-0.0,2824.24755859375,True,0.894398746631617,341,8.957779320626223e-12,3.461146130460339e-05,-0.006157637497660324,True,342,magic-formula,0.04039493590993797,2.509706699867064,0.0,32.92010037985865,28.190670631799765,32.92279182829198,10.859354972839355,-0.023266799747943878,0.00039396009474789025,-0.0021425548942568943,29.53836723373821,84.93895947475121,87.27844722585215,77.36699999999999,77.36699999999999,3064.323486328125,True,0.0,341,1.4419785160466586e-10,0.00047293196585001656,-0.0016319241928419497,True,342,magic-formula,0.24017259365955945,0.7448611602321298,0.6447249999999999,32.65020601776649,28.154363197749113,32.65289746619982,10.767864227294922,-0.023266825824975967,0.0006225708670274391,-0.00216076179302963,32.10296560009294,82.0878991526489,87.27844722585215,77.36699999999999,77.36699999999999,2848.045654296875,True,0.0,341,2.6077949704774116e-10,0.0005530406922467566,-0.0016969611678002373,True,342,magic-formula,0.2858312151420418,0.6959895681203636,0.6447249999999999,-0.8176981210708618,10.419963836669922,0.32999932765960693,-0.013895577751100063,0.9998372197151184,-0.011447160504758358,0.0011683078482747078,0.8622580170631409,10.407366752624512,0.3299993872642517,-0.03217221423983574,0.9994149804115295,-0.011515771970152855,0.00138033926486969,-0.8341951966285706,8.220026016235352,0.32999926805496216,-0.04184788465499878,0.9991163611412048,-0.0037038277368992567,0.0011656980495899916,0.8457609415054321,8.207428932189941,0.32999932765960693,-0.05997714027762413,0.9981921911239624,-0.0036820569075644016,0.001232738490216434
0.900000000000,108,0.18,0.15,0.0,0.02071084827184677,9.854148864746094,0.41888314485549927,-0.6013818979263306,10.80759334564209,0.010110655799508095,-0.13564468920230865,asphalt,0.9746153830278935,0.15,0.0,2376.081663690846,2,-0.11404099315404892,0.7366423010826111,49.06678485944905,159.84823628100577,-0.0,5933.914397375599,5838.085602624401,-0.06383701413869858,0.20410473179950525,False,-0.0,True,0,0,0.15215148031711578,10.806591033935547,0.08172370493412018,False,True,-0.8067068457603455,10.962968826293945,-3.725290298461914e-09,0.0,0.0,1.0,3038.877197265625,3038.877197265625,0.33708974719047546,0.06291025876998901,0.0,asphalt,True,0.8732051849365234,10.945335388183594,1.4901161193847656e-08,0.0,0.0,1.0,2808.092529296875,2808.092529296875,0.34106704592704773,0.05893296003341675,0.0,asphalt,True,-0.8297987580299377,8.763089179992676,2.2351741790771484e-08,0.0,0.0,1.0,3077.365478515625,3077.365478515625,0.33670148253440857,0.06329852342605591,0.0,asphalt,True,0.8501133322715759,8.74545669555664,3.725290298461914e-09,0.0,0.0,1.0,2837.106201171875,2837.106201171875,0.34067878127098083,0.05932122468948364,0.0,asphalt,348,32.9127816669096,29.892193783764974,32.914178110022355,10.861464500427246,-0.07460591197013855,-2.2699549132374552e-05,-0.006868755006868003,-2.6312990733297577,313.0487164934151,0.0,0.0,-0.0,3036.407470703125,True,0.9683268752464994,347,7.064052394405574e-13,-4.263675235687001e-05,-0.006086977747097129,True,348,magic-formula,-0.005050504233269495,2.7638651614800525,0.0,32.5914243962925,29.84061080270504,32.59282091589012,10.75441837310791,-0.07517313957214355,6.989477650369546e-05,-0.006989863392483377,1.1792011176936692,304.7906975403431,0.0,0.0,-0.0,2809.945068359375,True,0.9809860943205622,347,1.0676295669537054e-11,2.065414468030205e-05,-0.006406138821544401,True,348,magic-formula,0.036160778019910494,2.602952077840999,0.0,32.929715458230376,29.837071142461063,32.9311058485613,10.861176490783691,-0.031211696565151215,0.000518324183122339,-0.00287368598378379,37.58220387167343,118.56618877239845,89.82638943062194,77.36699999999999,77.36699999999999,3075.7802734375,True,0.0,347,8.44837132140858e-10,0.0005996124668086584,-0.0022700204508964966,True,348,magic-formula,0.30691601017131803,1.0394170036900579,0.6447249999999999,32.61265499648337,29.78591314001045,32.6140453868143,10.754130363464355,-0.03121165931224823,0.0007481576941351111,-0.0029022869002499002,39.50573901197052,113.98620315992322,89.82638943062194,77.36699999999999,77.36699999999999,2838.701171875,True,0.0,347,1.2576789920681658e-09,0.0006829762823378859,-0.002364711460506474,True,348,magic-formula,0.34768739140205607,0.9662390625544951,0.6447249999999999,-0.8074886798858643,10.962919235229492,0.3299991190433502,0.7234167456626892,0.6902747750282288,-0.010311610996723175,-0.009094246663153172,0.8724234104156494,10.945284843444824,0.3299991190433502,0.7053739428520203,0.7086998820304871,-0.010620983317494392,-0.008903242647647858,-0.8305805921554565,8.763039588928223,0.3299991190433502,0.7041831016540527,0.7099980115890503,-0.004559861030429602,-0.0028552967123687267,0.8493314981460571,8.745406150817871,0.3299991190433502,0.6857933402061462,0.7277764678001404,-0.00463139871135354,-0.002737736329436302
0.950000000000,114,0.18,0.15,0.0,0.029436923563480377,10.394304275512695,0.4188740849494934,-0.797726035118103,10.802233695983887,0.013149929232895374,-0.15335257351398468,asphalt,1.0432582496848504,0.15,0.0,2374.9695501311694,2,-0.10677620023488998,0.8061535358428955,49.017624893174506,159.90581132666497,-0.0,5927.520419684056,5844.479580315944,-0.07194780558347702,0.21500724902323007,False,-0.0,True,0,0,0.19097551703453064,10.80062198638916,0.08138763904571533,False,True,-0.7940468192100525,11.505972862243652,1.1175870895385742e-08,0.0,0.0,1.0,3053.743408203125,3053.743408203125,0.33687981963157654,0.06312018632888794,0.0,asphalt,True,0.8857963681221008,11.482583999633789,-7.450580596923828e-09,0.0,0.0,1.0,2799.224609375,2799.224609375,0.341376394033432,0.05862361192703247,0.0,asphalt,True,-0.8246777057647705,9.306185722351074,3.3527612686157227e-08,0.0,0.0,1.0,3085.48095703125,3085.48095703125,0.33637484908103943,0.06362515687942505,0.0,asphalt,True,0.8551654815673828,9.282795906066895,-1.862645149230957e-08,0.0,0.0,1.0,2827.38037109375,2827.38037109375,0.3408714830875397,0.059128522872924805,0.0,asphalt,354,32.9173467698411,31.537979126976666,32.91769447298343,10.862894058227539,-0.07723280787467957,-1.5615008216565465e-05,-0.007109662135442388,-2.3640263978004703,322.37574792461487,0.0,0.0,-0.0,3051.3046875,True,1.0360561121127083,353,5.6633108837426485e-12,-3.812482742780991e-05,-0.006238691909678572,True,354,magic-formula,-0.0034359649093444414,2.852686854812843,0.0,32.55418293585578,31.46914612692839,32.554530403489906,10.742247581481934,-0.07777079939842224,5.8906420250911986e-05,-0.007239587442548979,0.46069963684759674,311.53000048998484,0.0,0.0,-0.0,2800.4853515625,True,1.050561208119407,353,6.941978800621021e-12,8.098015167398199e-06,-0.006571062333149934,True,354,magic-formula,0.03224714902206748,2.666229698106763,0.0,32.936509628375184,31.48381881134047,32.93687409381045,10.862509727478027,-0.038789041340351105,0.0006019281040775283,-0.0035708945209977417,43.03083465689035,151.06192921419665,91.50107474605359,77.36699999999999,77.36699999999999,3084.2666015625,True,0.0,353,2.4046089353808963e-09,0.0006848439772766092,-0.002885007447911136,True,354,magic-formula,0.3518591633119915,1.3239065347527323,0.6447249999999999,32.5780638170796,31.415605430422982,32.57842828251487,10.741864204406738,-0.03878903388977051,0.0008282412680176882,-0.0036109994091663346,44.26564315608127,144.5584888496327,91.50107474605359,77.36699999999999,77.36699999999999,2829.013427734375,True,0.0,353,3.220796850307301e-09,0.0007681188806526094,-0.003010129609225489,True,354,magic-formula,0.3872001810830331,1.225148424836163,0.6447249999999999,-0.7949310541152954,11.50590991973877,0.32999879121780396,0.9980169534683228,-0.06086228787899017,-0.00035958565422333777,-0.01605403795838356,0.8849121332168579,11.48252010345459,0.32999876141548157,0.9995181560516357,-0.026485808193683624,-0.000908384972717613,-0.016158675774931908,-0.8255619406700134,9.306122779846191,0.32999879121780396,0.9994024038314819,-0.033833008259534836,-0.001101978006772697,-0.007002997677773237,0.8542812466621399,9.282732963562012,0.32999876141548157,0.99997478723526,0.00026688084471970797,-0.0013401436153799295,-0.006961347535252571
1.000000000000,120,0.18,0.15,0.0,0.04019949585199356,10.934164047241211,0.4188521206378937,-1.0152589082717896,10.797179222106934,0.013721638359129429,-0.16906747221946716,asphalt,1.097632587149416,0.15,0.0,2373.8743653475926,2,-0.10229746997356415,0.8671118021011353,48.97144788997548,159.96568260490994,-0.0,5922.541304332548,5849.458695667452,-0.0788603350520134,0.22172627128763472,False,-0.0,True,0,0,0.23300695419311523,10.794745445251465,0.08123800158500671,False,True,-0.7789433002471924,12.048954010009766,1.862645149230957e-08,0.0,0.0,1.0,3067.478271484375,3067.478271484375,0.3366387188434601,0.0633612871170044,0.0,asphalt,True,0.9008001685142517,12.019186019897461,4.842877388000488e-08,0.0,0.0,1.0,2792.86181640625,2792.86181640625,0.34159597754478455,0.05840402841567993,0.0,asphalt,True,-0.8179259896278381,9.849299430847168,3.725290298461914e-08,0.0,0.0,1.0,3092.017578125,3092.017578125,0.33611181378364563,0.06388819217681885,0.0,asphalt,True,0.861817479133606,9.819531440734863,-7.450580596923828e-09,0.0,0.0,1.0,2817.754638671875,2817.754638671875,0.34106919169425964,0.058930814266204834,0.0,asphalt,360,32.91987239472852,33.18389628274316,32.91953767497959,10.8636474609375,-0.07917320728302002,-8.244991142155092e-06,-0.007287773824544801,-2.035317875641376,329.10598515713923,0.0,0.0,-0.0,3065.32568359375,True,1.089663098347301,359,3.01900402499785e-12,-3.267704287040064e-05,-0.006340473732602968,True,360,magic-formula,-0.0014536729389961608,2.9183609928929126,0.0,32.521010346088495,33.095882681473164,32.52067505217919,10.731411933898926,-0.07966572046279907,4.859382097061135e-05,-0.007423464642540367,-0.17114823324373882,315.9674419564877,0.0,0.0,-0.0,2793.816162109375,True,1.1057194934278718,359,7.0044774525426504e-12,-3.0159289960035846e-06,-0.006681374422160348,True,360,magic-formula,0.02873664744417536,2.709559228750576,0.0,32.94038484858899,33.13078469153814,32.940089152565605,10.863175392150879,-0.045734867453575134,0.0006583349366388072,-0.0042100578874708266,46.74049320909259,181.14807958676266,92.60013575370752,77.36699999999999,77.36699999999999,3091.000732421875,True,0.0,359,4.739957294676082e-09,0.0007424925305511341,-0.0034531230337059918,True,360,magic-formula,0.38226374683494635,1.5871752013487845,0.6447249999999999,32.54657931147504,33.04360946099928,32.54628361545166,10.730938911437988,-0.04573489725589752,0.000878978198144628,-0.0042619402385381516,47.299637409873995,172.60715153063435,92.60013575370752,77.36699999999999,77.36699999999999,2819.33251953125,True,0.0,359,5.8860872792600784e-09,0.0008238637455975622,-0.0036077441232201086,True,360,magic-formula,0.41214146525302814,1.4626095405574757,0.6447249999999999,-0.779918372631073,12.0488920211792,0.32999858260154724,0.6340608596801758,-0.7730634808540344,0.01326801534742117,-0.01278753113001585,0.8998251557350159,12.019124031066895,0.32999861240386963,0.6674542427062988,-0.7444193363189697,0.012796946801245213,-0.013452338986098766,-0.818901002407074,9.849237442016602,0.32999858260154724,0.6544384956359863,-0.756061851978302,0.0057333591394126415,-0.006914145313203335,0.8608425259590149,9.819469451904297,0.32999852299690247,0.6867607831954956,-0.7268279790878296,0.0054266443476080894,-0.007157396990805864
1.050000000000,126,0.18,0.15,0.0,0.05314648151397705,11.473729133605957,0.41882598400115967,-1.2506330013275146,10.79232406616211,0.012853971682488918,-0.18302814662456512,asphalt,1.1402704055767994,0.15,0.0,2372.8026202843303,2,-0.09919656813144684,0.9197439551353455,48.9271861669329,160.00851132454127,-0.0,5918.720451616734,5853.279548383266,-0.08463039994239807,0.22539817909739346,False,-0.0,True,0,0,0.27782076597213745,10.788830757141113,0.08123455941677094,False,True,-0.7613087296485901,12.591865539550781,-3.725290298461914e-09,0.0,0.0,1.0,3078.968994140625,3078.968994140625,0.3363915979862213,0.06360840797424316,0.0,asphalt,True,0.9182996153831482,12.555197715759277,-2.9802322387695312e-08,0.0,0.0,1.0,2787.586669921875,2787.586669921875,0.3417583405971527,0.05824166536331177,0.0,asphalt,True,-0.8093273639678955,10.392389297485352,1.4901161193847656e-08,0.0,0.0,1.0,3097.718017578125,3097.718017578125,0.3358980119228363,0.06410199403762817,0.0,asphalt,True,0.8702809810638428,10.355722427368164,-2.9802322387695312e-08,0.0,0.0,1.0,2808.697998046875,2808.697998046875,0.3412646949291229,0.05873531103134155,0.0,asphalt,366,32.920153716836616,34.829854893759155,32.91948246469398,10.86366081237793,-0.08064153790473938,-9.283999214850174e-07,-0.007422917392557586,-1.6938408313822513,334.05175125374495,0.0,0.0,-0.0,3077.235107421875,True,1.1316722443413865,365,2.155263525893315e-11,-2.7091402377571372e-05,-0.00641132713825946,True,366,magic-formula,0.0006192923809805479,2.9677502541399763,0.0,32.49144577138331,34.721030507495,32.49077360037454,10.721750259399414,-0.08108127117156982,3.9811145265696535e-05,-0.007562172557707321,-0.7230739917186273,318.9264814452327,0.0,0.0,-0.0,2788.433837890625,True,1.149000202769705,365,6.365826872155775e-12,-1.2767494261836969e-05,-0.006757532570606348,True,366,magic-formula,0.025628343615694455,2.7397528108240636,0.0,32.941459957758,34.77784347351627,32.940848850776476,10.863115310668945,-0.05191081762313843,0.0006965290503511687,-0.004778594446504848,49.275057353739776,208.13482642553663,93.31981744168058,77.36699999999999,77.36699999999999,3096.806396484375,True,0.0,365,7.505732291559851e-09,0.0007815376616939688,-0.003961379978357481,True,366,magic-formula,0.4028904018719639,1.8232281499550829,0.6447249999999999,32.51808280352461,34.670096650954676,32.51747169654308,10.721200942993164,-0.05191075801849365,0.0009109410617231058,-0.004841841192841853,49.21532251542213,197.5205776607847,93.31981744168058,77.36699999999999,77.36699999999999,2810.15087890625,True,0.0,365,8.813435209186286e-09,0.0008603346162503291,-0.004143412479904576,True,366,magic-formula,0.4276926821268953,1.6734727352006096,0.6447249999999999,-0.7623642683029175,12.591814994812012,0.32999828457832336,0.1356075406074524,0.9905431866645813,-0.02081260085105896,-0.0012393739307299256,0.9172440767288208,12.555146217346191,0.329998254776001,0.08153656870126724,0.9964490532875061,-0.02099987305700779,-0.0001180285689770244,-0.8103829026222229,10.392337799072266,0.32999834418296814,0.10983860492706299,0.9938881993293762,-0.011023343540728092,0.0003888061619363725,0.8692254424095154,10.355670928955078,0.32999831438064575,0.05616135895252228,0.9983607530593872,-0.010986417531967163,0.0009818162070587277
1.100000000000,132,0.18,0.15,0.0,0.06840508431196213,12.012994766235352,0.41880160570144653,-1.500749111175537,10.787591934204102,0.011433051899075508,-0.1953859031200409,asphalt,1.1734490399376585,0.15,0.0,2371.7561624898703,2,-0.09733732044696808,0.9645636081695557,48.8841371112552,160.02879250021235,-0.0,5915.8275353698355,5856.1724646301645,-0.08936342597007751,0.22702502372968858,False,-0.0,True,0,0,0.3250121772289276,10.782777786254883,0.08131061494350433,False,True,-0.7410719394683838,13.134663581848145,-2.60770320892334e-08,0.0,0.0,1.0,3087.86328125,3087.86328125,0.3361590802669525,0.06384092569351196,0.0,asphalt,True,0.938361406326294,13.090662956237793,1.1175870895385742e-08,0.0,0.0,1.0,2782.704345703125,2782.704345703125,0.34188809990882874,0.05811190605163574,0.0,asphalt,True,-0.79869145154953,10.935418128967285,7.450580596923828e-09,0.0,0.0,1.0,3102.98388671875,3102.98388671875,0.335720032453537,0.06427997350692749,0.0,asphalt,True,0.8807418942451477,10.891417503356934,3.3527612686157227e-08,0.0,0.0,1.0,2800.66650390625,2800.66650390625,0.3414490520954132,0.05855095386505127,0.0,asphalt,372,32.91818852239992,36.47575767329132,32.91744212300289,10.862936973571777,-0.08177971839904785,6.005633684261073e-06,-0.007528182633937439,-1.3707713337159728,337.7615722061092,0.0,0.0,-0.0,3086.561279296875,True,1.16434530194388,371,3.0231027130004732e-12,-2.185917163606569e-05,-0.006463297142042966,True,372,magic-formula,0.0026051403443251714,3.0055378261411176,0.0,32.46496140932241,36.34477216042059,32.46421374938028,10.713092803955078,-0.08216598629951477,3.215328454840415e-05,-0.007669528935277004,-1.1842964328121406,320.9436917816131,0.0,0.0,-0.0,2783.507568359375,True,1.1826962393105593,371,1.145773816880289e-11,-2.0949718697777153e-05,-0.006812729500555898,True,372,magic-formula,0.023022676950671096,2.7612915016367294,0.0,32.93993879522936,36.42487607362282,32.93927252606995,10.862329483032227,-0.05726318061351776,0.0007227104835776751,-0.005271673101409617,51.023804564650256,231.73069613687537,93.78950943322994,77.36699999999999,77.36699999999999,3102.1318359375,True,0.0,371,1.0461560406707618e-08,0.0008081371911492198,-0.004404273290674817,True,372,magic-formula,0.41701091967320225,2.0295578981340574,0.6447249999999999,32.49227294077983,36.295224352213914,32.49160667162042,10.712480545043945,-0.05726329982280731,0.0009306458360860547,-0.005345424355779735,50.4079623419637,219.08676455744197,93.78950943322994,77.36699999999999,77.36699999999999,2801.917724609375,True,0.0,371,1.1663227196840443e-08,0.0008840768493272752,-0.004610894507615972,True,372,magic-formula,0.43723112616712334,1.8559685693736712,0.6447249999999999,-0.742198646068573,13.134627342224121,0.32999804615974426,0.8184090256690979,0.5741627812385559,-0.014750342816114426,-0.018059570342302322,0.9372346997261047,13.09062671661377,0.32999807596206665,0.7790749073028564,0.6264910697937012,-0.01600094512104988,-0.01718028634786606,-0.7998181581497192,10.935381889343262,0.32999810576438904,0.8036977648735046,0.5948912501335144,-0.00916221458464861,-0.009511975571513176,0.8796151876449585,10.89138126373291,0.32999807596206665,0.7634715437889099,0.6457064151763916,-0.009759169071912766,-0.00889845285564661
1.150000000000,138,0.18,0.15,0.0,0.08608309179544449,12.55195140838623,0.41878166794776917,-1.7628538608551025,10.78294563293457,0.010073021054267883,-0.2062099575996399,asphalt,1.1991221021386687,0.15,0.0,2370.7324450782976,2,-0.09601662307977676,1.0021541118621826,48.84194495820477,160.03114514313626,-0.0,5913.646500353519,5858.353499646481,-0.09318830072879791,0.22741595544071333,False,-0.0,True,0,0,0.3742046356201172,10.776534080505371,0.08140650391578674,False,True,-0.7181763052940369,13.677299499511719,-1.1175870895385742e-08,0.0,0.0,1.0,3094.34033203125,3094.34033203125,0.33595457673072815,0.06404542922973633,0.0,asphalt,True,0.9610394239425659,13.625617027282715,-3.725290298461914e-09,0.0,0.0,1.0,2777.998291015625,2777.998291015625,0.3420009911060333,0.05799901485443115,0.0,asphalt,True,-0.7858556509017944,11.478341102600098,-1.4901161193847656e-08,0.0,0.0,1.0,3107.926025390625,3107.926025390625,0.33556780219078064,0.06443220376968384,0.0,asphalt,True,0.8933600187301636,11.426658630371094,-3.3527612686157227e-08,0.0,0.0,1.0,2793.957763671875,2793.957763671875,0.3416142761707306,0.05838572978973389,0.0,asphalt,378,32.9141668554606,38.12150745206422,32.913501810000845,10.861543655395508,-0.08267754316329956,1.2098363792434469e-05,-0.0076118044555336445,-1.07727123109747,340.5971652072055,0.0,0.0,-0.0,3093.411865234375,True,1.1896173289841456,377,8.619267723993781e-12,-1.714152970408224e-05,-0.006503402982734254,True,378,magic-formula,0.004391103426643716,3.034860596151681,0.0,32.44110530706079,37.96726034101919,32.4404386680499,10.705286979675293,-0.08301380276679993,2.594714698397589e-05,-0.007754312337644796,-1.5736983676041167,322.35898576169797,0.0,0.0,-0.0,2778.770751953125,True,1.2087799578252263,377,1.6951433099043915e-11,-2.7886858741901753e-05,-0.006854761154820882,True,378,magic-formula,0.02080182068302232,2.7770472834132445,0.0,32.936146470663836,38.07177180312933,32.935580488414736,10.86088752746582,-0.06179755926132202,0.0007403453753583762,-0.005689856580864717,52.23117712478925,251.90329096523197,94.09450553168902,77.36699999999999,77.36699999999999,3107.128662109375,True,0.0,377,1.3276261064852897e-08,0.0008261698527880153,-0.0047813584994045285,True,378,magic-formula,0.4266473859113824,2.205918353393935,0.6447249999999999,32.46883091782871,37.919129060287936,32.46826493557961,10.704622268676758,-0.061797648668289185,0.0009427641586428237,-0.005772923192711075,51.13636864756554,237.3580849051181,94.09450553168902,77.36699999999999,77.36699999999999,2794.980224609375,True,0.0,377,1.4243169578384225e-08,0.000899366779367601,-0.005009433318581152,True,378,magic-formula,0.44291773094753834,2.0105589910030144,0.6447249999999999,-0.7193651795387268,13.677277565002441,0.32999783754348755,0.9774710536003113,-0.20948335528373718,0.0036406456492841244,-0.02556733414530754,0.9598506093025208,13.625595092773438,0.32999783754348755,0.9907013773918152,-0.13354834914207458,0.0016822915058583021,-0.025937503203749657,-0.7870446443557739,11.47831916809082,0.32999783754348755,0.9825841784477234,-0.1851712465286255,0.001080310088582337,-0.015450632199645042,0.8921711444854736,11.426636695861816,0.32999780774116516,0.9938425421714783,-0.10971352458000183,-0.00010089250281453133,-0.015488026663661003
1.200000000000,144,0.18,0.15,0.0,0.10627038776874542,13.090590476989746,0.4187662601470947,-2.034574270248413,10.778350830078125,0.009097949601709843,-0.21553213894367218,asphalt,1.2189128060637078,0.15,0.0,2369.7265926171435,2,-0.09509940445423126,1.0332139730453491,48.800254583770375,160.02371556978423,-0.0,5912.0208661356955,5859.9791338643045,-0.09623978286981583,0.22717310829131512,False,-0.0,True,0,0,0.4250546097755432,10.770050048828125,0.0814855620265007,False,True,-0.6925758719444275,14.21972942352295,-1.4901161193847656e-08,0.0,0.0,1.0,3098.866455078125,3098.866455078125,0.33578404784202576,0.06421595811843872,0.0,asphalt,True,0.9863768219947815,14.160085678100586,7.450580596923828e-09,0.0,0.0,1.0,2773.564453125,2773.564453125,0.3421037495136261,0.05789625644683838,0.0,asphalt,True,-0.7706828117370605,12.021116256713867,-7.450580596923828e-09,0.0,0.0,1.0,3112.4951171875,3112.4951171875,0.3354346454143524,0.06456536054611206,0.0,asphalt,True,0.9082698225975037,11.961471557617188,3.3527612686157227e-08,0.0,0.0,1.0,2788.6875,2788.6875,0.3417544662952423,0.05824553966522217,0.0,asphalt,384,32.908300650308576,39.76701257706343,32.90777935000622,10.859551429748535,-0.08338755369186401,1.729213720386362e-05,-0.007678578195960741,-0.8201018454297183,342.7837022338927,0.0,0.0,-0.0,3098.228271484375,True,1.2090930354998446,383,8.017222410118527e-12,-1.3029613175663966e-05,-0.006535201183053497,True,384,magic-formula,0.0059501463144109165,3.0577350558659733,0.0,32.41939778651392,39.58861955058581,32.418874574613774,10.6981782913208,-0.08367913961410522,2.0842635327354963e-05,-0.007821652516981303,-1.889781193592901,323.37204567773387,0.0,0.0,-0.0,2774.276123046875,True,1.2288933625132632,383,1.4796633033863393e-11,-3.354354260167875e-05,-0.006887700542617247,True,384,magic-formula,0.019008962442537164,2.7887510637431614,0.0,32.93038152138717,39.718430751648086,32.92997706330163,10.858855247497559,-0.06555795669555664,0.0007524416132252665,-0.00603720730378619,53.06505475339588,268.79045457363213,94.29101720720001,77.36699999999999,77.36699999999999,3111.7685546875,True,0.0,383,1.583389693216319e-08,0.0008383258676173281,-0.005095602938582969,True,384,magic-formula,0.4332758897888909,2.3535435276591246,0.6447249999999999,32.447371881356254,39.54192426804073,32.44696742327071,10.697471618652344,-0.06555798649787903,0.0009498601685938706,-0.006128286022778509,51.568237717085914,252.54038985122457,94.29101720720001,77.36699999999999,77.36699999999999,2789.471923828125,True,0.0,383,1.6457092230516178e-08,0.00090901434560356,-0.005341908053578873,True,384,magic-formula,0.4461978364637649,2.139002282350847,0.6447249999999999,-0.6938182711601257,14.219721794128418,0.32999762892723083,0.5112802386283875,-0.8589457869529724,0.023358987644314766,-0.016091538593173027,0.9851343631744385,14.160077095031738,0.3299976587295532,0.5857574939727783,-0.8099838495254517,0.021972712129354477,-0.018209517002105713,-0.7719252705574036,12.021108627319336,0.3299976885318756,0.5321036577224731,-0.8464909791946411,0.014030096121132374,-0.011041268706321716,0.9070273637771606,11.961463928222656,0.3299976587295532,0.6046412587165833,-0.7962977290153503,0.013002335093915462,-0.012234889902174473
1.250000000000,150,0.18,0.15,0.0,0.1290407031774521,13.628896713256836,0.4187541902065277,-2.313918352127075,10.773786544799805,0.008593789301812649,-0.22339268028736115,asphalt,1.2341393341669717,0.15,0.0,2368.7323628814443,2,-0.09490015357732773,1.0584614276885986,48.75891000292184,160.01376412249405,-0.0,5910.815011936892,5861.184988063108,-0.09864813834428787,0.22669924106787415,False,-0.0,True,0,0,0.47725334763526917,10.763294219970703,0.08153532445430756,False,True,-0.6642341017723083,14.761911392211914,4.842877388000488e-08,0.0,0.0,1.0,3101.996337890625,3101.996337890625,0.3356471359729767,0.06435286998748779,0.0,asphalt,True,1.0144085884094238,14.694082260131836,4.0978193283081055e-08,0.0,0.0,1.0,2769.596923828125,2769.596923828125,0.34219738841056824,0.05780261754989624,0.0,asphalt,True,-0.7530593276023865,12.563705444335938,1.862645149230957e-08,0.0,0.0,1.0,3116.560546875,3116.560546875,0.3353171646595001,0.06468284130096436,0.0,asphalt,True,0.9255834817886353,12.495875358581543,1.4901161193847656e-08,0.0,0.0,1.0,2784.769287109375,2784.769287109375,0.3418674170970917,0.0581325888633728,0.0,asphalt,390,32.9008463267396,41.412189182259326,32.90046459440917,10.857043266296387,-0.08394265174865723,2.1739024326530197e-05,-0.0077314768952491016,-0.5974885382730973,344.4632690906019,0.0,0.0,-0.0,3101.546875,True,1.2240737465896627,389,7.289841340221963e-12,-9.482879038662832e-06,-0.006560373515805953,True,390,magic-formula,0.007332052398818139,3.0754828032145376,0.0,32.3994306159024,41.20894811498911,32.39904667590092,10.691632270812988,-0.08419644832611084,1.681992330541684e-05,-0.007874822643189783,-2.138155886921123,324.0999239645964,0.0,0.0,-0.0,2770.21435546875,True,1.2443718071514474,389,2.3802798684221127e-11,-3.8008951564246763e-05,-0.006913528871177951,True,390,magic-formula,0.017611982002501456,2.797465772711783,0.0,32.92294921128755,41.364764084739356,32.92270069068159,10.856314659118652,-0.06861516833305359,0.0007607167685862313,-0.006320216101972786,53.651864675790335,282.6468391133678,94.41607450719849,77.36699999999999,77.36699999999999,3115.9189453125,True,0.0,389,1.8097091008304853e-08,0.0008466569020685161,-0.005352342107487591,True,390,magic-formula,0.43787898431107897,2.474677975379155,0.6447249999999999,32.427543685192525,41.16370095700595,32.42729516458656,10.69089412689209,-0.06861519813537598,0.0009536423334133569,-0.006418009121827114,51.81704314677508,264.93451959920486,94.41607450719849,77.36699999999999,77.36699999999999,2785.33251953125,True,0.0,389,1.829778899463384e-08,0.0009149844714655225,-0.005613792146974583,True,390,magic-formula,0.4480228583866677,2.2438522714407956,0.6447249999999999,-0.6655217409133911,14.761913299560547,0.32999756932258606,0.2816808819770813,0.9590094685554504,-0.030167967081069946,-0.0068303002044558525,1.0131210088729858,14.694084167480469,0.32999756932258606,0.1829397827386856,0.9826318621635437,-0.03087928704917431,-0.0037671015597879887,-0.7543469667434692,12.56370735168457,0.32999756932258606,0.2589525580406189,0.96567702293396,-0.020007558166980743,-0.003346403129398823,0.9242958426475525,12.495878219604492,0.32999756932258606,0.16072846949100494,0.9867901802062988,-0.020242389291524887,-0.0013215213548392057
1.300000000000,156,0.18,0.15,0.0,0.15445341169834137,14.166857719421387,0.4187440574169159,-2.5992493629455566,10.769246101379395,0.008493157103657722,-0.22986941039562225,asphalt,1.2458538276703526,0.15,0.0,2367.74382472681,2,-0.09434588253498077,1.078643560409546,48.71777275418974,160.00629473007984,-0.0,5909.927564602106,5862.072435397894,-0.1005319356918335,0.22622994131490656,False,-0.0,True,0,0,0.5305296182632446,10.756253242492676,0.0815596655011177,False,True,-0.6331223845481873,15.303805351257324,-3.725290298461914e-09,0.0,0.0,1.0,3104.192626953125,3104.192626953125,0.33554038405418396,0.06445962190628052,0.0,asphalt,True,1.045162558555603,15.227617263793945,2.9802322387695312e-08,0.0,0.0,1.0,2766.240478515625,2766.240478515625,0.3422805964946747,0.057719409465789795,0.0,asphalt,True,-0.7328935861587524,13.106069564819336,-2.60770320892334e-08,0.0,0.0,1.0,3119.99169921875,3119.99169921875,0.3352143466472626,0.0647856593132019,0.0,asphalt,True,0.9453914761543274,13.02988052368164,2.9802322387695312e-08,0.0,0.0,1.0,2781.97412109375,2781.97412109375,0.34195443987846375,0.05804556608200073,0.0,asphalt,396,32.89207425528336,43.056963341366185,32.89179181756815,10.854109764099121,-0.08436721563339233,2.5312084579996277e-05,-0.007772679515664021,-0.4240831506700577,345.7395284702179,0.0,0.0,-0.0,3103.87109375,True,1.2355970710676976,395,1.7252530624945504e-11,-6.725824490827124e-06,-0.006579888378731526,True,396,magic-formula,0.00839664334278414,3.0891114399674895,0.0,32.38086225073755,42.828322248110986,32.38057733873109,10.685539245605469,-0.08458966016769409,1.3597548479619302e-05,-0.007916108984789325,-2.3439948208316643,324.6185236046983,0.0,0.0,-0.0,2766.753173828125,True,1.2562822658792083,395,1.6751765653710425e-11,-4.172112673361677e-05,-0.006933411330728939,True,396,magic-formula,0.01643238782330249,2.8039043566840265,0.0,32.91415519693812,43.01069507325628,32.914020611556516,10.853357315063477,-0.07105544209480286,0.0007660210278494954,-0.006546769343288503,54.04979620448263,293.80645739791913,94.4940616157358,77.36699999999999,77.36699999999999,3119.466064453125,True,0.0,395,1.9959876967747522e-08,0.0008521262094525788,-0.005558376655438783,True,396,magic-formula,0.44094028288845233,2.5722468363926403,0.6447249999999999,32.40904187300644,42.78453058186673,32.408907287624835,10.684776306152344,-0.07105547189712524,0.0009553323015197905,-0.006650061959344621,51.94519937509304,274.8900395187916,94.4940616157358,77.36699999999999,77.36699999999999,2782.372802734375,True,0.0,395,1.975914414079833e-08,0.0009184138718114606,-0.005832145403190079,True,396,magic-formula,0.44886939046691554,2.328073895122013,0.6447249999999999,-0.6344472169876099,15.303816795349121,0.32999736070632935,0.8943395614624023,0.4461314082145691,-0.01672982983291149,-0.029045769944787025,1.0438377857208252,15.227628707885742,0.32999733090400696,0.8376054763793945,0.5452351570129395,-0.020032336935400963,-0.02709897607564926,-0.7342183589935303,13.106081008911133,0.32999730110168457,0.884058952331543,0.46682050824165344,-0.012365004047751427,-0.019119571894407272,0.9440666437149048,13.029891967773438,0.32999733090400696,0.825735330581665,0.5635979175567627,-0.014443518593907356,-0.017602164298295975
1.350000000000,162,0.18,0.15,0.0,0.1825554072856903,14.704456329345703,0.4187347888946533,-2.889244318008423,10.764718055725098,0.008657281287014484,-0.23508721590042114,asphalt,1.254884721748864,0.15,0.0,2366.7572097734665,2,-0.09418076276779175,1.094513177871704,48.676808100646376,160.00293333758069,-0.0,5909.274354070608,5862.725645929392,-0.1019953116774559,0.22587981512924873,False,-0.0,True,0,0,0.5846498012542725,10.748912811279297,0.08157064020633698,False,True,-0.5992180705070496,15.845375061035156,-3.725290298461914e-09,0.0,0.0,1.0,3105.828369140625,3105.828369140625,0.3354579508304596,0.06454205513000488,0.0,asphalt,True,1.078660488128662,15.760693550109863,1.862645149230957e-08,0.0,0.0,1.0,2763.58251953125,2763.58251953125,0.3423510491847992,0.05764895677566528,0.0,asphalt,True,-0.7101114392280579,13.648172378540039,7.450580596923828e-09,0.0,0.0,1.0,3122.749267578125,3122.749267578125,0.33512553572654724,0.06487447023391724,0.0,asphalt,True,0.967767059803009,13.56348991394043,-3.725290298461914e-09,0.0,0.0,1.0,2780.0400390625,2780.0400390625,0.3420186936855316,0.05798131227493286,0.0,asphalt,402,32.8822259053127,44.70127385870354,32.88199229788781,10.85082721710205,-0.08468121290206909,2.8323338395538055e-05,-0.007803966657905717,-0.2763860912054219,346.68804336124384,0.0,0.0,-0.0,3105.583984375,True,1.2444793730300134,401,2.7709962592470974e-12,-4.381047494510928e-06,-0.006594404634284026,True,402,magic-formula,0.009300229634729679,3.099371729022125,0.0,32.363405873396125,44.44680219560084,32.36316955995529,10.679805755615234,-0.08487826585769653,1.1065988295213695e-05,-0.007947380392281813,-2.5035362263116165,324.97613107260605,0.0,0.0,-0.0,2763.97607421875,True,1.2654655116063365,401,1.732937096303163e-11,-4.460635638907021e-05,-0.006948140487679653,True,402,magic-formula,0.015504081504064121,2.808555579898034,0.0,32.90426234013185,44.65616085860036,32.904189244988544,10.850055694580078,-0.07297119498252869,0.0007696621933106826,-0.006725319839146645,54.32485044123402,302.63720571683746,94.54103272213415,77.36699999999999,77.36699999999999,3122.339599609375,True,0.0,401,2.1465900471577794e-08,0.0008558050348322895,-0.0057210418423255475,True,402,magic-formula,0.4430473882213025,2.649466354233996,0.6447249999999999,32.39159868111171,44.404470037823245,32.3915255859684,10.679020881652832,-0.07297125458717346,0.0009557695623171521,-0.006833034573820679,52.00618395964191,282.7646280263439,94.54103272213415,77.36699999999999,77.36699999999999,2780.316162109375,True,0.0,401,2.0887746250220484e-08,0.000920328197272549,-0.006004665896676399,True,402,magic-formula,0.4491865603524672,2.3946939587305387,0.6447249999999999,-0.6005728244781494,15.845394134521484,0.3299972414970398,0.9354820251464844,-0.3515230715274811,0.010766599327325821,-0.034482382237911224,1.0773056745529175,15.760711669921875,0.3299972414970398,0.9725192785263062,-0.22997406125068665,0.006346148904412985,-0.035747941583395004,-0.7114662528038025,13.64819049835205,0.3299972414970398,0.9434791207313538,-0.3304654061794281,0.006397191900759935,-0.02447195164859295,0.9664122462272644,13.563508987426758,0.3299972116947174,0.9774961471557617,-0.20943130552768707,0.0032750063110142946,-0.025081364437937737
1.400000000000,168,0.18,0.15,0.0,0.2133830189704895,15.241679191589355,0.41872599720954895,-3.182849407196045,10.760208129882812,0.008940592408180237,-0.2392069399356842,asphalt,1.2618772356550074,0.15,0.0,2365.77003268119,2,-0.09410211443901062,1.1068148612976074,48.63600722584851,160.00283710818042,-0.0,5908.785353404744,5863.214646595256,-0.10312645137310028,0.2256834069833053,False,-0.0,True,0,0,0.6394177079200745,10.7412748336792,0.08157896250486374,False,True,-0.5625037550926208,16.3865909576416,-1.1175870895385742e-08,0.0,0.0,1.0,3107.125244140625,3107.125244140625,0.33539435267448425,0.06460565328598022,0.0,asphalt,True,1.1149193048477173,16.293310165405273,0.0,0.0,0.0,1.0,2761.576904296875,2761.576904296875,0.34240826964378357,0.05759173631668091,0.0,asphalt,True,-0.6846550107002258,14.189983367919922,-1.4901161193847656e-08,0.0,0.0,1.0,3124.826416015625,3124.826416015625,0.3350510895252228,0.0649489164352417,0.0,asphalt,True,0.9927679896354675,14.096704483032227,0.0,0.0,0.0,1.0,2778.694091796875,2778.694091796875,0.3420650064945221,0.05793499946594238,0.0,asphalt,408,32.87154240231966,46.34507065371356,32.87131377496762,10.847277641296387,-0.08490461111068726,3.054697040669672e-05,-0.007827113867093664,-0.16361636668777765,347.376566255095,0.0,0.0,-0.0,3106.924072265625,True,1.2513561062679215,407,3.0060791236566635e-12,-2.5924241097002223e-06,-0.006604725253387304,True,408,magic-formula,0.010001004616501911,3.106951829998218,0.0,32.34683428483518,46.06443477105447,32.34660275667525,10.674358367919922,-0.08508175611495972,9.082145487963476e-06,-0.007970498221970766,-2.629475287158324,325.20920180875476,0.0,0.0,-0.0,2761.86767578125,True,1.2725767545343407,407,1.8419351322532384e-11,-4.688658093602924e-05,-0.006958514436171127,True,408,magic-formula,0.014776345584563973,2.8118076078640613,0.0,32.89352170767625,46.301110574153,32.893464179124116,10.846487998962402,-0.07445406913757324,0.0007720623091604901,-0.00686424027487158,54.50593414438019,309.5206266698776,94.56755781538482,77.36699999999999,77.36699999999999,3124.526611328125,True,0.0,407,2.2658899311789726e-08,0.0008581612885837475,-0.005847779981028553,True,408,magic-formula,0.44440162534276784,2.709672479072021,0.6447249999999999,32.37501547334898,46.02356384693114,32.37495794479685,10.673558235168457,-0.07445406913757324,0.0009553394296485494,-0.006975449041964229,52.018175096400924,288.9097606502455,94.56755781538482,77.36699999999999,77.36699999999999,2778.890380859375,True,0.0,407,2.1770285170132067e-08,0.000921137333692336,-0.006139136318528427,True,408,magic-formula,0.4491512550713853,2.4466880994409896,0.6447249999999999,-0.5638821721076965,16.386615753173828,0.32999709248542786,-0.3793972134590149,0.9244224429130554,-0.03499697893857956,0.01661905087530613,1.113540768623352,16.2933349609375,0.32999709248542786,0.5049528479576111,-0.8622685670852661,0.0324883908033371,-0.021443814039230347,-0.6860334277153015,14.190008163452148,0.32999709248542786,-0.3997471332550049,0.9162022471427917,-0.0246196947991848,0.013020185753703117,0.9913895130157471,14.09673023223877,0.32999709248542786,0.5226406455039978,-0.8520979881286621,0.022581955417990685,-0.016300605610013008
1.450000000000,174,0.18,0.15,0.0,0.24696382880210876,15.778512001037598,0.4187176823616028,-3.479243516921997,10.755694389343262,0.009228315204381943,-0.2424078732728958,asphalt,1.2673293973421593,0.15,0.0,2364.78139270379,2,-0.09402362257242203,1.1162151098251343,48.595214840947826,160.00478492397212,-0.0,5908.440039797532,5863.559960202468,-0.10399830341339111,0.22563438754209683,False,-0.0,True,0,0,0.6946728229522705,10.733320236206055,0.08159198611974716,False,True,-0.5229666829109192,16.92742156982422,-1.4901161193847656e-08,0.0,0.0,1.0,3108.204345703125,3108.204345703125,0.33534476161003113,0.06465524435043335,0.0,asphalt,True,1.153951644897461,16.82546615600586,2.2351741790771484e-08,0.0,0.0,1.0,2760.14013671875,2760.14013671875,0.3424524962902069,0.05754750967025757,0.0,asphalt,True,-0.65647953748703,14.731477737426758,3.3527612686157227e-08,0.0,0.0,1.0,3126.310546875,3126.310546875,0.33499035239219666,0.06500965356826782,0.0,asphalt,True,1.0204389095306396,14.629522323608398,-1.4901161193847656e-08,0.0,0.0,1.0,2777.71826171875,2777.71826171875,0.342098206281662,0.05790179967880249,0.0,asphalt,414,32.860162918484825,47.98831395857191,32.859910463826786,10.84350299835205,-0.08505666255950928,3.234791819541027e-05,-0.007843859882053971,-0.07477356904730245,347.85949554093986,0.0,0.0,-0.0,3108.04052734375,True,1.2567175516148854,413,3.190048589630849e-12,-1.1843352032472709e-06,-0.006611580780414298,True,414,magic-formula,0.010565774755119304,3.112406483939486,0.0,32.33091998124034,47.68125630705776,32.33066446701302,10.669122695922852,-0.08521759510040283,7.58243098033814e-06,-0.007987140591205614,-2.7251466348032305,325.348464151851,0.0,0.0,-0.0,2760.346923828125,True,1.2781219542071454,413,2.3551123086498568e-11,-4.861966782779538e-05,-0.006965384498030236,True,414,magic-formula,0.014223846158232774,2.8139864168275173,0.0,32.88209011429168,47.945504327607104,32.88201734412174,10.842700958251953,-0.07558810710906982,0.0007736798696746124,-0.006971222661269585,54.62562222868297,314.8190794332887,94.58059900751908,77.36699999999999,77.36699999999999,3126.101318359375,True,0.0,413,2.3591832274371028e-08,0.0008596947067068968,-0.005945454081533779,True,414,magic-formula,0.44529891323538684,2.7560253359563625,0.6447249999999999,32.359077874058386,47.641847136058516,32.35900510388845,10.668310165405273,-0.07558810710906982,0.000954746616481298,-0.007085174793330099,52.0077921407681,293.6511114735484,94.58059900751908,77.36699999999999,77.36699999999999,2777.86328125,True,0.0,413,2.2438627194039234e-08,0.0009213919357817086,-0.006242854925504906,True,414,magic-formula,0.4489724490856777,2.486805066384586,0.6447249999999999,-0.5243635177612305,16.927453994750977,0.3299970030784607,0.41848495602607727,0.9072809815406799,-0.03840448707342148,-0.015385063365101814,1.152554988861084,16.825498580932617,0.32999706268310547,0.2748134732246399,0.9605990052223206,-0.0404849573969841,-0.00938240997493267,-0.6578763127326965,14.731508255004883,0.3299970328807831,0.39914917945861816,0.9163808226585388,-0.028677156195044518,-0.01018251571804285,1.0190421342849731,14.62955379486084,0.3299970030784607,0.2559584081172943,0.9662086963653564,-0.029887326061725616,-0.005728068295866251
1.500000000000,180,0.18,0.15,0.0,0.28331831097602844,16.314937591552734,0.4187101423740387,-3.777780771255493,10.751187324523926,0.009451489895582199,-0.24486573040485382,asphalt,1.2716228940475107,0.15,0.0,2363.7907651215914,2,-0.0940740630030632,1.1233569383621216,48.55449986315109,160.00680574137783,-0.0,5908.185419985731,5863.814580014269,-0.10466957837343216,0.22570284449662736,False,-0.0,True,0,0,0.7502869367599487,10.725057601928711,0.0816115140914917,False,True,-0.48059746623039246,17.467844009399414,0.0,0.0,0.0,1.0,3109.120361328125,3109.120361328125,0.33530548214912415,0.06469452381134033,0.0,asphalt,True,1.1957671642303467,17.35715103149414,3.725290298461914e-09,0.0,0.0,1.0,2759.146240234375,2759.146240234375,0.34248533844947815,0.05751466751098633,0.0,asphalt,True,-0.6255503296852112,15.272624015808105,-3.725290298461914e-09,0.0,0.0,1.0,3127.302978515625,3127.302978515625,0.3349425494670868,0.06505745649337769,0.0,asphalt,True,1.0508142709732056,15.161932945251465,-3.725290298461914e-09,0.0,0.0,1.0,2776.96533203125,2776.96533203125,0.3421224057674408,0.05787760019302368,0.0,asphalt,420,32.848271381415685,49.6309727589853,32.84798207289728,10.839563369750977,-0.08515381813049316,3.378236776781186e-05,-0.007855673107780282,-0.006929642883745087,348.18887219099605,0.0,0.0,-0.0,3108.977783203125,True,1.2609393389094967,419,1.1905195374371041e-11,-1.0972572975193277e-07,-0.006615876965909099,True,420,magic-formula,0.010968228939034467,3.1162596650137386,0.0,32.31553209165615,49.29729498386198,32.31523959722874,10.664057731628418,-0.08530235290527344,6.363301833206631e-06,-0.007998881454836338,-2.7965541342717,325.4233618680254,0.0,0.0,-0.0,2759.283447265625,True,1.2824890026903732,419,2.1544749996841165e-11,-4.9913136749184e-05,-0.006969707849919496,True,420,magic-formula,0.013824407691973158,2.815398762660616,0.0,32.87014218272616,49.58931096291016,32.87003934623299,10.838750839233398,-0.07644754648208618,0.0007746354898983572,-0.0070530525122346165,54.70123127674694,318.85945361010005,94.58474244952224,77.36699999999999,77.36699999999999,3127.161865234375,True,0.0,419,2.4292376330830735e-08,0.0008606565173998573,-0.006020160318996727,True,420,magic-formula,0.44583700316131286,2.791381574212806,0.6447249999999999,32.34365884752178,49.25934700665437,32.34355601102861,10.663232803344727,-0.07644754648208618,0.0009541774549150442,-0.007169142620501838,51.97965029658501,297.2765857459706,94.58474244952224,77.36699999999999,77.36699999999999,2777.07763671875,True,0.0,419,2.293238504875367e-08,0.0009212298637344184,-0.006322237681602951,True,420,magic-formula,0.4486369485125974,2.517485606226473,0.6447249999999999,-0.48200833797454834,17.46788215637207,0.3299970030784607,0.9491639733314514,0.3116905987262726,-0.015744246542453766,-0.04109637066721916,1.1943564414978027,17.35719108581543,0.3299970030784607,0.8842154145240784,0.46498364210128784,-0.022437799721956253,-0.038077425211668015,-0.6269611716270447,15.272663116455078,0.3299969732761383,0.9428730010986328,0.331510990858078,-0.012950049713253975,-0.03038632683455944,1.0494035482406616,15.161972045898438,0.3299970030784607,0.8756244778633118,0.4818617105484009,-0.017764683812856674,-0.02784687653183937
1.550000000000,186,0.18,0.15,0.0,0.32246139645576477,16.850940704345703,0.41870370507240295,-4.077975273132324,10.746676445007324,0.00958399660885334,-0.2467409372329712,asphalt,1.275048330752818,0.15,0.0,2362.7986313271504,2,-0.09414845705032349,1.1287269592285156,48.51376751006284,160.00813304345056,-0.0,5908.008145282602,5863.991854717398,-0.10518665611743927,0.22586100618952631,False,-0.0,True,0,0,0.8061597347259521,10.716479301452637,0.08163591474294662,False,True,-0.43538984656333923,18.007835388183594,1.1175870895385742e-08,0.0,0.0,1.0,3109.880615234375,3109.880615234375,0.3352741301059723,0.06472587585449219,0.0,asphalt,True,1.2403720617294312,17.888362884521484,-7.450580596923828e-09,0.0,0.0,1.0,2758.466552734375,2758.466552734375,0.342509001493454,0.0574910044670105,0.0,asphalt,True,-0.5918422341346741,15.813404083251953,-1.4901161193847656e-08,0.0,0.0,1.0,3127.9306640625,3127.9306640625,0.33490613102912903,0.06509387493133545,0.0,asphalt,True,1.083919644355774,15.693931579589844,7.450580596923828e-09,0.0,0.0,1.0,2776.331787109375,2776.331787109375,0.3421410024166107,0.05785900354385376,0.0,asphalt,426,32.83595955354974,51.2730235899043,32.835633129585744,10.835489273071289,-0.08521193265914917,3.4828108875870057e-05,-0.007863989704221804,0.048919565389286976,348.4104452418457,0.0,0.0,-0.0,3109.763427734375,True,1.264307392796039,425,1.2032062375003196e-11,7.744113240727263e-07,-0.006618432990528086,True,426,magic-formula,0.011313827817042321,3.1189650474879738,0.0,32.30053277214145,50.912573067836355,32.30020306337363,10.6591157913208,-0.08535069227218628,5.631188088629886e-06,-0.008007124594192977,-2.8517482492102166,325.4548921766983,0.0,0.0,-0.0,2758.562255859375,True,1.2859733010356587,425,2.2510252257963207e-11,-5.091170103130579e-05,-0.006972225693034813,True,426,magic-formula,0.01350745177498099,2.8162694186769484,0.0,32.85777933542587,51.23250715184764,32.8576446534341,10.834668159484863,-0.0770941972732544,0.0007751987492408748,-0.007115390621314216,54.74323471960637,321.9240920205696,94.58301278474403,77.36699999999999,77.36699999999999,3127.84228515625,True,0.0,425,2.480572830009022e-08,0.0008611791544931812,-0.006077044720544377,True,426,magic-formula,0.44611162020988065,2.818211749196853,0.6447249999999999,32.32861691205763,50.876085226282,32.328482230065866,10.658284187316895,-0.07709407806396484,0.0009531922290282299,-0.007233127981151114,51.94467924464687,300.0315245255751,94.58301278474403,77.36699999999999,77.36699999999999,2776.430419921875,True,0.0,425,2.3287991732167597e-08,0.0009208831373492305,-0.006382718469027311,True,426,magic-formula,0.4482855415853395,2.540800897054535,0.6447249999999999,-0.43681129813194275,18.00787925720215,0.3299969434738159,0.8748303651809692,-0.48217782378196716,0.020609920844435692,-0.04185391962528229,1.2389507293701172,17.88840675354004,0.3299969434738159,0.9470837712287903,-0.3175504207611084,0.012833787128329277,-0.04504944011569023,-0.5932636857032776,15.81344985961914,0.32999691367149353,0.8848075866699219,-0.46459123492240906,0.01463290024548769,-0.03250279650092125,1.08249831199646,15.693977355957031,0.3299969434738159,0.9531527161598206,-0.3003820776939392,0.00863933190703392,-0.03458201512694359
1.600000000000,192,0.18,0.15,0.0,0.36440369486808777,17.386507034301758,0.4186985194683075,-4.379444122314453,10.742171287536621,0.009631269611418247,-0.24816732108592987,asphalt,1.2778258290330338,0.15,0.0,2361.8055197535296,2,-0.09390580654144287,1.1327415704727173,48.47309527968638,160.00822927285083,-0.0,5907.87802019998,5864.12197980002,-0.10558588802814484,0.22608802352259805,False,-0.0,True,0,0,0.8622140884399414,10.707595825195312,0.08166118711233139,False,True,-0.38733968138694763,18.54737091064453,1.862645149230957e-08,0.0,0.0,1.0,3110.491455078125,3110.491455078125,0.33524903655052185,0.06475096940994263,0.0,asphalt,True,1.2877706289291382,18.419082641601562,1.1175870895385742e-08,0.0,0.0,1.0,2758.002685546875,2758.002685546875,0.3425256907939911,0.05747431516647339,0.0,asphalt,True,-0.5553361177444458,16.35379409790039,1.1175870895385742e-08,0.0,0.0,1.0,3128.31396484375,3128.31396484375,0.33487918972969055,0.06512081623077393,0.0,asphalt,True,1.1197742223739624,16.225507736206055,-3.725290298461914e-08,0.0,0.0,1.0,2775.788818359375,2775.788818359375,0.34215590357780457,0.05784410238265991,0.0,asphalt,432,32.82335314308904,52.9144490756472,32.82299688717495,10.831321716308594,-0.08524298667907715,3.552852743808715e-05,-0.007869882278601907,0.08431916566713962,348.5532396224885,0.0,0.0,-0.0,3110.39892578125,True,1.267038250678315,431,7.687759866594405e-12,1.3345268473247429e-06,-0.006619802617398705,True,432,magic-formula,0.011548880351364236,3.1208197664176396,0.0,32.28584871761644,52.52710798812553,32.28548910038456,10.654280662536621,-0.08537405729293823,4.637974009589464e-06,-0.00801295111084375,-2.89715532668057,325.4613948181865,0.0,0.0,-0.0,2758.068359375,True,1.2887986446526298,431,2.1452220757579952e-11,-5.1731690689489783e-05,-0.0069736248332890795,True,432,magic-formula,0.013224468100490949,2.816792308708292,0.0,32.845121983465276,52.875075531269324,32.84496152706305,10.83049488067627,-0.07757776975631714,0.0007751606883865032,-0.007162779160770469,54.76445668953514,324.2378372700793,94.57740551582646,77.36699999999999,77.36699999999999,3128.26220703125,True,0.0,431,2.5190415091361813e-08,0.0008614348933607375,-0.00612016588225721,True,432,magic-formula,0.44620255720056384,2.838476429268005,0.6447249999999999,32.313891018225206,52.492078931688845,32.31373056182298,10.653440475463867,-0.07757759094238281,0.0009521394120343981,-0.0072817997099101734,51.90450833725173,302.1142035161325,94.57740551582646,77.36699999999999,77.36699999999999,2775.8759765625,True,0.0,431,2.3550857513174158e-08,0.0009203994381779757,-0.006428618743952195,True,432,magic-formula,0.4478867376829917,2.558433154192432,0.6447249999999999,-0.3887690603733063,18.54742431640625,0.32999691367149353,-0.24355846643447876,0.9686322808265686,-0.047239936888217926,0.014111609198153019,1.2863413095474243,18.419137954711914,0.32999691367149353,-0.4254261255264282,0.9036387801170349,-0.04381241649389267,0.023020446300506592,-0.5567655563354492,16.35384750366211,0.32999691367149353,-0.2626841068267822,0.9641225934028625,-0.03629510849714279,0.012135189026594162,1.118344783782959,16.225561141967773,0.32999685406684875,-0.44138336181640625,0.8965021371841431,-0.03332195430994034,0.018821390345692635
1.650000000000,198,0.18,0.15,0.0,0.4091525375843048,17.921621322631836,0.4186945855617523,-4.681896686553955,10.73766040802002,0.009615826420485973,-0.24925100803375244,asphalt,1.2801212421207406,0.15,0.0,2360.8122000108533,2,-0.09414591640233994,1.1357760429382324,48.432405695688594,160.00737648126912,-0.0,5907.790021076587,5864.209978923413,-0.10589529573917389,0.22636402774706865,False,-0.0,True,0,0,0.9183909893035889,10.698395729064941,0.08168458938598633,False,True,-0.336444616317749,19.086435317993164,-1.4901161193847656e-08,0.0,0.0,1.0,3110.9619140625,3110.9619140625,0.33522894978523254,0.06477105617523193,0.0,asphalt,True,1.337965488433838,18.949308395385742,-1.862645149230957e-08,0.0,0.0,1.0,2757.677978515625,2757.677978515625,0.34253737330436707,0.05746263265609741,0.0,asphalt,True,-0.5160181522369385,16.893775939941406,1.1175870895385742e-08,0.0,0.0,1.0,3128.55126953125,3128.55126953125,0.3348596394062042,0.06514036655426025,0.0,asphalt,True,1.1583918333053589,16.756649017333984,2.60770320892334e-08,0.0,0.0,1.0,2775.33056640625,2775.33056640625,0.3421681225299835,0.05783188343048096,0.0,asphalt,438,32.810501676050805,54.55523641557952,32.810126159454555,10.827073097229004,-0.08525371551513672,3.624764183620982e-05,-0.00787396121306637,0.12136657422155542,348.64286953755146,0.0,0.0,-0.0,3110.895751953125,True,1.269295043079395,437,8.20545159449912e-12,1.9205740309304508e-06,-0.0066204520906877045,True,438,magic-formula,0.011763324379393184,3.1220907695747155,0.0,32.27138620732064,54.14091368043922,32.27100726951091,10.649513244628906,-0.08537900447845459,4.150780029961622e-06,-0.008017002593473153,-2.924944723794306,325.4508205550869,0.0,0.0,-0.0,2757.724853515625,True,1.2911336781853737,437,2.1943723645592772e-11,-5.2234443853330664e-05,-0.006974272101210381,True,438,magic-formula,0.01308229206098259,2.8170751820897904,0.0,32.83221977993075,54.51700335406887,32.83204318545454,10.826237678527832,-0.07793569564819336,0.0007754170099153611,-0.0071986549466227095,54.76904975931007,325.9850804122379,94.56924008281301,77.36699999999999,77.36699999999999,3128.519775390625,True,0.0,437,2.548738399209529e-08,0.0008614648059566995,-0.0061528428528671575,True,438,magic-formula,0.44621379803027117,2.8537933381854286,0.6447249999999999,32.29938666194279,54.10734178175749,32.299210067466575,10.648665428161621,-0.07793551683425903,0.000951496724904487,-0.007318675365295251,51.86386915730072,303.6875049630637,94.56924008281301,77.36699999999999,77.36699999999999,2775.40234375,True,0.0,437,2.373202227695423e-08,0.0009198697899324016,-0.006463437669763223,True,438,magic-formula,0.4475247759230233,2.571751822427518,0.6447249999999999,-0.3378799259662628,19.086498260498047,0.32999688386917114,0.5423136949539185,0.8385681509971619,-0.04477102309465408,-0.026363052427768707,1.3365302085876465,18.949369430541992,0.32999688386917114,0.3582356870174408,0.9321737885475159,-0.04941381886601448,-0.016659041866660118,-0.5174534916877747,16.89383888244629,0.32999691367149353,0.5264754891395569,0.8492057919502258,-0.035862747579813004,-0.019672198221087456,1.1569565534591675,16.756710052490234,0.3299969434738159,0.34274065494537354,0.9385392069816589,-0.03911439701914787,-0.011966442689299583
1.700000000000,204,0.18,0.15,0.0,0.45671263337135315,18.456262588500977,0.4186917245388031,-4.9851179122924805,10.733153343200684,0.009565538726747036,-0.25007328391075134,asphalt,1.282059098881895,0.15,0.0,2359.8188970518327,2,-0.09418146312236786,1.138041615486145,48.39176759221453,160.00573062669895,-0.0,5907.72315162596,5864.27684837404,-0.10613629966974258,0.2266824987627521,False,-0.0,True,0,0,0.9746456146240234,10.688892364501953,0.08170322328805923,False,True,-0.28270384669303894,19.62500762939453,-3.725290298461914e-08,0.0,0.0,1.0,3111.307861328125,3111.307861328125,0.3352130949497223,0.06478691101074219,0.0,asphalt,True,1.3909571170806885,19.479019165039062,-3.725290298461914e-09,0.0,0.0,1.0,2757.441162109375,2757.441162109375,0.34254565834999084,0.05745434761047363,0.0,asphalt,True,-0.47387874126434326,17.433326721191406,-3.725290298461914e-09,0.0,0.0,1.0,3128.703125,3128.703125,0.33484581112861633,0.06515419483184814,0.0,asphalt,True,1.1997822523117065,17.28734016418457,-1.1175870895385742e-08,0.0,0.0,1.0,2774.948486328125,2774.948486328125,0.3421783745288849,0.05782163143157959,0.0,asphalt,444,32.79748173982796,56.1953757567129,32.79709712275496,10.822771072387695,-0.08525216579437256,3.6765238114218004e-05,-0.007876947781939229,0.14638201431185346,348.69657038601196,0.0,0.0,-0.0,3111.258056640625,True,1.2712002418553114,443,3.9126033751107635e-12,2.3161635390996584e-06,-0.006620702569441749,True,444,magic-formula,0.011896686372592386,3.1229456677316634,0.0,32.25711341049954,55.754000710122206,32.2567253253559,10.644806861877441,-0.08537328243255615,3.8106456917867787e-06,-0.008020009485711023,-2.949711113601753,325.43626451203704,0.0,0.0,-0.0,2757.475830078125,True,1.2931050397517763,443,2.4848660078398966e-11,-5.268150556653058e-05,-0.006974592584313125,True,444,magic-formula,0.012941198226652099,2.8172378205104227,0.0,32.81915530698703,56.158280897689494,32.81897203027134,10.821931838989258,-0.07819908857345581,0.0007752231709902108,-0.007225856596498882,54.75685789471067,327.29941812302025,94.55938756995458,77.36699999999999,77.36699999999999,3128.6826171875,True,0.0,443,2.5672510461940684e-08,0.0008612498242555026,-0.006177483328882273,True,444,magic-formula,0.4461048714036516,2.8653268067847026,0.6447249999999999,32.28507346304475,55.72188412090868,32.284890186329065,10.643954277038574,-0.07819890975952148,0.0009507712550049668,-0.00734665903593397,51.81902506214231,304.87067059071387,94.55938756995458,77.36699999999999,77.36699999999999,2775.005126953125,True,0.0,443,2.3839917940830163e-08,0.0009192317413729373,-0.006489729116389505,True,444,magic-formula,0.44711313126225655,2.5817738394020404,0.6447249999999999,-0.28414347767829895,19.625078201293945,0.32999682426452637,0.982966959476471,0.17548011243343353,-0.011739382520318031,-0.053336646407842636,1.3895175457000732,19.479089736938477,0.32999685406684875,0.9207053780555725,0.38639113306999207,-0.02320387028157711,-0.04964936152100563,-0.47531840205192566,17.433399200439453,0.32999682426452637,0.980082094669342,0.19375988841056824,-0.010577448643743992,-0.042240288108587265,1.1983425617218018,17.287410736083984,0.32999682426452637,0.9148998260498047,0.40132537484169006,-0.019470462575554848,-0.03894900903105736
1.750000000000,210,0.18,0.15,0.0,0.5070868730545044,18.990421295166016,0.41868969798088074,-5.288937091827393,10.728643417358398,0.009504732675850391,-0.25069472193717957,asphalt,1.2837324887103725,0.15,0.0,2358.8259050510123,2,-0.0942416712641716,1.139714002609253,48.3511207592491,160.00408809038396,-0.0,5907.679046859604,5864.320953140396,-0.10632534325122833,0.22703445867406205,False,-0.0,True,0,0,1.0309436321258545,10.679079055786133,0.08171713352203369,False,True,-0.22611728310585022,20.163068771362305,-7.450580596923828e-09,0.0,0.0,1.0,3111.547607421875,3111.547607421875,0.33520081639289856,0.06479918956756592,0.0,asphalt,True,1.4467459917068481,20.008207321166992,-7.450580596923828e-09,0.0,0.0,1.0,2757.2626953125,2757.2626953125,0.3425516188144684,0.057448387145996094,0.0,asphalt,True,-0.42891114950180054,17.972434997558594,1.862645149230957e-08,0.0,0.0,1.0,3128.82177734375,3128.82177734375,0.33483585715293884,0.06516414880752563,0.0,asphalt,True,1.2439521551132202,17.81757354736328,0.0,0.0,0.0,1.0,2774.653564453125,2774.653564453125,0.34218665957450867,0.05781334638595581,0.0,asphalt,450,32.78431659489253,57.83485973231076,32.78393035027513,10.8184232711792,-0.08524096012115479,3.708536126564752e-05,-0.007879077575492404,0.1648994137233009,348.7269849772431,0.0,0.0,-0.0,3111.51513671875,True,1.2728453914449571,449,3.915430850810715e-12,2.6089439207034704e-06,-0.006620733209303243,True,450,magic-formula,0.012005252798151202,3.123526976102684,0.0,32.24296889955861,57.36637716042809,32.2425791499087,10.640141487121582,-0.08535873889923096,3.5948518924275277e-06,-0.008022159095011458,-2.9677617089275445,325.4179650259373,0.0,0.0,-0.0,2757.28759765625,True,1.2948074031314958,449,2.615783958454138e-11,-5.300751096739586e-05,-0.006974677214305999,True,450,magic-formula,0.01281090534395125,2.817309936107691,0.0,32.80594836134186,57.798900848205676,32.80576534202045,10.817581176757812,-0.07838863134384155,0.0007748296359459472,-0.007246283437287947,54.73967536758273,328.2851881950212,94.54842430134825,77.36699999999999,77.36699999999999,3128.801025390625,True,0.0,449,2.5814971448419104e-08,0.0008609632275956448,-0.00619597079740164,True,450,magic-formula,0.4459209632638657,2.8739919177110718,0.6447249999999999,32.27088587821991,57.33571403616916,32.270702858898495,10.639286994934082,-0.07838863134384155,0.0009498141072140905,-0.007367712984988759,51.77587198957166,305.75974655204675,94.54842430134825,77.36699999999999,77.36699999999999,2774.697021484375,True,0.0,449,2.391958794115137e-08,0.0009185876320995819,-0.00650951442089651,True,450,magic-formula,0.4467234086488548,2.58930681272499,0.6447249999999999,-0.22756007313728333,20.16314697265625,0.329996794462204,0.798933744430542,-0.5986858010292053,0.03256811201572418,-0.04711168259382248,1.445303201675415,20.008285522460938,0.329996794462204,0.9160628914833069,-0.3968963325023651,0.020819993689656258,-0.05355984717607498,-0.43035393953323364,17.97251319885254,0.32999685406684875,0.8100189566612244,-0.5845816731452942,0.025224557146430016,-0.038694482296705246,1.242509365081787,17.817651748657227,0.329996794462204,0.9225707054138184,-0.38305309414863586,0.015669671818614006,-0.04345115274190903
1.800000000000,216,0.18,0.15,0.0,0.5602766275405884,19.524080276489258,0.41868826746940613,-5.593225479125977,10.724132537841797,0.009449646808207035,-0.2511611878871918,asphalt,1.2852108251437597,0.15,0.0,2357.8331473759695,2,-0.0940975472331047,1.1409062147140503,48.310456637675884,160.00281056213896,-0.0,5907.653208780193,5864.346791219807,-0.1064751148223877,0.2274227776246366,False,-0.0,True,0,0,1.0872586965560913,10.668957710266113,0.08172681927680969,False,True,-0.16668614745140076,20.700603485107422,-4.0978193283081055e-08,0.0,0.0,1.0,3111.70361328125,3111.70361328125,0.3351915180683136,0.06480848789215088,0.0,asphalt,True,1.50533127784729,20.536861419677734,3.3527612686157227e-08,0.0,0.0,1.0,2757.130126953125,2757.130126953125,0.3425559103488922,0.057444095611572266,0.0,asphalt,True,-0.3811112642288208,18.511077880859375,1.1175870895385742e-08,0.0,0.0,1.0,3128.922607421875,3128.922607421875,0.33482858538627625,0.06517142057418823,0.0,asphalt,True,1.2909059524536133,18.347335815429688,0.0,0.0,0.0,1.0,2774.439697265625,2774.439697265625,0.3421930968761444,0.05780690908432007,0.0,asphalt,456,32.771045552121315,59.473682528350345,32.77066207853782,10.814040184020996,-0.08522212505340576,3.743727341016844e-05,-0.00788052933224044,0.17473436755602811,348.73452585107106,0.0,0.0,-0.0,3111.68505859375,True,1.2742987491373436,455,3.447721803745651e-12,2.764395286917235e-06,-0.006620513237946443,True,456,magic-formula,0.012080394499050425,3.123843673345272,0.0,32.228921112084514,58.978048967660264,32.22853410360798,10.635507583618164,-0.08533728122711182,3.4209340213173364e-06,-0.008023636788926949,-2.988510055798367,325.3933811316034,0.0,0.0,-0.0,2757.145263671875,True,1.2963113677334253,455,2.5422179498472345e-11,-5.338084489830244e-05,-0.006974509025642835,True,456,magic-formula,0.012704892733437223,2.817277615607728,0.0,32.79262702176746,59.438857417101545,32.792448255563414,10.81319522857666,-0.07852166891098022,0.0007742104373069188,-0.007261525118499539,54.717070140123845,329.0164421363104,94.53672995640567,77.36699999999999,77.36699999999999,3128.90625,True,0.0,455,2.5896255226543337e-08,0.0008605907599831748,-0.006209649820478973,True,456,magic-formula,0.4457172600421332,2.88043504839117,0.6447249999999999,32.25678866244793,58.94883730612175,32.25660989624389,10.634649276733398,-0.0785214900970459,0.0009488777308807997,-0.007383418219616025,51.7327213879193,306.4192208342471,94.53672995640567,77.36699999999999,77.36699999999999,2774.47021484375,True,0.0,455,2.396568387362944e-08,0.0009179114829073982,-0.0065241894842017365,True,456,magic-formula,0.44634651277206217,2.5948995794274277,0.6447249999999999,-0.16813114285469055,20.70069122314453,0.329996794462204,-0.1078830286860466,0.9923553466796875,-0.05930674448609352,0.00865375716239214,1.503886342048645,20.536949157714844,0.32999685406684875,-0.3479958176612854,0.9355660676956177,-0.055552009493112564,0.023003431037068367,-0.3825562596321106,18.511165618896484,0.32999685406684875,-0.1251964569091797,0.990929126739502,-0.04813087359070778,0.00829282496124506,1.2894610166549683,18.347423553466797,0.329996794462204,-0.36182355880737305,0.9309663772583008,-0.04468186944723129,0.019720086827874184
1.850000000000,222,0.18,0.15,0.0,0.6162821054458618,20.057226181030273,0.41868725419044495,-5.897894859313965,10.719618797302246,0.009408647194504738,-0.251507431268692,asphalt,1.2865456932577677,0.15,0.0,2356.8405734859944,2,-0.09419714659452438,1.141825795173645,48.26981821091869,160.00192458800544,-0.0,5907.6348600397805,5864.3651399602195,-0.10659509897232056,0.22784017250038047,False,-0.0,True,0,0,1.143570899963379,10.658530235290527,0.08173312991857529,False,True,-0.10441184788942337,21.23759651184082,1.1175870895385742e-08,0.0,0.0,1.0,3111.80419921875,3111.80419921875,0.3351845443248749,0.0648154616355896,0.0,asphalt,True,1.566711187362671,21.06496810913086,7.450580596923828e-09,0.0,0.0,1.0,2757.022216796875,2757.022216796875,0.34255924820899963,0.057440757751464844,0.0,asphalt,True,-0.3304765522480011,19.049243927001953,1.862645149230957e-08,0.0,0.0,1.0,3129.006103515625,3129.006103515625,0.33482328057289124,0.06517672538757324,0.0,asphalt,True,1.3406466245651245,18.87661361694336,1.1175870895385742e-08,0.0,0.0,1.0,2774.293212890625,2774.293212890625,0.3421979248523712,0.05780208110809326,0.0,asphalt,462,32.75769564334424,61.11183985121058,32.75731668050522,10.809633255004883,-0.08519792556762695,3.758751931105644e-05,-0.007881503418249503,0.1831837983003964,348.7235920574577,0.0,0.0,-0.0,3111.79052734375,True,1.275611038256926,461,1.1635131935821645e-11,2.897970395337063e-06,-0.006620078142395656,True,462,magic-formula,0.012158482796819824,3.123968197896569,0.0,32.214945288612626,60.58902070954141,32.21456276713184,10.630897521972656,-0.08531105518341064,3.238039821206015e-06,-0.008024649263859998,-2.995109105447136,325.36734392643024,0.0,0.0,-0.0,2757.04296875,True,1.2976694025284026,461,2.1761132134645134e-11,-5.3500683739159806e-05,-0.00697420729207772,True,462,magic-formula,0.012670884905697948,2.817202182114914,0.0,32.779232835005146,61.07814641344109,32.779059753128436,10.808782577514648,-0.07861137390136719,0.000773839049593782,-0.007272788338908786,54.691463656780606,329.5531732358362,94.52455436413553,77.36699999999999,77.36699999999999,3128.993408203125,True,0.0,461,2.5978134834656845e-08,0.0008601728496125281,-0.0062196697888594965,True,462,magic-formula,0.445478668549699,2.885175665206633,0.6447249999999999,32.242771259977985,60.561258432196695,32.242598178101275,10.630035400390625,-0.07861137390136719,0.0009481732677710444,-0.007395077995868202,51.69052756021014,306.90674836294255,94.52455436413553,77.36699999999999,77.36699999999999,2774.314697265625,True,0.0,461,2.4013358532463684e-08,0.0009172248169672511,-0.006535011161917477,True,462,magic-formula,0.4459913459073576,2.5990375694144996,0.6447249999999999,-0.10585831850767136,21.23769187927246,0.32999688386917114,0.6511576175689697,0.7563566565513611,-0.04884371906518936,-0.03915153071284294,1.5652647018432617,21.065061569213867,0.32999682426452637,0.43355509638786316,0.8989367485046387,-0.05747578665614128,-0.025281574577093124,-0.3319230377674103,19.04933738708496,0.32999685406684875,0.6387491226196289,0.7676899433135986,-0.04095277935266495,-0.03121538832783699,1.3392000198364258,18.876707077026367,0.32999688386917114,0.4213320314884186,0.9054433703422546,-0.0475706085562706,-0.01971212401986122
1.900000000000,228,0.18,0.15,0.0,0.6751026511192322,20.589841842651367,0.41868650913238525,-6.202861785888672,10.715107917785645,0.009383084252476692,-0.25176021456718445,asphalt,1.2877753173014712,0.15,0.0,2355.8480985357487,2,-0.09431745111942291,1.14246666431427,48.229214052531525,160.00111493374106,-0.0,5907.620002084932,5864.379997915068,-0.10669282078742981,0.2282762630232278,False,-0.0,True,0,0,1.1998625993728638,10.64780044555664,0.08173688501119614,False,True,-0.03929655998945236,21.774032592773438,2.2351741790771484e-08,0.0,0.0,1.0,3111.86083984375,3111.86083984375,0.3351795971393585,0.06482040882110596,0.0,asphalt,True,1.630884051322937,21.59250831604004,-2.9802322387695312e-08,0.0,0.0,1.0,2756.945556640625,2756.945556640625,0.3425616919994354,0.05743831396102905,0.0,asphalt,True,-0.27700597047805786,19.5869140625,0.0,0.0,0.0,1.0,3129.07421875,3129.07421875,0.33481934666633606,0.06518065929412842,0.0,asphalt,True,1.3931745290756226,19.405391693115234,-7.450580596923828e-09,0.0,0.0,1.0,2774.196533203125,2774.196533203125,0.34220144152641296,0.057798564434051514,0.0,asphalt,468,32.744281447870435,62.74932821103862,32.74390678273585,10.805205345153809,-0.08516991138458252,3.771632564288572e-05,-0.007882140583233891,0.1957844197551529,348.70779828210163,0.0,0.0,-0.0,3111.8505859375,True,1.2768198430237125,467,3.4354541458435093e-12,3.0972511746852222e-06,-0.006619647448201448,True,468,magic-formula,0.012228465336124601,3.1240102795021287,0.0,32.20103328802116,62.199295616930826,32.200655044628824,10.62630844116211,-0.08528172969818115,3.0625767221283346e-06,-0.00802535511445544,-3.0013201144039297,325.3394996812097,0.0,0.0,-0.0,2756.956787109375,True,1.2989203882804095,467,2.2738292137473867e-11,-5.36132813815847e-05,-0.006973825399758788,True,468,magic-formula,0.01262175822956128,2.817088942174603,0.0,32.765780212921534,62.7167643774343,32.76561235785994,10.804352760314941,-0.07866859436035156,0.0007732725998962522,-0.007281065874443197,54.6631567402103,329.9420059729671,94.51206211310182,77.36699999999999,77.36699999999999,3129.063232421875,True,0.0,467,2.6015667012532593e-08,0.0008597147946484461,-0.006226914975135678,True,468,magic-formula,0.44522951130022104,2.8886359370804886,0.6447249999999999,32.22881127440763,62.17298067787692,32.22864341934604,10.625442504882812,-0.07866835594177246,0.0009472749645091754,-0.007403636933597341,51.64985332356255,307.2617555433692,94.51206211310182,77.36699999999999,77.36699999999999,2774.21142578125,True,0.0,467,2.4008619639376267e-08,0.0009165448400266642,-0.0065428683305398675,True,468,magic-formula,0.4456422052279982,2.6020574857795,0.6447249999999999,-0.04074393957853317,21.77413558959961,0.32999688386917114,0.9970192313194275,0.041149988770484924,-0.004887254908680916,-0.06508000940084457,1.629436731338501,21.59261131286621,0.32999682426452637,0.9483650326728821,0.31035372614860535,-0.022436784580349922,-0.061490051448345184,-0.27845337986946106,19.58701515197754,0.32999685406684875,0.9968822598457336,0.057390183210372925,-0.005306190345436335,-0.05388782545924187,1.3917272090911865,19.405492782592773,0.32999682426452637,0.9448487758636475,0.32299962639808655,-0.01958310604095459,-0.05048322677612305
1.950000000000,234,0.18,0.15,0.0,0.7367367744445801,21.121912002563477,0.4186859130859375,-6.508083820343018,10.710591316223145,0.009370450861752033,-0.2519415616989136,asphalt,1.2889279465365178,0.15,0.0,2354.855463617551,2,-0.09445434808731079,1.1429141759872437,48.188575494572234,160.00073001613998,-0.0,5907.61599556528,5864.38400443472,-0.10677384585142136,0.22873069671803675,False,-0.0,True,0,0,1.256122350692749,10.636762619018555,0.08173950016498566,False,True,0.02865728735923767,22.309892654418945,-4.0978193283081055e-08,0.0,0.0,1.0,3111.888427734375,3111.888427734375,0.3351761996746063,0.06482380628585815,0.0,asphalt,True,1.6978472471237183,22.11947250366211,-1.1175870895385742e-08,0.0,0.0,1.0,2756.88916015625,2756.88916015625,0.34256353974342346,0.057436466217041016,0.0,asphalt,True,-0.2206997275352478,20.124069213867188,7.450580596923828e-09,0.0,0.0,1.0,3129.129638671875,3129.129638671875,0.3348163068294525,0.06518369913101196,0.0,asphalt,True,1.4484901428222656,19.93364906311035,3.3527612686157227e-08,0.0,0.0,1.0,2774.146728515625,2774.146728515625,0.34220364689826965,0.057796359062194824,0.0,asphalt,474,32.73082041725688,64.38614474979775,32.73044871396091,10.800760269165039,-0.08513820171356201,3.800367006597449e-05,-0.007882448669109145,0.20195584878656725,348.6785192994994,0.0,0.0,-0.0,3111.88525390625,True,1.2779529387955118,473,6.683157617696848e-12,3.194843532563443e-06,-0.006619013318720492,True,474,magic-formula,0.012251862748943512,3.1239112167458254,0.0,32.18714533545096,63.80887585524933,32.18677003771551,10.621726989746094,-0.08524966239929199,2.9158114074299447e-06,-0.008025797694296415,-3.005994569747105,325.3105579614698,0.0,0.0,-0.0,2756.898193359375,True,1.300093060385723,473,2.3833995297933418e-11,-5.3697894111292706e-05,-0.006973349420925811,True,474,magic-formula,0.012634720809573351,2.816940986630478,0.0,32.75227761423914,64.35470844885707,32.752113453210335,10.799903869628906,-0.07870054244995117,0.0007729460531113264,-0.007287023141771232,54.62668324032762,330.2201563840731,94.49936102603046,77.36699999999999,77.36699999999999,3129.12060546875,True,0.0,473,2.6017675619003165e-08,0.0008591298783494559,-0.006232082486556634,True,474,magic-formula,0.4449349298183814,2.891123773721036,0.6447249999999999,32.214887266286475,63.78400611906009,32.21472310525767,10.620858192443848,-0.07870078086853027,0.0009466848392573604,-0.007409885250805634,51.60809417938355,307.5186313490362,94.49936102603046,77.36699999999999,77.36699999999999,2774.149658203125,True,0.0,473,2.400912353013261e-08,0.0009158296630818488,-0.0065485229770135475,True,474,magic-formula,0.4452819590023106,2.604245736595261,0.6447249999999999,0.02720944583415985,22.31000328063965,0.32999682426452637,0.7112574577331543,-0.6996415853500366,0.04604190215468407,-0.049945391714572906,1.696399450302124,22.119585037231445,0.32999682426452637,0.8809726238250732,-0.46823787689208984,0.030011095106601715,-0.06115509197115898,-0.22214756906032562,20.12417984008789,0.32999685406684875,0.7226540446281433,-0.6888717412948608,0.03757181018590927,-0.042605921626091,1.4470423460006714,19.933761596679688,0.32999688386917114,0.8873444199562073,-0.45759475231170654,0.02405930496752262,-0.05145926773548126
2.000000000000,240,0.18,0.15,0.0,0.8011826872825623,21.65342140197754,0.4186853766441345,-6.813517093658447,10.70607852935791,0.009365965612232685,-0.25206878781318665,asphalt,1.2900244588800684,0.15,0.0,2353.8626016063376,2,-0.09426249563694,1.14319908618927,48.1479712194435,160.00062715022935,-0.0,5907.612498834419,5864.387501165581,-0.10684245824813843,0.22919480289292077,False,-0.0,True,0,0,1.3123400211334229,10.625426292419434,0.0817413479089737,False,True,0.09944702684879303,22.845157623291016,-7.450580596923828e-09,0.0,0.0,1.0,3111.90966796875,3111.90966796875,0.33517375588417053,0.06482625007629395,0.0,asphalt,True,1.7675981521606445,22.645845413208008,-7.450580596923828e-09,0.0,0.0,1.0,2756.853271484375,2756.853271484375,0.3425648510456085,0.05743515491485596,0.0,asphalt,True,-0.16155864298343658,20.660696029663086,-3.725290298461914e-09,0.0,0.0,1.0,3129.167724609375,3129.167724609375,0.33481404185295105,0.06518596410751343,0.0,asphalt,True,1.5065925121307373,20.461381912231445,-3.725290298461914e-09,0.0,0.0,1.0,2774.112548828125,2774.112548828125,0.3422051966190338,0.057794809341430664,0.0,asphalt,480,32.7173257518782,66.02228740111003,32.716955508721405,10.796306610107422,-0.0851057767868042,3.805820149637299e-05,-0.007882697029287261,0.20465115502391099,348.6525533843679,0.0,0.0,-0.0,3111.906005859375,True,1.2790308526792018,479,7.313252992538583e-12,3.237458463101757e-06,-0.006618472365026928,True,480,magic-formula,0.012270881783472846,3.1238206217305944,0.0,32.17330333152465,65.41776302460582,32.17292948100628,10.617158889770508,-0.08521580696105957,2.9395465351529715e-06,-0.008026062154344779,-3.0111407157303876,325.28748043431443,0.0,0.0,-0.0,2756.864013671875,True,1.3012086566409273,479,2.4413827071321026e-11,-5.379046426003273e-05,-0.006972937895643053,True,480,magic-formula,0.012580066677693024,2.816825153251179,0.0,32.73874457335109,65.99197657722904,32.73858245442165,10.795448303222656,-0.07871460914611816,0.0007723075271192242,-0.007291333533763125,54.59170266777895,330.4141860570939,94.48652115902321,77.36699999999999,77.36699999999999,3129.15771484375,True,0.0,479,2.6019772913373938e-08,0.0008585726458863685,-0.006235692778620338,True,480,magic-formula,0.4446185770376243,2.8928798538498324,0.6447249999999999,32.200995430565555,65.39433632848908,32.20083331163612,10.616287231445312,-0.07871460914611816,0.00094583543402811,-0.0074143780242596794,51.56821072256913,307.7015412492145,94.48652115902321,77.36699999999999,77.36699999999999,2774.118408203125,True,0.0,479,2.3995463859124034e-08,0.0009151360289828787,-0.006552519064106095,True,480,magic-formula,0.4449295228740684,2.6058076354240347,0.6447249999999999,0.09799906611442566,22.845277786254883,0.3299967646598816,0.02438107505440712,0.9972069263458252,-0.07059483230113983,0.0004774912085849792,1.7661502361297607,22.645963668823242,0.329996794462204,-0.2735692262649536,0.9592438340187073,-0.06743798404932022,0.021523455157876015,-0.16300660371780396,20.660816192626953,0.32999682426452637,0.00929667241871357,0.9981871247291565,-0.05944199860095978,0.0016500863712280989,1.5051445960998535,20.46150016784668,0.329996794462204,-0.28497111797332764,0.9566897749900818,-0.05632208660244942,0.019076066091656685
2.050000000000,246,0.18,0.15,0.0,0.8684381246566772,22.18435287475586,0.41868501901626587,-7.1191301345825195,10.701558113098145,0.009365024976432323,-0.2521555721759796,asphalt,1.2910801997024395,0.15,0.0,2352.869393577864,2,-0.0944267213344574,1.1434009075164795,48.107332617075826,160.00055746687053,-0.0,5907.6180948997435,5864.3819051002565,-0.10690192878246307,0.2296758566896665,False,-0.0,True,0,0,1.3685076236724854,10.61378002166748,0.08174299448728561,False,True,0.17306974530220032,23.37981605529785,1.862645149230957e-08,0.0,0.0,1.0,3111.925048828125,3111.925048828125,0.33517202734947205,0.06482797861099243,0.0,asphalt,True,1.8401340246200562,23.171607971191406,0.0,0.0,0.0,1.0,2756.835693359375,2756.835693359375,0.3425656855106354,0.0574343204498291,0.0,asphalt,True,-0.09958396852016449,21.19677734375,-3.725290298461914e-09,0.0,0.0,1.0,3129.18408203125,3129.18408203125,0.3348124325275421,0.06518757343292236,0.0,asphalt,True,1.5674803256988525,20.988567352294922,-3.725290298461914e-09,0.0,0.0,1.0,2774.0927734375,2774.0927734375,0.3422061502933502,0.05779385566711426,0.0,asphalt,486,32.70378911975014,67.65775428273331,32.703419045570186,10.791838645935059,-0.08506941795349121,3.815509071225053e-05,-0.00788259153983321,0.2100673176118682,348.61375533601245,0.0,0.0,-0.0,3111.92333984375,True,1.2800686718431438,485,1.468222447703177e-11,3.323117561348511e-06,-0.006617693380464136,True,486,magic-formula,0.012306301321481587,3.1236140396725824,0.0,32.159458154147416,67.02595804071039,32.1590844613136,10.612591743469238,-0.08517932891845703,2.7747604092749583e-06,-0.00802607901479503,-3.011954070198491,325.254657756216,0.0,0.0,-0.0,2756.841064453125,True,1.302282787302904,485,2.2246594514473324e-11,-5.3805401430780636e-05,-0.006972287134658719,True,486,magic-formula,0.012585054956076046,2.816624646076554,0.0,32.72516697462535,67.62856692025584,32.72500549132357,10.79097843170166,-0.07871341705322266,0.0007716325240947732,-0.007294243199371591,54.55907284704015,330.5380342162182,94.47358870312934,77.36699999999999,77.36699999999999,3129.1787109375,True,0.0,485,2.6004054601616715e-08,0.0008580556683490126,-0.0062380023771840395,True,486,magic-formula,0.44433743060370695,2.894023339233353,0.6447249999999999,32.18711050552531,67.00397229164734,32.18694902222353,10.611715316772461,-0.07871341705322266,0.0009452901582308222,-0.007417459960807385,51.52607057970907,307.8232099931623,94.47358870312934,77.36699999999999,77.36699999999999,2774.097900390625,True,0.0,485,2.39627129243063e-08,0.0009143974506279017,-0.00655517621277065,True,486,magic-formula,0.44460941544452776,2.6068552056830288,0.6447249999999999,0.17162196338176727,23.37994384765625,0.32999682426452637,0.7440940737724304,0.6640453934669495,-0.05040426552295685,-0.05317019298672676,1.838686227798462,23.171733856201172,0.329996794462204,0.500967264175415,0.8623431921005249,-0.06459575146436691,-0.03497717157006264,-0.10103176534175873,21.1969051361084,0.32999682426452637,0.73489910364151,0.6753249168395996,-0.043632809072732925,-0.04422352835536003,1.5660325288772583,20.98869514465332,0.329996794462204,0.49186113476753235,0.8684543967247009,-0.055109795182943344,-0.028678424656391144
2.100000000000,252,0.18,0.15,0.0,0.9385002851486206,22.71469497680664,0.4186846613883972,-7.424903869628906,10.697039604187012,0.009364324621856213,-0.25221243500709534,asphalt,1.2921065051686977,0.15,0.0,2351.875787985059,2,-0.09449125826358795,1.1434948444366455,48.06672831201147,160.00056742163608,-0.0,5907.619468777992,5864.380531222008,-0.10695473849773407,0.23015932986157933,False,-0.0,True,0,0,1.4246186017990112,10.601836204528809,0.08174457401037216,False,True,0.24952203035354614,23.91385269165039,0.0,0.0,0.0,1.0,3111.935546875,3111.935546875,0.33517083525657654,0.06482917070388794,0.0,asphalt,True,1.9154515266418457,23.696748733520508,0.0,0.0,0.0,1.0,2756.830810546875,2756.830810546875,0.3425661623477936,0.0574338436126709,0.0,asphalt,True,-0.034778088331222534,21.7322998046875,-1.862645149230957e-08,0.0,0.0,1.0,3129.18798828125,3129.18798828125,0.3348113000392914,0.0651887059211731,0.0,asphalt,True,1.6311513185501099,21.51519775390625,-3.725290298461914e-09,0.0,0.0,1.0,2774.0859375,2774.0859375,0.3422066271305084,0.057793378829956055,0.0,asphalt,492,32.69024041095805,69.2925440733656,32.68986970522497,10.787367820739746,-0.08503353595733643,3.814784878462122e-05,-0.007882532254043534,0.21446726161381108,348.5792982407104,0.0,0.0,-0.0,3111.93359375,True,1.2810775414643656,491,1.1736481327980724e-11,3.3927078813639136e-06,-0.0066170125723071,True,492,magic-formula,0.012327378673040386,3.1234200799780387,0.0,32.145639573520086,68.63346160940648,32.145265239936336,10.6080322265625,-0.0851430892944336,2.718006366663288e-06,-0.008026112591409323,-3.016641353865651,325.2271559838764,0.0,0.0,-0.0,2756.827880859375,True,1.3033269844759268,491,2.2540633272698478e-11,-5.388935778568456e-05,-0.0069717264568820245,True,492,magic-formula,0.012557210271209387,2.8164479358961203,0.0,32.711580189440625,69.26447821239648,32.711418449559474,10.786504745483398,-0.07870316505432129,0.0007710298403651279,-0.0072963179719274865,54.51948411035398,330.6216951370458,94.46059312810289,77.36699999999999,77.36699999999999,3129.190673828125,True,0.0,491,2.5978410269231435e-08,0.0008574310496829773,-0.0062395666328423725,True,492,magic-formula,0.44402577672456933,2.8948091798239295,0.6447249999999999,32.173249238636714,68.6129147271121,32.173087498755564,10.607154846191406,-0.07870316505432129,0.000944400520588823,-0.007419682463664656,51.485376075168375,307.90745244150196,94.46059312810289,77.36699999999999,77.36699999999999,2774.089599609375,True,0.0,491,2.3937766486261078e-08,0.0009136796730273868,-0.006557001698870872,True,492,magic-formula,0.4442692235201583,2.6075848681912657,0.6447249999999999,0.24807460606098175,23.91398811340332,0.32999682426452637,0.9931852221488953,-0.08841540664434433,0.004533972125500441,-0.07579740136861801,1.9140040874481201,23.696884155273438,0.329996794462204,0.9683406352996826,0.23774176836013794,-0.02028482034802437,-0.07337408512830734,-0.03622550889849663,21.73243522644043,0.3299967646598816,0.9951100945472717,-0.07455555349588394,0.0026381348725408316,-0.06473288685083389,1.6297038793563843,21.515331268310547,0.329996794462204,0.9666293263435364,0.24785152077674866,-0.018218422308564186,-0.0621723011136055
2.150000000000,258,0.18,0.15,0.0,1.0113662481307983,23.24443244934082,0.4186844527721405,-7.7308197021484375,10.692516326904297,0.00936165452003479,-0.2522479295730591,asphalt,1.2931116556233004,0.15,0.0,2350.881762956631,2,-0.0945620983839035,1.1435657739639282,48.0260983184041,160.00046123747026,-0.0,5907.628535785245,5864.371464214755,-0.1070026382803917,0.23065221772763794,False,-0.0,True,0,0,1.480668544769287,10.58958625793457,0.08174598962068558,False,True,0.32880064845085144,24.44725227355957,1.1175870895385742e-08,0.0,0.0,1.0,3111.9404296875,3111.9404296875,0.33517006039619446,0.06482994556427002,0.0,asphalt,True,1.9935472011566162,24.221256256103516,-2.60770320892334e-08,0.0,0.0,1.0,2756.8330078125,2756.8330078125,0.3425664007663727,0.0574336051940918,0.0,asphalt,True,0.032856784760951996,22.267248153686523,2.2351741790771484e-08,0.0,0.0,1.0,3129.180419921875,3129.180419921875,0.3348105847835541,0.0651894211769104,0.0,asphalt,True,1.6976033449172974,22.04125213623047,3.725290298461914e-09,0.0,0.0,1.0,2774.07763671875,2774.07763671875,0.3422069847583771,0.0577930212020874,0.0,asphalt,498,32.67666462400615,70.92665562491999,32.67629286622781,10.782886505126953,-0.08499550819396973,3.8284813150988026e-05,-0.00788228160233348,0.21693934366585943,348.53738608406366,0.0,0.0,-0.0,3111.939697265625,True,1.2820656022266916,497,3.0718440779515003e-12,3.4318045376227223e-06,-0.0066161981128880646,True,498,magic-formula,0.012343460799211005,3.1231664335465306,0.0,32.131818177862606,70.24027417552675,32.13144278431735,10.603469848632812,-0.08510482311248779,2.8434146820270105e-06,-0.008025957252581822,-3.016346932507855,325.1955149588042,0.0,0.0,-0.0,2756.830810546875,True,1.3043496717899343,497,2.878794505740622e-11,-5.388399805297217e-05,-0.0069710352463352235,True,498,magic-formula,0.01257762773153426,2.8162415499148614,0.0,32.697964435729176,70.8997093508635,32.69780195311827,10.78201961517334,-0.07868492603302002,0.0007706022539225011,-0.007297661479498274,54.48458576209249,330.6645169906736,94.44755444791954,77.36699999999999,77.36699999999999,3129.184326171875,True,0.0,497,2.5956939477435642e-08,0.0008568845741880047,-0.006240392035495314,True,498,magic-formula,0.44371382173183005,2.8952444421858536,0.6447249999999999,32.159384152594065,70.2211639677026,32.15922166998316,10.602590560913086,-0.07868504524230957,0.0009437513771251696,-0.007421167524299691,51.44337856418444,307.9559860547623,94.44755444791954,77.36699999999999,77.36699999999999,2774.0791015625,True,0.0,497,2.3905743467715013e-08,0.000912938730691766,-0.0065580665433921685,True,498,magic-formula,0.44393242890073764,2.6080149217873703,0.6447249999999999,0.3273537755012512,24.4473934173584,0.32999682426452637,0.615105926990509,-0.7845165729522705,0.06047067046165466,-0.05021532624959946,1.9921003580093384,24.221399307250977,0.329996794462204,0.8432097434997559,-0.5317785739898682,0.040150485932826996,-0.06779911369085312,0.03140989691019058,22.26738929748535,0.32999682426452637,0.6261133551597595,-0.7768092155456543,0.051101889461278915,-0.04402218759059906,1.69615638256073,22.04139518737793,0.329996794462204,0.8489475250244141,-0.5241552591323853,0.03353813663125038,-0.05851966515183449
2.200000000000,264,0.18,0.15,0.0,1.0870329141616821,23.77354621887207,0.4186842739582062,-8.036865234375,10.687997817993164,0.00935604702681303,-0.25226742029190063,asphalt,1.2941017607040426,0.15,0.0,2349.8872391393074,2,-0.09441950917243958,1.1435391902923584,47.98550262934179,160.00033514377336,-0.0,5907.631003762479,5864.368996237521,-0.10704690217971802,0.23114440251424784,False,-0.0,True,0,0,1.5366528034210205,10.577041625976562,0.0817471295595169,False,True,0.4109019935131073,24.979991912841797,2.2351741790771484e-08,0.0,0.0,1.0,3111.948974609375,3111.948974609375,0.3351694643497467,0.06483054161071777,0.0,asphalt,True,2.0744175910949707,24.7451114654541,-2.60770320892334e-08,0.0,0.0,1.0,2756.847412109375,2756.847412109375,0.3425664007663727,0.0574336051940918,0.0,asphalt,True,0.10331795364618301,22.801599502563477,-3.3527612686157227e-08,0.0,0.0,1.0,3129.162109375,3129.162109375,0.3348102867603302,0.06518971920013428,0.0,asphalt,True,1.7668335437774658,22.56671905517578,2.2351741790771484e-08,0.0,0.0,1.0,2774.072998046875,2774.072998046875,0.3422071635723114,0.057792842388153076,0.0,asphalt,504,32.66309159616914,72.56008822208118,32.66271867353909,10.778407096862793,-0.08495783805847168,3.832939963297568e-05,-0.007882062525417363,0.21368738299896994,348.49966158448456,0.0,0.0,-0.0,3111.943603515625,True,1.283038860601074,503,7.9103153658557e-12,3.3803542143545252e-06,-0.006615468433493593,True,504,magic-formula,0.012323038258761236,3.122931446679582,0.0,32.11801648881254,71.84639594206827,32.11763992284858,10.598917007446289,-0.08506655693054199,2.6827138876493586e-06,-0.008025794558837049,-3.021809625768137,325.17011499339696,0.0,0.0,-0.0,2756.84228515625,True,1.3053570647305193,503,2.2694626547209563e-11,-5.398132299158196e-05,-0.006970457133287612,True,504,magic-formula,0.012539360967473748,2.8160706979414045,0.0,32.684353318969414,72.53425949758245,32.68418992436088,10.777539253234863,-0.07866168022155762,0.0007698735147314062,-0.007298538342955896,54.44158581983437,330.68605284886075,94.43448486256135,77.36699999999999,77.36699999999999,3129.16357421875,True,0.0,503,2.5923451301312368e-08,0.0008562142685472864,-0.006240841887351822,True,504,magic-formula,0.443354475786826,2.8954883746549287,0.6447249999999999,32.14553859292187,71.82872023741851,32.14537519831334,10.598033905029297,-0.07866144180297852,0.0009429891170832872,-0.007422131129974051,51.40536014027381,307.9867772455678,94.43448486256135,77.36699999999999,77.36699999999999,2774.0751953125,True,0.0,503,2.3872633095430167e-08,0.000912265850453212,-0.006558735270444318,True,504,magic-formula,0.4435686332060303,2.608288853653512,0.6447249999999999,0.409455806016922,24.98014259338379,0.32999682426452637,0.15069513022899628,0.9852338433265686,-0.08064137399196625,-0.010102374479174614,2.0729715824127197,24.74526023864746,0.329996794462204,-0.2029614895582199,0.9757919311523438,-0.07928016781806946,0.018743576481938362,0.10187173634767532,22.80175018310547,0.3299967646598816,0.13809874653816223,0.9879336953163147,-0.06970798224210739,-0.007515831384807825,1.7653872966766357,22.566869735717773,0.32999685406684875,-0.2117331624031067,0.9748094081878662,-0.0680120587348938,0.0170308668166399
2.250000000000,270,0.18,0.15,0.0,1.165496826171875,24.302026748657227,0.41868412494659424,-8.343034744262695,10.683472633361816,0.009348147548735142,-0.252276211977005,asphalt,1.2950812184707425,0.15,0.0,2348.8926112544814,2,-0.09451201558113098,1.1435203552246094,47.94489842780147,160.000438009684,-0.0,5907.639020870927,5864.360979129073,-0.10708868503570557,0.23164469701770699,False,-0.0,True,0,0,1.5925687551498413,10.564191818237305,0.08174841850996017,False,True,0.4958224892616272,25.512069702148438,0.0,0.0,0.0,1.0,3111.95068359375,3111.95068359375,0.3351690471172333,0.0648309588432312,0.0,asphalt,True,2.1580591201782227,25.268299102783203,-1.4901161193847656e-08,0.0,0.0,1.0,2756.8642578125,2756.8642578125,0.34256628155708313,0.05743372440338135,0.0,asphalt,True,0.17660225927829742,23.335351943969727,-2.2351741790771484e-08,0.0,0.0,1.0,3129.142822265625,3129.142822265625,0.33481016755104065,0.06518983840942383,0.0,asphalt,True,1.8388389348983765,23.091581344604492,-2.9802322387695312e-08,0.0,0.0,1.0,2774.066650390625,2774.066650390625,0.3422073423862457,0.05779266357421875,0.0,asphalt,510,32.64949702881512,74.19284165917246,32.6491234977986,10.773920059204102,-0.08491826057434082,3.842244072847062e-05,-0.007881671824652941,0.21889037998031757,348.45743308079426,0.0,0.0,-0.0,3111.950927734375,True,1.2840016403101813,509,1.658172529444924e-11,3.462649971453949e-06,-0.006614645321857141,True,510,magic-formula,0.012355660307149883,3.1226661419528026,0.0,32.104210493507324,73.45182758899129,32.1038333124048,10.5943603515625,-0.08502745628356934,2.7478105285978416e-06,-0.008025555854964811,-3.019910479178189,325.13978765611193,0.0,0.0,-0.0,2756.862548828125,True,1.3063536376284706,509,2.3084573121099393e-11,-5.394695632523524e-05,-0.006969750139341789,True,510,magic-formula,0.012541063576542682,2.8158691911643667,0.0,32.67071556658436,74.16812845739904,32.6705517865247,10.773049354553223,-0.07863342761993408,0.0007692141887491407,-0.007298957670588203,54.408305728229195,330.6872510936915,94.4213941698124,77.36699999999999,77.36699999999999,3129.1494140625,True,0.0,509,2.5893426395507012e-08,0.0008556946917263784,-0.006240892405510363,True,510,magic-formula,0.4430437344101332,2.8955580580699705,0.6447249999999999,32.13168862345599,73.4355841945539,32.13152484339633,10.593473434448242,-0.07863354682922363,0.000942449268789359,-0.007422693148701326,51.36489092349331,307.99606330414787,94.4213941698124,77.36699999999999,77.36699999999999,2774.0693359375,True,0.0,509,2.38260567833745e-08,0.0009115496563023591,-0.006558947358245305,True,510,magic-formula,0.4432332510290793,2.6083835475257233,0.6447249999999999,0.4943770468235016,25.51222801208496,0.32999682426452637,0.8209359645843506,0.5648167133331299,-0.049381379038095474,-0.06788010150194168,2.15661358833313,25.268457412719727,0.329996794462204,0.5607050061225891,0.8237298727035522,-0.07076995819807053,-0.045502759516239166,0.175156831741333,23.33551025390625,0.3299967646598816,0.8146236538887024,0.5754059553146362,-0.04377056285738945,-0.05814157798886299,1.8373935222625732,23.091739654541016,0.329996794462204,0.5545145273208618,0.8289856910705566,-0.06168987229466438,-0.03860912099480629
2.300000000000,276,0.18,0.15,0.0,1.2467542886734009,24.82985496520996,0.41868412494659424,-8.649320602416992,10.678949356079102,0.009338722564280033,-0.25227636098861694,asphalt,1.2960532740690611,0.15,0.0,2347.8976705409386,2,-0.09450258314609528,1.1434473991394043,47.90431996812659,160.0001990953109,-0.0,5907.644820874849,5864.355179125151,-0.10712851583957672,0.23214509699421812,False,-0.0,True,0,0,1.6484119892120361,10.551044464111328,0.08174923062324524,False,True,0.5835579633712769,26.043460845947266,-7.450580596923828e-09,0.0,0.0,1.0,3111.942138671875,3111.942138671875,0.3351689279079437,0.06483107805252075,0.0,asphalt,True,2.2444679737091064,25.790809631347656,-3.3527612686157227e-08,0.0,0.0,1.0,2756.886474609375,2756.886474609375,0.34256604313850403,0.05743396282196045,0.0,asphalt,True,0.2527064085006714,23.868480682373047,-1.4901161193847656e-08,0.0,0.0,1.0,3129.123779296875,3129.123779296875,0.334810346364975,0.0651896595954895,0.0,asphalt,True,1.9136161804199219,23.615829467773438,0.0,0.0,0.0,1.0,2774.0634765625,2774.0634765625,0.3422074615955353,0.0577925443649292,0.0,asphalt,516,32.635896159575,75.82491514707026,32.635522141593185,10.769432067871094,-0.08487987518310547,3.841101239592982e-05,-0.007881392181602819,0.21765557508226888,348.41651139963767,0.0,0.0,-0.0,3111.944091796875,True,1.2849571315865658,515,6.647011621159307e-12,3.443121134601621e-06,-0.006613877515807313,True,516,magic-formula,0.012364165146835956,3.1223970467239495,0.0,32.09040860602256,75.0565689600657,32.090030931668316,10.589805603027344,-0.08498895168304443,2.76085899939213e-06,-0.008025371781580444,-3.020815788822153,325.11299102949135,0.0,0.0,-0.0,2756.87939453125,True,1.307342691972887,515,2.775076301929628e-11,-5.396276017021534e-05,-0.0069691281662234515,True,516,magic-formula,0.01254505636178233,2.8156889950637045,0.0,32.657077207840636,75.80131557113762,32.65691314605589,10.768558502197266,-0.07860350608825684,0.0007686243603036906,-0.007299223020814517,54.36814817154758,330.67749413191007,94.40828821455293,77.36699999999999,77.36699999999999,3129.1279296875,True,0.0,515,2.585551670976273e-08,0.0008550687580274447,-0.006240749401672343,True,516,magic-formula,0.4427257727928222,2.895532426302087,0.6447249999999999,32.11784070335264,75.04175570812222,32.1176766415679,10.588916778564453,-0.07860350608825684,0.0009416122300727085,-0.007423050345787093,51.323012426006294,307.9971574329911,94.40828821455293,77.36699999999999,77.36699999999999,2774.063232421875,True,0.0,515,2.3778260705971217e-08,0.0009108083513698678,-0.006558984296190191,True,516,magic-formula,0.4429199662733364,2.608409941295313,0.6447249999999999,0.5821134448051453,26.04362678527832,0.3299967646598816,0.9736419916152954,-0.21099664270877838,0.016180532053112984,-0.08508752286434174,2.24302339553833,25.79097557067871,0.329996794462204,0.9817348718643188,0.1692957729101181,-0.01692226715385914,-0.08514148741960526,0.25126177072525024,23.8686466217041,0.3299967646598816,0.976948618888855,-0.19970038533210754,0.012938903644680977,-0.07432214915752411,1.9121716022491455,23.615995407104492,0.329996794462204,0.9813681244850159,0.1767069399356842,-0.015536013059318066,-0.07382296025753021
2.350000000000,282,0.18,0.15,0.0,1.3308017253875732,25.35701560974121,0.41868412494659424,-8.955713272094727,10.674421310424805,0.009328308515250683,-0.2522698938846588,asphalt,1.2970202852345958,0.15,0.0,2346.9025637007353,2,-0.09472484886646271,1.1434147357940674,47.863724480396286,160.0002156865868,-0.0,5907.6523793672795,5864.3476206327205,-0.10716690868139267,0.2326499983715018,False,-0.0,True,0,0,1.704181432723999,10.53759479522705,0.08174975961446762,False,True,0.674104630947113,26.57415008544922,-4.0978193283081055e-08,0.0,0.0,1.0,3111.9375,3111.9375,0.3351688086986542,0.0648311972618103,0.0,asphalt,True,2.3336398601531982,26.312618255615234,2.9802322387695312e-08,0.0,0.0,1.0,2756.908203125,2756.908203125,0.34256574511528015,0.057434260845184326,0.0,asphalt,True,0.3316269516944885,24.400970458984375,2.2351741790771484e-08,0.0,0.0,1.0,3129.10546875,3129.10546875,0.3348105847835541,0.0651894211769104,0.0,asphalt,True,1.9911620616912842,24.139440536499023,-1.1175870895385742e-08,0.0,0.0,1.0,2774.060546875,2774.060546875,0.34220758080482483,0.05779242515563965,0.0,asphalt,522,32.62228726767889,77.45630849651441,32.62191293770402,10.76494026184082,-0.08483994007110596,3.8508016127572684e-05,-0.00788097114698474,0.22314315972946092,348.36913053662244,0.0,0.0,-0.0,3111.939453125,True,1.2859076522247384,521,3.652138660918116e-12,3.5299317343455674e-06,-0.006612981503398307,True,522,magic-formula,0.012378114526440021,3.122092944640449,0.0,32.076602659119196,76.66062023542071,32.076224666718296,10.585247993469238,-0.08494913578033447,2.917649177037093e-06,-0.008025065846592305,-3.018830930068441,325.08349520235765,0.0,0.0,-0.0,2756.907470703125,True,1.3083266264821194,521,2.6707895534905708e-11,-5.3926710121511376e-05,-0.00696841925617559,True,522,magic-formula,0.01256847858118736,2.815488752291394,0.0,32.64342990746,77.4338206574222,32.64326572076162,10.76406478881836,-0.07856965065002441,0.0007680259089512319,-0.007299125085377908,54.3328724477684,330.6540549903723,94.39517125646182,77.36699999999999,77.36699999999999,3129.109130859375,True,0.0,521,2.5812380270017717e-08,0.0008545186409522994,-0.006240341215090518,True,522,magic-formula,0.44240959137467417,2.8953877692044063,0.6447249999999999,32.103994452866274,76.64723497710546,32.10383026616789,10.584359169006348,-0.07856965065002441,0.0009409167130955544,-0.007423048130222449,51.284144536769986,307.9847730864233,94.39517125646182,77.36699999999999,77.36699999999999,2774.059814453125,True,0.0,521,2.374749638747495e-08,0.0009101193092259341,-0.006558725834155336,True,522,magic-formula,0.4425864872523307,2.608324148383481,0.6447249999999999,0.6726610064506531,26.574323654174805,0.3299967646598816,0.5135245323181152,-0.8534173369407654,0.07533958554267883,-0.04791069030761719,2.3321962356567383,26.312793731689453,0.32999685406684875,0.8040435314178467,-0.5877991318702698,0.0510084331035614,-0.07351496815681458,0.33018332719802856,24.40114402770996,0.32999682426452637,0.5235580205917358,-0.8484023809432983,0.06528113037347794,-0.04288049787282944,1.9897184371948242,24.13961410522461,0.329996794462204,0.8087218403816223,-0.5829825401306152,0.04386371374130249,-0.06462458521127701
2.400000000000,288,0.18,0.15,0.0,1.417635440826416,25.88349723815918,0.41868412494659424,-9.262218475341797,10.669894218444824,0.009317340329289436,-0.252257764339447,asphalt,1.2979840037394352,0.15,0.0,2345.906925544609,2,-0.09461811184883118,1.1433054208755493,47.82312910448143,160.00010286591063,-0.0,5907.662118271611,5864.337881728389,-0.10720429569482803,0.23315863402468215,False,-0.0,True,0,0,1.759873390197754,10.523846626281738,0.0817500650882721,False,True,0.7674587368965149,27.104127883911133,-4.0978193283081055e-08,0.0,0.0,1.0,3111.927734375,3111.927734375,0.3351688086986542,0.0648311972618103,0.0,asphalt,True,2.4255709648132324,26.833724975585938,7.450580596923828e-09,0.0,0.0,1.0,2756.932861328125,2756.932861328125,0.3425653874874115,0.05743461847305298,0.0,asphalt,True,0.41336047649383545,24.932811737060547,-1.1175870895385742e-08,0.0,0.0,1.0,3129.07958984375,3129.07958984375,0.3348110020160675,0.06518900394439697,0.0,asphalt,True,2.071472644805908,24.66240692138672,7.450580596923828e-09,0.0,0.0,1.0,2774.0634765625,2774.0634765625,0.34220758080482483,0.05779242515563965,0.0,asphalt,528,32.60866838498409,79.08702078070685,32.60829400041043,10.760445594787598,-0.0848010778427124,3.856459785968789e-05,-0.007880651556124448,0.22067610301618487,348.3249784429919,0.0,0.0,-0.0,3111.9326171875,True,1.286854924280921,527,3.677821521960511e-12,3.490909532768627e-06,-0.0066121519281295725,True,528,magic-formula,0.012369079092019005,3.121787972967237,0.0,32.062795125101744,78.26398085036215,32.06241707216488,10.580692291259766,-0.08491003513336182,2.8448066517522893e-06,-0.008024825797240044,-3.0244748453957215,325.05213823112126,0.0,0.0,-0.0,2756.92919921875,True,1.3093072234203185,527,2.351930339145332e-11,-5.402705852498468e-05,-0.0069676863304262955,True,528,magic-formula,0.012527786874895168,2.8152562296805774,0.0,32.62976983431762,79.06564275068467,32.629605773347784,10.759567260742188,-0.07853567600250244,0.0007673900243882138,-0.0072990185770558345,54.28959920335394,330.62257254439106,94.38204539364992,77.36699999999999,77.36699999999999,3129.0830078125,True,0.0,527,2.5756736897421464e-08,0.0008538445916725502,-0.006239794785901462,True,528,magic-formula,0.4420928489051105,2.8951699742388075,0.6447249999999999,32.090138757949916,78.25202142321956,32.08997469698008,10.579798698425293,-0.07853579521179199,0.0009401966882092589,-0.007423047920038986,51.244102404135226,307.9670465290263,94.38204539364992,77.36699999999999,77.36699999999999,2774.062744140625,True,0.0,527,2.3705947935325925e-08,0.0009094072138267093,-0.006558337648064928,True,528,magic-formula,0.44225767136564254,2.608191842683483,0.6447249999999999,0.7660161852836609,27.10430908203125,0.3299967646598816,0.26912593841552734,0.9587050676345825,-0.08910354226827621,-0.02271929197013378,2.424128293991089,26.833906173706055,0.329996794462204,-0.1368269920349121,0.9862995147705078,-0.09094562381505966,0.014846138656139374,0.41191789507865906,24.932992935180664,0.3299967646598816,0.25913557410240173,0.9624577164649963,-0.07853766530752182,-0.0188585352152586,2.0700299739837646,24.66259002685547,0.32999685406684875,-0.14283695816993713,0.9864449501037598,-0.07959003001451492,0.013756221160292625
2.450000000000,294,0.18,0.15,0.0,1.507251501083374,26.40928077697754,0.41868412494659424,-9.568825721740723,10.665365219116211,0.009306380525231361,-0.25224173069000244,asphalt,1.2989456999644822,0.15,0.0,2344.911012189898,2,-0.09463070333003998,1.143218994140625,47.78255095125243,160.00014268497281,-0.0,5907.670059322004,5864.329940677996,-0.10724093019962311,0.2336653995354775,False,-0.0,True,0,0,1.8154869079589844,10.50979995727539,0.08175028860569,False,True,0.8636159300804138,27.633371353149414,-4.0978193283081055e-08,0.0,0.0,1.0,3111.92431640625,3111.92431640625,0.3351688086986542,0.0648311972618103,0.0,asphalt,True,2.5202574729919434,27.35409927368164,2.60770320892334e-08,0.0,0.0,1.0,2756.958984375,2756.958984375,0.3425649106502533,0.05743509531021118,0.0,asphalt,True,0.49790340662002563,25.4639835357666,-1.4901161193847656e-08,0.0,0.0,1.0,3129.053955078125,3129.053955078125,0.3348114788532257,0.06518852710723877,0.0,asphalt,True,2.1545450687408447,25.184709548950195,-1.1175870895385742e-08,0.0,0.0,1.0,2774.067626953125,2774.067626953125,0.34220758080482483,0.05779242515563965,0.0,asphalt,534,32.595045316502386,80.71705216353872,32.594671060567656,10.755950927734375,-0.08476066589355469,3.849280404814789e-05,-0.007880187626798162,0.22119666651247313,348.2821777186137,0.0,0.0,-0.0,3111.927978515625,True,1.2878001965561674,533,4.045335206411999e-12,3.4991465300625264e-06,-0.006611343488461513,True,534,magic-formula,0.012380057072075155,3.1215060132625663,0.0,32.04898411890007,79.86665108506881,32.04860618936345,10.57613468170166,-0.0848696231842041,2.8439062350159266e-06,-0.00802446300929205,-3.021227775350246,325.0270503813456,0.0,0.0,-0.0,2756.955810546875,True,1.3102857753128498,533,2.475634063261354e-11,-5.3968496306399016e-05,-0.006967076428615198,True,534,magic-formula,0.0125480089122738,2.815088297509649,0.0,32.616105430635535,80.69678187460543,32.61594165884136,10.7550687789917,-0.07849907875061035,0.0007667094732238783,-0.007298668791612392,54.2545627199877,330.58757964066996,94.36891187021436,77.36699999999999,77.36699999999999,3129.06005859375,True,0.0,533,2.5718822969176054e-08,0.0008532991702156284,-0.006239175463584422,True,534,magic-formula,0.4417575566614709,2.8949288420085386,0.6447249999999999,32.07628607461644,79.85611525690543,32.07612230282226,10.575238227844238,-0.0784991979598999,0.0009395700186712326,-0.007422788456640864,51.20426686371682,307.9473439738119,94.36891187021436,77.36699999999999,77.36699999999999,2774.066650390625,True,0.0,533,2.3666300586854404e-08,0.0009086984238877422,-0.0065579047637005965,True,534,magic-formula,0.44193188191029853,2.6080388444121514,0.6447249999999999,0.862174391746521,27.633562088012695,0.3299967646598816,0.8820484280586243,0.46155881881713867,-0.04581728205084801,-0.08279383927583694,2.518815755844116,27.35428810119629,0.32999685406684875,0.6130973100662231,0.7842963337898254,-0.076044462621212,-0.05664169415831566,0.4964619278907776,25.46417236328125,0.3299967646598816,0.8782163858413696,0.4709293842315674,-0.0413626953959465,-0.07246135175228119,2.1531035900115967,25.184898376464844,0.329996794462204,0.6096031665802002,0.788303554058075,-0.06733094900846481,-0.04927537217736244
2.500000000000,300,0.18,0.15,0.0,1.599645733833313,26.93435287475586,0.41868412494659424,-9.87553882598877,10.660833358764648,0.009295999072492123,-0.25222277641296387,asphalt,1.2999062784071045,0.15,0.0,2343.914760063388,2,-0.09476462006568909,1.143142819404602,47.74195585700925,159.99998672697927,-0.0,5907.680724565449,5864.319275434551,-0.1072770431637764,0.23417259647981142,False,-0.0,True,0,0,1.8710187673568726,10.495451927185059,0.08175046741962433,False,True,0.9625718593597412,28.16187286376953,-2.60770320892334e-08,0.0,0.0,1.0,3111.91845703125,3111.91845703125,0.33516886830329895,0.06483113765716553,0.0,asphalt,True,2.617694854736328,27.873735427856445,-1.862645149230957e-08,0.0,0.0,1.0,2756.981201171875,2756.981201171875,0.34256449341773987,0.05743551254272461,0.0,asphalt,True,0.5852516889572144,25.994470596313477,-1.4901161193847656e-08,0.0,0.0,1.0,3129.02880859375,3129.02880859375,0.3348119556903839,0.06518805027008057,0.0,asphalt,True,2.2403745651245117,25.70633316040039,-2.60770320892334e-08,0.0,0.0,1.0,2774.07470703125,2774.07470703125,0.34220752120018005,0.057792484760284424,0.0,asphalt,540,32.58140929234187,82.3464020770421,32.58103517983081,10.751450538635254,-0.08472084999084473,3.855552663089741e-05,-0.007879782938339842,0.22455086869925175,348.237844712074,0.0,0.0,-0.0,3111.918701171875,True,1.2887443581597793,539,3.38249321299301e-12,3.5522145825011807e-06,-0.006610515676143063,True,540,magic-formula,0.012386245083239992,3.1212110856374764,0.0,32.03516483677596,81.46863068873542,32.03478704484225,10.571574211120605,-0.08483004570007324,2.8552999638780386e-06,-0.008024181009741116,-3.0173328198285154,324.99794432003586,0.0,0.0,-0.0,2756.977783203125,True,1.3112632024485278,539,2.5342483128475546e-11,-5.3898448202369165e-05,-0.00696639152968779,True,540,magic-formula,0.012556563301415738,2.81488654786359,0.0,32.60243651380616,82.32723764334739,32.60227304271276,10.750567436218262,-0.07846307754516602,0.0007661561481883245,-0.007298376095954547,54.210827574750404,330.5496722361579,94.35577194538203,77.36699999999999,77.36699999999999,3129.03173828125,True,0.0,539,2.568131152030428e-08,0.0008526183315993453,-0.006238511378191404,True,540,magic-formula,0.4414116433437488,2.894659610059877,0.6447249999999999,32.06242591770117,81.4595163016322,32.06226244660777,10.57067584991455,-0.07846307754516602,0.0009388901019904995,-0.007422575215562316,51.16652409131321,307.92210870669254,94.35577194538203,77.36699999999999,77.36699999999999,2774.07080078125,True,0.0,539,2.3619470653501998e-08,0.0009080265862513274,-0.0065573526913879805,True,540,magic-formula,0.4415937369719854,2.6078398045642563,0.6447249999999999,0.9611315131187439,28.16206932067871,0.3299967646598816,0.940718948841095,-0.3249323070049286,0.029669536277651787,-0.09266352653503418,2.6162543296813965,27.873931884765625,0.329996794462204,0.9896178245544434,0.10560111701488495,-0.012538670562207699,-0.09668339788913727,0.583811342716217,25.99466896057129,0.3299967646598816,0.9447580575942993,-0.3162572383880615,0.02522781677544117,-0.08232296258211136,2.238934278488159,25.70652961730957,0.329996794462204,0.9901731014251709,0.11019868403673172,-0.01171623170375824,-0.08530090004205704
2.550000000000,306,0.18,0.15,0.0,1.6948142051696777,27.45870018005371,0.41868412494659424,-10.182357788085938,10.656299591064453,0.009285924024879932,-0.25220179557800293,asphalt,1.3008664285095333,0.15,0.0,2342.9181230971867,2,-0.09490485489368439,1.1430728435516357,47.701395089070665,160.00013936671763,-0.0,5907.687249688107,5864.312750311893,-0.10731279850006104,0.23467642119605925,False,-0.0,True,0,0,1.9264678955078125,10.48080825805664,0.08175070583820343,False,True,1.0643227100372314,28.689613342285156,7.450580596923828e-09,0.0,0.0,1.0,3111.91357421875,3111.91357421875,0.3351689279079437,0.06483107805252075,0.0,asphalt,True,2.717879056930542,28.39261817932129,2.60770320892334e-08,0.0,0.0,1.0,2757.0068359375,2757.0068359375,0.3425639569759369,0.05743604898452759,0.0,asphalt,True,0.6754014492034912,26.52426528930664,2.60770320892334e-08,0.0,0.0,1.0,3129.007568359375,3129.007568359375,0.33481237292289734,0.06518763303756714,0.0,asphalt,True,2.3289575576782227,26.22726821899414,0.0,0.0,0.0,1.0,2774.078857421875,2774.078857421875,0.3422074615955353,0.0577925443649292,0.0,asphalt,546,32.567773552497854,83.9750703116484,32.56739963463322,10.746950149536133,-0.08468198776245117,3.862703207740087e-05,-0.007879466644501058,0.2284057545727969,348.19847869683065,0.0,0.0,-0.0,3111.9140625,True,1.2896880867801808,545,5.31318983309965e-12,3.613198236386881e-06,-0.00660977290795206,True,546,magic-formula,0.01242228512171197,3.1209601335978325,0.0,32.021350724352196,83.06991939729895,32.02097312205904,10.567014694213867,-0.08479106426239014,2.9378990429787643e-06,-0.008023954445345453,-3.0193797415555212,324.97206745715266,0.0,0.0,-0.0,2757.00732421875,True,1.3122402063322796,545,2.361397638110946e-11,-5.393439497472861e-05,-0.006965757152070792,True,546,magic-formula,0.012565576471470715,2.8147128259770215,0.0,32.58875938076786,83.95700966607329,32.5885962511206,10.746064186096191,-0.07842683792114258,0.000765527677365508,-0.007298062264982221,54.17353770298253,330.5120736355273,94.3426261089025,77.36699999999999,77.36699999999999,3129.010498046875,True,0.0,545,2.5642360338676235e-08,0.0008520369349476836,-0.006237839069904441,True,546,magic-formula,0.4410898001369816,2.894388076245547,0.6447249999999999,32.04856710889724,83.06222428280061,32.048403979249976,10.566113471984863,-0.07842695713043213,0.0009382517022471595,-0.007422361790330918,51.12615464009592,307.8977285717348,94.3426261089025,77.36699999999999,77.36699999999999,2774.078369140625,True,0.0,545,2.35789895816834e-08,0.0009073070202360905,-0.0065568107584385365,True,546,magic-formula,0.44126074559221584,2.6076543154249263,0.6447249999999999,1.0628836154937744,28.689817428588867,0.32999682426452637,-0.40923699736595154,0.9069350361824036,-0.09019126743078232,0.04312116280198097,2.716439723968506,28.392822265625,0.32999685406684875,0.7646092772483826,-0.6366627812385559,0.06238026171922684,-0.07836953550577164,0.6739622950553894,26.52446746826172,0.32999682426452637,-0.41783231496810913,0.904177188873291,-0.07962837815284729,0.03923145309090614,2.3275184631347656,26.22747230529785,0.329996794462204,0.7678719758987427,-0.6344233155250549,0.054818861186504364,-0.0698189064860344
2.600000000000,312,0.18,0.15,0.0,1.792752742767334,27.98230743408203,0.41868412494659424,-10.48927116394043,10.651763916015625,0.009276106022298336,-0.2521796226501465,asphalt,1.3018266311391486,0.15,0.0,2341.9212113843087,2,-0.09483447670936584,1.1429252624511719,47.66078328902915,160.00005972859327,-0.0,5907.700568567164,5864.299431432836,-0.10734821110963821,0.23519003670507604,False,-0.0,True,0,0,1.9818321466445923,10.465864181518555,0.08175081759691238,False,True,1.1688637733459473,29.216581344604492,1.1175870895385742e-08,0.0,0.0,1.0,3111.903564453125,3111.903564453125,0.33516910672187805,0.06483089923858643,0.0,asphalt,True,2.820805072784424,28.910730361938477,-3.725290298461914e-09,0.0,0.0,1.0,2757.03369140625,2757.03369140625,0.3425634205341339,0.057436585426330566,0.0,asphalt,True,0.7683489322662354,27.0533447265625,-3.725290298461914e-09,0.0,0.0,1.0,3128.980712890625,3128.980712890625,0.3348129093647003,0.06518709659576416,0.0,asphalt,True,2.420290470123291,26.74749755859375,-4.842877388000488e-08,0.0,0.0,1.0,2774.08935546875,2774.08935546875,0.34220728278160095,0.057792723178863525,0.0,asphalt,552,32.55412500651044,85.60305645860932,32.553751150578755,10.742445945739746,-0.0846409797668457,3.866032101043814e-05,-0.007878953149243199,0.22450542554893876,348.1516115328485,0.0,0.0,-0.0,3111.90673828125,True,1.2906318550677285,551,4.812772352122653e-12,3.551503059202516e-06,-0.006608892458817097,True,552,magic-formula,0.012415409026284617,3.1206352863978344,0.0,32.00752209090556,84.67051714129855,32.00714454495742,10.562450408935547,-0.08475065231323242,3.0183396895314008e-06,-0.008023595882510918,-3.0215710627333663,324.9432580870916,0.0,0.0,-0.0,2757.02783203125,True,1.3132172762651095,551,2.340279869745648e-11,-5.397309460077517e-05,-0.006965082430494502,True,552,magic-formula,0.01257243037035,2.814503887610031,0.0,32.575072448195684,85.58609781521811,32.5749095235558,10.741558074951172,-0.07838857173919678,0.0007648641748316607,-0.0072975614594356225,54.13944206253005,330.46779789102396,94.32947503980513,77.36699999999999,77.36699999999999,3128.98388671875,True,0.0,551,2.559796854602473e-08,0.0008515071390350347,-0.006237050762317288,True,552,magic-formula,0.4407911126032503,2.8940629861156872,0.6447249999999999,32.03469149935359,84.66423905275617,32.03452857471371,10.561548233032227,-0.07838833332061768,0.0009373589492776162,-0.007421913175103865,51.08674664765815,307.86784452942646,94.32947503980513,77.36699999999999,77.36699999999999,2774.0859375,True,0.0,551,2.3546619945348296e-08,0.0009066044090892811,-0.006556150811232218,True,552,magic-formula,0.44096180112551975,2.6074228989171404,0.6447249999999999,1.1674257516860962,29.216793060302734,0.32999682426452637,0.3782948851585388,0.9199770092964172,-0.09574773907661438,-0.03698199242353439,2.8193671703338623,28.91094398498535,0.329996794462204,-0.07566959410905838,0.9918158054351807,-0.10234781354665756,0.01002490520477295,0.7669111490249634,27.053556442260742,0.32999682426452637,0.37090978026390076,0.924156665802002,-0.0856538638472557,-0.031995851546525955,2.4188525676727295,26.747709274291992,0.329996794462204,-0.07884235680103302,0.9926850199699402,-0.09094614535570145,0.009440138004720211
2.650000000000,318,0.18,0.15,0.0,1.893457055091858,28.505157470703125,0.41868412494659424,-10.796298027038574,10.64723014831543,0.009266495704650879,-0.2521567940711975,asphalt,1.3027872618916834,0.15,0.0,2340.9238012027486,2,-0.0947660505771637,1.1428101062774658,47.620222904401544,160.0000929111451,-0.0,5907.7076773912795,5864.2923226087205,-0.10738344490528107,0.23569667209386175,False,-0.0,True,0,0,2.037109613418579,10.450626373291016,0.08175109326839447,False,True,1.2761907577514648,29.742755889892578,0.0,0.0,0.0,1.0,3111.896728515625,3111.896728515625,0.3351692259311676,0.06483078002929688,0.0,asphalt,True,2.926469326019287,29.428058624267578,0.0,0.0,0.0,1.0,2757.055419921875,2757.055419921875,0.3425629436969757,0.05743706226348877,0.0,asphalt,True,0.864089846611023,27.581697463989258,-3.725290298461914e-09,0.0,0.0,1.0,3128.956787109375,3128.956787109375,0.3348133862018585,0.06518661975860596,0.0,asphalt,True,2.514369010925293,27.26700210571289,3.3527612686157227e-08,0.0,0.0,1.0,2774.10009765625,2774.10009765625,0.34220704436302185,0.05779296159744263,0.0,asphalt,558,32.54048001494096,87.2303601921041,32.54010617728648,10.737943649291992,-0.08460307121276855,3.862523887919346e-05,-0.007878726449773771,0.22724978821523034,348.1122590292012,0.0,0.0,-0.0,3111.89697265625,True,1.2915760321809115,557,1.4182698739713644e-11,3.594925171705036e-06,-0.006608160913561638,True,558,magic-formula,0.012412873586762982,3.1203773558979813,0.0,31.993697863287498,86.27042338888307,31.99332033072712,10.557889938354492,-0.08471226692199707,2.8752459591824576e-06,-0.008023426045774452,-3.0211594510082307,324.91697036116966,0.0,0.0,-0.0,2757.052978515625,True,1.3141947944503023,557,2.3168558584797474e-11,-5.3965210668641714e-05,-0.0069644503899254275,True,558,magic-formula,0.012574172528567955,2.814326239710718,0.0,32.561390011037076,87.21450155505813,32.56122724239373,10.737053871154785,-0.07835233211517334,0.0007641605030494449,-0.0072972476715833035,54.09741538633638,330.42533055390106,94.31631841342113,77.36699999999999,77.36699999999999,3128.959716796875,True,0.0,557,2.5545864739041735e-08,0.0008508519348641363,-0.006236291738147603,True,558,magic-formula,0.44044709817036676,2.893746557107911,0.6447249999999999,32.020825370748426,86.2655602103123,32.02066260210508,10.556984901428223,-0.07835209369659424,0.0009365809472192607,-0.007421688658290474,51.04874298036829,307.83979011288056,94.31631841342113,77.36699999999999,77.36699999999999,2774.09716796875,True,0.0,557,2.3489203286322294e-08,0.0009059255634892275,-0.006555521428269245,True,558,magic-formula,0.4406203268982136,2.607202656247271,0.6447249999999999,1.2747540473937988,29.74297523498535,0.32999682426452637,0.9282124042510986,0.356834352016449,-0.03984463959932327,-0.09748554229736328,2.9250328540802,29.42827796936035,0.329996794462204,0.658549964427948,0.7451037168502808,-0.08050378412008286,-0.06820221245288849,0.8626532554626465,27.58191680908203,0.32999682426452637,0.9264077544212341,0.3645729720592499,-0.03650711476802826,-0.08673160523176193,2.512932300567627,27.267221450805664,0.32999685406684875,0.6575092077255249,0.7475468516349792,-0.07209928333759308,-0.06047173961997032
2.700000000000,324,0.18,0.15,0.0,1.9969226121902466,29.027236938476562,0.41868412494659424,-11.103412628173828,10.642693519592285,0.009257064200937748,-0.2521338164806366,asphalt,1.3037485513143636,0.15,0.0,2339.9263121254025,2,-0.0949324369430542,1.1427291631698608,47.57967125962023,160.0000199095311,-0.0,5907.71500758861,5864.28499241139,-0.10741855204105377,0.2362136646706349,False,-0.0,True,0,0,2.0922999382019043,10.435090065002441,0.08175116032361984,False,True,1.3862985372543335,30.26812744140625,3.3527612686157227e-08,0.0,0.0,1.0,3111.89013671875,3111.89013671875,0.33516934514045715,0.06483066082000732,0.0,asphalt,True,3.03486704826355,29.94458770751953,-4.470348358154297e-08,0.0,0.0,1.0,2757.077880859375,2757.077880859375,0.3425624668598175,0.05743753910064697,0.0,asphalt,True,0.9626202583312988,28.10930824279785,7.450580596923828e-09,0.0,0.0,1.0,3128.9306640625,3128.9306640625,0.3348139226436615,0.06518608331680298,0.0,asphalt,True,2.6111886501312256,27.785770416259766,3.725290298461914e-09,0.0,0.0,1.0,2774.103271484375,2774.103271484375,0.3422069847583771,0.0577930212020874,0.0,asphalt,564,32.5268336471226,88.85698176846148,32.526459942763665,10.733438491821289,-0.08456206321716309,3.8814377097088634e-05,-0.007878212912972,0.22750473526634513,348.0631553750741,0.0,0.0,-0.0,3111.890380859375,True,1.2925208446980805,563,1.5709648701279927e-11,3.5989622341393435e-06,-0.006607236131947898,True,564,magic-formula,0.012420010993316377,3.1200479606929044,0.0,31.97986955984899,87.86963854108858,31.97949215522905,10.553326606750488,-0.0846714973449707,2.8756808928930264e-06,-0.008023032333879852,-3.017886033714151,324.88458544459326,0.0,0.0,-0.0,2757.07763671875,True,1.3151729955096227,563,2.694507922738779e-11,-5.390621004781899e-05,-0.006963687859912601,True,564,magic-formula,0.012594647615312196,2.8140850435492064,0.0,32.5476999102914,88.84222121119782,32.54753741580613,10.73254680633545,-0.07831275463104248,0.0007634873817532307,-0.007296624578470747,54.06263021282768,330.3734561734015,94.30315723686196,77.36699999999999,77.36699999999999,3128.930908203125,True,0.0,563,2.5514647528796856e-08,0.000850311750046168,-0.006235363464464592,True,564,magic-formula,0.44013867383657057,2.893358174911435,0.6447249999999999,32.00695523165817,87.86618806684399,32.0067927371729,10.552417755126953,-0.07831275463104248,0.0009360386926914186,-0.007421172927615411,51.00875719423801,307.80345219485224,94.30315723686196,77.36699999999999,77.36699999999999,2774.1025390625,True,0.0,563,2.344924174071645e-08,0.0009052132943425968,-0.006554728292888414,True,564,magic-formula,0.4402929757153087,2.6069090467155993,0.6447249999999999,1.3848633766174316,30.268354415893555,0.32999682426452637,0.8967750668525696,-0.4291076064109802,0.044606294482946396,-0.09834295511245728,3.0334317684173584,29.944814682006836,0.329996794462204,0.9930158257484436,0.04707539826631546,-0.007330082356929779,-0.10793423652648926,0.9611850380897522,28.109535217285156,0.32999682426452637,0.9009526371955872,-0.42298945784568787,0.03911341354250908,-0.08851191401481628,2.609753370285034,27.78599739074707,0.329996794462204,0.9941088557243347,0.04882014915347099,-0.0069532981142401695,-0.09651874750852585
2.750000000000,330,0.18,0.15,0.0,2.103145122528076,29.54853057861328,0.41868412494659424,-11.410628318786621,10.638152122497559,0.009247797541320324,-0.25210902094841003,asphalt,1.3047106689583117,0.15,0.0,2338.9284059924926,2,-0.09499935805797577,1.142604112625122,47.53908575178541,160.00003318255182,-0.0,5907.727729655645,5864.272270344355,-0.1074536070227623,0.23673184718235454,False,-0.0,True,0,0,2.147399425506592,10.419254302978516,0.0817512720823288,False,True,1.4991832971572876,30.792675018310547,-3.3527612686157227e-08,0.0,0.0,1.0,3111.873046875,3111.873046875,0.33516964316368103,0.06483036279678345,0.0,asphalt,True,3.1459929943084717,30.460304260253906,1.1175870895385742e-08,0.0,0.0,1.0,2757.112060546875,2757.112060546875,0.342561811208725,0.0574381947517395,0.0,asphalt,True,1.06393563747406,28.636159896850586,-1.862645149230957e-08,0.0,0.0,1.0,3128.89990234375,3128.89990234375,0.33481451869010925,0.06518548727035522,0.0,asphalt,True,2.7107455730438232,28.303787231445312,-3.725290298461914e-09,0.0,0.0,1.0,2774.115478515625,2774.115478515625,0.34220680594444275,0.05779320001602173,0.0,asphalt,570,32.513166515708264,90.48292043393369,32.51279286385264,10.72892951965332,-0.08452177047729492,3.8720594598655626e-05,-0.007877768407658515,0.2322009755346482,348.0137137972556,0.0,0.0,-0.0,3111.87939453125,True,1.2934664592366103,569,1.8146019470808133e-11,3.6732626651077147e-06,-0.006606314285239605,True,570,magic-formula,0.012445436147147833,3.1197061838680424,0.0,31.966027995202683,89.46816185649494,31.965650638080195,10.548757553100586,-0.08463025093078613,3.0037012548731777e-06,-0.00802259743269526,-3.017513378247607,324.8533482062895,0.0,0.0,-0.0,2757.102783203125,True,1.316152052006578,569,2.320602286714152e-11,-5.389901614352032e-05,-0.006962948904553975,True,570,magic-formula,0.01259587332063328,2.8138663046171324,0.0,32.53399833666139,90.4692560477678,32.53383603903443,10.728033065795898,-0.07827377319335938,0.0007630835263233405,-0.007296061058473671,54.022568009558235,330.3225688830607,94.28999183079978,77.36699999999999,77.36699999999999,3128.906005859375,True,0.0,569,2.5469761190218324e-08,0.0008496874916096573,-0.006234445986961622,True,570,magic-formula,0.4398230883059736,2.8929741960634168,0.6447249999999999,31.993070253495187,89.46612201554731,31.99290795586823,10.547846794128418,-0.07827341556549072,0.0009353937080775985,-0.0074206594339509355,50.968186471489155,307.7694463048485,94.28999183079978,77.36699999999999,77.36699999999999,2774.1142578125,True,0.0,569,2.3409934341112617e-08,0.0009044886113671366,-0.006553970057137807,True,570,magic-formula,0.4399783130643219,2.606641332758696,0.6447249999999999,1.4977494478225708,30.792911529541016,0.3299967646598816,-0.30462372303009033,0.9460226893424988,-0.10463398694992065,0.036015696823596954,3.144559144973755,30.460538864135742,0.32999685406684875,0.7258920073509216,-0.6788164377212524,0.07408716529607773,-0.08246251195669174,1.0625017881393433,28.636396408081055,0.3299967646598816,-0.3114274740219116,0.9450531005859375,-0.09372524172067642,0.03321366384625435,2.7093117237091064,28.30402374267578,0.329996794462204,0.727448582649231,-0.6789190769195557,0.06621222198009491,-0.07418566942214966
2.800000000000,336,0.18,0.15,0.0,2.2121200561523438,30.06902503967285,0.41868412494659424,-11.717940330505371,10.63361644744873,0.009238344617187977,-0.2520833909511566,asphalt,1.3056737891054349,0.15,0.0,2337.930027762295,2,-0.09473207592964172,1.1424431800842285,47.4985345993191,160.0000895928899,-0.0,5907.733496870569,5864.266503129431,-0.10748859494924545,0.23724653466381487,False,-0.0,True,0,0,2.2024075984954834,10.403129577636719,0.0817512795329094,False,True,1.6148399114608765,31.316390991210938,-2.60770320892334e-08,0.0,0.0,1.0,3111.86474609375,3111.86474609375,0.33516982197761536,0.06483018398284912,0.0,asphalt,True,3.259843349456787,30.975191116333008,0.0,0.0,0.0,1.0,2757.1357421875,2757.1357421875,0.3425613343715668,0.057438671588897705,0.0,asphalt,True,1.1680316925048828,29.162240982055664,1.1175870895385742e-08,0.0,0.0,1.0,3128.8740234375,3128.8740234375,0.33481505513191223,0.06518495082855225,0.0,asphalt,True,2.813035249710083,28.821041107177734,-3.725290298461914e-09,0.0,0.0,1.0,2774.123779296875,2774.123779296875,0.3422066271305084,0.057793378829956055,0.0,asphalt,576,32.499515679387095,92.10817605187079,32.499141940802055,10.724424362182617,-0.08448076248168945,3.8772432074781926e-05,-0.007877254036751258,0.2239452535796628,347.9699932550985,0.0,0.0,-0.0,3111.870849609375,True,1.2944130470549373,575,5.922111471760558e-12,3.5426692805443135e-06,-0.006605496602168369,True,576,magic-formula,0.01239897553745732,3.1193984986120338,0.0,31.95219687109126,91.06599308472985,31.951819421884252,10.544194221496582,-0.08459019660949707,2.915913998668297e-06,-0.008022270850907707,-3.0239751974050555,324.82483202952517,0.0,0.0,-0.0,2757.135986328125,True,1.3171321413277843,575,2.6439881068005617e-11,-5.40137436215708e-05,-0.00696224825955519,True,576,magic-formula,0.012544163734255574,2.8136623641007246,0.0,32.520305874952875,92.09560580979372,32.52014362598752,10.723526954650879,-0.07823467254638672,0.000762247730446967,-0.007295480757764843,53.97775105105304,330.2738589308138,94.2768213816325,77.36699999999999,77.36699999999999,3128.876708984375,True,0.0,575,2.5410647530227046e-08,0.0008489896632898313,-0.006233578576233197,True,576,magic-formula,0.4394621194590781,2.892603513130534,0.6447249999999999,31.97919442278348,91.0653617445281,31.979032173818126,10.543282508850098,-0.07823443412780762,0.0009344007106117592,-0.007420174715083855,50.92830191982369,307.73806450051495,94.2768213816325,77.36699999999999,77.36699999999999,2774.123046875,True,0.0,575,2.3360137349860715e-08,0.0009037771319483347,-0.006553275097377812,True,576,magic-formula,0.4396319348325535,2.606378502246188,0.6447249999999999,1.6134073734283447,31.316635131835938,0.3299967646598816,0.47730904817581177,0.8713966608047485,-0.10044071078300476,-0.05249481275677681,3.258410930633545,30.975435256958008,0.329996794462204,-0.01984599232673645,0.99333655834198,-0.11344011127948761,0.00447857566177845,1.1665992736816406,29.162485122680664,0.32999682426452637,0.47242090106010437,0.875438928604126,-0.09088433533906937,-0.046531885862350464,2.8116025924682617,28.821285247802734,0.329996794462204,-0.020164333283901215,0.9945693612098694,-0.10201399773359299,0.0042801229283213615
2.850000000000,342,0.18,0.15,0.0,2.3238425254821777,30.588701248168945,0.41868412494659424,-12.025362968444824,10.629073143005371,0.00922869611531496,-0.25205767154693604,asphalt,1.3066379486252706,0.15,0.0,2336.9316751200836,2,-0.095038503408432,1.1423757076263428,47.457983718462145,159.999926998386,-0.0,5907.74229848768,5864.25770151232,-0.10752353072166443,0.23776174809353376,False,-0.0,True,0,0,2.257322311401367,10.386703491210938,0.08175123482942581,False,True,1.7332632541656494,31.839256286621094,-2.60770320892334e-08,0.0,0.0,1.0,3111.8564453125,3111.8564453125,0.3351700007915497,0.0648300051689148,0.0,asphalt,True,3.3764126300811768,31.489233016967773,-1.4901161193847656e-08,0.0,0.0,1.0,2757.162109375,2757.162109375,0.3425607979297638,0.057439208030700684,0.0,asphalt,True,1.274903655052185,29.68753433227539,-1.862645149230957e-08,0.0,0.0,1.0,3128.844970703125,3128.844970703125,0.33481565117836,0.06518435478210449,0.0,asphalt,True,2.9180524349212646,29.337512969970703,-2.9802322387695312e-08,0.0,0.0,1.0,2774.134521484375,2774.134521484375,0.3422063887119293,0.057793617248535156,0.0,asphalt,582,32.48584939252332,93.73274896691366,32.4854756693051,10.719913482666016,-0.08444023132324219,3.8882484206097375e-05,-0.007876787916428126,0.23021171260614118,347.92458221606387,0.0,0.0,-0.0,3111.856201171875,True,1.2953606443516978,581,4.516364616936645e-12,3.6418144288389e-06,-0.006604659643116773,True,582,magic-formula,0.012424063084617692,3.119099422710844,0.0,31.938353212901742,92.66313281564241,31.937975774172113,10.539624214172363,-0.0845496654510498,3.0689979598791496e-06,-0.008021903827722335,-3.0172647920945135,324.79746943117595,0.0,0.0,-0.0,2757.1591796875,True,1.3181133010329265,581,2.3949417645302164e-11,-5.3893389708250175e-05,-0.00696159801308358,True,582,magic-formula,0.012591440352521462,2.8134713672947766,0.0,32.506603190418886,93.72127095976317,32.50644109104722,10.719013214111328,-0.07819557189941406,0.0007618088124151821,-0.007294905161206151,53.9409712600504,330.2253367993379,94.2636471464599,77.36699999999999,77.36699999999999,3128.84765625,True,0.0,581,2.5361283662194783e-08,0.0008484181955882593,-0.006232714391108801,True,582,magic-formula,0.43914816608569374,2.892245733267669,0.6447249999999999,31.96531165856994,92.66390772817614,31.965149559198277,10.538710594177246,-0.07819533348083496,0.0009339143591505755,-0.007419683636625738,50.88644289070502,307.7031254986311,94.2636471464599,77.36699999999999,77.36699999999999,2774.131591796875,True,0.0,581,2.332362894967715e-08,0.0009030306179739155,-0.00655250438599604,True,582,magic-formula,0.43929957242352047,2.6061094298102585,0.6447249999999999,1.7318323850631714,31.839506149291992,0.3299967646598816,0.9605281949043274,0.2528410255908966,-0.0316639319062233,-0.11159925907850266,3.37498140335083,31.489484786987305,0.329996794462204,0.6975247263908386,0.7070760130882263,-0.08426225185394287,-0.0800166055560112,1.2734726667404175,29.68778419494629,0.3299967646598816,0.960273802280426,0.258644700050354,-0.029378164559602737,-0.10056834667921066,2.916621685028076,29.3377628326416,0.329996794462204,0.6987103223800659,0.7076911926269531,-0.07609353214502335,-0.07201974093914032
2.900000000000,348,0.18,0.15,0.0,2.438308000564575,31.1075496673584,0.41868412494659424,-12.332880973815918,10.624530792236328,0.009219222702085972,-0.2520316541194916,asphalt,1.307603229738384,0.15,0.0,2335.932876479951,2,-0.09512878954410553,1.1422678232192993,47.41745015473141,160.00008295637954,-0.0,5907.749685518908,5864.250314481092,-0.10755842179059982,0.23827671641099143,False,-0.0,True,0,0,2.3121418952941895,10.36998462677002,0.08175142109394073,False,True,1.8544492721557617,32.36125183105469,0.0,0.0,0.0,1.0,3111.84716796875,3111.84716796875,0.335170179605484,0.06482982635498047,0.0,asphalt,True,3.4956958293914795,32.002418518066406,4.0978193283081055e-08,0.0,0.0,1.0,2757.192626953125,2757.192626953125,0.34256014227867126,0.05743986368179321,0.0,asphalt,True,1.3845473527908325,30.212026596069336,-7.450580596923828e-09,0.0,0.0,1.0,3128.822021484375,3128.822021484375,0.3348161280155182,0.06518387794494629,0.0,asphalt,True,3.025794267654419,29.85318946838379,1.1175870895385742e-08,0.0,0.0,1.0,2774.146484375,2774.146484375,0.3422061502933502,0.05779385566711426,0.0,asphalt,588,32.47218238216523,95.35663824063734,32.47180875359267,10.71540355682373,-0.08440065383911133,3.888134390698567e-05,-0.00787640969748475,0.22962418606041476,347.8812342825971,0.0,0.0,-0.0,3111.850341796875,True,1.296309331894786,587,4.103831116926091e-12,3.632523704117912e-06,-0.006603843338551344,True,588,magic-formula,0.012419254334152715,3.1188043591107952,0.0,31.924508680996357,94.25958016499895,31.924131331673696,10.535055160522461,-0.08450984954833984,3.104322268703635e-06,-0.008021603648561837,-3.017019940479415,324.7664589494369,0.0,0.0,-0.0,2757.18701171875,True,1.3190956148352366,587,2.3000846217464324e-11,-5.388842633650342e-05,-0.0069608571688953135,True,588,magic-formula,0.012590834923179115,2.813242045746574,0.0,32.49289429107401,95.34625067578168,32.492732420109206,10.714500427246094,-0.0781564712524414,0.0007610890366473725,-0.007294328430445543,53.903444884603445,330.17634942079246,94.25046905081378,77.36699999999999,77.36699999999999,3128.824951171875,True,0.0,587,2.5330369435369817e-08,0.0008478332345050952,-0.006231828613687419,True,588,magic-formula,0.4388234370463574,2.891874981468619,0.6447249999999999,31.95142187171978,94.26175920068073,31.951260000754978,10.534136772155762,-0.0781564712524414,0.0009333888219255936,-0.007419216106898114,50.847474063513545,307.6675910652173,94.25046905081378,77.36699999999999,77.36699999999999,2774.143798828125,True,0.0,587,2.327872490025366e-08,0.0009023341972169642,-0.0065517122731171586,True,588,magic-formula,0.43896583347479523,2.605826950190069,0.6447249999999999,1.8530197143554688,32.36151123046875,0.32999682426452637,0.8441239595413208,-0.5228484272956848,0.06059989333152771,-0.10203877091407776,3.4942665100097656,32.00267791748047,0.32999685406684875,0.9928911924362183,-0.005990557838231325,-0.0014955115038901567,-0.11886512488126755,1.383117914199829,30.212284088134766,0.32999682426452637,0.8479048013687134,-0.5191475749015808,0.0542030893266201,-0.09276445209980011,3.024364709854126,29.85344696044922,0.32999685406684875,0.9941862225532532,-0.007104395888745785,-0.0014445590786635876,-0.10742966085672379
2.950000000000,354,0.18,0.15,0.0,2.555511474609375,31.62555503845215,0.41868412494659424,-12.640501976013184,10.619986534118652,0.009210028685629368,-0.2520056366920471,asphalt,1.308569692653796,0.15,0.0,2334.9337865497,2,-0.09512782096862793,1.1420851945877075,47.37689136708621,160.00009622940027,-0.0,5907.760003775831,5864.239996224169,-0.1075933426618576,0.23879285519347596,False,-0.0,True,0,0,2.3668644428253174,10.352970123291016,0.0817515179514885,False,True,1.9783918857574463,32.88237762451172,-7.450580596923828e-09,0.0,0.0,1.0,3111.837890625,3111.837890625,0.33517035841941833,0.06482964754104614,0.0,asphalt,True,3.6176884174346924,32.51473617553711,1.4901161193847656e-08,0.0,0.0,1.0,2757.21923828125,2757.21923828125,0.3425595462322235,0.05744045972824097,0.0,asphalt,True,1.496957778930664,30.735700607299805,1.4901161193847656e-08,0.0,0.0,1.0,3128.79638671875,3128.79638671875,0.33481666445732117,0.06518334150314331,0.0,asphalt,True,3.136254072189331,30.368057250976562,-7.450580596923828e-09,0.0,0.0,1.0,2774.154541015625,2774.154541015625,0.3422059714794159,0.057794034481048584,0.0,asphalt,594,32.45850771961997,96.97984405180779,32.45813427579853,10.710890769958496,-0.08436107635498047,3.8911564411098364e-05,-0.007876033263740423,0.2309656965547123,347.8364394020772,0.0,0.0,-0.0,3111.84130859375,True,1.2972591688151893,593,5.946760267133451e-12,3.6537529008479747e-06,-0.006603006150337682,True,594,magic-formula,0.012419290644550439,3.1185017584479024,0.0,31.91065541859264,95.85533511057683,31.910278249015235,10.53048324584961,-0.08447003364562988,3.1377748950499376e-06,-0.00802130538812281,-3.0168514970745353,324.738165047799,0.0,0.0,-0.0,2757.21142578125,True,1.3200791440519561,593,2.39816360375058e-11,-5.388489880296947e-05,-0.006960183732239367,True,594,magic-formula,0.012609775847673562,2.8130397540872014,0.0,32.479182724722634,96.97054496061297,32.47902117087317,10.70998477935791,-0.07811880111694336,0.0007605538166831298,-0.0072938867229249945,53.8662880968969,330.129350397715,94.23728687768623,77.36699999999999,77.36699999999999,3128.799560546875,True,0.0,593,2.529578365115113e-08,0.0008472548455567841,-0.006230985988168322,True,594,magic-formula,0.4384812369874163,2.8915298571768817,0.6447249999999999,31.93752747922602,95.85891607468477,31.937365925376554,10.529562950134277,-0.07811832427978516,0.0009327184857358549,-0.00741881609559886,50.81041863642723,307.63703331740686,94.23728687768623,77.36699999999999,77.36699999999999,2774.15478515625,True,0.0,593,2.323691393431926e-08,0.0009016722495910145,-0.006551029853482147,True,594,magic-formula,0.4386378262371465,2.6055858995708743,0.6447249999999999,1.9769642353057861,32.88264083862305,0.32999682426452637,-0.20169945061206818,0.9719009399414062,-0.11834879219532013,0.026821313425898552,3.616260528564453,32.5150032043457,0.32999688386917114,0.6887489557266235,-0.7147384881973267,0.08597351610660553,-0.0859207883477211,1.4955300092697144,30.7359676361084,0.32999685406684875,-0.2064647078514099,0.9722389578819275,-0.10722421109676361,0.02503208816051483,3.134826183319092,30.368322372436523,0.32999682426452637,0.6883722543716431,-0.716951847076416,0.07787616550922394,-0.0778391882777214
3.000000000000,360,0.18,0.15,0.0,2.675448179244995,32.1427001953125,0.41868412494659424,-12.948212623596191,10.615435600280762,0.009200895205140114,-0.2519794702529907,asphalt,1.3095374015819143,0.15,0.0,2333.93409191664,2,-0.09511679410934448,1.141991376876831,47.33630741014314,160.000109502421,-0.0,5907.775698155422,5864.224301844578,-0.10762825608253479,0.23931213832987006,False,-0.0,True,0,0,2.4214882850646973,10.335657119750977,0.081751748919487,False,True,2.1050865650177,33.40260314941406,1.4901161193847656e-08,0.0,0.0,1.0,3111.828125,3111.828125,0.33517053723335266,0.06482946872711182,0.0,asphalt,True,3.742384910583496,33.026161193847656,0.0,0.0,0.0,1.0,2757.241943359375,2757.241943359375,0.3425590693950653,0.05744093656539917,0.0,asphalt,True,1.6121304035186768,31.258543014526367,4.470348358154297e-08,0.0,0.0,1.0,3128.766357421875,3128.766357421875,0.3348172605037689,0.06518274545669556,0.0,asphalt,True,3.2494289875030518,30.882102966308594,-2.60770320892334e-08,0.0,0.0,1.0,2774.164794921875,2774.164794921875,0.3422057330608368,0.057794272899627686,0.0,asphalt,600,32.444816753479586,98.60236558980746,32.444443210006625,10.706371307373047,-0.0843191146850586,3.9062840546975196e-05,-0.007875438748454127,0.22884118800373093,347.78826731350944,0.0,0.0,-0.0,3111.830810546875,True,1.2982102181733006,599,5.450614170097673e-12,3.6201529804205974e-06,-0.006602107515990105,True,600,magic-formula,0.012437935538822846,3.1181711599069044,0.0,31.896786451232927,97.45039682916169,31.89640917641607,10.525907516479492,-0.08442878723144531,3.041298560120317e-06,-0.008020873880237166,-3.018864217196315,324.708672786339,0.0,0.0,-0.0,2757.241943359375,True,1.3210639540756888,599,2.2853788418859585e-11,-5.3920207487658665e-05,-0.006959468892123713,True,600,magic-formula,0.012598845071083945,2.812836182660017,0.0,32.465448390482436,98.59415292845013,32.46528687376946,10.705465316772461,-0.07807803153991699,0.0007596729190278105,-0.007293157737411607,53.824223464307835,330.0766274906542,94.22409999006085,77.36699999999999,77.36699999999999,3128.7724609375,True,0.0,599,2.5254498494527473e-08,0.0008465996105310692,-0.006230037948519914,True,600,magic-formula,0.4381601884744587,2.891128640347408,0.6447249999999999,31.92361120898621,97.4553776054565,31.92344969227323,10.524984359741211,-0.07807779312133789,0.0009318150877023745,-0.007418192583605674,50.77053296604385,307.6001961819847,94.22409999006085,77.36699999999999,77.36699999999999,2774.162841796875,True,0.0,599,2.3194736796642162e-08,0.0009009609010276837,-0.006550219669824136,True,600,magic-formula,0.4383330053088083,2.6052967377558653,0.6447249999999999,2.1036603450775146,33.40287780761719,0.32999688386917114,0.5657086372375488,0.8152252435684204,-0.10313896089792252,-0.06887674331665039,3.7409586906433105,33.02643585205078,0.32999682426452637,0.030416268855333328,0.9917883276939392,-0.124210424721241,-0.0015946183120831847,1.6107041835784912,31.25881576538086,0.32999685406684875,0.5631380677223206,0.8186315298080444,-0.094150610268116,-0.06208027899265289,3.248002529144287,30.882375717163086,0.32999682426452637,0.03295328840613365,0.9930739402770996,-0.11276507377624512,-0.0015276314225047827
3.050000000000,366,0.18,0.15,0.0,2.7981133460998535,32.65896987915039,0.4186841547489166,-13.256028175354004,10.610888481140137,0.00919150561094284,-0.2519528567790985,asphalt,1.3105064429402598,0.15,0.0,2332.933942843934,2,-0.09523829817771912,1.1418732404708862,47.29577484682006,159.9999469079171,-0.0,5907.781802769443,5864.218197230557,-0.10766321420669556,0.23983171739341697,False,-0.0,True,0,0,2.4760122299194336,10.318055152893066,0.08175167441368103,False,True,2.2345287799835205,33.92191696166992,-1.1175870895385742e-08,0.0,0.0,1.0,3111.81396484375,3111.81396484375,0.33517083525657654,0.06482917070388794,0.0,asphalt,True,3.869781017303467,33.53668975830078,-2.9802322387695312e-08,0.0,0.0,1.0,2757.271728515625,2757.271728515625,0.34255847334861755,0.057441532611846924,0.0,asphalt,True,1.7300608158111572,31.78053855895996,-1.1175870895385742e-08,0.0,0.0,1.0,3128.734375,3128.734375,0.33481791615486145,0.06518208980560303,0.0,asphalt,True,3.3653130531311035,31.395307540893555,-1.4901161193847656e-08,0.0,0.0,1.0,2774.170654296875,2774.170654296875,0.34220561385154724,0.057794392108917236,0.0,asphalt,606,32.43112889074127,100.22420269621891,32.43075532852544,10.70185661315918,-0.08427977561950684,3.886435788420676e-05,-0.007875085267911232,0.23257501911972747,347.7418879978536,0.0,0.0,-0.0,3111.81689453125,True,1.299162564850622,605,1.2639389642908467e-11,3.6792333292460245e-06,-0.0066012504604280545,True,606,magic-formula,0.01244946775100932,3.1178598581811277,0.0,31.882925150647655,99.04476537241713,31.882547851965658,10.521332740783691,-0.08438873291015625,3.094563287539821e-06,-0.008020554565238189,-3.01763157115408,324.6783177682902,0.0,0.0,-0.0,2757.265869140625,True,1.3220501329024923,605,2.3041621068975438e-11,-5.389767894365892e-05,-0.006958752194521602,True,606,magic-formula,0.012611860891039451,2.8126165673765557,0.0,32.45172572397383,100.2170746104481,32.45156432297768,10.700947761535645,-0.07803964614868164,0.0007589727150068984,-0.007292649625881799,53.787790818958676,330.02582931900264,94.21090724529142,77.36699999999999,77.36699999999999,3128.74267578125,True,0.0,605,2.5210304299650174e-08,0.0008460337299537769,-0.006229131952725844,True,606,magic-formula,0.43785150652266003,2.8907474199066017,0.6447249999999999,31.90970570368997,99.05114371980582,31.90954430269382,10.520408630371094,-0.07803940773010254,0.0009309763708532722,-0.007417770462879196,50.729227726749215,307.5642570413047,94.21090724529142,77.36699999999999,77.36699999999999,2774.170654296875,True,0.0,605,2.3138834842210692e-08,0.0009002244607516852,-0.006549429297453514,True,606,magic-formula,0.4380088162290865,2.6050023270499545,0.6447249999999999,2.2331039905548096,33.92219924926758,0.32999682426452637,0.9803193807601929,0.1514006406068802,-0.0215228833258152,-0.12485408037900925,3.868356466293335,33.53696823120117,0.32999682426452637,0.7305242419242859,0.6709935069084167,-0.0874563679099083,-0.09194236248731613,1.7286362648010254,31.780818939208984,0.329996794462204,0.9811331033706665,0.15508240461349487,-0.020206810906529427,-0.11366134136915207,3.3638885021209717,31.395587921142578,0.32999682426452637,0.7337071895599365,0.6695868372917175,-0.07944047451019287,-0.08376410603523254
3.100000000000,372,0.18,0.15,0.0,2.9235012531280518,33.174354553222656,0.4186841547489166,-13.563947677612305,10.606340408325195,0.009181888774037361,-0.25192683935165405,asphalt,1.3114767999179144,0.15,0.0,2331.933565977403,2,-0.09514576196670532,1.1417081356048584,47.25524264974455,159.99998672697927,-0.0,5907.79048288984,5864.20951711016,-0.10769809782505035,0.24034667831485926,False,-0.0,True,0,0,2.5304346084594727,10.30016040802002,0.08175160735845566,False,True,2.3667116165161133,34.44031524658203,-7.450580596923828e-09,0.0,0.0,1.0,3111.80712890625,3111.80712890625,0.33517101407051086,0.06482899188995361,0.0,asphalt,True,3.9998700618743896,34.04629898071289,0.0,0.0,0.0,1.0,2757.2958984375,2757.2958984375,0.3425579369068146,0.0574420690536499,0.0,asphalt,True,1.8507431745529175,32.301673889160156,3.725290298461914e-09,0.0,0.0,1.0,3128.712646484375,3128.712646484375,0.33481839299201965,0.06518161296844482,0.0,asphalt,True,3.4839015007019043,31.90766143798828,7.450580596923828e-09,0.0,0.0,1.0,2774.179931640625,2774.179931640625,0.34220537543296814,0.05779463052749634,0.0,asphalt,612,32.41744625505164,101.84535557159944,32.41707263264909,10.697339057922363,-0.08424043655395508,3.90944180055985e-05,-0.007874733595025612,0.22974325179094957,347.6991792733619,0.0,0.0,-0.0,3111.806396484375,True,1.3001161922761768,611,8.58365739816181e-12,3.63444514027666e-06,-0.006600456280156037,True,612,magic-formula,0.012435274847878304,3.1175654850864962,0.0,31.869061206145577,100.63844077326453,31.868683842620246,10.51675796508789,-0.0843503475189209,3.064912234062087e-06,-0.008020393654673419,-3.0159468157753784,324.6528339030399,0.0,0.0,-0.0,2757.296630859375,True,1.3230376634769896,611,2.728457188060076e-11,-5.386694770836978e-05,-0.006958123361074568,True,612,magic-formula,0.012610568975811223,2.812437566777903,0.0,32.43799744290833,101.83931004362799,32.437836107104765,10.696426391601562,-0.0780019760131836,0.0007584556057486482,-0.007292210550787026,53.746188212716824,329.9763398367473,94.19770960782355,77.36699999999999,77.36699999999999,3128.715087890625,True,0.0,611,2.5179864050347388e-08,0.0008453859305072315,-0.00622824629752235,True,612,magic-formula,0.43749140438759604,2.890372596340387,0.6447249999999999,31.8957956672614,100.64621446881335,31.89563433145783,10.515830039978027,-0.07800149917602539,0.0009302670527238279,-0.007417395334953067,50.69004184550825,307.5316303067144,94.19770960782355,77.36699999999999,77.36699999999999,2774.180908203125,True,0.0,611,2.3109728695428783e-08,0.0008995249147082524,-0.006548704218176286,True,612,magic-formula,0.43765165970700515,2.604739911415799,0.6447249999999999,2.365288734436035,34.44060516357422,0.32999682426452637,0.7849618792533875,-0.6058866381645203,0.07728210836648941,-0.10374812036752701,3.9984471797943115,34.04658889770508,0.32999682426452637,0.990131139755249,-0.05341114476323128,0.004766632802784443,-0.1294790655374527,1.8493201732635498,32.301963806152344,0.32999685406684875,0.7878876328468323,-0.6043862104415894,0.07011905312538147,-0.09504584968090057,3.482478618621826,31.907949447631836,0.32999682426452637,0.9913415908813477,-0.057370930910110474,0.0046124826185405254,-0.11802169680595398
3.150000000000,378,0.18,0.15,0.0,3.051607847213745,33.6888313293457,0.4186841547489166,-13.87197208404541,10.60179328918457,0.009172200225293636,-0.2519025504589081,asphalt,1.312448456526227,0.15,0.0,2330.932982438823,2,-0.09515291452407837,1.141658067703247,47.21473632167379,159.99995686268264,-0.0,5907.79520985474,5864.20479014526,-0.10773305594921112,0.24085815104211183,False,-0.0,True,0,0,2.5847549438476562,10.281974792480469,0.08175145089626312,False,True,2.501631736755371,34.957767486572266,0.0,0.0,0.0,1.0,3111.79931640625,3111.79931640625,0.3351711928844452,0.06482881307601929,0.0,asphalt,True,4.132648468017578,34.55497741699219,2.9802322387695312e-08,0.0,0.0,1.0,2757.32373046875,2757.32373046875,0.3425573408603668,0.057442665100097656,0.0,asphalt,True,1.9741734266281128,32.821929931640625,1.4901161193847656e-08,0.0,0.0,1.0,3128.6884765625,3128.6884765625,0.33481892943382263,0.06518107652664185,0.0,asphalt,True,3.6051900386810303,32.41914367675781,0.0,0.0,0.0,1.0,2774.188720703125,2774.188720703125,0.3422051966190338,0.057794809341430664,0.0,asphalt,618,32.403758832848865,103.46582407999054,32.40338533896883,10.69282341003418,-0.08420157432556152,3.8998568474917545e-05,-0.007874424811803404,0.22874908425403973,347.66061967075245,0.0,0.0,-0.0,3111.802978515625,True,1.301071084687847,617,8.835688101831952e-12,3.618718903722872e-06,-0.006599726305439289,True,618,magic-formula,0.012424541638648387,3.117320204495547,0.0,31.855197466690555,102.23142285551226,31.854820226332635,10.512182235717773,-0.08431148529052734,3.132393386285459e-06,-0.008020187974109593,-3.0188372599346507,324.6292838040197,0.0,0.0,-0.0,2757.318359375,True,1.3240265295798233,617,2.3093187496774305e-11,-5.3918113254756337e-05,-0.006957559304824432,True,618,magic-formula,0.012608016893207655,2.812279205149282,0.0,32.42427508073256,103.46085909874813,32.424114001974026,10.691908836364746,-0.07796406745910645,0.0007577636885048233,-0.007291746205060645,53.7048949211942,329.9305527874514,94.18450758454851,77.36699999999999,77.36699999999999,3128.691162109375,True,0.0,617,2.5109608213140262e-08,0.0008447420532453921,-0.00622742363170987,True,618,magic-formula,0.4371587510826037,2.890024352125521,0.6447249999999999,31.881890155332744,102.24058974470596,31.881729076574207,10.511253356933594,-0.07796382904052734,0.0009295175365330992,-0.00741704121536868,50.64854188229943,307.5003032405956,94.18450758454851,77.36699999999999,77.36699999999999,2774.184326171875,True,0.0,617,2.3066176227587032e-08,0.0008987865608997344,-0.006548023214413901,True,618,magic-formula,0.4373248360571256,2.6044924164275707,0.6447249999999999,2.5002105236053467,34.958065032958984,0.32999682426452637,-0.10211717337369919,0.985970139503479,-0.13109204173088074,0.015804355964064598,4.131227493286133,34.55527114868164,0.32999688386917114,0.6538958549499512,-0.7449381351470947,0.09790796041488647,-0.08888985216617584,1.9727522134780884,32.822227478027344,0.32999685406684875,-0.1046922355890274,0.9871431589126587,-0.11985281109809875,0.014937970787286758,3.603768825531006,32.419437408447266,0.32999682426452637,0.6514163017272949,-0.7490453124046326,0.08966846019029617,-0.08091601729393005
3.200000000000,384,0.18,0.15,0.0,3.182427406311035,34.202392578125,0.4186841547489166,-14.180086135864258,10.59724235534668,0.00916264858096838,-0.25187864899635315,asphalt,1.3134213579520184,0.15,0.0,2329.93256035233,2,-0.09539735317230225,1.1416420936584473,47.1742303817087,160.00000995476555,-0.0,5907.800954424906,5864.199045575094,-0.10776808112859726,0.24137715334303728,False,-0.0,True,0,0,2.6389710903167725,10.263495445251465,0.08175139874219894,False,True,2.6392829418182373,35.474266052246094,7.450580596923828e-09,0.0,0.0,1.0,3111.793701171875,3111.793701171875,0.33517131209373474,0.06482869386672974,0.0,asphalt,True,4.2681097984313965,35.062713623046875,-2.60770320892334e-08,0.0,0.0,1.0,2757.3466796875,2757.3466796875,0.3425568640232086,0.05744314193725586,0.0,asphalt,True,2.100346565246582,33.34130096435547,-1.1175870895385742e-08,0.0,0.0,1.0,3128.66015625,3128.66015625,0.3348195254802704,0.06518048048019409,0.0,asphalt,True,3.729173421859741,32.92974853515625,0.0,0.0,0.0,1.0,2774.197998046875,2774.197998046875,0.3422050178050995,0.05779498815536499,0.0,asphalt,624,32.390071860369616,105.0856086191587,32.38969852132196,10.688305854797363,-0.08416008949279785,3.909498196317788e-05,-0.007873871816591656,0.2342249813233574,347.6093258694447,0.0,0.0,-0.0,3111.796875,True,1.3020271881703074,623,8.78831729123961e-12,3.705348757047248e-06,-0.0065987585845694715,True,624,magic-formula,0.012460943634210124,3.1169827067968177,0.0,31.84133359860401,103.82371205943545,31.840956508421854,10.50760555267334,-0.08426952362060547,3.2866542059174295e-06,-0.00801968788999882,-3.01709921681367,324.5939724798135,0.0,0.0,-0.0,2757.34375,True,1.3250166754779118,623,2.32590829967464e-11,-5.388652333020524e-05,-0.0069567318448661205,True,624,magic-formula,0.012607600030253284,2.8120436382502616,0.0,32.4105496126412,105.08172226527226,32.41038882701644,10.68738842010498,-0.07792305946350098,0.0007572431868753785,-0.007290993424750924,53.66856965992362,329.87865539474865,94.17130281330472,77.36699999999999,77.36699999999999,3128.662841796875,True,0.0,623,2.5065194189523637e-08,0.0008441774178608735,-0.006226493783262096,True,624,magic-formula,0.4368289218007859,2.8896433011185207,0.6447249999999999,31.867983939480315,103.834270024676,31.867823153855557,10.506672859191895,-0.07792305946350098,0.000929108669075004,-0.0074163944987733375,50.61097208737902,307.46376025818967,94.17130281330472,77.36699999999999,77.36699999999999,2774.197265625,True,0.0,623,2.3014080061087916e-08,0.0008981147528994292,-0.006547207818650899,True,624,magic-formula,0.4370107396443482,2.6042143718899418,0.6447249999999999,2.6378636360168457,35.474571228027344,0.32999688386917114,0.6434046030044556,0.7535799145698547,-0.10387659072875977,-0.08577591925859451,4.266690254211426,35.06301498413086,0.32999682426452637,0.07498268783092499,0.9880162477493286,-0.13467541337013245,-0.007998566143214703,2.0989272594451904,33.34160232543945,0.329996794462204,0.6429089307785034,0.7559289336204529,-0.09545734524726868,-0.07827764749526978,3.7277541160583496,32.930049896240234,0.32999682426452637,0.0803438052535057,0.9890932440757751,-0.1232025995850563,-0.007785430643707514
3.250000000000,390,0.18,0.15,0.0,3.3159546852111816,34.715023040771484,0.4186841547489166,-14.488296508789062,10.592684745788574,0.009153520688414574,-0.25185272097587585,asphalt,1.3143955260610303,0.15,0.0,2328.931445884,2,-0.09536024928092957,1.141381859779358,47.13366544732824,160.000073001614,-0.0,5907.81772346144,5864.18227653856,-0.10780315101146698,0.24191749437429366,False,-0.0,True,0,0,2.6930789947509766,10.244718551635742,0.08175154030323029,False,True,2.7796597480773926,35.98979949951172,7.450580596923828e-09,0.0,0.0,1.0,3111.7822265625,3111.7822265625,0.33517149090766907,0.06482851505279541,0.0,asphalt,True,4.406249523162842,35.569488525390625,0.0,0.0,0.0,1.0,2757.375732421875,2757.375732421875,0.34255632758140564,0.05744367837905884,0.0,asphalt,True,2.229257106781006,33.859764099121094,3.725290298461914e-09,0.0,0.0,1.0,3128.634765625,3128.634765625,0.3348200023174286,0.06518000364303589,0.0,asphalt,True,3.855846643447876,33.439453125,-7.450580596923828e-09,0.0,0.0,1.0,2774.210693359375,2774.210693359375,0.34220483899116516,0.057795166969299316,0.0,asphalt,630,32.376355026137546,106.70470759094201,32.37598164844,10.6837797164917,-0.08411884307861328,3.907251410730791e-05,-0.00787334699322812,0.23242563731117893,347.555551248881,0.0,0.0,-0.0,3111.785888671875,True,1.302984524164485,629,9.1363822158043e-12,3.6768927792335067e-06,-0.006597753855609571,True,630,magic-formula,0.012438822320897791,3.1165919616244193,0.0,31.827437836870292,105.41530684218779,31.827060702217484,10.503021240234375,-0.0842282772064209,3.165368522115337e-06,-0.0080192612905696,-3.015547127078235,324.55822574026485,0.0,0.0,-0.0,2757.371826171875,True,1.3260081234748982,629,2.4280486167938417e-11,-5.3858201758796375e-05,-0.006955888167001828,True,630,magic-formula,0.012624910777964347,2.811754124701978,0.0,32.39679251112326,106.70189804359669,32.39663184005118,10.68285846710205,-0.07788300514221191,0.0007566384590338607,-0.007290335781943435,53.63254570691948,329.81834622846486,94.1580949287362,77.36699999999999,77.36699999999999,3128.63818359375,True,0.0,629,2.5048084804676387e-08,0.000843616381016447,-0.006225396797152902,True,630,magic-formula,0.4365262428029017,2.8891692690448725,0.6447249999999999,31.854045542486297,105.42725380563222,31.853884871414216,10.50208568572998,-0.07788300514221191,0.0009283244854633781,-0.0074158200340559005,50.5728193479959,307.4192111140215,94.1580949287362,77.36699999999999,77.36699999999999,2774.20947265625,True,0.0,629,2.2974244270138844e-08,0.0008974326780087988,-0.0065462224635904455,True,630,magic-formula,0.43668886599318957,2.603848346699183,0.6447249999999999,2.7782421112060547,35.9901123046875,0.32999688386917114,0.9890444278717041,0.05400050804018974,-0.009702150709927082,-0.1370435208082199,4.404831886291504,35.569801330566406,0.32999682426452637,0.7580481767654419,0.6375212073326111,-0.09024067968130112,-0.10385756939649582,2.227839708328247,33.860076904296875,0.32999685406684875,0.990464448928833,0.055451810359954834,-0.009260639548301697,-0.12577608227729797,3.854429244995117,33.43976593017578,0.32999682426452637,0.7630324959754944,0.6339369416236877,-0.08228512108325958,-0.09557480365037918
3.300000000000,396,0.18,0.15,0.0,3.452183961868286,35.22669982910156,0.4186841547489166,-14.796616554260254,10.588125228881836,0.009143935516476631,-0.25182512402534485,asphalt,1.315371067727909,0.15,0.0,2327.929668501966,2,-0.09541508555412292,1.1412668228149414,47.0931094785771,159.99996018093782,-0.0,5907.831540931075,5864.168459068925,-0.10783817619085312,0.24243951108883993,False,-0.0,True,0,0,2.7470784187316895,10.225650787353516,0.08175154030323029,False,True,2.9227564334869385,36.50434875488281,-1.4901161193847656e-08,0.0,0.0,1.0,3111.76806640625,3111.76806640625,0.33517178893089294,0.06482821702957153,0.0,asphalt,True,4.547060489654541,36.075286865234375,1.4901161193847656e-08,0.0,0.0,1.0,2757.40966796875,2757.40966796875,0.3425556719303131,0.05744433403015137,0.0,asphalt,True,2.3608999252319336,34.37730407714844,-1.1175870895385742e-08,0.0,0.0,1.0,3128.601806640625,3128.601806640625,0.3348206579685211,0.06517934799194336,0.0,asphalt,True,3.9852042198181152,33.948246002197266,-2.60770320892334e-08,0.0,0.0,1.0,2774.221435546875,2774.221435546875,0.34220460057258606,0.05779540538787842,0.0,asphalt,636,32.362633525438916,108.32312083597802,32.36226010187374,10.679251670837402,-0.08407759666442871,3.908443871410349e-05,-0.007872823131046489,0.2326493634995876,347.51037167271653,0.0,0.0,-0.0,3111.77099609375,True,1.3039431976486129,635,8.737404926916467e-12,3.6804463225503504e-06,-0.00659692180486373,True,636,magic-formula,0.012468585344021612,3.116272374949488,0.0,31.813545648010752,107.00620719458684,31.813168462135202,10.498435020446777,-0.08418798446655273,3.33796386821676e-06,-0.008018926609191894,-3.017733702023329,324.5285047256016,0.0,0.0,-0.0,2757.400146484375,True,1.3270009823941553,635,2.3023917376571558e-11,-5.389665659103856e-05,-0.006955174071743899,True,636,magic-formula,0.012632231966702049,2.8115448482324283,0.0,32.383035126594784,108.32138611138961,32.38287454539533,10.678329467773438,-0.07784366607666016,0.0007559350952041013,-0.007289743908575773,53.59044409490428,329.7698166731086,94.14488156504994,77.36699999999999,77.36699999999999,3128.60791015625,True,0.0,635,2.4983072795073428e-08,0.0008429614384001198,-0.0062245346967270375,True,636,magic-formula,0.4362052624771027,2.888807824011192,0.6447249999999999,31.84010685473078,107.01954076995086,31.83994627353133,10.49749755859375,-0.07784390449523926,0.0009276214081551716,-0.007415336583692383,50.52896830230162,307.38555614069935,94.14488156504994,77.36699999999999,77.36699999999999,2774.218017578125,True,0.0,635,2.2931559544781997e-08,0.000896650892709798,-0.006545479311900256,True,636,magic-formula,0.43635068637749863,2.6035731053259434,0.6447249999999999,2.9213404655456543,36.50466537475586,0.32999682426452637,0.7213199138641357,-0.6782926917076111,0.09431960433721542,-0.10353907942771912,4.545644760131836,36.07560729980469,0.32999688386917114,0.9855363965034485,-0.09510861337184906,0.011264454573392868,-0.1398051679134369,2.3594839572906494,34.377620697021484,0.329996794462204,0.7230052351951599,-0.6787325739860535,0.08651572465896606,-0.09539677947759628,3.98378849029541,33.94856262207031,0.32999682426452637,0.9864270687103271,-0.10186300426721573,0.011022291146218777,-0.12831223011016846
3.350000000000,402,0.18,0.15,0.0,3.5911104679107666,35.7374153137207,0.4186841547489166,-15.105031967163086,10.583568572998047,0.009134452790021896,-0.25179728865623474,asphalt,1.3163480319712741,0.15,0.0,2326.9274101488786,2,-0.09547185897827148,1.1411855220794678,47.05259640255209,159.99997677221373,-0.0,5907.838729935246,5864.161270064754,-0.10787317901849747,0.2429561258493828,False,-0.0,True,0,0,2.800968885421753,10.20629596710205,0.08175156265497208,False,True,3.0685675144195557,37.01789093017578,-7.450580596923828e-09,0.0,0.0,1.0,3111.759033203125,3111.759033203125,0.33517196774482727,0.06482803821563721,0.0,asphalt,True,4.69053840637207,36.58009719848633,2.60770320892334e-08,0.0,0.0,1.0,2757.436767578125,2757.436767578125,0.34255507588386536,0.05744493007659912,0.0,asphalt,True,2.495269536972046,34.89390182495117,-2.2351741790771484e-08,0.0,0.0,1.0,3128.57373046875,3128.57373046875,0.33482125401496887,0.0651787519454956,0.0,asphalt,True,4.117240905761719,34.45610809326172,-2.9802322387695312e-08,0.0,0.0,1.0,2774.231201171875,2774.231201171875,0.34220442175865173,0.057795584201812744,0.0,asphalt,642,32.34892117028072,109.94084829129501,32.34854784590139,10.674725532531738,-0.08403825759887695,3.920041406438216e-05,-0.007872476085742607,0.2392132815737663,347.46984203281056,0.0,0.0,-0.0,3111.7587890625,True,1.3049032567409107,641,4.222284284335883e-12,3.7842973810766197e-06,-0.006596172924256181,True,642,magic-formula,0.012474991930519479,3.116015019098854,0.0,31.799652588783342,108.59641268228532,31.799275497204203,10.493851661682129,-0.08414793014526367,3.210700652279935e-06,-0.008018612167569876,-3.016400056333884,324.50495194690654,0.0,0.0,-0.0,2757.4287109375,True,1.3279953021806208,641,2.664051939994182e-11,-5.3872243609611096e-05,-0.006954592621402763,True,642,magic-formula,0.012626180880715042,2.8113947863362356,0.0,32.36928662200855,109.94018643890345,32.36912627317408,10.67380142211914,-0.0778048038482666,0.0007554162593818213,-0.00728919555291388,53.548718625045325,329.72252362365214,94.13166202566946,77.36699999999999,77.36699999999999,3128.579345703125,True,0.0,641,2.4954822365682987e-08,0.0008423119595132911,-0.006223692657804257,True,642,magic-formula,0.4358437604877682,2.888451488939135,0.6447249999999999,31.826173775006463,108.61113083790237,31.826013426171993,10.492911338806152,-0.0778045654296875,0.0009269121440119736,-0.007414828642131493,50.48981624223575,307.3553988685832,94.13166202566946,77.36699999999999,77.36699999999999,2774.2314453125,True,0.0,641,2.288507625074694e-08,0.0008959509987791539,-0.006544799690909299,True,642,magic-formula,0.4360150593851016,2.603339870412296,0.6447249999999999,3.0671536922454834,37.018218994140625,0.32999682426452637,-0.007189406082034111,0.9897353053092957,-0.14269429445266724,0.0032542445696890354,4.689125061035156,36.58042526245117,0.32999688386917114,0.6219357848167419,-0.769913375377655,0.109778992831707,-0.09153027832508087,2.4938557147979736,34.894229888916016,0.329996794462204,-0.0075013055466115475,0.9912940263748169,-0.13141371309757233,0.0032110686879605055,4.1158270835876465,34.45643615722656,0.32999682426452637,0.6172237396240234,-0.7757287621498108,0.10146971046924591,-0.0835690051317215
3.400000000000,408,0.18,0.15,0.0,3.7327282428741455,36.24715805053711,0.4186841547489166,-15.413557052612305,10.579009056091309,0.009125386364758015,-0.2517702877521515,asphalt,1.3173264043653692,0.15,0.0,2325.924887141466,2,-0.0953320562839508,1.1409945487976074,47.012058383314816,160.00004977382773,-0.0,5907.849293435482,5864.150706564518,-0.10790829360485077,0.24347331893612512,False,-0.0,True,0,0,2.854748010635376,10.186650276184082,0.08175168186426163,False,True,3.217087984085083,37.53042984008789,1.1175870895385742e-08,0.0,0.0,1.0,3111.7509765625,3111.7509765625,0.3351721465587616,0.06482785940170288,0.0,asphalt,True,4.836677551269531,37.08391189575195,0.0,0.0,0.0,1.0,2757.4599609375,2757.4599609375,0.3425545394420624,0.0574454665184021,0.0,asphalt,True,2.6323611736297607,35.4095573425293,7.450580596923828e-09,0.0,0.0,1.0,3128.548828125,3128.548828125,0.33482179045677185,0.06517821550369263,0.0,asphalt,True,4.251951694488525,34.963035583496094,3.3527612686157227e-08,0.0,0.0,1.0,2774.24365234375,2774.24365234375,0.34220412373542786,0.05779588222503662,0.0,asphalt,648,32.33520308406977,111.55788990828006,32.334829875640104,10.670199394226074,-0.0839986801147461,3.9139242062790106e-05,-0.007872106403057176,0.23489097729563796,347.4287042654003,0.0,0.0,-0.0,3111.7509765625,True,1.305864687211699,647,1.7038220539783165e-11,3.715925760588406e-06,-0.006595403029370912,True,648,magic-formula,0.01246225724542986,3.11573447784306,0.0,31.785753109177953,110.18592344908274,31.7853761284262,10.489266395568848,-0.08410859107971191,3.0631751225504926e-06,-0.00801836709403748,-3.0161645381702917,324.4811745015359,0.0,0.0,-0.0,2757.455078125,True,1.3289910682092119,647,2.3211463413024215e-11,-5.386748625368307e-05,-0.006954011918269377,True,648,magic-formula,0.012625410159304849,2.8112176024780418,0.0,32.35552762132686,111.55829896600893,32.35536751556758,10.669271469116211,-0.07776689529418945,0.0007547512447277025,-0.007288737415140737,53.5090866900865,329.6768344982931,94.11843716161617,77.36699999999999,77.36699999999999,3128.554443359375,True,0.0,647,2.490365386866382e-08,0.0008416944416961387,-0.006222873785392137,True,648,magic-formula,0.4355125018136047,2.8881088353260633,0.6447249999999999,31.81223092911612,110.2020239427047,31.81207082335684,10.488322257995605,-0.07776689529418945,0.0009261680156049818,-0.007414481392712594,50.44872797076209,307.32513998407626,94.11843716161617,77.36699999999999,77.36699999999999,2774.2431640625,True,0.0,647,2.2838515528286933e-08,0.0008952173016015132,-0.006544121912308696,True,648,magic-formula,0.4356736396067623,2.6030972623880277,0.6447249999999999,3.2156760692596436,37.530765533447266,0.32999688386917114,0.7106053233146667,0.6884024143218994,-0.1027529388666153,-0.1028788685798645,4.83526611328125,37.08424377441406,0.32999682426452637,0.11380032449960709,0.9827762246131897,-0.14487524330615997,-0.014542662538588047,2.630949020385742,35.40989303588867,0.32999685406684875,0.7119082808494568,0.6893461346626282,-0.09487885236740112,-0.09479699283838272,4.250539302825928,34.96337127685547,0.32999688386917114,0.12193505465984344,0.9834344983100891,-0.1333564966917038,-0.014300630427896976
3.450000000000,414,0.18,0.15,0.0,3.8770313262939453,36.75591278076172,0.4186841547489166,-15.722169876098633,10.574453353881836,0.009116126224398613,-0.25174543261528015,asphalt,1.318306144136648,0.15,0.0,2324.922354047747,2,-0.09551787376403809,1.140955924987793,46.97160560817292,159.9999800904689,-0.0,5907.849390230535,5864.150609769465,-0.1079433336853981,0.2439907822169209,False,-0.0,True,0,0,2.908414363861084,10.166720390319824,0.08175154030323029,False,True,3.3683104515075684,38.04194259643555,3.3527612686157227e-08,0.0,0.0,1.0,3111.7421875,3111.7421875,0.3351723849773407,0.06482762098312378,0.0,asphalt,True,4.985471725463867,37.58670425415039,2.60770320892334e-08,0.0,0.0,1.0,2757.485595703125,2757.485595703125,0.3425539433956146,0.057446062564849854,0.0,asphalt,True,2.7721683979034424,35.92424774169922,2.2351741790771484e-08,0.0,0.0,1.0,3128.525390625,3128.525390625,0.33482232689857483,0.06517767906188965,0.0,asphalt,True,4.38932991027832,35.46901321411133,-2.9802322387695312e-08,0.0,0.0,1.0,2774.247802734375,2774.247802734375,0.34220394492149353,0.05779606103897095,0.0,asphalt,654,32.32149672501852,113.17424594183369,32.32112337060404,10.66567611694336,-0.08395957946777344,3.9172604546671645e-05,-0.0078717790000008,0.23639912479250616,347.3875623660186,0.0,0.0,-0.0,3111.744384765625,True,1.3068274489409146,653,7.03484641653158e-12,3.7397891071665078e-06,-0.006594630448426878,True,654,magic-formula,0.012464570096924938,3.11547262057219,0.0,31.77187189192289,111.7747398041277,31.771494760064048,10.4846830368042,-0.08406925201416016,3.3084004763984384e-06,-0.008018120347572924,-3.0143758119724464,324.45403905949865,0.0,0.0,-0.0,2757.480224609375,True,1.3299882390374236,653,2.4881490651023463e-11,-5.383500912679658e-05,-0.006953361785320011,True,654,magic-formula,0.012625591802997996,2.8110418755989075,0.0,32.34178128019213,113.17572402562715,32.34162114346638,10.66474723815918,-0.0777285099029541,0.0007539404474073415,-0.007288230268710605,53.47148263689704,329.62852431801116,94.10520788491772,77.36699999999999,77.36699999999999,3128.528076171875,True,0.0,653,2.4848264867989403e-08,0.0008411091728031332,-0.006222008083033402,True,654,magic-formula,0.43518761631769937,2.8877535055434747,0.6447249999999999,31.79830246426529,111.79222047300368,31.798142327539537,10.48373794555664,-0.0777280330657959,0.0009254206563812007,-0.007414016764687266,50.412359161994566,307.2885841351541,94.10520788491772,77.36699999999999,77.36699999999999,2774.245849609375,True,0.0,653,2.2808766494205973e-08,0.0008945701784383529,-0.006543330682470006,True,654,magic-formula,0.43535573530253124,2.6028147951312306,0.6447249999999999,3.3669004440307617,38.04228591918945,0.32999688386917114,0.988237202167511,-0.03821936249732971,0.003504494670778513,-0.1480342000722885,4.9840617179870605,37.5870475769043,0.32999688386917114,0.7805910110473633,0.6072001457214355,-0.09278055280447006,-0.11566073447465897,2.7707583904266357,35.92459487915039,0.32999685406684875,0.9898307919502258,-0.03903549537062645,0.003173579927533865,-0.13675226271152496,4.387919902801514,35.469356536865234,0.32999682426452637,0.7871997356414795,0.6013363003730774,-0.0847882330417633,-0.10734158009290695
3.500000000000,420,0.18,0.15,0.0,4.024014949798584,37.2636604309082,0.4186841547489166,-16.030895233154297,10.569887161254883,0.009106511250138283,-0.2517213523387909,asphalt,1.3192871797933032,0.15,0.0,2323.9195186402094,2,-0.09561029076576233,1.1408660411834717,46.931060159761984,159.99997013570336,-0.0,5907.865569455146,5864.134430544854,-0.10797855257987976,0.2445166876521082,False,-0.0,True,0,0,2.9619669914245605,10.146491050720215,0.08175142109394073,False,True,3.522230625152588,38.55241394042969,-2.2351741790771484e-08,0.0,0.0,1.0,3111.733642578125,3111.733642578125,0.335172563791275,0.06482744216918945,0.0,asphalt,True,5.136916160583496,38.08846664428711,-3.3527612686157227e-08,0.0,0.0,1.0,2757.5107421875,2757.5107421875,0.3425534665584564,0.05744653940200806,0.0,asphalt,True,2.914686679840088,36.437965393066406,-7.450580596923828e-09,0.0,0.0,1.0,3128.49609375,3128.49609375,0.3348229229450226,0.0651770830154419,0.0,asphalt,True,4.529371738433838,35.97401809692383,-1.862645149230957e-08,0.0,0.0,1.0,2774.254638671875,2774.254638671875,0.342203825712204,0.0577961802482605,0.0,asphalt,660,32.30775670966552,114.78991572134268,32.30738334663631,10.661141395568848,-0.08391761779785156,3.9237695594946765e-05,-0.00787119142501899,0.23992136020221297,347.3371999800299,0.0,0.0,-0.0,3111.733642578125,True,1.307791471625142,659,2.8428934016289623e-12,3.795519412031219e-06,-0.006593690424460973,True,660,magic-formula,0.0124958125480422,3.115133936039448,0.0,31.757954279450637,113.36286099040788,31.757577133389127,10.48008918762207,-0.08402776718139648,3.408806547477865e-06,-0.00801767667683926,-3.015563562298993,324.42301944690536,0.0,0.0,-0.0,2757.5048828125,True,1.3309867419552437,659,2.5734915596242492e-11,-5.38556947270239e-05,-0.006952629003060841,True,660,magic-formula,0.012646652072457612,2.810813401044758,0.0,32.32800289929412,114.79246095935312,32.3278428980758,10.660209655761719,-0.07768797874450684,0.0007533905302697051,-0.007287530542200095,53.4334124067904,329.57516696747825,94.09197556515156,77.36699999999999,77.36699999999999,3128.5048828125,True,0.0,659,2.4807464767512582e-08,0.0008405156198083111,-0.006221040125331914,True,660,magic-formula,0.43487911980983773,2.8873614918054145,0.6447249999999999,31.784344925892853,113.38171972915531,31.784184924674534,10.479142189025879,-0.07768821716308594,0.0009248501779957299,-0.007413468824148511,50.370798667003946,307.2529229675796,94.09197556515156,77.36699999999999,77.36699999999999,2774.25439453125,True,0.0,659,2.2744353952669823e-08,0.0008938290306722543,-0.006542544595203866,True,660,magic-formula,0.4350287804037293,2.6025228494201453,0.6447249999999999,3.520822763442993,38.552764892578125,0.32999682426452637,0.6550424695014954,-0.7404016256332397,0.11142096668481827,-0.10153915733098984,5.135508060455322,38.08881759643555,0.32999682426452637,0.9798157215118408,-0.13105705380439758,0.017809811979532242,-0.14989329874515533,2.9132790565490723,36.438316345214844,0.329996794462204,0.6551757454872131,-0.7424933910369873,0.10308677703142166,-0.0939222127199173,4.527964115142822,35.974369049072266,0.32999682426452637,0.9802026152610779,-0.14055109024047852,0.017595862969756126,-0.13834251463413239
