time_s,tick,phase,command.steering_deg,command.throttle,command.brake,command.direction,state.position.0,state.position.1,state.position.2,state.heading,state.speed,state.pitch,state.roll,state.surface,state.steering,state.throttle,state.brake,state.rpm,state.gear,state.acceleration,state.lateral_acceleration,state.dynamics.aerodynamic_force,state.dynamics.rolling_force,state.dynamics.grade_force,state.dynamics.front_load,state.dynamics.rear_load,state.dynamics.yaw_rate,state.dynamics.sideslip,state.dynamics.traction_limited,state.dynamics.road_grade,state.active,state.generation,state.signal,state.velocity.0,state.velocity.1,state.velocity.2,state.hazards,state.wheel_contacts.0.in_contact,state.wheel_contacts.0.contact_point.0,state.wheel_contacts.0.contact_point.1,state.wheel_contacts.0.contact_point.2,state.wheel_contacts.0.contact_normal.0,state.wheel_contacts.0.contact_normal.1,state.wheel_contacts.0.contact_normal.2,state.wheel_contacts.0.suspension_force,state.wheel_contacts.0.normal_load,state.wheel_contacts.0.suspension_length,state.wheel_contacts.0.compression,state.wheel_contacts.0.skid,state.wheel_contacts.0.surface,state.wheel_contacts.1.in_contact,state.wheel_contacts.1.contact_point.0,state.wheel_contacts.1.contact_point.1,state.wheel_contacts.1.contact_point.2,state.wheel_contacts.1.contact_normal.0,state.wheel_contacts.1.contact_normal.1,state.wheel_contacts.1.contact_normal.2,state.wheel_contacts.1.suspension_force,state.wheel_contacts.1.normal_load,state.wheel_contacts.1.suspension_length,state.wheel_contacts.1.compression,state.wheel_contacts.1.skid,state.wheel_contacts.1.surface,state.wheel_contacts.2.in_contact,state.wheel_contacts.2.contact_point.0,state.wheel_contacts.2.contact_point.1,state.wheel_contacts.2.contact_point.2,state.wheel_contacts.2.contact_normal.0,state.wheel_contacts.2.contact_normal.1,state.wheel_contacts.2.contact_normal.2,state.wheel_contacts.2.suspension_force,state.wheel_contacts.2.normal_load,state.wheel_contacts.2.suspension_length,state.wheel_contacts.2.compression,state.wheel_contacts.2.skid,state.wheel_contacts.2.surface,state.wheel_contacts.3.in_contact,state.wheel_contacts.3.contact_point.0,state.wheel_contacts.3.contact_point.1,state.wheel_contacts.3.contact_point.2,state.wheel_contacts.3.contact_normal.0,state.wheel_contacts.3.contact_normal.1,state.wheel_contacts.3.contact_normal.2,state.wheel_contacts.3.suspension_force,state.wheel_contacts.3.normal_load,state.wheel_contacts.3.suspension_length,state.wheel_contacts.3.compression,state.wheel_contacts.3.skid,state.wheel_contacts.3.surface,state.contact_tick,state.wheel_dynamics.0.omega,state.wheel_dynamics.0.rotation,state.wheel_dynamics.0.relative_omega,state.wheel_dynamics.0.longitudinal_speed,state.wheel_dynamics.0.lateral_speed,state.wheel_dynamics.0.kappa,state.wheel_dynamics.0.alpha,state.wheel_dynamics.0.fx,state.wheel_dynamics.0.fy,state.wheel_dynamics.0.drive_torque,state.wheel_dynamics.0.brake_capacity,state.wheel_dynamics.0.brake_torque,state.wheel_dynamics.0.normal_load,state.wheel_dynamics.0.road_support,state.wheel_dynamics.0.steering,state.wheel_dynamics.0.force_contact_tick,state.wheel_dynamics.0.force_residual,state.wheel_dynamics.0.force_kappa,state.wheel_dynamics.0.force_alpha,state.wheel_dynamics.0.sample_support,state.wheel_dynamics.0.sample_tick,state.wheel_dynamics.0.force_mode,state.wheel_dynamics.0.longitudinal_impulse,state.wheel_dynamics.0.lateral_impulse,state.wheel_dynamics.0.brake_angular_impulse,state.wheel_dynamics.1.omega,state.wheel_dynamics.1.rotation,state.wheel_dynamics.1.relative_omega,state.wheel_dynamics.1.longitudinal_speed,state.wheel_dynamics.1.lateral_speed,state.wheel_dynamics.1.kappa,state.wheel_dynamics.1.alpha,state.wheel_dynamics.1.fx,state.wheel_dynamics.1.fy,state.wheel_dynamics.1.drive_torque,state.wheel_dynamics.1.brake_capacity,state.wheel_dynamics.1.brake_torque,state.wheel_dynamics.1.normal_load,state.wheel_dynamics.1.road_support,state.wheel_dynamics.1.steering,state.wheel_dynamics.1.force_contact_tick,state.wheel_dynamics.1.force_residual,state.wheel_dynamics.1.force_kappa,state.wheel_dynamics.1.force_alpha,state.wheel_dynamics.1.sample_support,state.wheel_dynamics.1.sample_tick,state.wheel_dynamics.1.force_mode,state.wheel_dynamics.1.longitudinal_impulse,state.wheel_dynamics.1.lateral_impulse,state.wheel_dynamics.1.brake_angular_impulse,state.wheel_dynamics.2.omega,state.wheel_dynamics.2.rotation,state.wheel_dynamics.2.relative_omega,state.wheel_dynamics.2.longitudinal_speed,state.wheel_dynamics.2.lateral_speed,state.wheel_dynamics.2.kappa,state.wheel_dynamics.2.alpha,state.wheel_dynamics.2.fx,state.wheel_dynamics.2.fy,state.wheel_dynamics.2.drive_torque,state.wheel_dynamics.2.brake_capacity,state.wheel_dynamics.2.brake_torque,state.wheel_dynamics.2.normal_load,state.wheel_dynamics.2.road_support,state.wheel_dynamics.2.steering,state.wheel_dynamics.2.force_contact_tick,state.wheel_dynamics.2.force_residual,state.wheel_dynamics.2.force_kappa,state.wheel_dynamics.2.force_alpha,state.wheel_dynamics.2.sample_support,state.wheel_dynamics.2.sample_tick,state.wheel_dynamics.2.force_mode,state.wheel_dynamics.2.longitudinal_impulse,state.wheel_dynamics.2.lateral_impulse,state.wheel_dynamics.2.brake_angular_impulse,state.wheel_dynamics.3.omega,state.wheel_dynamics.3.rotation,state.wheel_dynamics.3.relative_omega,state.wheel_dynamics.3.longitudinal_speed,state.wheel_dynamics.3.lateral_speed,state.wheel_dynamics.3.kappa,state.wheel_dynamics.3.alpha,state.wheel_dynamics.3.fx,state.wheel_dynamics.3.fy,state.wheel_dynamics.3.drive_torque,state.wheel_dynamics.3.brake_capacity,state.wheel_dynamics.3.brake_torque,state.wheel_dynamics.3.normal_load,state.wheel_dynamics.3.road_support,state.wheel_dynamics.3.steering,state.wheel_dynamics.3.force_contact_tick,state.wheel_dynamics.3.force_residual,state.wheel_dynamics.3.force_kappa,state.wheel_dynamics.3.force_alpha,state.wheel_dynamics.3.sample_support,state.wheel_dynamics.3.sample_tick,state.wheel_dynamics.3.force_mode,state.wheel_dynamics.3.longitudinal_impulse,state.wheel_dynamics.3.lateral_impulse,state.wheel_dynamics.3.brake_angular_impulse
0.050000000000,6,held_throttle,0.0,0.15,0.0,1,0.0008691887487657368,2.08223295211792,0.4160292446613312,0.002203891519457102,41.62889862060547,-0.0006524769705720246,0.004653370939195156,asphalt,0.0,0.15,0.0,4142.060839174095,2,-0.7502819895744324,-0.08134908229112625,728.0641657386312,176.8804618480292,-0.0,5928.043963839669,5843.956036160331,0.0006273201433941722,0.02429092164389106,False,-0.0,True,0,0,0.01559365727007389,41.62889862060547,0.06127498298883438,False,True,-0.839206874370575,3.1821959018707275,2.60770320892334e-08,0.0,0.0,1.0,3209.177001953125,3209.177001953125,0.33608493208885193,0.06391507387161255,0.0,asphalt,True,0.8407930731773376,3.182260513305664,3.725290298461914e-09,0.0,0.0,1.0,3234.064208984375,3234.064208984375,0.33594849705696106,0.06405150890350342,0.0,asphalt,True,-0.8391222357749939,0.9821958541870117,0.0,0.0,0.0,1.0,3204.369140625,3204.369140625,0.3361099660396576,0.06389003992080688,0.0,asphalt,True,0.8408777117729187,0.982260525226593,1.4901161193847656e-08,0.0,0.0,1.0,3229.256103515625,3229.256103515625,0.3359735310077667,0.06402647495269775,0.0,asphalt,246,126.1626795333479,6.310716251672994,126.16241472623841,41.62834930419922,0.015926484018564224,0.00012815645815326292,0.0003825874315868635,8.485483894445077,-20.42251073917841,0.0,0.0,-0.0,3244.0341796875,True,0.0,245,6.893550494139307e-07,0.00012830275754227184,0.00037055250624377055,True,246,magic-formula,0.10125171884806335,-0.17489230946256512,0.0,126.16606965106826,6.310879764123785,126.16580484395877,41.62940216064453,0.015926484018564224,0.00012973580997283066,0.00038257775550258106,8.666414347091122,-20.612144427071236,0.0,0.0,-0.0,3267.332275390625,True,0.0,245,5.248151441457265e-07,0.00013010410656137818,0.00037132651486534486,True,246,magic-formula,0.10257647528420669,-0.17608323274077317,0.0,126.12158963226027,6.308670678618846,126.12132482515078,41.62834930419922,0.01730402745306492,-0.00019757510664724902,0.00041567890021214815,-13.04782433420506,-26.70687548788725,4.997668898941601,11.605049999999999,11.605049999999999,3239.660400390625,True,0.0,245,2.6072550669113302e-06,-0.00019755502599849803,0.0004043645665091835,True,246,magic-formula,-0.08353847503960882,-0.2284785234251864,0.09670875,126.12518911708705,6.30883784545916,126.12492430997756,41.62940216064453,0.017304029315710068,-0.00019432784488674463,0.0004156684319495402,-12.902052752593649,-26.96505419631442,4.997668898941601,11.605049999999999,11.605049999999999,3262.953125,True,0.0,245,3.395713885312294e-06,-0.00019395339574676784,0.0004053591003360056,True,246,magic-formula,-0.08238315077741949,-0.23005536855335787,0.09670875
0.100000000000,12,held_throttle,0.0,0.15,0.0,1,0.0015410032356157899,4.162600517272949,0.4157203435897827,0.0035473403986543417,41.592124938964844,-0.0014495737850666046,0.00964322779327631,asphalt,0.0,0.15,0.0,6105.523578064078,2,-0.7269352674484253,-0.06597628444433212,726.771696894929,167.5957250254842,-0.0,5964.095432764719,5807.904567235281,0.0003686077252496034,0.020634321201314337,False,-0.0,True,0,0,0.011998062022030354,41.592124938964844,0.09095723927021027,False,True,-0.8385970592498779,5.262537956237793,-7.450580596923828e-09,0.0,0.0,1.0,3061.48779296875,3061.48779296875,0.335833877325058,0.0641661286354065,0.0,asphalt,True,0.8414029479026794,5.2626423835754395,7.450580596923828e-09,0.0,0.0,1.0,3082.084716796875,3082.084716796875,0.33555111289024353,0.06444889307022095,0.0,asphalt,True,-0.8384608030319214,3.0625381469726562,1.1175870895385742e-08,0.0,0.0,1.0,3057.371337890625,3057.371337890625,0.3358895480632782,0.06411045789718628,0.0,asphalt,True,0.841539204120636,3.0626418590545654,-1.862645149230957e-08,0.0,0.0,1.0,3077.96826171875,3077.96826171875,0.33560678362846375,0.06439322233200073,0.0,asphalt,252,126.05261442997653,12.615961009492382,126.0524153422266,41.591796875,0.013767173513770103,0.00013382174636465124,0.0003310069303411715,8.390500354940132,-16.842580674679983,0.0,0.0,-0.0,3074.9345703125,True,0.0,251,6.056332714712347e-07,0.00013384299675238447,0.0003224019619860948,True,252,magic-formula,0.09915264959813505,-0.14399865507992912,0.0,126.05461547917974,12.616256225623125,126.05441639142981,41.5924186706543,0.013767173513770103,0.00013474661138126402,0.0003310019818755046,8.526634553961493,-16.982559428308143,0.0,0.0,-0.0,3094.46923828125,True,0.0,251,4.4732505721743546e-07,0.00013515595847636973,0.00032302930613967303,True,252,magic-formula,0.10015318649431942,-0.14485586942821374,0.0,126.02693834296424,12.612318293531935,126.02673925521431,41.591800689697266,0.014576621353626251,-6.999063447106767e-05,0.0003504686143687467,-4.3701685375865935,-21.43956676649965,7.6011787879305075,11.605049999999999,11.605049999999999,3070.95556640625,True,0.0,251,1.3436841580766185e-07,-6.980234448890612e-05,0.00034244262397368905,True,252,magic-formula,-0.009400307965365853,-0.18316797165487694,0.09670875,126.02909742734451,12.612627556593228,126.02889833959458,41.5924186706543,0.014576621353626251,-6.771713982080725e-05,0.0003504634070997562,-4.23333664898427,-21.630386373572957,7.6011787879305075,11.605049999999999,11.605049999999999,3090.49609375,True,0.0,251,3.0095647552025805e-07,-6.718927516549294e-05,0.00034330603115676525,True,252,magic-formula,-0.008201922356764773,-0.18432210358700798,0.09670875
0.150000000000,18,held_throttle,0.0,0.15,0.0,1,0.002052705269306898,6.241147041320801,0.4165111184120178,0.0042710560373961926,41.555747985839844,-0.002080459613353014,0.013097982853651047,asphalt,0.0,0.15,0.0,7293.374664405576,2,-0.7305923104286194,-0.054473455995321274,725.5022173824592,163.21001369775738,-0.0,5989.169854321843,5782.830145678157,0.00017857880447991192,0.017257338597891976,False,-0.0,True,0,0,0.009051782079041004,41.555747985839844,0.10419417172670364,False,True,-0.8381245136260986,7.341069221496582,-1.4901161193847656e-08,0.0,0.0,1.0,2980.4306640625,2980.4306640625,0.336663156747818,0.06333684921264648,0.0,asphalt,True,0.8418755531311035,7.3411946296691895,-1.4901161193847656e-08,0.0,0.0,1.0,3002.8583984375,3002.8583984375,0.33627912402153015,0.06372088193893433,0.0,asphalt,True,-0.8379604816436768,5.141068935394287,-1.1175870895385742e-08,0.0,0.0,1.0,2975.2451171875,2975.2451171875,0.3367430865764618,0.06325691938400269,0.0,asphalt,True,0.8420395255088806,5.1411943435668945,2.9802322387695312e-08,0.0,0.0,1.0,2997.6728515625,2997.6728515625,0.33635905385017395,0.06364095211029053,0.0,asphalt,258,125.94361940915039,18.91574775139652,125.94344595713116,41.55558395385742,0.011842557229101658,0.00013982359551622763,0.0002849811212292591,8.543078110822421,-14.11212731152642,0.0,0.0,-0.0,2993.22998046875,True,0.0,257,5.77920082721114e-07,0.0001399964675146689,0.0002775085938235272,True,258,magic-formula,0.09939236812413468,-0.1205572007038412,0.0,125.94458168914743,18.916115237032134,125.9444082371282,41.55588150024414,0.011842557229101658,0.00014030401868570362,0.0002849790807215078,8.647502555078079,-14.244935747722696,0.0,0.0,-0.0,3015.822021484375,True,0.0,257,4.3658648200688174e-07,0.00014064613672318615,0.00027802179528808505,True,258,magic-formula,0.10022766197613511,-0.1214123980532402,0.0,125.905904630802,18.910568378595094,125.90573117878277,41.55558395385742,0.012234731577336788,-0.00015967591022500688,0.0002944184646138226,-9.71555378929489,-17.510183965051468,5.183148001450257,11.605049999999999,11.605049999999999,2988.266357421875,True,0.0,257,1.0606565842244645e-06,-0.0001594750852682845,0.0002874193541602588,True,258,magic-formula,-0.04889877032274656,-0.14953631770112397,0.09670875,125.90708004010651,18.910958077050296,125.90690658808728,41.55588150024414,0.012234731577336788,-0.00015750085842737438,0.0002944163565332789,-9.639419991356247,-17.68222930688383,5.183148001450257,11.605049999999999,11.605049999999999,3010.8583984375,True,0.0,257,1.4189362110703203e-06,-0.00015703813252646414,0.00028806551510364507,True,258,magic-formula,-0.048174160927537554,-0.15063305874486208,0.09670875
0.200000000000,24,held_throttle,0.0,0.15,0.0,1,0.002432254608720541,8.317866325378418,0.4176970422267914,0.004539367742836475,41.51908493041992,-0.0027920622378587723,0.013874469324946404,asphalt,0.0,0.15,0.0,8010.315374260369,2,-0.7356195449829102,-0.04504256695508957,724.2242671291216,159.46595669278796,-0.0,6007.495966254603,5764.504033745397,3.948040830437094e-05,0.014124714582698476,False,-0.0,True,0,0,0.006611827295273542,41.51908493041992,0.10521973669528961,False,True,-0.8377559781074524,9.417779922485352,2.9802322387695312e-08,0.0,0.0,1.0,2918.281005859375,2918.281005859375,0.3378467857837677,0.06215322017669678,0.0,asphalt,True,0.8422439098358154,9.417913436889648,1.4901161193847656e-08,0.0,0.0,1.0,2937.179443359375,2937.179443359375,0.33744004368782043,0.06255996227264404,0.0,asphalt,True,-0.8375817537307739,7.217779159545898,0.0,0.0,0.0,1.0,2911.489013671875,2911.489013671875,0.3379540741443634,0.062045931816101074,0.0,asphalt,True,0.8424181938171387,7.217912673950195,-1.1175870895385742e-08,0.0,0.0,1.0,2930.390380859375,2930.390380859375,0.33754727244377136,0.062452733516693115,0.0,asphalt,264,125.83366612898482,25.210063750362547,125.83345955900387,41.51903533935547,0.010122206062078476,0.00014630598133781594,0.00024379674958246701,8.737926767611038,-11.85632017355391,0.0,0.0,-0.0,2926.574462890625,True,0.0,263,5.688093287750112e-07,0.00014645053996246153,0.00023845901660560646,True,264,magic-formula,0.1003986264162462,-0.1012191462487588,0.0,125.83387057683433,25.210458622212403,125.83366400685338,41.519100189208984,0.010122206062078476,0.00014636880661313855,0.00024379636878946333,8.813510010415747,-11.957037325140204,0.0,0.0,-0.0,2946.275390625,True,0.0,263,4.4215172934241037e-07,0.00014672960172907044,0.00023887663152444313,True,264,magic-formula,0.10097811103888964,-0.10184773025683869,0.0,125.78310389739146,25.20264698969982,125.78289732741051,41.51903533935547,0.010208938270807266,-0.0002555708033570133,0.00024588572402083,-15.196674378583973,-14.343347091501851,3.4169417548982377,11.605049999999999,11.605049999999999,2920.07568359375,True,0.0,263,3.7338578895317626e-06,-0.0002552699927160617,0.00024093604697165977,True,264,magic-formula,-0.09634374162833145,-0.12246042393475844,0.09670875,125.7836029815057,25.203077136218585,125.78339641152475,41.519100189208984,0.010208938270807266,-0.0002531655374082036,0.0002458853399649986,-15.143201803706175,-14.467625274161398,3.4169417548982377,11.605049999999999,11.605049999999999,2939.7822265625,True,0.0,263,4.215652117171848e-06,-0.00025266657572983346,0.00024139452337615172,True,264,magic-formula,-0.0957845726984031,-0.12322650427066541,0.09670875
0.250000000000,30,held_throttle,0.0,0.15,0.0,1,0.0027027588803321123,10.392745971679688,0.4187486171722412,0.0044785733334720135,41.482208251953125,-0.0036453779321163893,0.012265779078006744,asphalt,0.0,0.15,0.0,8441.693532542282,2,-0.7388164401054382,-0.0366305373609066,722.9394667976874,157.31672281154434,-0.0,6020.922573018416,5751.077426981584,-5.961980787105858e-05,0.011262896133201203,False,-0.0,True,0,0,0.004609500057995319,41.482208251953125,0.09835053235292435,False,True,-0.8374728560447693,11.492652893066406,3.725290298461914e-09,0.0,0.0,1.0,2887.73779296875,2887.73779296875,0.3388584554195404,0.06114155054092407,0.0,asphalt,True,0.8425271511077881,11.49278450012207,1.4901161193847656e-08,0.0,0.0,1.0,2901.2880859375,2901.2880859375,0.3384988009929657,0.06150120496749878,0.0,asphalt,True,-0.8373008966445923,9.29265308380127,-1.862645149230957e-08,0.0,0.0,1.0,2879.116455078125,2879.116455078125,0.338998407125473,0.061001598834991455,0.0,asphalt,True,0.8426991701126099,9.292784690856934,-7.450580596923828e-09,0.0,0.0,1.0,2892.666748046875,2892.666748046875,0.3386387526988983,0.06136125326156616,0.0,asphalt,270,125.72268575306823,31.498854395531378,125.72245320748205,41.48223876953125,0.008400971069931984,0.00015060732416058472,0.00020251970974260382,8.887890356107286,-9.795232742558547,0.0,0.0,-0.0,2890.57958984375,True,0.0,269,5.610619020370329e-07,0.0001508187588950852,0.00019945856458350255,True,270,magic-formula,0.10125798354131282,-0.08358987775109608,0.0,125.72237468345192,31.499245368112025,125.72214213786573,41.48213577270508,0.008400971069931984,0.0001506159872841074,0.0002025202125828357,8.942720154145093,-9.860452095405238,0.0,0.0,-0.0,2905.024658203125,True,0.0,269,4.488314378039774e-07,0.00015099460751318155,0.00019978821791165734,True,270,magic-formula,0.10165767397000645,-0.08395593744406428,0.0,125.6633352303587,31.488666352066883,125.66310268477251,41.48223876953125,0.008270086720585823,-0.0003215386610877018,0.0001993645197638659,-18.86821071323038,-11.553286865347944,2.2525868358573238,11.605049999999999,11.605049999999999,2882.262939453125,True,0.0,269,6.9421082305637e-06,-0.00032110224817876755,0.00019661574412826235,True,270,magic-formula,-0.12827343419482995,-0.09863872471659943,0.09670875,125.66329937796189,31.489107008244645,125.6630668323757,41.48213577270508,0.008270086720585823,-0.00031934175352581065,0.00019936501477001397,-18.83553290853968,-11.629137885644685,2.2525868358573238,11.605049999999999,11.605049999999999,2896.710693359375,True,0.0,269,7.46753219675129e-06,-0.00031894730586215665,0.00019691947098540892,True,270,magic-formula,-0.12782769142954165,-0.09905552970964969,0.09670875
0.300000000000,36,held_throttle,0.0,0.15,0.0,1,0.002884936984628439,12.465746879577637,0.4193807542324066,0.004189247265458107,41.44259262084961,-0.0054471236653625965,0.009532737545669079,asphalt,0.0,0.15,0.0,8698.718914866957,2,-0.9507549405097961,-0.028905656188726425,721.621007393212,156.84284278903328,-0.0,6031.996110774731,5740.003889225269,-0.0001271634391741827,0.00871627704719481,False,-0.0,True,0,0,0.003007021266967058,41.44259262084961,0.08878560364246368,False,True,-0.8372651934623718,13.565645217895508,1.862645149230957e-08,0.0,0.0,1.0,2891.306396484375,2891.306396484375,0.33941593766212463,0.060584068298339844,0.0,asphalt,True,0.8427347540855408,13.565768241882324,-1.1175870895385742e-08,0.0,0.0,1.0,2900.0595703125,2900.0595703125,0.33913639187812805,0.060863614082336426,0.0,asphalt,True,-0.8371044397354126,11.365645408630371,1.1175870895385742e-08,0.0,0.0,1.0,2871.802978515625,2871.802978515625,0.3396250903606415,0.060374915599823,0.0,asphalt,True,0.8428955078125,11.365768432617188,-1.862645149230957e-08,0.0,0.0,1.0,2880.555908203125,2880.555908203125,0.3393455445766449,0.06065446138381958,0.0,asphalt,276,125.60774193117308,37.78204520170169,125.60636754608626,41.44257736206055,0.006693635601550341,0.00019249466935611066,0.00016151590874441304,11.36009360763279,-7.863802707265755,0.0,0.0,-0.0,2887.37353515625,True,0.0,275,1.1177092320818534e-06,0.00019298376439332745,0.00016030709342492195,True,276,magic-formula,0.11554726510494316,-0.06709585891699872,0.0,125.60708555143856,37.782411265172115,125.60571116635174,41.44236373901367,0.006693635601550341,0.0001924236998467095,0.0001615167413108217,11.405354567085999,-7.900528904164299,0.0,0.0,-0.0,2896.833984375,True,0.0,275,9.95867695951428e-07,0.0001931199009078453,0.00016052980068754875,True,276,magic-formula,0.11582653926270667,-0.06725754516229877,0.0,125.22440329303501,37.76533187719061,125.22302890794819,41.44257736206055,0.006414439529180527,-0.002859963904356458,0.00015477897095826344,-167.30337001026166,-9.000518345306306,1.4849967652518055,77.36699999999999,77.36699999999999,2873.02197265625,True,0.0,275,1.81927040704379e-12,-0.002859109192376334,0.0001538131869830236,True,276,magic-formula,-1.2129464949884938,-0.0771914047432668,0.6447249999999999,125.22454846593814,37.76576412169141,125.22317408085132,41.44236373901367,0.006414439529180527,-0.0028536679519260526,0.0001547797687977653,-167.6087206962642,-8.953223072485308,1.4849967652518055,77.36699999999999,77.36699999999999,2882.482666015625,True,0.0,275,5.2297984743603835e-12,-0.0028549180265580757,0.00015250231396730384,True,276,magic-formula,-1.2144615516500545,-0.0767227622619852,0.6447249999999999
0.350000000000,42,held_throttle,0.0,0.15,0.0,1,0.002997862407937646,14.536370277404785,0.41955259442329407,0.003756139660254121,41.390560150146484,-0.015063628554344177,0.006868596654385328,asphalt,0.0,0.15,0.0,8840.610716888747,2,-1.0564852952957153,-0.021794108673930168,719.841099028279,157.76366192023445,-0.0,6057.242201429042,5714.757798570958,-0.0001643090508878231,0.006523140640727585,False,-0.0,True,0,0,0.001773057272657752,41.390560150146484,0.08091512322425842,False,True,-0.8371244668960571,15.636205673217773,-3.725290298461914e-09,0.0,0.0,1.0,2938.21533203125,2938.21533203125,0.3393641412258148,0.06063586473464966,0.0,asphalt,True,0.8428754806518555,15.63631534576416,7.450580596923828e-09,0.0,0.0,1.0,2940.838134765625,2940.838134765625,0.3391627371311188,0.0608372688293457,0.0,asphalt,True,-0.8369802832603455,13.436205863952637,3.725290298461914e-09,0.0,0.0,1.0,2871.01513671875,2871.01513671875,0.3399425446987152,0.06005746126174927,0.0,asphalt,True,0.8430196642875671,13.436314582824707,1.1175870895385742e-08,0.0,0.0,1.0,2877.0,2877.0,0.33974114060401917,0.06025886535644531,0.0,asphalt,282,125.45547708072239,44.058451201216464,125.45177919226238,41.39036560058594,0.005045474972575903,0.00024019686485481307,0.0001218997434396501,14.420171579078094,-6.080230414225905,0.0,0.0,-0.0,2928.81591796875,True,0.0,281,2.285014547906179e-06,0.00024150207548869642,0.00012219452922255017,True,282,magic-formula,0.14536010172599428,-0.051894949607609,0.0,125.4546402385511,44.05877855889356,125.45094235009108,41.39009094238281,0.00504547543823719,0.00024016222512984593,0.00012190056359792157,14.445156710641783,-6.091226278419706,0.0,0.0,-0.0,2931.343505859375,True,0.0,281,2.182548231829095e-06,0.00024171192076552917,0.00012230996043197958,True,282,magic-formula,0.14543550625299803,-0.05186614303980015,0.0,124.9610905417186,44.018252760799136,124.9573926532586,41.39036560058594,0.004684727638959885,-0.0037014826903733404,0.0001131840115683542,-216.16620353720072,-6.640824024123514,0.9789702033702206,77.36699999999999,77.36699999999999,2870.5556640625,True,0.0,281,2.597755734361636e-11,-0.0036997501879376454,0.00011365971841794454,True,282,magic-formula,-1.7722478123956105,-0.05721743049328412,0.6447249999999999,124.96132385165959,44.018700779289304,124.95762596319958,41.39009094238281,0.004684727638959885,-0.0036930112462891145,0.00011318476263983694,-216.29614029197285,-6.5433120908486675,0.9789702033702206,77.36699999999999,77.36699999999999,2876.746337890625,True,0.0,281,4.608846397182847e-12,-0.0036939885704411054,0.00011174919692593928,True,282,magic-formula,-1.77192893947654,-0.05628740355803794,0.6447249999999999
0.400000000000,48,held_throttle,0.0,0.15,0.0,1,0.0030589131638407707,16.604354858398438,0.41942042112350464,0.003259931458160281,41.33761978149414,-0.02817760594189167,0.0051069059409201145,asphalt,0.0,0.15,0.0,8921.18764580789,2,-1.0597010850906372,-0.01576872542500496,718.0021775745834,159.14058518093782,-0.0,6077.430861540759,5694.569138459241,-0.00017726593068800867,0.004715883716919999,False,-0.0,True,0,0,0.0008676910074427724,41.33761978149414,0.07731332629919052,False,True,-0.8370409607887268,17.7041015625,3.725290298461914e-09,0.0,0.0,1.0,2979.987060546875,2979.987060546875,0.338954359292984,0.06104564666748047,0.0,asphalt,True,0.8429590463638306,17.70419692993164,2.9802322387695312e-08,0.0,0.0,1.0,2982.597900390625,2982.597900390625,0.3388045132160187,0.0611954927444458,0.0,asphalt,True,-0.836915910243988,15.50409984588623,1.862645149230957e-08,0.0,0.0,1.0,2877.185546875,2877.185546875,0.3400362432003021,0.059963762760162354,0.0,asphalt,True,0.8430840969085693,15.504197120666504,-2.9802322387695312e-08,0.0,0.0,1.0,2881.977294921875,2881.977294921875,0.33988651633262634,0.060113489627838135,0.0,asphalt,288,125.29464861994715,50.32686197189981,125.291145614694,41.33745574951172,0.0036703520454466343,0.00023654806261172556,8.878998402906589e-05,14.474212160840013,-4.5146272671904875,0.0,0.0,-0.0,2974.696044921875,True,0.0,287,2.2832834658006565e-06,0.00023866818589943212,8.93311211608118e-05,True,288,magic-formula,0.14624839706971007,-0.03854377312928449,0.0,125.29372922757979,50.32714515231164,125.29022622232664,41.337158203125,0.0036703520454466343,0.00023640817127076254,8.879062314263669e-05,14.489868215010791,-4.52106806144007,0.0,0.0,-0.0,2977.35498046875,True,0.0,287,2.2020245579312084e-06,0.00023871297005487863,8.937867415518315e-05,True,288,magic-formula,0.14629000031063383,-0.03850301011563126,0.0,124.79798213312803,50.26185342818974,124.79447912787488,41.33745574951172,0.0032811658456921577,-0.00372837763681878,7.93751279392665e-05,-218.08779037343626,-4.685326861330686,0.6453769338172408,77.36699999999999,77.36699999999999,2875.864013671875,True,0.0,287,1.364247907338561e-11,-0.003725832205312267,8.00445620783601e-05,True,288,magic-formula,-1.7911901707503122,-0.0405443767886121,0.6447249999999999,124.7979389819339,50.26230470741316,124.79443597668075,41.337158203125,0.003281166311353445,-0.0037215509186884718,7.937571054931386e-05,-218.2387979409359,-4.575175516635405,0.6453769338172408,77.36699999999999,77.36699999999999,2880.853515625,True,0.0,287,4.8347937412747575e-12,-0.0037219415772988583,7.802707907535113e-05,True,288,magic-formula,-1.7909717838893278,-0.03954663857133114,0.6447249999999999
0.450000000000,54,held_throttle,0.0,0.15,0.0,1,0.003082660026848316,18.669689178466797,0.41917845606803894,0.0027519064024090767,41.28460693359375,-0.03912140801548958,0.0039465539157390594,asphalt,0.0,0.15,0.0,8965.489053397427,2,-1.0606440305709839,-0.010921292006969452,716.16243235303,160.0515955498216,-0.0,6092.010097864527,5679.989902135473,-0.0001761804160196334,0.003267096413613813,False,-0.0,True,0,0,0.00022756466933060437,41.28460693359375,0.07683110237121582,False,True,-0.8369989395141602,19.769363403320312,1.862645149230957e-08,0.0,0.0,1.0,2999.65771484375,2999.65771484375,0.3384852707386017,0.06151473522186279,0.0,asphalt,True,0.8430010676383972,19.76944351196289,2.2351741790771484e-08,0.0,0.0,1.0,3002.29345703125,3002.29345703125,0.33836957812309265,0.061630427837371826,0.0,asphalt,True,-0.8368934392929077,17.56936264038086,3.3527612686157227e-08,0.0,0.0,1.0,2889.33056640625,2889.33056640625,0.3399874269962311,0.0600125789642334,0.0,asphalt,True,0.8431065082550049,17.56944465637207,-7.450580596923828e-09,0.0,0.0,1.0,2891.963134765625,2891.963134765625,0.3398717939853668,0.060128211975097656,0.0,asphalt,294,125.13398326766897,56.58727073854953,125.13173177345875,41.28455352783203,0.0025695960503071547,0.0002340088404302137,6.224110054276577e-05,14.435650361742908,-3.2109223396713205,0.0,0.0,-0.0,2997.619384765625,True,0.0,293,2.246919770530557e-06,0.0002362119448974596,6.304876575686587e-05,True,294,magic-formula,0.1459673375274556,-0.02742001136146446,0.0,125.13305479842731,56.58750755164184,125.1308033042171,41.28425979614258,0.0025695962831377983,0.00023370377441858672,6.224154901911735e-05,14.44837849596812,-3.2133453863813535,0.0,0.0,-0.0,3000.27587890625,True,0.0,293,2.184407331472919e-06,0.000236210887247775,6.304047714961864e-05,True,294,magic-formula,0.14596472645632302,-0.02736862821930596,0.0,124.6384276739218,56.49745145515852,124.63617617971158,41.28455352783203,0.0021827835589647293,-0.003727117827109446,5.287167646028375e-05,-218.89780191475649,-3.159970247064276,0.42545869656650787,77.36699999999999,77.36699999999999,2887.620849609375,True,0.0,293,8.895996392940255e-12,-0.0037244384120992883,5.3765339144430066e-05,True,294,magic-formula,-1.798340987596312,-0.027534301250611164,0.6447249999999999,124.63798837800756,56.49788884421494,124.63573688379735,41.28425979614258,0.0021827840246260166,-0.003723540936888661,5.287206391419928e-05,-219.05843920148735,-3.039647412283053,0.42545869656650787,77.36699999999999,77.36699999999999,2890.280029296875,True,0.0,293,9.067618161728044e-12,-0.0037237400096257734,5.167048900494389e-05,True,294,magic-formula,-1.7982343445413413,-0.026481917875730926,0.6447249999999999
0.500000000000,60,held_throttle,0.0,0.15,0.0,1,0.00308071356266737,20.732372283935547,0.41895273327827454,0.002260100096464157,41.231571197509766,-0.04634347930550575,0.003125836607068777,asphalt,0.0,0.15,0.0,8987.853598485799,2,-1.060202717781067,-0.007227384950965643,714.3238578189994,160.43917107330955,-0.0,6102.500225383211,5669.499774616789,-0.00016779234283603728,0.002130779411053554,False,-0.0,True,0,0,-0.00020431318262126297,41.231571197509766,0.07796270400285721,False,True,-0.8369854688644409,21.831998825073242,-3.725290298461914e-09,0.0,0.0,1.0,3004.74755859375,3004.74755859375,0.33810898661613464,0.061891019344329834,0.0,asphalt,True,0.8430145382881165,21.83206558227539,-3.725290298461914e-08,0.0,0.0,1.0,3006.7666015625,3006.7666015625,0.3380173146724701,0.061982691287994385,0.0,asphalt,True,-0.8368987441062927,19.63199806213379,-3.725290298461914e-09,0.0,0.0,1.0,2896.2421875,2896.2421875,0.33988842368125916,0.06011158227920532,0.0,asphalt,True,0.8431012034416199,19.63206672668457,-2.2351741790771484e-08,0.0,0.0,1.0,2898.25830078125,2898.25830078125,0.3397968113422394,0.0602031946182251,0.0,asphalt,300,124.97346993199186,62.83971575515566,124.9725008531344,41.231624603271484,0.0017400102224200964,0.00023332755811587827,4.220086494600801e-05,14.421332257328517,-2.199891185369349,0.0,0.0,-0.0,3004.578125,True,0.0,299,2.2284217261976856e-06,0.00023543106968453145,4.309638871314044e-05,True,300,magic-formula,0.14585812268137333,-0.018791089738629214,0.0,124.9725792850499,62.839906970643675,124.97161020619245,41.231346130371094,0.0017400103388354182,0.00023295464729695966,4.220115279041965e-05,14.42874817888952,-2.198820726723254,0.0,0.0,-0.0,3006.732666015625,True,0.0,299,2.175345601651441e-06,0.0002353833461249704,4.304455110202412e-05,True,300,magic-formula,0.14580690110354125,-0.018728724749636765,0.0,124.47903850058769,62.72515033149233,124.47806942173024,41.231624603271484,0.001371609279885888,-0.0037238866902508418,3.326595283541428e-05,-219.29799949379367,-2.016395804551004,0.280479659248764,77.36699999999999,77.36699999999999,2895.423583984375,True,0.0,299,2.6204825129692253e-11,-0.0037211808781152035,3.421542159527175e-05,True,300,magic-formula,-1.801564709798966,-0.017776233941307555,0.6447249999999999,124.47855182980467,62.72556378752534,124.47758275094722,41.231346130371094,0.0013716097455471754,-0.003721053056342829,3.326618880461159e-05,-219.46535911637974,-1.8910068373298112,0.280479659248764,77.36699999999999,77.36699999999999,2897.57763671875,True,0.0,299,6.8221987274643954e-12,-0.003721252482029125,3.206389342203327e-05,True,300,magic-formula,-1.8015030399639547,-0.016705366176557056,0.6447249999999999
0.550000000000,66,held_throttle,0.0,0.15,0.0,1,0.003061950206756592,22.79240608215332,0.41879403591156006,0.0018007965991273522,41.17859649658203,-0.050181929022073746,0.002395505318418145,asphalt,0.0,0.15,0.0,8996.903467387885,2,-1.0588312149047852,-0.004398836754262447,712.4894940689337,160.47061817766735,-0.0,6109.945483252252,5662.054516747748,-0.00015465353499166667,0.0012529029974841022,False,-0.0,True,0,0,-0.0004782432224601507,41.17859649658203,0.07942080497741699,False,True,-0.8369900584220886,23.89201545715332,1.4901161193847656e-08,0.0,0.0,1.0,3002.418212890625,3002.418212890625,0.33786579966545105,0.06213420629501343,0.0,asphalt,True,0.843009889125824,23.892065048217773,-1.4901161193847656e-08,0.0,0.0,1.0,3003.60400390625,3003.60400390625,0.3377956449985504,0.06220436096191406,0.0,asphalt,True,-0.8369210362434387,21.6920108795166,1.1175870895385742e-08,0.0,0.0,1.0,2899.21875,2899.21875,0.3397926986217499,0.0602073073387146,0.0,asphalt,True,0.8430789113044739,21.692066192626953,-3.725290298461914e-08,0.0,0.0,1.0,2900.407470703125,2900.407470703125,0.33972248435020447,0.06027752161026001,0.0,asphalt,306,124.81313704856527,69.08419878159869,124.81318203211501,41.17873001098633,0.0011009228182956576,0.00023325670892831163,2.673523000198482e-05,14.409524794433075,-1.4153182995923648,0.0,0.0,-0.0,3003.084716796875,True,0.0,305,2.209691427818061e-06,0.00023535527047772114,2.7740205828651024e-05,True,306,magic-formula,0.14568958893195558,-0.012094811011300938,0.0,124.81231962808364,69.08434724775509,124.81236461163338,41.178470611572266,0.0011009222362190485,0.00023300684927926035,2.6735384282274764e-05,14.410153736475527,-1.4115666759828787,0.0,0.0,-0.0,3004.407470703125,True,0.0,305,2.179184499062044e-06,0.00023526191770737636,2.765449281102784e-05,True,306,magic-formula,0.1456136977429884,-0.012024383306808438,0.0,124.31932301008553,68.94492905114751,124.31936799363527,41.17873001098633,0.0007613481138832867,-0.0037240929386891906,1.8488868248083642e-05,-219.57788797339202,-1.1519816964485599,0.18490358732156087,77.36699999999999,77.36699999999999,2898.902587890625,True,0.0,305,2.2339506438518192e-11,-0.0037214592361806175,1.9524064846342263e-05,True,306,magic-formula,-1.8037902929107523,-0.010397418202433962,0.6447249999999999,124.31877136089527,68.94531558116388,124.31881634444501,41.178470611572266,0.0007613485213369131,-0.0037222378636314023,1.8488994611572576e-05,-219.74697528962264,-1.0229479717020504,0.18490358732156087,77.36699999999999,77.36699999999999,2900.23095703125,True,0.0,305,7.276604613556507e-12,-0.003722622962290011,1.732924698183299e-05,True,306,magic-formula,-1.803744637211861,-0.009314183929866686,0.6447249999999999
0.600000000000,72,held_throttle,0.0,0.15,0.0,1,0.0030331462621688843,24.849790573120117,0.41870400309562683,0.0013838943559676409,41.12569808959961,-0.05153888463973999,0.001733472221530974,asphalt,0.0,0.15,0.0,8997.86292159997,2,-1.057451844215393,-0.002246563322842121,710.660124826747,160.35575677454977,-0.0,6115.1803284051875,5656.8196715948125,-0.00013886645319871604,0.000591158195788473,False,-0.0,True,0,0,-0.0006314505008049309,41.12569808959961,0.08061160147190094,False,True,-0.8370059728622437,25.94939422607422,-3.725290298461914e-08,0.0,0.0,1.0,2997.53076171875,2997.53076171875,0.3377401530742645,0.06225985288619995,0.0,asphalt,True,0.842993974685669,25.94943618774414,-1.4901161193847656e-08,0.0,0.0,1.0,2998.0244140625,2998.0244140625,0.3376893103122711,0.06231069564819336,0.0,asphalt,True,-0.8369529247283936,23.7493953704834,0.0,0.0,0.0,1.0,2900.18798828125,2900.18798828125,0.33971908688545227,0.06028091907501221,0.0,asphalt,True,0.8430470824241638,23.749433517456055,2.2351741790771484e-08,0.0,0.0,1.0,2900.68505859375,2900.68505859375,0.3396681845188141,0.06033182144165039,0.0,asphalt,312,124.65298170429637,75.32071320355317,124.65368953459878,41.125877380371094,0.0006108386442065239,0.00023358971670942665,1.4852902432013556e-05,14.395779392370974,-0.8103364853352244,0.0,0.0,-0.0,2998.380615234375,True,0.0,311,2.2089330234227022e-06,0.0002354996464173096,1.5907493685110094e-05,True,312,magic-formula,0.14553516821610382,-0.00693211512055952,0.0,124.65224561736758,75.3208229165699,124.65295344767,41.12564468383789,0.0006108387606218457,0.00023334272245917944,1.4852989303216492e-05,14.399571523267136,-0.8047995135294812,0.0,0.0,-0.0,2998.982421875,True,0.0,311,2.183725178813809e-06,0.00023551441197275748,1.579562828083103e-05,True,312,magic-formula,0.14546717489888902,-0.006857877750968601,0.0,124.15955067470493,75.15676289443263,124.16025850500735,41.125877380371094,0.0003059080336242914,-0.0037257723720101896,7.438334525712902e-06,-219.77794887476824,-0.5020523965137279,0.12189595743218856,77.36699999999999,77.36699999999999,2900.10791015625,True,0.0,311,1.5831005252330794e-11,-0.0037233078034960743,8.505382888634993e-06,True,312,magic-formula,-1.8054061999389972,-0.00484805558991795,0.6447249999999999,124.15895649491571,75.1571197508706,124.15966432521813,41.12564468383789,0.0003059075679630041,-0.003724903079170647,7.438365290297368e-06,-219.94517006056276,-0.3706195990104834,0.12189595743218856,77.36699999999999,77.36699999999999,2900.703857421875,True,0.0,311,1.676900683954618e-11,-0.0037253820623637042,6.277471815887423e-06,True,312,magic-formula,-1.8053809355450001,-0.003758439146812769,0.6447249999999999
0.650000000000,78,held_throttle,0.0,0.15,0.0,1,0.0029994326177984476,26.90453338623047,0.4186647832393646,0.001014429028145969,41.0728645324707,-0.05139404907822609,0.0011596201220527291,asphalt,0.0,0.15,0.0,8993.906618838168,2,-1.0560709238052368,-0.0006523047923110425,708.8353450003266,160.2154775367397,-0.0,6118.848285447098,5653.151714552902,-0.00012191091809654608,0.0001082769069530808,False,-0.0,True,0,0,-0.0006941388710401952,41.0728645324707,0.081378273665905,False,True,-0.8370285034179688,28.00414276123047,-1.4901161193847656e-08,0.0,0.0,1.0,2992.83056640625,2992.83056640625,0.33769527077674866,0.06230473518371582,0.0,asphalt,True,0.8429715037345886,28.004173278808594,-2.2351741790771484e-08,0.0,0.0,1.0,2992.8154296875,2992.8154296875,0.3376612365245819,0.06233876943588257,0.0,asphalt,True,-0.8369895815849304,25.804141998291016,3.725290298461914e-09,0.0,0.0,1.0,2900.326904296875,2900.326904296875,0.3396686613559723,0.06033134460449219,0.0,asphalt,True,0.843010425567627,25.80417251586914,-3.725290298461914e-09,0.0,0.0,1.0,2900.311767578125,2900.311767578125,0.33963462710380554,0.060365378856658936,0.0,asphalt,318,124.49294378774384,81.54924964843597,124.49399907075012,41.07305908203125,0.00024384044809266925,0.0002340309716162572,5.936749137745148e-06,14.39365375079258,-0.3551163439271902,0.0,0.0,-0.0,2993.536865234375,True,0.0,317,2.1995330819323888e-06,0.00023584587240017767,6.982471690777572e-06,True,318,magic-formula,0.1454571263828922,-0.003048217642119764,0.0,124.4923004416222,81.54932504480257,124.49335572462849,41.07285690307617,0.00024384050630033016,0.00023378560400157667,5.9367797782579586e-06,14.395526999134288,-0.34842539208643347,0.0,0.0,-0.0,2993.59521484375,True,0.0,317,2.201472087321502e-06,0.0002358719690395089,6.850777105172995e-06,True,318,magic-formula,0.14537512564340022,-0.002972746853298198,0.0,123.9998572401913,81.3606362963335,124.00091252319758,41.07305908203125,-2.3875152692198753e-05,-0.003727654968731123,-5.812849888904679e-07,-219.91063514447174,-0.027395060462118054,0.08035876779648245,77.36699999999999,77.36699999999999,2900.33447265625,True,0.0,317,2.2765904400480108e-11,-0.003725271120296013,4.6407045076068947e-07,True,318,magic-formula,-1.8065471406338833,-0.0007944839030536055,0.6447249999999999,123.99925732644834,81.36096231517594,124.00031260945462,41.07285690307617,-2.387509448453784e-05,-0.0037275708799489014,-5.812864330542104e-07,-220.08365797344638,0.1055877042390797,0.08035876779648245,77.36699999999999,77.36699999999999,2900.38720703125,True,0.0,317,1.0260481215898025e-11,-0.00372814386457147,-1.7886205425596333e-06,True,318,magic-formula,-1.8065626505606176,0.0002981017404133955,0.6447249999999999
0.700000000000,84,held_throttle,0.0,0.15,0.0,1,0.002964572748169303,28.95663833618164,0.4186561107635498,0.0006939951563253999,41.02009963989258,-0.05053602159023285,0.0006569133256562054,asphalt,0.0,0.15,0.0,8986.964866611532,2,-1.0551505088806152,0.0004409993125591427,707.0154088951426,160.12025688604314,-0.0,6121.3822386216325,5650.6177613783675,-0.0001047931655193679,-0.00022999258129773444,False,-0.0,True,0,0,-0.0006921663880348206,41.02009963989258,0.08180705457925797,False,True,-0.8370535373687744,30.056259155273438,1.1175870895385742e-08,0.0,0.0,1.0,2989.927978515625,2989.927978515625,0.3376956284046173,0.06230437755584717,0.0,asphalt,True,0.8429464101791382,30.0562801361084,-7.450580596923828e-09,0.0,0.0,1.0,2990.044677734375,2990.044677734375,0.33767643570899963,0.062323570251464844,0.0,asphalt,True,-0.8370268940925598,27.856258392333984,2.2351741790771484e-08,0.0,0.0,1.0,2900.297119140625,2900.297119140625,0.3396361172199249,0.06036388874053955,0.0,asphalt,True,0.8429731130599976,27.856277465820312,2.9802322387695312e-08,0.0,0.0,1.0,2899.6845703125,2899.6845703125,0.3396168053150177,0.06038320064544678,0.0,asphalt,324,124.33303322353945,87.76979998212475,124.33422994592306,41.020294189453125,-1.0847463272511959e-05,0.00023419564644093797,-2.6444138168323365e-07,14.38787593120266,-0.03532872992629361,0.0,0.0,-0.0,2990.257080078125,True,0.0,323,2.1991288334539395e-06,0.00023600977923464843,6.954128542765955e-07,True,324,magic-formula,0.14536001210429528,-0.00032086838753563003,0.0,124.332477111095,87.7698454747925,124.33367383347861,41.020118713378906,-1.0847346857190132e-05,0.00023400062173185057,-2.644396749064494e-07,14.388359542173665,-0.027930235166859975,0.0,0.0,-0.0,2990.479736328125,True,0.0,323,2.1988508292013927e-06,0.00023600013925728636,5.49739245003095e-07,True,324,magic-formula,0.14527196081227448,-0.0002453996711913407,0.0,123.84034510980938,87.55654174765742,123.84154183219299,41.020294189453125,-0.0002409798325970769,-0.0037293809378714615,-5.874649057399103e-06,-220.0099767691053,0.29066148440767514,0.05297576472428421,77.36699999999999,77.36699999999999,2900.3125,True,0.0,323,2.4897549552710075e-11,-0.003726987901330189,-4.9238305083684054e-06,True,324,magic-formula,-1.807421473128391,0.001922511795945696,0.6447249999999999,123.83974838766805,87.5568372092304,123.84094511005166,41.020118713378906,-0.00024097994901239872,-0.0037299196162137657,-5.8746770260084535e-06,-220.18267032940173,0.4246053892883736,0.05297576472428421,77.36699999999999,77.36699999999999,2899.798583984375,True,0.0,323,1.7223672988223508e-11,-0.003730586346639257,-7.194149592208693e-06,True,324,magic-formula,-1.8074061701248838,0.003016436823533209,0.6447249999999999
0.750000000000,90,held_throttle,0.0,0.15,0.0,1,0.0029311594553291798,31.006105422973633,0.4186640977859497,0.00042161293094977736,40.967376708984375,-0.04941495135426521,0.00020933263294864446,asphalt,0.0,0.15,0.0,8978.212743046222,2,-1.0537734031677246,0.0012124008499085903,705.1991251559334,160.0491898148148,-0.0,6123.148050151567,5648.851949848433,-8.835103653836995e-05,-0.00045455613358175417,False,-0.0,True,0,0,-0.0006460285512730479,40.967376708984375,0.08201110363006592,False,True,-0.8370784521102905,32.10573959350586,-1.1175870895385742e-08,0.0,0.0,1.0,2987.946044921875,2987.946044921875,0.3377186357975006,0.06228137016296387,0.0,asphalt,True,0.8429214954376221,32.105751037597656,1.1175870895385742e-08,0.0,0.0,1.0,2987.59814453125,2987.59814453125,0.3377123773097992,0.06228762865066528,0.0,asphalt,True,-0.8370622396469116,29.905736923217773,1.1175870895385742e-08,0.0,0.0,1.0,2900.115478515625,2900.115478515625,0.33961591124534607,0.06038409471511841,0.0,asphalt,True,0.8429376482963562,29.905750274658203,-1.862645149230957e-08,0.0,0.0,1.0,2899.164306640625,2899.164306640625,0.33960989117622375,0.06039011478424072,0.0,asphalt,330,124.17319818055324,93.9823610944332,124.17442298615418,40.967559814453125,-0.00019662169506773353,0.00023422398534122553,-4.799448538227478e-06,14.374348998653552,0.1965834766628715,0.0,0.0,-0.0,2988.26171875,True,0.0,329,2.1975552102824777e-06,0.00023594533463975158,-3.872143912180789e-06,True,330,magic-formula,0.14523219798729362,0.0016564376062130903,0.0,124.17272989676435,93.98238110716615,124.1739547023653,40.967411041259766,-0.00019662181148305535,0.00023408422521052448,-4.799468809086341e-06,14.376019867470495,0.2044723570054146,0.0,0.0,-0.0,2987.968505859375,True,0.0,329,2.210110350724066e-06,0.00023599591761714223,-4.027928292037643e-06,True,330,magic-formula,0.14516068708074759,0.0017317370107622306,0.0,123.68097284352764,93.74447987294018,123.68219764912858,40.967559814453125,-0.0003906614729203284,-0.0037307268673365743,-9.535873619952924e-06,-220.08216144683945,0.509020096331377,0.03492377652218755,77.36699999999999,77.36699999999999,2900.154052734375,True,0.0,329,2.944502060691344e-11,-0.003728419177190158,-8.623326289661121e-06,True,330,magic-formula,-1.8080302208967083,0.003788281382731986,0.6447249999999999,123.68038387862121,93.74474460508895,123.68160868422216,40.967411041259766,-0.00039066141471266747,-0.0037318531346973837,-9.535906828658925e-06,-220.25363976837315,0.6435968364787362,0.03492377652218755,77.36699999999999,77.36699999999999,2899.23486328125,True,0.0,329,1.7905772532767666e-11,-0.003732520858344474,-1.0906692025397827e-05,True,330,magic-formula,-1.8080522448619445,0.004882868474723069,0.6447249999999999
0.800000000000,96,held_throttle,0.0,0.15,0.0,1,0.0029009960126131773,33.052940368652344,0.4186781942844391,0.00019444989447947592,40.914730072021484,-0.0483313649892807,-0.00011401830852264538,asphalt,0.0,0.15,0.0,8968.3649775742,2,-1.0523974895477295,0.001716237748041749,703.3878000431287,159.9942428272596,-0.0,6124.313389306259,5647.686610693741,-7.309429929591715e-05,-0.0005877630826347508,False,-0.0,True,0,0,-0.0005694119026884437,40.914730072021484,0.08203153312206268,False,True,-0.837101936340332,34.152587890625,-3.725290298461914e-09,0.0,0.0,1.0,2986.419189453125,2986.419189453125,0.33774879574775696,0.06225121021270752,0.0,asphalt,True,0.8428980708122253,34.152591705322266,-1.4901161193847656e-08,0.0,0.0,1.0,2985.824462890625,2985.824462890625,0.3377521336078644,0.0622478723526001,0.0,asphalt,True,-0.8370943665504456,31.95258331298828,-3.3527612686157227e-08,0.0,0.0,1.0,2899.91357421875,2899.91357421875,0.33960452675819397,0.06039547920227051,0.0,asphalt,True,0.842905580997467,31.95258903503418,4.0978193283081055e-08,0.0,0.0,1.0,2898.9248046875,2898.9248046875,0.3396078050136566,0.06039220094680786,0.0,asphalt,336,124.01355206443735,100.18693439150245,124.01471223974407,40.914894104003906,-0.0003200736828148365,0.00023409756936128,-7.822913631273091e-06,14.358849407557896,0.35463406505883,0.0,0.0,-0.0,2986.62646484375,True,0.0,335,2.2016746176193752e-06,0.00023581996486625052,-6.989122559608356e-06,True,336,magic-formula,0.14505699927857083,0.0030034023554018747,0.0,124.01316720450852,100.18693321515156,124.01432737981524,40.914772033691406,-0.00032007385743781924,0.00023397768875568997,-7.822941239113443e-06,14.360625673830366,0.36282006324277455,0.0,0.0,-0.0,2986.0595703125,True,0.0,335,2.2121162380778785e-06,0.00023589391317233512,-7.151809896855532e-06,True,336,magic-formula,0.14498372284691458,0.003078239688897744,0.0,123.52182246415045,99.924454076287,123.52298263945717,40.914894104003906,-0.00048061355482786894,-0.0037319585979159356,-1.1746665006245995e-05,-220.1383516901364,0.6452069847220443,0.023023172443466376,77.36699999999999,77.36699999999999,2899.9443359375,True,0.0,335,9.180672389382716e-12,-0.003729644888823408,-1.0931275328584492e-05,True,336,magic-formula,-1.8085412613361866,0.004952392259844087,0.6447249999999999,123.5212934725082,99.92468999042511,123.52245364781493,40.914772033691406,-0.000480613496620208,-0.0037332528124052757,-1.174669863007765e-05,-220.31403463681102,0.7802598476080823,0.023023172443466376,77.36699999999999,77.36699999999999,2898.946044921875,True,0.0,335,2.4698528377169866e-11,-0.0037339209930673206,-1.3223981076216223e-05,True,336,magic-formula,-1.8086022609067411,0.006048056249412162,0.6447249999999999
0.850000000000,102,held_throttle,0.0,0.15,0.0,1,0.002875234931707382,35.09736251831055,0.418694406747818,8.472577974316664e-06,40.87242889404297,-0.04311905428767204,-0.00031466345535591245,asphalt,0.0,0.15,0.0,8071.271966137062,3,-0.7338008284568787,0.0019906682427972555,701.8432459935793,160.11449639504755,-0.0,6114.402082420386,5657.597917579614,-5.934390355832875e-05,-0.0006510780041636415,False,-0.0,True,0,0,-0.0004747430793941021,40.87242889404297,0.08223869651556015,False,True,-0.8371226787567139,36.19704818725586,0.0,0.0,0.0,1.0,2971.978271484375,2971.978271484375,0.337862104177475,0.0621379017829895,0.0,asphalt,True,0.8428773283958435,36.197052001953125,1.1175870895385742e-08,0.0,0.0,1.0,2971.284423828125,2971.284423828125,0.3378712832927704,0.06212872266769409,0.0,asphalt,True,-0.8371223211288452,33.997047424316406,-1.4901161193847656e-08,0.0,0.0,1.0,2919.5322265625,2919.5322265625,0.339517742395401,0.06048226356506348,0.0,asphalt,True,0.8428776264190674,33.997047424316406,1.862645149230957e-08,0.0,0.0,1.0,2918.6044921875,2918.6044921875,0.3395269811153412,0.06047302484512329,0.0,asphalt,342,123.87565831946337,106.38390482055875,123.879307273907,40.872802734375,-0.0003897888818755746,0.00015082183348118867,-9.536632082632693e-06,9.210696944859063,0.44561680972321976,0.0,0.0,-0.0,2975.111083984375,True,0.0,341,4.888236040240289e-07,0.00015185514045378727,-8.816167366203036e-06,True,342,magic-formula,0.10580218879043654,0.0037878090455815945,0.0,123.87534563652028,106.38388635128548,123.87899459096391,40.872703552246094,-0.00038978870725259185,0.00015072425531451655,-9.536650951961676e-06,9.208878323234337,0.4512726529109933,0.0,0.0,-0.0,2974.425048828125,True,0.0,341,5.030687200871227e-07,0.00015186017463139287,-8.930122910873432e-06,True,342,magic-formula,0.10573875086704249,0.003841778212494645,0.0,123.81103983309431,106.11031175781376,123.81468878753795,40.872802734375,-0.0005201319581829011,-0.000370896744037653,-1.2725624947598243e-05,-21.965159732059835,0.714858964000431,0.015177810710844258,8.20845,8.20845,2915.914794921875,True,0.0,341,1.1320955541963822e-05,-0.00036949233293545256,-1.2025179213241763e-05,True,342,magic-formula,-0.1750834906712274,0.006043106223163882,0.06840374999999999,123.81069849620907,106.11052546510962,123.8143474506527,40.872703552246094,-0.0005201319581829011,-0.00037122693578861814,-1.2725655827732517e-05,-21.995152373673584,0.7299174403729659,0.015177810710844258,8.20845,8.20845,2914.97314453125,True,0.0,341,1.1316186704538372e-05,-0.00037011640604714554,-1.2282458088037238e-05,True,342,magic-formula,-0.17521445052893758,0.0061482655880551705,0.06840374999999999
0.900000000000,108,held_throttle,0.0,0.15,0.0,1,0.0028544780798256397,37.139930725097656,0.41872695088386536,-0.00013973530440125614,40.836360931396484,-0.03098818100988865,-0.00042193851550109684,asphalt,0.0,0.15,0.0,7390.538804702782,3,-0.7191491723060608,0.002077641198411584,700.6011035618617,160.09762306744818,-0.0,6096.633489522199,5675.366510477801,-4.659205296775326e-05,-0.0006626802497039113,False,-0.0,True,0,0,-0.00037206566776148975,40.836360931396484,0.08258645981550217,False,True,-0.8371397256851196,38.239707946777344,-4.470348358154297e-08,0.0,0.0,1.0,2953.504638671875,2953.504638671875,0.33812591433525085,0.06187409162521362,0.0,asphalt,True,0.8428601622581482,38.23970413208008,-1.862645149230957e-08,0.0,0.0,1.0,2952.7919921875,2952.7919921875,0.3381381928920746,0.06186181306838989,0.0,asphalt,True,-0.8371450901031494,36.03970718383789,2.60770320892334e-08,0.0,0.0,1.0,2936.15966796875,2936.15966796875,0.3393156826496124,0.06068432331085205,0.0,asphalt,True,0.8428547978401184,36.039703369140625,3.725290298461914e-09,0.0,0.0,1.0,2935.32861328125,2935.32861328125,0.3393280804157257,0.06067192554473877,0.0,asphalt,348,123.76553548646828,112.57501945919353,123.770406579205,40.83683395385742,-0.00041795341530814767,0.00014185126799142318,-1.0234716426983797e-05,8.573844182846774,0.4838912349285326,0.0,0.0,-0.0,2956.4072265625,True,0.0,347,3.853526989327379e-07,0.00014224970655868455,-9.633959204945321e-06,True,348,magic-formula,0.09890247752018974,0.004113997385290815,0.0,123.76529053747501,112.57498721741455,123.77016163021173,40.836753845214844,-0.0004179533862043172,0.00014183380427011712,-1.023473579153497e-05,8.571319835847738,0.4892575231540557,0.0,0.0,-0.0,2955.690185546875,True,0.0,347,3.8895364422232125e-07,0.00014224232389771727,-9.743161637962827e-06,True,348,magic-formula,0.09884502620869628,0.004164000506935159,0.0,123.71407745235848,112.2987142833842,123.7189485450952,40.83683395385742,-0.0005202855099923909,-0.0002739780119037649,-1.2740593713805612e-05,-16.347321799807844,0.7273582713663045,0.010005829498080014,8.20845,8.20845,2933.96728515625,True,0.0,347,4.876696902473804e-06,-0.00027329653072021676,-1.2160066983792335e-05,True,348,magic-formula,-0.10923528756782117,0.006173316722773823,0.06840374999999999,123.71381843437392,112.29891324332107,123.71868952711064,40.836753845214844,-0.00052028545178473,-0.00027410998224478223,-1.274061728139893e-05,-16.36810034904706,0.7391121833684604,0.010005829498080014,8.20845,8.20845,2933.117919921875,True,0.0,347,4.857198755278516e-06,-0.0002737231584292276,-1.23601496881134e-05,True,348,magic-formula,-0.10929071409932578,0.006238787884776453,0.06840374999999999
0.950000000000,114,held_throttle,0.0,0.15,0.0,1,0.002838884014636278,39.18069839477539,0.4187704026699066,-0.00025378045393154025,40.80044174194336,-0.017428984865546227,-0.0004654313961509615,asphalt,0.0,0.15,0.0,6975.538262627597,3,-0.7177722454071045,0.002027694135904312,699.3689528017134,159.96191306702343,-0.0,6083.590484061332,5688.409515938668,-3.530152389430441e-05,-0.0006377038508966074,False,-0.0,True,0,0,-0.00026932216132991016,40.80044174194336,0.08258027583360672,False,True,-0.8371527791023254,40.28057098388672,7.450580596923828e-09,0.0,0.0,1.0,2939.22119140625,2939.22119140625,0.3384290039539337,0.06157100200653076,0.0,asphalt,True,0.8428471684455872,40.28056716918945,-7.450580596923828e-09,0.0,0.0,1.0,2938.5283203125,2938.5283203125,0.3384426534175873,0.0615573525428772,0.0,asphalt,True,-0.8371625542640686,38.0805778503418,-1.862645149230957e-08,0.0,0.0,1.0,2945.234130859375,2945.234130859375,0.339098185300827,0.06090182065963745,0.0,asphalt,True,0.8428373336791992,38.080570220947266,-1.4901161193847656e-08,0.0,0.0,1.0,2944.50390625,2944.50390625,0.33911189436912537,0.06088811159133911,0.0,asphalt,354,123.6567327664492,118.76070715412138,123.66122423906599,40.80086898803711,-0.00041576370131224394,0.0001434485351977372,-1.0190069761008179e-05,8.591769461200641,0.4847652192835761,0.0,0.0,-0.0,2941.167236328125,True,0.0,353,3.946477982263956e-07,0.00014328573594808675,-9.701369617258003e-06,True,354,magic-formula,0.09897065328307904,0.004119368494066908,0.0,123.65654575555415,118.7606642426645,123.66103722817094,40.800811767578125,-0.0004157635848969221,0.00014333861267426355,-1.0190081198651861e-05,8.589350306761725,0.49012325897297315,0.0,0.0,-0.0,2940.468505859375,True,0.0,353,3.975810146600205e-07,0.00014327943019392135,-9.810928268098966e-06,True,354,magic-formula,0.09892056694633333,0.004169231268183341,0.0,123.60546728601065,118.48183677715288,123.60995875862744,40.80086898803711,-0.0004932929296046495,-0.000271189901784662,-1.2090255472873589e-05,-16.26489642532063,0.6975236557941381,0.006596249343992458,8.20845,8.20845,2944.151611328125,True,0.0,353,4.81921308416077e-06,-0.00027097787946982465,-1.162094795564868e-05,True,354,magic-formula,-0.10815384540304973,0.005920629474813537,0.06840374999999999,123.60526949307543,118.48202434426825,123.60976096569222,40.800811767578125,-0.0004932929296046495,-0.0002713876117541822,-1.2090272428662883e-05,-16.290317188180822,0.7092309473775773,0.006596249343992458,8.20845,8.20845,2943.410400390625,True,0.0,353,4.802505615929638e-06,-0.0002714697503731716,-1.1818971524055018e-05,True,354,magic-formula,-0.1082077207366128,0.005985986563651803,0.06840374999999999
1.000000000000,120,held_throttle,0.0,0.15,0.0,1,0.0028282892890274525,41.21968078613281,0.41880494356155396,-0.0003382681170478463,40.76457595825195,-0.006180487107485533,-0.0004674103402066976,asphalt,0.0,0.15,0.0,6721.617427037608,3,-0.7168567776679993,0.0018889018101617694,698.139846132988,159.84651410656642,-0.0,6074.170276679241,5697.829723320759,-2.5669916794868186e-05,-0.0005886607111480077,False,-0.0,True,0,0,-0.0001718923303997144,40.76457595825195,0.08218801766633987,False,True,-0.8371617794036865,42.319637298583984,0.0,0.0,0.0,1.0,2931.658447265625,2931.658447265625,0.33867940306663513,0.061320602893829346,0.0,asphalt,True,0.8428382277488708,42.31962966918945,3.725290298461914e-09,0.0,0.0,1.0,2931.017822265625,2931.017822265625,0.33869311213493347,0.061306893825531006,0.0,asphalt,True,-0.8371747136116028,40.1196403503418,-7.450580596923828e-09,0.0,0.0,1.0,2948.88720703125,2948.88720703125,0.33891674876213074,0.06108325719833374,0.0,asphalt,True,0.8428252339363098,40.11962890625,-2.2351741790771484e-08,0.0,0.0,1.0,2948.265869140625,2948.265869140625,0.3389303982257843,0.061069607734680176,0.0,asphalt,360,123.54777590702996,124.94091003948296,123.550994904067,40.76488494873047,-0.0003929270023945719,0.0001442687891016134,-9.638859593902524e-06,8.60408000751531,0.46101578773397256,0.0,0.0,-0.0,2932.4306640625,True,0.0,359,3.9696543810456056e-07,0.0001439185450259101,-9.253571246962574e-06,True,360,magic-formula,0.09907112932124959,0.003914791184020455,0.0,123.54763882266577,124.94085919748883,123.55085781970281,40.76483917236328,-0.000392926944186911,0.0001442821616824074,-9.63886898985067e-06,8.609126113277433,0.4663317891809005,0.0,0.0,-0.0,2931.77978515625,True,0.0,359,4.01757266732804e-07,0.00014403492047051196,-9.362352889313589e-06,True,360,magic-formula,0.09903465455333864,0.003964728184116429,0.0,123.49651430789834,124.6594762266417,123.49973330493538,40.76488494873047,-0.0004492992302402854,-0.0002707042381671802,-1.1021722023431945e-05,-16.271366203240206,0.6404641540816407,0.004348515574492852,8.20845,8.20845,2948.569091796875,True,0.0,359,4.823137832303166e-06,-0.00027067952736830394,-1.0654333677716034e-05,True,360,magic-formula,-0.10810294084821334,0.00543471706946652,0.06840374999999999,123.49636871801883,124.65965520800418,123.49958771505587,40.76483917236328,-0.0004492992884479463,-0.00027076018552151443,-1.1021735828025969e-05,-16.29443914265544,0.6520869957821679,0.004348515574492852,8.20845,8.20845,2947.927734375,True,0.0,359,4.825558471565429e-06,-0.0002711223344115607,-1.0850044645167013e-05,True,360,magic-formula,-0.10815399430751413,0.005500490306915722,0.06840374999999999
1.050000000000,126,held_throttle,0.0,0.15,0.0,1,0.0028223232366144657,43.256858825683594,0.4188151955604553,-0.00039805483538657427,40.728763580322266,0.000992473098449409,-0.0004437972675077617,asphalt,0.0,0.15,0.0,6565.381653907898,3,-0.7159425020217896,0.0016972941812127829,696.9136478547371,159.81173879226128,-0.0,6067.350790572289,5704.649209427711,-1.7740698240231723e-05,-0.0005254434059948203,False,-0.0,True,0,0,-8.311495912494138e-05,40.728763580322266,0.08162295818328857,False,True,-0.8371667861938477,44.35687255859375,2.60770320892334e-08,0.0,0.0,1.0,2930.67236328125,2930.67236328125,0.3388277590274811,0.0611722469329834,0.0,asphalt,True,0.8428332805633545,44.35686111450195,-3.3527612686157227e-08,0.0,0.0,1.0,2930.095947265625,2930.095947265625,0.3388408124446869,0.06115919351577759,0.0,asphalt,True,-0.8371819853782654,42.1568717956543,-3.725290298461914e-09,0.0,0.0,1.0,2949.046630859375,2949.046630859375,0.33878961205482483,0.06121039390563965,0.0,asphalt,True,0.8428179621696472,42.1568603515625,-1.862645149230957e-08,0.0,0.0,1.0,2948.519287109375,2948.519287109375,0.33880260586738586,0.06119740009307861,0.0,asphalt,366,123.4388103081926,131.11559299238155,123.44049898950264,40.72892761230469,-0.0003572146233636886,0.0001443639630005626,-8.770538393616103e-06,8.598367836937705,0.4218620598129831,0.0,0.0,-0.0,2930.447998046875,True,0.0,365,3.9360881102698776e-07,0.00014392030566068276,-8.473401323183893e-06,True,366,magic-formula,0.09903335924609286,0.0035790168470059914,0.0,123.43871642744477,131.11553651580223,123.44040510875482,40.72889709472656,-0.00035721465246751904,0.0001443527016344768,-8.770545679829143e-06,8.60208734263584,0.42711028302189347,0.0,0.0,-0.0,2929.86181640625,True,0.0,365,3.947746873498497e-07,0.0001440113703574648,-8.580532091987733e-06,True,366,magic-formula,0.09899528868897704,0.0036291103962537634,0.0,123.38757159888037,130.83159620816107,123.38926028019041,40.72892761230469,-0.0003961714974138886,-0.00027078995988173916,-9.727029917716416e-06,-16.28559460686402,0.5679342532577385,0.0028667181477651116,8.20845,8.20845,2949.18994140625,True,0.0,365,4.844311544354598e-06,-0.0002708591916153434,-9.445785849231715e-06,True,366,magic-formula,-0.1082117946671025,0.004816418358925911,0.06840374999999999,123.38746810890336,130.83176897123298,123.3891567902134,40.72889709472656,-0.0003961714974138886,-0.000270879389706741,-9.727037206040349e-06,-16.305545584951638,0.579421535290209,0.0028667181477651116,8.20845,8.20845,2948.64892578125,True,0.0,365,4.84315907824643e-06,-0.000271240777677599,-9.638609552999255e-06,True,366,magic-formula,-0.10824396538787409,0.004882619004170725,0.06840374999999999
1.100000000000,132,held_throttle,0.0,0.15,0.0,1,0.0028204969130456448,45.29224395751953,0.41879796981811523,-0.00043789949268102646,40.69239807128906,0.0037392147351056337,-0.00040519656613469124,asphalt,0.0,0.15,0.0,6468.3962488702755,3,-0.7873539924621582,0.00148291839286685,695.6902227326715,159.85516147957017,-0.0,6062.400422875991,5709.599577124009,-1.1418828762543853e-05,-0.0004556823162651993,False,-0.0,True,0,0,-4.755150257551577e-06,40.69239807128906,0.08113552629947662,False,True,-0.8371681571006775,46.392276763916016,0.0,0.0,0.0,1.0,2937.096923828125,2937.096923828125,0.3388637602329254,0.06113624572753906,0.0,asphalt,True,0.8428318500518799,46.39226150512695,-3.725290298461914e-09,0.0,0.0,1.0,2936.65771484375,2936.65771484375,0.3388756811618805,0.061124324798583984,0.0,asphalt,True,-0.8371849060058594,44.19227600097656,-2.60770320892334e-08,0.0,0.0,1.0,2944.520751953125,2944.520751953125,0.3387202322483063,0.0612797737121582,0.0,asphalt,True,0.8428150415420532,44.192264556884766,0.0,0.0,0.0,1.0,2944.08447265625,2944.08447265625,0.3387320935726166,0.0612679123878479,0.0,asphalt,372,123.32953041229067,137.28475380123396,123.32950682634456,40.692405700683594,-0.00031427957583218813,0.0001557866944255114,-7.723298006454793e-06,9.306148540934824,0.37431802193892827,0.0,0.0,-0.0,2933.529541015625,True,0.0,371,5.216379564834051e-07,0.0001556036438212252,-7.510550606274596e-06,True,372,magic-formula,0.10130397511291804,0.003171583954097048,0.0,123.32946978210094,137.28469356216178,123.32944619615483,40.692386627197266,-0.0003142796049360186,0.00015576380304545626,-7.723302341763288e-06,9.309227139980761,0.37985734866131693,0.0,0.0,-0.0,2933.01904296875,True,0.0,371,5.253077323059487e-07,0.00015568221211332805,-7.6230217761091435e-06,True,372,magic-formula,0.10127270949781092,0.0032231236423458094,0.0,123.13185152671937,136.9974392648819,123.13182794077326,40.692405700683594,-0.0003393532242625952,-0.0014473142064738585,-8.339473137834842e-06,-86.94321675759392,0.489075341979395,0.2630005536142084,54.72299999999999,54.72299999999999,2947.62353515625,True,0.0,371,0.0006455529840040941,-0.0014471327028686971,-8.140442099417515e-06,True,372,magic-formula,-0.47451025820294934,0.004041945474103805,0.4560249999999999,123.1317797371551,136.99760771095816,123.13175615120899,40.692386627197266,-0.0003393532242625952,-0.0014474283476092517,-8.339477046743609e-06,-87.01031891526901,0.5442137924985637,0.2630005536142084,54.72299999999999,54.72299999999999,2947.17138671875,True,0.0,371,0.0006467696061974464,-0.0014484724399802063,-9.059694689516528e-06,True,372,magic-formula,-0.4745234900491214,0.004335563824832848,0.4560249999999999
1.150000000000,138,held_throttle,0.0,0.15,0.0,1,0.002822262467816472,47.3255500793457,0.41876596212387085,-0.00046221911907196045,40.646976470947266,-0.0012729261070489883,-0.0003602289070840925,asphalt,0.0,0.15,0.0,6402.2300393752585,3,-0.9237672090530396,0.001258607255294919,694.1770756798974,160.10365897362385,-0.0,6070.169854222339,5701.830145777661,-6.648375801887596e-06,-0.0003850742602248045,False,-0.0,True,0,0,6.239490176085383e-05,40.646976470947266,0.08123596757650375,False,True,-0.8371661901473999,48.42555236816406,2.2351741790771484e-08,0.0,0.0,1.0,2959.60009765625,2959.60009765625,0.3387362062931061,0.0612637996673584,0.0,asphalt,True,0.8428337574005127,48.425537109375,1.4901161193847656e-08,0.0,0.0,1.0,2959.2392578125,2959.2392578125,0.3387468159198761,0.06125319004058838,0.0,asphalt,True,-0.837183952331543,46.225547790527344,-7.450580596923828e-09,0.0,0.0,1.0,2931.54052734375,2931.54052734375,0.3387850821018219,0.06121492385864258,0.0,asphalt,True,0.8428160548210144,46.22553253173828,-1.4901161193847656e-08,0.0,0.0,1.0,2931.10888671875,2931.10888671875,0.3387956917285919,0.06120431423187256,0.0,asphalt,378,123.19675362868439,143.4478153278907,123.19427535207215,40.64676284790039,-0.000269558368017897,0.00020089790658150205,-6.631730281268127e-06,12.149938496875869,0.3249870061560368,0.0,0.0,-0.0,2956.572509765625,True,0.0,377,1.2852443735258405e-06,0.00020157033850098433,-6.4699333876299805e-06,True,378,magic-formula,0.12714364030678107,0.002742933998754272,0.0,123.19671891974544,143.4477527912085,123.1942406431332,40.646751403808594,-0.00026955839712172747,0.00020089772061432487,-6.6317328644502244e-06,12.15445804208987,0.3319691309859064,0.0,0.0,-0.0,2956.20068359375,True,0.0,377,1.2940886051306083e-06,0.00020167068231107451,-6.609766968260409e-06,True,378,magic-formula,0.12711950783832912,0.0028085611640780374,0.0,122.87274286805857,143.14538137075925,122.87026459144633,40.64676284790039,-0.00028415798442438245,-0.002429657235204902,-6.990913039817424e-06,-145.14034280958134,0.40885099214021614,3.0169081987648787,54.72299999999999,54.72299999999999,2933.6474609375,True,0.0,377,1.2164492755372957e-11,-0.0024284307951449053,-6.840733049845657e-06,True,378,magic-formula,-1.1846729666267597,0.003127172906859358,0.4560249999999999,122.87267064464254,143.14554555911937,122.8701923680303,40.646751403808594,-0.00028415798442438245,-0.002429962731715327,-6.990915008108808e-06,-145.25999225338805,0.4995407233202802,3.0169081987648787,54.72299999999999,54.72299999999999,2933.2060546875,True,0.0,377,3.979040714230539e-12,-0.0024308018246539343,-8.3593870746558e-06,True,378,magic-formula,-1.1846865821686943,0.003858434948916839,0.4560249999999999
1.200000000000,144,held_throttle,0.0,0.15,0.0,1,0.002827066695317626,49.356563568115234,0.41874995827674866,-0.0004753126995638013,40.60126876831055,-0.010987787507474422,-0.00031028123339638114,asphalt,0.0,0.15,0.0,6358.866634133183,3,-0.9063736200332642,0.0010450850240886211,692.6120937035015,160.148053909701,-0.0,6077.48724844575,5694.51275155425,-3.2671755434421357e-06,-0.00031782616409762183,False,-0.0,True,0,0,0.00011867265857290477,40.60126876831055,0.08169563859701157,False,True,-0.8371615409851074,50.45648956298828,2.60770320892334e-08,0.0,0.0,1.0,2971.9326171875,2971.9326171875,0.3385344445705414,0.061465561389923096,0.0,asphalt,True,0.8428384065628052,50.45647430419922,-3.725290298461914e-08,0.0,0.0,1.0,2971.6484375,2971.6484375,0.3385436236858368,0.061456382274627686,0.0,asphalt,True,-0.8371798396110535,48.256492614746094,3.725290298461914e-08,0.0,0.0,1.0,2919.415283203125,2919.415283203125,0.3389563262462616,0.06104367971420288,0.0,asphalt,True,0.8428201675415039,48.256473541259766,0.0,0.0,0.0,1.0,2919.059326171875,2919.059326171875,0.33896544575691223,0.061034560203552246,0.0,asphalt,384,123.05738482865573,149.60387849664832,123.05426523307406,40.60099411010742,-0.00022543412342201918,0.00019563273075103987,-5.552428662419913e-06,11.917279605288995,0.2745204318154742,0.0,0.0,-0.0,2970.50439453125,True,0.0,383,1.2038634086813847e-06,0.00019678315184583245,-5.439596948109802e-06,True,384,magic-formula,0.12566533563686993,0.0023116560857811656,0.0,123.05736903986359,149.603814737276,123.05424944428192,40.600990295410156,-0.0002254341379739344,0.00019559837548415221,-5.5524295425154325e-06,11.925738241093654,0.2813227910831483,0.0,0.0,-0.0,2970.21142578125,True,0.0,383,1.215310132012422e-06,0.00019694224934830917,-5.574935098565799e-06,True,384,magic-formula,0.1256486395887267,0.0023770013511751446,0.0,122.75367301979304,149.2857298457577,122.75055342421138,40.60099411010742,-0.00023261102614924312,-0.0022729003463672834,-5.729195337332656e-06,-135.18361857053412,0.3348587424915523,6.799320085152583,54.72299999999999,54.72299999999999,2921.2724609375,True,0.0,383,1.2590817718202582e-11,-0.002271219619847614,-5.625960851309723e-06,True,384,magic-formula,-1.1057147760087642,0.0025206042289783763,0.4560249999999999,122.75362964028112,149.28589066144144,122.75051004469945,40.600990295410156,-0.0002326110698049888,-0.0022731591876421664,-5.7291969508620545e-06,-135.29369893957937,0.41899398769832197,6.799320085152583,54.72299999999999,54.72299999999999,2920.90478515625,True,0.0,383,9.180212351616105e-12,-0.0022733578552241317,-7.040411199307814e-06,True,384,magic-formula,-1.1057369070028484,0.0032014039462968332,0.4560249999999999
1.250000000000,150,held_throttle,0.0,0.15,0.0,1,0.0028343829326331615,51.38531494140625,0.4187535047531128,-0.0004804372147191316,40.5565185546875,-0.020777659490704536,-0.00026057937066070735,asphalt,0.0,0.15,0.0,6330.238262944326,3,-0.8866887092590332,0.0008478981908410788,691.0808527017725,160.04748091339619,-0.0,6081.508675216472,5690.491324783528,-8.69534687808482e-07,-0.0002566276578127042,False,-0.0,True,0,0,0.00016471552953589708,40.5565185546875,0.08192914724349976,False,True,-0.8371543884277344,52.48516845703125,-3.725290298461914e-09,0.0,0.0,1.0,2976.409912109375,2976.409912109375,0.3383508026599884,0.061649203300476074,0.0,asphalt,True,0.8428455591201782,52.48515701293945,7.450580596923828e-09,0.0,0.0,1.0,2976.195068359375,2976.195068359375,0.33835843205451965,0.061641573905944824,0.0,asphalt,True,-0.8371729254722595,50.2851676940918,-2.2351741790771484e-08,0.0,0.0,1.0,2910.858642578125,2910.858642578125,0.339148610830307,0.06085139513015747,0.0,asphalt,True,0.8428270220756531,50.285160064697266,-7.450580596923828e-09,0.0,0.0,1.0,2910.571533203125,2910.571533203125,0.33915624022483826,0.06084376573562622,0.0,asphalt,390,122.9210865451911,155.75304544561502,122.91857202802352,40.556297302246094,-0.00018425952293910086,0.00018890426830336574,-4.543302401711814e-06,11.549292704061978,0.22598097744988202,0.0,0.0,-0.0,2976.0791015625,True,0.0,389,1.1016200530151888e-06,0.0001903495143697246,-4.469403148779565e-06,True,390,magic-formula,0.12269477936393039,0.0018973446247787227,0.0,122.92108198326918,155.75298122537248,122.91856746610159,40.55629348754883,-0.0001842595374910161,0.00018896122576762865,-4.543303187859555e-06,11.557854189603935,0.2325117739780008,0.0,0.0,-0.0,2975.853759765625,True,0.0,389,1.0998552199189513e-06,0.00019050504639090085,-4.598916228854162e-06,True,390,magic-formula,0.12268343619473907,0.001961404591404245,0.0,122.6407194159763,155.42032123253242,122.63820489880872,40.556297302246094,-0.00018617257592268288,-0.0020923974972737506,-4.59047270844088e-06,-124.0343572571983,0.26845107735380297,10.580443527480867,54.72299999999999,54.72299999999999,2911.92919921875,True,0.0,389,2.9416474964313807e-12,-0.0020903900984948023,-4.524290579126929e-06,True,390,magic-formula,-1.0128070053952847,0.0019828309703376827,0.4560249999999999,122.64069704295476,155.42047994671964,122.63818252578717,40.55629348754883,-0.0001861725904745981,-0.002092485680423715,-4.590473499025427e-06,-124.13279779266686,0.34542784387623315,10.580443527480867,54.72299999999999,54.72299999999999,2911.63134765625,True,0.0,389,1.1766587761932809e-11,-0.002092265124998173,-5.822205281673101e-06,True,390,magic-formula,-1.0128255182743175,0.002605462498522384,0.4560249999999999
1.300000000000,156,held_throttle,0.0,0.15,0.0,1,0.0028437278233468533,53.41185760498047,0.4187614917755127,-0.00047998406807892025,40.512699127197266,-0.027874143794178963,-0.0002138812851626426,asphalt,0.0,0.15,0.0,6310.631466104215,3,-0.8697486519813538,0.0006730970926582813,689.5837658207575,159.9420798558019,-0.0,6083.151173195047,5688.848826804953,7.87368321653048e-07,-0.00020266963225155582,False,-0.0,True,0,0,0.00020154511730652303,40.512699127197266,0.08182599395513535,False,True,-0.8371454477310181,54.511661529541016,1.4901161193847656e-08,0.0,0.0,1.0,2975.974365234375,2975.974365234375,0.33822324872016907,0.06177675724029541,0.0,asphalt,True,0.8428544998168945,54.51164627075195,7.450580596923828e-09,0.0,0.0,1.0,2975.813720703125,2975.813720703125,0.3382295072078705,0.061770498752593994,0.0,asphalt,True,-0.8371639251708984,52.31166076660156,-1.4901161193847656e-08,0.0,0.0,1.0,2907.631103515625,2907.631103515625,0.339293509721756,0.060706496238708496,0.0,asphalt,True,0.8428360223770142,52.311649322509766,-2.2351741790771484e-08,0.0,0.0,1.0,2907.40380859375,2907.40380859375,0.3392997682094574,0.06070023775100708,0.0,asphalt,396,122.78792528703345,161.89552479347824,122.78661327413285,40.51258087158203,-0.00014741098857484758,0.00018351023260090578,-3.638647190645906e-06,11.22347713315899,0.18172203618906704,0.0,0.0,-0.0,2976.279541015625,True,0.0,395,9.997073439119553e-07,0.0001849670881133481,-3.5938164170945284e-06,True,396,magic-formula,0.1199601560641387,0.0015197273622427475,0.0,122.78792926829728,161.89546060899278,122.78661725539668,40.5125846862793,-0.00014741097402293235,0.00018344848437488732,-3.638646488833051e-06,11.230738705499762,0.1879968930417928,0.0,0.0,-0.0,2976.10986328125,True,0.0,395,9.938820767945257e-07,0.0001850973151214139,-3.7181229161401566e-06,True,396,magic-formula,0.11995053514151247,0.0015824752588162237,0.0,122.52903691469027,161.5493513821973,122.52772490178967,40.51258087158203,-0.0001456856552977115,-0.001925295502191936,-3.5960595983475397e-06,-113.96729230478672,0.21079093388108724,13.940641562803025,54.72299999999999,54.72299999999999,2907.79345703125,True,0.0,395,1.6768810916105624e-12,-0.0019233041904443062,-3.5572933096913644e-06,True,396,magic-formula,-0.9283854085907762,0.00151654177658671,0.4560249999999999,122.52902785789561,161.54950885827682,122.52771584499502,40.5125846862793,-0.00014568564074579626,-0.0019254632548823716,-3.5960589005447664e-06,-114.06261753645795,0.2814339787880955,13.940641562803025,54.72299999999999,54.72299999999999,2907.5556640625,True,0.0,395,1.7195135289596563e-12,-0.0019250718897821058,-4.749852783426272e-06,True,396,magic-formula,-0.928398416375656,0.002087331471772791,0.4560249999999999
1.350000000000,162,held_throttle,0.0,0.15,0.0,1,0.0028546748217195272,55.43623733520508,0.4187595248222351,-0.00047578412340953946,40.469703674316406,-0.03125176206231117,-0.00017162307631224394,asphalt,0.0,0.15,0.0,6296.513401910099,3,-0.8550988435745239,0.0005219595041126013,688.1169660557771,159.89657994074923,-0.0,6083.237175310944,5688.762824689056,1.879612568700395e-06,-0.00015625733797606012,False,-0.0,True,0,0,0.00023033520847093314,40.469703674316406,0.08153234422206879,False,True,-0.8371349573135376,56.53601837158203,-2.2351741790771484e-08,0.0,0.0,1.0,2972.96728515625,2972.96728515625,0.3381570279598236,0.06184297800064087,0.0,asphalt,True,0.842864990234375,56.53600311279297,2.2351741790771484e-08,0.0,0.0,1.0,2972.8515625,2972.8515625,0.33816203474998474,0.061837971210479736,0.0,asphalt,True,-0.8371531963348389,54.33601379394531,-2.2351741790771484e-08,0.0,0.0,1.0,2909.352783203125,2909.352783203125,0.3393569886684418,0.060643017292022705,0.0,asphalt,True,0.8428467512130737,54.33600616455078,-3.725290298461914e-09,0.0,0.0,1.0,2909.1748046875,2909.1748046875,0.3393620550632477,0.0606379508972168,0.0,asphalt,402,122.65745772139248,168.0314812816003,122.65741718635958,40.46969985961914,-0.00011524524597916752,0.0001794228389528164,-2.8476921345751874e-06,10.954635740124356,0.14269552899019564,0.0,0.0,-0.0,2973.569091796875,True,0.0,401,9.178524918042488e-07,0.00018070101033246613,-2.824582492734849e-06,True,402,magic-formula,0.11772694464464839,0.0011867885247597175,0.0,122.65746886861021,168.03141752475221,122.65742833357731,40.46969985961914,-0.00011524524597916752,0.0001795137361391257,-2.8476921345751874e-06,10.959856729374113,0.1487476939988705,0.0,0.0,-0.0,2973.443359375,True,0.0,401,9.325135756763643e-07,0.00018079477771193347,-2.9445065288578613e-06,True,402,magic-formula,0.11771479755605514,0.001248409322606825,0.0,122.4171326252772,167.6728586450931,122.41709209024431,40.46969985961914,-0.00011112076754216105,-0.0017802477786486165,-2.7457769127850294e-06,-105.42996522253847,0.16167535604453068,16.767132152289914,54.72299999999999,54.72299999999999,2908.783447265625,True,0.0,401,1.1937119667742624e-12,-0.001778509218078892,-2.727318656074111e-06,True,402,magic-formula,-0.8564676739615635,0.0011189474462438961,0.4560249999999999,122.41713571436048,167.67301568441172,122.41709517932759,40.46969985961914,-0.00011112078209407628,-0.0017802225894949818,-2.7457772723605957e-06,-105.51647454364871,0.22704990689173382,16.767132152289914,54.72299999999999,54.72299999999999,2908.594970703125,True,0.0,401,5.471179075490766e-12,-0.0017800850907873035,-3.830379624306276e-06,True,402,magic-formula,-0.8564696715001135,0.0016463924504251483,0.4560249999999999
1.400000000000,168,held_throttle,0.0,0.15,0.0,1,0.0028668551240116358,57.4584846496582,0.4187430739402771,-0.0004691816575359553,40.427345275878906,-0.0312148816883564,-0.00013721596042159945,asphalt,0.0,0.15,0.0,6285.7094026056375,3,-0.8413686156272888,0.00039104517782106996,686.6736243737676,159.95829616887528,-0.0,6082.46794364751,5689.53205635249,2.555956370997592e-06,-0.00011722772156981221,False,-0.0,True,0,0,0.00025218454538844526,40.427345275878906,0.08132515847682953,False,True,-0.8371230959892273,58.558265686035156,-1.1175870895385742e-08,0.0,0.0,1.0,2969.0673828125,2969.0673828125,0.3381417691707611,0.06185823678970337,0.0,asphalt,True,0.8428767919540405,58.55824661254883,-4.842877388000488e-08,0.0,0.0,1.0,2968.91796875,2968.91796875,0.3381458818912506,0.06185412406921387,0.0,asphalt,True,-0.8371410965919495,56.35826110839844,1.4901161193847656e-08,0.0,0.0,1.0,2916.17529296875,2916.17529296875,0.33934035897254944,0.06065964698791504,0.0,asphalt,True,0.8428587913513184,56.358253479003906,3.725290298461914e-09,0.0,0.0,1.0,2916.074951171875,2916.074951171875,0.3393443524837494,0.06065565347671509,0.0,asphalt,408,122.52896186077797,174.16102645152503,122.52986467638348,40.42742156982422,-8.73356475494802e-05,0.0001765100012670911,-2.160307141985362e-06,10.747180973918367,0.10840116942056142,0.0,0.0,-0.0,2969.650634765625,True,0.0,407,8.646103244779664e-07,0.0001775128586899028,-2.1485748005850136e-06,True,408,magic-formula,0.11613459580071311,0.0008941392349269646,0.0,122.52897471606427,174.16096335061053,122.52987753166978,40.42742919921875,-8.733561844564974e-05,0.00017642618449260038,-2.1603060143928622e-06,10.753297097680594,0.11426932261213472,0.0,0.0,-0.0,2969.549560546875,True,0.0,407,8.689586858164249e-07,0.00017761992583222673,-2.26496225070242e-06,True,408,magic-formula,0.11614026522205838,0.0009549371585755082,0.0,122.30425951032319,173.79080453969266,122.3051623259287,40.42742156982422,-8.172550587914884e-05,-0.0016576850270259838,-2.021536440009792e-06,-98.39537617025371,0.11960865217536026,19.08653745630651,54.72299999999999,54.72299999999999,2914.9189453125,True,0.0,407,0.0009434675818108321,-0.0016562491389541822,-2.01326421362969e-06,True,408,magic-formula,-0.7969655777957133,0.0007773810204704335,0.4560249999999999,122.30427139962468,173.79096163161947,122.3051742152302,40.42742919921875,-8.172550587914884e-05,-0.0016577763827708065,-2.02153605850893e-06,-98.46996579005334,0.1807350469624887,19.08653745630651,54.72299999999999,54.72299999999999,2914.8125,True,0.0,407,0.0009454878168544724,-0.0016575660502109262,-3.04244411118285e-06,True,408,magic-formula,-0.7969654433243427,0.001269764893154374,0.4560249999999999
1.450000000000,174,held_throttle,0.0,0.15,0.0,1,0.002879956504330039,59.478633880615234,0.4187229871749878,-0.00046120487968437374,40.38555908203125,-0.028992366045713425,-0.00010713560186559334,asphalt,0.0,0.15,0.0,6276.886533982504,3,-0.8317582607269287,0.00028877664590254426,685.2523774575736,160.05191410231905,-0.0,6081.132856590772,5690.867143409228,2.900249683079892e-06,-8.498880387269257e-05,False,-0.0,True,0,0,0.000268352625425905,40.38555908203125,0.08142528682947159,False,True,-0.8371103405952454,60.578426361083984,-3.725290298461914e-09,0.0,0.0,1.0,2966.064208984375,2966.064208984375,0.3381648361682892,0.06183516979217529,0.0,asphalt,True,0.8428896069526672,60.57841491699219,2.2351741790771484e-08,0.0,0.0,1.0,2965.960693359375,2965.960693359375,0.3381679952144623,0.0618320107460022,0.0,asphalt,True,-0.8371281027793884,58.3784294128418,-7.450580596923828e-09,0.0,0.0,1.0,2922.182861328125,2922.182861328125,0.33927807211875916,0.06072193384170532,0.0,asphalt,True,0.8428718447685242,58.378414154052734,3.725290298461914e-09,0.0,0.0,1.0,2922.12548828125,2922.12548828125,0.3392811715602875,0.060718834400177,0.0,asphalt,414,122.4021476250516,180.28422858026698,122.40353719267544,40.38568115234375,-6.51007576379925e-05,0.00017401127634249577,-1.6119762197983391e-06,10.579816807243773,0.08141453861560016,0.0,0.0,-0.0,2966.637939453125,True,0.0,413,8.232905720227177e-07,0.00017492592153655492,-1.6153224902613646e-06,True,414,magic-formula,0.11472162011521453,0.0006640504223532225,0.0,122.40216590141677,180.28416621608375,122.40355546904061,40.385684967041016,-6.51007576379925e-05,0.00017406614329453513,-1.6119760675364354e-06,10.582848234161156,0.08713632857839435,0.0,0.0,-0.0,2966.529296875,True,0.0,413,8.237310560948495e-07,0.00017498245145578683,-1.7289103065528175e-06,True,414,magic-formula,0.1146977179825479,0.0007241110177967712,0.0,122.19032203239523,179.90311724543957,122.19171160001908,40.38568115234375,-5.873345071449876e-05,-0.0015568607451770784,-1.4543137329515812e-06,-92.62336194907849,0.08694519872838882,20.978450515882564,54.72299999999999,54.72299999999999,2921.358154296875,True,0.0,413,0.0007902807341005928,-0.0015555961161954131,-1.4601800644258485e-06,True,414,magic-formula,-0.7481202203329136,0.0005127344554634833,0.4560249999999999,122.19034187645667,179.90327474039213,122.19173144408052,40.385684967041016,-5.873345071449876e-05,-0.0015567929047537652,-1.4543135955819507e-06,-92.69588213353816,0.14460820182190245,20.978450515882564,54.72299999999999,54.72299999999999,2921.294189453125,True,0.0,413,0.0007920889078441181,-0.0015568488776188623,-2.428803084843032e-06,True,414,magic-formula,-0.7481393093190107,0.0009764654912544917,0.4560249999999999
1.500000000000,180,held_throttle,0.0,0.15,0.0,1,0.002893727272748947,61.496700286865234,0.41871094703674316,-0.00045262102503329515,40.344261169433594,-0.025758907198905945,-7.979744987096637e-05,asphalt,0.0,0.15,0.0,6269.235334731697,3,-0.8235183954238892,0.00020275864517316222,683.8495409402893,160.06543267392965,-0.0,6079.528518094622,5692.471481905378,3.038738668692531e-06,-5.877265377816744e-05,False,-0.0,True,0,0,0.00027988143847323954,40.344261169433594,0.08162617683410645,False,True,-0.8370969295501709,62.59652328491211,-7.450580596923828e-09,0.0,0.0,1.0,2962.4677734375,2962.4677734375,0.33821526169776917,0.06178474426269531,0.0,asphalt,True,0.8429030179977417,62.59650421142578,-3.3527612686157227e-08,0.0,0.0,1.0,2962.397216796875,2962.397216796875,0.3382175862789154,0.06178241968154907,0.0,asphalt,True,-0.8371143937110901,60.39651870727539,1.1175870895385742e-08,0.0,0.0,1.0,2925.882568359375,2925.882568359375,0.339204341173172,0.06079566478729248,0.0,asphalt,True,0.8428855538368225,60.39650344848633,-1.1175870895385742e-08,0.0,0.0,1.0,2925.8505859375,2925.8505859375,0.33920666575431824,0.06079334020614624,0.0,asphalt,420,122.27678249489713,186.4011450094467,122.27831127196282,40.34439468383789,-4.644793807528913e-05,0.0001721066713871545,-1.1512860321554365e-06,10.44090518600717,0.05857129248686985,0.0,0.0,-0.0,2963.0625,True,0.0,419,7.860894389280141e-07,0.00017283745876846724,-1.1634983557675298e-06,True,420,magic-formula,0.11348756975378949,0.00046909302462756216,0.0,122.27679602576787,186.40108347805358,122.27832480283355,40.344398498535156,-4.6447908971458673e-05,0.000172122778543759,-1.1512852019128407e-06,10.447392310833845,0.06417081468731564,0.0,0.0,-0.0,2962.987548828125,True,0.0,419,7.882932129644313e-07,0.00017294922138968402,-1.2747632696506216e-06,True,420,magic-formula,0.11350148250520703,0.0005285257908200483,0.0,122.0754139431798,186.0097227387101,122.07694272024548,40.34439468383789,-3.9775826735422015e-05,-0.0014750024893147448,-9.859071389499237e-07,-87.88172750189305,0.05962398543503679,22.53316879884758,54.72299999999999,54.72299999999999,2925.4013671875,True,0.0,419,0.0006777695460973196,-0.0014738786475998677,-9.999168330673835e-07,True,420,magic-formula,-0.7081113669823331,0.00029144272758492286,0.4560249999999999,122.07543208713993,186.00988087606063,122.07696086420562,40.344398498535156,-3.977579763159156e-05,-0.0014749484933115995,-9.859063243444532e-07,-87.95048356749234,0.11440548133683738,22.53316879884758,54.72299999999999,54.72299999999999,2925.36279296875,True,0.0,419,0.000679241657564654,-0.001475051812065864,-1.918800923744534e-06,True,420,magic-formula,-0.7081047537112809,0.0007314136728859922,0.4560249999999999
1.550000000000,186,held_throttle,0.0,0.15,0.0,1,0.002907960442826152,63.512718200683594,0.41870805621147156,-0.0004439883050508797,40.303340911865234,-0.022406049072742462,-5.7004646805580705e-05,asphalt,0.0,0.15,0.0,6262.271456787131,3,-0.8157355189323425,0.0001333505060756579,682.4610585265738,160.03737682636765,-0.0,6077.885740014428,5694.114259985572,2.974688186441199e-06,-3.796348736155891e-05,False,-0.0,True,0,0,0.0002876102807931602,40.303340911865234,0.08176585286855698,False,True,-0.837083101272583,64.61256408691406,1.4901161193847656e-08,0.0,0.0,1.0,2959.26416015625,2959.26416015625,0.33827707171440125,0.06172293424606323,0.0,asphalt,True,0.8429168462753296,64.612548828125,-1.1175870895385742e-08,0.0,0.0,1.0,2959.2177734375,2959.2177734375,0.33827874064445496,0.06172126531600952,0.0,asphalt,True,-0.8371001482009888,62.412559509277344,4.0978193283081055e-08,0.0,0.0,1.0,2927.922607421875,2927.922607421875,0.33913734555244446,0.06086266040802002,0.0,asphalt,True,0.8428997993469238,62.41255187988281,1.4901161193847656e-08,0.0,0.0,1.0,2927.903564453125,2927.903564453125,0.33913907408714294,0.06086093187332153,0.0,asphalt,426,122.15252810286334,192.51182417725457,122.15394584951433,40.303462982177734,-3.1334086088463664e-05,0.00017048886767391275,-7.774539399334827e-07,10.320424010801203,0.03992865190030275,0.0,0.0,-0.0,2959.739501953125,True,0.0,425,7.638848060255298e-07,0.00017103482689685608,-7.940592289784275e-07,True,426,magic-formula,0.1125652667859194,0.00031018138695887703,0.0,122.15254307926755,192.51176333860965,122.15396082591853,40.303470611572266,-3.1334086088463664e-05,0.00017042216170962962,-7.774537927624638e-07,10.32768422847703,0.045424477718316675,0.0,0.0,-0.0,2959.68798828125,True,0.0,425,7.617037346293044e-07,0.00017115812645792592,-9.033702865562413e-07,True,426,magic-formula,0.11255264037069705,0.0003691312741931683,0.0,121.95979435144051,192.11056402170266,121.9612120980915,40.303462982177734,-2.4802284315228462e-05,-0.001407592350747868,-6.153884177692857e-07,-83.93627424843879,0.037787279997143354,23.83300582642869,54.72299999999999,54.72299999999999,2927.671142578125,True,0.0,425,0.0005926593240200725,-0.0014065857231085213,-6.331886401652096e-07,True,426,magic-formula,-0.6747749701646517,0.00011480579034616553,0.4560249999999999,121.95981403125266,192.11072282426645,121.96123177790365,40.303470611572266,-2.4802284315228462e-05,-0.001407620247041344,-6.153883012770591e-07,-84.0049794576899,0.09015015457512279,23.83300582642869,54.72299999999999,54.72299999999999,2927.6513671875,True,0.0,425,0.0005940750671121845,-0.001407747114247929,-1.5107800645352178e-06,True,426,magic-formula,-0.6747750625420051,0.0005347918956370305,0.4560249999999999
1.600000000000,192,held_throttle,0.0,0.15,0.0,1,0.002922489307820797,65.52670288085938,0.41870996356010437,-0.0004357568686828017,40.2628059387207,-0.019529815763235092,-3.870795262628235e-05,asphalt,0.0,0.15,0.0,6255.710532908447,3,-0.8079527616500854,7.962239033076912e-05,681.0870198548084,160.00285038120114,-0.0,6076.208848539481,5695.791151460519,2.7940666313952534e-06,-2.1913056386080092e-05,False,-0.0,True,0,0,0.00029234387329779565,40.2628059387207,0.08180011808872223,False,True,-0.8370689153671265,66.6265640258789,2.2351741790771484e-08,0.0,0.0,1.0,2957.05615234375,2957.05615234375,0.33833447098731995,0.06166553497314453,0.0,asphalt,True,0.8429310321807861,66.62655639648438,-1.862645149230957e-08,0.0,0.0,1.0,2957.028564453125,2957.028564453125,0.3383356034755707,0.0616644024848938,0.0,asphalt,True,-0.8370855450630188,64.42656707763672,3.3527612686157227e-08,0.0,0.0,1.0,2928.893798828125,2928.893798828125,0.33908429741859436,0.06091570854187012,0.0,asphalt,True,0.8429144024848938,64.42655181884766,5.21540641784668e-08,0.0,0.0,1.0,2928.887939453125,2928.887939453125,0.33908548951148987,0.06091451644897461,0.0,asphalt,432,122.02937746033027,198.61631017480363,122.03054019235029,40.26290512084961,-1.9521481590345502e-05,0.00016862769934269998,-4.8485029909665e-07,10.194407775199418,0.025335369014407357,0.0,0.0,-0.0,2957.3427734375,True,0.0,431,7.381937427479317e-07,0.00016908333432494782,-5.042515726948426e-07,True,432,magic-formula,0.11153588309672062,0.00018579574721583334,0.0,122.02939028901554,198.61625006083048,122.03055302103556,40.26291275024414,-1.9521481590345502e-05,0.00016854332355638522,-4.848502072226655e-07,10.200669367132608,0.030734939018486868,0.0,0.0,-0.0,2957.313232421875,True,0.0,431,7.31355877735545e-07,0.00016918887928540032,-6.117257937358938e-07,True,432,magic-formula,0.11153687595150268,0.0002442337352463204,0.0,121.84395890105212,198.20560782172814,121.84512163307214,40.26290512084961,-1.3386073987931013e-05,-0.0013510868959685698,-3.324666699472393e-07,-80.60227621832495,0.021050802520244646,24.945732242951717,54.72299999999999,54.72299999999999,2928.7802734375,True,0.0,431,0.000526701479909284,-0.0013501793770006724,-3.525860193216682e-07,True,432,magic-formula,-0.6466647918249941,-1.9677691570174203e-05,0.4560249999999999,121.84397952819101,198.2057673593184,121.84514226021103,40.26291275024414,-1.3386073987931013e-05,-0.0013511070666584132,-3.324666069483349e-07,-80.66534346244049,0.07136075932945453,24.945732242951717,54.72299999999999,54.72299999999999,2928.7734375,True,0.0,431,0.0005279153172613033,-0.0013512394285318098,-1.1954224120715203e-06,True,432,magic-formula,-0.6466629662414931,0.0003833511310988337,0.4560249999999999
1.650000000000,198,held_throttle,0.0,0.15,0.0,1,0.002937185810878873,67.53874969482422,0.4187130630016327,-0.00042817677604034543,40.22764587402344,-0.015446459874510765,-2.440131538605783e-05,asphalt,0.0,0.15,0.0,5824.318032697091,4,-0.6047070026397705,3.8600352127105e-05,679.8409587814324,160.06344503907576,-0.0,6069.703709213529,5702.296290786471,2.5429328616155544e-06,-9.916397557351166e-06,False,-0.0,True,0,0,0.00029479165095835924,40.22764587402344,0.08189578354358673,False,True,-0.8370543718338013,68.63864135742188,-1.4901161193847656e-08,0.0,0.0,1.0,2949.03662109375,2949.03662109375,0.338416188955307,0.06158381700515747,0.0,asphalt,True,0.8429455161094666,68.63862609863281,3.725290298461914e-09,0.0,0.0,1.0,2949.0224609375,2949.0224609375,0.3384169042110443,0.061583101749420166,0.0,asphalt,True,-0.8370708227157593,66.43863677978516,2.9802322387695312e-08,0.0,0.0,1.0,2939.7587890625,2939.7587890625,0.33900919556617737,0.06099081039428711,0.0,asphalt,True,0.8429291248321533,66.43862915039062,7.450580596923828e-09,0.0,0.0,1.0,2939.760498046875,2939.760498046875,0.33900997042655945,0.06099003553390503,0.0,asphalt,438,121.91685623562023,204.71478848129308,121.91913973333374,40.227848052978516,-1.0518095223233104e-05,0.00011719505278909007,-2.614630344974193e-07,7.066758646008173,0.014106051393378833,0.0,0.0,-0.0,2951.01904296875,True,0.0,437,1.9985402447137555e-07,0.00011745945022741775,-2.813548477889523e-07,True,438,magic-formula,0.08825132777652055,9.556961208669572e-05,0.0,121.91686888596911,204.71472907612417,121.91915238368261,40.22785186767578,-1.0518066119402647e-05,0.00011720398865788228,-2.61462286228959e-07,7.072966554663379,0.017837079626012383,0.0,0.0,-0.0,2951.00048828125,True,0.0,437,2.0046465158875642e-07,0.00011756337390791757,-3.55775020138889e-07,True,438,magic-formula,0.08825349177061366,0.00014175827712923248,0.0,121.99466610278787,204.3014093995529,121.99694960050138,40.227848052978516,-4.933943273499608e-06,0.0007554905969978585,-1.2264994306933275e-07,45.27108027920164,0.008555653686897853,20.610615243794342,6.2271,6.2271,2937.3193359375,True,0.0,437,8.449272422421694e-05,0.000756027539779862,-1.428858303044687e-07,True,438,magic-formula,0.3880527623981563,0.00019520897179019876,0.0518925,121.99467332572843,204.30156962100156,121.99695682344193,40.22785186767578,-4.933972377330065e-06,0.0007554549498334162,-1.2265065491340906e-07,45.308809324904665,-0.019758392090910657,20.610615243794342,6.2271,6.2271,2937.3291015625,True,0.0,437,8.473170301057884e-05,0.0007566551828289427,3.299708670862076e-07,True,438,magic-formula,0.3880745986935442,-4.759200009286136e-05,0.0518925
1.700000000000,204,held_throttle,0.0,0.15,0.0,1,0.0029519551899284124,69.54924774169922,0.4187254309654236,-0.00042140026926063,40.19742965698242,-0.007479565683752298,-1.3641137229569722e-05,asphalt,0.0,0.15,0.0,5397.572476661908,4,-0.6111148595809937,9.150817277259193e-06,678.8219749498239,160.06353463196567,-0.0,6056.815583371487,5715.184416628513,2.2463707409769995e-06,-1.20303778996451e-06,False,-0.0,True,0,0,0.0002956049866043031,40.19742965698242,0.08211776614189148,False,True,-0.8370397686958313,70.64920043945312,3.725290298461914e-09,0.0,0.0,1.0,2938.0732421875,2938.0732421875,0.3385815918445587,0.06141841411590576,0.0,asphalt,True,0.8429601788520813,70.6491928100586,-1.4901161193847656e-08,0.0,0.0,1.0,2938.068359375,2938.068359375,0.33858200907707214,0.061417996883392334,0.0,asphalt,True,-0.837056040763855,68.44920349121094,1.862645149230957e-08,0.0,0.0,1.0,2949.8134765625,2949.8134765625,0.3388688266277313,0.061131179332733154,0.0,asphalt,True,0.8429439663887024,68.44918823242188,3.725290298461914e-09,0.0,0.0,1.0,2949.822509765625,2949.822509765625,0.33886924386024475,0.06113076210021973,0.0,asphalt,444,121.82484362733666,210.80835866805091,121.82771327898953,40.19768142700195,-3.850407665595412e-06,0.00011236891927085989,-9.578680980861174e-08,6.7226030889605335,0.005769296960468071,0.0,0.0,-0.0,2939.701416015625,True,0.0,443,1.6664026052968658e-07,0.0001121692728066575,-1.1551557583034634e-07,True,444,magic-formula,0.08356572470536383,2.5838455847949356e-05,0.0,121.824855291965,210.8082999034196,121.82772494361787,40.19768524169922,-3.850407665595412e-06,0.0001123697701016994,-9.578680071859375e-08,6.728331965950379,0.00929167960511264,0.0,0.0,-0.0,2939.697265625,True,0.0,443,1.7174468600365419e-07,0.00011226502007581195,-1.860426615235347e-07,True,444,magic-formula,0.08356181394304264,6.944524436011263e-05,0.0,121.88831607900991,210.39867426332862,121.89118573066278,40.19768142700195,1.0825460776686668e-06,0.000633441486359352,2.6930560152693008e-08,38.082973862950624,-0.00042783077693000165,15.9360505024329,6.2271,6.2271,2948.634033203125,True,0.0,443,4.9718990700801595e-05,0.0006335330791985282,7.113648606364002e-09,True,444,magic-formula,0.35092739009090657,0.00010840311130612932,0.0518925,121.88832275867388,210.3988350956024,121.89119241032675,40.19768524169922,1.0825460776686668e-06,0.0006334013640355644,2.6930557597025097e-08,38.11486763331036,-0.02437134931342036,15.9360505024329,6.2271,6.2271,2948.641845703125,True,0.0,443,4.9858180105152705e-05,0.0006340620204913891,4.054348786019126e-07,True,444,magic-formula,0.3509288545154177,-0.0001121311620166372,0.0518925
1.750000000000,210,held_throttle,0.0,0.15,0.0,1,0.0029667275957763195,71.55821228027344,0.41874489188194275,-0.00041551332105882466,40.1663818359375,0.0005989349447190762,-5.557571967074182e-06,asphalt,0.0,0.15,0.0,5137.005219400638,4,-0.6266784071922302,-1.148939372797031e-05,677.778267812544,159.9756937807934,-0.0,6048.578414861789,5723.421585138211,1.931121687448467e-06,4.815271219916506e-06,False,-0.0,True,0,0,0.00029520559473894536,40.1663818359375,0.0821148231625557,False,True,-0.8370252251625061,72.6582260131836,7.450580596923828e-09,0.0,0.0,1.0,2930.7861328125,2930.7861328125,0.3387562930583954,0.06124371290206909,0.0,asphalt,True,0.8429747223854065,72.65821075439453,1.1175870895385742e-08,0.0,0.0,1.0,2930.788818359375,2930.788818359375,0.3387564718723297,0.061243534088134766,0.0,asphalt,True,-0.8370411992073059,70.45822143554688,-2.9802322387695312e-08,0.0,0.0,1.0,2953.766357421875,2953.766357421875,0.3387332856655121,0.06126672029495239,0.0,asphalt,True,0.8429587483406067,70.45821380615234,-1.862645149230957e-08,0.0,0.0,1.0,2953.779541015625,2953.779541015625,0.3387334644794464,0.061266541481018066,0.0,asphalt,450,121.73129381223953,216.89731151570084,121.73365836388803,40.16659164428711,8.711940608918667e-07,0.00011789184887461295,2.1689519205590262e-08,7.0224515480120155,-0.00015290479137391078,0.0,0.0,-0.0,2931.673583984375,True,0.0,449,1.933985937112091e-07,0.0001174932332761397,3.0699257975994258e-09,True,450,magic-formula,0.08600813160153493,-2.5273380662857037e-05,0.0,121.73130361650654,216.89725333909675,121.73366816815503,40.16659164428711,8.711940608918667e-07,0.00011797239860470445,2.1689519205590262e-08,7.027268228530829,0.003506747093437039,0.0,0.0,-0.0,2931.67724609375,True,0.0,449,1.9455519383013323e-07,0.00011757367494857146,-7.04059433419649e-08,True,450,magic-formula,0.08600982399740366,1.9536925742899985e-05,0.0,121.77509092052884,216.4902548635658,121.77745547217734,40.16659164428711,5.111854989081621e-06,0.0004777193857357735,1.272663370183826e-07,28.76343527617849,-0.006547091328306972,12.977134110030857,6.2271,6.2271,2953.423095703125,True,0.0,449,2.0892953426765698e-05,0.000477711448893075,1.0873455717554617e-07,True,450,magic-formula,0.27122500815794826,3.117789478774181e-05,0.0518925,121.77509927653492,216.4904163027051,121.77746382818341,40.16659164428711,5.1118258852511644e-06,0.0004777880368683487,1.2726561244033737e-07,28.790565611701524,-0.024687323912160063,12.977134110030857,6.2271,6.2271,2953.437744140625,True,0.0,449,2.0942060856903207e-05,0.0004781596898144728,4.100138717977334e-07,True,450,magic-formula,0.2712319946427844,-0.00013964075117859685,0.0518925
1.800000000000,216,held_throttle,0.0,0.15,0.0,1,0.0029814548324793577,73.56561279296875,0.418758749961853,-0.0004105038824491203,40.134761810302734,0.0064599462784826756,1.778801816954001e-07,asphalt,0.0,0.15,0.0,4977.257180008225,4,-0.6358343958854675,-2.510591730242595e-05,676.714269380928,159.90505144622833,-0.0,6043.476763909172,5728.523236090828,1.6224407772824634e-06,8.704326893479155e-06,False,-0.0,True,0,0,0.00029398087644949555,40.134761810302734,0.08187031745910645,False,True,-0.8370106220245361,74.66566467285156,0.0,0.0,0.0,1.0,2928.22607421875,2928.22607421875,0.33888277411460876,0.06111723184585571,0.0,asphalt,True,0.8429893255233765,74.66565704345703,-1.4901161193847656e-08,0.0,0.0,1.0,2928.237060546875,2928.237060546875,0.338882714509964,0.06111729145050049,0.0,asphalt,True,-0.8370263576507568,72.46566772460938,-1.862645149230957e-08,0.0,0.0,1.0,2954.033935546875,2954.033935546875,0.3386346995830536,0.06136530637741089,0.0,asphalt,True,0.8429735898971558,72.46565246582031,-1.862645149230957e-08,0.0,0.0,1.0,2954.049072265625,2954.049072265625,0.3386346995830536,0.06136530637741089,0.0,asphalt,456,121.63561810049835,222.98149008566557,121.63699520993653,40.134883880615234,4.084024112671614e-06,0.00012134313291430138,1.017574667668129e-07,7.214467957095871,-0.004199030475134491,0.0,0.0,-0.0,2928.335693359375,True,0.0,455,2.1971106832922102e-07,0.00012084347503962527,8.440131914436384e-08,True,456,magic-formula,0.08751903787926131,-6.013653690036875e-05,0.0,121.63562596868317,222.9814323759276,121.63700307812135,40.134883880615234,4.083995008841157e-06,0.00012140782728339005,1.0175674161632927e-07,7.224005343653595,-0.00044888530565954194,0.0,0.0,-0.0,2928.34375,True,0.0,455,2.1692875664307984e-07,0.00012100289546567236,9.022643354108267e-09,True,456,magic-formula,0.08751933110388324,-1.454802179415061e-05,0.0,121.6669040242136,222.57627444558577,121.66828113365177,40.134883880615234,7.646711310371757e-06,0.0003785845605146885,1.9052531292023876e-07,22.794015858467482,-0.010438079521100995,11.1016139820568,6.2271,6.2271,2954.162353515625,True,0.0,455,1.0101303100821025e-05,0.0003784711279109049,1.7331289133084208e-07,True,456,magic-formula,0.2199161866963608,-1.8295518801220917e-05,0.0518925,121.66691171767108,222.57643636023604,121.66828882710927,40.134883880615234,7.646711310371757e-06,0.0003786478182278901,1.9052531292023876e-07,22.809350249605927,-0.02483999832694157,11.1016139820568,6.2271,6.2271,2954.17236328125,True,0.0,455,1.012316937273137e-05,0.0003787244648621776,4.124419874115393e-07,True,456,magic-formula,0.21992115239535048,-0.00015692250940536326,0.0518925
1.850000000000,222,held_throttle,0.0,0.15,0.0,1,0.0029961050022393465,75.57141876220703,0.418757826089859,-0.00040635737241245806,40.10279083251953,0.009336167946457863,3.929568720195675e-06,asphalt,0.0,0.15,0.0,4878.720128883089,4,-0.6413279175758362,-3.324649151181802e-05,675.638254661005,159.89143332696227,-0.0,6040.310691553163,5731.689308446837,1.3315641353983665e-06,1.0926222844857828e-05,False,-0.0,True,0,0,0.0002922401181422174,40.10279083251953,0.08153805136680603,False,True,-0.8369961380958557,76.67150115966797,-4.470348358154297e-08,0.0,0.0,1.0,2929.69921875,2929.69921875,0.3389371335506439,0.06106287240982056,0.0,asphalt,True,0.8430038094520569,76.67147827148438,1.1175870895385742e-08,0.0,0.0,1.0,2929.712890625,2929.712890625,0.3389369547367096,0.06106305122375488,0.0,asphalt,True,-0.8370117545127869,74.47149658203125,-1.4901161193847656e-08,0.0,0.0,1.0,2952.4091796875,2952.4091796875,0.33857861161231995,0.06142139434814453,0.0,asphalt,True,0.8429881930351257,74.47148895263672,-7.450580596923828e-09,0.0,0.0,1.0,2952.42431640625,2952.42431640625,0.3385784924030304,0.06142151355743408,0.0,asphalt,462,121.53865985274177,229.06079741624052,121.53902383874964,40.102821350097656,6.077782018110156e-06,0.0001230936163827286,1.5155497327858976e-07,7.321014280690631,-0.006784379924098109,0.0,0.0,-0.0,2929.237060546875,True,0.0,461,2.3129777452682303e-07,0.0001225904144570379,1.3632537815995812e-07,True,462,magic-formula,0.08844190240839384,-8.243606224968813e-05,0.0,121.53866676264106,229.06074014915606,121.53903074864893,40.10282516479492,6.077811121940613e-06,0.00012305534226958987,1.5155568459241858e-07,7.330097132657116,-0.002979803887473034,0.0,0.0,-0.0,2929.248291015625,True,0.0,461,2.312984097682283e-07,0.0001227420368186819,5.987595343368141e-08,True,462,magic-formula,0.08845451752486573,-3.630748191770588e-05,0.0,121.5620668698087,228.65692632275363,121.56243085581657,40.102821350097656,9.001698344945908e-06,0.000315706389550197,2.2446546257583536e-07,18.999274713405356,-0.012608124009072956,9.911400010574457,6.2271,6.2271,2952.75537109375,True,0.0,461,5.69513179041143e-06,0.0003156120786062514,2.0944323511493238e-07,True,462,magic-formula,0.18734402485902904,-4.714771730562072e-05,0.0518925,121.5620730126113,228.65708863874653,121.56243699861916,40.10282516479492,9.001727448776364e-06,0.00031566178479416624,2.2446616695420656e-07,19.008156758224196,-0.02462549544672549,9.911400010574457,6.2271,6.2271,2952.771484375,True,0.0,461,5.701479311535347e-06,0.0003157579056472394,4.0907194779842264e-07,True,462,magic-formula,0.18734437111626093,-0.0001652690911829479,0.0518925
1.900000000000,228,held_throttle,0.0,0.15,0.0,1,0.0030106587801128626,77.57562255859375,0.4187418222427368,-0.000402999110519886,40.070613861083984,0.009555673226714134,6.277234206208959e-06,asphalt,0.0,0.15,0.0,4817.35420030931,4,-0.6449892520904541,-3.707585347001441e-05,674.5556478593497,159.95899300246347,-0.0,6038.325902885753,5733.674097114247,1.0700719030865002e-06,1.1906715806666034e-05,False,-0.0,True,0,0,0.00029022686067037284,40.070613861083984,0.08133447915315628,False,True,-0.8369816541671753,78.67569732666016,-2.60770320892334e-08,0.0,0.0,1.0,2935.011474609375,2935.011474609375,0.33892539143562317,0.06107461452484131,0.0,asphalt,True,0.8430182933807373,78.67568969726562,-3.725290298461914e-09,0.0,0.0,1.0,2935.02880859375,2935.02880859375,0.33892515301704407,0.06107485294342041,0.0,asphalt,True,-0.8369971513748169,76.47569274902344,-1.862645149230957e-08,0.0,0.0,1.0,2950.00439453125,2950.00439453125,0.33855846524238586,0.06144154071807861,0.0,asphalt,True,0.8430027961730957,76.47569274902344,3.725290298461914e-09,0.0,0.0,1.0,2950.021728515625,2950.021728515625,0.33855822682380676,0.061441779136657715,0.0,asphalt,468,121.4410228632107,235.1351918902113,121.44065776054707,40.070579528808594,7.136579370126128e-06,0.0001237320774803769,1.7810022849794912e-07,7.382470506578857,-0.008196035116143061,0.0,0.0,-0.0,2934.04150390625,True,0.0,467,2.3538699401918693e-07,0.00012341707734348,1.6442151039902347e-07,True,468,magic-formula,0.08894769672122328,-9.462406369583233e-05,0.0,121.44102920216564,235.13513502496463,121.440664099502,40.07058334350586,7.136608473956585e-06,0.00012368907051618148,1.781009378570258e-07,7.391302370446888,-0.00435304405235087,0.0,0.0,-0.0,2934.056396484375,True,0.0,467,2.392710534439143e-07,0.00012356409806879242,8.73264058376276e-08,True,468,magic-formula,0.08894710926102982,-4.8122418425653695e-05,0.0,121.45947313976654,234.7323527812985,121.45910803710291,40.070579528808594,9.486248018220067e-06,0.00027567875095062895,2.3673847819944275e-07,16.586793026804433,-0.013431194235474857,9.155411781329267,6.2271,6.2271,2950.43505859375,True,0.0,467,3.6901249993296074e-06,0.0002757523579336927,2.2329089440438523e-07,True,468,magic-formula,0.16657250691621459,-6.07934182875806e-05,0.0518925,121.45947699521949,234.73251544825624,121.45911189255585,40.07058334350586,9.486248018220067e-06,0.00027561527672057625,2.3673845566207117e-07,16.60024179432169,-0.02392927463894584,9.155411781329267,6.2271,6.2271,2950.449951171875,True,0.0,467,3.6979363836914963e-06,0.0002759745521679978,3.9781805364119254e-07,True,468,magic-formula,0.16657863041861018,-0.00016581965736053628,0.0518925
1.950000000000,234,held_throttle,0.0,0.15,0.0,1,0.0030251082498580217,79.57807922363281,0.41872385144233704,-0.00040032982360571623,40.033164978027344,0.005758569575846195,7.494481906178407e-06,asphalt,0.0,0.15,0.0,4776.631550679914,4,-0.7548515796661377,-3.784802174777724e-05,673.3263557307623,160.0972381498471,-0.0,6042.834034954506,5729.165965045494,8.409497809225286e-07,1.2028311333757403e-05,False,-0.0,True,0,0,0.000288094743154943,40.033164978027344,0.08153724670410156,False,True,-0.8369672298431396,80.67813110351562,1.862645149230957e-08,0.0,0.0,1.0,2948.107666015625,2948.107666015625,0.3388344943523407,0.06116551160812378,0.0,asphalt,True,0.843032717704773,80.67811584472656,1.4901161193847656e-08,0.0,0.0,1.0,2948.11962890625,2948.11962890625,0.33883431553840637,0.061165690422058105,0.0,asphalt,True,-0.8369826078414917,78.4781265258789,2.60770320892334e-08,0.0,0.0,1.0,2941.6611328125,2941.6611328125,0.3386134207248688,0.0613865852355957,0.0,asphalt,True,0.8430173993110657,78.47811889648438,3.725290298461914e-09,0.0,0.0,1.0,2941.67431640625,2941.67431640625,0.3386131823062897,0.061386823654174805,0.0,asphalt,474,121.3309628831277,241.20439941990787,121.3291734427268,40.03300476074219,7.429247489199042e-06,0.00015519671149055316,1.855780632405676e-07,9.32945026180547,-0.008760332820582159,0.0,0.0,-0.0,2946.626953125,True,0.0,473,5.427081376192072e-07,0.00015529988610271404,1.7499153057039143e-07,True,474,magic-formula,0.10467477751326794,-0.00010349742431767292,0.0,121.33096695469507,241.20434287763624,121.32917751429417,40.03300857543945,7.429218385368586e-06,0.0001551349706385213,1.8557731856122302e-07,9.33720929892492,-0.0038753242222629844,0.0,0.0,-0.0,2946.639404296875,True,0.0,473,5.478877130786188e-07,0.00015542838846995829,7.741094507117225e-08,True,474,magic-formula,0.10468848123491818,-4.8487319685791435e-05,0.0,121.21189401966453,240.7958935892584,121.21010457926363,40.03300476074219,9.275827324017882e-06,-0.0008263115509464102,2.317044993113764e-07,-49.54103496653832,-0.013278267576643356,23.63430005504473,41.514,41.514,2942.937255859375,True,0.0,473,0.0001265766993755341,-0.000825766824613006,2.2133679276293354e-07,True,474,magic-formula,-0.4013111918810689,-0.00023881736078179008,0.3459500000000001,121.21190349828947,240.7960565259987,121.21011405788857,40.03300857543945,9.275798220187426e-06,-0.0008263286268276715,2.317037502366992e-07,-49.582192769097176,0.017883612675695024,23.63430005504473,41.514,41.514,2942.95068359375,True,0.0,473,0.0001269055364252938,-0.000826449193856348,-2.980990891512632e-07,True,474,magic-formula,-0.40131469931269437,1.3792511690514471e-05,0.3459500000000001
2.000000000000,240,held_throttle,0.0,0.15,0.0,1,0.0030394508503377438,81.57866668701172,0.41871923208236694,-0.00039826129795983434,39.99691390991211,0.0001298768474953249,8.160704055626411e-06,asphalt,0.0,0.15,0.0,4750.422140378572,4,-0.7054137587547302,-3.690540688694455e-05,672.0938265170389,160.06905620858817,-0.0,6045.904054533656,5726.095945466344,6.485091148533684e-07,1.1514426555509508e-05,False,-0.0,True,0,0,0.0002859763044398278,39.99691390991211,0.08179247379302979,False,True,-0.8369529247283936,82.67867279052734,-2.60770320892334e-08,0.0,0.0,1.0,2952.17138671875,2952.17138671875,0.3387218415737152,0.06127816438674927,0.0,asphalt,True,0.8430470824241638,82.67865753173828,-7.450580596923828e-09,0.0,0.0,1.0,2952.182861328125,2952.182861328125,0.3387216031551361,0.06127840280532837,0.0,asphalt,True,-0.836968183517456,80.47866821289062,1.4901161193847656e-08,0.0,0.0,1.0,2935.858642578125,2935.858642578125,0.3387168347835541,0.0612831711769104,0.0,asphalt,True,0.8430317640304565,80.4786605834961,-7.450580596923828e-09,0.0,0.0,1.0,2935.8701171875,2935.8701171875,0.338716596364975,0.0612834095954895,0.0,asphalt,480,121.21944874441549,247.26792413694213,121.2177287415631,39.996761322021484,7.372029358521104e-06,0.00014143054209024707,1.8431565743954665e-07,8.536526184341302,-0.008810019100250675,0.0,0.0,-0.0,2951.966064453125,True,0.0,479,4.0225462459501755e-07,0.00014184363545394294,1.7566564721989308e-07,True,480,magic-formula,0.0985388308417054,-0.00010241827972055281,0.0,121.21945177551875,247.26786789165212,121.21773177266637,39.996761322021484,7.372029358521104e-06,0.000141455550717064,1.8431565743954665e-07,8.543793723475122,-0.004330510092001348,0.0,0.0,-0.0,2951.98095703125,True,0.0,479,4.021891174010189e-07,0.00014196367787730585,8.634688670388762e-08,True,480,magic-formula,0.09854010951585986,-5.0503310496487985e-05,0.0,121.16056061658689,246.85509215527594,121.15884061373451,39.996761322021484,8.796079782769084e-06,-0.00034443585161531676,2.199198008046212e-07,-20.57761759081967,-0.012660903908238132,33.26052350075101,41.514,41.514,2936.56103515625,True,0.0,479,9.79606544689302e-06,-0.0003437169968530287,2.1148149459985542e-07,True,480,magic-formula,-0.15786517630385308,-0.00015696142187957457,0.3459500000000001,121.16056774614603,246.85525538392798,121.15884774329365,39.996761322021484,8.796079782769084e-06,-0.0003443770279897003,2.199198008046212e-07,-20.5969670675305,0.00025081844463179333,33.26052350075101,41.514,41.514,2936.57275390625,True,0.0,479,9.832024883719734e-06,-0.00034403883540786643,-4.190294905995667e-09,True,480,magic-formula,-0.15786874136512682,-5.769019751749921e-05,0.3459500000000001
2.050000000000,246,held_throttle,0.0,0.15,0.0,1,0.0030536905396729708,83.57750701904297,0.4187227785587311,-0.0003966687945649028,39.96268844604492,-0.004022530745714903,8.054687896219548e-06,asphalt,0.0,0.15,0.0,4733.671717909993,4,-0.6715391278266907,-3.4026073990389705e-05,670.9347852567549,159.98511762550967,-0.0,6045.334473812824,5726.665526187176,4.958210979566502e-07,1.0622726817306177e-05,False,-0.0,True,0,0,0.00028397206915542483,39.96268844604492,0.08181092143058777,False,True,-0.836938738822937,84.67747497558594,-1.1175870895385742e-08,0.0,0.0,1.0,2950.89794921875,2950.89794921875,0.33864566683769226,0.06135433912277222,0.0,asphalt,True,0.8430612087249756,84.67747497558594,-3.3527612686157227e-08,0.0,0.0,1.0,2950.906494140625,2950.906494140625,0.33864548802375793,0.06135451793670654,0.0,asphalt,True,-0.8369539380073547,82.47748565673828,0.0,0.0,0.0,1.0,2934.104736328125,2934.104736328125,0.3388001024723053,0.06119990348815918,0.0,asphalt,True,0.8430459499359131,82.47747039794922,2.2351741790771484e-08,0.0,0.0,1.0,2934.11572265625,2934.11572265625,0.3387998640537262,0.06120014190673828,0.0,asphalt,486,121.11464580450019,253.32607551795795,121.11372268594613,39.96260452270508,6.87700230628252e-06,0.0001308371374296965,1.7208593855225898e-07,7.892736674385749,-0.008283269466800742,0.0,0.0,-0.0,2951.3359375,True,0.0,485,3.038900624799646e-07,0.00013117433080460757,1.6519782747088057e-07,True,486,magic-formula,0.0932594897644933,-9.659928926523296e-05,0.0,121.1146461713724,253.3260194086188,121.11372305281834,39.962608337402344,6.87700230628252e-06,0.00013074469780436615,1.720859221255094e-07,7.898674179763147,-0.004139865676874119,0.0,0.0,-0.0,2951.346923828125,True,0.0,485,3.0812834683765913e-07,0.0001312725215998446,8.256330026981882e-08,True,486,magic-formula,0.09326622903756722,-4.743858191411797e-05,0.0,121.09780782063095,252.91146187627706,121.09688470207689,39.96260452270508,7.965805707499385e-06,-8.2062193087744e-06,1.9933149509745897e-07,-0.4499847043410482,-0.011523534527541231,39.65800068389717,41.514,41.514,2934.10693359375,True,0.0,485,5.556459762374901e-10,-7.522476300237482e-06,1.926410268432461e-07,True,486,magic-formula,0.014330414531190347,-9.295393132960891e-05,0.3459500000000001,121.09781090182783,252.91162532004734,121.09688778327377,39.962608337402344,7.965805707499385e-06,-8.276231530437651e-06,1.993314760699395e-07,-0.44845236014184897,-0.01127107434480091,39.65800068389717,41.514,41.514,2934.115234375,True,0.0,485,5.257960321000507e-10,-7.496838614102129e-06,1.8842007075772736e-07,True,486,magic-formula,0.014341801597885019,-0.00010196883065828659,0.3459500000000001
2.100000000000,252,held_throttle,0.0,0.15,0.0,1,0.0030678347684442997,85.5746841430664,0.4187227487564087,-0.00039547981577925384,39.92985916137695,-0.005472598131746054,7.71719805925386e-06,asphalt,0.0,0.15,0.0,4722.495398300599,4,-0.6481928825378418,-3.082710099988617e-05,669.8265222532619,159.93481287695377,-0.0,6043.01467309727,5728.98532690273,3.6667532299361483e-07,9.535192233180943e-06,False,-0.0,True,0,0,0.00028213547193445265,39.92985916137695,0.08164096623659134,False,True,-0.8369246125221252,86.67465209960938,2.60770320892334e-08,0.0,0.0,1.0,2947.328369140625,2947.328369140625,0.3386177718639374,0.0613822340965271,0.0,asphalt,True,0.8430753350257874,86.67464447021484,-2.2351741790771484e-08,0.0,0.0,1.0,2947.335205078125,2947.335205078125,0.33861759305000305,0.061382412910461426,0.0,asphalt,True,-0.8369396924972534,84.47465515136719,1.862645149230957e-08,0.0,0.0,1.0,2936.159912109375,2936.159912109375,0.33882787823677063,0.06117212772369385,0.0,asphalt,True,0.8430601954460144,84.47463989257812,1.1175870895385742e-08,0.0,0.0,1.0,2936.167724609375,2936.167724609375,0.3388276994228363,0.061172306537628174,0.0,asphalt,492,121.0145476353629,259.37915967549674,121.01455117346009,39.92985916137695,6.28223642706871e-06,0.00012375596600115545,1.5733179527828867e-07,7.453273859026776,-0.007624091832974368,0.0,0.0,-0.0,2947.994140625,True,0.0,491,2.410992358334628e-07,0.00012401101450731136,1.5222381087128691e-07,True,492,magic-formula,0.08958167437311576,-8.994902493976326e-05,0.0,121.01454709006318,259.37910363496223,121.01455062816036,39.92985916137695,6.28223642706871e-06,0.00012375145937587706,1.5733179527828867e-07,7.458737181633953,-0.003712332466044072,0.0,0.0,-0.0,2947.99755859375,True,0.0,491,2.486517407668349e-07,0.00012410177211877267,7.412090574457622e-08,True,492,magic-formula,0.08958192025063717,-4.274956945034773e-05,0.0,121.02563755759765,258.9644774124666,121.02564109569484,39.92985916137695,7.087452104315162e-06,0.00021540853914629092,1.7749754828012475e-07,12.931542239241011,-0.010327557447012685,43.909163792093516,41.514,41.514,2935.600830078125,True,0.0,491,1.656858057249365e-06,0.00021607011579342905,1.725606475701329e-07,True,492,magic-formula,0.128837393292955,-4.666026259474719e-05,0.3459500000000001,121.025638323512,258.96464102172234,121.02564186160919,39.92985916137695,7.087452104315162e-06,0.0002154148690393796,1.7749754828012475e-07,12.937693336128874,-0.018502967746000635,43.909163792093516,41.514,41.514,2935.611328125,True,0.0,491,1.6585611213406019e-06,0.00021617212110428946,3.091607891057985e-07,True,492,magic-formula,0.12883808568435492,-0.00012780686043646554,0.3459500000000001
2.150000000000,258,held_throttle,0.0,0.15,0.0,1,0.0030818928498774767,87.57024383544922,0.4187150001525879,-0.00039462349377572536,39.89793395996094,-0.004413813818246126,7.155398634495214e-06,asphalt,0.0,0.15,0.0,4714.577523777261,4,-0.633087158203125,-2.7092828531749547e-05,668.751780172213,160.00485128907576,-0.0,6040.104289650911,5731.895710349089,2.6011846898654767e-07,8.351126858697817e-06,False,-0.0,True,0,0,0.0002804835676215589,39.89793395996094,0.08158393204212189,False,True,-0.8369105458259583,88.67021942138672,-1.4901161193847656e-08,0.0,0.0,1.0,2944.2333984375,2944.2333984375,0.338630348443985,0.06136965751647949,0.0,asphalt,True,0.8430894613265991,88.67021179199219,-3.725290298461914e-08,0.0,0.0,1.0,2944.240966796875,2944.240966796875,0.33863016963005066,0.06136983633041382,0.0,asphalt,True,-0.8369256854057312,86.47021484375,2.2351741790771484e-08,0.0,0.0,1.0,2942.33642578125,2942.33642578125,0.3387998640537262,0.06120014190673828,0.0,asphalt,True,0.8430742621421814,86.47021484375,3.725290298461914e-09,0.0,0.0,1.0,2942.345703125,2942.345703125,0.3387996256351471,0.06120038032531738,0.0,asphalt,498,120.91747140039318,265.4273651823957,120.91814389445447,39.89799499511719,5.587004125118256e-06,0.00011956909145804356,1.4003220276612824e-07,7.182764760998839,-0.006781283571205755,0.0,0.0,-0.0,2944.765380859375,True,0.0,497,2.1752080031093952e-07,0.00011964117989883787,1.355446054379496e-07,True,498,magic-formula,0.08736853423219823,-8.218550297652364e-05,0.0,120.91747174962087,265.4273092633728,120.91814424368216,39.89799499511719,5.587004125118256e-06,0.00011957197995246828,1.4003220276612824e-07,7.194417661046765,-0.003011355280258482,0.0,0.0,-0.0,2944.775634765625,True,0.0,497,2.2260168321902595e-07,0.00011983486210707303,6.01908811923264e-08,True,498,magic-formula,0.08737593845063629,-3.616089372189349e-05,0.0,120.94700392484143,265.01374866374107,120.94767641890272,39.89799499511719,6.158225005492568e-06,0.0003638353276214416,1.543492349990564e-07,21.847205789237837,-0.00899086631219238,46.73495556142699,41.514,41.514,2941.40625,True,0.0,497,8.937879629711332e-06,0.0003643230295768004,1.4993069992735236e-07,True,498,magic-formula,0.20522813949788893,-1.09741023564628e-05,0.3459500000000001,120.94700271097429,265.0139123487933,120.94767520503558,39.89799499511719,6.158225005492568e-06,0.00036382528761428316,1.543492349990564e-07,21.86382563343359,-0.02281812153523859,46.73495556142699,41.514,41.514,2941.40966796875,True,0.0,497,8.969476442878185e-06,0.00036459976608332157,3.8051426624972376e-07,True,498,magic-formula,0.2052292852094697,-0.0001405875501516746,0.3459500000000001
2.200000000000,264,held_throttle,0.0,0.15,0.0,1,0.0030958738643676043,89.56422424316406,0.4187087416648865,-0.00039403251139447093,39.86665725708008,-0.0017819061176851392,6.368971298797987e-06,asphalt,0.0,0.15,0.0,4708.5482293377945,4,-0.621185302734375,-2.328379196114838e-05,667.700514883945,160.04098376975026,-0.0,6037.151509335109,5734.848490664891,1.7135315033556253e-07,7.154395293370662e-06,False,-0.0,True,0,0,0.00027902048896066844,39.86665725708008,0.08169300854206085,False,True,-0.8368965983390808,90.66421508789062,3.725290298461914e-09,0.0,0.0,1.0,2940.62744140625,2940.62744140625,0.3386745750904083,0.06132543087005615,0.0,asphalt,True,0.8431033492088318,90.66419982910156,-2.9802322387695312e-08,0.0,0.0,1.0,2940.632080078125,2940.632080078125,0.3386744558811188,0.0613255500793457,0.0,asphalt,True,-0.8369117379188538,88.46421813964844,2.9802322387695312e-08,0.0,0.0,1.0,2946.889892578125,2946.889892578125,0.3387430012226105,0.061257004737854004,0.0,asphalt,True,0.8430882096290588,88.4642105102539,0.0,0.0,0.0,1.0,2946.893310546875,2946.893310546875,0.3387428820133209,0.061257123947143555,0.0,asphalt,504,120.82242388371006,271.4707986228105,120.8234205516018,39.86674499511719,4.806526703760028e-06,0.00011676113782810947,1.2056481421667858e-07,6.994668335552371,-0.005896449873670234,0.0,0.0,-0.0,2941.24609375,True,0.0,503,1.9496968219600662e-07,0.00011664750936232635,1.179995206170018e-07,True,504,magic-formula,0.08579243368049659,-7.419714296593052e-05,0.0,120.82242572216065,271.47074277094583,120.82342239005239,39.86674499511719,4.806555807590485e-06,0.00011677635574203808,1.2056554424443633e-07,7.001312649579516,-0.0022249384993281644,0.0,0.0,-0.0,2941.25048828125,True,0.0,503,1.9123912171991628e-07,0.00011675814011907294,4.4525300636568665e-08,True,504,magic-formula,0.08578932913663245,-2.902117723676823e-05,0.0,120.86411765240624,271.05899573779993,120.86511432029798,39.86674499511719,5.182810127735138e-06,0.0004618844648373168,1.300033430963549e-07,27.755847507671778,-0.007659786547873821,48.615014993544506,41.514,41.514,2946.25634765625,True,0.0,503,1.8968275459879684e-05,0.00046209767159492243,1.2752389327928678e-07,True,504,magic-formula,0.2558793416075196,1.6630282001554038e-05,0.3459500000000001,120.86411664997135,271.0591595101614,120.86511331786309,39.86674499511719,5.182810127735138e-06,0.00046187616710655955,1.300033430963549e-07,27.778386026734378,-0.02525784730389068,48.615014993544506,41.514,41.514,2946.262451171875,True,0.0,503,1.902919701662368e-05,0.00046247196808643794,4.2050999112520954e-07,True,504,magic-formula,0.25588178499806546,-0.00014534795008672605,0.3459500000000001
2.250000000000,270,held_throttle,0.0,0.15,0.0,1,0.003109787357971072,91.55665588378906,0.4187082350254059,-0.0003936486318707466,39.8358154296875,0.0014427767600864172,5.709814558940707e-06,asphalt,0.0,0.15,0.0,4703.605679793388,4,-0.6138609647750854,-1.975138729903847e-05,666.6659067868433,160.02852040328744,-0.0,6034.428734092873,5737.571265907127,1.1062845572951119e-07,6.013319927491834e-06,False,-0.0,True,0,0,0.0002777522604446858,39.8358154296875,0.08179532736539841,False,True,-0.8368826508522034,92.65666198730469,-4.470348358154297e-08,0.0,0.0,1.0,2937.135498046875,2937.135498046875,0.33873602747917175,0.061263978481292725,0.0,asphalt,True,0.8431172966957092,92.65666198730469,1.4901161193847656e-08,0.0,0.0,1.0,2937.142822265625,2937.142822265625,0.3387358486652374,0.06126415729522705,0.0,asphalt,True,-0.8368977904319763,90.45667266845703,1.862645149230957e-08,0.0,0.0,1.0,2949.749755859375,2949.749755859375,0.33868059515953064,0.06131941080093384,0.0,asphalt,True,0.843102216720581,90.45664978027344,1.4901161193847656e-08,0.0,0.0,1.0,2949.755859375,2949.755859375,0.3386804163455963,0.061319589614868164,0.0,asphalt,510,120.7287350027415,277.5095265698478,120.72974959673016,39.835906982421875,4.1401071939617395e-06,0.00011486040683948388,1.0392903055498654e-07,6.866812445027713,-0.0050465579394037546,0.0,0.0,-0.0,2937.6689453125,True,0.0,509,1.8441864908179654e-07,0.00011465474081957568,1.0111448774841872e-07,True,510,magic-formula,0.08476457512226991,-6.670625261933654e-05,0.0,120.728735623602,277.509470815432,120.72975021759066,39.835906982421875,4.1401071939617395e-06,0.00011486555003774619,1.0392903055498654e-07,6.878577806257549,-0.0014417046862401654,0.0,0.0,-0.0,2937.673583984375,True,0.0,509,1.8493490077328239e-07,0.00011485100558779752,2.8886409873559646e-08,True,510,magic-formula,0.08476940402152126,-2.2083413350948445e-05,0.0,120.77847647833183,277.1000312504747,120.77949107232048,39.835906982421875,4.383036866784096e-06,0.0005269179747028007,1.1002728941801555e-07,31.688172174922318,-0.006446501599922619,49.86810586729073,41.514,41.514,2949.373291015625,True,0.0,509,2.8696522554153212e-05,0.0005270120033138427,1.0721100629141565e-07,True,510,magic-formula,0.28960016951907464,3.788039826382159e-05,0.3459500000000001,120.77847496505954,277.10019511695964,120.7794895590482,39.835906982421875,4.383036866784096e-06,0.0005269054387800848,1.1002728941801555e-07,31.716291199142177,-0.026566042908506723,49.86810586729073,41.514,41.514,2949.382568359375,True,0.0,509,2.8773135017019202e-05,0.0005274780271378686,4.4182584303585484e-07,True,510,magic-formula,0.28960369354549037,-0.00014576104632489474,0.3459500000000001
2.300000000000,276,held_throttle,0.0,0.15,0.0,1,0.0031236421782523394,93.54756164550781,0.4187113642692566,-0.00039340907824225724,39.805301666259766,0.00446859048679471,4.678411642089486e-06,asphalt,0.0,0.15,0.0,4699.283799408046,4,-0.6083678603172302,-1.6470175978611223e-05,665.6435817865713,160.00028205169045,-0.0,6032.034408064808,5739.965591935192,6.578444811111694e-08,4.956179752850344e-06,False,-0.0,True,0,0,0.00027664939989335835,39.805301666259766,0.08181832730770111,False,True,-0.8368688225746155,94.64759826660156,1.1175870895385742e-08,0.0,0.0,1.0,2934.578369140625,2934.578369140625,0.3387972414493561,0.0612027645111084,0.0,asphalt,True,0.8431311249732971,94.64759063720703,7.450580596923828e-09,0.0,0.0,1.0,2934.585205078125,2934.585205078125,0.33879706263542175,0.061202943325042725,0.0,asphalt,True,-0.8368839621543884,92.44759368896484,-2.60770320892334e-08,0.0,0.0,1.0,2951.262939453125,2951.262939453125,0.33862563967704773,0.06137436628341675,0.0,asphalt,True,0.8431159853935242,92.44758605957031,-2.9802322387695312e-08,0.0,0.0,1.0,2951.265380859375,2951.265380859375,0.3386255204677582,0.0613744854927063,0.0,asphalt,516,120.63603820359056,283.5435928145182,120.63685562913959,39.80537414550781,3.4584372770041227e-06,0.0001135138602279039,8.688367717288274e-08,6.774238387876174,-0.004247866271424114,0.0,0.0,-0.0,2934.92041015625,True,0.0,515,1.7118170518120527e-07,0.00011321495919768442,8.519134404425525e-08,True,516,magic-formula,0.08397645240432881,-5.962765453672677e-05,0.0,120.63603903373073,283.54353711805885,120.63685645927976,39.80537414550781,3.4584372770041227e-06,0.00011352074237037294,8.688367717288274e-08,6.780379926775747,-0.0006902812334733549,0.0,0.0,-0.0,2934.92431640625,True,0.0,515,1.711235033623486e-07,0.00011331744961795014,1.3843624304121415e-08,True,516,magic-formula,0.08397703555076168,-1.5427588435608247e-05,0.0,120.69112882236335,283.13673260257985,120.69194624791238,39.80537414550781,3.602879587560892e-06,0.000570233702341848,9.051239097491264e-08,34.307595323622415,-0.0053453323269788385,50.705866508106446,41.514,41.514,2951.08544921875,True,0.0,515,3.677166053109378e-05,0.000570248234576425,8.884557886657887e-08,True,516,magic-formula,0.31201507647351345,5.4516085338324695e-05,0.3459500000000001,120.69112558703544,283.1368965044142,120.69194301258447,39.80537414550781,3.602879587560892e-06,0.0005702068803804006,9.051239097491264e-08,34.34061322165301,-0.02715080659305498,50.705866508106446,41.514,41.514,2951.090576171875,True,0.0,515,3.686011070299862e-05,0.0005707960961393084,4.5129292121914274e-07,True,516,magic-formula,0.3120163083090009,-0.00014358235148911598,0.3459500000000001
2.350000000000,282,held_throttle,0.0,0.15,0.0,1,0.0031374467071145773,95.53693389892578,0.41871392726898193,-0.00039328105049207807,39.77500915527344,0.006801386829465628,3.8473826862173155e-06,asphalt,0.0,0.15,0.0,4695.314564940203,4,-0.6037904024124146,-1.3185045645514037e-05,664.6296893682509,159.97870675649847,-0.0,6030.024210888881,5741.975789111119,3.105243706613692e-08,4.018571125951045e-06,False,-0.0,True,0,0,0.00027571339160203934,39.77500915527344,0.0817674994468689,False,True,-0.8368549942970276,96.6369857788086,3.725290298461914e-08,0.0,0.0,1.0,2933.289794921875,2933.289794921875,0.33884450793266296,0.061155498027801514,0.0,asphalt,True,0.843144953250885,96.63697814941406,7.450580596923828e-09,0.0,0.0,1.0,2933.291748046875,2933.291748046875,0.3388444483280182,0.06115555763244629,0.0,asphalt,True,-0.8368701338768005,94.4369888305664,7.450580596923828e-09,0.0,0.0,1.0,2951.84765625,2951.84765625,0.338583379983902,0.0614166259765625,0.0,asphalt,True,0.8431298136711121,94.43698120117188,2.2351741790771484e-08,0.0,0.0,1.0,2951.8515625,2951.8515625,0.3385832607746124,0.06141674518585205,0.0,asphalt,522,120.54402969610031,289.5730303409805,120.54454441666688,39.775054931640625,2.77566141448915e-06,0.00011250438447335191,6.978397438443604e-08,6.710491897852032,-0.00343167509054061,0.0,0.0,-0.0,2933.41455078125,True,0.0,521,1.6845862377119607e-07,0.0001122071598923105,6.885788506155999e-08,True,522,magic-formula,0.08339008142429166,-5.250057801471463e-05,0.0,120.54402963963746,289.5729747147847,120.54454436020403,39.775054931640625,2.7756323106586933e-06,0.00011250391602045279,6.978324267380718e-08,6.716198438814952,9.531112784255727e-05,0.0,0.0,-0.0,2933.419189453125,True,0.0,521,1.716328877940569e-07,0.00011230240248587556,-1.912459706360613e-09,True,522,magic-formula,0.08338542894703568,-8.596642272954283e-06,0.0,120.60269940488942,289.16902368564155,120.60321412545599,39.775054931640625,2.8438225854188204e-06,0.000599266852399087,7.149764067721213e-08,36.0596818204959,-0.004246978876563481,51.268681740275156,41.514,41.514,2951.799560546875,True,0.0,521,4.295410304446295e-05,0.0005992281298627235,7.05718959008971e-08,True,522,magic-formula,0.32698061920242977,6.875075613781647e-05,0.3459500000000001,120.60269797816225,289.1691876240591,120.60321269872883,39.775054931640625,2.8437934815883636e-06,0.0005992550153327804,7.149690896658328e-08,36.08781643092145,-0.02718370648106656,51.268681740275156,41.514,41.514,2951.800048828125,True,0.0,521,4.3035378687149296e-05,0.0005996956019799853,4.517334297301427e-07,True,522,magic-formula,0.3269838377433274,-0.00013904431190532818,0.3459500000000001
2.400000000000,288,held_throttle,0.0,0.15,0.0,1,0.0031512088607996702,97.52479553222656,0.41871315240859985,-0.00039322738302871585,39.744876861572266,0.0082526421174407,3.381075430297642e-06,asphalt,0.0,0.15,0.0,4691.545110797888,4,-0.6010438799858093,-1.067591983883176e-05,663.6224288232496,159.972382162122,-0.0,6028.359755784544,5743.640244215456,1.0956012097551593e-08,3.2204801520338266e-06,False,-0.0,True,0,0,0.00027492709341458976,39.744876861572266,0.08168506622314453,False,True,-0.8368412256240845,98.62486267089844,-3.725290298461914e-09,0.0,0.0,1.0,2933.1552734375,2933.1552734375,0.33887162804603577,0.06112837791442871,0.0,asphalt,True,0.8431587219238281,98.6248550415039,3.725290298461914e-09,0.0,0.0,1.0,2933.16015625,2933.16015625,0.3388715088367462,0.06112849712371826,0.0,asphalt,True,-0.8368563652038574,96.42486572265625,-1.4901161193847656e-08,0.0,0.0,1.0,2951.837890625,2951.837890625,0.3385547697544098,0.06144523620605469,0.0,asphalt,True,0.8431435823440552,96.42485046386719,4.0978193283081055e-08,0.0,0.0,1.0,2951.844482421875,2951.844482421875,0.33855459094047546,0.061445415019989014,0.0,asphalt,528,120.45253103949086,295.59786590837973,120.45273395977871,39.744895935058594,2.2938475012779236e-06,0.00011169504584049829,5.771426612931549e-08,6.6614710161919755,-0.0027981580545370257,0.0,0.0,-0.0,2933.109375,True,0.0,527,1.6408529219572227e-07,0.00011139906121120105,5.6151963045200415e-08,True,528,magic-formula,0.08300754298199581,-4.697836573153163e-05,0.0,120.45253145875692,295.5978103495969,120.45273437904477,39.744895935058594,2.2938475012779236e-06,0.00011169852698681538,5.771426612931549e-08,6.667418315914266,0.0007068883357643779,0.0,0.0,-0.0,2933.1142578125,True,0.0,527,1.6728291915718245e-07,0.00011149833189350367,-1.4185445560872475e-08,True,528,magic-formula,0.08300580802788735,-3.2445997456861683e-06,0.0,120.51361810106033,295.196859533282,120.51382102134818,39.744895935058594,2.317858161404729e-06,0.0006188980424431888,5.8318385464941315e-08,37.245418743228804,-0.0034141882199221463,51.649593872512376,41.514,41.514,2951.8701171875,True,0.0,527,4.751863017159903e-05,0.0006189192536863675,5.6731311169358795e-08,True,528,magic-formula,0.33709695110248683,7.913696282648265e-05,0.3459500000000001,120.51361584428587,295.19702349975535,120.51381876457371,39.744895935058594,2.317858161404729e-06,0.0006188793045510583,5.8318385464941315e-08,37.273207554512034,-0.027120125388874813,51.649593872512376,41.514,41.514,2951.874267578125,True,0.0,527,4.7663509028682745e-05,0.0006193801990760363,4.5066714329641024e-07,True,528,magic-formula,0.3370981303466084,-0.00013524540488242884,0.3459500000000001
2.450000000000,294,held_throttle,0.0,0.15,0.0,1,0.003164934692904353,99.5112075805664,0.4187086820602417,-0.0003932233084924519,39.71722412109375,0.009716772474348545,2.6790025913214777e-06,asphalt,0.0,0.15,0.0,4481.392714829253,5,-0.4774470925331116,-8.489462743455078e-06,662.6650614687605,160.0219900770897,-0.0,6025.044762077174,5746.955237922826,-3.767688827593929e-09,2.5004681151759187e-06,False,-0.0,True,0,0,0.00027424603467807174,39.71722412109375,0.08167705684900284,False,True,-0.8368275165557861,100.61128234863281,1.4901161193847656e-08,0.0,0.0,1.0,2930.385986328125,2930.385986328125,0.3388952314853668,0.061104774475097656,0.0,asphalt,True,0.8431724309921265,100.61127471923828,-3.725290298461914e-09,0.0,0.0,1.0,2930.38818359375,2930.38818359375,0.33889517188072205,0.06110483407974243,0.0,asphalt,True,-0.8368426561355591,98.4112777709961,-2.9802322387695312e-08,0.0,0.0,1.0,2956.96142578125,2956.96142578125,0.33852216601371765,0.061477839946746826,0.0,asphalt,True,0.8431572914123535,98.41127014160156,-4.470348358154297e-08,0.0,0.0,1.0,2956.960205078125,2956.960205078125,0.33852216601371765,0.061477839946746826,0.0,asphalt,534,120.36536657710087,301.61816775495646,120.36607029002619,39.71728515625,1.728010829538107e-06,8.27300803759364e-05,4.3507778105679063e-08,4.906742841528427,-0.0021640010260377263,0.0,0.0,-0.0,2931.41162109375,True,0.0,533,4.384275761412536e-08,8.210239965900638e-05,4.345114992213777e-08,True,534,magic-formula,0.0706263343767546,-3.860590950695852e-05,0.0,120.36536635856679,301.61811223997904,120.3660700714921,39.71728515625,1.728010829538107e-06,8.272826463625366e-05,4.3507778105679063e-08,4.91236162587543,0.00041794139176765257,0.0,0.0,-0.0,2931.410400390625,True,0.0,533,4.341845684351242e-08,8.219645072871379e-05,-8.391883192360774e-09,True,534,magic-formula,0.07062873283787524,-1.3863885843956813e-06,0.0,120.58625831436099,301.22317778369074,120.5869620272863,39.71728515625,1.7197453416883945e-06,0.0019180587794314535,4.329967002837228e-08,115.49074325287408,-0.002602520458855175,43.25868448465013,4.98168,4.98168,2955.3974609375,True,0.0,533,5.115914940306993e-13,0.0019176151267418185,4.3212403513819016e-08,True,534,magic-formula,0.9728847755706077,0.00028748951437946804,0.041513999999999995,120.58625208610707,301.2233418382162,120.58695579903238,39.71728515625,1.7197453416883945e-06,0.001918007030582324,4.329967002837228e-08,115.58598375096591,-0.0761961864159115,43.25868448465013,4.98168,4.98168,2955.3984375,True,0.0,533,5.172751178958119e-12,0.001919197265808793,1.2651664837622018e-06,True,534,magic-formula,0.9728777405000272,-0.00033214911434421124,0.041513999999999995
2.500000000000,300,held_throttle,0.0,0.15,0.0,1,0.0031786314211785793,101.4963607788086,0.41870808601379395,-0.0003932412073481828,39.692508697509766,0.013326364569365978,2.4764447061897954e-06,asphalt,0.0,0.15,0.0,4192.692008738629,5,-0.516356885433197,-6.245513759495225e-06,661.8514800415668,160.0412857309718,-0.0,6017.376204206619,5754.623795793381,-9.180660676122443e-09,1.955794667133273e-06,False,-0.0,True,0,0,0.0002737268805503845,39.692508697509766,0.08181411772966385,False,True,-0.8368138074874878,102.5964584350586,-1.1175870895385742e-08,0.0,0.0,1.0,2925.677978515625,2925.677978515625,0.33896395564079285,0.06103605031967163,0.0,asphalt,True,0.8431861400604248,102.59645080566406,1.4901161193847656e-08,0.0,0.0,1.0,2925.680419921875,2925.680419921875,0.33896389603614807,0.061036109924316406,0.0,asphalt,True,-0.8368289470672607,100.3964614868164,1.862645149230957e-08,0.0,0.0,1.0,2961.54736328125,2961.54736328125,0.3384522497653961,0.06154775619506836,0.0,asphalt,True,0.8431710004806519,100.39644622802734,7.450580596923828e-09,0.0,0.0,1.0,2961.549560546875,2961.549560546875,0.33845219016075134,0.061547815799713135,0.0,asphalt,540,120.29085009735027,307.63454712600674,120.29180426433632,39.69259262084961,1.3635435607284307e-06,8.535374114613912e-05,3.4352595048482475e-08,5.042856026693927,-0.0016847484516762468,0.0,0.0,-0.0,2926.22998046875,True,0.0,539,5.702541944772634e-08,8.452934273200386e-05,3.3888102842304344e-08,True,540,magic-formula,0.06944651983621604,-3.403899265614108e-05,0.0,120.29085136923199,307.6344917160642,120.29180553621804,39.69259262084961,1.3635435607284307e-06,8.536431543573267e-05,3.4352595048482475e-08,5.049213189735986,0.0009672301108333719,0.0,0.0,-0.0,2926.232421875,True,0.0,539,5.393717303452783e-08,8.463583236927841e-05,-1.945546666964975e-08,True,540,magic-formula,0.06945097841691963,2.522121169735084e-06,0.0,120.45654079348168,307.24939299020906,120.45749496046773,39.69259262084961,1.3433746062219143e-06,0.0014628885936981318,3.384446612127498e-08,88.26228647069672,-0.0020143020774426473,30.738179435186264,4.98168,4.98168,2961.28662109375,True,0.0,539,0.0006650238256682058,0.001462317386955053,3.3324071162857695e-08,True,540,magic-formula,0.7798354992669484,0.00023357345080845382,0.041513999999999995,120.45653504265132,307.2495570977776,120.45748920963737,39.69259262084961,1.3433746062219143e-06,0.00146284078190519,3.384446612127498e-08,88.3348497055909,-0.05840348911875504,30.738179435186264,4.98168,4.98168,2961.28857421875,True,0.0,539,0.000666665228612945,0.0014635192373296997,9.676744081969944e-07,True,540,magic-formula,0.7798301016302165,-0.0002643845185884593,0.041513999999999995
2.550000000000,306,held_throttle,0.0,0.15,0.0,1,0.003192304167896509,103.48019409179688,0.41871193051338196,-0.0003932646941393614,39.66545486450195,0.016162220388650894,2.1528624074562686e-06,asphalt,0.0,0.15,0.0,4015.900977225148,5,-0.5566410422325134,-5.0815733629860915e-06,660.9608548976565,159.98256920553007,-0.0,6014.911292867847,5757.088707132153,-9.42599687192569e-09,1.521601782744083e-06,False,-0.0,True,0,0,0.000273265119176358,39.66545486450195,0.08180862665176392,False,True,-0.8368000984191895,104.580322265625,1.4901161193847656e-08,0.0,0.0,1.0,2924.611083984375,2924.611083984375,0.3390222489833832,0.0609777569770813,0.0,asphalt,True,0.8431998491287231,104.58030700683594,1.4901161193847656e-08,0.0,0.0,1.0,2924.6103515625,2924.6103515625,0.3390222489833832,0.0609777569770813,0.0,asphalt,True,-0.8368152379989624,102.38031768798828,-1.1175870895385742e-08,0.0,0.0,1.0,2960.395751953125,2960.395751953125,0.3384017050266266,0.06159830093383789,0.0,asphalt,True,0.8431847095489502,102.38030242919922,1.4901161193847656e-08,0.0,0.0,1.0,2960.397216796875,2960.397216796875,0.3384016454219818,0.061598360538482666,0.0,asphalt,546,120.21024513090126,313.6470526668103,120.21060826009236,39.66548538208008,1.0965450201183558e-06,9.820908731637514e-05,2.7644815374268642e-08,5.804986676282649,-0.00137286245293837,0.0,0.0,-0.0,2924.52197265625,True,0.0,545,9.745667099322184e-08,9.736118159754139e-05,2.7630767488800555e-08,True,546,magic-formula,0.07568237754808582,-3.292730075725807e-05,0.0,120.21024580897033,313.6469973004653,120.21060893816143,39.66548538208008,1.0965450201183558e-06,9.82147285632824e-05,2.7644815374268642e-08,5.811051314037269,0.001681774707108802,0.0,0.0,-0.0,2924.524169921875,True,0.0,545,9.787183629349986e-08,9.74628246441779e-05,-3.384803028340798e-08,True,546,magic-formula,0.0756796802320133,6.920331764743624e-06,0.0,120.32274028715555,313.26871182500327,120.32310341634665,39.66548538208008,1.075852196663618e-06,0.0010341210320797196,2.7123132020203698e-08,62.37640157482999,-0.0016329504640868124,22.503347086244823,4.98168,4.98168,2960.8349609375,True,0.0,545,0.00023184975441224555,0.0010334727959890508,2.703844783615738e-08,True,546,magic-formula,0.5585856641593423,0.000166123535421044,0.041513999999999995,120.322736722239,313.2688760125804,120.3230998514301,39.66548538208008,1.075852196663618e-06,0.001034091373487271,2.7123132020203698e-08,62.4268606607722,-0.0415092710607522,22.503347086244823,4.98168,4.98168,2960.83642578125,True,0.0,545,0.00023238817557281048,0.0010343085152670771,6.877576870699922e-07,True,546,magic-formula,0.5585831034762732,-0.00019077650237521449,0.041513999999999995
2.600000000000,312,held_throttle,0.0,0.15,0.0,1,0.0032059550285339355,105.46263885498047,0.41871199011802673,-0.00039328524144366384,39.63674545288086,0.016748031601309776,1.6181680848603719e-06,asphalt,0.0,0.15,0.0,3907.101152921107,5,-0.5845648646354675,-4.089922640559962e-06,660.0122693664813,159.94476100598877,-0.0,6015.406230787919,5756.593769212081,-9.152012481195015e-09,1.1685703993549627e-06,False,-0.0,True,0,0,0.0002728450344875455,39.63674545288086,0.08166693896055222,False,True,-0.8367863893508911,106.5627670288086,2.9802322387695312e-08,0.0,0.0,1.0,2927.590087890625,2927.590087890625,0.3390335142612457,0.06096649169921875,0.0,asphalt,True,0.8432134985923767,106.56275939941406,2.9802322387695312e-08,0.0,0.0,1.0,2927.588134765625,2927.588134765625,0.3390335142612457,0.06096649169921875,0.0,asphalt,True,-0.8368015885353088,104.3627700805664,7.450580596923828e-09,0.0,0.0,1.0,2956.980224609375,2956.980224609375,0.3383904993534088,0.061609506607055664,0.0,asphalt,True,0.8431983590126038,104.36275482177734,-7.450580596923828e-09,0.0,0.0,1.0,2956.982177734375,2956.982177734375,0.33839043974876404,0.06160956621170044,0.0,asphalt,552,120.12404785964226,319.6553388394079,120.12362483895903,39.6367073059082,8.784118108451366e-07,0.00010668110600383073,2.21615737166493e-08,6.324995954900464,-0.0011034037656738823,0.0,0.0,-0.0,2926.546142578125,True,0.0,551,1.381915280549036e-07,0.0001060094210558467,2.2192184122543694e-08,True,552,magic-formula,0.08000312258236743,-3.174569665361349e-05,0.0,120.12404962574531,319.6552835103595,120.12362660506209,39.6367073059082,8.784118108451366e-07,0.0001066958098995375,2.21615737166493e-08,6.32587502516583,0.002230581397050656,0.0,0.0,-0.0,2926.54736328125,True,0.0,551,1.3827404492232124e-07,0.00010602411043376344,-4.4862494405307026e-08,True,552,magic-formula,0.07999857019172345,1.0439643557475444e-05,0.0,120.20151000754258,319.2816516144669,120.20108698685935,39.6367073059082,8.583301678299904e-07,0.0007516011950974908,2.1654931152720866e-08,45.28316507453246,-0.0013059916852572358,17.086397560522958,4.98168,4.98168,2957.419189453125,True,0.0,551,8.722524308473892e-05,0.0007510889918376851,2.165555523129805e-08,True,552,magic-formula,0.41219912722631424,0.00012199880457349479,0.041513999999999995,120.20150764282118,319.2818158715509,120.20108462213796,39.6367073059082,8.583301678299904e-07,0.0007515815073355568,2.1654931152720866e-08,45.32262859144399,-0.03024439024318081,17.086397560522958,4.98168,4.98168,2957.423095703125,True,0.0,551,8.743453526031737e-05,0.0007517426465614623,5.016547627539147e-07,True,552,magic-formula,0.41220106407862434,-0.00014127474653429563,0.041513999999999995
2.650000000000,318,held_throttle,0.0,0.15,0.0,1,0.0032195860985666513,107.44361114501953,0.4187074899673462,-0.0003933020925614983,39.60696792602539,0.015132266096770763,1.0557666882959893e-06,asphalt,0.0,0.15,0.0,3839.669292711055,5,-0.6019587516784668,-3.2544876376050524e-06,659.0259045108268,160.0209846457696,-0.0,6017.2430294178,5754.7569705822,-3.3992324510734306e-09,8.880372331131478e-07,False,-0.0,True,0,0,0.0002724659279920161,39.60696792602539,0.08168348670005798,False,True,-0.8367727994918823,108.54371643066406,7.450580596923828e-09,0.0,0.0,1.0,2933.286376953125,2933.286376953125,0.33899804949760437,0.06100195646286011,0.0,asphalt,True,0.8432271480560303,108.54371643066406,7.450580596923828e-09,0.0,0.0,1.0,2933.2841796875,2933.2841796875,0.33899804949760437,0.06100195646286011,0.0,asphalt,True,-0.8367879390716553,106.3437271118164,3.3527612686157227e-08,0.0,0.0,1.0,2953.718017578125,2953.718017578125,0.3384169638156891,0.06158304214477539,0.0,asphalt,True,0.8432120084762573,106.34370422363281,3.3527612686157227e-08,0.0,0.0,1.0,2953.717041015625,2953.717041015625,0.3384169638156891,0.06158304214477539,0.0,asphalt,558,120.03423405891388,325.6591784171578,120.03322373224526,39.60688018798828,6.796326488256454e-07,0.00011152232724055236,1.7159459306056627e-08,6.6495363338892854,-0.000879330049878801,0.0,0.0,-0.0,2932.419189453125,True,0.0,557,1.661480326321403e-07,0.00011122565059325659,1.7650091293613514e-08,True,558,magic-formula,0.082648777163438,-3.058495500646637e-05,0.0,120.03423507820415,325.6591232062769,120.03322475153553,39.60688018798828,6.796326488256454e-07,0.000111530819850553,1.7159459306056627e-08,6.655801429681688,0.002635881159305228,0.0,0.0,-0.0,2932.423095703125,True,0.0,557,1.6674901588372997e-07,0.00011133029777396267,-5.290785533502977e-08,True,558,magic-formula,0.0826503790744773,1.3111829274899877e-05,0.0,120.08867984233581,325.2887265238995,120.08766951566719,39.60688018798828,6.721820682287216e-07,0.0005651583734011146,1.6971346014589065e-08,34.04042595307996,-0.0010460525812633708,13.522605814333359,4.98168,4.98168,2954.349853515625,True,0.0,557,3.6253925567950896e-05,0.0005651818700552957,1.736529959824985e-08,True,558,magic-formula,0.3157689179180324,9.33372704141765e-05,0.041513999999999995,120.08867880711422,325.28889084877056,120.0876684804456,39.60688018798828,6.721820682287216e-07,0.0005651497480532134,1.6971346014589065e-08,34.068911345533245,-0.022795388948165494,13.522605814333359,4.98168,4.98168,2954.351806640625,True,0.0,557,3.6348205963965675e-05,0.0005656544814759297,3.784802822759092e-07,True,558,magic-formula,0.31576727206135535,-0.00010830594650882317,0.041513999999999995
2.700000000000,324,held_throttle,0.0,0.15,0.0,1,0.003233199706301093,109.4230728149414,0.41870635747909546,-0.00039328745333477855,39.57648849487305,0.01211580727249384,6.252512321225367e-07,asphalt,0.0,0.15,0.0,3797.417958921653,5,-0.6138606071472168,-2.505875272618141e-06,658.0154177192599,160.0360196599983,-0.0,6019.521037230267,5752.478962769733,7.682049663060297e-09,6.956987682733241e-07,False,-0.0,True,0,0,0.0002721225318964571,39.57648849487305,0.08179076015949249,False,True,-0.8367592096328735,110.52316284179688,-1.1175870895385742e-08,0.0,0.0,1.0,2937.61572265625,2937.61572265625,0.33893898129463196,0.06106102466583252,0.0,asphalt,True,0.8432407379150391,110.52315521240234,-1.1175870895385742e-08,0.0,0.0,1.0,2937.6142578125,2937.6142578125,0.33893898129463196,0.06106102466583252,0.0,asphalt,True,-0.8367743492126465,108.32316589355469,0.0,0.0,0.0,1.0,2949.636474609375,2949.636474609375,0.33847376704216003,0.06152623891830444,0.0,asphalt,True,0.8432255983352661,108.32315826416016,-1.4901161193847656e-08,0.0,0.0,1.0,2949.638671875,2949.638671875,0.33847370743751526,0.06152629852294922,0.0,asphalt,564,119.94217627681735,331.65844215935584,119.94089364632907,39.57637405395508,5.301844794303179e-07,0.00011481894193885402,1.3396489499202459e-08,6.8626972749567345,-0.0006603227079769509,0.0,0.0,-0.0,2937.003173828125,True,0.0,563,1.8528635767735314e-07,0.00011461200474371144,1.3233449311347931e-08,True,564,magic-formula,0.08435328847785425,-2.9176678466281634e-05,0.0,119.94217673306326,331.6583869925891,119.94089410257499,39.57637405395508,5.301844794303179e-07,0.0001148227462577924,1.3396489499202459e-08,6.868683879708977,0.002976233508676605,0.0,0.0,-0.0,2937.00146484375,True,0.0,563,1.8592606938075606e-07,0.00011471205242596297,-5.964634590236975e-08,True,564,magic-formula,0.08435140953851272,1.5520719429110985e-05,0.0,119.98150852109355,331.2902938151811,119.98022589060527,39.57637405395508,5.470355972647667e-07,0.0004427833126375715,1.3822276808860373e-08,26.641694858160932,-0.0008155688056296439,11.177749272788796,4.98168,4.98168,2950.32177734375,True,0.0,563,1.6947718732631593e-05,0.00044293643128795376,1.3558199495381012e-08,True,564,magic-formula,0.2522730942691022,7.491860023843971e-05,0.041513999999999995,119.98150607647551,331.29045815504594,119.98022344598724,39.57637405395508,5.470355972647667e-07,0.0004427629286591829,1.3822276808860373e-08,26.663657999993436,-0.017829322194545305,11.177749272788796,4.98168,4.98168,2950.32373046875,True,0.0,563,1.6991683071751685e-05,0.00044330130677140527,2.9642583105121604e-07,True,564,magic-formula,0.25227264649702974,-8.609862513121321e-05,0.041513999999999995
2.750000000000,330,held_throttle,0.0,0.15,0.0,1,0.0032467965502291918,111.40092468261719,0.4187113642692566,-0.0003932522959075868,39.54222106933594,0.007187961135059595,2.4103840701172885e-07,asphalt,0.0,0.15,0.0,3769.5140240723595,5,-0.710906445980072,-2.000816948566353e-06,656.9034344083342,160.06202814411313,-0.0,6025.380686397268,5746.619313602732,1.6085097698237405e-08,5.873743088435366e-07,False,-0.0,True,0,0,0.0002717943280003965,39.54222106933594,0.0819522887468338,False,True,-0.8367456197738647,112.50099182128906,-1.862645149230957e-08,0.0,0.0,1.0,2946.5263671875,2946.5263671875,0.33884933590888977,0.06115067005157471,0.0,asphalt,True,0.8432543277740479,112.50096893310547,-1.862645149230957e-08,0.0,0.0,1.0,2946.525390625,2946.525390625,0.33884933590888977,0.06115067005157471,0.0,asphalt,True,-0.8367607593536377,110.30097961425781,0.0,0.0,0.0,1.0,2941.624267578125,2941.624267578125,0.3385733664035797,0.061426639556884766,0.0,asphalt,True,0.8432391881942749,110.30097198486328,0.0,0.0,0.0,1.0,2941.6240234375,2941.6240234375,0.3385733664035797,0.061426639556884766,0.0,asphalt,570,119.84136765296844,337.652922481249,119.83931606575189,39.54203796386719,4.04485035687685e-07,0.00014195934002020135,1.0229240993023583e-08,8.531880305000893,-0.0005120374559975984,0.0,0.0,-0.0,2945.2900390625,True,0.0,569,4.039777335338861e-07,0.00014208777920874142,1.0232834747908648e-08,True,570,magic-formula,0.09758979563052267,-3.1376201732085435e-05,0.0,119.84136729941402,337.6528673489983,119.83931571219746,39.54203796386719,4.04485035687685e-07,0.00014195638941445036,1.0229240993023583e-08,8.53748670075415,0.004025883565926248,0.0,0.0,-0.0,2945.289306640625,True,0.0,569,4.095579658027483e-07,0.0001421811824278598,-8.045530324656379e-08,True,570,magic-formula,0.09758601350996417,2.0521257665273424e-05,0.0,119.76013767563333,337.2823023015436,119.75808608841677,39.54203796386719,4.3981708586215973e-07,-0.0005359493844893147,1.1122772333182643e-08,-32.12568892821552,-0.0006603209459502804,20.689987831376392,33.2112,33.2112,2942.992431640625,True,0.0,569,3.648166660476746e-05,-0.0005354472981764726,1.1008588383900368e-08,True,570,magic-formula,-0.25028976526738433,-8.430818469311862e-05,0.27675999999999995,119.76013969264815,337.2824666556286,119.7580881054316,39.54203796386719,4.3981708586215973e-07,-0.0005359325513940703,1.1122772333182643e-08,-32.14778444152149,0.01982044225364298,20.689987831376392,33.2112,33.2112,2942.991943359375,True,0.0,569,3.655530950483866e-05,-0.0005358156833155507,-3.303556917014949e-07,True,570,magic-formula,-0.25027907039410663,7.520184866859808e-05,0.27675999999999995
2.800000000000,336,held_throttle,0.0,0.15,0.0,1,0.0032603766303509474,113.37702178955078,0.41872385144233704,-0.0003932022082153708,39.507781982421875,0.0012007493060082197,2.1572320463292272e-07,asphalt,0.0,0.15,0.0,3751.1176461809887,5,-0.6733703017234802,-1.5989476196409669e-06,655.7494684226174,160.00412790944614,-0.0,6030.939209108331,5741.060790891669,1.8254468159284443e-08,5.046151641132773e-07,False,-0.0,True,0,0,0.0002714699658099562,39.507781982421875,0.08202153444290161,False,True,-0.836732029914856,114.47703552246094,-4.0978193283081055e-08,0.0,0.0,1.0,2949.90966796875,2949.90966796875,0.3387469947338104,0.06125301122665405,0.0,asphalt,True,0.8432679176330566,114.4770278930664,-1.1175870895385742e-08,0.0,0.0,1.0,2949.916015625,2949.916015625,0.3387468755245209,0.061253130435943604,0.0,asphalt,True,-0.8367471694946289,112.27703857421875,-7.450580596923828e-09,0.0,0.0,1.0,2935.731201171875,2935.731201171875,0.3387008011341095,0.06129920482635498,0.0,asphalt,True,0.8432527780532837,112.27702331542969,-7.450580596923828e-09,0.0,0.0,1.0,2935.731201171875,2935.731201171875,0.3387008011341095,0.06129920482635498,0.0,asphalt,576,119.73593540750791,343.6421246390142,119.73413863014777,39.50762176513672,3.432505764067173e-07,0.00013255465925099738,8.688211567055571e-09,7.991821704945913,-0.00038362871821611674,0.0,0.0,-0.0,2949.74658203125,True,0.0,575,3.2881601886991947e-07,0.00013289265925596656,7.655059945421504e-09,True,576,magic-formula,0.09381707186320375,-2.9382588434509687e-05,0.0,119.73593652324693,343.64206956440734,119.7341397458868,39.50762176513672,3.432505764067173e-07,0.00013256397881661946,8.688211567055571e-09,7.9981802196003375,0.003876551936113249,0.0,0.0,-0.0,2949.74658203125,True,0.0,575,3.2979111802199673e-07,0.00013299839277157254,-7.735389214249266e-08,True,576,magic-formula,0.09381268447280533,2.0618941069638216e-05,0.0,119.70228868113509,343.2687023509468,119.70049190377495,39.50762176513672,3.833265509456396e-07,-0.0001484903443951516,9.702597469025686e-09,-8.84999156378027,-0.0005115771729592559,28.759433420911282,33.2112,33.2112,2936.4052734375,True,0.0,575,9.369761327093564e-07,-0.00014783149317747712,8.54553487978912e-09,True,576,magic-formula,-0.058071596069704516,-2.2028573469417498e-05,0.27675999999999995,119.70229019052152,343.268866723096,119.70049341316138,39.50762176513672,3.833265509456396e-07,-0.0001484777367638791,9.702597469025686e-09,-8.855010146894559,0.005123124308068167,28.759433420911282,33.2112,33.2112,2936.4052734375,True,0.0,575,9.336084401424973e-07,-0.00014791532479398992,-8.557746772733816e-08,True,576,magic-formula,-0.05807373838020663,1.4938311811239538e-05,0.27675999999999995
2.850000000000,342,held_throttle,0.0,0.15,0.0,1,0.003273941110819578,115.35144805908203,0.41873490810394287,-0.0003931277897208929,39.475032806396484,-0.002959424862638116,1.8471762075478182e-07,asphalt,0.0,0.15,0.0,3739.2253034906503,5,-0.6440731883049011,-1.4830125110165682e-06,654.6548361809982,159.93117275101935,-0.0,6032.651934196505,5739.348065803495,2.849992597475648e-08,4.5938067488780095e-07,False,-0.0,True,0,0,0.0002711667912080884,39.475032806396484,0.08186173439025879,False,True,-0.8367184400558472,116.45143127441406,-3.725290298461914e-09,0.0,0.0,1.0,2948.797607421875,2948.797607421875,0.3386780917644501,0.061321914196014404,0.0,asphalt,True,0.8432815074920654,116.451416015625,-3.725290298461914e-09,0.0,0.0,1.0,2948.797607421875,2948.797607421875,0.3386780917644501,0.061321914196014404,0.0,asphalt,True,-0.8367335796356201,114.25143432617188,1.1175870895385742e-08,0.0,0.0,1.0,2934.3671875,2934.3671875,0.33879175782203674,0.061208248138427734,0.0,asphalt,True,0.8432663679122925,114.25142669677734,-7.450580596923828e-09,0.0,0.0,1.0,2934.3701171875,2934.3701171875,0.33879169821739197,0.06120830774307251,0.0,asphalt,582,119.63582389464577,349.6262226067316,119.63490281568815,39.474952697753906,2.961023710668087e-07,0.00012334878565866756,7.501019021706306e-09,7.437796128192937,-0.00034223697255676727,0.0,0.0,-0.0,2949.177978515625,True,0.0,581,2.5133561944719355e-07,0.00012370381132501752,6.8304267441227545e-09,True,582,magic-formula,0.08926590423387584,-2.7874728892603715e-05,0.0,119.63582334943344,349.6261675511219,119.63490227047582,39.474952697753906,2.961023710668087e-07,0.0001233442278299829,7.501019021706306e-09,7.449126239873392,0.003624658266138904,0.0,0.0,-0.0,2949.17822265625,True,0.0,581,2.527651721922229e-07,0.0001238922417026503,-7.234144475544253e-08,True,582,magic-formula,0.08926013537819037,1.9722131197747306e-05,0.0,119.63675022185748,349.2520749393205,119.63582914289987,39.474952697753906,3.5867560654878616e-07,0.0001310926322998829,9.086156715501131e-09,7.885753686874963,-0.0004930386106828143,34.08753267356019,33.2112,33.2112,2934.289794921875,True,0.0,581,3.1587391158388907e-07,0.00013181963427018293,8.241702293762992e-09,True,582,magic-formula,0.08510347900075935,2.3781120173263964e-05,0.27675999999999995,119.6367503068591,349.2522393518524,119.63582922790148,39.474952697753906,3.5867560654878616e-07,0.00013109334289062964,9.086156715501131e-09,7.897343171841857,-0.005517617969740855,34.08753267356019,33.2112,33.2112,2934.2900390625,True,0.0,581,3.175690326312989e-07,0.00013201335592620902,9.223347662619834e-08,True,582,magic-formula,0.08510141849224347,-3.0404958062694624e-05,0.27675999999999995
2.900000000000,348,held_throttle,0.0,0.15,0.0,1,0.0032874909229576588,117.32427215576172,0.4187348186969757,-0.00039303660742007196,39.44341278076172,-0.00430415291339159,1.9959061603458395e-07,asphalt,0.0,0.15,0.0,3731.174845557383,5,-0.6248469352722168,-1.4028796613274608e-06,653.6013151417663,159.90605355929324,-0.0,6032.321410854118,5739.678589145882,2.8544036467792466e-08,4.446419041059449e-07,False,-0.0,True,0,0,0.0002708773536141962,39.44341278076172,0.08158525824546814,False,True,-0.8367049098014832,118.42424011230469,0.0,0.0,0.0,1.0,2945.687744140625,2945.687744140625,0.3386521637439728,0.0613478422164917,0.0,asphalt,True,0.8432950377464294,118.42424011230469,0.0,0.0,0.0,1.0,2945.68798828125,2945.68798828125,0.3386521637439728,0.0613478422164917,0.0,asphalt,True,-0.8367200493812561,116.22425079345703,-1.4901161193847656e-08,0.0,0.0,1.0,2937.029541015625,2937.029541015625,0.33881744742393494,0.06118255853652954,0.0,asphalt,True,0.8432798981666565,116.2242431640625,-1.4901161193847656e-08,0.0,0.0,1.0,2937.02978515625,2937.02978515625,0.33881744742393494,0.06118255853652954,0.0,asphalt,588,119.53958120100415,355.6054688311401,119.53960004165984,39.44341278076172,2.680171746760607e-07,0.00011786544930823299,6.794979333197669e-09,7.090126051563895,-0.0003245864254932574,0.0,0.0,-0.0,2946.26953125,True,0.0,587,2.0956721837091126e-07,0.00011803782683083784,6.484546082331128e-09,True,588,magic-formula,0.08635197395085259,-2.6954603705915787e-05,0.0,119.5395829230802,355.60541380039956,119.53960176373589,39.44341278076172,2.680171746760607e-07,0.00011787985691283315,6.794979333197669e-09,7.096791841195671,0.003455990581040846,0.0,0.0,-0.0,2946.269775390625,True,0.0,587,2.1416551868090987e-07,0.00011814879072787475,-6.904322750831942e-08,True,588,magic-formula,0.08634083315842185,1.9075163673026896e-05,0.0,119.5633154833123,355.23199997019384,119.56333432396798,39.44341278076172,3.307068254798651e-07,0.00031643632868978835,8.384335993389631e-09,18.971581263367526,-0.00047601676980707963,37.60559667857154,33.2112,33.2112,2936.274169921875,True,0.0,587,5.8535061185006756e-06,0.00031692100634521093,7.951476177455986e-09,True,588,magic-formula,0.18004465900450706,5.4320730105598634e-05,0.27675999999999995,119.56331528568745,355.232164422583,119.56333412634314,39.44341278076172,3.307068254798651e-07,0.00031643467527812675,8.384335993389631e-09,18.988834437551883,-0.01258055420778208,37.60559667857154,33.2112,33.2112,2936.2744140625,True,0.0,587,5.870638719747976e-06,0.0003172092016647455,2.1015908173194748e-07,True,588,magic-formula,0.18003954120683668,-6.049170717446493e-05,0.27675999999999995
2.950000000000,354,held_throttle,0.0,0.15,0.0,1,0.0033010265324264765,119.29553985595703,0.41872355341911316,-0.0003929335216525942,39.412593841552734,-0.0031866515055298805,2.384653896569944e-07,asphalt,0.0,0.15,0.0,3725.3718705128395,5,-0.612030029296875,-1.4325555639516097e-06,652.5769351560808,159.99876560907236,-0.0,6030.986617255293,5741.013382744707,3.850709617836401e-08,4.414513871288616e-07,False,-0.0,True,0,0,0.0002705956867430359,39.412593841552734,0.08149974048137665,False,True,-0.8366913795471191,120.3955307006836,1.1175870895385742e-08,0.0,0.0,1.0,2942.913818359375,2942.913818359375,0.33866235613822937,0.06133764982223511,0.0,asphalt,True,0.8433085680007935,120.3955078125,1.1175870895385742e-08,0.0,0.0,1.0,2942.913818359375,2942.913818359375,0.33866235613822937,0.06133764982223511,0.0,asphalt,True,-0.8367065191268921,118.19552612304688,2.60770320892334e-08,0.0,0.0,1.0,2943.513671875,2943.513671875,0.33878472447395325,0.06121528148651123,0.0,asphalt,True,0.8432934284210205,118.19551849365234,2.60770320892334e-08,0.0,0.0,1.0,2943.513671875,2943.513671875,0.33878472447395325,0.06121528148651123,0.0,asphalt,594,119.4459262907491,361.58001605278196,119.44657857511052,39.41265106201172,2.65252310782671e-07,0.00011429360406130823,6.730131154215533e-09,6.857654118672636,-0.00032040687543444604,0.0,0.0,-0.0,2943.382568359375,True,0.0,593,1.8256392126266478e-07,0.00011427955549201946,6.407323890742552e-09,True,594,magic-formula,0.08443528884713335,-2.6452483469665663e-05,0.0,119.44592618667686,361.57996110331027,119.44657847103828,39.41265106201172,2.65252310782671e-07,0.00011429273267000054,6.730131154215533e-09,6.86920077105096,0.00333548864015683,0.0,0.0,-0.0,2943.3828125,True,0.0,593,1.8376825206411946e-07,0.00011447196607443763,-6.670120969020461e-08,True,594,magic-formula,0.08443386339535569,1.855031731534275e-05,0.0,119.48457971457027,361.208148131143,119.4852319989317,39.41265106201172,3.498280420899391e-07,0.00043793663535381274,8.876034285019827e-09,26.293210316038273,-0.0005029267774276274,39.92875170230978,33.2112,33.2112,2942.5703125,True,0.0,593,1.6421834234610134e-05,0.0004382939702245998,8.382366995739272e-09,True,594,magic-formula,0.24279360077973328,7.438063145090708e-05,0.27675999999999995,119.48457838270618,361.2083126203692,119.4852306670676,39.41265106201172,3.498280420899391e-07,0.00043792548372772344,8.876034285019827e-09,26.31577467913972,-0.017326895480774446,39.92875170230978,33.2112,33.2112,2942.573486328125,True,0.0,593,1.6466153001241964e-05,0.0004386696499347257,2.8883120101213824e-07,True,594,magic-formula,0.2427909360485373,-8.089798214715841e-05,0.27675999999999995
3.000000000000,360,held_throttle,0.0,0.15,0.0,1,0.003314548172056675,121.2652816772461,0.4187130630016327,-0.0003928221412934363,39.3823127746582,-0.0006246063276194036,2.60837083487786e-07,asphalt,0.0,0.15,0.0,3720.873637544163,5,-0.6024169921875,-1.4367983567353804e-06,651.5720375876376,160.04377110410294,-0.0,6029.304713507803,5742.695286492197,3.758782440854702e-08,4.493447476938249e-07,False,-0.0,True,0,0,0.0002703163190744817,39.3823127746582,0.08161153644323349,False,True,-0.8366778492927551,122.36528015136719,1.4901161193847656e-08,0.0,0.0,1.0,2939.716796875,2939.716796875,0.3387010395526886,0.06129896640777588,0.0,asphalt,True,0.8433220982551575,122.36527252197266,1.4901161193847656e-08,0.0,0.0,1.0,2939.716796875,2939.716796875,0.3387010395526886,0.06129896640777588,0.0,asphalt,True,-0.8366929888725281,120.165283203125,-3.725290298461914e-09,0.0,0.0,1.0,2947.9443359375,2947.9443359375,0.3387250006198883,0.06127500534057617,0.0,asphalt,True,0.8433069586753845,120.16526794433594,-3.725290298461914e-09,0.0,0.0,1.0,2947.944580078125,2947.944580078125,0.3387250006198883,0.06127500534057617,0.0,asphalt,600,119.35395175028668,367.54995083871324,119.35488719116972,39.38239669799805,2.6408815756440163e-07,0.00011191242702558505,6.705741135806146e-09,6.7021341751485535,-0.00031909720525184494,0.0,0.0,-0.0,2940.267578125,True,0.0,599,1.709344485936187e-07,0.00011180620682351526,6.387892830195265e-09,True,600,magic-formula,0.083154937067173,-2.6091808638761727e-05,0.0,119.35395255855775,367.5498959528029,119.35488799944079,39.38239669799805,2.6408815756440163e-07,0.00011191919983476986,6.705741135806146e-09,6.708337780807466,0.003253075563894169,0.0,0.0,-0.0,2940.267578125,True,0.0,599,1.7154430517822662e-07,0.00011190969679077031,-6.51220788218751e-08,True,600,magic-formula,0.08315535867978124,1.8218953545645076e-05,0.0,119.40236669308734,367.18028652045126,119.40330213397039,39.38239669799805,3.466266207396984e-07,0.000517599547764828,8.801562368024157e-09,31.113425493298262,-0.0005031578708020506,41.46320720708097,33.2112,33.2112,2947.3427734375,True,0.0,599,2.7789767420278523e-05,0.0005178091824337685,8.371893849199118e-09,True,600,magic-formula,0.28414811045771854,8.785662465658459e-05,0.27675999999999995,119.40236668916947,367.1804510806096,119.40330213005251,39.38239669799805,3.466266207396984e-07,0.0005175995149355294,8.801562368024157e-09,31.142495566625833,-0.020456898325855222,41.46320720708097,33.2112,33.2112,2947.342529296875,True,0.0,599,2.785382397566002e-05,0.000518293058281427,3.4045878793473825e-07,True,600,magic-formula,0.2841393238914057,-9.42825362052811e-05,0.27675999999999995
3.050000000000,366,held_throttle,0.0,0.15,0.0,1,0.003328055841848254,123.23352813720703,0.4187088906764984,-0.0003927042125724256,39.35240173339844,0.002421717392280698,3.585975889563997e-07,asphalt,0.0,0.15,0.0,3717.127758214877,5,-0.5960081815719604,-1.4540237316396087e-06,650.5810301858245,160.03555510427285,-0.0,6027.588299339424,5744.411700660576,4.3977252062177286e-08,4.6163830447001227e-07,False,-0.0,True,0,0,0.00027004044386558235,39.35240173339844,0.08173264563083649,False,True,-0.8366644382476807,124.33355712890625,-1.862645149230957e-08,0.0,0.0,1.0,2936.61083984375,2936.61083984375,0.33875539898872375,0.06124460697174072,0.0,asphalt,True,0.8433355093002319,124.33353424072266,-1.862645149230957e-08,0.0,0.0,1.0,2936.611083984375,2936.611083984375,0.33875539898872375,0.06124460697174072,0.0,asphalt,True,-0.8366793990135193,122.133544921875,2.9802322387695312e-08,0.0,0.0,1.0,2950.544921875,2950.544921875,0.33866241574287415,0.06133759021759033,0.0,asphalt,True,0.8433205485343933,122.133544921875,2.9802322387695312e-08,0.0,0.0,1.0,2950.545166015625,2950.545166015625,0.33866241574287415,0.06133759021759033,0.0,asphalt,606,119.26310844918946,373.51532548420283,119.26403760364512,39.35248565673828,2.6109046302735806e-07,0.0001102886240046839,6.634662554858255e-09,6.592039855423711,-0.00031430874613443317,0.0,0.0,-0.0,2937.0859375,True,0.0,605,1.663473126116002e-07,0.00011008871474721489,6.2988495450331815e-09,True,606,magic-formula,0.08224393664588216,-2.5852512276965655e-05,0.0,119.26310915996504,373.5152706607925,119.2640383144207,39.35248565673828,2.6109046302735806e-07,0.00011029458438906567,6.634662554858255e-09,6.598199119916524,0.0031984600361203534,0.0,0.0,-0.0,2937.0888671875,True,0.0,605,1.6338730227356048e-07,0.0001101914664419368,-6.409804416229103e-08,True,606,magic-formula,0.08224389327925696,1.796243262373428e-05,0.0,119.31792745168222,373.1482595907981,119.31885660613789,39.35248565673828,3.576569724828005e-07,0.0005699869256674611,9.088548449075143e-09,34.288574618754105,-0.0005199509346861875,42.47716076601059,33.2112,33.2112,2950.220458984375,True,0.0,605,3.7576282813481564e-05,0.0005700991553955947,8.642282001626228e-09,True,606,magic-formula,0.31137616495513243,9.6675570193763e-05,0.27675999999999995,119.31792608098105,373.1484242750088,119.31885523543671,39.35248565673828,3.576569724828005e-07,0.0005699754313136903,9.088548449075143e-09,34.32283728932018,-0.022546024579722136,42.47716076601059,33.2112,33.2112,2950.220703125,True,0.0,605,3.7692861878383344e-05,0.00057066881972903,3.748645491813304e-07,True,606,magic-formula,0.3113878512273913,-0.000103249239734124,0.27675999999999995
3.100000000000,372,held_throttle,0.0,0.15,0.0,1,0.003341549774631858,125.20027923583984,0.4187093675136566,-0.0003925759519916028,39.322696685791016,0.005221013445407152,4.33163819479887e-07,asphalt,0.0,0.15,0.0,3713.812662672193,5,-0.5923461318016052,-1.6341077753168065e-06,649.5983381310912,160.00860091743118,-0.0,6026.06656486528,5745.93343513472,4.617822924046777e-08,4.82524606495338e-07,False,-0.0,True,0,0,0.0002697623276617378,39.322696685791016,0.08178043365478516,False,True,-0.8366509079933167,126.30032348632812,7.450580596923828e-09,0.0,0.0,1.0,2934.343994140625,2934.343994140625,0.33880963921546936,0.06119036674499512,0.0,asphalt,True,0.8433489799499512,126.30030822753906,-1.1175870895385742e-08,0.0,0.0,1.0,2934.3466796875,2934.3466796875,0.3388095796108246,0.06119042634963989,0.0,asphalt,True,-0.8366659283638,124.10032653808594,-4.470348358154297e-08,0.0,0.0,1.0,2951.8037109375,2951.8037109375,0.3386091887950897,0.061390817165374756,0.0,asphalt,True,0.8433340191841125,124.10031127929688,-4.470348358154297e-08,0.0,0.0,1.0,2951.803466796875,2951.803466796875,0.3386091887950897,0.061390817165374756,0.0,asphalt,612,119.17295668333091,379.47617304078074,119.17368625722148,39.32276153564453,3.101595211774111e-07,0.00010971177216947853,7.887531522837319e-09,6.540526064631927,-0.00035882065635710754,0.0,0.0,-0.0,2934.64599609375,True,0.0,611,1.5834694519062897e-07,0.00010931923482105925,7.196859874164672e-09,True,612,magic-formula,0.08175106447653448,-2.604818103095151e-05,0.0,119.17296059049934,379.4761183283024,119.17369016438991,39.32276153564453,3.101595211774111e-07,0.00010974456146319821,7.887531522837319e-09,6.542486043670551,0.0031264049266896622,0.0,0.0,-0.0,2934.64599609375,True,0.0,611,1.6209791842886273e-07,0.00010935199420699722,-6.270619265107702e-08,True,612,magic-formula,0.08174780989349453,1.750346966653901e-05,0.0,119.23199480848027,379.1119651434635,119.23272438237083,39.32276153564453,4.115572664886713e-07,0.0006051648008593849,1.0466133364402978e-08,36.40061990452501,-0.0005845979016891287,43.14765711880798,33.2112,33.2112,2951.6689453125,True,0.0,611,4.5268846622506754e-05,0.0006049209607813921,9.71185497932001e-09,True,612,magic-formula,0.32947656363947486,0.0001020255835563315,0.27675999999999995,119.23199046422702,379.1121298712657,119.23272003811759,39.32276153564453,4.115572664886713e-07,0.000605128343512142,1.0466133364402978e-08,36.42763155205423,-0.02399456187631172,43.14765711880798,33.2112,33.2112,2951.671875,True,0.0,611,4.537302139241375e-05,0.0006053692891165846,3.9875502433050247e-07,True,612,magic-formula,0.3294770449826766,-0.0001097644182248982,0.27675999999999995
3.150000000000,378,held_throttle,0.0,0.15,0.0,1,0.0033550295047461987,127.1655502319336,0.4187105596065521,-0.00039244769141077995,39.29319763183594,0.007336062844842672,3.711035390097095e-07,asphalt,0.0,0.15,0.0,3710.741867671752,5,-0.5886841416358948,-1.5731975508970208e-06,648.6231887240207,159.98630224260958,-0.0,6024.707550799856,5747.292449200144,4.55456756753847e-08,4.925561758317098e-07,False,-0.0,True,0,0,0.0002694790018722415,39.29319763183594,0.081753671169281,False,True,-0.8366374373435974,128.26560974121094,3.725290298461914e-09,0.0,0.0,1.0,2933.22314453125,2933.22314453125,0.33885136246681213,0.061148643493652344,0.0,asphalt,True,0.8433625102043152,128.26560974121094,3.725290298461914e-09,0.0,0.0,1.0,2933.22314453125,2933.22314453125,0.33885136246681213,0.061148643493652344,0.0,asphalt,True,-0.8366524577140808,126.06560516357422,-2.2351741790771484e-08,0.0,0.0,1.0,2952.184814453125,2952.184814453125,0.3385697305202484,0.061430275440216064,0.0,asphalt,True,0.843347430229187,126.06559753417969,3.725290298461914e-09,0.0,0.0,1.0,2952.187744140625,2952.187744140625,0.33856967091560364,0.06143033504486084,0.0,asphalt,618,119.08335142460977,385.43251437625855,119.08379200817411,39.293235778808594,2.9819784685969353e-07,0.0001086749723711489,7.589037679114121e-09,6.469893066139281,-0.0003403523525409354,0.0,0.0,-0.0,2933.32958984375,True,0.0,617,1.5020633808682392e-07,0.00010818719225143332,6.8295047732788815e-09,True,618,magic-formula,0.08122624153629532,-2.5814506198153832e-05,0.0,119.08335304245146,385.4324598586135,119.0837936260158,39.293235778808594,2.9819784685969353e-07,0.0001086885596399633,7.589037679114121e-09,6.476501813572983,0.0031085692872605927,0.0,0.0,-0.0,2933.32958984375,True,0.0,617,1.4732671335270163e-07,0.00010829770167674967,-6.237644232189066e-08,True,618,magic-formula,0.08123218330536473,1.7479315182836095e-05,0.0,119.14516869995688,385.07133550021445,119.14560928352122,39.293235778808594,3.9822771213948727e-07,0.0006278406877980853,1.0134765036435538e-08,37.774655343675434,-0.0005576031662782961,43.59154968874543,33.2112,33.2112,2952.16650390625,True,0.0,617,5.083873863946733e-05,0.0006276515045354132,9.261309314934182e-09,True,618,magic-formula,0.3412462063742307,0.00010616630743329147,0.27675999999999995,119.14516805142476,385.071500225054,119.1456086349891,39.293235778808594,3.9822771213948727e-07,0.0006278352411710599,1.0134765036435538e-08,37.809356351321,-0.024871490693613246,43.59154968874543,33.2112,33.2112,2952.16650390625,True,0.0,617,5.09815394876377e-05,0.0006282281381853764,4.132607341281637e-07,True,618,magic-formula,0.3412398933628052,-0.00011337045600967358,0.27675999999999995
3.200000000000,384,held_throttle,0.0,0.15,0.0,1,0.00336849526502192,129.1293487548828,0.41870948672294617,-0.0003923026961274445,39.26381301879883,0.008618091233074665,3.5019627375731943e-07,asphalt,0.0,0.15,0.0,3707.8104991558466,5,-0.5868531465530396,-1.6780268197180703e-06,647.6530500232257,159.977986695124,-0.0,6023.569478204295,5748.430521795705,4.746402737509925e-08,5.17381998130027e-07,False,-0.0,True,0,0,0.00026919489027932286,39.26381301879883,0.08169008791446686,False,True,-0.8366239666938782,130.22943115234375,2.2351741790771484e-08,0.0,0.0,1.0,2933.139892578125,2933.139892578125,0.3388749659061432,0.06112504005432129,0.0,asphalt,True,0.8433759808540344,130.22940063476562,2.2351741790771484e-08,0.0,0.0,1.0,2933.139892578125,2933.139892578125,0.3388749659061432,0.06112504005432129,0.0,asphalt,True,-0.8366389870643616,128.02940368652344,3.725290298461914e-09,0.0,0.0,1.0,2952.04931640625,2952.04931640625,0.3385440409183502,0.06145596504211426,0.0,asphalt,True,0.843360960483551,128.02940368652344,3.725290298461914e-09,0.0,0.0,1.0,2952.04931640625,2952.04931640625,0.3385440409183502,0.06145596504211426,0.0,asphalt,624,118.99416332866859,391.384372747877,118.9943140222491,39.263824462890625,3.056193236261606e-07,0.00010822775488990564,7.783738028754948e-09,6.442656877397777,-0.0003685250207515899,0.0,0.0,-0.0,2933.09326171875,True,0.0,623,1.439573217967153e-07,0.00010774043775698329,7.395412081971476e-09,True,624,magic-formula,0.0809623820483225,-2.5962200373134734e-05,0.0,118.99416576051857,391.38431835513643,118.99431645409908,39.26382827758789,3.056193236261606e-07,0.0001081510277911467,7.78373727252191e-09,6.44387858762499,0.0030682033253170197,0.0,0.0,-0.0,2933.09326171875,True,0.0,623,1.4407691017875764e-07,0.00010776086845094419,-6.15714200219264e-08,True,624,magic-formula,0.08096770279008877,1.7224165181961008e-05,0.0,119.05782147554956,391.02633583967315,119.05797216913007,39.263824462890625,4.09840140491724e-07,0.0006432543030697328,1.0438110553368935e-08,38.6995869618746,-0.0006017793848762927,43.88595188508812,33.2112,33.2112,2952.096923828125,True,0.0,623,5.4834199013660305e-05,0.0006430364855316219,9.995293576028951e-09,True,624,magic-formula,0.34913123024658854,0.00010838099572344081,0.27675999999999995,119.05781975264094,391.02650056388154,119.05797044622145,39.26382827758789,4.09840140491724e-07,0.0006431426045645327,1.043810953924898e-08,38.733771458377774,-0.025528303756614128,43.88595188508812,33.2112,33.2112,2952.096923828125,True,0.0,623,5.498399657276715e-05,0.0006436045534395832,4.241854125169834e-07,True,624,magic-formula,0.3491230136320094,-0.0001163858626438681,0.27675999999999995
3.250000000000,390,held_throttle,0.0,0.15,0.0,1,0.003381946589797735,131.09169006347656,0.41870516538619995,-0.00039216989534907043,39.23451614379883,0.009133969433605671,3.9528904949293064e-07,asphalt,0.0,0.15,0.0,3704.958387569179,5,-0.5845642685890198,-1.639176389289787e-06,646.6864035799225,159.9827251635236,-0.0,6022.644973102056,5749.355026897944,4.552475729724392e-08,5.295609498293618e-07,False,-0.0,True,0,0,0.0002689111279323697,39.23451614379883,0.08163239061832428,False,True,-0.8366104960441589,132.19175720214844,-3.725290298461914e-09,0.0,0.0,1.0,2933.8251953125,2933.8251953125,0.3388805091381073,0.06111949682235718,0.0,asphalt,True,0.8433894515037537,132.19175720214844,-3.725290298461914e-09,0.0,0.0,1.0,2933.82568359375,2933.82568359375,0.3388805091381073,0.06111949682235718,0.0,asphalt,True,-0.8366255164146423,129.99176025390625,-1.4901161193847656e-08,0.0,0.0,1.0,2951.644775390625,2951.644775390625,0.3385297954082489,0.061470210552215576,0.0,asphalt,True,0.8433744311332703,129.9917449951172,-1.4901161193847656e-08,0.0,0.0,1.0,2951.64501953125,2951.64501953125,0.3385297954082489,0.061470210552215576,0.0,asphalt,630,118.90524749384466,397.33176500155093,118.9051654350126,39.2345085144043,3.021559678018093e-07,0.0001076388802702227,7.701280817392621e-09,6.414497230322739,-0.0003595210955256163,0.0,0.0,-0.0,2933.646484375,True,0.0,629,1.4884993656174623e-07,0.00010724929429934256,7.213364326527034e-09,True,630,magic-formula,0.08067981895143055,-2.583151714832463e-05,0.0,118.90525074566155,397.3317107576683,118.9051686868295,39.2345085144043,3.021559678018093e-07,0.00010766623118185774,7.701280817392621e-09,6.416132888817827,0.0030654938238392627,0.0,0.0,-0.0,2933.64697265625,True,0.0,629,1.4901468663221715e-07,0.00010727662444695489,-6.15054349572445e-08,True,630,magic-formula,0.08068226869442767,1.7236824908379325e-05,0.0,118.97012576620753,396.9769449131619,118.97004370737548,39.2345085144043,4.021276254206896e-07,0.0006533276295477513,1.0249335104403184e-08,39.30543804443903,-0.0005840900926908766,44.08174469154521,33.2112,33.2112,2951.7177734375,True,0.0,629,5.76129652345854e-05,0.0006531882608648943,9.702424811574296e-09,True,630,magic-formula,0.3542600258404779,0.00011027118097450211,0.27675999999999995,118.97012520181326,396.9771097584967,118.97004314298121,39.2345085144043,4.021276254206896e-07,0.0006533228824485223,1.0249335104403184e-08,39.334386094370856,-0.02591590629370682,44.08174469154521,33.2112,33.2112,2951.7177734375,True,0.0,629,5.774410074862486e-05,0.0006536693750317786,4.306820458053317e-07,True,630,magic-formula,0.35426387654469627,-0.00011793437632950532,0.27675999999999995
3.300000000000,396,held_throttle,0.0,0.15,0.0,1,0.0033953837119042873,133.0525665283203,0.4186989963054657,-0.0003920315357390791,39.205322265625,0.009109987877309322,4.306277787691215e-07,asphalt,0.0,0.15,0.0,3702.1529475828497,5,-0.5836485624313354,-1.7027405192493461e-06,645.7242483377122,160.00351403223752,-0.0,6021.835593179158,5750.164406820842,4.6622972149634734e-08,5.430557917349802e-07,False,-0.0,True,0,0,0.0002686254447326064,39.205322265625,0.08162863552570343,False,True,-0.8365970849990845,134.1526336669922,-3.725290298461914e-09,0.0,0.0,1.0,2935.053466796875,2935.053466796875,0.33887389302253723,0.061126112937927246,0.0,asphalt,True,0.8434028625488281,134.1526336669922,-3.725290298461914e-09,0.0,0.0,1.0,2935.0537109375,2935.0537109375,0.33887389302253723,0.061126112937927246,0.0,asphalt,True,-0.8366121053695679,131.95263671875,-3.725290298461914e-08,0.0,0.0,1.0,2951.154052734375,2951.154052734375,0.33852413296699524,0.06147587299346924,0.0,asphalt,True,0.8433878421783447,131.95263671875,-3.725290298461914e-08,0.0,0.0,1.0,2951.154296875,2951.154296875,0.33852413296699524,0.06147587299346924,0.0,asphalt,636,118.81667433661477,403.2747112677317,118.81646486167864,39.20530319213867,3.1478703022003174e-07,0.00010711150283990507,8.02919514937336e-09,6.385704792468358,-0.00037546911637338924,0.0,0.0,-0.0,2934.89404296875,True,0.0,635,1.4781114968311837e-07,0.00010672250356879486,7.530139635903528e-09,True,636,magic-formula,0.08045416984737411,-2.5956959239638587e-05,0.0,118.81667672714764,403.27465715471664,118.81646725221151,39.20530319213867,3.1478703022003174e-07,0.00010713162450152779,8.02919514937336e-09,6.386908805207545,0.003038169838677726,0.0,0.0,-0.0,2934.894287109375,True,0.0,635,1.444831215068847e-07,0.00010674261712952596,-6.093130475761579e-08,True,636,magic-formula,0.08045321456631943,1.704702611368565e-05,0.0,118.8823626382181,402.9231576776101,118.88215316328197,39.20530319213867,4.171743057668209e-07,0.0006600249549527523,1.0640762136752749e-08,39.701173311570734,-0.0006071554572735799,44.212496043122705,33.2112,33.2112,2951.235107421875,True,0.0,635,5.951820618912411e-05,0.0006598732692435698,1.008725304678446e-08,True,636,magic-formula,0.3576494143000396,0.00011124859684355805,0.27675999999999995,118.88236325824028,402.9233226799009,118.88215378330415,39.20530319213867,4.171743057668209e-07,0.0006600301738211476,1.0640762136752749e-08,39.73658375814076,-0.026208937466185894,44.212496043122705,33.2112,33.2112,2951.235107421875,True,0.0,635,5.968219776417398e-05,0.0006604618859616198,4.3562355563731406e-07,True,636,magic-formula,0.35764380497379594,-0.00011926945466303743,0.27675999999999995
3.350000000000,402,held_throttle,0.0,0.15,0.0,1,0.0034088066313415766,135.01197814941406,0.418693482875824,-0.0003918863367289305,39.176170349121094,0.008834915235638618,4.040965961848997e-07,asphalt,0.0,0.15,0.0,3699.3760455368283,5,-0.5827329754829407,-1.888599854282802e-06,644.7641904314111,160.01276200942914,-0.0,6021.201553629789,5750.798446370211,5.696256266674027e-08,5.543009902576426e-07,False,-0.0,True,0,0,0.00026833597803488374,39.176170349121094,0.08166159689426422,False,True,-0.83658367395401,136.11204528808594,0.0,0.0,0.0,1.0,2935.731201171875,2935.731201171875,0.3388631045818329,0.06113690137863159,0.0,asphalt,True,0.8434162735939026,136.11204528808594,2.60770320892334e-08,0.0,0.0,1.0,2935.733642578125,2935.733642578125,0.3388630449771881,0.06113696098327637,0.0,asphalt,True,-0.8365986943244934,133.9120330810547,-4.0978193283081055e-08,0.0,0.0,1.0,2950.771484375,2950.771484375,0.3385239541530609,0.061476051807403564,0.0,asphalt,True,0.8434012532234192,133.91201782226562,2.9802322387695312e-08,0.0,0.0,1.0,2950.77978515625,2950.77978515625,0.3385237753391266,0.06147623062133789,0.0,asphalt,642,118.72827949724895,409.2132293949865,118.72802587576014,39.1761474609375,4.0020677261054516e-07,0.00010681941502359333,1.0215572447739812e-08,6.3698826793155305,-0.0004099158326087101,0.0,0.0,-0.0,2935.6513671875,True,0.0,641,1.413216424675802e-07,0.00010643060880770231,8.21885673721745e-09,True,642,magic-formula,0.0803010946457902,-2.6290582008770575e-05,0.0,118.72828068354103,409.21317542878074,118.72802706205222,39.1761474609375,4.0020677261054516e-07,0.0001068294077464394,1.0215572447739812e-08,6.376298562522816,0.0029985811954745404,0.0,0.0,-0.0,2935.651123046875,True,0.0,641,1.418998316031479e-07,0.0001065378171562894,-6.012183978824506e-08,True,642,magic-formula,0.08030452336776121,1.667352345041519e-05,0.0,118.79449863401298,408.86497514966834,118.79424501252417,39.1761474609375,5.252368282526731e-07,0.0006646158434222302,1.340705664783364e-08,39.971181849323116,-0.0006802774704432978,44.30034870389679,33.2112,33.2112,2950.81689453125,True,0.0,641,6.087709206149396e-05,0.000664455706986135,1.1304126807109851e-08,True,642,magic-formula,0.3599317943908149,0.00011147480344802938,0.27675999999999995,118.79449597194952,408.86514030684754,118.7942423504607,39.1761474609375,5.252368282526731e-07,0.0006645934195496321,1.340705664783364e-08,40.00499032810959,-0.026471971160695808,44.30034870389679,33.2112,33.2112,2950.819580078125,True,0.0,641,6.103612138491609e-05,0.0006650171702309878,4.400578155902114e-07,True,642,magic-formula,0.3599479896063252,-0.00012066880482082114,0.27675999999999995
3.400000000000,408,held_throttle,0.0,0.15,0.0,1,0.0034222144167870283,136.96994018554688,0.4186899960041046,-0.00039171124808490276,39.14706039428711,0.008498094975948334,7.777453703283754e-08,asphalt,0.0,0.15,0.0,3696.6161932198565,5,-0.5813596844673157,-1.9486578821670264e-06,643.8061013213443,160.0141357670744,-0.0,6020.697995148341,5751.302004851659,6.323853085632436e-08,5.779591678938178e-07,False,-0.0,True,0,0,0.0002680342295207083,39.14706039428711,0.08170565217733383,False,True,-0.8365702629089355,138.0700225830078,1.1175870895385742e-08,0.0,0.0,1.0,2935.992431640625,2935.992431640625,0.3388531506061554,0.06114685535430908,0.0,asphalt,True,0.843429684638977,138.07000732421875,1.1175870895385742e-08,0.0,0.0,1.0,2935.991943359375,2935.991943359375,0.3388531506061554,0.06114685535430908,0.0,asphalt,True,-0.836585283279419,135.8699951171875,-3.725290298461914e-08,0.0,0.0,1.0,2950.5,2950.5,0.3385268747806549,0.06147313117980957,0.0,asphalt,True,0.8434146642684937,135.8699951171875,-3.725290298461914e-08,0.0,0.0,1.0,2950.499755859375,2950.499755859375,0.3385268747806549,0.06147313117980957,0.0,asphalt,648,118.64002296513905,415.1473301901458,118.6397718666031,39.147037506103516,3.4164986573159695e-07,0.00010652331972059444,8.7273491813609e-09,6.352866133428221,-0.00041435182024841864,0.0,0.0,-0.0,2935.970703125,True,0.0,647,1.4283440763396664e-07,0.00010613474337353856,8.306894942857123e-09,True,648,magic-formula,0.08016576493777722,-2.629269528861712e-05,0.0,118.64002365213163,415.1472763032301,118.63977255359568,39.147037506103516,3.4164986573159695e-07,0.00010652911090080057,8.7273491813609e-09,6.359034932170407,0.002987760146063582,0.0,0.0,-0.0,2935.969970703125,True,0.0,647,1.4022812915147424e-07,0.00010623782980507469,-5.989837050518177e-08,True,648,magic-formula,0.08016622920919036,1.663378310763877e-05,0.0,118.70658321851649,414.8023965831599,118.70633211998053,39.147037506103516,4.805333446711302e-07,0.0006676100586884245,1.227508836642387e-08,40.147315247292525,-0.0007070596970884824,44.35990833269905,33.2112,33.2112,2950.5498046875,True,0.0,647,6.179913995819818e-05,0.0006674443576243712,1.1750339554519056e-08,True,648,magic-formula,0.36144259007148455,0.00011178994985375481,0.27675999999999995,118.70657739171928,414.8025616884884,118.70632629318332,39.147037506103516,4.805333446711302e-07,0.0006675609402057633,1.227508836642387e-08,40.179504661193306,-0.026629652138747212,44.35990833269905,33.2112,33.2112,2950.549560546875,True,0.0,647,6.195219876501616e-05,0.0006679796135458701,4.427197908494197e-07,True,648,magic-formula,0.36144913998454764,-0.00012147874797125525,0.27675999999999995
3.450000000000,414,held_throttle,0.0,0.15,0.0,1,0.0034356077667325735,138.92645263671875,0.41868850588798523,-0.00039155507693067193,39.11802673339844,0.008200764656066895,1.6802174229724187e-07,asphalt,0.0,0.15,0.0,3693.8673096115667,5,-0.5804442167282104,-1.841248831624398e-06,642.8513572023064,160.00893274294936,-0.0,6020.231898690028,5751.768101309972,4.5850583774154074e-08,6.046813994574511e-07,False,-0.0,True,0,0,0.0002677423181012273,39.11802673339844,0.08173761516809464,False,True,-0.8365568518638611,140.0265350341797,-2.60770320892334e-08,0.0,0.0,1.0,2936.0224609375,2936.0224609375,0.3388459384441376,0.061154067516326904,0.0,asphalt,True,0.8434430956840515,140.02651977539062,-2.60770320892334e-08,0.0,0.0,1.0,2936.02294921875,2936.02294921875,0.3388459384441376,0.061154067516326904,0.0,asphalt,True,-0.8365719318389893,137.82652282714844,1.862645149230957e-08,0.0,0.0,1.0,2950.273193359375,2950.273193359375,0.3385310471057892,0.06146895885467529,0.0,asphalt,True,0.8434280753135681,137.82652282714844,1.862645149230957e-08,0.0,0.0,1.0,2950.2734375,2950.2734375,0.3385310471057892,0.06146895885467529,0.0,asphalt,654,118.55198994014984,421.07702419788257,118.55176452935314,39.11800765991211,3.3958349376916885e-07,0.00010606420381651993,8.681001770884459e-09,6.331363233798277,-0.00041380510472468156,0.0,0.0,-0.0,2936.025634765625,True,0.0,653,1.394474103925477e-07,0.00010577352326952503,8.295779049602757e-09,True,654,magic-formula,0.0799686423515068,-2.6194615384404615e-05,0.0,118.55199354513091,421.0769704132618,118.55176813433421,39.11800765991211,3.3958349376916885e-07,0.00010609461548176926,8.681001770884459e-09,6.3331829826269,0.002979436682485422,0.0,0.0,-0.0,2936.026123046875,True,0.0,653,1.405059778873674e-07,0.00010580390697046026,-5.973035924976415e-08,True,654,magic-formula,0.07995882717990316,1.6654409142328842e-05,0.0,118.61876734740076,420.73542486217974,118.61854193660406,39.11800765991211,4.4028274714946747e-07,0.0006693992433816221,1.1255244668318485e-08,40.25720735407019,-0.00065050676149435,44.40080838008463,33.2112,33.2112,2950.302490234375,True,0.0,653,6.240384865554981e-05,0.000669327598252647,1.0811016979340481e-08,True,654,magic-formula,0.3623718558197365,0.0001126100988163649,0.27675999999999995,118.6187674617473,420.73559002497365,118.6185420509506,39.11800765991211,4.4028274714946747e-07,0.0006694002080104949,1.1255244668318485e-08,40.29243656140596,-0.026661085792258198,44.40080838008463,33.2112,33.2112,2950.302978515625,True,0.0,653,6.25780549852396e-05,0.0006699132789804937,4.432795996681808e-07,True,654,magic-formula,0.3623694497628924,-0.00012140907023049526,0.27675999999999995
3.500000000000,420,held_throttle,0.0,0.15,0.0,1,0.003448986215516925,140.88150024414062,0.41868826746940613,-0.0003913935215678066,39.08903884887695,0.007992559112608433,3.3697344292704656e-07,asphalt,0.0,0.15,0.0,3691.126633917842,5,-0.5795287489891052,-1.9853450794471428e-06,641.8988247787082,160.00315234242268,-0.0,6019.839004841535,5752.160995158465,5.459628482640255e-08,6.26973798258835e-07,False,-0.0,True,0,0,0.0002674507850315422,39.08903884887695,0.08175159245729446,False,True,-0.8365435600280762,141.9815673828125,7.450580596923828e-09,0.0,0.0,1.0,2935.93603515625,2935.93603515625,0.3388417065143585,0.06115829944610596,0.0,asphalt,True,0.8434564471244812,141.98155212402344,7.450580596923828e-09,0.0,0.0,1.0,2935.936279296875,2935.936279296875,0.3388417065143585,0.06115829944610596,0.0,asphalt,True,-0.8365585207939148,139.7815704345703,3.3527612686157227e-08,0.0,0.0,1.0,2950.154052734375,2950.154052734375,0.33853474259376526,0.06146526336669922,0.0,asphalt,True,0.8434414267539978,139.7815704345703,3.3527612686157227e-08,0.0,0.0,1.0,2950.154296875,2950.154296875,0.33853474259376526,0.06146526336669922,0.0,asphalt,660,118.46412598799687,427.00232291138644,118.4639350640751,39.08902359008789,3.622262738645077e-07,0.00010586056061335869,9.266700485103963e-09,6.319023569089816,-0.00043682571770104975,0.0,0.0,-0.0,2935.951416015625,True,0.0,659,1.3516853038647157e-07,0.00010557004157397387,8.757506885602185e-09,True,660,magic-formula,0.07983909230102906,-2.637768021997258e-05,0.0,118.46412816160152,427.00226925161337,118.46393723767976,39.08902359008789,3.622262738645077e-07,0.00010587891076570606,9.266700485103963e-09,6.32012154959661,0.0029521383100037076,0.0,0.0,-0.0,2935.951416015625,True,0.0,659,1.3528428208236977e-07,0.00010558838525419128,-5.9184599821610754e-08,True,660,magic-formula,0.07983684193546865,1.643743882769008e-05,0.0,118.53103822274682,426.66406642385664,118.53084729882505,39.08902359008789,4.821340553462505e-07,0.0006707515565881512,1.2334256808310479e-08,40.33649451718465,-0.0007084409414016603,44.429401802995706,33.2112,33.2112,2950.164306640625,True,0.0,659,6.290125810954878e-05,0.0006706774004050889,1.1774767063188888e-08,True,660,magic-formula,0.3630290593140577,0.0001124127122349166,0.27675999999999995,118.53103550751337,426.6642316178093,118.5308445835916,39.08902359008789,4.821340553462505e-07,0.0006707286338605684,1.2334256808310479e-08,40.370314367971716,-0.0267887073418899,44.429401802995706,33.2112,33.2112,2950.164794921875,True,0.0,659,6.304201468600355e-05,0.0006712396732572039,4.454224634277551e-07,True,660,magic-formula,0.36302006649507496,-0.00012218721262581837,0.27675999999999995
3.550000000000,426,held_throttle,0.0,0.15,0.0,1,0.0034623502288013697,142.83511352539062,0.41868841648101807,-0.00039122370071709156,39.060089111328125,0.007884581573307514,4.348162292444613e-07,asphalt,0.0,0.15,0.0,3688.391769416056,5,-0.5786132216453552,-2.115549250447657e-06,640.9482503507472,159.9993230759429,-0.0,6019.5079285465035,5752.4920714534965,6.717414180457126e-08,6.468486930483856e-07,False,-0.0,True,0,0,0.00026715363492257893,39.060089111328125,0.08175195008516312,False,True,-0.8365300893783569,143.9351806640625,1.4901161193847656e-08,0.0,0.0,1.0,2935.81298828125,2935.81298828125,0.3388397991657257,0.06116020679473877,0.0,asphalt,True,0.8434698581695557,143.93516540527344,1.4901161193847656e-08,0.0,0.0,1.0,2935.81298828125,2935.81298828125,0.3388397991657257,0.06116020679473877,0.0,asphalt,True,-0.8365451097488403,141.73519897460938,2.2351741790771484e-08,0.0,0.0,1.0,2950.145751953125,2950.145751953125,0.3385370075702667,0.061462998390197754,0.0,asphalt,True,0.8434548377990723,141.7351837158203,2.2351741790771484e-08,0.0,0.0,1.0,2950.145751953125,2950.145751953125,0.3385370075702667,0.061462998390197754,0.0,asphalt,666,118.37638087975898,432.92323317849,118.37622403386155,39.06007385253906,3.787281457334757e-07,0.00010578161723399349,9.6960427459319e-09,6.308207663460011,-0.0004562833651692647,0.0,0.0,-0.0,2935.83447265625,True,0.0,665,1.344850492360521e-07,0.00010539354098628844,9.1479589145176e-09,True,666,magic-formula,0.0797208268719643,-2.6560517217531157e-05,0.0,118.3763804401767,432.923179584128,118.37622359427927,39.06007385253906,3.787281457334757e-07,0.00010577790341222602,9.6960427459319e-09,6.313828006723049,0.0029292177344191544,0.0,0.0,-0.0,2935.8369140625,True,0.0,665,1.3497916085466485e-07,0.00010548735464582238,-5.8727377349821614e-08,True,666,magic-formula,0.0797220392308952,1.6222188485885718e-05,0.0,118.44337061229677,432.588324643637,118.44321376639934,39.06007385253906,5.262263584882021e-07,0.0006717460294093305,1.3472231529178105e-08,40.38997769310247,-0.0007717633669865837,44.4498782336358,33.2112,33.2112,2950.139404296875,True,0.0,665,6.325501992834861e-05,0.0006715724293367834,1.2827718363146508e-08,True,666,magic-formula,0.3634688723535109,0.00011211168089574475,0.27675999999999995,118.44336386171553,432.5884898209446,118.44320701581809,39.06007385253906,5.262263584882021e-07,0.0006716889969565934,1.3472231529178105e-08,40.42176931492259,-0.026905942924556645,44.4498782336358,33.2112,33.2112,2950.139404296875,True,0.0,665,6.340875829878063e-05,0.000672101090589398,4.473756850948273e-07,True,666,magic-formula,0.3634693644087754,-0.0001229485899273797,0.27675999999999995
3.600000000000,432,held_throttle,0.0,0.15,0.0,1,0.003475699108093977,144.78726196289062,0.41868841648101807,-0.0003910748928319663,39.03117752075195,0.00786452367901802,3.840942213173548e-07,asphalt,0.0,0.15,0.0,3685.661251463232,5,-0.5776976943016052,-2.0848833628406283e-06,639.9996311347411,159.99806213897384,-0.0,6019.221711965111,5752.778288034889,5.601987140835263e-08,6.445454960076935e-07,False,-0.0,True,0,0,0.00026684949989430606,39.03117752075195,0.08174654096364975,False,True,-0.8365167379379272,145.88734436035156,3.725290298461914e-09,0.0,0.0,1.0,2935.70458984375,2935.70458984375,0.33883944153785706,0.06116056442260742,0.0,asphalt,True,0.8434832096099854,145.88731384277344,-1.1175870895385742e-08,0.0,0.0,1.0,2935.707275390625,2935.707275390625,0.3388393819332123,0.0611606240272522,0.0,asphalt,True,-0.8365317583084106,143.6873321533203,0.0,0.0,0.0,1.0,2950.237060546875,2950.237060546875,0.33853742480278015,0.061462581157684326,0.0,asphalt,True,0.843468189239502,143.6873321533203,0.0,0.0,0.0,1.0,2950.237060546875,2950.237060546875,0.33853742480278015,0.061462581157684326,0.0,asphalt,672,118.28874614424075,438.8397605211728,118.2886141665187,39.031166076660156,3.9493897929787636e-07,0.00010556053926754642,1.0118554452669602e-08,6.294741983569857,-0.00046222160112601774,0.0,0.0,-0.0,2935.72216796875,True,0.0,671,1.3699000620787584e-07,0.00010517258747156539,9.267368057188608e-09,True,672,magic-formula,0.07960471988612161,-2.659355054942764e-05,0.0,118.28874727676252,438.8397070192338,118.28861529904047,39.031166076660156,3.9493897929787636e-07,0.00010557011449222766,1.0118554452669602e-08,6.30115456653884,0.0029183396286050316,0.0,0.0,-0.0,2935.721923828125,True,0.0,671,1.3755177234323255e-07,0.00010527973797945193,-5.851157553105969e-08,True,672,magic-formula,0.07961347358109001,1.6152381446980543e-05,0.0,118.35577780527177,438.5082028825981,118.35564582754972,39.031166076660156,5.17931766808033e-07,0.000672298619723279,1.326969749739928e-08,40.429930821348684,-0.0007408526732410765,44.46500073608976,33.2112,33.2112,2950.206787109375,True,0.0,671,6.354490291307474e-05,0.000672221450686837,1.2313458218874738e-08,True,672,magic-formula,0.36375937242735035,0.0001125643442842842,0.27675999999999995,118.35577488939778,438.50836812841976,118.35564291167573,39.031166076660156,5.17931766808033e-07,0.0006722739666443764,1.326969749739928e-08,40.45781884068897,-0.026920424954753903,44.46500073608976,33.2112,33.2112,2950.20654296875,True,0.0,671,6.368028206576717e-05,0.0006726852443460795,4.4760635558925825e-07,True,672,magic-formula,0.3637744933591394,-0.00012286712216430867,0.27675999999999995
3.650000000000,438,held_throttle,0.0,0.15,0.0,1,0.003489032620564103,146.73797607421875,0.41868823766708374,-0.00039088650373741984,39.0023078918457,0.007901136763393879,2.9927196010248736e-07,asphalt,0.0,0.15,0.0,3682.934339158924,5,-0.5772399306297302,-2.1213381842244416e-06,639.0532143352332,160.00023227786272,-0.0,6018.957174385904,5753.042825614096,6.737718649674207e-08,6.685890552453239e-07,False,-0.0,True,0,0,0.0002665434731170535,39.0023078918457,0.08174587786197662,False,True,-0.8365035057067871,147.83804321289062,3.725290298461914e-09,0.0,0.0,1.0,2935.642822265625,2935.642822265625,0.33883991837501526,0.06116008758544922,0.0,asphalt,True,0.8434965014457703,147.83802795410156,3.725290298461914e-09,0.0,0.0,1.0,2935.642822265625,2935.642822265625,0.33883991837501526,0.06116008758544922,0.0,asphalt,True,-0.8365184664726257,145.6380615234375,1.862645149230957e-08,0.0,0.0,1.0,2950.37158203125,2950.37158203125,0.3385365307331085,0.06146347522735596,0.0,asphalt,True,0.8434815406799316,145.63803100585938,1.862645149230957e-08,0.0,0.0,1.0,2950.371826171875,2950.371826171875,0.3385365307331085,0.06146347522735596,0.0,asphalt,678,118.20123919790635,444.75191059147966,118.20111941212812,39.002296447753906,3.782915882766247e-07,0.00010544219006947596,9.699213193340312e-09,6.287507223423946,-0.0004543665411427506,0.0,0.0,-0.0,2935.6533203125,True,0.0,677,1.3659067951957907e-07,0.00010505417244405926,9.110090781678806e-09,True,678,magic-formula,0.07952359704575146,-2.6517987762564386e-05,0.0,118.20123869733112,444.75185712042776,118.2011189115529,39.002296447753906,3.782915882766247e-07,0.00010543795468234414,9.699213193340312e-09,6.293099445538011,0.002924835088887039,0.0,0.0,-0.0,2935.6533203125,True,0.0,677,1.3366094848813624e-07,0.00010514760981453158,-5.864317715185164e-08,True,678,magic-formula,0.07952436507266687,1.6219021348759357e-05,0.0,118.26829011310916,444.4237053090947,118.26817032733094,39.002296447753906,5.262554623186588e-07,0.0006727626822504404,1.3492935294813011e-08,40.45393943249276,-0.0007705173892305136,44.47659143668928,33.2112,33.2112,2950.355224609375,True,0.0,677,6.375847175250389e-05,0.0006725868336333778,1.2806029529754729e-08,True,678,magic-formula,0.36399341441128774,0.00011247068179025327,0.27675999999999995,118.26828206647379,444.42387038128516,118.26816228069556,39.002296447753906,5.262554623186588e-07,0.0006726945993447259,1.3492935294813011e-08,40.48512217449203,-0.026986849667160077,44.47659143668928,33.2112,33.2112,2950.355224609375,True,0.0,677,6.391023368134022e-05,0.0006731053321604249,4.4868822305091196e-07,True,678,magic-formula,0.3639935506308853,-0.00012329843851316896,0.27675999999999995
3.700000000000,444,held_throttle,0.0,0.15,0.0,1,0.0035023509990423918,148.687255859375,0.4186880588531494,-0.0003907201753463596,38.973480224609375,0.007962558418512344,3.807171538028342e-07,asphalt,0.0,0.15,0.0,3680.2107059422783,5,-0.5763244032859802,-2.1257656044326723e-06,638.1087468216746,160.0007797899677,-0.0,6018.7175344356565,5753.2824655643435,5.309789230523165e-08,6.842831262480436e-07,False,-0.0,True,0,0,0.000266239425400272,38.973480224609375,0.08174815773963928,False,True,-0.8364901542663574,149.78732299804688,1.4901161193847656e-08,0.0,0.0,1.0,2935.5732421875,2935.5732421875,0.33884093165397644,0.06115907430648804,0.0,asphalt,True,0.8435098528862,149.7873077392578,0.0,0.0,0.0,1.0,2935.576416015625,2935.576416015625,0.33884087204933167,0.06115913391113281,0.0,asphalt,True,-0.836505115032196,147.58731079101562,0.0,0.0,0.0,1.0,2950.45556640625,2950.45556640625,0.3385351598262787,0.06146484613418579,0.0,asphalt,True,0.8434948921203613,147.58731079101562,0.0,0.0,0.0,1.0,2950.4560546875,2950.4560546875,0.3385351598262787,0.06146484613418579,0.0,asphalt,684,118.1138495440043,450.6596886631781,118.11373291075299,38.97346878051758,4.1065504774451256e-07,0.00010524002949139182,1.0536784653610166e-08,6.275263932364469,-0.00047804666717646564,0.0,0.0,-0.0,2935.58349609375,True,0.0,683,1.3205297966428834e-07,0.00010485210010103459,9.585107028392403e-09,True,684,magic-formula,0.07940285691965279,-2.6699556802839736e-05,0.0,118.11385075928345,450.65963522303036,118.11373412603214,38.97346878051758,4.1065504774451256e-07,0.00010525031962297945,1.0536784653610166e-08,6.2758807350424695,0.0028968765494105818,0.0,0.0,-0.0,2935.583740234375,True,0.0,683,1.3182710937124224e-07,0.00010486239744083312,-5.8083982463977994e-08,True,684,magic-formula,0.0794022327572865,1.6004619010908447e-05,0.0,118.18090481982864,450.33483625759214,118.18078818657733,38.97346878051758,5.272449925541878e-07,0.0006730170766577148,1.3528305512742861e-08,40.47043240408143,-0.0007541163514052872,44.48585181484495,33.2112,33.2112,2950.445068359375,True,0.0,683,6.393418176284958e-05,0.0006728405814096867,1.2532951593997441e-08,True,684,magic-formula,0.36411574081234754,0.00011276067919049315,0.27675999999999995,118.18090167276046,450.33500128937,118.18078503950915,38.97346878051758,5.272449925541878e-07,0.0006729904294914461,1.3528305512742861e-08,40.50412960185188,-0.02700115478984167,44.48585181484495,33.2112,33.2112,2950.445068359375,True,0.0,683,6.409854653771269e-05,0.0006734008726588104,4.489124246386383e-07,True,684,magic-formula,0.36411478896072974,-0.00012326466388050704,0.27675999999999995
3.750000000000,450,held_throttle,0.0,0.15,0.0,1,0.0035156540106981993,150.6350860595703,0.418688029050827,-0.00039056444074958563,38.9446907043457,0.008024174720048904,4.060271692196693e-07,asphalt,0.0,0.15,0.0,3677.4902610101703,5,-0.5754088759422302,-2.123095327988267e-06,637.1662258221174,160.00029864296636,-0.0,6018.496269357184,5753.503730642816,5.7390025176573545e-08,6.783399498132158e-07,False,-0.0,True,0,0,0.00026593432994559407,38.9446907043457,0.08174971491098404,False,True,-0.8364768028259277,151.7351531982422,-2.9802322387695312e-08,0.0,0.0,1.0,2935.520751953125,2935.520751953125,0.3388420641422272,0.061157941818237305,0.0,asphalt,True,0.8435231447219849,151.73513793945312,-2.9802322387695312e-08,0.0,0.0,1.0,2935.520751953125,2935.520751953125,0.3388420641422272,0.061157941818237305,0.0,asphalt,True,-0.8364918231964111,149.53514099121094,-1.862645149230957e-08,0.0,0.0,1.0,2950.48974609375,2950.48974609375,0.3385339677333832,0.0614660382270813,0.0,asphalt,True,0.8435081243515015,149.53514099121094,-1.862645149230957e-08,0.0,0.0,1.0,2950.489990234375,2950.489990234375,0.3385339677333832,0.0614660382270813,0.0,asphalt,690,118.02657597935125,456.5631001603086,118.02645619916096,38.944679260253906,3.858294803649187e-07,0.00010504163879918907,9.907116650943584e-09,6.263270349501436,-0.00046886564292484347,0.0,0.0,-0.0,2935.52490234375,True,0.0,689,1.3126173456618222e-07,0.00010465379014116699,9.401209951785948e-09,True,690,magic-formula,0.0792851167415008,-2.661637134281834e-05,0.0,118.02657556057373,456.5630467751815,118.02645578038344,38.944679260253906,3.8585858419537544e-07,0.00010503809026371296,9.907863963054237e-09,6.268911967966296,0.0029020689211054287,0.0,0.0,-0.0,2935.52490234375,True,0.0,689,1.314445504711234e-07,0.00010474805691650704,-5.8189258482830666e-08,True,690,magic-formula,0.07928637818809545,1.6054270197273883e-05,0.0,118.09362745963094,456.241600621041,118.09350767944065,38.944679260253906,5.118781700730324e-07,0.0006732062485120859,1.3143725402187201e-08,40.48234208319154,-0.0007545394801495898,44.49357403787523,33.2112,33.2112,2950.486083984375,True,0.0,689,6.406772140455405e-05,0.0006730292480400012,1.2539800907357756e-08,True,690,magic-formula,0.36419954793882836,0.00011286255999965712,0.27675999999999995,118.09362366374589,456.24176570757925,118.0935038835556,38.944679260253906,5.118781700730324e-07,0.0006731740838598526,1.3143725402187201e-08,40.51573461225774,-0.027029084663241006,44.49357403787523,33.2112,33.2112,2950.486083984375,True,0.0,689,6.425123255718867e-05,0.0006735844654795013,4.4937055002478047e-07,True,690,magic-formula,0.3642008530358931,-0.00012339876455722687,0.27675999999999995
3.800000000000,456,held_throttle,0.0,0.15,0.0,1,0.0035289418883621693,152.58148193359375,0.418688029050827,-0.00039038099930621684,38.91593933105469,0.008071833290159702,5.929556436967687e-07,asphalt,0.0,0.15,0.0,3674.7730286768387,5,-0.5744933485984802,-2.1137134353921283e-06,636.225648568281,159.99975113086137,-0.0,6018.28873595071,5753.71126404929,6.465552360168658e-08,7.038227396467432e-07,False,-0.0,True,0,0,0.00026563333813101053,38.91593933105469,0.08174954354763031,False,True,-0.8364635109901428,153.68154907226562,1.1175870895385742e-08,0.0,0.0,1.0,2935.493896484375,2935.493896484375,0.3388430178165436,0.0611569881439209,0.0,asphalt,True,0.8435364365577698,153.68153381347656,1.1175870895385742e-08,0.0,0.0,1.0,2935.494140625,2935.494140625,0.3388430178165436,0.0611569881439209,0.0,asphalt,True,-0.8364785313606262,151.48153686523438,0.0,0.0,0.0,1.0,2950.49462890625,2950.49462890625,0.33853307366371155,0.06146693229675293,0.0,asphalt,True,0.8435214757919312,151.48153686523438,0.0,0.0,0.0,1.0,2950.495361328125,2950.495361328125,0.33853307366371155,0.06146693229675293,0.0,asphalt,696,117.9394194501163,462.4621507944802,117.93929297557935,38.91592788696289,3.8655707612633705e-07,0.00010485505028537414,9.933132707233646e-09,6.252046647172147,-0.0004571022301063451,0.0,0.0,-0.0,2935.49658203125,True,0.0,695,1.3053923480921325e-07,0.00010446725921710438,9.165430630063728e-09,True,696,magic-formula,0.07917671296196037,-2.6494432522842494e-05,0.0,117.93941882027899,462.462097413008,117.93929234574203,38.91592788696289,3.8655707612633705e-07,0.00010484970937937779,9.933132707233646e-09,6.257585991965154,0.0029102553937514646,0.0,0.0,-0.0,2935.496826171875,True,0.0,695,1.3443843946141885e-07,0.0001045598092174346,-5.8353962867177696e-08,True,696,magic-formula,0.07917672855439122,1.6148150876029947e-05,0.0,118.00646174096545,462.1440037786595,118.0063352664285,38.91592788696289,5.285546649247408e-07,0.0006733614994822766,1.3581962287010257e-08,40.491757600483595,-0.0007652734677414949,44.500280348380585,33.2112,33.2112,2950.49365234375,True,0.0,695,6.423376482930946e-05,0.0006731840708990805,1.271821358078669e-08,True,696,magic-formula,0.36426416640287934,0.0001128687059143341,0.27675999999999995,118.00645369151371,462.1441686942692,118.00632721697676,38.91592788696289,5.285546649247408e-07,0.0006732932415935395,1.3581962287010257e-08,40.52302289844941,-0.027064978067648238,44.500280348380585,33.2112,33.2112,2950.49462890625,True,0.0,695,6.438693075338057e-05,0.0006737036948797382,4.4996600244428916e-07,True,696,magic-formula,0.3642645016347936,-0.00012360781998006835,0.27675999999999995
3.850000000000,462,held_throttle,0.0,0.15,0.0,1,0.0035422146320343018,154.5264434814453,0.418688029050827,-0.0003902032331097871,38.88722610473633,0.008099377155303955,6.696659511362668e-07,asphalt,0.0,0.15,0.0,3672.0591266342703,5,-0.5740355849266052,-2.3246680029842537e-06,635.28713691899,159.9994856704468,-0.0,6018.085648566226,5753.914351433774,6.099844540585764e-08,7.201326981028976e-07,False,-0.0,True,0,0,0.00026532498304732144,38.88722610473633,0.08174826204776764,False,True,-0.8364502191543579,155.6265106201172,1.1175870895385742e-08,0.0,0.0,1.0,2935.496337890625,2935.496337890625,0.3388434946537018,0.061156511306762695,0.0,asphalt,True,0.8435497283935547,155.62649536132812,1.1175870895385742e-08,0.0,0.0,1.0,2935.496337890625,2935.496337890625,0.3388434946537018,0.061156511306762695,0.0,asphalt,True,-0.8364652395248413,153.42649841308594,-1.1175870895385742e-08,0.0,0.0,1.0,2950.485595703125,2950.485595703125,0.33853253722190857,0.06146746873855591,0.0,asphalt,True,0.8435347080230713,153.42649841308594,1.4901161193847656e-08,0.0,0.0,1.0,2950.488525390625,2950.488525390625,0.3385324776172638,0.061467528343200684,0.0,asphalt,702,117.85237987030848,468.35684635357075,117.85224636242344,38.88721466064453,4.422327037900686e-07,0.00010467956095067681,1.1372187688145904e-08,6.241537041881451,-0.0005174513750574227,0.0,0.0,-0.0,2935.4921875,True,0.0,701,1.332821380121502e-07,0.00010429180679796278,1.0375515706432114e-08,True,702,magic-formula,0.0790875532747366,-2.6977581217293037e-05,0.0,117.85237940171837,468.3567929831927,117.85224589383333,38.88721466064453,4.422327037900686e-07,0.00010467558445758217,1.1372187688145904e-08,6.247168336739614,0.002846615565156937,0.0,0.0,-0.0,2935.495361328125,True,0.0,701,1.303564442183172e-07,0.00010438578931111276,-5.7077939547520165e-08,True,702,magic-formula,0.07908770063711576,1.5645659740137196e-05,0.0,117.91940939839165,468.0420513155041,117.91927589050661,38.88721466064453,5.761685315519571e-07,0.0006734974734824385,1.4816400109392856e-08,40.49982519820394,-0.0008258512418824166,44.506314981941955,33.2112,33.2112,2950.4873046875,True,0.0,701,6.434900714504824e-05,0.0006733196580109546,1.3725352653806503e-08,True,702,magic-formula,0.3643304387131835,0.0001124374855778778,0.27675999999999995,117.91940194947675,468.0422159964468,117.91926844159171,38.88721466064453,5.761685315519571e-07,0.0006734342613975549,1.4816400109392856e-08,40.53140610920896,-0.027150686894797965,44.506314981941955,33.2112,33.2112,2950.4873046875,True,0.0,701,6.450398473455607e-05,0.000673844753847173,4.5139207158634264e-07,True,702,magic-formula,0.36433025202970315,-0.0001242553459822949,0.27675999999999995
3.900000000000,468,held_throttle,0.0,0.15,0.0,1,0.0035554717760533094,156.469970703125,0.4186878800392151,-0.0003900436859112233,38.85855484008789,0.00810961239039898,4.876469006376283e-07,asphalt,0.0,0.15,0.0,3669.3486714617766,5,-0.5731200575828552,-2.4896603463275824e-06,634.3505633060532,159.9997279030751,-0.0,6017.890329312831,5754.109670687169,4.90379079565173e-08,7.087834455212332e-07,False,-0.0,True,0,0,0.00026500801322981715,38.85855484008789,0.0817471295595169,False,True,-0.8364369869232178,157.57003784179688,2.9802322387695312e-08,0.0,0.0,1.0,2935.514892578125,2935.514892578125,0.33884355425834656,0.06115645170211792,0.0,asphalt,True,0.8435629606246948,157.5700225830078,2.9802322387695312e-08,0.0,0.0,1.0,2935.513916015625,2935.513916015625,0.33884355425834656,0.06115645170211792,0.0,asphalt,True,-0.8364520072937012,155.3700408935547,-2.2351741790771484e-08,0.0,0.0,1.0,2950.481201171875,2950.481201171875,0.3385321795940399,0.06146782636642456,0.0,asphalt,True,0.8435479402542114,155.3700408935547,-2.2351741790771484e-08,0.0,0.0,1.0,2950.47998046875,2950.47998046875,0.3385321795940399,0.06146782636642456,0.0,asphalt,708,117.76546186967356,474.2471928166991,117.7653239715339,38.858543395996094,4.5433989726006985e-07,0.00010445633421758264,1.1692149461960638e-08,6.234079009906827,-0.000579776023046861,0.0,0.0,-0.0,2935.505859375,True,0.0,707,1.2946271291756722e-07,0.00010416670278032474,1.1625144100182158e-08,True,708,magic-formula,0.07897529863198378,-2.743630432528993e-05,0.0,117.76546252998801,474.24713944726733,117.76532463184836,38.858543395996094,4.5433989726006985e-07,0.00010446194183320537,1.1692149461960638e-08,6.234421109944797,0.0027826435060495183,0.0,0.0,-0.0,2935.508544921875,True,0.0,707,1.2949948789573857e-07,0.00010417232372299788,-5.579497486750167e-08,True,708,magic-formula,0.07896972254301309,1.515444695691148e-05,0.0,117.83247451295725,473.93574901903156,117.83233661481759,38.858543395996094,5.620240699499846e-07,0.0006735505500831424,1.4463333435393112e-08,40.50884703234539,-0.0008639678762605975,44.51190479713635,33.2112,33.2112,2950.4833984375,True,0.0,707,6.451366268840484e-05,0.0006734705537632162,1.4359060735145668e-08,True,708,magic-formula,0.36436278449421694,0.0001121695907125577,0.27675999999999995,117.83247097766791,473.9359135365256,117.83233307952825,38.858543395996094,5.620240699499846e-07,0.0006735205272006439,1.4463333435393112e-08,40.53653245574973,-0.027214142001924704,44.51190479713635,33.2112,33.2112,2950.482177734375,True,0.0,707,6.46498566543371e-05,0.0006739311588115776,4.5244783080186907e-07,True,708,magic-formula,0.36435548639598997,-0.00012471761794307544,0.27675999999999995
3.950000000000,474,held_throttle,0.0,0.15,0.0,1,0.0035687130875885487,158.4120635986328,0.41868770122528076,-0.0003899205185007304,38.829917907714844,0.00811018142849207,4.341260648743628e-07,asphalt,0.0,0.15,0.0,3666.6416721222786,5,-0.5722045302391052,-2.1059672690171283e-06,633.4158005327918,160.00022564135236,-0.0,6017.705924844012,5754.294075155988,4.086246008228045e-08,6.667837973273846e-07,False,-0.0,True,0,0,0.0002647011715453118,38.829917907714844,0.08174754679203033,False,True,-0.8364237546920776,159.5121307373047,2.60770320892334e-08,0.0,0.0,1.0,2935.53759765625,2935.53759765625,0.33884337544441223,0.061156630516052246,0.0,asphalt,True,0.843576192855835,159.51211547851562,2.60770320892334e-08,0.0,0.0,1.0,2935.5380859375,2935.5380859375,0.33884337544441223,0.061156630516052246,0.0,asphalt,True,-0.836438775062561,157.31211853027344,1.4901161193847656e-08,0.0,0.0,1.0,2950.471923828125,2950.471923828125,0.3385320007801056,0.06146800518035889,0.0,asphalt,True,0.8435611724853516,157.31211853027344,1.4901161193847656e-08,0.0,0.0,1.0,2950.47216796875,2950.47216796875,0.3385320007801056,0.06146800518035889,0.0,asphalt,714,117.67865107559739,480.13319584106824,117.67851035927562,38.82990646362305,4.0055601857602596e-07,0.00010425962081271465,1.0315657570570718e-08,6.222374508616337,-0.0004902199051905151,0.0,0.0,-0.0,2935.533935546875,True,0.0,713,1.284025759979801e-07,0.00010397013459468938,9.829352715847061e-09,True,714,magic-formula,0.07886165938104203,-2.6690798976377633e-05,0.0,117.67865267402526,480.1331425352315,117.67851195770349,38.82990646362305,4.0055601857602596e-07,0.00010427320521830084,1.0315657570570718e-08,6.223187551130942,0.002868630022098603,0.0,0.0,-0.0,2935.533935546875,True,0.0,713,1.3160465929827974e-07,0.00010398371976662206,-5.75185983592943e-08,True,714,magic-formula,0.07886159224885529,1.5872597182088963e-05,0.0,117.74564402309156,479.825102336099,117.74550330676979,38.82990646362305,4.90283127874136e-07,0.000673606155133911,1.2626430824226863e-08,40.51205754337394,-0.0007276405433664827,44.51719930555563,33.2112,33.2112,2950.474365234375,True,0.0,713,6.4603621416795e-05,0.0006735259960580911,1.2092608327140628e-08,True,714,magic-formula,0.36438352062786017,0.0001134638228019295,0.27675999999999995,117.74564395315764,479.8252669146483,117.74550323683587,38.82990646362305,4.90283127874136e-07,0.0006736055607932164,1.2626430824226863e-08,40.541547831721594,-0.0270989102464885,44.51719930555563,33.2112,33.2112,2950.474365234375,True,0.0,713,6.474884060615223e-05,0.0006740163332973295,4.5053327649364823e-07,True,714,magic-formula,0.36438242632095574,-0.00012361671699731436,0.27675999999999995
4.000000000000,480,held_throttle,0.0,0.15,0.0,1,0.0035819392651319504,160.3527374267578,0.4186875820159912,-0.0003898055583704263,38.80131912231445,0.00810430571436882,3.1641548048355617e-07,asphalt,0.0,0.15,0.0,3663.9382024638753,5,-0.5717467665672302,-2.155631136702141e-06,632.483094817145,160.00051432955317,-0.0,6017.519410067537,5754.480589932463,3.8982307160040364e-08,6.253891109029741e-07,False,-0.0,True,0,0,0.00026439919020049274,38.80131912231445,0.08174867928028107,False,True,-0.8364105224609375,161.45281982421875,3.725290298461914e-09,0.0,0.0,1.0,2935.55322265625,2935.55322265625,0.33884313702583313,0.06115686893463135,0.0,asphalt,True,0.8435894250869751,161.45278930664062,3.725290298461914e-09,0.0,0.0,1.0,2935.552490234375,2935.552490234375,0.33884313702583313,0.06115686893463135,0.0,asphalt,True,-0.8364255428314209,159.25279235839844,1.4901161193847656e-08,0.0,0.0,1.0,2950.46044921875,2950.46044921875,0.3385320007801056,0.06146800518035889,0.0,asphalt,True,0.8435744047164917,159.25279235839844,1.4901161193847656e-08,0.0,0.0,1.0,2950.460205078125,2950.460205078125,0.3385320007801056,0.06146800518035889,0.0,asphalt,720,117.59195858298047,486.01486138760146,117.59181669691755,38.801307678222656,4.0433951653540134e-07,0.00010408551676642836,1.0420770348478178e-08,6.211996288125703,-0.0005060379755942968,0.0,0.0,-0.0,2935.550537109375,True,0.0,719,1.3086049692022352e-07,0.00010379613660908438,1.0146461677874752e-08,True,720,magic-formula,0.07877318268804161,-2.681469469068513e-05,0.0,117.5919616283627,486.01480817564567,117.59181974229978,38.801307678222656,4.0433951653540134e-07,0.00010411141734026069,1.0420770348478178e-08,6.213550206283508,0.002849615803678704,0.0,0.0,-0.0,2935.552978515625,True,0.0,719,1.2788250349552288e-07,0.00010382201477180082,-5.7136975391827654e-08,True,720,magic-formula,0.07877214368107674,1.573353718785526e-05,0.0,117.65893442940023,485.71011723486225,117.65879254333731,38.801307678222656,4.899338819086552e-07,0.0006737062497019219,1.2626736345374048e-08,40.51796553454027,-0.0007400796221946662,44.52229706721027,33.2112,33.2112,2950.46728515625,True,0.0,719,6.475154193360367e-05,0.0006736258433183953,1.2299432582457563e-08,True,720,magic-formula,0.3644232622067905,0.00011344667846858468,0.27675999999999995,117.65893454117328,485.71028195608085,117.65879265511036,38.801307678222656,4.899338819086552e-07,0.000673707200316913,1.2626736345374048e-08,40.54756690471058,-0.027134550886007056,44.52229706721027,33.2112,33.2112,2950.467041015625,True,0.0,719,6.489762212291393e-05,0.0006741180845102146,4.5112695048475403e-07,True,720,magic-formula,0.3644232315611148,-0.00012383427609245494,0.27675999999999995
4.050000000000,486,held_throttle,0.0,0.15,0.0,1,0.0035951505415141582,162.29196166992188,0.4186875820159912,-0.0003896910639014095,38.772762298583984,0.00809738039970398,2.8310316224633425e-07,asphalt,0.0,0.15,0.0,3661.2383433276395,5,-0.5708312392234802,-1.8940809241030365e-06,631.5523188779933,160.00007963812436,-0.0,6017.33596560668,5754.66403439332,4.227922545396723e-08,5.905296619139424e-07,False,-0.0,True,0,0,0.00026410663849674165,38.772762298583984,0.08174940198659897,False,True,-0.8363972902297974,163.3920440673828,1.1175870895385742e-08,0.0,0.0,1.0,2935.5498046875,2935.5498046875,0.3388430178165436,0.0611569881439209,0.0,asphalt,True,0.8436026573181152,163.39202880859375,1.1175870895385742e-08,0.0,0.0,1.0,2935.5498046875,2935.5498046875,0.3388430178165436,0.0611569881439209,0.0,asphalt,True,-0.8364123106002808,161.1920166015625,4.842877388000488e-08,0.0,0.0,1.0,2950.457763671875,2950.457763671875,0.33853206038475037,0.06146794557571411,0.0,asphalt,True,0.8435876369476318,161.1920166015625,4.842877388000488e-08,0.0,0.0,1.0,2950.4580078125,2950.4580078125,0.33853206038475037,0.06146794557571411,0.0,asphalt,726,117.50539071853366,491.89219547434357,117.50524982246664,38.77275085449219,3.5340781323611736e-07,0.00010388952383188227,9.11485013179486e-09,6.200272222617984,-0.0004326558596689572,0.0,0.0,-0.0,2935.549072265625,True,0.0,725,1.2697315372464291e-07,0.00010360029065859581,8.675097324738574e-09,True,726,magic-formula,0.07864914246508263,-2.6185042045720425e-05,0.0,117.50539309600101,491.89214240342295,117.50525219993399,38.77275085449219,3.5340781323611736e-07,0.00010390975877019072,9.11485013179486e-09,6.201482624396745,0.0029193075434818913,0.0,0.0,-0.0,2935.549072265625,True,0.0,725,1.2709874486067946e-07,0.00010362051530095334,-5.853442545508123e-08,True,726,magic-formula,0.07865374288929501,1.6327288259345065e-05,0.0,117.57234664925731,491.59079977692085,117.57220575319029,38.77275085449219,4.462781362235546e-07,0.0006737602874958818,1.1510097333520741e-08,40.52102165504798,-0.0006629919677606791,44.52726299606214,33.2112,33.2112,2950.453857421875,True,0.0,725,6.486713078907187e-05,0.0006736797223949939,1.1017863062798069e-08,True,726,magic-formula,0.3644305969168408,0.00011421628433024967,0.27675999999999995,117.57234675818786,491.5909646440275,117.57220586212084,38.77275085449219,4.462781362235546e-07,0.0006737612146181768,1.1510097333520741e-08,40.55064646532489,-0.027078244161919562,44.52726299606214,33.2112,33.2112,2950.453857421875,True,0.0,725,6.501734529323573e-05,0.0006741722997289912,4.5019285311798715e-07,True,726,magic-formula,0.36443060158718016,-0.00012324002928926957,0.27675999999999995
4.100000000000,492,held_throttle,0.0,0.15,0.0,1,0.0036083473823964596,164.2297821044922,0.4186875820159912,-0.00038956356002017856,38.74424362182617,0.008092740550637245,3.095524050422682e-07,asphalt,0.0,0.15,0.0,3658.542135621704,5,-0.5699157118797302,-1.8561745491751935e-06,630.6234699694253,160.00008627463473,-0.0,6017.155272614541,5754.844727385459,4.542584974842612e-08,5.788894812062528e-07,False,-0.0,True,0,0,0.00026381967472843826,38.74424362182617,0.08174954354763031,False,True,-0.8363841772079468,165.32984924316406,-1.862645149230957e-08,0.0,0.0,1.0,2935.552490234375,2935.552490234375,0.33884289860725403,0.06115710735321045,0.0,asphalt,True,0.8436157703399658,165.329833984375,-1.862645149230957e-08,0.0,0.0,1.0,2935.552490234375,2935.552490234375,0.33884289860725403,0.06115710735321045,0.0,asphalt,True,-0.8363990783691406,163.1298370361328,-3.725290298461914e-09,0.0,0.0,1.0,2950.44970703125,2950.44970703125,0.3385322391986847,0.061467766761779785,0.0,asphalt,True,0.843600869178772,163.12985229492188,-2.2351741790771484e-08,0.0,0.0,1.0,2950.45263671875,2950.45263671875,0.3385321795940399,0.06146782636642456,0.0,asphalt,732,117.41894005754753,497.7652042059203,117.41879938686057,38.744232177734375,3.5719131119549274e-07,0.00010370682371189145,9.219212541286707e-09,6.189350028367132,-0.00041665650013424424,0.0,0.0,-0.0,2935.55126953125,True,0.0,731,1.2629263753611377e-07,0.00010341771394806265,8.354291208549937e-09,True,732,magic-formula,0.0785442569687983,-2.602831805318004e-05,0.0,117.4189416760945,497.7651512167918,117.41880100540754,38.744232177734375,3.5719131119549274e-07,0.00010372060951877085,9.219212541286707e-09,6.190175192409152,0.0029319443331500238,0.0,0.0,-0.0,2935.55126953125,True,0.0,731,1.2695728898454668e-07,0.00010343150162047619,-5.878775873513736e-08,True,732,magic-formula,0.07854430832432197,1.645775154705371e-05,0.0,117.48587522742167,497.4671559197381,117.48573455673471,38.744232177734375,4.5693013817071915e-07,0.0006738202268408726,1.179350092872169e-08,40.524589287594345,-0.0006547507559154245,44.53213985037181,33.2112,33.2112,2950.451904296875,True,0.0,731,6.498346712010292e-05,0.0006737394865025451,1.0880847871158061e-08,True,732,magic-formula,0.3644449726670604,0.00011437199488418569,0.27675999999999995,117.48587532397791,497.46732093195413,117.48573465329095,38.744232177734375,4.5693013817071915e-07,0.0006738210492486307,1.179350092872169e-08,40.554229499701066,-0.02709206083322461,44.53213985037181,33.2112,33.2112,2950.451904296875,True,0.0,731,6.51117067345696e-05,0.000674232320632912,4.5042287230783435e-07,True,732,magic-formula,0.3644449138276093,-0.00012327141239254196,0.27675999999999995
4.150000000000,498,held_throttle,0.0,0.15,0.0,1,0.003621530020609498,166.16616821289062,0.4186875820159912,-0.00038943029358051717,38.715763092041016,0.008091922849416733,3.1626373697690724e-07,asphalt,0.0,0.15,0.0,3655.8496010115728,5,-0.5694579482078552,-1.797746790543897e-06,629.6966694230857,159.9999834087241,-0.0,6016.971143175015,5755.028856824985,4.7445382733712904e-08,5.741064030815826e-07,False,-0.0,True,0,0,0.00026353358407504857,38.715763092041016,0.08174948394298553,False,True,-0.8363710045814514,167.26625061035156,-1.862645149230957e-08,0.0,0.0,1.0,2935.542236328125,2935.542236328125,0.33884289860725403,0.06115710735321045,0.0,asphalt,True,0.8436289429664612,167.2662353515625,-1.862645149230957e-08,0.0,0.0,1.0,2935.542236328125,2935.542236328125,0.33884289860725403,0.06115710735321045,0.0,asphalt,True,-0.8363859057426453,165.0662384033203,-3.725290298461914e-09,0.0,0.0,1.0,2950.45703125,2950.45703125,0.3385322391986847,0.061467766761779785,0.0,asphalt,True,0.8436140418052673,165.0662384033203,-3.725290298461914e-09,0.0,0.0,1.0,2950.45703125,2950.45703125,0.3385322391986847,0.061467766761779785,0.0,asphalt,738,117.33260738819988,503.63389351572346,117.33246891357155,38.71575164794922,3.2765092328190804e-07,0.00010354416448353485,8.462987526661226e-09,6.179598367208846,-0.00040038608140552026,0.0,0.0,-0.0,2935.540771484375,True,0.0,737,1.2569125139802011e-07,0.00010325514250538465,8.028085361632466e-09,True,738,magic-formula,0.07845297925931274,-2.587627797510379e-05,0.0,117.33260899808188,503.63384060037697,117.33247052345355,38.71575164794922,3.2765092328190804e-07,0.00010355788657448617,8.462987526661226e-09,6.1804197447982725,0.0029453760400929923,0.0,0.0,-0.0,2935.540771484375,True,0.0,737,1.2916535945932374e-07,0.00010326886691185352,-5.905728577802059e-08,True,738,magic-formula,0.07845297782262346,1.659061172835558e-05,0.0,117.39952224625611,503.3391916285206,117.39938377162778,38.71575164794922,4.318426363170147e-07,0.0006739038299590576,1.1154184483975774e-08,40.529694613162974,-0.0006420772797558345,44.53695580820132,33.2112,33.2112,2950.45849609375,True,0.0,737,6.508519812666642e-05,0.000673822866909483,1.0670112623259121e-08,True,738,magic-formula,0.36447819042099106,0.00011457488111442328,0.27675999999999995,117.39952200967629,503.3393567772159,117.39938353504796,38.71575164794922,4.318426363170147e-07,0.0006739018134325919,1.1154184483975774e-08,40.5591895665143,-0.027102285722395297,44.53695580820132,33.2112,33.2112,2950.458740234375,True,0.0,737,6.523146445741532e-05,0.0006743132286020201,4.505918363923309e-07,True,738,magic-formula,0.3644761716633037,-0.0001232648633091958,0.27675999999999995
4.200000000000,504,held_throttle,0.0,0.15,0.0,1,0.0036346984561532736,168.1011199951172,0.4186875820159912,-0.00038928663707338274,38.68732452392578,0.008095119148492813,3.564675523648475e-07,asphalt,0.0,0.15,0.0,3653.160739040087,5,-0.5685424208641052,-1.92413881450193e-06,628.7717902441927,159.99999004523445,-0.0,6016.789118174474,5755.210881825526,5.142533154867124e-08,5.815340783857597e-07,False,-0.0,True,0,0,0.00026324830832891166,38.68732452392578,0.08174953609704971,False,True,-0.836357831954956,169.20118713378906,1.1175870895385742e-08,0.0,0.0,1.0,2935.532958984375,2935.532958984375,0.3388430178165436,0.0611569881439209,0.0,asphalt,True,0.8436421155929565,169.201171875,1.1175870895385742e-08,0.0,0.0,1.0,2935.532958984375,2935.532958984375,0.3388430178165436,0.0611569881439209,0.0,asphalt,True,-0.8363727331161499,167.00119018554688,-2.2351741790771484e-08,0.0,0.0,1.0,2950.46630859375,2950.46630859375,0.3385321795940399,0.06146782636642456,0.0,asphalt,True,0.8436272144317627,167.00119018554688,4.842877388000488e-08,0.0,0.0,1.0,2950.4716796875,2950.4716796875,0.33853206038475037,0.06146794557571411,0.0,asphalt,744,117.24639676848172,509.49826934131056,117.24625876417129,38.687313079833984,3.766617737710476e-07,0.00010333759175097005,9.73605411659837e-09,6.16723021707718,-0.0004234512431528323,0.0,0.0,-0.0,2935.533447265625,True,0.0,743,1.288434194126132e-07,0.00010304873914361508,8.490582445726343e-09,True,744,magic-formula,0.07833081761168151,-2.605452144804463e-05,0.0,117.24639836854122,509.498216499425,117.24626036423079,38.687313079833984,3.766617737710476e-07,0.00010335124014346142,9.73605411659837e-09,6.168053295141489,0.002918020021379092,0.0,0.0,-0.0,2935.536376953125,True,0.0,743,1.2553702407908082e-07,0.0001030623892534472,-5.850886171464262e-08,True,744,magic-formula,0.07833086051706446,1.637756075534913e-05,0.0,117.31329226834838,509.2069128779248,117.31315426403795,38.687313079833984,4.895555321127176e-07,0.0006739513976371296,1.2654162130683137e-08,40.53263001091788,-0.0006836926256079028,44.54172943299893,33.2112,33.2112,2950.464599609375,True,0.0,743,6.522103209895991e-05,0.0006738702780683335,1.1361953922056857e-08,True,744,magic-formula,0.36447121896016826,0.00011430164082542334,0.27675999999999995,117.31329040848625,509.2070780929656,117.31315240417582,38.687313079833984,4.895555321127176e-07,0.0006739355331468721,1.2654162130683137e-08,40.561315511472756,-0.02716505721709527,44.54172943299893,33.2112,33.2112,2950.46484375,True,0.0,743,6.536357366329696e-05,0.0006743471798702859,4.516345151907865e-07,True,744,magic-formula,0.3644743251271329,-0.00012370352947528747,0.27675999999999995
4.250000000000,510,held_throttle,0.0,0.15,0.0,1,0.0036478524561971426,170.03466796875,0.4186875820159912,-0.00038914181641303003,38.65892028808594,0.008097258396446705,2.8866961088169774e-07,asphalt,0.0,0.15,0.0,3650.475521050699,5,-0.5676268935203552,-1.8794066818372812e-06,627.8487058064946,160.0000530920829,-0.0,6016.61480321467,5755.38519678533,4.915091267321259e-08,5.843074849890964e-07,False,-0.0,True,0,0,0.0002629586961120367,38.65892028808594,0.08174945414066315,False,True,-0.8363446593284607,171.13473510742188,-2.9802322387695312e-08,0.0,0.0,1.0,2935.5341796875,2935.5341796875,0.33884307742118835,0.06115692853927612,0.0,asphalt,True,0.8436552882194519,171.1347198486328,-2.9802322387695312e-08,0.0,0.0,1.0,2935.5341796875,2935.5341796875,0.33884307742118835,0.06115692853927612,0.0,asphalt,True,-0.8363595604896545,168.93472290039062,-4.0978193283081055e-08,0.0,0.0,1.0,2950.458740234375,2950.458740234375,0.3385321795940399,0.06146782636642456,0.0,asphalt,True,0.8436403870582581,168.93472290039062,-4.0978193283081055e-08,0.0,0.0,1.0,2950.458740234375,2950.458740234375,0.3385321795940399,0.06146782636642456,0.0,asphalt,750,117.16029353652888,515.3583374353599,117.16015404303366,38.65890884399414,3.396999090909958e-07,0.00010315922460428422,8.787105462852967e-09,6.156565962678067,-0.0004154814145619078,0.0,0.0,-0.0,2935.53515625,True,0.0,749,1.275842848188271e-07,0.00010287048894744407,8.330775317407867e-09,True,750,magic-formula,0.0782287984253393,-2.5974063964224117e-05,0.0,117.16029514653748,515.358284667071,117.16015565304225,38.65890884399414,3.396999090909958e-07,0.00010317296795230042,8.787105462852967e-09,6.15738909196216,0.0029226573867371245,0.0,0.0,-0.0,2935.535400390625,True,0.0,749,1.2767384401540917e-07,0.0001028842341489611,-5.8601864146064076e-08,True,750,magic-formula,0.07822880414394849,1.6433564127714553e-05,0.0,117.2271667739718,515.0703253526906,117.22702728047658,38.65890884399414,4.476460162550211e-07,0.0006740022467190187,1.1579375353336316e-08,40.53570547935105,-0.0006664262033414444,44.54647297198263,33.2112,33.2112,2950.466552734375,True,0.0,749,6.531104909206735e-05,0.0006739209668734601,1.1074877135536621e-08,True,750,magic-formula,0.36449599160231694,0.00011454214807675938,0.27675999999999995,117.227166211402,515.0704906264165,117.22702671790677,38.65890884399414,4.476460162550211e-07,0.000673997444513098,1.1579375353336316e-08,40.56507680891396,-0.0271695532225005,44.54647297198263,33.2112,33.2112,2950.466796875,True,0.0,749,6.545721410377074e-05,0.0006744092717259556,4.5170897685224533e-07,True,750,magic-formula,0.3644920180252678,-0.00012365866466453594,0.27675999999999995
4.300000000000,516,held_throttle,0.0,0.15,0.0,1,0.003660992020741105,171.96678161621094,0.4186875820159912,-0.0003890028456225991,38.63055419921875,0.008097509853541851,3.730831963366654e-07,asphalt,0.0,0.15,0.0,3647.7938583625964,5,-0.5671691298484802,-1.8105502022081055e-06,626.9276612534388,159.9998208142202,-0.0,6016.4352438350115,5755.5647561649885,4.8858055379241705e-08,5.871696428579792e-07,False,-0.0,True,0,0,0.0002626745554152876,38.63055419921875,0.0817493349313736,False,True,-0.8363315463066101,173.0668487548828,-2.9802322387695312e-08,0.0,0.0,1.0,2935.5341796875,2935.5341796875,0.33884307742118835,0.06115692853927612,0.0,asphalt,True,0.8436684012413025,173.06683349609375,-2.9802322387695312e-08,0.0,0.0,1.0,2935.53466796875,2935.53466796875,0.33884307742118835,0.06115692853927612,0.0,asphalt,True,-0.836346447467804,170.86683654785156,-4.0978193283081055e-08,0.0,0.0,1.0,2950.459716796875,2950.459716796875,0.3385321795940399,0.06146782636642456,0.0,asphalt,True,0.8436535000801086,170.86683654785156,-4.0978193283081055e-08,0.0,0.0,1.0,2950.460205078125,2950.460205078125,0.3385321795940399,0.06146782636642456,0.0,asphalt,756,117.07430777057864,521.2141033594803,117.07416835252054,38.63054275512695,3.328896127641201e-07,0.00010299646031960905,8.617264708763114e-09,6.146826642544289,-0.0004013647582222955,0.0,0.0,-0.0,2935.533447265625,True,0.0,755,1.236074518395235e-07,0.00010270781341517013,8.047728498944969e-09,True,756,magic-formula,0.0781376027574824,-2.5851655752985174e-05,0.0,117.07430937956165,521.214050664813,117.07416996150356,38.63054275512695,3.328896127641201e-07,0.00010301020499816092,8.617264708763114e-09,6.147649870091934,0.0029340395485616803,0.0,0.0,-0.0,2935.53369140625,True,0.0,755,1.270697733961663e-07,0.00010272156022359513,-5.883012050651075e-08,True,756,magic-formula,0.07813760143363832,1.65379222432286e-05,0.0,117.14115952135157,520.9294345377442,117.14102010329347,38.63054275512695,4.4016633182764053e-07,0.0006740750986629426,1.1394256990324649e-08,40.5399813048275,-0.000648398706113737,44.55119455701012,33.2112,33.2112,2950.459716796875,True,0.0,755,6.545588035674086e-05,0.0006739936212252289,1.0775179323374352e-08,True,756,magic-formula,0.3645200955816175,0.00011480057412035214,0.27675999999999995,117.14115960300623,520.9295999500611,117.14102018494813,38.63054275512695,4.4016633182764053e-07,0.0006740757961949508,1.1394256990324649e-08,40.56970445011605,-0.02717373889009078,44.55119455701012,33.2112,33.2112,2950.4599609375,True,0.0,755,6.56040451392715e-05,0.000674487776912705,4.5177962617487303e-07,True,756,magic-formula,0.36452003529832944,-0.00012359177018511058,0.27675999999999995
4.350000000000,522,held_throttle,0.0,0.15,0.0,1,0.0036741173826158047,173.89749145507812,0.4186875820159912,-0.00038886163383722305,38.602230072021484,0.008096462115645409,4.98054191666597e-07,asphalt,0.0,0.15,0.0,3645.115803720199,5,-0.5662536025047302,-1.8286391423316672e-06,626.0085298750782,159.99985067851682,-0.0,6016.256493425457,5755.743506574543,4.974276635039132e-08,5.932838795067449e-07,False,-0.0,True,0,0,0.0002623912296257913,38.602230072021484,0.08174926787614822,False,True,-0.8363184332847595,174.99757385253906,-2.9802322387695312e-08,0.0,0.0,1.0,2935.537109375,2935.537109375,0.33884307742118835,0.06115692853927612,0.0,asphalt,True,0.8436815142631531,174.99755859375,-2.9802322387695312e-08,0.0,0.0,1.0,2935.53759765625,2935.53759765625,0.33884307742118835,0.06115692853927612,0.0,asphalt,True,-0.8363333344459534,172.7975616455078,-4.0978193283081055e-08,0.0,0.0,1.0,2950.457763671875,2950.457763671875,0.3385321795940399,0.06146782636642456,0.0,asphalt,True,0.8436666131019592,172.7975616455078,-4.0978193283081055e-08,0.0,0.0,1.0,2950.458251953125,2950.458251953125,0.3385321795940399,0.06146782636642456,0.0,asphalt,762,116.98844403391884,527.0655730507442,116.98830501167284,38.60221862792969,3.360037226229906e-07,0.00010278951326021087,8.704259355183367e-09,6.134461272268929,-0.00040329494016398725,0.0,0.0,-0.0,2935.5380859375,True,0.0,761,1.2618579662595083e-07,0.00010250103692534409,8.086417505434475e-09,True,762,magic-formula,0.07801542087380288,-2.5851338911351274e-05,0.0,116.98844564157051,527.0655204296252,116.9883066193245,38.60221862792969,3.360037226229906e-07,0.0001028032566425481,8.704259355183367e-09,6.135284920030447,0.0029278408622399024,0.0,0.0,-0.0,2935.53857421875,True,0.0,761,1.2288698162941117e-07,0.00010251478233750657,-5.8705733311724126e-08,True,762,magic-formula,0.07801541910506701,1.6503343808455932e-05,0.0,117.05527484199904,526.7842464360083,117.05513581975303,38.60221862792969,4.452303983271122e-07,0.0006741081433896117,1.1533803344789532e-08,40.54191093585436,-0.0006538968318558782,44.55589953292383,33.2112,33.2112,2950.4560546875,True,0.0,761,6.55648186899237e-05,0.0006740265405463839,1.0866593534500112e-08,True,762,magic-formula,0.36451660798342433,0.0001148401053238881,0.27675999999999995,117.05527493348707,526.7844119936087,117.05513591124107,38.60221862792969,4.452303983271122e-07,0.0006741089254962958,1.1533803344789532e-08,40.57166087844634,-0.027199887563523137,44.55589953292383,33.2112,33.2112,2950.456298828125,True,0.0,761,6.571333410211965e-05,0.0006745211424124084,4.522149302551706e-07,True,762,magic-formula,0.3645166190333739,-0.00012372458918144102,0.27675999999999995
4.400000000000,528,held_throttle,0.0,0.15,0.0,1,0.003687228774651885,175.8267822265625,0.4186875820159912,-0.0003887181228492409,38.573944091796875,0.00809667818248272,6.235369482965325e-07,asphalt,0.0,0.15,0.0,3642.4414067572297,5,-0.5653380751609802,-1.8642085706233047e-06,625.0913089478705,159.99985731502719,-0.0,6016.078857609378,5755.921142390622,5.04885555585588e-08,6.002236244100069e-07,False,-0.0,True,0,0,0.0002621071180328727,38.573944091796875,0.08174923807382584,False,True,-0.8363053202629089,176.92684936523438,-2.9802322387695312e-08,0.0,0.0,1.0,2935.536865234375,2935.536865234375,0.33884307742118835,0.06115692853927612,0.0,asphalt,True,0.8436946272850037,176.9268341064453,-2.9802322387695312e-08,0.0,0.0,1.0,2935.537109375,2935.537109375,0.33884307742118835,0.06115692853927612,0.0,asphalt,True,-0.8363202214241028,174.72683715820312,-4.0978193283081055e-08,0.0,0.0,1.0,2950.45849609375,2950.45849609375,0.3385321795940399,0.06146782636642456,0.0,asphalt,True,0.8436797261238098,174.72683715820312,-4.0978193283081055e-08,0.0,0.0,1.0,2950.458740234375,2950.458740234375,0.3385321795940399,0.06146782636642456,0.0,asphalt,768,116.90269671565169,532.9127524941742,116.90255701447153,38.57393264770508,3.365275915712118e-07,0.000102589188821353,8.724223030218652e-09,6.122475751571609,-0.00040984577959822895,0.0,0.0,-0.0,2935.53515625,True,0.0,767,1.2203261351610855e-07,0.00010230087188802485,8.217775604998805e-09,True,768,magic-formula,0.07789757499564923,-2.5891924801700348e-05,0.0,116.90269832401052,532.9126999466071,116.90255862283036,38.57393264770508,3.365275915712118e-07,0.0001026029483313845,8.724223030218652e-09,6.123300355504003,0.0029170897033188154,0.0,0.0,-0.0,2935.53564453125,True,0.0,767,1.2548920070003642e-07,0.00010231463321088325,-5.849022136774988e-08,True,768,magic-formula,0.07789757627217216,1.6429044726500188e-05,0.0,116.96950630655806,532.6347670306328,116.9693666053779,38.57393264770508,4.473840817809105e-07,0.0006741452497619006,1.1598093610699742e-08,40.5441747907852,-0.0006645728899810187,44.56059139354465,33.2112,33.2112,2950.458984375,True,0.0,767,6.567550451256407e-05,0.0006740635110232085,1.1044068705337317e-08,True,768,magic-formula,0.36451721787120156,0.00011483582622188989,0.27675999999999995,116.96950638698128,532.6349327335025,116.96936668580112,38.57393264770508,4.473840817809105e-07,0.0006741459377824767,1.1598093610699742e-08,40.57394758383917,-0.027231621730493663,44.56059139354465,33.2112,33.2112,2950.459716796875,True,0.0,767,6.58243997794872e-05,0.0006745583806908711,4.527420108235367e-07,True,768,magic-formula,0.36451725812007574,-0.00012390427525296033,0.27675999999999995
4.450000000000,534,held_throttle,0.0,0.15,0.0,1,0.003700325731188059,177.75465393066406,0.4186875820159912,-0.0003885728947352618,38.545692443847656,0.008096748031675816,7.303149800463871e-07,asphalt,0.0,0.15,0.0,3639.770682039631,5,-0.5648803114891052,-1.88620833796449e-06,624.1759957519406,159.99986726979273,-0.0,6015.902585935467,5756.097414064533,5.098741340248125e-08,6.062188788257241e-07,False,-0.0,True,0,0,0.0002618216094560921,38.545692443847656,0.08174923807382584,False,True,-0.8362922072410583,178.85472106933594,-2.9802322387695312e-08,0.0,0.0,1.0,2935.53564453125,2935.53564453125,0.33884307742118835,0.06115692853927612,0.0,asphalt,True,0.8437077403068542,178.85470581054688,-2.9802322387695312e-08,0.0,0.0,1.0,2935.536376953125,2935.536376953125,0.33884307742118835,0.06115692853927612,0.0,asphalt,True,-0.8363071084022522,176.65472412109375,-4.0978193283081055e-08,0.0,0.0,1.0,2950.459716796875,2950.459716796875,0.3385321795940399,0.06146782636642456,0.0,asphalt,True,0.8436928391456604,176.65472412109375,-4.0978193283081055e-08,0.0,0.0,1.0,2950.4599609375,2950.4599609375,0.3385321795940399,0.06146782636642456,0.0,asphalt,774,116.81706047975062,538.7556476002334,116.81692131128698,38.54568099975586,3.4295953810214996e-07,0.00010244879476574165,8.897482913956617e-09,6.114075413541316,-0.0004161813149753473,0.0,0.0,-0.0,2935.53466796875,True,0.0,773,1.2154470447207667e-07,0.00010216052670455062,8.344810014205934e-09,True,774,magic-formula,0.0778220432303601,-2.5941794672800306e-05,0.0,116.81706208891092,538.7555951261921,116.81692292044727,38.54568099975586,3.4295953810214996e-07,0.00010246257122208291,8.897482913956617e-09,6.114900511110446,0.0029086522671469737,0.0,0.0,-0.0,2935.534912109375,True,0.0,773,1.2500729014512768e-07,0.00010217430479861663,-5.832105766793904e-08,True,774,magic-formula,0.077822039494878,1.636914296554162e-05,0.0,116.88384886908997,538.4810022307187,116.88370970062633,38.54568099975586,4.549219738692045e-07,0.0006742422593078728,1.1802151682625244e-08,40.55001123334934,-0.0006739692080661761,44.565272430905864,33.2112,33.2112,2950.460205078125,True,0.0,773,6.580419262501237e-05,0.0006741602738962046,1.1200272601553297e-08,True,774,magic-formula,0.3645601344027566,0.00011485691094571113,0.27675999999999995,116.88384895469028,538.4811680788014,116.88370978622663,38.54568099975586,4.549219738692045e-07,0.0006742429921550994,1.1802151682625244e-08,40.579801823128754,-0.027264327177734755,44.565272430905864,33.2112,33.2112,2950.46044921875,True,0.0,773,6.597595797099129e-05,0.0006746555505515632,4.5328565634660786e-07,True,774,magic-formula,0.364560133408914,-0.00012408628300640635,0.27675999999999995
4.500000000000,540,held_throttle,0.0,0.15,0.0,1,0.00371340848505497,179.68112182617188,0.4186875820159912,-0.00038842641515657306,38.51748275756836,0.008097146637737751,8.497879093738447e-07,asphalt,0.0,0.15,0.0,3637.103519662822,5,-0.5639647841453552,-1.8938594621431548e-06,623.2625875710804,160.0000895928899,-0.0,6015.72619127002,5756.27380872998,5.1390774302717546e-08,6.125159069889254e-07,False,-0.0,True,0,0,0.0002615359553601593,38.51748275756836,0.08174934983253479,False,True,-0.8362790942192078,180.78118896484375,-2.9802322387695312e-08,0.0,0.0,1.0,2935.53369140625,2935.53369140625,0.33884307742118835,0.06115692853927612,0.0,asphalt,True,0.8437208533287048,180.7811737060547,-2.9802322387695312e-08,0.0,0.0,1.0,2935.5341796875,2935.5341796875,0.33884307742118835,0.06115692853927612,0.0,asphalt,True,-0.8362939953804016,178.5811767578125,-4.0978193283081055e-08,0.0,0.0,1.0,2950.460205078125,2950.460205078125,0.3385321795940399,0.06146782636642456,0.0,asphalt,True,0.843705952167511,178.5811767578125,-4.0978193283081055e-08,0.0,0.0,1.0,2950.46044921875,2950.46044921875,0.3385321795940399,0.06146782636642456,0.0,asphalt,780,116.73154374222356,544.5942638775689,116.73140438190747,38.51747131347656,3.466848284006119e-07,0.0001022424713493462,9.000716209511738e-09,6.101745301796589,-0.00041903846778756237,0.0,0.0,-0.0,2935.538330078125,True,0.0,779,1.20757406991803e-07,0.00010195437428507892,8.402087887483217e-09,True,780,magic-formula,0.07770008129361353,-2.594878793422635e-05,0.0,116.73154535111219,544.5942114770531,116.73140599079609,38.51747131347656,3.466848284006119e-07,0.00010225625556788793,9.000716209511738e-09,6.102570853257836,0.0029015283790171697,0.0,0.0,-0.0,2935.53857421875,True,0.0,779,1.2082916573658916e-07,0.00010196816001967614,-5.817814448740387e-08,True,780,magic-formula,0.07770007480257494,1.632675198879873e-05,0.0,116.79831088460413,544.3229575408712,116.79817152428804,38.51747131347656,4.5952037908136845e-07,0.0006742726756757873,1.1930180341838552e-08,40.55189357660284,-0.0006789919701856068,44.56994419198338,33.2112,33.2112,2950.464599609375,True,0.0,779,6.591138031018876e-05,0.000674190566010926,1.1283753436747707e-08,True,780,magic-formula,0.3645563402033168,0.00011489892489399712,0.27675999999999995,116.79831096428298,544.3231235342253,116.79817160396688,38.51747131347656,4.5952037908136845e-07,0.0006742733583274967,1.1930180341838552e-08,40.58170629019442,-0.02728973715517428,44.56994419198338,33.2112,33.2112,2950.465087890625,True,0.0,779,6.606097685412647e-05,0.0006746861543254368,4.537074043816691e-07,True,780,magic-formula,0.3645563571960001,-0.00012421382827167537,0.27675999999999995
4.550000000000,546,held_throttle,0.0,0.15,0.0,1,0.003726476803421974,181.60617065429688,0.4186875820159912,-0.0003882751043420285,38.48930740356445,0.008099284023046494,8.492143592775392e-07,asphalt,0.0,0.15,0.0,3634.439963008033,5,-0.5630492568016052,-2.2647691366728395e-06,622.3509583446609,160.000073001614,-0.0,6015.555910621599,5756.444089378401,5.403490277444689e-08,6.191186725556936e-07,False,-0.0,True,0,0,0.0002612452663015574,38.48930740356445,0.08174952864646912,False,True,-0.836266040802002,182.7062530517578,-1.4901161193847656e-08,0.0,0.0,1.0,2935.53076171875,2935.53076171875,0.33884307742118835,0.06115692853927612,0.0,asphalt,True,0.8437339067459106,182.7062225341797,1.1175870895385742e-08,0.0,0.0,1.0,2935.533203125,2935.533203125,0.3388430178165436,0.0611569881439209,0.0,asphalt,True,-0.8362809419631958,180.50624084472656,4.842877388000488e-08,0.0,0.0,1.0,2950.471435546875,2950.471435546875,0.33853206038475037,0.06146794557571411,0.0,asphalt,True,0.8437190055847168,180.50624084472656,2.9802322387695312e-08,0.0,0.0,1.0,2950.47314453125,2950.47314453125,0.3385320007801056,0.06146800518035889,0.0,asphalt,786,116.64613442518586,550.4286071667092,116.64599639107311,38.489295959472656,4.3777981773018837e-07,0.00010206476218265788,1.1374066654561546e-08,6.091102327849365,-0.0005104145605327634,0.0,0.0,-0.0,2935.53125,True,0.0,785,1.234573258172959e-07,0.00010177678526992512,1.0234281866410091e-08,True,786,magic-formula,0.07759787673475588,-2.6716880051902313e-05,0.0,116.6461360278962,550.428554839735,116.64599799378345,38.489295959472656,4.3777981773018837e-07,0.00010207850352028824,1.1374066654561546e-08,6.091930247076978,0.0028065061772267605,0.0,0.0,-0.0,2935.533935546875,True,0.0,785,1.2018217716052433e-07,0.0001017905260148244,-5.627295627361916e-08,True,786,magic-formula,0.07759791691764606,1.553414974796617e-05,0.0,116.71288151565123,550.1606388347903,116.71274348153848,38.489295959472656,5.564361345022917e-07,0.0006743417889373961,1.4456906021045218e-08,40.55607537607528,-0.0007987094405699887,44.57460770077569,33.2112,33.2112,2950.46728515625,True,0.0,785,6.601150609718169e-05,0.0006742594822401374,1.3274082876201825e-08,True,786,magic-formula,0.36457155714598444,0.00011396794355792112,0.27675999999999995,116.7128801949098,550.1608049373599,116.71274216079705,38.489295959472656,5.564361345022917e-07,0.0006743304651483286,1.4456906021045218e-08,40.58525969900032,-0.02743206787658075,44.57460770077569,33.2112,33.2112,2950.472900390625,True,0.0,785,6.617881211763783e-05,0.0006747434488237301,4.5607251352740617e-07,True,786,magic-formula,0.36457215979463087,-0.00012532991060233313,0.27675999999999995
4.600000000000,552,held_throttle,0.0,0.15,0.0,1,0.0037395302206277847,183.52981567382812,0.4186875820159912,-0.0003881185839418322,38.4611701965332,0.008102953433990479,4.814279463971616e-07,asphalt,0.0,0.15,0.0,3631.779949118086,5,-0.5625914931297302,-2.105262183249579e-06,621.4413521501573,160.00002322778627,-0.0,6015.379241952363,5756.620758047637,5.605465958069544e-08,6.076031030416329e-07,False,-0.0,True,0,0,0.0002609429066069424,38.4611701965332,0.08174959570169449,False,True,-0.8362529277801514,184.6298828125,3.725290298461914e-09,0.0,0.0,1.0,2935.52587890625,2935.52587890625,0.33884313702583313,0.06115686893463135,0.0,asphalt,True,0.8437469601631165,184.62986755371094,3.725290298461914e-09,0.0,0.0,1.0,2935.525390625,2935.525390625,0.33884313702583313,0.06115686893463135,0.0,asphalt,True,-0.83626788854599,182.42987060546875,1.4901161193847656e-08,0.0,0.0,1.0,2950.476806640625,2950.476806640625,0.3385320007801056,0.06146800518035889,0.0,asphalt,True,0.8437320590019226,182.42987060546875,1.4901161193847656e-08,0.0,0.0,1.0,2950.476318359375,2950.476318359375,0.3385320007801056,0.06146800518035889,0.0,asphalt,792,116.56084364428258,556.2586830565971,116.5607054974798,38.461158752441406,3.72790964320302e-07,0.00010191191058683916,9.692660762505973e-09,6.076025353544135,-0.000464858396621062,0.0,0.0,-0.0,2935.52734375,True,0.0,791,1.2244901988587981e-07,0.0001015249972155186,9.320851617106236e-09,True,792,magic-formula,0.0775014147731162,-2.6335789919757305e-05,0.0,116.56084420134067,556.2586307901267,116.56070605453789,38.461158752441406,3.72790964320302e-07,0.00010191669019250606,9.692660762505973e-09,6.0822368645157265,0.002846433851004277,0.0,0.0,-0.0,2935.52685546875,True,0.0,791,1.1959962106831145e-07,0.00010162880326808774,-5.7073679119076486e-08,True,792,magic-formula,0.07750687342311412,1.589383455379314e-05,0.0,116.62756890228849,555.994051698765,116.6274307554857,38.461158752441406,4.958710633218288e-07,0.0006744202763299924,1.2892774929469652e-08,40.56088036492036,-0.0007471320932636752,44.57926365637837,33.2112,33.2112,2950.474365234375,True,0.0,791,6.615807780105111e-05,0.0006743377549681945,1.2416551167728465e-08,True,792,magic-formula,0.3645956207580042,0.00011449868984703009,0.27675999999999995,116.62756706189528,555.9942178566838,116.6274289150925,38.461158752441406,4.958710633218288e-07,0.000674404485600529,1.2892774929469652e-08,40.58972442242224,-0.027403083095750434,44.57926365637837,33.2112,33.2112,2950.47314453125,True,0.0,791,6.630330879649524e-05,0.000674817626637016,4.5559060769752544e-07,True,792,magic-formula,0.36459869633054565,-0.0001249878048213168,0.27675999999999995
4.650000000000,558,held_throttle,0.0,0.15,0.0,1,0.003752568969503045,185.45205688476562,0.4186875820159912,-0.00038796348962932825,38.433074951171875,0.008105809800326824,3.2491251999999804e-07,asphalt,0.0,0.15,0.0,3629.123512712844,5,-0.5616759657859802,-2.1863252186449245e-06,620.5336428439795,160.0000895928899,-0.0,6015.202562827337,5756.797437172663,5.2401674111024477e-08,6.107914931691345e-07,False,-0.0,True,0,0,0.0002606484049465507,38.433074951171875,0.08174964785575867,False,True,-0.8362399339675903,186.55213928222656,1.862645149230957e-08,0.0,0.0,1.0,2935.52587890625,2935.52587890625,0.3388431966304779,0.06115680932998657,0.0,asphalt,True,0.8437600135803223,186.5521240234375,1.862645149230957e-08,0.0,0.0,1.0,2935.525390625,2935.525390625,0.3388431966304779,0.06115680932998657,0.0,asphalt,True,-0.8362548351287842,184.3521270751953,0.0,0.0,0.0,1.0,2950.47314453125,2950.47314453125,0.3385319411754608,0.06146806478500366,0.0,asphalt,True,0.8437451124191284,184.3521270751953,0.0,0.0,0.0,1.0,2950.47216796875,2950.47216796875,0.3385319411754608,0.06146806478500366,0.0,asphalt,798,116.47567288348384,562.0844974406011,116.47553449826248,38.43306350708008,3.860041033476591e-07,0.0001016974477943587,1.0043542411771313e-08,6.0691239893268865,-0.0004935740574525473,0.0,0.0,-0.0,2935.52587890625,True,0.0,797,1.1872715038222598e-07,0.00010140973191739402,9.896632391611002e-09,True,798,magic-formula,0.077385205846133,-2.654294298344603e-05,0.0,116.47567439551078,562.0844452133301,116.47553601028942,38.43306350708008,3.860041033476591e-07,0.00010171043059742238,1.0043542411771313e-08,6.069906095062251,0.0028162908073200753,0.0,0.0,-0.0,2935.5283203125,True,0.0,797,1.2214906254080299e-07,0.00010142271584163414,-5.6469254257672004e-08,True,798,magic-formula,0.07738468519192938,1.5653476078426014e-05,0.0,116.54237722794245,561.8232019581096,116.54223884272109,38.43306350708008,5.010806489735842e-07,0.000674444756040745,1.303774935561085e-08,40.562379512319296,-0.0007729908361162847,44.58391251256446,33.2112,33.2112,2950.476806640625,True,0.0,797,6.62636953951343e-05,0.0006743621217074574,1.2846443036632112e-08,True,798,magic-formula,0.3645941357617066,0.00011436673217666257,0.27675999999999995,116.54237593074876,561.8233681823577,116.5422375455274,38.43306350708008,5.010806489735842e-07,0.0006744336178727568,1.303774935561085e-08,40.59152468970407,-0.0274498817328752,44.58391251256446,33.2112,33.2112,2950.4755859375,True,0.0,797,6.64107125647571e-05,0.0006748469997332437,4.5636828358718767e-07,True,798,magic-formula,0.36459371868978113,-0.00012529791115798984,0.27675999999999995
4.700000000000,564,held_throttle,0.0,0.15,0.0,1,0.0037655928172171116,187.3728790283203,0.4186875820159912,-0.00038780661998316646,38.40501403808594,0.008109977468848228,2.5214038146259554e-07,asphalt,0.0,0.15,0.0,3626.4707010880156,5,-0.5607604384422302,-1.9495873857522383e-06,619.6277046466656,160.00004645557254,-0.0,6015.03207835472,5756.96792164528,5.689230420102831e-08,6.125912265428987e-07,False,-0.0,True,0,0,0.0002603573666419834,38.40501403808594,0.08174966275691986,False,True,-0.8362269401550293,188.4729461669922,-1.1175870895385742e-08,0.0,0.0,1.0,2935.519775390625,2935.519775390625,0.3388432562351227,0.0611567497253418,0.0,asphalt,True,0.8437730073928833,188.47293090820312,-1.1175870895385742e-08,0.0,0.0,1.0,2935.519775390625,2935.519775390625,0.3388432562351227,0.0611567497253418,0.0,asphalt,True,-0.8362418413162231,186.27293395996094,2.60770320892334e-08,0.0,0.0,1.0,2950.481689453125,2950.481689453125,0.33853188157081604,0.06146812438964844,0.0,asphalt,True,0.8437581062316895,186.27293395996094,2.60770320892334e-08,0.0,0.0,1.0,2950.48193359375,2950.48193359375,0.33853188157081604,0.06146812438964844,0.0,asphalt,804,116.39061210385493,567.9060561734377,116.39047384436212,38.40500259399414,3.430759534239769e-07,0.00010153365485248252,8.93310585214302e-09,6.053380845035085,-0.0004211800603626472,0.0,0.0,-0.0,2935.52001953125,True,0.0,803,1.1766132391452479e-07,0.00010114687906128009,8.445080981397808e-09,True,804,magic-formula,0.07728081188193081,-2.5922600826572068e-05,0.0,116.39061203283183,567.9060039884383,116.39047377333901,38.40500259399414,3.430759534239769e-07,0.00010153304457725694,8.93310585214302e-09,6.059280082607685,0.002882638034625748,0.0,0.0,-0.0,2935.52001953125,True,0.0,803,1.181370518253759e-07,0.00010124545057234668,-5.7799740994686564e-08,True,804,magic-formula,0.0772824889221076,1.624628602047979e-05,0.0,116.45729430512043,567.6480955217409,116.45715604562761,38.40500259399414,4.6798959374427795e-07,0.0006745091770845516,1.2185641508522204e-08,40.566309933463536,-0.0006978451990205314,44.58855454018939,33.2112,33.2112,2950.481689453125,True,0.0,803,6.638362012645319e-05,0.0006744263551610659,1.1597094418924838e-08,True,804,magic-formula,0.36460784402616303,0.00011508831759608053,0.27675999999999995,116.45729211119584,567.6482617932759,116.45715385170303,38.40500259399414,4.6798959374427795e-07,0.0006744903255010176,1.2185641508522204e-08,40.595030552063086,-0.027396185738353618,44.58855454018939,33.2112,33.2112,2950.481689453125,True,0.0,803,6.652877829565812e-05,0.0006749038940036649,4.554746397933567e-07,True,804,magic-formula,0.36460899627357884,-0.00012475606641481994,0.27675999999999995
4.750000000000,570,held_throttle,0.0,0.15,0.0,1,0.0037786022294312716,189.29232788085938,0.4186875820159912,-0.0003876459668390453,38.376991271972656,0.008114422671496868,3.462903634954273e-07,asphalt,0.0,0.15,0.0,3623.8214393474823,5,-0.5603026747703552,-1.9961669295298634e-06,618.7237811059936,159.9999834087241,-0.0,6014.855263639067,5757.144736360933,5.6023964134510607e-08,6.289950738003617e-07,False,-0.0,True,0,0,0.00026007022825069726,38.376991271972656,0.08174969255924225,False,True,-0.8362139463424683,190.39239501953125,2.60770320892334e-08,0.0,0.0,1.0,2935.5146484375,2935.5146484375,0.33884337544441223,0.061156630516052246,0.0,asphalt,True,0.8437860012054443,190.3923797607422,2.60770320892334e-08,0.0,0.0,1.0,2935.514892578125,2935.514892578125,0.33884337544441223,0.061156630516052246,0.0,asphalt,True,-0.8362288475036621,188.19239807128906,-3.725290298461914e-09,0.0,0.0,1.0,2950.485595703125,2950.485595703125,0.3385317623615265,0.06146824359893799,0.0,asphalt,True,0.8437711000442505,188.19239807128906,-3.725290298461914e-09,0.0,0.0,1.0,2950.486083984375,2950.486083984375,0.3385317623615265,0.06146824359893799,0.0,asphalt,810,116.30566748742345,573.7233648574676,116.30552927542809,38.37697982788086,3.541354089975357e-07,0.00010137439127127189,9.227808196106575e-09,6.04383766055907,-0.0004361331602185842,0.0,0.0,-0.0,2935.513916015625,True,0.0,809,1.2015448352968044e-07,0.00010098763005117103,8.744923492898296e-09,True,810,magic-formula,0.07719144140296484,-2.604150212797784e-05,0.0,116.3056671428489,573.7233126767802,116.30552893085354,38.37697982788086,3.541354089975357e-07,0.00010137142830743209,9.227808196106575e-09,6.049600649663559,0.0028648531653036094,0.0,0.0,-0.0,2935.513916015625,True,0.0,809,1.2063116798909664e-07,0.0001010839251589078,-5.744325600004328e-08,True,810,magic-formula,0.07719145881505157,1.6109145637924756e-05,0.0,116.37232749532129,573.4687379301141,116.37218928332592,38.37697982788086,4.771573003381491e-07,0.0006745774600105359,1.243342499795918e-08,40.57043524755665,-0.0007130201334266148,44.59318994698529,33.2112,33.2112,2950.48388671875,True,0.0,809,6.648401085115106e-05,0.0006744944432270838,1.1849364604878117e-08,True,810,magic-formula,0.3646375055953818,0.000115055134484711,0.27675999999999995,116.37232575342911,573.4689042444477,116.37218754143375,38.37697982788086,4.771573003381491e-07,0.0006745624816453349,1.243342499795918e-08,40.59945378571342,-0.02743368706914455,44.59318994698529,33.2112,33.2112,2950.487060546875,True,0.0,809,6.6630879320147e-05,0.0006749762090939766,4.560972943155626e-07,True,810,magic-formula,0.3646351516459647,-0.00012498657503652897,0.27675999999999995
4.800000000000,576,held_throttle,0.0,0.15,0.0,1,0.0037915974389761686,191.21035766601562,0.4186875820159912,-0.00038749424857087433,38.34900665283203,0.008117761462926865,5.060015837443643e-07,asphalt,0.0,0.15,0.0,3621.1757282122944,5,-0.5593871474266052,-1.954948402271839e-06,617.8216234614887,160.00002986429664,-0.0,6014.683840811781,5757.316159188219,5.135598257766105e-08,6.376282747781955e-07,False,-0.0,True,0,0,0.00025978381745517254,38.34900665283203,0.08174964785575867,False,True,-0.8362009525299072,192.3104248046875,-3.725290298461914e-09,0.0,0.0,1.0,2935.513427734375,2935.513427734375,0.338843435049057,0.06115657091140747,0.0,asphalt,True,0.8437989950180054,192.3104248046875,2.60770320892334e-08,0.0,0.0,1.0,2935.5166015625,2935.5166015625,0.33884337544441223,0.061156630516052246,0.0,asphalt,True,-0.8362158536911011,190.1104278564453,-3.725290298461914e-09,0.0,0.0,1.0,2950.48291015625,2950.48291015625,0.3385317623615265,0.06146824359893799,0.0,asphalt,True,0.8437840938568115,190.11041259765625,2.2351741790771484e-08,0.0,0.0,1.0,2950.486083984375,2950.486083984375,0.3385317027568817,0.061468303203582764,0.0,asphalt,816,116.22083243840704,579.5364291520358,116.2206937113903,38.348995208740234,3.8559664972126484e-07,0.00010116290956194664,1.005493488479673e-08,6.037133981502771,-0.00043679730336038905,0.0,0.0,-0.0,2935.515625,True,0.0,815,1.198061036698385e-07,0.00010087555800911914,8.758235100379382e-09,True,816,magic-formula,0.07707730873626084,-2.6021352531949833e-05,0.0,116.22083395148229,579.5363770011688,116.22069522446554,38.348995208740234,3.8559664972126484e-07,0.00010117592984648774,1.005493488479673e-08,6.037913850495835,0.002862945222113641,0.0,0.0,-0.0,2935.515869140625,True,0.0,815,1.1988546652575149e-07,0.00010088858062046136,-5.740496126832871e-08,True,816,magic-formula,0.07707671255707008,1.60988907449277e-05,0.0,116.28747259768193,579.2851348798446,116.28733387066518,38.348995208740234,4.983448889106512e-07,0.0006746134638987107,1.299499207731711e-08,40.572589354937534,-0.0007012001128568377,44.59781886942359,33.2112,33.2112,2950.483642578125,True,0.0,815,6.659530866327756e-05,0.000674530313775016,1.1652846222015555e-08,True,816,magic-formula,0.36463696284058017,0.00011525939359933101,0.27675999999999995,116.28747126666167,579.2853012619246,116.28733253964492,38.348995208740234,4.983448889106512e-07,0.0006746020102300097,1.299499207731711e-08,40.601844618837085,-0.027442748746348927,44.59781886942359,33.2112,33.2112,2950.487060546875,True,0.0,815,6.676427182057592e-05,0.0006750159594850416,4.5624795793324277e-07,True,816,magic-formula,0.36463717564570475,-0.00012495798746120493,0.27675999999999995
4.850000000000,582,held_throttle,0.0,0.15,0.0,1,0.003804578213021159,193.12698364257812,0.4186875820159912,-0.00038734011468477547,38.32106018066406,0.008121712133288383,4.684560224177403e-07,asphalt,0.0,0.15,0.0,3618.5335618008417,5,-0.5584716200828552,-2.0674162897194037e-06,616.9213521001674,160.00002322778627,-0.0,6014.511761696502,5757.488238303498,5.263973434921354e-08,6.374124964482525e-07,False,-0.0,True,0,0,0.0002594907127786428,38.32106018066406,0.08174966275691986,False,True,-0.8361879587173462,194.22705078125,1.1175870895385742e-08,0.0,0.0,1.0,2935.51025390625,2935.51025390625,0.3388434946537018,0.061156511306762695,0.0,asphalt,True,0.8438119888305664,194.22705078125,1.1175870895385742e-08,0.0,0.0,1.0,2935.51025390625,2935.51025390625,0.3388434946537018,0.061156511306762695,0.0,asphalt,True,-0.83620285987854,192.0270538330078,7.450580596923828e-09,0.0,0.0,1.0,2950.489501953125,2950.489501953125,0.33853164315223694,0.06146836280822754,0.0,asphalt,True,0.8437970876693726,192.0270538330078,7.450580596923828e-09,0.0,0.0,1.0,2950.489501953125,2950.489501953125,0.33853164315223694,0.06146836280822754,0.0,asphalt,822,116.13611658716725,585.3452547438761,116.13597810508834,38.321048736572266,3.6912388168275356e-07,0.00010098202738474854,9.632405527839187e-09,6.026302317421085,-0.0004593926726999961,0.0,0.0,-0.0,2935.5087890625,True,0.0,821,1.1608315490133758e-07,0.00010069480389234555,9.211316582669754e-09,True,822,magic-formula,0.07697253318390322,-2.6190720681201153e-05,0.0,116.13611731660833,585.3452026265348,116.13597883452942,38.321048736572266,3.6912388168275356e-07,0.00010098830893407052,9.632405527839187e-09,6.026679111698763,0.0028367443937646493,0.0,0.0,-0.0,2935.5087890625,True,0.0,821,1.1947281527093264e-07,0.00010070109978916507,-5.687974496820469e-08,True,822,magic-formula,0.07696715499393568,1.590165407951462e-05,0.0,116.20273458631347,585.0972920790683,116.20259610423456,38.321048736572266,4.847242962568998e-07,0.0006746599522603604,1.2649035249243998e-08,40.57549348040322,-0.0007333326630562863,44.60244141995911,33.2112,33.2112,2950.4921875,True,0.0,821,6.673308134751524e-05,0.0006745766448389558,1.218701549547893e-08,True,822,magic-formula,0.36464541132434897,0.00011506204235172283,0.27675999999999995,116.20273311786036,585.0974585105834,116.20259463578145,38.321048736572266,4.847242962568998e-07,0.0006746473067419419,1.2649035249243998e-08,40.60464877803559,-0.027496849546820558,44.60244141995911,33.2112,33.2112,2950.491943359375,True,0.0,821,6.688110835658678e-05,0.0006750614652713292,4.5714665330154095e-07,True,822,magic-formula,0.3646441574282621,-0.0001253374390205957,0.27675999999999995
4.900000000000,588,held_throttle,0.0,0.15,0.0,1,0.0038175443187355995,195.04222106933594,0.4186875820159912,-0.0003871849039569497,38.293148040771484,0.008125588297843933,5.096625272926758e-07,asphalt,0.0,0.15,0.0,3615.8949350924177,5,-0.5580138564109802,-2.0336053694336442e-06,616.0229643347917,160.00000663651036,-0.0,6014.338875605731,5757.661124394269,5.203332875680644e-08,6.403943769410838e-07,False,-0.0,True,0,0,0.00025920008192770183,38.293148040771484,0.08174965530633926,False,True,-0.8361749649047852,196.1422882080078,4.0978193283081055e-08,0.0,0.0,1.0,2935.508056640625,2935.508056640625,0.33884355425834656,0.06115645170211792,0.0,asphalt,True,0.8438249826431274,196.14227294921875,2.9802322387695312e-08,0.0,0.0,1.0,2935.508056640625,2935.508056640625,0.33884355425834656,0.06115645170211792,0.0,asphalt,True,-0.836189866065979,193.94227600097656,-1.1175870895385742e-08,0.0,0.0,1.0,2950.490966796875,2950.490966796875,0.33853158354759216,0.061468422412872314,0.0,asphalt,True,0.8438100814819336,193.94227600097656,-1.1175870895385742e-08,0.0,0.0,1.0,2950.4912109375,2950.4912109375,0.33853158354759216,0.061468422412872314,0.0,asphalt,828,116.05150766063608,591.1498473284688,116.05136833757288,38.29313659667969,3.622553776949644e-07,0.00010082567460798721,9.460060206360186e-09,6.016945477861556,-0.00044920742795593997,0.0,0.0,-0.0,2935.506591796875,True,0.0,827,1.1524907568703992e-07,0.0001005385332997355,9.007098275062065e-09,True,828,magic-formula,0.07688521513540639,-2.6096737609674415e-05,0.0,116.05150835735817,591.1497952247937,116.05136903429498,38.29313659667969,3.622553776949644e-07,0.00010083167877251482,9.460060206360186e-09,6.017305711011797,0.0028442357999293013,0.0,0.0,-0.0,2935.506591796875,True,0.0,827,1.15296013273817e-07,0.00010054455253266806,-5.702999806145231e-08,True,828,magic-formula,0.0768796312806757,1.597825585353435e-05,0.0,116.11810412845685,590.9052151807223,116.11796480539365,38.29313659667969,4.7651701606810093e-07,0.0006747362062086747,1.2443927513355452e-08,40.5800872557197,-0.0007190373059270817,44.60705765454595,33.2112,33.2112,2950.49365234375,True,0.0,827,6.683434364951762e-05,0.0006746526891617868,1.1949336853725898e-08,True,828,magic-formula,0.36467383311587953,0.00011528181214135988,0.27675999999999995,116.11810275531154,590.9053816597426,116.11796343224835,38.29313659667969,4.7651701606810093e-07,0.0006747243728100412,1.2443927513355452e-08,40.60931643838328,-0.02750496914510709,44.60705765454595,33.2112,33.2112,2950.49365234375,True,0.0,827,6.698301871592302e-05,0.000675138681986802,4.5728139312355426e-07,True,828,magic-formula,0.36467321622376714,-0.00012531195532610722,0.27675999999999995
4.950000000000,594,held_throttle,0.0,0.15,0.0,1,0.0038304957561194897,196.95606994628906,0.4186875820159912,-0.0003870468935929239,38.26527786254883,0.008126122877001762,4.7362408395201783e-07,asphalt,0.0,0.15,0.0,3613.259824837293,5,-0.5570983290672302,-2.138922582162195e-06,615.1264574817906,159.999926998386,-0.0,6014.165196524901,5757.834803475099,4.773437467520125e-08,6.26874952831621e-07,False,-0.0,True,0,0,0.00025890799588523805,38.26527786254883,0.08174946904182434,False,True,-0.8361620903015137,198.05613708496094,0.0,0.0,0.0,1.0,2935.509033203125,2935.509033203125,0.33884361386299133,0.061156392097473145,0.0,asphalt,True,0.8438379168510437,198.05612182617188,0.0,0.0,0.0,1.0,2935.5087890625,2935.5087890625,0.33884361386299133,0.061156392097473145,0.0,asphalt,True,-0.8361769318580627,195.85614013671875,-1.1175870895385742e-08,0.0,0.0,1.0,2950.48779296875,2950.48779296875,0.33853158354759216,0.061468422412872314,0.0,asphalt,True,0.8438230156898499,195.8561248779297,1.4901161193847656e-08,0.0,0.0,1.0,2950.490234375,2950.490234375,0.3385315239429474,0.06146848201751709,0.0,asphalt,834,115.96701992874054,596.9502125026927,115.9668800757548,38.26526641845703,3.959285095334053e-07,0.00010061756751523517,1.0346942451769562e-08,6.00450661277638,-0.00048255487271915216,0.0,0.0,-0.0,2935.509033203125,True,0.0,833,1.1864594141301436e-07,0.00010033060542117867,9.675742333779196e-09,True,834,magic-formula,0.07676139658861823,-2.6379212349186303e-05,0.0,115.96702153363091,596.9501604631228,115.96688168064517,38.26526641845703,3.959285095334053e-07,0.00010063140810412461,1.0346942451769562e-08,6.005333916283057,0.002806418813869951,0.0,0.0,-0.0,2935.508544921875,True,0.0,833,1.181668288160644e-07,0.00010034444574777798,-5.6271688982361643e-08,True,834,magic-formula,0.07676132904467795,1.5660527483968782e-05,0.0,116.03359474664678,596.7089097777517,116.03345489366104,38.26526641845703,5.007314030081034e-07,0.0006747593928669752,1.3085794243067871e-08,40.581388127501725,-0.0007443405038944061,44.61166764179118,33.2112,33.2112,2950.4873046875,True,0.0,833,6.696431823991591e-05,0.0006746757683148095,1.2370027188250864e-08,True,834,magic-formula,0.36467139760290573,0.00011516500060729488,0.27675999999999995,116.0335947327474,596.7090763847325,116.03345487976166,38.26526641845703,5.007314030081034e-07,0.0006747592729986096,1.3085794243067871e-08,40.61137577066622,-0.027550349216754533,44.61166764179118,33.2112,33.2112,2950.48974609375,True,0.0,833,6.711706799556879e-05,0.0006751738143783711,4.580364641461442e-07,True,834,magic-formula,0.36467128628664375,-0.0001256025773279906,0.27675999999999995
5.000000000000,600,held_throttle,0.0,0.15,0.0,1,0.0038434325251728296,198.86851501464844,0.4186875820159912,-0.00038691022200509906,38.23744201660156,0.00812639482319355,2.9104373311383824e-07,asphalt,0.0,0.15,0.0,3610.628242494752,5,-0.5561828017234802,-2.0346751625766046e-06,614.231706320419,160.00008295637954,-0.0,6013.9962979172915,5758.0037020827085,4.784556040249299e-08,6.047000457842579e-07,False,-0.0,True,0,0,0.0002586142800282687,38.23744201660156,0.08174950629472733,False,True,-0.8361490964889526,199.9685821533203,4.0978193283081055e-08,0.0,0.0,1.0,2935.511474609375,2935.511474609375,0.33884355425834656,0.06115645170211792,0.0,asphalt,True,0.84385085105896,199.9685821533203,4.0978193283081055e-08,0.0,0.0,1.0,2935.51123046875,2935.51123046875,0.33884355425834656,0.06115645170211792,0.0,asphalt,True,-0.8361639976501465,197.76856994628906,-2.60770320892334e-08,0.0,0.0,1.0,2950.491455078125,2950.491455078125,0.3385315239429474,0.06146848201751709,0.0,asphalt,True,0.8438359498977661,197.76856994628906,-2.60770320892334e-08,0.0,0.0,1.0,2950.4912109375,2950.4912109375,0.3385315239429474,0.06146848201751709,0.0,asphalt,840,115.88263888006963,602.7463559312736,115.8824991425679,38.237430572509766,3.594905138015747e-07,0.00010043190286899345,9.401534266793153e-09,5.993409819144202,-0.000456187033806037,0.0,0.0,-0.0,2935.51220703125,True,0.0,839,1.1710278526751427e-07,0.00010014507798647699,9.147029218387767e-09,True,840,magic-formula,0.07665341906666429,-2.6138928553750433e-05,0.0,115.8826404968694,602.7463039654157,115.88250075936766,38.237430572509766,3.594905138015747e-07,0.00010044585631488118,9.401534266793153e-09,5.994243401630377,0.0028291685002476,0.0,0.0,-0.0,2935.511474609375,True,0.0,839,1.1719495819635548e-07,0.00010015903150455832,-5.6727787494874035e-08,True,840,magic-formula,0.07665341498632434,1.5871836687099945e-05,0.0,115.9491922947733,602.5083815594875,115.94905255727156,38.237430572509766,4.645844455808401e-07,0.0006748069726206058,1.2149991216063722e-08,40.5842974583022,-0.0007129311648520392,44.61627140603164,33.2112,33.2112,2950.491455078125,True,0.0,839,6.707996694333234e-05,0.0006747231908770682,1.1847813481497746e-08,True,840,magic-formula,0.3646798919839304,0.00011552256702134757,0.27675999999999995,115.94919234534814,602.5085483088931,115.9490526078464,38.237430572509766,4.645844455808401e-07,0.0006748074090959779,1.2149991216063722e-08,40.61430003478458,-0.027540282082093387,44.61627140603164,33.2112,33.2112,2950.490966796875,True,0.0,839,6.723305548180972e-05,0.0006752221550375554,4.578689176718367e-07,True,840,magic-formula,0.3646796790178041,-0.00012542420759599292,0.27675999999999995
5.050000000000,606,held_throttle,0.0,0.15,0.0,1,0.003856354858726263,200.7795867919922,0.4186875820159912,-0.0003867722116410732,38.20964431762695,0.00812540389597416,2.401595509127219e-07,asphalt,0.0,0.15,0.0,3608.0002168203496,5,-0.5557250380516052,-2.0740292256959947e-06,613.3389533452075,159.99995022617227,-0.0,6013.820893575871,5758.179106424129,4.8459241952514276e-08,5.953562166603055e-07,False,-0.0,True,0,0,0.00025832781102508307,38.20964431762695,0.08174945414066315,False,True,-0.8361361622810364,201.87965393066406,2.9802322387695312e-08,0.0,0.0,1.0,2935.515380859375,2935.515380859375,0.33884355425834656,0.06115645170211792,0.0,asphalt,True,0.8438637852668762,201.879638671875,2.9802322387695312e-08,0.0,0.0,1.0,2935.514892578125,2935.514892578125,0.33884355425834656,0.06115645170211792,0.0,asphalt,True,-0.8361510634422302,199.6796417236328,-1.1175870895385742e-08,0.0,0.0,1.0,2950.485107421875,2950.485107421875,0.33853158354759216,0.061468422412872314,0.0,asphalt,True,0.8438488841056824,199.6796417236328,-1.1175870895385742e-08,0.0,0.0,1.0,2950.484375,2950.484375,0.33853158354759216,0.061468422412872314,0.0,asphalt,846,115.79837657809033,608.5382834443711,115.79823609553053,38.209632873535156,3.645836841315031e-07,0.00010027307112153555,9.541669383168083e-09,5.983909474340299,-0.0004667798596877696,0.0,0.0,-0.0,2935.51220703125,True,0.0,845,1.168271694218354e-07,9.998633445474153e-05,9.359426313185368e-09,True,846,magic-formula,0.07656426289117993,-2.622101117440707e-05,0.0,115.79837818015515,608.5382315520951,115.79823769759535,38.209632873535156,3.645836841315031e-07,0.0001002869074594028,9.541669383168083e-09,5.984742503154664,0.002815760256255965,0.0,0.0,-0.0,2935.5146484375,True,0.0,845,1.1329650407298465e-07,0.0001000001706233077,-5.645887691199591e-08,True,846,magic-formula,0.07656427882769153,1.577159386253322e-05,0.0,115.86490877938391,608.3036363593422,115.86476829682411,38.209632873535156,4.709872882813215e-07,0.0006748827906011297,1.2326401822288583e-08,40.58875438983216,-0.0007280437955301537,44.620868970267125,33.2112,33.2112,2950.48486328125,True,0.0,845,6.718089249692069e-05,0.0006747988026593306,1.2099082707186e-08,True,846,magic-formula,0.3647066457340647,0.00011549199918017563,0.27675999999999995,115.86490882238873,608.3038032532758,115.86476833982893,38.209632873535156,4.709872882813215e-07,0.0006748831620151119,1.2326401822288583e-08,40.618778156333306,-0.027578194153553476,44.620868970267125,33.2112,33.2112,2950.484619140625,True,0.0,845,6.73343925729712e-05,0.0006752980644031253,4.5850021607601446e-07,True,846,magic-formula,0.36470644051096346,-0.00012565047822735484,0.27675999999999995
5.100000000000,612,held_throttle,0.0,0.15,0.0,1,0.0038692629896104336,202.6892547607422,0.4186875820159912,-0.00038663280429318547,38.181884765625,0.00812407024204731,2.2184289605320373e-07,asphalt,0.0,0.15,0.0,3605.3756991290757,5,-0.5548095107078552,-1.94535346054181e-06,612.4479508907581,160.000036500807,-0.0,6013.649948031211,5758.350051968789,4.903222361463122e-08,5.893722858978133e-07,False,-0.0,True,0,0,0.0002580444561317563,38.181884765625,0.08174947649240494,False,True,-0.8361232876777649,203.78932189941406,2.9802322387695312e-08,0.0,0.0,1.0,2935.51220703125,2935.51220703125,0.33884355425834656,0.06115645170211792,0.0,asphalt,True,0.8438766598701477,203.78932189941406,1.1175870895385742e-08,0.0,0.0,1.0,2935.514892578125,2935.514892578125,0.3388434946537018,0.061156511306762695,0.0,asphalt,True,-0.8361381888389587,201.5893096923828,-1.1175870895385742e-08,0.0,0.0,1.0,2950.48779296875,2950.48779296875,0.33853158354759216,0.061468422412872314,0.0,asphalt,True,0.8438617587089539,201.5893096923828,-1.1175870895385742e-08,0.0,0.0,1.0,2950.48779296875,2950.48779296875,0.33853158354759216,0.061468422412872314,0.0,asphalt,852,115.71422526082664,614.3260005365959,115.71408544881909,38.1818733215332,3.608874976634979e-07,0.00010007404580210762,9.451801765314913e-09,5.972013103738657,-0.00043211798004074244,0.0,0.0,-0.0,2935.5146484375,True,0.0,851,1.1579670050007642e-07,9.978747217792497e-05,8.664412319324868e-09,True,852,magic-formula,0.07644668606425757,-2.5908129732466608e-05,0.0,115.71422686170972,614.3259487177684,115.71408704970217,38.1818733215332,3.608874976634979e-07,0.00010008788198587727,9.451801765314913e-09,5.972846652928899,0.002846370549205787,0.0,0.0,-0.0,2935.517333984375,True,0.0,851,1.1284104196614833e-07,9.980130888535966e-05,-5.707259205050516e-08,True,852,magic-formula,0.07644670258146492,1.6050734188225434e-05,0.0,115.78073612859144,614.0946796767523,115.7805963165839,38.1818733215332,4.685425665229559e-07,0.0006749171441894854,1.227133521127458e-08,40.590819482418354,-0.0006882165628446591,44.62546034557319,33.2112,33.2112,2950.4853515625,True,0.0,851,6.73152205676066e-05,0.0006748330252470466,1.1436933736199212e-08,True,852,magic-formula,0.3647050949504398,0.00011591842352944868,0.27675999999999995,115.78073619667035,614.094846716382,115.7805963846628,38.1818733215332,4.685425665229559e-07,0.0006749177325849133,1.227133521127458e-08,40.62088136901688,-0.02755879561434782,44.62546034557319,33.2112,33.2112,2950.4853515625,True,0.0,851,6.746918610052891e-05,0.0006753328648514237,4.581776063965117e-07,True,852,magic-formula,0.3647050976685254,-0.0001253949834368328,0.27675999999999995
5.150000000000,618,held_throttle,0.0,0.15,0.0,1,0.0038821569178253412,204.5975341796875,0.4186875820159912,-0.00038649208727292717,38.15415954589844,0.008124963380396366,1.105816807012161e-07,asphalt,0.0,0.15,0.0,3602.754759152608,5,-0.5543517470359802,-1.8974169506691396e-06,611.5588188286418,160.00000995476555,-0.0,6013.478470146248,5758.521529853752,4.939215614285786e-08,5.824047824341885e-07,False,-0.0,True,0,0,0.0002577590348664671,38.15415954589844,0.08174946904182434,False,True,-0.8361104130744934,205.69760131835938,2.9802322387695312e-08,0.0,0.0,1.0,2935.509765625,2935.509765625,0.33884355425834656,0.06115645170211792,0.0,asphalt,True,0.8438895344734192,205.6975860595703,2.9802322387695312e-08,0.0,0.0,1.0,2935.509765625,2935.509765625,0.33884355425834656,0.06115645170211792,0.0,asphalt,True,-0.8361251354217529,203.49758911132812,-1.1175870895385742e-08,0.0,0.0,1.0,2950.489990234375,2950.489990234375,0.33853158354759216,0.061468422412872314,0.0,asphalt,True,0.8438747525215149,203.49758911132812,-1.1175870895385742e-08,0.0,0.0,1.0,2950.489990234375,2950.489990234375,0.33853158354759216,0.061468422412872314,0.0,asphalt,858,115.63018497219107,620.1095131336306,115.63004532595895,38.15414810180664,3.3559626899659634e-07,9.993511075752339e-05,8.79580034393968e-09,5.96368943847936,-0.00041978279781744855,0.0,0.0,-0.0,2935.5087890625,True,0.0,857,1.1257773968194445e-07,9.964858913683543e-05,8.417096049600341e-09,True,858,magic-formula,0.07637131079955152,-2.5798638235370396e-05,0.0,115.63018658336586,620.1094613878744,115.63004693713373,38.15414810180664,3.3559626899659634e-07,9.994904600988198e-05,8.79580034393968e-09,5.964523471233061,0.0028564180156673037,0.0,0.0,-0.0,2935.5087890625,True,0.0,857,1.1512256438765296e-07,9.966252516315954e-05,-5.72742203388929e-08,True,858,magic-formula,0.07637129535397785,1.6148693799317814e-05,0.0,115.69667426232849,619.8815174256544,115.69653461609636,38.15414810180664,4.4406624510884285e-07,0.0006750092989376253,1.1638740928612577e-08,40.59643480702497,-0.0006747514050667039,44.630045533106355,33.2112,33.2112,2950.49169921875,True,0.0,857,6.744515216628295e-05,0.000674924937482185,1.1213038152494938e-08,True,858,magic-formula,0.3647457727777967,0.00011613702794270422,0.27675999999999995,115.69667433769375,619.8816846114543,115.69653469146162,38.15414810180664,4.4406624510884285e-07,0.0006750099507812352,1.1638740928612577e-08,40.626518989518075,-0.027568962192162014,44.630045533106355,33.2112,33.2112,2950.491455078125,True,0.0,857,6.759942612678315e-05,0.0006754252026384906,4.583456964568014e-07,True,858,magic-formula,0.3647457896627838,-0.00012538265598351317,0.27675999999999995
5.200000000000,624,held_throttle,0.0,0.15,0.0,1,0.0038950368762016296,206.5044403076172,0.4186875820159912,-0.00038634633528999984,38.12647247314453,0.008126724511384964,1.6176781514332106e-07,asphalt,0.0,0.15,0.0,3600.137280343419,5,-0.5534362196922302,-1.8770608676277334e-06,610.6714323080741,160.00002654604145,-0.0,6013.31087132525,5758.68912867475,5.1231609177193604e-08,5.879441459964442e-07,False,-0.0,True,0,0,0.0002574794925749302,38.12647247314453,0.08174943923950195,False,True,-0.8360975384712219,207.60450744628906,0.0,0.0,0.0,1.0,2935.50634765625,2935.50634765625,0.33884361386299133,0.061156392097473145,0.0,asphalt,True,0.8439024090766907,207.60450744628906,0.0,0.0,0.0,1.0,2935.50634765625,2935.50634765625,0.33884361386299133,0.061156392097473145,0.0,asphalt,True,-0.8361123204231262,205.40451049804688,1.4901161193847656e-08,0.0,0.0,1.0,2950.49462890625,2950.49462890625,0.3385315239429474,0.06146848201751709,0.0,asphalt,True,0.8438876271247864,205.40451049804688,1.4901161193847656e-08,0.0,0.0,1.0,2950.49462890625,2950.49462890625,0.3385315239429474,0.06146848201751709,0.0,asphalt,864,115.54625449082047,625.8888265489393,115.54611559523434,38.126461029052734,3.3000833354890347e-07,9.974576227057219e-05,8.655624588325518e-09,5.952360318595815,-0.0004120928177143517,0.0,0.0,-0.0,2935.505859375,True,0.0,863,1.1491950625472926e-07,9.945938716955141e-05,8.262911946373071e-09,True,864,magic-formula,0.07626028587879025,-2.5710954332150173e-05,0.0,115.54625550423474,625.8887748588911,115.5461166086486,38.126461029052734,3.3000833354890347e-07,9.975453378252272e-05,8.655624588325518e-09,5.952885898409719,0.0028603420327413297,0.0,0.0,-0.0,2935.505859375,True,0.0,863,1.1496387944419073e-07,9.946816922641595e-05,-5.735295797947762e-08,True,864,magic-formula,0.07625660460733136,1.6204952959339647e-05,0.0,115.612721696904,625.6641549009863,115.61258280131787,38.126461029052734,4.4249463826417923e-07,0.0006750464173944614,1.1605971976444233e-08,40.5987060534391,-0.0006720932202376899,44.63462455175656,33.2112,33.2112,2950.4951171875,True,0.0,863,6.755807613143794e-05,0.0006749619177852427,1.1168824009975293e-08,True,864,magic-formula,0.3647467188141537,0.00011624042416665327,0.27675999999999995,115.61272173855473,625.6643222319989,115.61258284296859,38.126461029052734,4.4249463826417923e-07,0.0006750467778983821,1.1605971976444233e-08,40.6287979507847,-0.027587399169883817,44.63462455175656,33.2112,33.2112,2950.4951171875,True,0.0,863,6.773548196835669e-05,0.0006754622543670587,4.5865165713304984e-07,True,864,magic-formula,0.36474658204514954,-0.00012545543449469688,0.27675999999999995
5.250000000000,630,held_throttle,0.0,0.15,0.0,1,0.003907902631908655,208.40997314453125,0.4186875820159912,-0.0003861903678625822,38.09882354736328,0.008129728026688099,3.1167135716714256e-07,asphalt,0.0,0.15,0.0,3597.5232760184454,5,-0.5525206923484802,-1.8148894014302641e-06,609.7859110295321,160.00003318255182,-0.0,6013.141532230208,5758.858467769792,5.5855707614682615e-08,6.039336937496311e-07,False,-0.0,True,0,0,0.00025720184203237295,38.09882354736328,0.08174952864646912,False,True,-0.8360846638679504,209.51004028320312,0.0,0.0,0.0,1.0,2935.50341796875,2935.50341796875,0.33884361386299133,0.061156392097473145,0.0,asphalt,True,0.8439152836799622,209.51002502441406,0.0,0.0,0.0,1.0,2935.503662109375,2935.503662109375,0.33884361386299133,0.061156392097473145,0.0,asphalt,True,-0.8360994458198547,207.31002807617188,1.4901161193847656e-08,0.0,0.0,1.0,2950.49853515625,2950.49853515625,0.3385315239429474,0.06146848201751709,0.0,asphalt,True,0.8439005017280579,207.31004333496094,3.725290298461914e-09,0.0,0.0,1.0,2950.501953125,2950.501953125,0.3385314643383026,0.061468541622161865,0.0,asphalt,870,115.46244101010981,631.6639464112435,115.46230244421187,38.098812103271484,3.342865966260433e-07,9.956819793937319e-05,8.774199986076172e-09,5.935757958095524,-0.0003877299497010358,0.0,0.0,-0.0,2935.505126953125,True,0.0,869,1.138115858423742e-07,9.91819985321029e-05,7.774411900918034e-09,True,870,magic-formula,0.07614557522329438,-2.5509914958312845e-05,0.0,115.4624409037928,631.663894746396,115.46230233789485,38.098812103271484,3.342865966260433e-07,9.956727705473571e-05,8.774199986076172e-09,5.941686724268627,0.002877974425054754,0.0,0.0,-0.0,2935.50537109375,True,0.0,869,1.1095932035759697e-07,9.928105572948694e-05,-5.770651582610479e-08,True,870,magic-formula,0.07614707695919491,1.637342804087117e-05,0.0,115.52888674897802,631.4425977528877,115.52874818308008,38.098812103271484,4.5693013817071915e-07,0.0006751004157701161,1.1993290943879148e-08,40.601950349812455,-0.0006553702535932533,44.639197452608414,33.2112,33.2112,2950.49560546875,True,0.0,869,6.765336659061673e-05,0.0006750157475552812,1.0890790607317224e-08,True,870,magic-formula,0.3647508733150405,0.00011647140319915346,0.27675999999999995,115.52888569130782,631.442765192386,115.52874712540988,38.098812103271484,4.5693013817071915e-07,0.000675091254561429,1.1993290943879148e-08,40.63150248109819,-0.027591930477744,44.639197452608414,33.2112,33.2112,2950.496337890625,True,0.0,869,6.780544520860394e-05,0.0006755069420667206,4.587268126613958e-07,True,870,magic-formula,0.3647524070666783,-0.00012539765884124146,0.27675999999999995
5.300000000000,636,held_throttle,0.0,0.15,0.0,1,0.0039207544177770615,210.31410217285156,0.4186875820159912,-0.0003860290162265301,38.07120895385742,0.008133681491017342,3.301413187273283e-07,asphalt,0.0,0.15,0.0,3594.912773741933,5,-0.5520629286766052,-1.9941523987654364e-06,608.902252334381,160.000036500807,-0.0,6012.97060944973,5759.02939055027,5.625065568892751e-08,6.19122812461147e-07,False,-0.0,True,0,0,0.00025691697373986244,38.07120895385742,0.0817495808005333,False,True,-0.8360718488693237,211.4141845703125,-1.1175870895385742e-08,0.0,0.0,1.0,2935.49755859375,2935.49755859375,0.3388437330722809,0.061156272888183594,0.0,asphalt,True,0.8439280986785889,211.41416931152344,-1.1175870895385742e-08,0.0,0.0,1.0,2935.49755859375,2935.49755859375,0.3388437330722809,0.061156272888183594,0.0,asphalt,True,-0.836086630821228,209.2141571044922,-1.4901161193847656e-08,0.0,0.0,1.0,2950.50390625,2950.50390625,0.33853140473365784,0.06146860122680664,0.0,asphalt,True,0.8439133167266846,209.2141571044922,-1.4901161193847656e-08,0.0,0.0,1.0,2950.50390625,2950.50390625,0.33853140473365784,0.06146860122680664,0.0,asphalt,876,115.37873436640325,637.4348783890533,115.37859588804963,38.071197509765625,3.501481842249632e-07,9.941455470315195e-05,9.197193866443177e-09,5.926549615940393,-0.0004344452619058304,0.0,0.0,-0.0,2935.498291015625,True,0.0,875,1.1328155204578811e-07,9.902836439506934e-05,8.711124909425686e-09,True,876,magic-formula,0.07605958797965795,-2.589490246031673e-05,0.0,115.37873401692146,637.4348267278781,115.37859553856784,38.071197509765625,3.501481842249632e-07,9.941152540536523e-05,9.197193866443177e-09,5.93235620037614,0.0028284806250024005,0.0,0.0,-0.0,2935.498291015625,True,0.0,875,1.1373453521482886e-07,9.912538845043028e-05,-5.6714247961839836e-08,True,876,magic-formula,0.07605958943409029,1.597070519407539e-05,0.0,115.44515847708995,637.2168516549116,115.44501999873633,38.071197509765625,4.73664840683341e-07,0.0006751767571131712,1.2441553501484723e-08,40.60663316297349,-0.0007133203180325621,44.64376423502455,33.2112,33.2112,2950.503173828125,True,0.0,875,6.782456197743341e-05,0.0006750918741868176,1.1854183856875469e-08,True,876,magic-formula,0.36478052735039757,0.00011606663369110119,0.27675999999999995,115.44515717290324,637.2170191687384,115.44501869454962,38.071197509765625,4.73664840683341e-07,0.0006751654524619023,1.2441553501484723e-08,40.63606513258003,-0.02767274280777343,44.64376423502455,33.2112,33.2112,2950.5029296875,True,0.0,875,6.795351351267816e-05,0.0006755812935227887,4.600693218388955e-07,True,876,magic-formula,0.36478038038856503,-0.00012599769683940907,0.27675999999999995
5.350000000000,642,held_throttle,0.0,0.15,0.0,1,0.003933591768145561,212.2168426513672,0.4186875820159912,-0.00038586967275477946,38.043636322021484,0.008137338794767857,4.333612082518812e-07,asphalt,0.0,0.15,0.0,3592.3057761250666,5,-0.5511474013328552,-1.9564517970138695e-06,608.020453567653,159.99993363489637,-0.0,6012.798337142196,5759.201662857804,5.438278094516136e-08,6.319075585713466e-07,False,-0.0,True,0,0,0.0002566334151197225,38.043636322021484,0.08174949884414673,False,True,-0.8360589742660522,213.31692504882812,3.725290298461914e-09,0.0,0.0,1.0,2935.4970703125,2935.4970703125,0.33884379267692566,0.06115621328353882,0.0,asphalt,True,0.8439409732818604,213.31690979003906,3.725290298461914e-09,0.0,0.0,1.0,2935.4970703125,2935.4970703125,0.33884379267692566,0.06115621328353882,0.0,asphalt,True,-0.8360737562179565,211.1168975830078,-3.3527612686157227e-08,0.0,0.0,1.0,2950.499755859375,2950.499755859375,0.33853140473365784,0.06146860122680664,0.0,asphalt,True,0.843926191329956,211.1168975830078,-3.3527612686157227e-08,0.0,0.0,1.0,2950.5,2950.5,0.33853140473365784,0.06146860122680664,0.0,asphalt,882,115.29514964234272,643.2016281677694,115.29501046456585,38.04362487792969,3.4304684959352016e-07,9.921515248676745e-05,9.017196723347268e-09,5.914616262572777,-0.00042842613997008764,0.0,0.0,-0.0,2935.49560546875,True,0.0,881,1.1252885783124726e-07,9.882905663371981e-05,8.590442464213563e-09,True,882,magic-formula,0.07594125591815956,-2.5822253221583954e-05,0.0,115.29514928706031,643.2015765078982,115.29501010928344,38.04362487792969,3.4304684959352016e-07,9.92120706774798e-05,9.017196723347268e-09,5.920424532103933,0.002830274855368255,0.0,0.0,-0.0,2935.495849609375,True,0.0,881,1.1299293801021512e-07,9.892610070555274e-05,-5.675027120056034e-08,True,882,magic-formula,0.07594123155546406,1.6008099891209667e-05,0.0,115.36155160179189,642.9869222768308,115.36141242401501,38.04362487792969,4.6245986595749855e-07,0.0006752025009199665,1.2156041056586754e-08,40.60815449131621,-0.0006997465846448129,44.648324912024755,33.2112,33.2112,2950.501708984375,True,0.0,881,6.791126880683399e-05,0.000675117503092783,1.162851579786215e-08,True,882,magic-formula,0.36478085311131503,0.00011626609087561922,0.27675999999999995,115.36155102233016,642.9870898683074,115.36141184455329,38.04362487792969,4.6245986595749855e-07,0.0006751974745227683,1.2156041056586754e-08,40.63799184768402,-0.02768001766474585,44.648324912024755,33.2112,33.2112,2950.501953125,True,0.0,881,6.806532909168658e-05,0.0006756135508155317,4.6019043023535246e-07,True,882,magic-formula,0.3647769498030661,-0.00012597742105214163,0.27675999999999995
5.400000000000,648,held_throttle,0.0,0.15,0.0,1,0.0039464146830141544,214.1182098388672,0.4186875820159912,-0.0003857247356791049,38.01609420776367,0.0081386249512434,3.9023058207021677e-07,asphalt,0.0,0.15,0.0,3589.7022658221836,5,-0.5506896376609802,-2.261278950754786e-06,607.140390246628,159.999963499193,-0.0,6012.6304465317,5759.3695534683,4.944172360410448e-08,6.273303536713907e-07,False,-0.0,True,0,0,0.0002563443558756262,38.01609420776367,0.08174924552440643,False,True,-0.8360461592674255,215.21827697753906,-2.2351741790771484e-08,0.0,0.0,1.0,2935.49755859375,2935.49755859375,0.33884385228157043,0.06115615367889404,0.0,asphalt,True,0.8439537882804871,215.21826171875,-2.2351741790771484e-08,0.0,0.0,1.0,2935.49658203125,2935.49658203125,0.33884385228157043,0.06115615367889404,0.0,asphalt,True,-0.8360609412193298,213.01828002929688,-3.3527612686157227e-08,0.0,0.0,1.0,2950.499755859375,2950.499755859375,0.33853140473365784,0.06146860122680664,0.0,asphalt,True,0.8439390063285828,213.0182647705078,-3.725290298461914e-09,0.0,0.0,1.0,2950.50439453125,2950.50439453125,0.3385312855243683,0.06146872043609619,0.0,asphalt,888,115.21166262159655,648.9642012056587,115.21152282542148,38.016082763671875,4.2843748815357685e-07,9.90607443276328e-05,1.1269900973673995e-08,5.911374646326825,-0.0005168947057402207,0.0,0.0,-0.0,2935.49755859375,True,0.0,887,1.091440999257091e-07,9.877482572697991e-05,1.0364332194329789e-08,True,888,magic-formula,0.07586702440836736,-2.6568585582009302e-05,0.0,115.2116641920483,648.9641495870057,115.21152439587324,38.016082763671875,4.2843748815357685e-07,9.907437669152204e-05,1.1269900973673995e-08,5.9121894587204284,0.0027422048126199516,0.0,0.0,-0.0,2935.4970703125,True,0.0,887,1.092206789555979e-07,9.878845712001272e-05,-5.498434247118655e-08,True,888,magic-formula,0.07586673426156344,1.5253289138450346e-05,0.0,115.27804453276387,648.7528150699112,115.27790473658881,38.016082763671875,5.369947757571936e-07,0.0006752913576024192,1.4125463138730988e-08,40.61344430308071,-0.000792808346578059,44.6528794775046,33.2112,33.2112,2950.498779296875,True,0.0,887,6.80403214015111e-05,0.0006752061252351628,1.3175688943442325e-08,True,888,magic-formula,0.364817647001335,0.00011558789551239996,0.27675999999999995,115.27804444733955,648.7529827977665,115.27790465116449,38.016082763671875,5.369947757571936e-07,0.0006752906160733659,1.4125463138730988e-08,40.643627918801315,-0.02779648126438343,44.6528794775046,33.2112,33.2112,2950.50390625,True,0.0,887,6.81964310712839e-05,0.0006757068123395072,4.621263697560453e-07,True,888,magic-formula,0.3648176648000212,-0.0001268570308399549,0.27675999999999995
5.450000000000,654,held_throttle,0.0,0.15,0.0,1,0.003959223628044128,216.01820373535156,0.4186875820159912,-0.00038558419328182936,37.98859405517578,0.008138632401823997,1.83195922431878e-07,asphalt,0.0,0.15,0.0,3587.1021769468193,5,-0.5497741103172302,-1.99987152882386e-06,606.2621817313684,160.00004645557254,-0.0,6012.460057160606,5759.539942839394,4.914318196824752e-08,6.054891711014291e-07,False,-0.0,True,0,0,0.00025605299742892385,37.98859405517578,0.08174930512905121,False,True,-0.8360333442687988,217.1182861328125,-2.2351741790771484e-08,0.0,0.0,1.0,2935.4990234375,2935.4990234375,0.33884385228157043,0.06115615367889404,0.0,asphalt,True,0.8439666032791138,217.11827087402344,-2.2351741790771484e-08,0.0,0.0,1.0,2935.498779296875,2935.498779296875,0.33884385228157043,0.06115615367889404,0.0,asphalt,True,-0.8360481262207031,214.9182586669922,-3.725290298461914e-09,0.0,0.0,1.0,2950.502685546875,2950.502685546875,0.3385312855243683,0.06146872043609619,0.0,asphalt,True,0.8439518213272095,214.9182586669922,-3.725290298461914e-09,0.0,0.0,1.0,2950.502197265625,2950.502197265625,0.3385312855243683,0.06146872043609619,0.0,asphalt,894,115.12829694306356,654.7226029100357,115.12815699228895,37.988582611083984,3.5020639188587666e-07,9.88554947004967e-05,9.218727517980531e-09,5.899106649068413,-0.0004466248485862857,0.0,0.0,-0.0,2935.5,True,0.0,893,1.1169395701037528e-07,9.856975379881055e-05,8.955334019354726e-09,True,894,magic-formula,0.07574461805023727,-2.5949867369667618e-05,0.0,115.12829856035394,654.7225513648181,115.12815860957933,37.988582611083984,3.5020639188587666e-07,9.88695438119157e-05,9.218727517980531e-09,5.899946934947553,0.0028082343970091306,0.0,0.0,-0.0,2935.499755859375,True,0.0,893,1.0846279451386517e-07,9.858380264676398e-05,-5.6308259200724855e-08,True,894,magic-formula,0.07574462473880898,1.583483173236455e-05,0.0,115.19465740350041,654.5145354829091,115.1945174527258,37.988582611083984,4.5812339521944523e-07,0.0006753169059713891,1.2059502190686574e-08,40.615017683736205,-0.0007070495788409402,44.65742797511751,33.2112,33.2112,2950.501953125,True,0.0,893,6.81503555315235e-05,0.0006752315576333198,1.1749911133346364e-08,True,894,magic-formula,0.364810319860122,0.0001164069151852084,0.27675999999999995,115.19465744682178,654.5147033535139,115.19451749604717,37.988582611083984,4.5812339521944523e-07,0.000675317282296269,1.2059502190686574e-08,40.64521627807558,-0.027731050657320528,44.65742797511751,33.2112,33.2112,2950.501708984375,True,0.0,893,6.830677916452831e-05,0.0006757337234431291,4.610389273013045e-07,True,894,magic-formula,0.3648102105566552,-0.00012620841708278278,0.27675999999999995
5.500000000000,660,held_throttle,0.0,0.15,0.0,1,0.003972018137574196,217.9168243408203,0.4186875820159912,-0.00038543686969205737,37.96112823486328,0.008140536025166512,3.0567142061954655e-07,asphalt,0.0,0.15,0.0,3584.5056141413447,5,-0.5488585829734802,-1.815358700696379e-06,605.3857037223005,160.00006304684845,-0.0,6012.2940794936185,5759.7059205063815,5.5295686252065934e-08,6.069451651349838e-07,False,-0.0,True,0,0,0.00025577479391358793,37.96112823486328,0.08174940943717957,False,True,-0.8360205888748169,219.01690673828125,-2.2351741790771484e-08,0.0,0.0,1.0,2935.492431640625,2935.492431640625,0.33884385228157043,0.06115615367889404,0.0,asphalt,True,0.8439793586730957,219.0168914794922,-2.2351741790771484e-08,0.0,0.0,1.0,2935.492919921875,2935.492919921875,0.33884385228157043,0.06115615367889404,0.0,asphalt,True,-0.8360353708267212,216.81687927246094,-3.725290298461914e-09,0.0,0.0,1.0,2950.510498046875,2950.510498046875,0.3385312855243683,0.06146872043609619,0.0,asphalt,True,0.8439645767211914,216.81687927246094,-3.725290298461914e-09,0.0,0.0,1.0,2950.51123046875,2950.51123046875,0.3385312855243683,0.06146872043609619,0.0,asphalt,900,115.04504042441899,660.4768392004032,115.0449018194055,37.961116790771484,3.180466592311859e-07,9.86943905636564e-05,8.378221878564554e-09,5.883454805282412,-0.00038857780280812686,0.0,0.0,-0.0,2935.49365234375,True,0.0,899,1.106643458745597e-07,9.83084349332307e-05,7.791442378032707e-09,True,900,magic-formula,0.07564103887677953,-2.5456401954051083e-05,0.0,115.04504027561534,660.4767877112408,115.04490167060185,37.961116790771484,3.180466592311859e-07,9.869309699782878e-05,8.378221878564554e-09,5.88938293068352,0.0028600531475273814,0.0,0.0,-0.0,2935.493896484375,True,0.0,899,1.1113502265751747e-07,9.840748182192953e-05,-5.734739755205288e-08,True,900,magic-formula,0.07564229225715546,1.6299903753780455e-05,0.0,115.11137855911703,660.272089401795,115.11123995410354,37.961116790771484,4.394678398966789e-07,0.0006753788061201654,1.1576789015952119e-08,40.61881684443119,-0.0006551499550390166,44.6619703948434,33.2112,33.2112,2950.50830078125,True,0.0,899,6.827591856176337e-05,0.0006752932712676024,1.0887037967952087e-08,True,900,magic-formula,0.3648211465449797,0.00011693515800652162,0.27675999999999995,115.11137754764539,660.2722574048197,115.1112389426319,37.961116790771484,4.394678398966789e-07,0.0006753700132902674,1.1576789015952119e-08,40.648496891256386,-0.027700733271154375,44.6619703948434,33.2112,33.2112,2950.5087890625,True,0.0,899,6.842605391840759e-05,0.0006757866464682697,4.605338020632353e-07,True,900,magic-formula,0.364822988889264,-0.00012585868221736996,0.27675999999999995
5.550000000000,666,held_throttle,0.0,0.15,0.0,1,0.003984798677265644,219.81407165527344,0.4186875820159912,-0.0003852766240015626,37.93369674682617,0.008145200088620186,4.485710860535619e-07,asphalt,0.0,0.15,0.0,3581.9124939203684,5,-0.5484008193016052,-2.134293936251197e-06,604.5110754098106,160.000036500807,-0.0,6012.125565281589,5759.874434718411,5.6049202612484805e-08,6.272586099533967e-07,False,-0.0,True,0,0,0.00025549516431055963,37.93369674682617,0.08174955099821091,False,True,-0.8360077738761902,220.91415405273438,-3.3527612686157227e-08,0.0,0.0,1.0,2935.4833984375,2935.4833984375,0.33884403109550476,0.06115597486495972,0.0,asphalt,True,0.8439921736717224,220.91412353515625,-3.3527612686157227e-08,0.0,0.0,1.0,2935.483154296875,2935.483154296875,0.33884403109550476,0.06115597486495972,0.0,asphalt,True,-0.8360225558280945,218.71414184570312,7.450580596923828e-09,0.0,0.0,1.0,2950.51611328125,2950.51611328125,0.33853116631507874,0.06146883964538574,0.0,asphalt,True,0.8439773917198181,218.71414184570312,7.450580596923828e-09,0.0,0.0,1.0,2950.515380859375,2950.515380859375,0.33853116631507874,0.06146883964538574,0.0,asphalt,906,114.96188887327169,666.2269154379671,114.96175039771204,37.933685302734375,3.7185964174568653e-07,9.854105699077857e-05,9.802887296027674e-09,5.874256000652263,-0.0004723037892192908,0.0,0.0,-0.0,2935.482177734375,True,0.0,905,1.101401163654565e-07,9.815511264251501e-05,9.47028289286e-09,True,906,magic-formula,0.0755548569265155,-2.61586479917041e-05,0.0,114.96188850396008,666.2268639520231,114.96175002840043,37.933685302734375,3.7185964174568653e-07,9.853784420433092e-05,9.802887296027674e-09,5.8800853916162605,0.0027734206203158572,0.0,0.0,-0.0,2935.48828125,True,0.0,905,1.0730242292987016e-07,9.825231407429772e-05,-5.5610420740308365e-08,True,906,magic-formula,0.07555495331233406,1.5579351527382088e-05,0.0,115.02820538462963,666.0254821872098,115.02806690906998,37.933685302734375,4.949397407472134e-07,0.0006754543880701687,1.304749951915525e-08,40.62343387016932,-0.0007590891212589799,44.66650673939107,33.2112,33.2112,2950.514404296875,True,0.0,905,6.839614918810217e-05,0.0006753686392112771,1.261500713300993e-08,True,906,magic-formula,0.3648500720799968,0.00011613913117266669,0.27675999999999995,115.02820403050768,666.0256502655054,115.02806555494803,37.933685302734375,4.949397407472134e-07,0.0006754426080325138,1.304749951915525e-08,40.65299690126143,-0.02782811175878534,44.66650673939107,33.2112,33.2112,2950.517822265625,True,0.0,905,6.855174431656695e-05,0.0006758593965301414,4.626500864378158e-07,True,906,magic-formula,0.36485031051213834,-0.00012685318073425218,0.27675999999999995
5.600000000000,672,held_throttle,0.0,0.15,0.0,1,0.003997565247118473,221.70994567871094,0.4186875820159912,-0.0003851130313705653,37.906307220458984,0.008150972425937653,4.5259369585437526e-07,asphalt,0.0,0.15,0.0,3579.322840316494,5,-0.5474852919578552,-2.1070886759844143e-06,603.6382941565328,160.0000895928899,-0.0,6011.9550187887635,5760.0449812112365,5.6315911933779716e-08,6.365653132740448e-07,False,-0.0,True,0,0,0.0002552088990341872,37.906307220458984,0.08174976706504822,False,True,-0.8359949588775635,222.81002807617188,0.0,0.0,0.0,1.0,2935.47998046875,2935.47998046875,0.33884409070014954,0.06115591526031494,0.0,asphalt,True,0.8440049290657043,222.8100128173828,0.0,0.0,0.0,1.0,2935.47998046875,2935.47998046875,0.33884409070014954,0.06115591526031494,0.0,asphalt,True,-0.8360098004341125,220.61001586914062,3.725290298461914e-08,0.0,0.0,1.0,2950.520263671875,2950.520263671875,0.3385310471057892,0.06146895885467529,0.0,asphalt,True,0.8439901471138,220.61000061035156,1.862645149230957e-08,0.0,0.0,1.0,2950.520263671875,2950.520263671875,0.3385310471057892,0.06146895885467529,0.0,asphalt,912,114.87885928413368,671.9728372579906,114.87872069495268,37.90629577636719,3.683671820908785e-07,9.834217035920511e-05,9.717836431818755e-09,5.862351263904248,-0.00046198690685745047,0.0,0.0,-0.0,2935.478271484375,True,0.0,911,1.0914843182992016e-07,9.795632190644525e-05,9.26342881389728e-09,True,912,magic-formula,0.07543655177178177,-2.6044221322599855e-05,0.0,114.8788589210221,671.9727857731538,114.8787203318411,37.90629577636719,3.683671820908785e-07,9.83390092269266e-05,9.717836431818755e-09,5.868181231836337,0.0027794960736776783,0.0,0.0,-0.0,2935.48095703125,True,0.0,911,1.0657506048391177e-07,9.805364768619379e-05,-5.573237963240184e-08,True,912,magic-formula,0.07543656920405287,1.5658153143435726e-05,0.0,114.94515473030695,671.7747195237084,114.94501614112595,37.90629577636719,4.9202935770154e-07,0.0006754889685125685,1.2980148749018557e-08,40.62563327433189,-0.0007476802230025054,44.6710370366851,33.2112,33.2112,2950.523681640625,True,0.0,911,6.850982852299222e-05,0.0006754030827793008,1.242528550241888e-08,True,912,magic-formula,0.3648502665124863,0.00011631369630436853,0.27675999999999995,114.9451527447161,671.7748876218811,114.94501415553509,37.90629577636719,4.9202935770154e-07,0.0006754716825982261,1.2980148749018557e-08,40.65484067239387,-0.02783769809118426,44.6710370366851,33.2112,33.2112,2950.523681640625,True,0.0,911,6.866578313231932e-05,0.0006758887085040271,4.6280855108373554e-07,True,912,magic-formula,0.36484599182469984,-0.00012685322010408994,0.27675999999999995
5.650000000000,678,held_throttle,0.0,0.15,0.0,1,0.0040103173814713955,223.6044464111328,0.4186875820159912,-0.00038495700573548675,37.87894821166992,0.008154490031301975,5.427497171694995e-07,asphalt,0.0,0.15,0.0,3576.7366412130214,5,-0.5470275282859802,-1.964972398127429e-06,602.7672359369101,159.9999800904689,-0.0,6011.788364778541,5760.211635221459,5.3087433116161264e-08,6.413490567835607e-07,False,-0.0,True,0,0,0.0002549249038565904,37.87894821166992,0.08174970000982285,False,True,-0.8359822630882263,224.7045135498047,0.0,0.0,0.0,1.0,2935.48291015625,2935.48291015625,0.33884409070014954,0.06115591526031494,0.0,asphalt,True,0.8440176248550415,224.70449829101562,0.0,0.0,0.0,1.0,2935.483154296875,2935.483154296875,0.33884409070014954,0.06115591526031494,0.0,asphalt,True,-0.8359970450401306,222.50450134277344,1.862645149230957e-08,0.0,0.0,1.0,2950.51513671875,2950.51513671875,0.3385310471057892,0.06146895885467529,0.0,asphalt,True,0.844002902507782,222.5045166015625,3.725290298461914e-09,0.0,0.0,1.0,2950.5185546875,2950.5185546875,0.3385309875011444,0.06146901845932007,0.0,asphalt,918,114.79592928275962,677.7146101355313,114.79578946423281,37.878936767578125,3.609457053244114e-07,9.820486132904022e-05,9.528929165545035e-09,5.854137947958737,-0.0004298776831707851,0.0,0.0,-0.0,2935.48095703125,True,0.0,917,1.0566743618163217e-07,9.781899264564907e-05,8.61959016357508e-09,True,918,magic-formula,0.07536213449261824,-2.5768970566014088e-05,0.0,114.79592892953718,677.7145586519673,114.79578911101038,37.878936767578125,3.609457053244114e-07,9.820178406721648e-05,9.528929165545035e-09,5.859972924708275,0.0028094619868787325,0.0,0.0,-0.0,2935.4814453125,True,0.0,917,1.0670238002435549e-07,9.791647538761618e-05,-5.6333224116216015e-08,True,918,magic-formula,0.07536213872312006,1.5922391905415852e-05,0.0,114.86220198141659,677.5198067898016,114.86206216288979,37.878936767578125,4.775065463036299e-07,0.0006755703425988546,1.2606123271980115e-08,40.63043369419422,-0.0006977875867819217,44.67556127878701,33.2112,33.2112,2950.517822265625,True,0.0,917,6.863716953124444e-05,0.0006754842382994448,1.1595830977835423e-08,True,918,magic-formula,0.3648896600492709,0.00011684497026982523,0.27675999999999995,114.86220138159332,677.5199749586957,114.86206156306652,37.878936767578125,4.775065463036299e-07,0.0006755651169590211,1.2606123271980115e-08,40.66039350619568,-0.027810416869377082,44.67556127878701,33.2112,33.2112,2950.518310546875,True,0.0,917,6.881633636376285e-05,0.0006759822630745662,4.623558567853828e-07,True,918,magic-formula,0.36488572130566965,-0.00012652537666409523,0.27675999999999995
5.700000000000,684,held_throttle,0.0,0.15,0.0,1,0.004023055080324411,225.49758911132812,0.4186875820159912,-0.0003848161140922457,37.851627349853516,0.008154701441526413,3.792543736835796e-07,asphalt,0.0,0.15,0.0,3574.153791363693,5,-0.5461120009422302,-2.227415507149999e-06,601.8978983835841,159.99995686268264,-0.0,6011.624222414835,5760.375777585165,4.7923094825819135e-08,6.243946332955549e-07,False,-0.0,True,0,0,0.0002546328760217875,37.851627349853516,0.0817495733499527,False,True,-0.8359695076942444,226.59765625,0.0,0.0,0.0,1.0,2935.490478515625,2935.490478515625,0.33884409070014954,0.06115591526031494,0.0,asphalt,True,0.844030499458313,226.59764099121094,0.0,0.0,0.0,1.0,2935.4892578125,2935.4892578125,0.33884409070014954,0.06115591526031494,0.0,asphalt,True,-0.8359842896461487,224.39764404296875,1.862645149230957e-08,0.0,0.0,1.0,2950.509521484375,2950.509521484375,0.3385310471057892,0.06146895885467529,0.0,asphalt,True,0.8440156579017639,224.39764404296875,3.725290298461914e-09,0.0,0.0,1.0,2950.511962890625,2950.511962890625,0.3385309875011444,0.06146901845932007,0.0,asphalt,924,114.71310649823687,683.4522392114193,114.71296532742969,37.85161590576172,4.073954187333584e-07,9.799419569518316e-05,1.0762959757058752e-08,5.8475668226020066,-0.0005067430389907922,0.0,0.0,-0.0,2935.4853515625,True,0.0,923,1.0534564209619042e-07,9.770904671831653e-05,1.0160821480774925e-08,True,924,magic-formula,0.07524781747533568,-2.6403894648148324e-05,0.0,114.71310803098102,683.452187769124,114.71296686017384,37.85161590576172,4.0736631490290165e-07,9.800755854803164e-05,1.0762190864377151e-08,5.848370882809692,0.002731166732210414,0.0,0.0,-0.0,2935.487548828125,True,0.0,923,1.0543105482746581e-07,9.772240892492159e-05,-5.476319238105488e-08,True,924,magic-formula,0.07524737868012814,1.5255921838855916e-05,0.0,114.77935913709658,683.2607491591676,114.7792179662894,37.85161590576172,5.126348696649075e-07,0.000675601526334247,1.3543275693730023e-08,40.63220766110217,-0.0007760163533173152,44.680079517487755,33.2112,33.2112,2950.510986328125,True,0.0,923,6.874890835499392e-05,0.0006755152973027787,1.2896413680333597e-08,True,924,magic-formula,0.3648846387060234,0.00011627907344573498,0.27675999999999995,114.77935914757104,683.2609174651614,114.77921797676386,37.85161590576172,5.126057658344507e-07,0.0006756016176533931,1.3542506801048422e-08,40.66252860735731,-0.027909514491658703,44.680079517487755,33.2112,33.2112,2950.512939453125,True,0.0,923,6.88862873500975e-05,0.0006760189928351631,4.6400421976119815e-07,True,924,magic-formula,0.3648847684920694,-0.00012726424290766494,0.27675999999999995
5.750000000000,690,held_throttle,0.0,0.15,0.0,1,0.004035778343677521,227.38938903808594,0.4186875820159912,-0.000384679005946964,37.824344635009766,0.008153174072504044,3.0653225735477463e-07,asphalt,0.0,0.15,0.0,3571.5743590863576,5,-0.5451964735984802,-1.8995929167431314e-06,601.0304003489948,159.99997345395855,-0.0,6011.457359979665,5760.542640020335,4.817661647393834e-08,6.044889388971904e-07,False,-0.0,True,0,0,0.0002543482696637511,37.824344635009766,0.08174948394298553,False,True,-0.8359568119049072,228.48947143554688,0.0,0.0,0.0,1.0,2935.490478515625,2935.490478515625,0.33884409070014954,0.06115591526031494,0.0,asphalt,True,0.8440431356430054,228.48944091796875,0.0,0.0,0.0,1.0,2935.49072265625,2935.49072265625,0.33884409070014954,0.06115591526031494,0.0,asphalt,True,-0.8359715938568115,226.28945922851562,1.862645149230957e-08,0.0,0.0,1.0,2950.509521484375,2950.509521484375,0.3385310471057892,0.06146895885467529,0.0,asphalt,True,0.8440283536911011,226.28945922851562,1.862645149230957e-08,0.0,0.0,1.0,2950.509521484375,2950.509521484375,0.3385310471057892,0.06146895885467529,0.0,asphalt,930,114.63040202096872,689.1857301295624,114.63026141174905,37.82433319091797,3.353925421833992e-07,9.780677383084438e-05,8.867110505042044e-09,5.836365847349763,-0.00041978906196151605,0.0,0.0,-0.0,2935.48876953125,True,0.0,929,1.0796496198460231e-07,9.752177166618212e-05,8.417278160154435e-09,True,930,magic-formula,0.07513774167749275,-2.5645607758436177e-05,0.0,114.63040363572085,689.1856787602201,114.63026302650118,37.82433319091797,3.353925421833992e-07,9.78208618044184e-05,8.867110505042044e-09,5.83720944768091,0.0028144410348015223,0.0,0.0,-0.0,2935.489013671875,True,0.0,929,1.0476890450260674e-07,9.753585963762014e-05,-5.643291415984377e-08,True,930,magic-formula,0.07513774344030084,1.5983298474623963e-05,0.0,114.6966333581538,688.9975523308368,114.69649274893413,37.82433319091797,4.411849658936262e-07,0.0006756448856294709,1.166405138371506e-08,40.63479317167025,-0.0006719792090753864,44.68459179424894,33.2112,33.2112,2950.510009765625,True,0.0,929,6.88650182385821e-05,0.0006755585081855341,1.1166777104624539e-08,True,930,magic-formula,0.3648893460401662,0.00011725937304270545,0.27675999999999995,114.6966333979277,688.9977207818383,114.69649278870803,37.82433319091797,4.411849658936262e-07,0.0006756452326385493,1.166405138371506e-08,40.66512765430446,-0.02782648410332958,44.68459179424894,33.2112,33.2112,2950.51025390625,True,0.0,929,6.902372480779056e-05,0.0006760628202101704,4.626242614185163e-07,True,930,magic-formula,0.36488937094818374,-0.00012646266264796854,0.27675999999999995
5.800000000000,696,held_throttle,0.0,0.15,0.0,1,0.004048487637192011,229.27981567382812,0.4186875820159912,-0.0003845398314297199,37.797096252441406,0.008152083493769169,4.6910292894608574e-07,asphalt,0.0,0.15,0.0,3568.99840252268,5,-0.5447387099266052,-1.8166783775086515e-06,600.1647392097116,160.0,-0.0,6011.28821180353,5760.71178819647,4.9064283302868716e-08,6.031867225941543e-07,False,-0.0,True,0,0,0.0002540735004004091,37.797096252441406,0.08174943923950195,False,True,-0.8359441161155701,230.3798828125,0.0,0.0,0.0,1.0,2935.487548828125,2935.487548828125,0.33884409070014954,0.06115591526031494,0.0,asphalt,True,0.8440558314323425,230.3798828125,0.0,0.0,0.0,1.0,2935.48828125,2935.48828125,0.33884409070014954,0.06115591526031494,0.0,asphalt,True,-0.8359589576721191,228.17987060546875,1.862645149230957e-08,0.0,0.0,1.0,2950.51171875,2950.51171875,0.3385310471057892,0.06146895885467529,0.0,asphalt,True,0.8440410494804382,228.17987060546875,1.862645149230957e-08,0.0,0.0,1.0,2950.51220703125,2950.51220703125,0.3385310471057892,0.06146895885467529,0.0,asphalt,936,114.54780530800677,694.915088642382,114.54766477888084,37.79708480834961,3.2194657251238823e-07,9.765153348042706e-05,8.517761995265525e-09,5.827079979418215,-0.00039617883301684074,0.0,0.0,-0.0,2935.488525390625,True,0.0,935,1.0416681196290017e-07,9.736661882662742e-05,7.943865385425016e-09,True,936,magic-formula,0.07505034759344326,-2.5434975548224275e-05,0.0,114.54780692094499,694.9150373465998,114.54766639181906,37.79708480834961,3.2194657251238823e-07,9.766561577326856e-05,8.517761995265525e-09,5.827923756181058,0.0028353094791610713,0.0,0.0,-0.0,2935.489013671875,True,0.0,935,1.0421993759323599e-07,9.738070160671941e-05,-5.685135119561204e-08,True,936,magic-formula,0.07505034580061996,1.6175499154752186e-05,0.0,114.61401512713863,694.7302220241463,114.6138745980127,37.79708480834961,4.296889528632164e-07,0.0006757183453602627,1.1368309356183349e-08,40.63921238443479,-0.0006466602827684823,44.68909807636691,33.2112,33.2112,2950.510986328125,True,0.0,935,6.899084186379825e-05,0.000675631760567184,1.0745833730454281e-08,True,936,magic-formula,0.3649159312203047,0.00011757176608961894,0.27675999999999995,114.61401515538219,694.730390620473,114.61387462625626,37.79708480834961,4.296889528632164e-07,0.0006757185919500158,1.1368309356183349e-08,40.669565999859124,-0.02782326603938573,44.68909807636691,33.2112,33.2112,2950.511474609375,True,0.0,935,6.914991936313633e-05,0.0006761363345977351,4.6257058350079954e-07,True,936,magic-formula,0.3649159383497164,-0.00012634043758813862,0.27675999999999995
5.850000000000,702,held_throttle,0.0,0.15,0.0,1,0.004061183426529169,231.1688690185547,0.4186875820159912,-0.0003843922750093043,37.76988220214844,0.008153106085956097,6.931786629138514e-07,asphalt,0.0,0.15,0.0,3566.425831053845,5,-0.5438231825828552,-1.8416858438286e-06,599.3006702613831,160.0,-0.0,6011.127416200427,5760.872583799573,5.3075613237751895e-08,6.117302924512933e-07,False,-0.0,True,0,0,0.00025380030274391174,37.76988220214844,0.08174941688776016,False,True,-0.8359314203262329,232.26893615722656,0.0,0.0,0.0,1.0,2935.4833984375,2935.4833984375,0.33884409070014954,0.06115591526031494,0.0,asphalt,True,0.8440685272216797,232.2689208984375,0.0,0.0,0.0,1.0,2935.483642578125,2935.483642578125,0.33884409070014954,0.06115591526031494,0.0,asphalt,True,-0.8359462022781372,230.06893920898438,1.862645149230957e-08,0.0,0.0,1.0,2950.516845703125,2950.516845703125,0.3385310471057892,0.06146895885467529,0.0,asphalt,True,0.8440537452697754,230.06893920898438,1.862645149230957e-08,0.0,0.0,1.0,2950.517578125,2950.517578125,0.3385310471057892,0.06146895885467529,0.0,asphalt,942,114.46531204972729,700.64031998136,114.46517248265758,37.76987075805664,3.273598849773407e-07,9.749089100558369e-05,8.667222799736798e-09,5.811429672170941,-0.0003976873866006417,0.0,0.0,-0.0,2935.484130859375,True,0.0,941,1.0315618508918501e-07,9.710525742516225e-05,7.974125522825559e-09,True,942,magic-formula,0.07494670296742599,-2.545137653830992e-05,0.0,114.46531196630994,700.6402687286242,114.46517239924023,37.76987075805664,3.273598849773407e-07,9.749016217794081e-05,8.667222799736798e-09,5.817423269290959,0.0028273942821092847,0.0,0.0,-0.0,2935.485107421875,True,0.0,941,1.0361058816645794e-07,9.720537446646709e-05,-5.6692717199089704e-08,True,942,magic-formula,0.07494840489724315,1.613038723956097e-05,0.0,114.5314985034582,700.4587634325943,114.53135893638849,37.76987075805664,4.4389162212610245e-07,0.0006757700667832453,1.1752532196086917e-08,40.64237025882897,-0.0006593022672486527,44.69359837440992,33.2112,33.2112,2950.51513671875,True,0.0,941,6.91082240311139e-05,0.0006756833139171658,1.0955984370167571e-08,True,942,magic-formula,0.364927534299164,0.00011754867912380126,0.27675999999999995,114.5314985268492,700.4589321738893,114.5313589597795,37.76987075805664,4.4389162212610245e-07,0.0006757702711533051,1.1752532196086917e-08,40.672743228958645,-0.027857661408033692,44.69359837440992,33.2112,33.2112,2950.515625,True,0.0,941,6.926966129641058e-05,0.000676188209012443,4.631417719370452e-07,True,942,magic-formula,0.36492752326052236,-0.00012654713517297662,0.27675999999999995
5.900000000000,708,held_throttle,0.0,0.15,0.0,1,0.004073865246027708,233.0565643310547,0.4186875820159912,-0.0003842390142381191,37.742706298828125,0.00815561506897211,7.224384717119392e-07,asphalt,0.0,0.15,0.0,3563.856648042732,5,-0.5433654189109802,-2.2059336970414734e-06,598.4385542760548,160.0000199095311,-0.0,6010.957543863144,5761.042456136856,5.355991916644598e-08,6.193672015630921e-07,False,-0.0,True,0,0,0.0002535190142225474,37.742706298828125,0.08174947649240494,False,True,-0.8359187841415405,234.15663146972656,1.4901161193847656e-08,0.0,0.0,1.0,2935.480224609375,2935.480224609375,0.3388441503047943,0.061155855655670166,0.0,asphalt,True,0.8440812230110168,234.1566162109375,0.0,0.0,0.0,1.0,2935.482421875,2935.482421875,0.33884409070014954,0.06115591526031494,0.0,asphalt,True,-0.8359335660934448,231.95663452148438,3.725290298461914e-09,0.0,0.0,1.0,2950.521484375,2950.521484375,0.3385309875011444,0.06146901845932007,0.0,asphalt,True,0.8440664410591125,231.95663452148438,3.725290298461914e-09,0.0,0.0,1.0,2950.5205078125,2950.5205078125,0.3385309875011444,0.06146901845932007,0.0,asphalt,948,114.38293481682403,706.3614296659858,114.38279538759006,37.74269485473633,3.942986950278282e-07,9.733366495806669e-05,1.0447020186168495e-08,5.802013778796966,-0.0004928538024960614,0.0,0.0,-0.0,2935.480224609375,True,0.0,947,1.0262246242672477e-07,9.6948052555072e-05,9.88234224187617e-09,True,948,magic-formula,0.07485766050491062,-2.6253409421651595e-05,0.0,114.38293445550232,706.361378417255,114.38279502626835,37.74269485473633,3.9432779885828495e-07,9.733050577288567e-05,1.0447791297785424e-08,5.807869773727355,0.002729087438290633,0.0,0.0,-0.0,2935.48291015625,True,0.0,947,1.0305727793932367e-07,9.70458140309415e-05,-5.47215854956142e-08,True,948,magic-formula,0.07485769519238267,1.5308144880430684e-05,0.0,114.44909937179543,706.1831820655417,114.44895994256146,37.74269485473633,5.119363777339458e-07,0.0006758377496450173,1.356385334179981e-08,40.64646943643917,-0.0007761369588452436,44.69809272575969,33.2112,33.2112,2950.51806640625,True,0.0,947,6.923466526422243e-05,0.0006757507975507683,1.289835267232792e-08,True,948,magic-formula,0.36495035317086005,0.00011664043664365855,0.27675999999999995,114.44909934306199,706.1833509506819,114.44895991382802,37.74269485473633,5.119363777339458e-07,0.0006758374984166266,1.356385334179981e-08,40.676860590743736,-0.027997241012948208,44.69809272575969,33.2112,33.2112,2950.520263671875,True,0.0,947,6.939644581218973e-05,0.0006762556027512674,4.654615806419237e-07,True,948,magic-formula,0.36495032837249997,-0.000127646792276844,0.27675999999999995
5.950000000000,714,held_throttle,0.0,0.15,0.0,1,0.0040865326300263405,234.9429168701172,0.4186875820159912,-0.000384086073609069,37.71556854248047,0.008157876320183277,4.683550400841341e-07,asphalt,0.0,0.15,0.0,3561.2909207051584,5,-0.5424498915672302,-2.0877928363916e-06,597.5781466432163,160.00013604846245,-0.0,6010.791095467331,5761.208904532669,5.2796167437918484e-08,6.077209894810357e-07,False,-0.0,True,0,0,0.00025322873261757195,37.71556854248047,0.08174961060285568,False,True,-0.8359060287475586,236.04299926757812,2.9802322387695312e-08,0.0,0.0,1.0,2935.48095703125,2935.48095703125,0.3388441503047943,0.061155855655670166,0.0,asphalt,True,0.844093918800354,236.04298400878906,2.9802322387695312e-08,0.0,0.0,1.0,2935.480712890625,2935.480712890625,0.3388441503047943,0.061155855655670166,0.0,asphalt,True,-0.8359208106994629,233.8429718017578,3.3527612686157227e-08,0.0,0.0,1.0,2950.52392578125,2950.52392578125,0.33853086829185486,0.06146913766860962,0.0,asphalt,True,0.8440791368484497,233.8429718017578,3.3527612686157227e-08,0.0,0.0,1.0,2950.5234375,2950.5234375,0.33853086829185486,0.06146913766860962,0.0,asphalt,954,114.30066903590887,712.0784233754312,114.30052914753287,37.71555709838867,3.657187335193157e-07,9.713984740296047e-05,9.696760744253738e-09,5.790422699194265,-0.00046243713223588056,0.0,0.0,-0.0,2935.481689453125,True,0.0,953,1.0492599157214687e-07,9.675432404391204e-05,9.272445087689428e-09,True,954,magic-formula,0.0747427314098121,-2.5976038525263048e-05,0.0,114.30066868704488,712.0783721280338,114.30052879866888,37.71555709838867,3.657187335193157e-07,9.713679494590603e-05,9.696760744253738e-09,5.796282699811829,0.0027554492108772333,0.0,0.0,-0.0,2935.48095703125,True,0.0,953,1.0536992736954705e-07,9.685226535079276e-05,-5.525020813594179e-08,True,954,magic-formula,0.07474272782495968,1.5551521449235703e-05,0.0,114.3668119586564,711.9034836494437,114.3666720702804,37.71555709838867,4.816683940589428e-07,0.0006758709118745423,1.2771079923396416e-08,40.648536744691135,-0.0007369440634760598,44.70258110706201,33.2112,33.2112,2950.52392578125,True,0.0,953,6.934860235705201e-05,0.0006757838264658789,1.2246734311088995e-08,True,954,magic-formula,0.3649489853883642,0.00011706286450540028,0.27675999999999995,114.36681196010126,711.9036526669535,114.36667207172526,37.71555709838867,4.816683940589428e-07,0.0006758709245166093,1.2771079923396416e-08,40.67892862298082,-0.027978889609005124,44.70258110706201,33.2112,33.2112,2950.5234375,True,0.0,953,6.950870586261871e-05,0.0006762892583337406,4.6515599707824764e-07,True,954,magic-formula,0.3649486915897714,-0.0001273993014279425,0.27675999999999995
6.000000000000,720,held_throttle,0.0,0.15,0.0,1,0.004099186044186354,236.82789611816406,0.4186875820159912,-0.00038394189323298633,37.68846130371094,0.008158371783792973,4.6163023625922506e-07,asphalt,0.0,0.15,0.0,3558.728579407219,5,-0.5419921278953552,-1.9071251244895393e-06,596.7194450143212,159.999926998386,-0.0,6010.6273778719315,5761.3726221280685,5.122910806676373e-08,6.016818210148759e-07,False,-0.0,True,0,0,0.00025294884108006954,37.68846130371094,0.08174970000982285,False,True,-0.8358933925628662,237.927978515625,2.9802322387695312e-08,0.0,0.0,1.0,2935.4814453125,2935.4814453125,0.3388441503047943,0.061155855655670166,0.0,asphalt,True,0.8441065549850464,237.92796325683594,2.9802322387695312e-08,0.0,0.0,1.0,2935.481689453125,2935.481689453125,0.3388441503047943,0.061155855655670166,0.0,asphalt,True,-0.8359081745147705,235.7279510498047,3.3527612686157227e-08,0.0,0.0,1.0,2950.52197265625,2950.52197265625,0.33853086829185486,0.06146913766860962,0.0,asphalt,True,0.8440917730331421,235.7279510498047,3.3527612686157227e-08,0.0,0.0,1.0,2950.52197265625,2950.52197265625,0.33853086829185486,0.06146913766860962,0.0,asphalt,960,114.21850142689968,717.791306280189,114.21836135412181,37.68844985961914,3.344612196087837e-07,9.699553235466105e-05,8.874369225971758e-09,5.7817804099921855,-0.0004147149583608052,0.0,0.0,-0.0,2935.47900390625,True,0.0,959,1.0471734191141827e-07,9.661000488542153e-05,8.315563592938126e-09,True,960,magic-formula,0.07466281130802738,-2.557321412981937e-05,0.0,114.21850194949533,717.7912550732983,114.21836187671747,37.68844985961914,3.344612196087837e-07,9.700010820129318e-05,8.874369225971758e-09,5.788101912396923,0.002800841145968532,0.0,0.0,-0.0,2935.47900390625,True,0.0,959,1.0519196352852016e-07,9.671563354433158e-05,-5.616041038042574e-08,True,960,magic-formula,0.07466826226940873,1.594176185395834e-05,0.0,114.28462375605254,717.6196733796329,114.28448368327467,37.68844985961914,4.469475243240595e-07,0.0006759625289205056,1.1859005238709388e-08,40.65395528363546,-0.0006734896634660943,44.70706352621331,33.2112,33.2112,2950.518310546875,True,0.0,959,6.948623972284007e-05,0.0006758752040687278,1.1191812496192216e-08,True,960,magic-formula,0.3649874760827436,0.00011771729715260757,0.27675999999999995,114.2846237864186,717.619842542729,114.28448371364074,37.68844985961914,4.469475243240595e-07,0.0006759627948056361,1.1859005238709388e-08,40.684390779874846,-0.02793883011654378,44.70706352621331,33.2112,33.2112,2950.518310546875,True,0.0,959,6.964290311131709e-05,0.0006763812502793046,4.644908285724135e-07,True,960,magic-formula,0.3649874597142583,-0.0001269495659042578,0.27675999999999995
6.050000000000,726,held_throttle,0.0,0.15,0.0,1,0.004111825488507748,238.71153259277344,0.4186875820159912,-0.0003837906988337636,37.6613883972168,0.008160218596458435,5.632676902678213e-07,asphalt,0.0,0.15,0.0,3556.169559769538,5,-0.5410766005516052,-1.9042104213440325e-06,595.862326349231,159.9999469079171,-0.0,6010.471006744632,5761.528993255368,5.318906914908439e-08,6.080120757361595e-07,False,-0.0,True,0,0,0.00025267270393669605,37.6613883972168,0.0817497968673706,False,True,-0.8358807563781738,239.81161499023438,2.9802322387695312e-08,0.0,0.0,1.0,2935.478515625,2935.478515625,0.3388441503047943,0.061155855655670166,0.0,asphalt,True,0.8441191911697388,239.81158447265625,2.9802322387695312e-08,0.0,0.0,1.0,2935.478759765625,2935.478759765625,0.3388441503047943,0.061155855655670166,0.0,asphalt,True,-0.8358955383300781,237.61160278320312,3.3527612686157227e-08,0.0,0.0,1.0,2950.526123046875,2950.526123046875,0.33853086829185486,0.06146913766860962,0.0,asphalt,True,0.8441044092178345,237.61160278320312,3.3527612686157227e-08,0.0,0.0,1.0,2950.5263671875,2950.5263671875,0.33853086829185486,0.06146913766860962,0.0,asphalt,966,114.13643805931633,723.5000836608415,114.13629889830327,37.661376953125,3.3076503314077854e-07,9.685271077398673e-05,8.782605945408295e-09,5.773227872167604,-0.0004113384026650692,0.0,0.0,-0.0,2935.4765625,True,0.0,965,1.0100140828655867e-07,9.64671771950347e-05,8.247866185617046e-09,True,966,magic-formula,0.07458391959677288,-2.5527288849800007e-05,0.0,114.13643771471084,723.5000324643747,114.13629855369777,37.661376953125,3.3076503314077854e-07,9.684969123983238e-05,8.782605945408295e-09,5.779100494350058,0.002801725681968866,0.0,0.0,-0.0,2935.476806640625,True,0.0,965,1.0144165748948686e-07,9.656529737371725e-05,-5.617818827011681e-08,True,966,magic-formula,0.07458397955816909,1.5971803308899638e-05,0.0,114.20253741658362,723.3317564707144,114.20239825557056,37.661376953125,4.475587047636509e-07,0.00067603461177976,1.1883758401098878e-08,40.65831862420405,-0.0006767162779837426,44.71154002571356,33.2112,33.2112,2950.521240234375,True,0.0,965,6.958560574395102e-05,0.0006759470801093535,1.1245435025308028e-08,True,966,magic-formula,0.36501349187092746,0.00011777563356605626,0.27675999999999995,114.20253743608413,723.3319257790675,114.20239827507106,37.661376953125,4.475587047636509e-07,0.0006760347826488521,1.1883758401098878e-08,40.688773676039084,-0.027964226193078163,44.71154002571356,33.2112,33.2112,2950.521484375,True,0.0,965,6.977355887309733e-05,0.000676453394484893,4.6491255493999693e-07,True,966,magic-formula,0.3650134622356243,-0.00012708124393034416,0.27675999999999995
6.100000000000,732,held_throttle,0.0,0.15,0.0,1,0.004124450962990522,240.59381103515625,0.4186875820159912,-0.0003836376126855612,37.634334564208984,0.0081632724031806,5.047489253229287e-07,asphalt,0.0,0.15,0.0,3553.613578450156,5,-0.5406188368797302,-2.2125652776594507e-06,595.0065473496029,159.99995022617227,-0.0,6010.329479950109,5761.670520049891,5.298215910443105e-08,6.116271462731268e-07,False,-0.0,True,0,0,0.0002523903676774353,37.634334564208984,0.08174970000982285,False,True,-0.8358681201934814,241.69387817382812,2.2351741790771484e-08,0.0,0.0,1.0,2935.471923828125,2935.471923828125,0.33884432911872864,0.06115567684173584,0.0,asphalt,True,0.8441318273544312,241.69387817382812,2.2351741790771484e-08,0.0,0.0,1.0,2935.471435546875,2935.471435546875,0.33884432911872864,0.06115567684173584,0.0,asphalt,True,-0.8358829021453857,239.49388122558594,1.4901161193847656e-08,0.0,0.0,1.0,2950.5234375,2950.5234375,0.33853086829185486,0.06146913766860962,0.0,asphalt,True,0.8441170454025269,239.49388122558594,-3.725290298461914e-09,0.0,0.0,1.0,2950.525390625,2950.525390625,0.3385308086872101,0.061469197273254395,0.0,asphalt,972,114.05444227963106,729.204759656796,114.05430255516784,37.63432312011719,4.021567292511463e-07,9.679547442466469e-05,1.0685903077559963e-08,5.769780499983497,-0.0004925906340702013,0.0,0.0,-0.0,2935.470458984375,True,0.0,971,1.0388404458879439e-07,9.640977395284638e-05,9.877098010795651e-09,True,972,magic-formula,0.07450592979992322,-2.6214860458761192e-05,0.0,114.05444191368396,729.204708461429,114.05430218922073,37.63432312011719,4.021567292511463e-07,9.679226558408873e-05,1.0685903077559963e-08,5.775650827346887,0.0027206661613515654,0.0,0.0,-0.0,2935.47314453125,True,0.0,971,1.0134416690901535e-07,9.650777577962506e-05,-5.455290916707876e-08,True,972,magic-formula,0.07450594018203699,1.527023771943098e-05,0.0,114.12051852324807,729.0397370416852,114.12037879878484,37.63432312011719,5.184847395867109e-07,0.0006761910523394429,1.3776911515901774e-08,40.6677593081367,-0.0007743597355608913,44.71601073122867,33.2112,33.2112,2950.525146484375,True,0.0,971,6.976204236373021e-05,0.0006761031513788812,1.2868737337250075e-08,True,972,magic-formula,0.36505114092199575,0.0001170428926989877,0.27675999999999995,114.12051850199374,729.039906483436,114.12037877753052,37.63432312011719,5.184847395867109e-07,0.000676190865969048,1.3776911515901774e-08,40.69824517695635,-0.028088588887949954,44.71601073122867,33.2112,33.2112,2950.527587890625,True,0.0,971,6.992346411603567e-05,0.0006766094740130662,4.6697915138777905e-07,True,972,magic-formula,0.36505125314329073,-0.0001280191632020504,0.27675999999999995
6.150000000000,738,held_throttle,0.0,0.15,0.0,1,0.004137062001973391,242.47474670410156,0.4186875820159912,-0.0003834844392258674,37.607303619384766,0.008164838887751102,3.3740164440132503e-07,asphalt,0.0,0.15,0.0,3551.060339088592,5,-0.5406188368797302,-1.969537834156654e-06,594.1522269760317,159.99995686268264,-0.0,6010.1938064104215,5761.8061935895785,5.352103471523151e-08,6.039145380987265e-07,False,-0.0,True,0,0,0.0002521054120734334,37.607303619384766,0.08174955099821091,False,True,-0.8358555436134338,243.5748291015625,2.2351741790771484e-08,0.0,0.0,1.0,2935.47412109375,2935.47412109375,0.33884432911872864,0.06115567684173584,0.0,asphalt,True,0.8441444039344788,243.57481384277344,2.2351741790771484e-08,0.0,0.0,1.0,2935.47412109375,2935.47412109375,0.33884432911872864,0.06115567684173584,0.0,asphalt,True,-0.8358702659606934,241.37481689453125,-3.725290298461914e-09,0.0,0.0,1.0,2950.5244140625,2950.5244140625,0.3385308086872101,0.061469197273254395,0.0,asphalt,True,0.8441296219825745,241.37481689453125,-3.725290298461914e-09,0.0,0.0,1.0,2950.5244140625,2950.5244140625,0.3385308086872101,0.061469197273254395,0.0,asphalt,978,113.97252155873005,734.9053379124745,113.97238160888676,37.60729217529297,3.450841177254915e-07,9.678811946843739e-05,9.17598948940554e-09,5.775387986057386,-0.00043056665004936797,0.0,0.0,-0.0,2935.472412109375,True,0.0,977,1.0119018953662025e-07,9.650340792514377e-05,8.633429411036957e-09,True,978,magic-formula,0.07447591587326119,-2.5677589002214232e-05,0.0,113.97252064829172,734.9052867002071,113.97238069844843,37.60729217529297,3.450841177254915e-07,9.678013046870992e-05,9.17598948940554e-09,5.774912354618836,0.002788279747935795,0.0,0.0,-0.0,2935.472412109375,True,0.0,977,1.0117793101588916e-07,9.649546038002904e-05,-5.590866369584546e-08,True,978,magic-formula,0.07447131585347348,1.5822452788370185e-05,0.0,114.03857552862833,734.7436187448782,114.03843557878504,37.60729217529297,4.626053851097822e-07,0.0006764046992752341,1.2300949054069416e-08,40.68059381868852,-0.0007056924467983212,44.72047594120715,33.2112,33.2112,2950.526123046875,True,0.0,977,6.993366464633231e-05,0.0006763163226487885,1.1727123527122173e-08,True,978,magic-formula,0.3651292394948401,0.0001177625086254343,0.27675999999999995,114.03857556616316,734.7437883320727,114.03843561631987,37.60729217529297,4.626053851097822e-07,0.0006764050286393785,1.2300949054069416e-08,40.71109546764902,-0.028047920768419332,44.72047594120715,33.2112,33.2112,2950.52587890625,True,0.0,977,7.009554922669316e-05,0.0006768235234649523,4.663033402957439e-07,True,978,magic-formula,0.36512926239847904,-0.00012752783883104748,0.27675999999999995
6.200000000000,744,held_throttle,0.0,0.15,0.0,1,0.0041496590711176395,244.3543243408203,0.4186875820159912,-0.00038332564872689545,37.58029556274414,0.008167305961251259,3.6771729128304287e-07,asphalt,0.0,0.15,0.0,3548.509457342142,5,-0.5397033095359802,-1.928266783579602e-06,593.2990021055052,159.99999336348964,-0.0,6010.075695503144,5761.924304496856,5.576089279202279e-08,6.131846448150564e-07,False,-0.0,True,0,0,0.0002518273249734193,37.58029556274414,0.08174955099821091,False,True,-0.8358429670333862,245.4543914794922,3.3527612686157227e-08,0.0,0.0,1.0,2935.47021484375,2935.47021484375,0.33884432911872864,0.06115567684173584,0.0,asphalt,True,0.8441569805145264,245.45437622070312,2.2351741790771484e-08,0.0,0.0,1.0,2935.47021484375,2935.47021484375,0.33884432911872864,0.06115567684173584,0.0,asphalt,True,-0.835857629776001,243.25439453125,-3.725290298461914e-09,0.0,0.0,1.0,2950.531005859375,2950.531005859375,0.3385308086872101,0.061469197273254395,0.0,asphalt,True,0.8441423177719116,243.25439453125,-1.4901161193847656e-08,0.0,0.0,1.0,2950.53369140625,2950.53369140625,0.3385307490825653,0.06146925687789917,0.0,asphalt,984,113.89065411180457,740.6018212259487,113.89051475428244,37.580284118652344,3.5262200981378555e-07,9.663945678798658e-05,9.383165084661176e-09,5.760430348711716,-0.00041727689663785224,0.0,0.0,-0.0,2935.4716796875,True,0.0,983,1.0350498157807702e-07,9.62534978350397e-05,8.366954438980021e-09,True,984,magic-formula,0.07438044875001006,-2.5575678278697475e-05,0.0,113.89065197938895,740.6017699555449,113.89051262186682,37.580284118652344,3.5262200981378555e-07,9.662073161944716e-05,9.383165084661176e-09,5.765377364040642,0.0027956120203067093,0.0,0.0,-0.0,2935.4716796875,True,0.0,983,1.006302842113283e-07,9.633615986610861e-05,-5.6055699103803645e-08,True,984,magic-formula,0.0743805272630265,1.5901119608021454e-05,0.0,113.95668512549767,740.443404378483,113.95654576797554,37.580284118652344,4.7506182454526424e-07,0.0006764710102144363,1.2641251541509109e-08,40.68459722099169,-0.0006940038286577238,44.72493602209896,33.2112,33.2112,2950.528076171875,True,0.0,983,7.003377065826742e-05,0.0006763824373104328,1.1532782974400371e-08,True,984,magic-formula,0.36515097026066207,0.00011795478467629527,0.27675999999999995,113.95668515029456,740.4435741114681,113.95654579277243,37.580284118652344,4.7506182454526424e-07,0.0006764712279608614,1.2641251541509109e-08,40.715117419253495,-0.028058188946405393,44.72493602209896,33.2112,33.2112,2950.528076171875,True,0.0,983,7.019795616756208e-05,0.0006768898901761724,4.6647371565470527e-07,True,984,magic-formula,0.36515096770231836,-0.00012752302992915878,0.27675999999999995
6.250000000000,750,held_throttle,0.0,0.15,0.0,1,0.004162242170423269,246.2325439453125,0.4186875820159912,-0.00038316688733175397,37.553321838378906,0.00817057490348816,2.7468544772091263e-07,asphalt,0.0,0.15,0.0,3545.9610116130884,5,-0.5392455458641052,-2.1004618702136213e-06,592.4475937883416,160.00001327302073,-0.0,6009.941479323182,5762.058520676818,5.520882950804662e-08,6.17613752530316e-07,False,-0.0,True,0,0,0.0002515437372494489,37.553321838378906,0.0817495733499527,False,True,-0.8358304500579834,247.33261108398438,7.450580596923828e-09,0.0,0.0,1.0,2935.46484375,2935.46484375,0.3388444483280182,0.06115555763244629,0.0,asphalt,True,0.844169557094574,247.3325958251953,7.450580596923828e-09,0.0,0.0,1.0,2935.46435546875,2935.46435546875,0.3388444483280182,0.06115555763244629,0.0,asphalt,True,-0.8358450531959534,245.13259887695312,1.1175870895385742e-08,0.0,0.0,1.0,2950.5361328125,2950.5361328125,0.33853068947792053,0.061469316482543945,0.0,asphalt,True,0.8441548943519592,245.13259887695312,1.1175870895385742e-08,0.0,0.0,1.0,2950.535400390625,2950.535400390625,0.33853068947792053,0.061469316482543945,0.0,asphalt,990,113.80889015308729,746.2942138208718,113.80875022559574,37.55331039428711,3.603636287152767e-07,9.648566780548369e-05,9.596054913180115e-09,5.751214218005858,-0.00046256345609724947,0.0,0.0,-0.0,2935.46484375,True,0.0,989,1.0002004070374166e-07,9.609972506586262e-05,9.275031000141786e-09,True,990,magic-formula,0.0742933859204847,-2.5953776705885813e-05,0.0,113.80888800603948,746.294162479538,113.80874807854794,37.55331039428711,3.603636287152767e-07,9.646680060662691e-05,9.596054913180115e-09,5.756156072078881,0.0027473129586855823,0.0,0.0,-0.0,2935.46435546875,True,0.0,989,1.003883811942685e-07,9.618231699120391e-05,-5.508737666840302e-08,True,990,magic-formula,0.07429335824313689,1.5503657605321597e-05,0.0,113.87489929794468,746.1390981905608,113.87475937045313,37.55331039428711,4.816101863980293e-07,0.0006765415290392934,1.2824706566249762e-08,40.688940561927204,-0.0007469491376879618,44.729391330149134,33.2112,33.2112,2950.536376953125,True,0.0,989,7.016292611158072e-05,0.0006764527480634443,1.2412956897729766e-08,True,990,magic-formula,0.3651768318003101,0.00011759774425524254,0.27675999999999995,113.87489931618678,746.1392680682359,113.87475938869524,37.55331039428711,4.816101863980293e-07,0.0006765416893419572,1.2824706566249762e-08,40.71946590474837,-0.028133937558025568,44.729391330149134,33.2112,33.2112,2950.535400390625,True,0.0,989,7.032548937898031e-05,0.0006769605091672882,4.6773189287262335e-07,True,990,magic-formula,0.3651766300750573,-0.00012807457587181453,0.27675999999999995
6.300000000000,756,held_throttle,0.0,0.15,0.0,1,0.00417481129989028,248.1094207763672,0.4186875820159912,-0.0003830096684396267,37.52638626098633,0.008171994239091873,2.8129318252467783e-07,asphalt,0.0,0.15,0.0,3543.4153102568157,5,-0.5383300185203552,-1.9858255200233543e-06,591.5978791692844,159.9999834087241,-0.0,6009.800046385832,5762.199953614168,5.489005161507521e-08,6.213934346624133e-07,False,-0.0,True,0,0,0.00025126361288130283,37.52638626098633,0.08174948394298553,False,True,-0.835817813873291,249.20950317382812,7.450580596923828e-09,0.0,0.0,1.0,2935.46728515625,2935.46728515625,0.3388444483280182,0.06115555763244629,0.0,asphalt,True,0.8441821336746216,249.20948791503906,7.450580596923828e-09,0.0,0.0,1.0,2935.46728515625,2935.46728515625,0.3388444483280182,0.06115555763244629,0.0,asphalt,True,-0.8358324766159058,247.0094757080078,1.1175870895385742e-08,0.0,0.0,1.0,2950.531982421875,2950.531982421875,0.33853068947792053,0.061469316482543945,0.0,asphalt,True,0.8441674709320068,247.0094757080078,1.1175870895385742e-08,0.0,0.0,1.0,2950.531982421875,2950.531982421875,0.33853068947792053,0.061469316482543945,0.0,asphalt,996,113.7272368988333,751.9825208752724,113.72709671243408,37.52637481689453,3.449968062341213e-07,9.628853674494326e-05,9.193448818797235e-09,5.739425861262665,-0.00043074087795900057,0.0,0.0,-0.0,2935.466552734375,True,0.0,995,1.025642685284738e-07,9.590269159258923e-05,8.636939897197615e-09,True,996,magic-formula,0.07417568880682553,-2.5664235443648478e-05,0.0,113.72723475316461,751.9824694631216,113.72709456676539,37.52637481689453,3.449968062341213e-07,9.6269668131181e-05,9.193448818797235e-09,5.7443729748825305,0.002775018082042306,0.0,0.0,-0.0,2935.466552734375,True,0.0,995,9.970342810222209e-08,9.598535540818934e-05,-5.56428602398103e-08,True,996,magic-formula,0.07417568975514906,1.5757495164451365e-05,0.0,113.79322446474733,751.8307053770089,113.7930842783481,37.52637481689453,4.655157681554556e-07,0.0006765709876312969,1.24050290076482e-08,40.690654515230285,-0.0007074872815046788,44.733841928933415,33.2112,33.2112,2950.53271484375,True,0.0,995,7.029753059968689e-05,0.0006764820831529448,1.1756909910833522e-08,True,996,magic-formula,0.3651711524693628,0.00011802316768423511,0.27675999999999995,113.79322448304727,751.8308754005668,113.79308429664805,37.52637481689453,4.655157681554556e-07,0.0006765711485576028,1.24050290076482e-08,40.72121850551517,-0.02811550758078141,44.733841928933415,33.2112,33.2112,2950.532958984375,True,0.0,995,7.046247385378742e-05,0.0006769902073330732,4.6742589144999654e-07,True,996,magic-formula,0.36517117625287376,-0.00012782464234908998,0.27675999999999995
6.350000000000,762,held_throttle,0.0,0.15,0.0,1,0.004187366459518671,249.98497009277344,0.4186875820159912,-0.000382853060727939,37.49948501586914,0.00817439891397953,3.180491887633252e-07,asphalt,0.0,0.15,0.0,3540.872728401225,5,-0.5378722548484802,-2.081159436784219e-06,590.7499760929495,160.00007631986918,-0.0,6009.649715208062,5762.350284791938,5.464653440867551e-08,6.273380847965769e-07,False,-0.0,True,0,0,0.0002509840705897659,37.49948501586914,0.08174951374530792,False,True,-0.8358052968978882,251.0850372314453,2.60770320892334e-08,0.0,0.0,1.0,2935.4619140625,2935.4619140625,0.33884450793266296,0.061155498027801514,0.0,asphalt,True,0.8441946506500244,251.08502197265625,2.60770320892334e-08,0.0,0.0,1.0,2935.4619140625,2935.4619140625,0.33884450793266296,0.061155498027801514,0.0,asphalt,True,-0.8358199596405029,248.88502502441406,-7.450580596923828e-09,0.0,0.0,1.0,2950.539306640625,2950.539306640625,0.33853062987327576,0.06146937608718872,0.0,asphalt,True,0.8441799879074097,248.88502502441406,-7.450580596923828e-09,0.0,0.0,1.0,2950.538818359375,2950.538818359375,0.33853062987327576,0.06146937608718872,0.0,asphalt,1002,113.64569455475501,757.6667483152734,113.64555457138411,37.499473571777344,3.605382516980171e-07,9.615151756492039e-05,9.61448834762746e-09,5.7312162932240724,-0.00045759338703359865,0.0,0.0,-0.0,2935.462158203125,True,0.0,1001,1.0268166697551494e-07,9.576565722575836e-05,9.175382605848219e-09,True,1002,magic-formula,0.07410055400470113,-2.5888361652219412e-05,0.0,113.64569240062117,757.6666968322078,113.64555241725027,37.499473571777344,3.605382516980171e-07,9.613256092109933e-05,9.61448834762746e-09,5.736167691316742,0.0027456983295993725,0.0,0.0,-0.0,2935.46484375,True,0.0,1001,9.897151429017827e-08,9.584830508170382e-05,-5.5054991503704394e-08,True,1002,magic-formula,0.07410059574355074,1.5520556235129717e-05,0.0,113.7116603165578,757.5182318671201,113.7115203331869,37.499473571777344,4.805333446711302e-07,0.000676658370634513,1.28144024142458e-08,40.69598668938255,-0.0007392381171127131,44.73828765176216,33.2112,33.2112,2950.539306640625,True,0.0,1001,7.04322574125276e-05,0.0006765692264802746,1.2284731144361892e-08,True,1002,magic-formula,0.36520881127134447,0.00011785060676317945,0.27675999999999995,113.71166031326152,757.518402035755,113.71152032989062,37.499473571777344,4.805333446711302e-07,0.0006766583416269092,1.28144024142458e-08,40.72655791755323,-0.028170262933145382,44.73828765176216,33.2112,33.2112,2950.539306640625,True,0.0,1001,7.059561746055454e-05,0.0006770775259394272,4.683352084152799e-07,True,1002,magic-formula,0.3652086687922462,-0.00012819595924494213,0.27675999999999995
6.400000000000,768,held_throttle,0.0,0.15,0.0,1,0.004199907649308443,251.85914611816406,0.4186875820159912,-0.00038269744254648685,37.47262191772461,0.008176379837095737,3.0780407200836635e-07,asphalt,0.0,0.15,0.0,3538.3333273086355,5,-0.5369567275047302,-2.0573031633830396e-06,589.903761883364,160.00010618416582,-0.0,6009.497268664884,5762.502731335116,5.4272049965220504e-08,6.276262398773383e-07,False,-0.0,True,0,0,0.0002507027529645711,37.47262191772461,0.08174955099821091,False,True,-0.8357927203178406,252.959228515625,3.725290298461914e-08,0.0,0.0,1.0,2935.46337890625,2935.46337890625,0.33884450793266296,0.061155498027801514,0.0,asphalt,True,0.8442072868347168,252.95921325683594,3.725290298461914e-08,0.0,0.0,1.0,2935.46337890625,2935.46337890625,0.33884450793266296,0.061155498027801514,0.0,asphalt,True,-0.8358073830604553,250.75921630859375,-2.2351741790771484e-08,0.0,0.0,1.0,2950.53955078125,2950.53955078125,0.338530570268631,0.061469435691833496,0.0,asphalt,True,0.8441925644874573,250.75921630859375,-2.2351741790771484e-08,0.0,0.0,1.0,2950.539306640625,2950.539306640625,0.338530570268631,0.061469435691833496,0.0,asphalt,1008,113.5642614920373,763.3469014344371,113.56412185604972,37.47261047363281,3.6245910450816154e-07,9.595858665967164e-05,9.672640894959851e-09,5.719675567780459,-0.00045240607111439983,0.0,0.0,-0.0,2935.462158203125,True,0.0,1007,1.011645852988106e-07,9.557281727785151e-05,9.071369687212538e-09,True,1008,magic-formula,0.07398567428757141,-2.5827012028053204e-05,0.0,113.56425934537508,763.3468498804566,113.5641197093875,37.47261047363281,3.6245910450816154e-07,9.593968222461914e-05,9.672640894959851e-09,5.72462920043484,0.0027467449040747636,0.0,0.0,-0.0,2935.462158203125,True,0.0,1007,9.829026823997105e-08,9.565559014548392e-05,-5.507602684921954e-08,True,1008,magic-formula,0.07398567413856127,1.554739848922233e-05,0.0,113.63020553573844,763.2016829480465,113.63006589975086,37.47261047363281,4.816101863980293e-07,0.0006766903303606342,1.2852325480150601e-08,40.69793476687158,-0.0007317445163390649,44.74272827265605,33.2112,33.2112,2950.541748046875,True,0.0,1007,7.057035422854836e-05,0.0006766010545937741,1.2160131658935348e-08,True,1008,magic-formula,0.3652059851467235,0.00011800300458287235,0.27675999999999995,113.63020553065877,763.201853261724,113.63006589467119,37.47261047363281,4.816101863980293e-07,0.000676690285626865,1.2852325480150601e-08,40.72852693347824,-0.02818420468714877,44.74272827265605,33.2112,33.2112,2950.541748046875,True,0.0,1007,7.07108500107535e-05,0.0006771097021596475,4.6856661264779916e-07,True,1008,magic-formula,0.36520584323005634,-0.00012822163672439053,0.27675999999999995
6.450000000000,774,held_throttle,0.0,0.15,0.0,1,0.0042124344035983086,253.73199462890625,0.4186875820159912,-0.00038254287210293114,37.4457893371582,0.00817799847573042,3.2374168768001255e-07,asphalt,0.0,0.15,0.0,3535.7971450825376,5,-0.5364989638328552,-1.991959152292111e-06,589.0592342157444,160.00004313731736,-0.0,6009.343583835305,5762.656416164695,5.398032953962684e-08,6.274746648436053e-07,False,-0.0,True,0,0,0.0002504225412849337,37.4457893371582,0.08174958825111389,False,True,-0.8357802033424377,254.83206176757812,-3.725290298461914e-09,0.0,0.0,1.0,2935.460205078125,2935.460205078125,0.33884456753730774,0.06115543842315674,0.0,asphalt,True,0.8442197442054749,254.83204650878906,-3.725290298461914e-09,0.0,0.0,1.0,2935.46044921875,2935.46044921875,0.33884456753730774,0.06115543842315674,0.0,asphalt,True,-0.8357948660850525,252.63206481933594,-2.2351741790771484e-08,0.0,0.0,1.0,2950.538330078125,2950.538330078125,0.338530570268631,0.061469435691833496,0.0,asphalt,True,0.8442050814628601,252.63206481933594,-2.2351741790771484e-08,0.0,0.0,1.0,2950.53857421875,2950.53857421875,0.338530570268631,0.061469435691833496,0.0,asphalt,1014,113.48292740748005,769.0229854474637,113.48278730396854,37.445777893066406,3.503228072077036e-07,9.58225894588156e-05,9.355468811680651e-09,5.711538005541478,-0.0004349974986148987,0.0,0.0,-0.0,2935.46337890625,True,0.0,1013,1.0073051684484091e-07,9.54368028470603e-05,8.722300124097199e-09,True,1014,magic-formula,0.07391136692806637,-2.5673505318992714e-05,0.0,113.4829252595608,769.0229338226343,113.48278515604929,37.445777893066406,3.503228072077036e-07,9.58036603994454e-05,9.355468811680651e-09,5.716495020289315,0.0027619544933757886,0.0,0.0,-0.0,2935.463623046875,True,0.0,1013,1.0110156611596554e-07,9.551962419407837e-05,-5.538097225138737e-08,True,1014,magic-formula,0.0739113702553544,1.5689098962002474e-05,0.0,113.54884982263268,768.8810638374642,113.54870971912116,37.445777893066406,4.6886270865797997e-07,0.0006767798621983079,1.252111012346725e-08,40.70325476848171,-0.0007098125370012081,44.74716362516697,33.2112,33.2112,2950.5380859375,True,0.0,1013,7.068022199858878e-05,0.0006766903473459309,1.179551833347104e-08,True,1014,magic-formula,0.3652434099699414,0.00011828979585332526,0.27675999999999995,113.54884983764227,768.881234296701,113.54870973413075,37.445777893066406,4.6886270865797997e-07,0.0006767799944739681,1.252111012346725e-08,40.733879414647774,-0.028185014823932215,44.74716362516697,33.2112,33.2112,2950.5380859375,True,0.0,1013,7.084438022148059e-05,0.0006771995352037259,4.685806787976764e-07,True,1014,magic-formula,0.36524340688853946,-0.0001281326723247396,0.27675999999999995
6.500000000000,780,held_throttle,0.0,0.15,0.0,1,0.004224947653710842,255.603515625,0.4186875820159912,-0.00038238856359384954,37.41899490356445,0.008179180324077606,4.3415417394498945e-07,asphalt,0.0,0.15,0.0,3533.264174628643,5,-0.5355834364891052,-1.9331578187120613e-06,588.216390768277,159.99995686268264,-0.0,6009.188734295602,5762.811265704398,5.3945768740959466e-08,6.315000738566783e-07,False,-0.0,True,0,0,0.00025014582206495106,37.41899490356445,0.0817495733499527,False,True,-0.8357676863670349,256.7035827636719,-3.725290298461914e-09,0.0,0.0,1.0,2935.460693359375,2935.460693359375,0.33884456753730774,0.06115543842315674,0.0,asphalt,True,0.8442322611808777,256.70355224609375,-3.725290298461914e-09,0.0,0.0,1.0,2935.46142578125,2935.46142578125,0.33884456753730774,0.06115543842315674,0.0,asphalt,True,-0.8357824087142944,254.50357055664062,-2.2351741790771484e-08,0.0,0.0,1.0,2950.537109375,2950.537109375,0.338530570268631,0.061469435691833496,0.0,asphalt,True,0.8442175984382629,254.50357055664062,-2.2351741790771484e-08,0.0,0.0,1.0,2950.53759765625,2950.53759765625,0.338530570268631,0.061469435691833496,0.0,asphalt,1020,113.40170251255076,774.6950055480293,113.40156163324754,37.418983459472656,3.3769174478948116e-07,9.562979371068091e-05,9.024610333287772e-09,5.699999717503688,-0.0004208090453186718,0.0,0.0,-0.0,2935.46044921875,True,0.0,1019,1.0033722043030747e-07,9.524409874968074e-05,8.43781053431495e-09,True,1020,magic-formula,0.0737963710037745,-2.5534423567103602e-05,0.0,113.40170036373159,774.6949538523098,113.40155948442838,37.418983459472656,3.3769174478948116e-07,9.561084316048745e-05,9.024610333287772e-09,5.704959806605812,0.002771944547619327,0.0,0.0,-0.0,2935.460693359375,True,0.0,1019,9.747068222106043e-08,9.53269716193959e-05,-5.558134170027192e-08,True,1020,magic-formula,0.07379637166422995,1.5792933189430495e-05,0.0,113.4676032643875,774.5563797334217,113.46746238508429,37.418983459472656,4.5614433474838734e-07,0.0006768120198308663,1.219018510330253e-08,40.70517433499182,-0.0006927008052944331,44.75159359476277,33.2112,33.2112,2950.53759765625,True,0.0,1019,7.077196662957897e-05,0.000676722374111702,1.1511029511348621e-08,True,1020,magic-formula,0.3652402145110261,0.00011852402260060057,0.27675999999999995,113.4676032662566,774.5565503380492,113.46746238695339,37.418983459472656,4.5614433474838734e-07,0.0006768120363145004,1.219018510330253e-08,40.735820627009346,-0.028188810785543608,44.75159359476277,33.2112,33.2112,2950.5380859375,True,0.0,1019,7.093650272345176e-05,0.000677231809870601,4.6864379710439665e-07,True,1020,magic-formula,0.3652402257540942,-0.00012807264524720006,0.27675999999999995
6.550000000000,786,held_throttle,0.0,0.15,0.0,1,0.0042374469339847565,257.47369384765625,0.4186875820159912,-0.0003822434809990227,37.39223098754883,0.008175053633749485,5.988675866319682e-07,asphalt,0.0,0.15,0.0,3530.7344195676546,5,-0.5351256728172302,-1.965507408385747e-06,587.3752292221191,160.0000199095311,-0.0,6009.033327643773,5762.966672356227,5.043830242357217e-08,6.312131268751205e-07,False,-0.0,True,0,0,0.00024987090728245676,37.39223098754883,0.08174961805343628,False,True,-0.8357551693916321,258.5737609863281,-3.725290298461914e-09,0.0,0.0,1.0,2935.474609375,2935.474609375,0.33884456753730774,0.06115543842315674,0.0,asphalt,True,0.8442447781562805,258.57373046875,2.60770320892334e-08,0.0,0.0,1.0,2935.47802734375,2935.47802734375,0.33884450793266296,0.061155498027801514,0.0,asphalt,True,-0.8357698321342468,256.37371826171875,-7.450580596923828e-09,0.0,0.0,1.0,2950.525146484375,2950.525146484375,0.33853062987327576,0.06146937608718872,0.0,asphalt,True,0.8442301154136658,256.37371826171875,-7.450580596923828e-09,0.0,0.0,1.0,2950.525146484375,2950.525146484375,0.33853062987327576,0.06146937608718872,0.0,asphalt,1026,113.32057458657675,780.3629668111068,113.32043081831091,37.39221954345703,3.6178971640765667e-07,9.547628241615916e-05,9.675534665364987e-09,5.696932639354104,-0.0004338011648666049,0.0,0.0,-0.0,2935.47314453125,True,0.0,1025,1.0026138345316943e-07,9.519243763127769e-05,8.698282959792696e-09,True,1026,magic-formula,0.07372229269383587,-2.562713699629343e-05,0.0,113.32057438920245,780.3629150964119,113.3204306209366,37.39221954345703,3.6178971640765667e-07,9.547454051581983e-05,9.675534665364987e-09,5.696831096316578,0.002759513517181644,0.0,0.0,-0.0,2935.4736328125,True,0.0,1025,9.702241808282323e-08,9.519072512260769e-05,-5.533183817706131e-08,True,1026,magic-formula,0.07372216466139843,1.5690192622403102e-05,0.0,113.38645592862721,780.2276357679486,113.38631216036137,37.39221954345703,4.725297912955284e-07,0.0006769031980178432,1.2637115342841761e-08,40.710482199313745,-0.0006995482567003086,44.7560181046838,33.2112,33.2112,2950.52587890625,True,0.0,1025,7.09286034560546e-05,0.0006768133128519981,1.162490479504254e-08,True,1026,magic-formula,0.3652774338581014,0.00011857817110261336,0.27675999999999995,113.38645589358637,780.2278065175853,113.38631212532053,37.39221954345703,4.725297912955284e-07,0.000676902888769577,1.2637115342841761e-08,40.74116437886127,-0.028219221743496958,44.7560181046838,33.2112,33.2112,2950.52880859375,True,0.0,1025,7.109363420242925e-05,0.0006773227868208775,4.6915087041913246e-07,True,1026,magic-formula,0.36527765185563704,-0.00012822270923538168,0.27675999999999995
6.600000000000,792,held_throttle,0.0,0.15,0.0,1,0.004249932244420052,259.3424987792969,0.4186875820159912,-0.00038209997001104057,37.36550521850586,0.008166411891579628,5.114931127536693e-07,asphalt,0.0,0.15,0.0,3528.2078803482973,5,-0.5342101454734802,-2.133606585630332e-06,586.5357472613978,160.00013936671763,-0.0,6008.877244364517,5763.122755635483,5.014726411900483e-08,6.181177299545256e-07,False,-0.0,True,0,0,0.00024958860012702644,37.36550521850586,0.08174994587898254,False,True,-0.835742712020874,260.44256591796875,2.2351741790771484e-08,0.0,0.0,1.0,2935.49072265625,2935.49072265625,0.33884432911872864,0.06115567684173584,0.0,asphalt,True,0.8442572355270386,260.4425354003906,2.2351741790771484e-08,0.0,0.0,1.0,2935.490234375,2935.490234375,0.33884432911872864,0.06115567684173584,0.0,asphalt,True,-0.8357573747634888,258.2425537109375,-3.725290298461914e-09,0.0,0.0,1.0,2950.512939453125,2950.512939453125,0.3385308086872101,0.061469197273254395,0.0,asphalt,True,0.8442425727844238,258.2425537109375,-3.725290298461914e-09,0.0,0.0,1.0,2950.5126953125,2950.5126953125,0.3385308086872101,0.061469197273254395,0.0,asphalt,1032,113.23955654338843,786.0268744150115,113.23941280958152,37.36549377441406,3.6886194720864296e-07,9.527198879299593e-05,9.871726824635738e-09,5.684747370660297,-0.0004783293462868541,0.0,0.0,-0.0,2935.488525390625,True,0.0,1031,9.953030564529437e-08,9.498833072560935e-05,9.591080700972935e-09,True,1032,magic-formula,0.07360731015333416,-2.598599780057392e-05,0.0,113.239556468791,786.0268226999524,113.23941273498409,37.36549377441406,3.6886194720864296e-07,9.527132997255768e-05,9.871726824635738e-09,5.684713764875774,0.0027103810029476113,0.0,0.0,-0.0,2935.49072265625,True,0.0,1031,9.954330435283316e-08,9.498769809383932e-05,-5.434635069330238e-08,True,1032,magic-formula,0.0736073087098405,1.5293158197680894e-05,0.0,113.30541782108543,785.8948371595177,113.30527408727852,37.36549377441406,4.789908416569233e-07,0.000676937569642145,1.2819068966376438e-08,40.71240010367654,-0.0007523299186899976,44.760437106344824,33.2112,33.2112,2950.515625,True,0.0,1031,7.102058996980453e-05,0.0006768475526024859,1.2502437953322195e-08,True,1032,magic-formula,0.36527412085614597,0.00011821220071563938,0.27675999999999995,113.30541781369544,785.8950080534933,113.30527407988853,37.36549377441406,4.789908416569233e-07,0.000676937504376144,1.2819068966376438e-08,40.74307505639536,-0.02829307095034228,44.760437106344824,33.2112,33.2112,2950.515380859375,True,0.0,1031,7.118586917060734e-05,0.0006773576368557645,4.703807679366899e-07,True,1032,magic-formula,0.36527397013899243,-0.00012876194072377597,0.27675999999999995
6.650000000000,798,held_throttle,0.0,0.15,0.0,1,0.0042624035850167274,261.2099914550781,0.4186875820159912,-0.0003819553239736706,37.338809967041016,0.008158586919307709,5.122314519212523e-07,asphalt,0.0,0.15,0.0,3525.684601508773,5,-0.5337523818016052,-1.9284593690827023e-06,585.6979425732108,160.0001260936969,-0.0,6008.720953699669,5763.279046300331,5.061383490101434e-08,6.090229345693184e-07,False,-0.0,True,0,0,0.0002493118809070438,37.338809967041016,0.08175013214349747,False,True,-0.835730254650116,262.31005859375,-1.4901161193847656e-08,0.0,0.0,1.0,2935.492919921875,2935.492919921875,0.3388442099094391,0.06115579605102539,0.0,asphalt,True,0.8442696928977966,262.3100280761719,-1.4901161193847656e-08,0.0,0.0,1.0,2935.4931640625,2935.4931640625,0.3388442099094391,0.06115579605102539,0.0,asphalt,True,-0.8357449173927307,260.11004638671875,3.3527612686157227e-08,0.0,0.0,1.0,2950.51025390625,2950.51025390625,0.33853086829185486,0.06146913766860962,0.0,asphalt,True,0.8442550301551819,260.11004638671875,3.3527612686157227e-08,0.0,0.0,1.0,2950.510498046875,2950.510498046875,0.33853086829185486,0.06146913766860962,0.0,asphalt,1038,113.1586388873521,791.6867337456248,113.15849556891506,37.33879852294922,3.3585820347070694e-07,9.513723037418156e-05,8.99488512637281e-09,5.676697554696705,-0.0004249094043416155,0.0,0.0,-0.0,2935.49462890625,True,0.0,1037,9.58716720153532e-08,9.48536262258726e-05,8.519929077366795e-09,True,1038,magic-formula,0.07353388238569798,-2.552254900508564e-05,0.0,113.15863867961775,791.6866820212184,113.15849536118071,37.33879852294922,3.3585820347070694e-07,9.513539441977159e-05,8.99488512637281e-09,5.676589463417513,0.0027616330834878454,0.0,0.0,-0.0,2935.49462890625,True,0.0,1037,9.910592182904287e-08,9.48518200386288e-05,-5.537394167770437e-08,True,1038,magic-formula,0.0735329674859606,1.5744656157547784e-05,0.0,113.2244785197057,791.5579892094944,113.22433520126866,37.33879852294922,4.4700573198497295e-07,0.0006770273697512267,1.1971615308142112e-08,40.71770924082166,-0.0006896710104968272,44.76485054746433,33.2112,33.2112,2950.510009765625,True,0.0,1037,7.115229288753482e-05,0.0006769371136110796,1.146073857646087e-08,True,1038,magic-formula,0.36531144939139254,0.00011884858756848364,0.27675999999999995,113.2244785277461,791.5581602490779,113.22433520930906,37.33879852294922,4.4700573198497295e-07,0.0006770274408121634,1.1971615308142112e-08,40.748417510062254,-0.028253405803433905,44.76485054746433,33.2112,33.2112,2950.510009765625,True,0.0,1037,7.131800509166657e-05,0.0006774476967491427,4.6972220151503626e-07,True,1038,magic-formula,0.3653114505424597,-0.00012832683812950013,0.27675999999999995
6.700000000000,804,held_throttle,0.0,0.15,0.0,1,0.004274860955774784,263.076171875,0.4186875820159912,-0.0003818096301984042,37.312156677246094,0.008151855319738388,3.9029038134685834e-07,asphalt,0.0,0.15,0.0,3523.164595244459,5,-0.5328368544578552,-2.0162437976978254e-06,584.8619324228971,159.99998672697927,-0.0,6008.558876052833,5763.441123947167,5.077549758425448e-08,5.99683750887067e-07,False,-0.0,True,0,0,0.0002490321348886937,37.312156677246094,0.0817500576376915,False,True,-0.8357177972793579,264.1762390136719,0.0,0.0,0.0,1.0,2935.494873046875,2935.494873046875,0.33884409070014954,0.06115591526031494,0.0,asphalt,True,0.8442821502685547,264.17620849609375,0.0,0.0,0.0,1.0,2935.49462890625,2935.49462890625,0.33884409070014954,0.06115591526031494,0.0,asphalt,True,-0.8357324600219727,261.9762268066406,1.862645149230957e-08,0.0,0.0,1.0,2950.50439453125,2950.50439453125,0.3385310471057892,0.06146895885467529,0.0,asphalt,True,0.8442674875259399,261.9762268066406,1.862645149230957e-08,0.0,0.0,1.0,2950.50390625,2950.50390625,0.3385310471057892,0.06146895885467529,0.0,asphalt,1044,113.07784170985914,797.3425502268819,113.07769919515349,37.3121452331543,3.440945874899626e-07,9.49431097323562e-05,9.222053177050026e-09,5.665093933251529,-0.0004461837505999156,0.0,0.0,-0.0,2935.49658203125,True,0.0,1043,9.842735476274283e-08,9.465967442303192e-05,8.946498294198216e-09,True,1044,magic-formula,0.07341017991804437,-2.5689499808188575e-05,0.0,113.07784141421214,797.3424984925706,113.07769889950649,37.3121452331543,3.440945874899626e-07,9.494049494012474e-05,9.222053177050026e-09,5.664937875820132,0.0027361523358513913,0.0,0.0,-0.0,2935.495849609375,True,0.0,1043,9.842306436725026e-08,9.465709042673457e-05,-5.486300011778927e-08,True,1044,magic-formula,0.0734093904911255,1.5541271097954014e-05,0.0,113.14365889117084,797.2170972973638,113.14351637646519,37.3121452331543,4.555913619697094e-07,0.0006770503484649808,1.2210269849745505e-08,40.71899370861206,-0.0007160515369746028,44.76925838881446,33.2112,33.2112,2950.50341796875,True,0.0,1043,7.128579041069343e-05,0.0006769599807898702,1.1899337067309772e-08,True,1044,magic-formula,0.3653005969491879,0.00011870578218786085,0.27675999999999995,113.14365889079679,797.2172684808628,113.14351637609113,37.3121452331543,4.555913619697094e-07,0.0006770503451567957,1.2210269849745505e-08,40.74971602072004,-0.02830040434499808,44.76925838881446,33.2112,33.2112,2950.503173828125,True,0.0,1043,7.145382217562926e-05,0.0006774708545906483,4.705046589075102e-07,True,1044,magic-formula,0.36530051445685385,-0.00012863817758397748,0.27675999999999995
6.750000000000,810,held_throttle,0.0,0.15,0.0,1,0.004287304822355509,264.94097900390625,0.4186875820159912,-0.00038166448939591646,37.28553771972656,0.008149031549692154,4.1971671294049884e-07,asphalt,0.0,0.15,0.0,3520.6480199997377,5,-0.5319213271141052,-1.849069349191268e-06,584.0275947575701,159.99996681744818,-0.0,6008.398853996521,5763.601146003479,5.0901007853099145e-08,5.961620214165943e-07,False,-0.0,True,0,0,0.00024875914095900953,37.28553771972656,0.08174992352724075,False,True,-0.8357053399085999,266.0410461425781,-1.862645149230957e-08,0.0,0.0,1.0,2935.489013671875,2935.489013671875,0.33884403109550476,0.06115597486495972,0.0,asphalt,True,0.8442946076393127,266.041015625,-3.3527612686157227e-08,0.0,0.0,1.0,2935.48974609375,2935.48974609375,0.33884403109550476,0.06115597486495972,0.0,asphalt,True,-0.8357200026512146,263.8410339355469,3.725290298461914e-08,0.0,0.0,1.0,2950.5087890625,2950.5087890625,0.3385310471057892,0.06146895885467529,0.0,asphalt,True,0.844279944896698,263.8410339355469,3.725290298461914e-08,0.0,0.0,1.0,2950.50927734375,2950.50927734375,0.3385310471057892,0.06146895885467529,0.0,asphalt,1050,112.99715087920673,802.9943297054285,112.99700977079816,37.285526275634766,3.2249954529106617e-07,9.476906608043431e-05,8.649456706255805e-09,5.654674033158632,-0.00040166306440223953,0.0,0.0,-0.0,2935.490478515625,True,0.0,1049,9.460475983077872e-08,9.448576147738061e-05,8.053824315297101e-09,True,1050,magic-formula,0.07330818242061594,-2.5296761915951307e-05,0.0,112.99715070233385,802.9942779711736,112.99700959392528,37.285526275634766,3.2249954529106617e-07,9.476750064586611e-05,8.649456706255805e-09,5.654582129435041,0.002777142314396898,0.0,0.0,-0.0,2935.490478515625,True,0.0,1049,9.784126374061609e-08,9.448422577123038e-05,-5.568499788880803e-08,True,1050,magic-formula,0.07330816873240095,1.590609864201551e-05,0.0,113.0629461323634,802.8721672777024,113.06280502395482,37.285526275634766,4.342582542449236e-07,0.0006770978062243713,1.164683183052458e-08,40.72190568087601,-0.0006628558420905229,44.77366052722421,33.2112,33.2112,2950.50830078125,True,0.0,1049,7.140887831009363e-05,0.0006770072756525592,1.1014921824437985e-08,True,1050,magic-formula,0.36530935317904234,0.00011925438024125077,0.27675999999999995,113.06294613623034,802.8723386069257,113.06280502782177,37.285526275634766,4.342582542449236e-07,0.0006770978404492368,1.164683183052458e-08,40.75265549950058,-0.028268795833554478,44.77366052722421,33.2112,33.2112,2950.50830078125,True,0.0,1049,7.157533242529811e-05,0.0006775185499328913,4.6997835695540414e-07,True,1050,magic-formula,0.36530935189043384,-0.00012827267351513689,0.27675999999999995
6.800000000000,816,held_throttle,0.0,0.15,0.0,1,0.004299735184758902,266.8044738769531,0.4186875820159912,-0.0003815087547991425,37.25895309448242,0.008149790577590466,5.928077939643117e-07,asphalt,0.0,0.15,0.0,3518.134818767101,5,-0.5314635634422302,-1.8186385659646476e-06,583.1950466783205,159.99999336348964,-0.0,6008.234607166014,5763.765392833986,5.50498953089118e-08,6.089952221723074e-07,False,-0.0,True,0,0,0.00024849059991538525,37.25895309448242,0.0817498043179512,False,True,-0.8356928825378418,267.904541015625,-1.862645149230957e-08,0.0,0.0,1.0,2935.485107421875,2935.485107421875,0.33884403109550476,0.06115597486495972,0.0,asphalt,True,0.8443070650100708,267.9045104980469,-1.862645149230957e-08,0.0,0.0,1.0,2935.4853515625,2935.4853515625,0.33884403109550476,0.06115597486495972,0.0,asphalt,True,-0.8357075452804565,265.70452880859375,3.725290298461914e-08,0.0,0.0,1.0,2950.5146484375,2950.5146484375,0.3385310471057892,0.06146895885467529,0.0,asphalt,True,0.844292402267456,265.70452880859375,3.725290298461914e-08,0.0,0.0,1.0,2950.515380859375,2950.515380859375,0.3385310471057892,0.06146895885467529,0.0,asphalt,1056,112.91656843331637,808.6420775162637,112.91642828789534,37.258941650390625,3.105960786342621e-07,9.463319266724002e-05,8.3361487169619e-09,5.640420409647357,-0.0003885442563005993,0.0,0.0,-0.0,2935.485595703125,True,0.0,1055,9.696758193602067e-08,9.424774933066542e-05,7.790789534106841e-09,True,1056,magic-formula,0.07322093678312169,-2.5189354600084124e-05,0.0,112.91656630079702,808.6420257312188,112.91642615537599,37.258941650390625,3.105960786342621e-07,9.46143050833029e-05,8.3361487169619e-09,5.645410446910824,0.002784498065574148,0.0,0.0,-0.0,2935.48583984375,True,0.0,1055,9.410821354904173e-08,9.433112198287666e-05,-5.5832577418981474e-08,True,1056,magic-formula,0.07322105773525217,1.5991846617637615e-05,0.0,112.98233984638631,808.5232044443775,112.98219970096528,37.258941650390625,4.3146428652107716e-07,0.0006771662800732724,1.1580154116281874e-08,40.726085899236836,-0.000658488763306599,44.77805688586407,33.2112,33.2112,2950.513671875,True,0.0,1055,7.153494901394354e-05,0.0006770755453310424,1.094228924328272e-08,True,1056,magic-formula,0.3653333139800895,0.00011937881100367392,0.27675999999999995,112.9823398321661,808.5233759188752,112.98219968674508,37.258941650390625,4.3146428652107716e-07,0.0006771661541257089,1.1580154116281874e-08,40.75685816421423,-0.02828698320819983,44.77805688586407,33.2112,33.2112,2950.514404296875,True,0.0,1055,7.17018511507723e-05,0.0006775870236853857,4.7027976626898526e-07,True,1056,magic-formula,0.3653333384052645,-0.00012834155119853118,0.27675999999999995
6.850000000000,822,held_throttle,0.0,0.15,0.0,1,0.004312151577323675,268.6666564941406,0.4186875820159912,-0.00038135150680318475,37.23240280151367,0.00815252959728241,7.110994033610041e-07,asphalt,0.0,0.15,0.0,3515.6249235314294,5,-0.5305480360984802,-1.910010041683563e-06,582.3640469898528,159.99998672697927,-0.0,6008.077323530517,5763.922676469483,5.488664456265724e-08,6.20376361344218e-07,False,-0.0,True,0,0,0.0002482180716469884,37.23240280151367,0.08174969255924225,False,True,-0.8356804847717285,269.7667236328125,0.0,0.0,0.0,1.0,2935.483154296875,2935.483154296875,0.33884409070014954,0.06115591526031494,0.0,asphalt,True,0.8443194627761841,269.7666931152344,0.0,0.0,0.0,1.0,2935.483154296875,2935.483154296875,0.33884409070014954,0.06115591526031494,0.0,asphalt,True,-0.8356951475143433,267.56671142578125,1.862645149230957e-08,0.0,0.0,1.0,2950.5146484375,2950.5146484375,0.3385310471057892,0.06146895885467529,0.0,asphalt,True,0.8443048000335693,267.56671142578125,1.862645149230957e-08,0.0,0.0,1.0,2950.514892578125,2950.514892578125,0.3385310471057892,0.06146895885467529,0.0,asphalt,1062,112.83608576342378,814.2857987555855,112.83594547457908,37.232391357421875,3.234599716961384e-07,9.445926999987396e-05,8.687595932020631e-09,5.630005908782087,-0.00040995999673800783,0.0,0.0,-0.0,2935.480712890625,True,0.0,1061,9.638085284384965e-08,9.40738859261909e-05,8.220214821627644e-09,True,1062,magic-formula,0.07311895008314148,-2.535924439407194e-05,0.0,112.83608361092016,814.2857468995802,112.83594332207545,37.232391357421875,3.234599716961384e-07,9.444019182184513e-05,8.687595932020631e-09,5.634988875720807,0.002759423987868292,0.0,0.0,-0.0,2935.48095703125,True,0.0,1061,9.351561306455836e-08,9.415714058970067e-05,-5.5329903441222955e-08,True,1062,magic-formula,0.07311894700111508,1.5793792356592044e-05,0.0,112.90183526982837,814.1702139249178,112.90169498098366,37.232391357421875,4.4397893361747265e-07,0.0006772135955339569,1.1924534455909189e-08,40.7289892790303,-0.0006838905420590238,44.78244745392328,33.2112,33.2112,2950.5185546875,True,0.0,1061,7.165829232157729e-05,0.000677122696970095,1.1364569230947066e-08,True,1062,magic-formula,0.36534198636706183,0.00011925449618319842,0.27675999999999995,112.90183526331376,814.1703855443644,112.90169497446905,37.232391357421875,4.4397893361747265e-07,0.0006772135377934245,1.1924534455909189e-08,40.759780908286636,-0.02833496259431197,44.78244745392328,33.2112,33.2112,2950.518798828125,True,0.0,1061,7.182549134030773e-05,0.0006776346085957807,4.7107674011198976e-07,True,1062,magic-formula,0.3653419868024219,-0.00012865545234719655,0.27675999999999995
6.900000000000,828,held_throttle,0.0,0.15,0.0,1,0.004324554465711117,270.52752685546875,0.4186875820159912,-0.0003811946080531925,37.20588684082031,0.008155475370585918,8.581047836742073e-07,asphalt,0.0,0.15,0.0,3513.118307873782,5,-0.5300902724266052,-2.0926240722474176e-06,581.5348321190813,160.00000663651036,-0.0,6007.915038864265,5764.084961135735,5.48391234644896e-08,6.314235180914407e-07,False,-0.0,True,0,0,0.0002479453105479479,37.20588684082031,0.08174967020750046,False,True,-0.8356680870056152,271.6275939941406,-2.60770320892334e-08,0.0,0.0,1.0,2935.478271484375,2935.478271484375,0.3388441503047943,0.061155855655670166,0.0,asphalt,True,0.8443318605422974,271.6275634765625,0.0,0.0,0.0,1.0,2935.480712890625,2935.480712890625,0.33884409070014954,0.06115591526031494,0.0,asphalt,True,-0.83568274974823,269.4275817871094,3.725290298461914e-09,0.0,0.0,1.0,2950.522705078125,2950.522705078125,0.3385309875011444,0.06146901845932007,0.0,asphalt,True,0.8443171977996826,269.4275817871094,3.725290298461914e-09,0.0,0.0,1.0,2950.522216796875,2950.522216796875,0.3385309875011444,0.06146901845932007,0.0,asphalt,1068,112.75570950293985,819.9254986231512,112.75556987160888,37.205875396728516,3.7436257116496563e-07,9.430605258510211e-05,1.0061920790012726e-08,5.620832911833929,-0.00046098237421806097,0.0,0.0,-0.0,2935.478271484375,True,0.0,1067,9.265527611671741e-08,9.392068871915486e-05,9.243284963404288e-09,True,1068,magic-formula,0.07303178662566855,-2.5786146044469714e-05,0.0,112.75570734208297,819.9254466961694,112.755567710752,37.205875396728516,3.7436257116496563e-07,9.428688672051441e-05,1.0061920790012726e-08,5.625820531083418,0.0027054037502094288,0.0,0.0,-0.0,2935.4814453125,True,0.0,1067,9.623519926229775e-08,9.400392727484614e-05,-5.424672092386737e-08,True,1068,magic-formula,0.07303183118159418,1.5347234399949236e-05,0.0,112.82143727047588,819.8132009458811,112.82129763914492,37.205875396728516,4.94765117764473e-07,0.0006772828823359835,1.3298037272037343e-08,40.73314761356833,-0.0007454297559940365,44.78683225297982,33.2112,33.2112,2950.518798828125,True,0.0,1067,7.178652941049067e-05,0.0006771917791546269,1.2387654560540527e-08,True,1068,magic-formula,0.3653656574369064,0.0001188212854369974,0.27675999999999995,112.82143719380666,819.8133727097143,112.82129756247569,37.205875396728516,4.94765117764473e-07,0.0006772822023130262,1.3298037272037343e-08,40.76396429115738,-0.028418470310376212,44.78683225297982,33.2112,33.2112,2950.52197265625,True,0.0,1067,7.195620281502908e-05,0.0006777034341927803,4.7246457001225603e-07,True,1068,magic-formula,0.36536573827464536,-0.00012927454686901532,0.27675999999999995
6.950000000000,834,held_throttle,0.0,0.15,0.0,1,0.004336943384259939,272.38702392578125,0.4186875820159912,-0.000381039542844519,37.179405212402344,0.008158979006111622,5.753750542680791e-07,asphalt,0.0,0.15,0.0,3510.6149474454223,5,-0.5291747450828552,-2.1595189991785446e-06,580.7071612170304,160.00007631986918,-0.0,6007.759161180893,5764.240838819107,5.3734765970148146e-08,6.173058236453577e-07,False,-0.0,True,0,0,0.00024765776470303535,37.179405212402344,0.08174970746040344,False,True,-0.835655689239502,273.4870910644531,-1.4901161193847656e-08,0.0,0.0,1.0,2935.4755859375,2935.4755859375,0.3388442099094391,0.06115579605102539,0.0,asphalt,True,0.8443442583084106,273.487060546875,-1.4901161193847656e-08,0.0,0.0,1.0,2935.475341796875,2935.475341796875,0.3388442099094391,0.06115579605102539,0.0,asphalt,True,-0.8356703519821167,271.2870788574219,3.3527612686157227e-08,0.0,0.0,1.0,2950.527587890625,2950.527587890625,0.33853086829185486,0.06146913766860962,0.0,asphalt,True,0.8443295955657959,271.2870788574219,3.3527612686157227e-08,0.0,0.0,1.0,2950.52685546875,2950.52685546875,0.33853086829185486,0.06146913766860962,0.0,asphalt,1074,112.67543497026321,825.5611822825427,112.6752951182088,37.17939376831055,3.679597284644842e-07,9.413203179489887e-05,9.89687273432927e-09,5.61041731507269,-0.00047593632317645244,0.0,0.0,-0.0,2935.475830078125,True,0.0,1073,9.527991876960875e-08,9.374672800675278e-05,9.54313846533766e-09,True,1074,magic-formula,0.07292970528860557,-2.5900824040536598e-05,0.0,112.67543282080838,825.561130284368,112.67529296875396,37.17939376831055,3.679597284644842e-07,9.411295348245827e-05,9.89687273432927e-09,5.615407483293099,0.0026867796114678514,0.0,0.0,-0.0,2935.475341796875,True,0.0,1073,9.24400859798095e-08,9.383012657438497e-05,-5.387339549946444e-08,True,1074,magic-formula,0.07292970142404612,1.5204138479195168e-05,0.0,112.74114077052315,825.452170663282,112.74100091846873,37.17939376831055,4.859466571360826e-07,0.0006773291172799482,1.3070322237213937e-08,40.736043305739315,-0.0007597781650266365,44.7912113066482,33.2112,33.2112,2950.52783203125,True,0.0,1073,7.188473497948846e-05,0.0006772378503690096,1.2626150754601425e-08,True,1074,magic-formula,0.3653743004707245,0.00011878822357760668,0.27675999999999995,112.74114077417094,825.4523425705704,112.74100092211653,37.17939376831055,4.859466571360826e-07,0.0006773291496573744,1.3070322237213937e-08,40.76686418355649,-0.028454559058733456,44.7912113066482,33.2112,33.2112,2950.526611328125,True,0.0,1073,7.205663032721645e-05,0.0006777505831575037,4.730638167555265e-07,True,1074,magic-formula,0.36537413423201004,-0.00012949061375874788,0.27675999999999995
7.000000000000,840,held_throttle,0.0,0.15,0.0,1,0.004349318332970142,274.2452087402344,0.4186875820159912,-0.0003808863402809948,37.152957916259766,0.00816260650753975,5.29293345152837e-07,asphalt,0.0,0.15,0.0,3508.114840447826,5,-0.5287169814109802,-1.9858614450640744e-06,579.8812703766162,159.9999800904689,-0.0,6007.59788392336,5764.40211607664,5.3517396736424416e-08,6.13164217937223e-07,False,-0.0,True,0,0,0.0002473808126524091,37.152957916259766,0.08174973726272583,False,True,-0.8356433510780334,275.34527587890625,2.2351741790771484e-08,0.0,0.0,1.0,2935.468994140625,2935.468994140625,0.33884432911872864,0.06115567684173584,0.0,asphalt,True,0.8443566560745239,275.3452453613281,3.725290298461914e-09,0.0,0.0,1.0,2935.471923828125,2935.471923828125,0.33884426951408386,0.061155736446380615,0.0,asphalt,True,-0.8356580138206482,273.145263671875,1.4901161193847656e-08,0.0,0.0,1.0,2950.527587890625,2950.527587890625,0.33853086829185486,0.06146913766860962,0.0,asphalt,True,0.8443419337272644,273.145263671875,1.4901161193847656e-08,0.0,0.0,1.0,2950.527587890625,2950.527587890625,0.33853086829185486,0.06146913766860962,0.0,asphalt,1080,112.59526688430485,831.1928549771119,112.59512712817666,37.15294647216797,3.5867560654878616e-07,9.39790779514435e-05,9.654028565876393e-09,5.601257287501676,-0.0004332337346750411,0.0,0.0,-0.0,2935.471923828125,True,0.0,1079,9.158651473341111e-08,9.359379369159153e-05,8.68690820995883e-09,True,1080,magic-formula,0.07284258101345882,-2.5525960625281504e-05,0.0,112.59526472861005,831.1928029080455,112.59512497248186,37.15294647216797,3.5867560654878616e-07,9.395993063329802e-05,9.654028565876393e-09,5.606248674930151,0.0027265953004734357,0.0,0.0,-0.0,2935.471923828125,True,0.0,1079,9.194208884996297e-08,9.367719708068972e-05,-5.467181478568363e-08,True,1080,magic-formula,0.07284255743552369,1.555901840668663e-05,0.0,112.66095088493906,831.087128322282,112.66081112881086,37.15294647216797,4.7619687393307686e-07,0.0006773976831359771,1.2817203456253616e-08,40.74015172616074,-0.0007075890214208693,44.79558464139735,33.2112,33.2112,2950.527587890625,True,0.0,1079,7.203846205701776e-05,0.0006773062140900371,1.1758495471092111e-08,True,1080,magic-formula,0.36539739416171535,0.00011933217184821195,0.27675999999999995,112.66095088750477,831.0873003757367,112.66081113137658,37.15294647216797,4.7619687393307686e-07,0.0006773977059250909,1.2817203456253616e-08,40.771003979199165,-0.02842470798028887,44.79558464139735,33.2112,33.2112,2950.527099609375,True,0.0,1079,7.2206873946199e-05,0.0006778193004202135,4.725674769772206e-07,True,1080,magic-formula,0.36539736130832523,-0.0001291391467835331,0.27675999999999995
7.050000000000,846,held_throttle,0.0,0.15,0.0,1,0.004361679311841726,276.1020812988281,0.4186875820159912,-0.00038073380710557103,37.12654495239258,0.008166291750967503,4.445200261216087e-07,asphalt,0.0,0.15,0.0,3505.6179735627325,5,-0.5278014540672302,-1.937473371071974e-06,579.056919094302,160.0,-0.0,6007.442728079878,5764.557271920122,5.326023710949812e-08,6.085111562959303e-07,False,-0.0,True,0,0,0.0002471033076290041,37.12654495239258,0.08174970000982285,False,True,-0.8356309533119202,277.2021484375,2.2351741790771484e-08,0.0,0.0,1.0,2935.4697265625,2935.4697265625,0.33884432911872864,0.06115567684173584,0.0,asphalt,True,0.8443689942359924,277.2021179199219,2.2351741790771484e-08,0.0,0.0,1.0,2935.4697265625,2935.4697265625,0.33884432911872864,0.06115567684173584,0.0,asphalt,True,-0.8356456160545349,275.00213623046875,-3.725290298461914e-09,0.0,0.0,1.0,2950.5302734375,2950.5302734375,0.3385308086872101,0.061469197273254395,0.0,asphalt,True,0.8443543314933777,275.00213623046875,-3.725290298461914e-09,0.0,0.0,1.0,2950.5302734375,2950.5302734375,0.3385308086872101,0.061469197273254395,0.0,asphalt,1086,112.51520050919166,836.820521862978,112.51506065434327,37.12653350830078,3.308814484626055e-07,9.380514158939382e-05,8.912263472931744e-09,5.590847269448008,-0.00042170890680602824,0.0,0.0,-0.0,2935.4697265625,True,0.0,1085,9.392746551135587e-08,9.34199177873072e-05,8.45582656069566e-09,True,1086,magic-formula,0.072740460927106,-2.5413012391294258e-05,0.0,112.51519835740818,836.8204697228471,112.5150585025598,37.12653350830078,3.308814484626055e-07,9.378601541512874e-05,8.912263472931744e-09,5.595844282961961,0.002734562908724453,0.0,0.0,-0.0,2935.4697265625,True,0.0,1085,9.10984311824909e-08,9.35034153000005e-05,-5.4831616573301155e-08,True,1086,magic-formula,0.07274046517161718,1.5643521660111127e-05,0.0,112.58086266345472,836.7180790814101,112.58072280860634,37.12653350830078,4.4784974306821823e-07,0.000677444626863773,1.2062794469300173e-08,40.74300253512136,-0.0006928058153307245,44.799952275884856,33.2112,33.2112,2950.5302734375,True,0.0,1085,7.216013404378383e-05,0.0006773529955514169,1.1512704617467332e-08,True,1086,magic-formula,0.36540544912530504,0.0001195499643868329,0.27675999999999995,112.58086265786785,836.7182512803105,112.58072280301947,37.12653350830078,4.4784974306821823e-07,0.0006774445772047723,1.2062794469300173e-08,40.773879107780104,-0.028431618420237875,44.799952275884856,33.2112,33.2112,2950.5302734375,True,0.0,1085,7.232889042122048e-05,0.0006778663735956252,4.72681867060799e-07,True,1086,magic-formula,0.3654054621205779,-0.00012910377155499263,0.27675999999999995
7.100000000000,852,held_throttle,0.0,0.15,0.0,1,0.004374026320874691,277.9576416015625,0.4186875820159912,-0.0003805815358646214,37.10016632080078,0.008169688284397125,3.9982396060622705e-07,asphalt,0.0,0.15,0.0,3503.12435000325,5,-0.5273436903953552,-2.0990773919038475e-06,578.2343431298865,159.99999004523445,-0.0,6007.281968043228,5764.718031956772,5.318906914908439e-08,6.084580298594151e-07,False,-0.0,True,0,0,0.0002468277234584093,37.10016632080078,0.08174965530633926,False,True,-0.8356186151504517,279.0577087402344,7.450580596923828e-09,0.0,0.0,1.0,2935.46435546875,2935.46435546875,0.3388444483280182,0.06115555763244629,0.0,asphalt,True,0.8443813323974609,279.05767822265625,7.450580596923828e-09,0.0,0.0,1.0,2935.464111328125,2935.464111328125,0.3388444483280182,0.06115555763244629,0.0,asphalt,True,-0.8356332778930664,276.8576965332031,-1.4901161193847656e-08,0.0,0.0,1.0,2950.53271484375,2950.53271484375,0.3385307490825653,0.06146925687789917,0.0,asphalt,True,0.8443666696548462,276.8576965332031,1.1175870895385742e-08,0.0,0.0,1.0,2950.534912109375,2950.534912109375,0.33853068947792053,0.061469316482543945,0.0,asphalt,1092,112.43524059025887,842.4441881851142,112.43510048581604,37.100154876708984,3.729655873030424e-07,9.365238738196939e-05,1.0052938823098702e-08,5.581696075641266,-0.00046321537276136583,0.0,0.0,-0.0,2935.464111328125,True,0.0,1091,9.370351946328526e-08,9.326718457127641e-05,9.28810395124033e-09,True,1092,magic-formula,0.0726533235040651,-2.5759602666172008e-05,0.0,112.43523842864106,842.4441359739566,112.43509832419822,37.100154876708984,3.729655873030424e-07,9.363316013405373e-05,1.0052938823098702e-08,5.586696906591044,0.0026900107523981118,0.0,0.0,-0.0,2935.467041015625,True,0.0,1091,9.086101889561608e-08,9.335065286337956e-05,-5.393833588745483e-08,True,1092,magic-formula,0.07265336547493359,1.5276673575614848e-05,0.0,112.50088090091367,842.3450281855498,112.50074079647084,37.100154876708984,4.897592589259148e-07,0.0006775125515260677,1.3201003083504094e-08,40.74710937075349,-0.0007428752156134071,44.80431422718808,33.2112,33.2112,2950.53271484375,True,0.0,1091,7.229280576615431e-05,0.0006774207165790134,1.2345090519629113e-08,True,1092,magic-formula,0.36542857725771366,0.00011921776264550321,0.27675999999999995,112.50088085203949,842.3452005293517,112.50074074759665,37.100154876708984,4.897592589259148e-07,0.0006775121167979186,1.3201003083504094e-08,40.778021896417954,-0.02850432194111861,44.80431422718808,33.2112,33.2112,2950.535400390625,True,0.0,1091,7.245803872742347e-05,0.0006779340749425852,4.738897563685864e-07,True,1092,magic-formula,0.36542879880792795,-0.00012962878424699649,0.27675999999999995
7.150000000000,858,held_throttle,0.0,0.15,0.0,1,0.0043863593600690365,279.8118896484375,0.4186875820159912,-0.00038042996311560273,37.073822021484375,0.008171973749995232,3.4254773595421284e-07,asphalt,0.0,0.15,0.0,3500.6339567128557,5,-0.5264281630516052,-1.910973423946416e-06,577.4133023243921,159.99996018093782,-0.0,6007.127182804703,5764.872817195297,5.2987616072641686e-08,6.039348506425365e-07,False,-0.0,True,0,0,0.00024655277957208455,37.073822021484375,0.0817495584487915,False,True,-0.8356063365936279,280.9119567871094,7.450580596923828e-09,0.0,0.0,1.0,2935.466552734375,2935.466552734375,0.3388444483280182,0.06115555763244629,0.0,asphalt,True,0.8443936705589294,280.91192626953125,7.450580596923828e-09,0.0,0.0,1.0,2935.466552734375,2935.466552734375,0.3388444483280182,0.06115555763244629,0.0,asphalt,True,-0.8356209397315979,278.7119445800781,1.1175870895385742e-08,0.0,0.0,1.0,2950.531982421875,2950.531982421875,0.33853068947792053,0.061469316482543945,0.0,asphalt,True,0.8443790078163147,278.7119445800781,1.1175870895385742e-08,0.0,0.0,1.0,2950.5322265625,2950.5322265625,0.33853068947792053,0.061469316482543945,0.0,asphalt,1098,112.35538236034141,848.0638590858633,112.35524168313519,37.07381057739258,3.245077095925808e-07,9.347842765869355e-05,8.753017414143663e-09,5.571293513645123,-0.0004140482652440897,0.0,0.0,-0.0,2935.466552734375,True,0.0,1097,9.311636656583584e-08,9.30932854915625e-05,8.302229388399114e-09,True,1098,magic-formula,0.0725512343499423,-2.5324709333719624e-05,0.0,112.35538020706443,848.0638068038097,112.35523952985821,37.07381057739258,3.245077095925808e-07,9.34592609911072e-05,8.753017414143663e-09,5.576296824388593,0.002735691682431515,0.0,0.0,-0.0,2935.466552734375,True,0.0,1097,9.027927685666543e-08,9.317688831634208e-05,-5.485430882753797e-08,True,1098,magic-formula,0.07255123480202082,1.5683234403201404e-05,0.0,112.42100089642116,847.9679807764383,112.42086021921494,37.07381057739258,4.4086482375860214e-07,0.0006775596582922585,1.1891543299502082e-08,40.74992287555837,-0.00068282663907203,44.80867050802386,33.2112,33.2112,2950.531982421875,True,0.0,1097,7.241049943929613e-05,0.0006774676625538552,1.1346775704230046e-08,True,1098,magic-formula,0.3654361652151668,0.00011982176490103112,0.27675999999999995,112.42100088561453,847.9681532652708,112.42086020840831,37.07381057739258,4.4086482375860214e-07,0.0006775595621005636,1.1891543299502082e-08,40.78084052084837,-0.028465755359337982,44.80867050802386,33.2112,33.2112,2950.531982421875,True,0.0,1097,7.258009456953943e-05,0.0006779817232245888,4.7324914710432456e-07,True,1098,magic-formula,0.3654361693778351,-0.00012920654597246858,0.27675999999999995
7.200000000000,864,held_throttle,0.0,0.15,0.0,1,0.00439867889508605,281.664794921875,0.4186875820159912,-0.0003802780120167881,37.04751205444336,0.008173043839633465,4.863007916355855e-07,asphalt,0.0,0.15,0.0,3498.1468038514145,5,-0.5259703993797302,-1.856036305980524e-06,576.5940321053797,159.99998672697927,-0.0,6006.966688318107,5765.033311681893,5.324113772076089e-08,6.106647421618337e-07,False,-0.0,True,0,0,0.00024628464598208666,37.04751205444336,0.08174949139356613,False,True,-0.8355939984321594,282.76483154296875,7.450580596923828e-09,0.0,0.0,1.0,2935.467529296875,2935.467529296875,0.3388444483280182,0.06115555763244629,0.0,asphalt,True,0.844406008720398,282.76483154296875,7.450580596923828e-09,0.0,0.0,1.0,2935.46826171875,2935.46826171875,0.3388444483280182,0.06115555763244629,0.0,asphalt,True,-0.8356085419654846,280.5648193359375,1.1175870895385742e-08,0.0,0.0,1.0,2950.531494140625,2950.531494140625,0.33853068947792053,0.061469316482543945,0.0,asphalt,True,0.844391405582428,280.5648498535156,-7.450580596923828e-09,0.0,0.0,1.0,2950.534912109375,2950.534912109375,0.33853062987327576,0.06146937608718872,0.0,asphalt,1104,112.27563057195766,853.6795398139559,112.27548893455787,37.04750061035156,3.3844844438135624e-07,9.33255506445755e-05,9.135527061352939e-09,5.562148427794151,-0.0003995639060037182,0.0,0.0,-0.0,2935.468017578125,True,0.0,1103,8.998355229738512e-08,9.29404294338069e-05,8.011794409986265e-09,True,1104,magic-formula,0.0724641457184244,-2.5191427776539272e-05,0.0,112.275628416178,853.6794874610334,112.2754867787782,37.04750061035156,3.3844844438135624e-07,9.330634807282537e-05,9.135527061352939e-09,5.567154900035165,0.002747244500846756,0.0,0.0,-0.0,2935.468505859375,True,0.0,1103,8.980205924682929e-08,9.302406952511525e-05,-5.508592153792831e-08,True,1104,magic-formula,0.0724641495847298,1.5796278834418536e-05,0.0,112.34122740342241,853.5869421097218,112.34108576602262,37.04750061035156,4.553294274955988e-07,0.0006776282438557502,1.2290422295542757e-08,40.75402229585524,-0.000666386351173898,44.81302112899147,33.2112,33.2112,2950.531005859375,True,0.0,1103,7.25394421493226e-05,0.0006775360451795053,1.107344983136347e-08,True,1104,magic-formula,0.36545919269677063,0.00012005887629248806,0.27675999999999995,112.3412273751349,853.5871147437064,112.34108573773511,37.04750061035156,4.553294274955988e-07,0.0006776279918852844,1.2290422295542757e-08,40.784959228939805,-0.02847179422885656,44.81302112899147,33.2112,33.2112,2950.531494140625,True,0.0,1103,7.270938665045295e-05,0.0006780503145049723,4.7334963608210787e-07,True,1104,magic-formula,0.3654591827610935,-0.0001291617923227441,0.27675999999999995
7.250000000000,870,held_throttle,0.0,0.15,0.0,1,0.004410985391587019,283.5163879394531,0.4186875820159912,-0.00038012961158528924,37.021236419677734,0.008171213790774345,5.850517936778488e-07,asphalt,0.0,0.15,0.0,3495.6628757656367,5,-0.5250548720359802,-1.8879197796195513e-06,575.7762926575506,160.00002986429664,-0.0,6006.8120933545115,5765.1879066454885,4.9935124479816295e-08,6.131958005323657e-07,False,-0.0,True,0,0,0.0002460145333316177,37.021236419677734,0.08174948394298553,False,True,-0.8355817198753357,284.616455078125,7.450580596923828e-09,0.0,0.0,1.0,2935.476318359375,2935.476318359375,0.3388444483280182,0.06115555763244629,0.0,asphalt,True,0.8444182276725769,284.6164245605469,7.450580596923828e-09,0.0,0.0,1.0,2935.4765625,2935.4765625,0.3388444483280182,0.06115555763244629,0.0,asphalt,True,-0.8355962634086609,282.4164123535156,1.1175870895385742e-08,0.0,0.0,1.0,2950.52490234375,2950.52490234375,0.33853068947792053,0.061469316482543945,0.0,asphalt,True,0.8444036841392517,282.4164123535156,1.1175870895385742e-08,0.0,0.0,1.0,2950.525146484375,2950.525146484375,0.33853068947792053,0.061469316482543945,0.0,asphalt,1110,112.195978687799,859.2912354778377,112.19583574375363,37.02122497558594,3.203749656677246e-07,9.313552941601393e-05,8.653818610243164e-09,5.556951093977942,-0.000410494203712653,0.0,0.0,-0.0,2935.475341796875,True,0.0,1109,9.241574896103519e-08,9.285335295694297e-05,8.230940931883153e-09,True,1110,magic-formula,0.07236324206819421,-2.5254568804370587e-05,0.0,112.19597831717343,859.2911830717896,112.19583537312806,37.02122497558594,3.203749656677246e-07,9.313222573173997e-05,8.653818610243164e-09,5.556755799622633,0.0027356549174996515,0.0,0.0,-0.0,2935.4755859375,True,0.0,1109,9.241024763022426e-08,9.285008197529083e-05,-5.485340238019246e-08,True,1110,magic-formula,0.07236200322608193,1.570611429852363e-05,0.0,112.2615556929677,859.2019173136638,112.26141274892234,37.02122497558594,4.300381988286972e-07,0.000677676200880733,1.161599053279006e-08,40.75681945590621,-0.000671459534779384,44.817366097073815,33.2112,33.2112,2950.525390625,True,0.0,1109,7.266137582997807e-05,0.0006775838408323578,1.1157804008683256e-08,True,1110,magic-formula,0.36546654908269216,0.00012011448555422387,0.27675999999999995,112.26155566751743,859.2020900923086,112.26141272347206,37.02122497558594,4.300381988286972e-07,0.000677675974021848,1.161599053279006e-08,40.78777978150099,-0.028498382969491053,44.817366097073815,33.2112,33.2112,2950.52587890625,True,0.0,1109,7.28317628032594e-05,0.0006780985000782338,4.7379258856082975e-07,True,1110,magic-formula,0.36546656975821395,-0.00012928730342538346,0.27675999999999995
7.300000000000,876,held_throttle,0.0,0.15,0.0,1,0.004423278383910656,285.3666687011719,0.4186875820159912,-0.0003799869155045599,36.9949951171875,0.008165252394974232,6.399780545507383e-07,asphalt,0.0,0.15,0.0,3493.1821790438776,5,-0.5245971083641052,-2.0144996142335003e-06,574.9603190771082,160.00017586752463,-0.0,6006.65173520586,5765.34826479414,4.989420077095019e-08,6.075404136185422e-07,False,-0.0,True,0,0,0.0002457434020470828,36.9949951171875,0.08174972981214523,False,True,-0.835569441318512,286.46673583984375,2.2351741790771484e-08,0.0,0.0,1.0,2935.4921875,2935.4921875,0.33884432911872864,0.06115567684173584,0.0,asphalt,True,0.8444304466247559,286.4667053222656,2.2351741790771484e-08,0.0,0.0,1.0,2935.491943359375,2935.491943359375,0.33884432911872864,0.06115567684173584,0.0,asphalt,True,-0.8355839848518372,284.2667236328125,-3.725290298461914e-09,0.0,0.0,1.0,2950.51318359375,2950.51318359375,0.3385308086872101,0.061469197273254395,0.0,asphalt,True,0.8444159626960754,284.2667236328125,-3.725290298461914e-09,0.0,0.0,1.0,2950.51318359375,2950.51318359375,0.3385308086872101,0.061469197273254395,0.0,asphalt,1116,112.1164338550719,864.8989512579329,112.11629005514109,36.9949836730957,3.4362892620265484e-07,9.297203935593151e-05,9.28852758090433e-09,5.547202730694757,-0.0004457270433611218,0.0,0.0,-0.0,2935.49072265625,True,0.0,1115,8.869617803526645e-08,9.268997765534536e-05,8.937357836402691e-09,True,1116,magic-formula,0.0722767181650654,-2.5544546059360833e-05,0.0,112.11643376452194,864.8988988501967,112.11628996459113,36.9949836730957,3.4362892620265484e-07,9.297123163874969e-05,9.28852758090433e-09,5.547156016073279,0.002697028686084643,0.0,0.0,-0.0,2935.49072265625,True,0.0,1115,9.18813860182881e-08,9.268919703103265e-05,-5.4078617693076825e-08,True,1116,magic-formula,0.07227653947189668,1.5393002057374714e-05,0.0,112.18199054472998,864.8129116231704,112.18184674479917,36.9949836730957,4.5320484787225723e-07,0.0006777461205753936,1.2250440542884918e-08,40.760860847885034,-0.00071389072507336,44.821705420709485,33.2112,33.2112,2950.514404296875,True,0.0,1115,7.276675898656239e-05,0.0006776535584315958,1.1863259825200195e-08,True,1116,magic-formula,0.3654887980154637,0.00011985304381634377,0.27675999999999995,112.18199047536274,864.8130845458245,112.18184667543193,36.9949836730957,4.5320484787225723e-07,0.0006777455018108055,1.2250440542884918e-08,40.79184985103035,-0.028563365618305452,44.821705420709485,33.2112,33.2112,2950.51708984375,True,0.0,1115,7.293754928101706e-05,0.0006781681913222882,4.748743579439729e-07,True,1116,magic-formula,0.3654889364071149,-0.00012974369872946552,0.27675999999999995
7.350000000000,882,held_throttle,0.0,0.15,0.0,1,0.004435557406395674,287.2156677246094,0.4186875820159912,-0.0003798440156970173,36.968788146972656,0.00815797783434391,5.824163054057863e-07,asphalt,0.0,0.15,0.0,3490.704723806843,5,-0.5236815810203552,-1.9310732568555977e-06,574.1458718915528,160.000146003228,-0.0,6006.49723793267,5765.50276206733,5.0037897381116636e-08,5.958871410925387e-07,False,-0.0,True,0,0,0.00024547026259824634,36.968788146972656,0.08174996823072433,False,True,-0.8355571627616882,288.31573486328125,-1.4901161193847656e-08,0.0,0.0,1.0,2935.492919921875,2935.492919921875,0.3388442099094391,0.06115579605102539,0.0,asphalt,True,0.8444428443908691,288.3157043457031,-1.4901161193847656e-08,0.0,0.0,1.0,2935.492919921875,2935.492919921875,0.3388442099094391,0.06115579605102539,0.0,asphalt,True,-0.8355717062950134,286.11572265625,-1.1175870895385742e-08,0.0,0.0,1.0,2950.508544921875,2950.508544921875,0.33853092789649963,0.061469078063964844,0.0,asphalt,True,0.8444282412528992,286.11572265625,-1.1175870895385742e-08,0.0,0.0,1.0,2950.508544921875,2950.508544921875,0.33853092789649963,0.061469078063964844,0.0,asphalt,1122,112.03699165467769,870.5026923681587,112.03684852716178,36.96877670288086,3.3163814805448055e-07,9.279569054583419e-05,8.970763374722028e-09,5.536664581576539,-0.00042597951316638427,0.0,0.0,-0.0,2935.49462890625,True,0.0,1121,8.865780132640328e-08,9.251376889297454e-05,8.541385071760518e-09,True,1122,magic-formula,0.07217276483045273,-2.536030797486919e-05,0.0,112.03699159104269,870.5026399613286,112.03684846352678,36.96877670288086,3.3163814805448055e-07,9.279512251106497e-05,8.970763374722028e-09,5.536631289745492,0.0027130771990213,0.0,0.0,-0.0,2935.494140625,True,0.0,1121,9.130725541882756e-08,9.251322795290815e-05,-5.440034576498227e-08,True,1122,magic-formula,0.07217274209298899,1.5547419598415657e-05,0.0,112.1025270308905,870.4199302474001,112.10238390337459,36.96877670288086,4.415051080286503e-07,0.0006777940615777158,1.1942648564680399e-08,40.7636873400005,-0.000690711346066722,44.82603909990775,33.2112,33.2112,2950.510986328125,True,0.0,1121,7.291068541913816e-05,0.0006777013371734575,1.1477904313744279e-08,True,1122,magic-formula,0.3654965461969678,0.00012013981317035649,0.27675999999999995,112.10252700969235,870.420103314701,112.10238388217644,36.96877670288086,4.415051080286503e-07,0.0006777938723535588,1.1942648564680399e-08,40.7946869441742,-0.028561731496849933,44.82603909990775,33.2112,33.2112,2950.510986328125,True,0.0,1121,7.308185300494648e-05,0.0006782167642639668,4.7484818507507886e-07,True,1122,magic-formula,0.36549653320344605,-0.00012963505820799063,0.27675999999999995
7.400000000000,888,held_throttle,0.0,0.15,0.0,1,0.00444782292470336,289.0633544921875,0.4186875820159912,-0.0003796988748945296,36.9426155090332,0.00815389771014452,4.2633698171812284e-07,asphalt,0.0,0.15,0.0,3488.2305316039133,5,-0.5232238173484802,-2.0332222447905224e-06,573.3331858666102,159.99996681744818,-0.0,6006.336949782254,5765.663050217746,5.254059942672029e-08,5.844842209993042e-07,False,-0.0,True,0,0,0.0002451952896080911,36.9426155090332,0.081749826669693,False,True,-0.8355448842048645,290.1634216308594,0.0,0.0,0.0,1.0,2935.489013671875,2935.489013671875,0.33884409070014954,0.06115591526031494,0.0,asphalt,True,0.8444550633430481,290.16339111328125,0.0,0.0,0.0,1.0,2935.488525390625,2935.488525390625,0.33884409070014954,0.06115591526031494,0.0,asphalt,True,-0.8355594277381897,287.9634094238281,1.862645149230957e-08,0.0,0.0,1.0,2950.508544921875,2950.508544921875,0.3385310471057892,0.06146895885467529,0.0,asphalt,True,0.8444405198097229,287.9634094238281,1.862645149230957e-08,0.0,0.0,1.0,2950.508056640625,2950.508056640625,0.3385310471057892,0.06146895885467529,0.0,asphalt,1128,111.95765848538905,876.1024642580314,111.95751706964403,36.942604064941406,3.4130061976611614e-07,9.26636149136142e-05,9.238672486816136e-09,5.522591974883183,-0.00044624744164259894,0.0,0.0,-0.0,2935.492919921875,True,0.0,1127,8.728349538695269e-08,9.227867880024953e-05,8.947785573574866e-09,True,1128,magic-formula,0.07207981200579287,-2.555361958484277e-05,0.0,111.95765723991535,876.1024118523694,111.95751582417033,36.942604064941406,3.4130061976611614e-07,9.265248937633387e-05,9.238672486816136e-09,5.528095547283789,0.002686994801350674,0.0,0.0,-0.0,2935.491943359375,True,0.0,1127,8.76830767336412e-08,9.237067058716215e-05,-5.387740359444477e-08,True,1128,magic-formula,0.07208560350208346,1.5334469145195907e-05,0.0,112.02316988650828,876.0229785106858,112.02302847076326,36.942604064941406,4.5666820369660854e-07,0.0006778622741999597,1.236155964787516e-08,40.76771713001908,-0.0007204810280638826,44.83036712390529,33.2112,33.2112,2950.506591796875,True,0.0,1127,7.3039895913631e-05,0.0006777693478614916,1.1972837987151814e-08,True,1128,magic-formula,0.36551874994013245,0.00011997926772778533,0.27675999999999995,112.02316985164038,876.0231517220788,112.02302843589536,36.942604064941406,4.5666820369660854e-07,0.0006778619627327916,1.236155964787516e-08,40.7987245965471,-0.028614055803956335,44.83036712390529,33.2112,33.2112,2950.506103515625,True,0.0,1127,7.321134909886627e-05,0.0006782850187217225,4.757188857912869e-07,True,1128,magic-formula,0.36551857569180196,-0.00012998746305428605,0.27675999999999995
7.450000000000,894,held_throttle,0.0,0.15,0.0,1,0.0044600749388337135,290.90972900390625,0.4186875820159912,-0.00037954418803565204,36.916473388671875,0.00815540924668312,3.2753607115409977e-07,asphalt,0.0,0.15,0.0,3485.7595920213857,5,-0.5227660536766052,-2.0690993096650345e-06,572.5220218716993,160.00000331825518,-0.0,6006.18250266499,5765.81749733501,5.422134563559666e-08,5.865773038041371e-07,False,-0.0,True,0,0,0.00024492351803928614,36.916473388671875,0.08174963295459747,False,True,-0.8355326056480408,292.009765625,-2.60770320892334e-08,0.0,0.0,1.0,2935.48095703125,2935.48095703125,0.3388441503047943,0.061155855655670166,0.0,asphalt,True,0.8444673418998718,292.009765625,-2.60770320892334e-08,0.0,0.0,1.0,2935.48046875,2935.48046875,0.3388441503047943,0.061155855655670166,0.0,asphalt,True,-0.835547149181366,289.8097839355469,3.725290298461914e-09,0.0,0.0,1.0,2950.517578125,2950.517578125,0.3385309875011444,0.06146901845932007,0.0,asphalt,True,0.8444527983665466,289.8097839355469,3.725290298461914e-09,0.0,0.0,1.0,2950.516845703125,2950.516845703125,0.3385309875011444,0.06146901845932007,0.0,asphalt,1134,111.87841946832138,881.6982721106658,111.87827861695784,36.91646194458008,3.436871338635683e-07,9.25462459297053e-05,9.309861123189976e-09,5.515540846529553,-0.00045317584927719165,0.0,0.0,-0.0,2935.47998046875,True,0.0,1133,9.012384794618756e-08,9.216126529177718e-05,9.08674824207837e-09,True,1134,magic-formula,0.0720174418793471,-2.5599493146940008e-05,0.0,111.8784173104405,881.6982196432684,111.87827645907696,36.91646194458008,3.436871338635683e-07,9.252695641344158e-05,9.309861123189976e-09,5.52056751779122,0.0026782256378562607,0.0,0.0,-0.0,2935.482421875,True,0.0,1133,8.73011188394437e-08,9.224518134981762e-05,-5.370174558588276e-08,True,1134,magic-formula,0.07201751035774755,1.5279991733112133e-05,0.0,111.94390778988578,881.6220615661116,111.94376693852224,36.91646194458008,4.627509042620659e-07,0.0006779529988493138,1.2535082721544636e-08,40.773333933011585,-0.0007353482521555337,44.83468948169936,33.2112,33.2112,2950.519287109375,True,0.0,1133,7.318000080629615e-05,0.0006778598191705653,1.2219945375305236e-08,True,1134,magic-formula,0.3655602273987912,0.00011994772272342155,0.27675999999999995,111.94390774905692,881.622234922253,111.94376689769338,36.91646194458008,4.627509042620659e-07,0.000677952633875971,1.2535082721544636e-08,40.80435692285788,-0.028653511453047852,44.83468948169936,33.2112,33.2112,2950.5185546875,True,0.0,1133,7.335187930821654e-05,0.0006783758020863837,4.763728492680502e-07,True,1134,magic-formula,0.36555998433306836,-0.00013023223986499832,0.27675999999999995
7.500000000000,900,held_throttle,0.0,0.15,0.0,1,0.004472312983125448,292.7547912597656,0.4186875820159912,-0.00037938778405077755,36.89036560058594,0.008159784600138664,3.022674093244859e-07,asphalt,0.0,0.15,0.0,3483.2917318972077,5,-0.5218505263328552,-1.898472874017898e-06,571.7123778960854,160.000146003228,-0.0,6006.031904106271,5765.968095893729,5.6172893891925924e-08,5.90817820357845e-07,False,-0.0,True,0,0,0.00024465424939990044,36.89036560058594,0.08174978941679001,False,True,-0.8355203866958618,293.8548583984375,-1.4901161193847656e-08,0.0,0.0,1.0,2935.471923828125,2935.471923828125,0.3388442099094391,0.06115579605102539,0.0,asphalt,True,0.8444795608520508,293.8548278808594,-1.4901161193847656e-08,0.0,0.0,1.0,2935.471923828125,2935.471923828125,0.3388442099094391,0.06115579605102539,0.0,asphalt,True,-0.835534930229187,291.6548156738281,3.3527612686157227e-08,0.0,0.0,1.0,2950.53369140625,2950.53369140625,0.33853086829185486,0.06146913766860962,0.0,asphalt,True,0.8444650173187256,291.6548156738281,3.3527612686157227e-08,0.0,0.0,1.0,2950.5341796875,2950.5341796875,0.33853086829185486,0.06146913766860962,0.0,asphalt,1140,111.79927651542327,887.2901204242278,111.79913697722456,36.89035415649414,3.178720362484455e-07,9.235730242891891e-05,8.616670767105867e-09,5.504225077114762,-0.00040384376287152835,0.0,0.0,-0.0,2935.47265625,True,0.0,1139,8.947600032350776e-08,9.197241490812165e-05,8.09759810364699e-09,True,1140,magic-formula,0.07190391617909042,-2.5160009615514747e-05,0.0,111.7992743574079,887.2900678858928,111.79913481920919,36.89035415649414,3.178720362484455e-07,9.233799805817318e-05,8.616670767105867e-09,5.509250692096535,0.0027234620175947237,0.0,0.0,-0.0,2935.47265625,True,0.0,1139,8.66711148905918e-08,9.205639024397543e-05,-5.460897244901132e-08,True,1140,magic-formula,0.07190390620770258,1.5683887118813408e-05,0.0,111.86474369951333,887.2171839807605,111.86460416131462,36.89035415649414,4.4121406972408295e-07,0.0006779892716442414,1.1960147301714426e-08,40.77569232910815,-0.0006828917098764646,44.83900623014151,33.2112,33.2112,2950.53271484375,True,0.0,1139,7.329826674853022e-05,0.0006778959446804323,1.1347790023611478e-08,True,1140,magic-formula,0.36555388911715425,0.00012048164356791887,0.27675999999999995,111.86474261583531,887.2173574694917,111.8646030776366,36.89035415649414,4.4121406972408295e-07,0.0006779795776808399,1.1960147301714426e-08,40.80618745493391,-0.028621632421769832,44.83900623014151,33.2112,33.2112,2950.53271484375,True,0.0,1139,7.346749382054712e-05,0.0006784029801629643,4.7584058361068153e-07,True,1140,magic-formula,0.36555572634164335,-0.0001298638637847144,0.27675999999999995
7.550000000000,906,held_throttle,0.0,0.15,0.0,1,0.004484537523239851,294.5985412597656,0.4186875820159912,-0.0003792323695961386,36.864288330078125,0.008163276128470898,3.789575657719979e-07,asphalt,0.0,0.15,0.0,3480.8269498294453,5,-0.5213927626609802,-1.8645009731699247e-06,570.9043700712211,159.99999336348964,-0.0,6005.879543415419,5766.120456584581,5.40806013304973e-08,6.007118762193646e-07,False,-0.0,True,0,0,0.00024438739637844265,36.864288330078125,0.08174975216388702,False,True,-0.8355081677436829,295.6986083984375,2.2351741790771484e-08,0.0,0.0,1.0,2935.467529296875,2935.467529296875,0.33884432911872864,0.06115567684173584,0.0,asphalt,True,0.8444917798042297,295.6985778808594,2.2351741790771484e-08,0.0,0.0,1.0,2935.468017578125,2935.468017578125,0.33884432911872864,0.06115567684173584,0.0,asphalt,True,-0.8355227112770081,293.49859619140625,1.4901161193847656e-08,0.0,0.0,1.0,2950.530029296875,2950.530029296875,0.33853086829185486,0.06146913766860962,0.0,asphalt,True,0.8444772362709045,293.49859619140625,-3.725290298461914e-09,0.0,0.0,1.0,2950.533203125,2950.533203125,0.3385308086872101,0.061469197273254395,0.0,asphalt,1146,111.72023220489662,892.8780141174827,111.72009281664084,36.86427688598633,3.337772795930505e-07,9.222320134129855e-05,9.054220177039017e-09,5.496197042998904,-0.0003992203195174233,0.0,0.0,-0.0,2935.4716796875,True,0.0,1145,8.590028610270165e-08,9.183830144401516e-05,8.004894642644017e-09,True,1146,magic-formula,0.07182986605313949,-2.5114754361902894e-05,0.0,111.72023004621386,892.8779615081468,111.72009065795808,36.86427688598633,3.337772795930505e-07,9.220387734056994e-05,9.054220177039017e-09,5.501225854695727,0.002725700732514472,0.0,0.0,-0.0,2935.4716796875,True,0.0,1145,8.625898705813258e-08,9.19223301695844e-05,-5.4653879601897e-08,True,1146,magic-formula,0.07182985470924207,1.5715804736096477e-05,0.0,111.78567658402616,892.8083506713822,111.78553719577039,36.86427688598633,4.52520907856524e-07,0.0006780652939326003,1.2275323052072298e-08,40.78018754778932,-0.0006699533620883172,44.84331745981512,33.2112,33.2112,2950.528076171875,True,0.0,1145,7.343662064611642e-05,0.0006779717497460832,1.1132697631379847e-08,True,1146,magic-formula,0.3655904065110475,0.0001206916716400724,0.27675999999999995,111.78567654624996,892.8085242949123,111.78553715799418,36.86427688598633,4.52520907856524e-07,0.0006780649557693024,1.2275323052072298e-08,40.81126616674707,-0.028631489554863263,44.84331745981512,33.2112,33.2112,2950.528076171875,True,0.0,1145,7.360531539380494e-05,0.0006784884877305388,4.760052230998127e-07,True,1146,magic-formula,0.36559033607699515,-0.0001298568215172316,0.27675999999999995
7.600000000000,912,held_throttle,0.0,0.15,0.0,1,0.004496749024838209,296.44097900390625,0.4186875820159912,-0.00037907666410319507,36.83824920654297,0.008168372325599194,4.475079720123176e-07,asphalt,0.0,0.15,0.0,3478.365303137066,5,-0.5204772353172302,-1.947063310581143e-06,570.0979961406407,160.00004313731736,-0.0,6005.725642662573,5766.274357337427,5.427250471257139e-08,6.088329385163532e-07,False,-0.0,True,0,0,0.00024411936465185136,36.83824920654297,0.08174978941679001,False,True,-0.8354959487915039,297.541015625,-7.450580596923828e-09,0.0,0.0,1.0,2935.46484375,2935.46484375,0.3388443887233734,0.061155617237091064,0.0,asphalt,True,0.8445039987564087,297.5409851074219,-7.450580596923828e-09,0.0,0.0,1.0,2935.46484375,2935.46484375,0.3388443887233734,0.061155617237091064,0.0,asphalt,True,-0.8355104923248291,295.3410339355469,-1.4901161193847656e-08,0.0,0.0,1.0,2950.535888671875,2950.535888671875,0.3385307490825653,0.06146925687789917,0.0,asphalt,True,0.8444894552230835,295.3410339355469,-1.4901161193847656e-08,0.0,0.0,1.0,2950.5361328125,2950.5361328125,0.3385307490825653,0.06146925687789917,0.0,asphalt,1152,111.64129715766214,898.4619584267451,111.64115695543043,36.83823776245117,3.301684046164155e-07,9.203207816821421e-05,8.962654694436896e-09,5.484753540176997,-0.00042157959816501757,0.0,0.0,-0.0,2935.465576171875,True,0.0,1151,8.526405426283488e-08,9.16472772514136e-05,8.453245019297914e-09,True,1152,magic-formula,0.07171470473774269,-2.5285774374481902e-05,0.0,111.64129499152504,898.4619057464332,111.64115478929334,36.83823776245117,3.301684046164155e-07,9.201267373184061e-05,8.962654694436896e-09,5.489787337571327,0.0026990354611425463,0.0,0.0,-0.0,2935.468505859375,True,0.0,1151,8.851303547164663e-08,9.173129785991163e-05,-5.4119264171852484e-08,True,1152,magic-formula,0.0717147449970344,1.5508160544638017e-05,0.0,111.70671963834562,898.3955668807449,111.70657943611391,36.83823776245117,4.4934859033674e-07,0.0006780921053815244,1.2197885068073379e-08,40.78188030191913,-0.0006977510390098287,44.847623200795546,33.2112,33.2112,2950.534423828125,True,0.0,1151,7.354946038475881e-05,0.0006779984343217788,1.1594801822442082e-08,True,1152,magic-formula,0.3655846690575027,0.00012053828435857705,0.27675999999999995,111.70671945060148,898.3957406385498,111.70657924836978,36.83823776245117,4.4934859033674e-07,0.0006780904235538489,1.2197885068073379e-08,40.812903694723225,-0.028680286364240835,44.847623200795546,33.2112,33.2112,2950.53466796875,True,0.0,1151,7.372214806806025e-05,0.0006785141967480709,4.768154172896239e-07,True,1152,magic-formula,0.3655836846059484,-0.00013018328073706502,0.27675999999999995
7.650000000000,918,held_throttle,0.0,0.15,0.0,1,0.004508947022259235,298.2821350097656,0.4186875820159912,-0.0003789225884247571,36.81224060058594,0.008171046152710915,4.552794052870013e-07,asphalt,0.0,0.15,0.0,3475.9068290081773,5,-0.5200194716453552,-1.923550826177234e-06,569.2932538508484,159.99993695315155,-0.0,6005.570915846233,5766.429084153767,5.3753637985209934e-08,6.098397467889872e-07,False,-0.0,True,0,0,0.0002438486844766885,36.81224060058594,0.08174961805343628,False,True,-0.835483729839325,299.3822021484375,7.450580596923828e-09,0.0,0.0,1.0,2935.465576171875,2935.465576171875,0.3388444483280182,0.06115555763244629,0.0,asphalt,True,0.8445162773132324,299.3821716308594,7.450580596923828e-09,0.0,0.0,1.0,2935.4658203125,2935.4658203125,0.3388444483280182,0.06115555763244629,0.0,asphalt,True,-0.8354983329772949,297.1821594238281,1.1175870895385742e-08,0.0,0.0,1.0,2950.532958984375,2950.532958984375,0.33853068947792053,0.061469316482543945,0.0,asphalt,True,0.8445016741752625,297.1821594238281,1.1175870895385742e-08,0.0,0.0,1.0,2950.533203125,2950.533203125,0.33853068947792053,0.061469316482543945,0.0,asphalt,1158,111.56246099921589,904.0419584941595,111.56231970547412,36.81222915649414,3.3115793485194445e-07,9.189808182288349e-05,8.99586747230503e-09,5.476735472278219,-0.00041513850893329585,0.0,0.0,-0.0,2935.466552734375,True,0.0,1157,8.485774841393037e-08,9.151326894719615e-05,8.324089642025099e-09,True,1158,magic-formula,0.07164070025288083,-2.5226755298115256e-05,0.0,111.56245884048185,904.0419057427895,111.56231754674009,36.81222915649414,3.311433829367161e-07,9.187873004094171e-05,8.995472171190107e-09,5.481771774054107,0.0027030884715391725,0.0,0.0,-0.0,2935.466796875,True,0.0,1157,8.836797547571884e-08,9.159741530235794e-05,-5.420056380692818e-08,True,1158,magic-formula,0.07164070201291274,1.5553632820800026e-05,0.0,111.62786152465229,903.9788377437891,111.62772023091053,36.81222915649414,4.49188519269228e-07,0.0006781753567539929,1.2202154815446308e-08,40.78682627028654,-0.0006882907272006143,44.851923445427204,33.2112,33.2112,2950.531005859375,True,0.0,1157,7.368457959556579e-05,0.000678081453553645,1.1437527496371688e-08,True,1158,magic-formula,0.36561797319867956,0.00012072153524740568,0.27675999999999995,111.6278614906937,903.9790116450589,111.62772019695194,36.81222915649414,4.491739673539996e-07,0.000678175052335268,1.2201759514331386e-08,40.81795088766549,-0.028693950445888305,44.851923445427204,33.2112,33.2112,2950.531005859375,True,0.0,1157,7.385812047619698e-05,0.0006785989557821909,4.770431909446781e-07,True,1158,magic-formula,0.36561795262776076,-0.00013020019875907286,0.27675999999999995
7.700000000000,924,held_throttle,0.0,0.15,0.0,1,0.00452113151550293,300.1219787597656,0.4186875820159912,-0.00037876892019994557,36.78624725341797,0.008173719979822636,5.103610760670563e-07,asphalt,0.0,0.15,0.0,3473.45126997599,5,-0.5195617079734802,-2.0030599898746004e-06,568.4895515025305,160.00007963812436,-0.0,6005.440754200075,5766.559245799925,5.37766027264297e-08,6.135146305202877e-07,False,-0.0,True,0,0,0.000243579619564116,36.78624725341797,0.08174961805343628,False,True,-0.8354715704917908,301.2220458984375,2.60770320892334e-08,0.0,0.0,1.0,2935.4609375,2935.4609375,0.33884450793266296,0.061155498027801514,0.0,asphalt,True,0.844528317451477,301.2220153808594,7.450580596923828e-09,0.0,0.0,1.0,2935.4638671875,2935.4638671875,0.3388444483280182,0.06115555763244629,0.0,asphalt,True,-0.835486114025116,299.02203369140625,1.1175870895385742e-08,0.0,0.0,1.0,2950.537109375,2950.537109375,0.33853068947792053,0.061469316482543945,0.0,asphalt,True,0.8445138335227966,299.0220031738281,-7.450580596923828e-09,0.0,0.0,1.0,2950.539794921875,2950.539794921875,0.33853062987327576,0.06146937608718872,0.0,asphalt,1164,111.48367651906204,909.6180182632011,111.48353620227766,36.78623580932617,3.7474092096090317e-07,9.181265465186639e-05,1.0186987407553603e-08,5.471610754838006,-0.0004361143209338977,0.0,0.0,-0.0,2935.46337890625,True,0.0,1163,8.465191698642164e-08,9.142773639051259e-05,8.744692350799922e-09,True,1164,magic-formula,0.07158781791608627,-2.5407275551190656e-05,0.0,111.48367436020068,909.6179654409383,111.4835340434163,36.78623580932617,3.7474092096090317e-07,9.179328805373137e-05,1.0186987407553603e-08,5.476650504342315,0.0026813749921363096,0.0,0.0,-0.0,2935.463623046875,True,0.0,1163,8.816124883394852e-08,9.15119404531479e-05,-5.376523734930153e-08,True,1164,magic-formula,0.07158782133346327,1.5371900176134953e-05,0.0,111.54905500422275,909.5581672140202,111.54891468743837,36.78623580932617,4.928006092086434e-07,0.00067830647845222,1.3396331491022165e-08,40.794787179549964,-0.0007137891161985976,44.85621824271073,33.2112,33.2112,2950.537841796875,True,0.0,1163,7.383671269571153e-05,0.0006782122445593038,1.1861400583146016e-08,True,1164,magic-formula,0.36567406096714644,0.00012061199360666683,0.27675999999999995,111.54905492299198,909.5583412606262,111.5489146062076,36.78623580932617,4.928006092086434e-07,0.0006783057497515273,1.3396331491022165e-08,40.825952249591346,-0.02874569111017387,44.85621824271073,33.2112,33.2112,2950.541015625,True,0.0,1163,7.401084473363374e-05,0.0006787296880369769,4.779017808224456e-07,True,1164,magic-formula,0.3656743077638422,-0.00013052976211630322,0.27675999999999995
7.750000000000,930,held_throttle,0.0,0.15,0.0,1,0.004533302504569292,301.9605407714844,0.4186875820159912,-0.0003786191809922457,36.76026916503906,0.00817670114338398,3.486840114419465e-07,asphalt,0.0,0.15,0.0,3470.9981322438666,5,-0.5195617079734802,-2.048073156402097e-06,567.6870059025185,159.99997013570336,-0.0,6005.323429289894,5766.676570710106,5.135279934620485e-08,6.031362947056827e-07,False,-0.0,True,0,0,0.00024330355518031865,36.76026916503906,0.08174958825111389,False,True,-0.8354593515396118,303.06060791015625,-3.725290298461914e-09,0.0,0.0,1.0,2935.459716796875,2935.459716796875,0.33884456753730774,0.06115543842315674,0.0,asphalt,True,0.844540536403656,303.0605773925781,-3.725290298461914e-09,0.0,0.0,1.0,2935.459228515625,2935.459228515625,0.33884456753730774,0.06115543842315674,0.0,asphalt,True,-0.8354739546775818,300.860595703125,-2.2351741790771484e-08,0.0,0.0,1.0,2950.540283203125,2950.540283203125,0.338530570268631,0.061469435691833496,0.0,asphalt,True,0.8445259928703308,300.860595703125,-2.2351741790771484e-08,0.0,0.0,1.0,2950.5400390625,2950.5400390625,0.338530570268631,0.061469435691833496,0.0,asphalt,1170,111.40494333716664,915.1901403468501,111.40480291700545,36.760257720947266,3.5196717362850904e-07,9.177248819465048e-05,9.574665561388216e-09,5.4691899275287925,-0.00045294696168613835,0.0,0.0,-0.0,2935.46044921875,True,0.0,1169,8.778681377519804e-08,9.138737671390243e-05,9.082218887891476e-09,True,1170,magic-formula,0.07157452158103689,-2.5570484170841255e-05,0.0,111.40494223417141,915.1900874909836,111.40480181401023,36.760257720947266,3.5196717362850904e-07,9.176258651143276e-05,9.574665561388216e-09,5.474798445559508,0.00266531073399876,0.0,0.0,-0.0,2935.460205078125,True,0.0,1169,8.502466597278673e-08,9.148110003606728e-05,-5.34431892037942e-08,True,1170,magic-formula,0.07157419567446142,1.5231506444390374e-05,0.0,111.47030080007318,915.133557931601,111.47016037991199,36.760257720947266,4.647299647331238e-07,0.0006784920624392779,1.2642184618534505e-08,40.805936435706954,-0.000725148206294307,44.86050791715138,33.2112,33.2112,2950.538818359375,True,0.0,1169,7.400698747389276e-05,0.0006783973940155358,1.2050229231339432e-08,True,1170,magic-formula,0.3657684998559141,0.00012064026408094586,0.27675999999999995,111.47030076918418,915.1337321227179,111.47016034902299,36.760257720947266,4.647299647331238e-07,0.0006784917851461206,1.2642184618534505e-08,40.837100055288055,-0.028783726936196692,44.86050791715138,33.2112,33.2112,2950.538330078125,True,0.0,1169,7.418145439889662e-05,0.0006789156557867742,4.785345873196069e-07,True,1170,magic-formula,0.3657684386814366,-0.00013074011260019378,0.27675999999999995
7.800000000000,936,held_throttle,0.0,0.15,0.0,1,0.004545459523797035,303.79779052734375,0.4186875820159912,-0.00037847203202545643,36.73432159423828,0.008181322365999222,3.101885397427395e-07,asphalt,0.0,0.15,0.0,3468.5470849251215,5,-0.5186461806297302,-1.9105177671008278e-06,566.8857335254797,160.000073001614,-0.0,6005.208260605311,5766.791739394689,5.1636106945807114e-08,5.960973905370489e-07,False,-0.0,True,0,0,0.0002430341119179502,36.73432159423828,0.08174961805343628,False,True,-0.8354472517967224,304.8978271484375,2.9802322387695312e-08,0.0,0.0,1.0,2935.450927734375,2935.450927734375,0.3388446867465973,0.06115531921386719,0.0,asphalt,True,0.8445526957511902,304.8978271484375,1.1175870895385742e-08,0.0,0.0,1.0,2935.453857421875,2935.453857421875,0.3388446271419525,0.06115537881851196,0.0,asphalt,True,-0.8354617953300476,302.6978454589844,-3.725290298461914e-08,0.0,0.0,1.0,2950.544921875,2950.544921875,0.338530570268631,0.061469435691833496,0.0,asphalt,True,0.844538152217865,302.6978454589844,-3.725290298461914e-08,0.0,0.0,1.0,2950.544921875,2950.544921875,0.338530570268631,0.061469435691833496,0.0,asphalt,1176,111.3262863310378,920.7583273820387,111.3261462731611,36.734310150146484,3.4335243981331587e-07,9.158574319876781e-05,9.346914054188294e-09,5.458005791498109,-0.00041664457042233104,0.0,0.0,-0.0,2935.453125,True,0.0,1175,8.76994873312608e-08,9.120072267972225e-05,8.354326306740759e-09,True,1176,magic-formula,0.07146229339637603,-2.5243056527658997e-05,0.0,111.32628527635858,920.7582745271264,111.32614521848187,36.734310150146484,3.4335243981331587e-07,9.157626856470038e-05,9.346914054188294e-09,5.463644675210062,0.0026974040371260657,0.0,0.0,-0.0,2935.453125,True,0.0,1175,8.493844892393783e-08,9.129494602344819e-05,-5.408683474794193e-08,True,1176,magic-formula,0.07146229171568146,1.5523068545548944e-05,0.0,111.39162169720088,920.7050125314709,111.39148163932417,36.734310150146484,4.56726411357522e-07,0.0006785212469740666,1.2433237741248305e-08,40.80783235572952,-0.0006824502687992187,44.86479290860113,33.2112,33.2112,2950.549560546875,True,0.0,1175,7.412583607177369e-05,0.0006784264449243967,1.1340326564638829e-08,True,1176,magic-formula,0.3657653118138423,0.00012109479057505464,0.27675999999999995,111.39162166148144,920.705186868504,111.39148160360473,36.734310150146484,4.56726411357522e-07,0.0006785209260909258,1.2433237741248305e-08,40.83902213605985,-0.028762136307101605,44.86479290860113,33.2112,33.2112,2950.549560546875,True,0.0,1175,7.427692141684082e-05,0.0006789450278087759,4.7817383382997e-07,True,1176,magic-formula,0.3657653174214444,-0.00013046182010714705,0.27675999999999995
7.850000000000,942,held_throttle,0.0,0.15,0.0,1,0.0045576030388474464,305.6337585449219,0.4186875820159912,-0.0003783239226322621,36.70840072631836,0.008184612728655338,2.416514064407238e-07,asphalt,0.0,0.15,0.0,3466.098380251725,5,-0.5181884169578552,-1.916627070386312e-06,566.0859681548262,160.0,-0.0,6005.086357764885,5766.913642235115,5.19053173775319e-08,5.913063162323911e-07,False,-0.0,True,0,0,0.00024276459589600563,36.70840072631836,0.08174959570169449,False,True,-0.8354350924491882,306.73382568359375,2.9802322387695312e-08,0.0,0.0,1.0,2935.453857421875,2935.453857421875,0.3388446867465973,0.06115531921386719,0.0,asphalt,True,0.8445648550987244,306.7337951660156,2.9802322387695312e-08,0.0,0.0,1.0,2935.453857421875,2935.453857421875,0.3388446867465973,0.06115531921386719,0.0,asphalt,True,-0.8354496359825134,304.5338134765625,-1.1175870895385742e-08,0.0,0.0,1.0,2950.54541015625,2950.54541015625,0.33853045105934143,0.06146955490112305,0.0,asphalt,True,0.8445503115653992,304.5338134765625,-1.1175870895385742e-08,0.0,0.0,1.0,2950.54541015625,2950.54541015625,0.33853045105934143,0.06146955490112305,0.0,asphalt,1182,111.24771669050862,926.322583805169,111.24757609805276,36.70838928222656,3.2717071007937193e-07,9.145663176547088e-05,8.912695884419564e-09,5.450278211681451,-0.0004181162667689498,0.0,0.0,-0.0,2935.453369140625,True,0.0,1181,8.308198231646589e-08,9.10715906811652e-05,8.383835190772045e-09,True,1182,magic-formula,0.07139164915982998,-2.525074465851718e-05,0.0,111.24771563560817,926.3225309515711,111.24757504315231,36.70838928222656,3.2717071007937193e-07,9.144714845221566e-05,8.912695884419564e-09,5.4559209499932955,0.0026937403004775665,0.0,0.0,-0.0,2935.453369140625,True,0.0,1181,8.374395882896209e-08,9.11658783677445e-05,-5.401336688968959e-08,True,1182,magic-formula,0.07139165027081791,1.55038460338979e-05,0.0,111.31303012063853,926.2725354159755,111.31288952818267,36.70838928222656,4.411558620631695e-07,0.0006786093879693086,1.2017848526978762e-08,40.813078488284546,-0.0006853004384654107,44.869073487331185,33.2112,33.2112,2950.546630859375,True,0.0,1181,7.426360509223667e-05,0.0006785143426677738,1.1387711762298817e-08,True,1182,magic-formula,0.36580232704400406,0.00012117184442823049,0.27675999999999995,111.31303008415239,926.2727098983233,111.31288949169652,36.70838928222656,4.411558620631695e-07,0.0006786090599673449,1.2017848526978762e-08,40.844289850473025,-0.028788397591172857,44.869073487331185,33.2112,33.2112,2950.546630859375,True,0.0,1181,7.443891936362964e-05,0.0006790332845235357,4.786109175348593e-07,True,1182,magic-formula,0.36580234025599706,-0.00013058751115505835,0.27675999999999995
7.900000000000,948,held_throttle,0.0,0.15,0.0,1,0.004569733515381813,307.4684143066406,0.4186875820159912,-0.0003781749401241541,36.68251419067383,0.008186467923223972,1.6417200754403893e-07,asphalt,0.0,0.15,0.0,3463.6522154630065,5,-0.5172728896141052,-1.9816432086372515e-06,565.2877077968386,160.00005972859327,-0.0,6004.959414924096,5767.040585075904,5.20935827807989e-08,5.881748294534331e-07,False,-0.0,True,0,0,0.00024249542912002653,36.68251419067383,0.08174962550401688,False,True,-0.8354229927062988,308.5684814453125,4.470348358154297e-08,0.0,0.0,1.0,2935.456787109375,2935.456787109375,0.3388446867465973,0.06115531921386719,0.0,asphalt,True,0.8445769548416138,308.5684509277344,4.470348358154297e-08,0.0,0.0,1.0,2935.456298828125,2935.456298828125,0.3388446867465973,0.06115531921386719,0.0,asphalt,True,-0.835437536239624,306.36846923828125,-2.60770320892334e-08,0.0,0.0,1.0,2950.544677734375,2950.544677734375,0.33853039145469666,0.06146961450576782,0.0,asphalt,True,0.8445624113082886,306.36846923828125,-2.60770320892334e-08,0.0,0.0,1.0,2950.54443359375,2950.54443359375,0.33853039145469666,0.06146961450576782,0.0,asphalt,1188,111.16924624869304,931.8829142147323,111.16910503970163,36.68250274658203,3.36614903062582e-07,9.128372482662836e-05,9.176443204763253e-09,5.439936131226467,-0.0004351124592294959,0.0,0.0,-0.0,2935.454345703125,True,0.0,1187,8.648242617403045e-08,9.089874872925651e-05,8.724630301171124e-09,True,1188,magic-formula,0.07128952947939635,-2.538160461626661e-05,0.0,111.16924519066275,931.8828613624888,111.16910398167134,36.68250274658203,3.3660035114735365e-07,9.12742066649346e-05,9.176046505679525e-09,5.445580682034686,0.002673071343553654,0.0,0.0,-0.0,2935.4541015625,True,0.0,1187,8.291867292131851e-08,9.099307430790087e-05,-5.3598910996706634e-08,True,1188,magic-formula,0.07128950629481884,1.5344021179146704e-05,0.0,111.23453774505293,931.8361311920761,111.23439653606152,36.68250274658203,4.5100750867277384e-07,0.000678653511114653,1.2294894701937899e-08,40.81574638081343,-0.0007066525820447891,44.87334969756214,33.2112,33.2112,2950.54833984375,True,0.0,1187,7.439114289385732e-05,0.0006785583059592756,1.1742673993781278e-08,True,1188,magic-formula,0.36580833573818794,0.00012108268967893487,0.27675999999999995,111.23453770580657,931.836305819087,111.23439649681517,36.68250274658203,4.5099295675754547e-07,0.0006786531580497566,1.2294498002854171e-08,40.8469681797198,-0.02883226242051619,44.87334969756214,33.2112,33.2112,2950.547607421875,True,0.0,1187,7.456072286014947e-05,0.0006790775897377379,4.793400215009667e-07,True,1188,magic-formula,0.365808214497764,-0.00013086548553491767,0.27675999999999995
7.950000000000,954,held_throttle,0.0,0.15,0.0,1,0.004581850487738848,309.3017883300781,0.4186875820159912,-0.0003780255210585892,36.65666198730469,0.008188087493181229,1.0388114191073328e-07,asphalt,0.0,0.15,0.0,3461.20886890816,5,-0.5168151259422302,-2.038399088633014e-06,564.4911854089555,159.99997013570336,-0.0,6004.81887038724,5767.18112961276,5.23639300809009e-08,5.870931331256111e-07,False,-0.0,True,0,0,0.00024222777574323118,36.65666198730469,0.08174963295459747,False,True,-0.8354108333587646,310.40185546875,1.862645149230957e-08,0.0,0.0,1.0,2935.447998046875,2935.447998046875,0.33884480595588684,0.06115520000457764,0.0,asphalt,True,0.844589114189148,310.40179443359375,1.862645149230957e-08,0.0,0.0,1.0,2935.447509765625,2935.447509765625,0.33884480595588684,0.06115520000457764,0.0,asphalt,True,-0.8354253768920898,308.2018127441406,-2.60770320892334e-08,0.0,0.0,1.0,2950.54931640625,2950.54931640625,0.33853039145469666,0.06146961450576782,0.0,asphalt,True,0.8445745706558228,308.2018127441406,4.470348358154297e-08,0.0,0.0,1.0,2950.554443359375,2950.554443359375,0.3385302722454071,0.06146973371505737,0.0,asphalt,1194,111.09088225133745,937.4393238588208,111.09074049565969,36.65665054321289,3.78582626581192e-07,9.11321596207861e-05,1.0327801939647972e-08,5.4308561737617485,-0.0004496714967272153,0.0,0.0,-0.0,2935.448486328125,True,0.0,1193,8.231857264799706e-08,9.074720785901863e-05,9.016577762823408e-09,True,1194,magic-formula,0.07120246183032228,-2.5496877914993084e-05,0.0,111.09088117971068,937.4392710079055,111.09073942403292,36.65665054321289,3.78582626581192e-07,9.11225123445039e-05,1.0327801939647972e-08,5.436508187276333,0.002655476177509966,0.0,0.0,-0.0,2935.4541015625,True,0.0,1193,8.271398343253923e-08,9.084147691827266e-05,-5.3246102521123566e-08,True,1194,magic-formula,0.07120254771915069,1.5207496355963848e-05,0.0,111.15615182648929,937.3958051073632,111.15601007081153,36.65665054321289,4.935427568852901e-07,0.0006787188452815417,1.3463934908713893e-08,40.819653764810404,-0.0007253457645654654,44.877621414225985,33.2112,33.2112,2950.547607421875,True,0.0,1193,7.449391534068078e-05,0.0006786234399337906,1.2053440585396e-08,True,1194,magic-formula,0.3658292494416168,0.00012101578123093398,0.27675999999999995,111.15615178454289,937.3959798802117,111.15601002886513,36.65665054321289,4.935427568852901e-07,0.0006787184676606378,1.3463934908713893e-08,40.850906241494215,-0.02887275717272494,44.877621414225985,33.2112,33.2112,2950.547607421875,True,0.0,1193,7.466999905063477e-05,0.0006791430652346725,4.80013258420509e-07,True,1194,magic-formula,0.36582925305700537,-0.0001311174503735277,0.27675999999999995
8.000000000000,960,held_throttle,0.0,0.15,0.0,1,0.0045939539559185505,311.1338806152344,0.4186875820159912,-0.0003778787504415959,36.63084411621094,0.00818544253706932,-1.403699627644528e-07,asphalt,0.0,0.15,0.0,3458.768479331469,5,-0.5158995985984802,-1.9060623799305176e-06,563.6961637222757,160.00000995476555,-0.0,6004.678570187277,5767.321429812723,4.962680577591527e-08,5.743333920638913e-07,False,-0.0,True,0,0,0.0002419550874037668,36.63084411621094,0.08174961060285568,False,True,-0.8353987336158752,312.23394775390625,2.9802322387695312e-08,0.0,0.0,1.0,2935.47021484375,2935.47021484375,0.3388446867465973,0.06115531921386719,0.0,asphalt,True,0.8446012139320374,312.2339172363281,2.9802322387695312e-08,0.0,0.0,1.0,2935.469970703125,2935.469970703125,0.3388446867465973,0.06115531921386719,0.0,asphalt,True,-0.8354132175445557,310.033935546875,-1.1175870895385742e-08,0.0,0.0,1.0,2950.533447265625,2950.533447265625,0.33853045105934143,0.06146955490112305,0.0,asphalt,True,0.8445866703987122,310.033935546875,-1.1175870895385742e-08,0.0,0.0,1.0,2950.533447265625,2950.533447265625,0.33853045105934143,0.06146955490112305,0.0,asphalt,1200,111.01261793781597,942.9918178065853,111.01247467618961,36.63083267211914,3.246823325753212e-07,9.094107660472111e-05,8.8636350552426e-09,5.425669913094478,-0.00041672251308489717,0.0,0.0,-0.0,2935.460693359375,True,0.0,1199,8.237010044825098e-08,9.066017055111062e-05,8.355867426380571e-09,True,1200,magic-formula,0.0711082701511181,-2.5173971692175918e-05,0.0,111.01261824839688,942.9917649674722,111.01247498677051,36.63083267211914,3.246823325753212e-07,9.09438745672415e-05,8.8636350552426e-09,5.42583814087396,0.0026876750239250543,0.0,0.0,-0.0,2935.46044921875,True,0.0,1199,8.240641505718053e-08,9.066298909669942e-05,-5.389161871324626e-08,True,1200,magic-formula,0.07110353169658304,1.550118320701134e-05,0.0,111.0778677875443,942.9515622499629,111.07772452591794,36.63083267211914,4.3366162572056055e-07,0.0006787641982653955,1.1838705104037501e-08,40.82226406077552,-0.0006795316211273071,44.88188843548399,33.2112,33.2112,2950.539794921875,True,0.0,1199,7.464122379506263e-05,0.0006786686354955845,1.1291804002663563e-08,True,1200,magic-formula,0.36583445599387715,0.00012150372015099062,0.27675999999999995,111.07786774421982,942.9517371667862,111.07772448259345,36.63083267211914,4.3366162572056055e-07,0.0006787638079634248,1.1838705104037501e-08,40.85353764732054,-0.0288491242507289,44.88188843548399,33.2112,33.2112,2950.539794921875,True,0.0,1199,7.481768379364413e-05,0.0006791886131676176,4.796216447887469e-07,True,1200,magic-formula,0.365834462465887,-0.00013081700968644151,0.27675999999999995
