time_s,tick,phase,command.steering_deg,command.throttle,command.brake,command.direction,state.position.0,state.position.1,state.position.2,state.heading,state.speed,state.pitch,state.roll,state.surface,state.steering,state.throttle,state.brake,state.rpm,state.gear,state.acceleration,state.lateral_acceleration,state.dynamics.aerodynamic_force,state.dynamics.rolling_force,state.dynamics.grade_force,state.dynamics.front_load,state.dynamics.rear_load,state.dynamics.yaw_rate,state.dynamics.sideslip,state.dynamics.traction_limited,state.dynamics.road_grade,state.active,state.generation,state.signal,state.velocity.0,state.velocity.1,state.velocity.2,state.hazards,state.wheel_contacts.0.in_contact,state.wheel_contacts.0.contact_point.0,state.wheel_contacts.0.contact_point.1,state.wheel_contacts.0.contact_point.2,state.wheel_contacts.0.contact_normal.0,state.wheel_contacts.0.contact_normal.1,state.wheel_contacts.0.contact_normal.2,state.wheel_contacts.0.suspension_force,state.wheel_contacts.0.normal_load,state.wheel_contacts.0.suspension_length,state.wheel_contacts.0.compression,state.wheel_contacts.0.skid,state.wheel_contacts.0.surface,state.wheel_contacts.1.in_contact,state.wheel_contacts.1.contact_point.0,state.wheel_contacts.1.contact_point.1,state.wheel_contacts.1.contact_point.2,state.wheel_contacts.1.contact_normal.0,state.wheel_contacts.1.contact_normal.1,state.wheel_contacts.1.contact_normal.2,state.wheel_contacts.1.suspension_force,state.wheel_contacts.1.normal_load,state.wheel_contacts.1.suspension_length,state.wheel_contacts.1.compression,state.wheel_contacts.1.skid,state.wheel_contacts.1.surface,state.wheel_contacts.2.in_contact,state.wheel_contacts.2.contact_point.0,state.wheel_contacts.2.contact_point.1,state.wheel_contacts.2.contact_point.2,state.wheel_contacts.2.contact_normal.0,state.wheel_contacts.2.contact_normal.1,state.wheel_contacts.2.contact_normal.2,state.wheel_contacts.2.suspension_force,state.wheel_contacts.2.normal_load,state.wheel_contacts.2.suspension_length,state.wheel_contacts.2.compression,state.wheel_contacts.2.skid,state.wheel_contacts.2.surface,state.wheel_contacts.3.in_contact,state.wheel_contacts.3.contact_point.0,state.wheel_contacts.3.contact_point.1,state.wheel_contacts.3.contact_point.2,state.wheel_contacts.3.contact_normal.0,state.wheel_contacts.3.contact_normal.1,state.wheel_contacts.3.contact_normal.2,state.wheel_contacts.3.suspension_force,state.wheel_contacts.3.normal_load,state.wheel_contacts.3.suspension_length,state.wheel_contacts.3.compression,state.wheel_contacts.3.skid,state.wheel_contacts.3.surface,state.contact_tick,state.wheel_dynamics.0.omega,state.wheel_dynamics.0.rotation,state.wheel_dynamics.0.relative_omega,state.wheel_dynamics.0.longitudinal_speed,state.wheel_dynamics.0.lateral_speed,state.wheel_dynamics.0.kappa,state.wheel_dynamics.0.alpha,state.wheel_dynamics.0.fx,state.wheel_dynamics.0.fy,state.wheel_dynamics.0.drive_torque,state.wheel_dynamics.0.brake_capacity,state.wheel_dynamics.0.brake_torque,state.wheel_dynamics.0.normal_load,state.wheel_dynamics.0.road_support,state.wheel_dynamics.0.steering,state.wheel_dynamics.0.force_contact_tick,state.wheel_dynamics.0.force_residual,state.wheel_dynamics.0.force_kappa,state.wheel_dynamics.0.force_alpha,state.wheel_dynamics.0.sample_support,state.wheel_dynamics.0.sample_tick,state.wheel_dynamics.1.omega,state.wheel_dynamics.1.rotation,state.wheel_dynamics.1.relative_omega,state.wheel_dynamics.1.longitudinal_speed,state.wheel_dynamics.1.lateral_speed,state.wheel_dynamics.1.kappa,state.wheel_dynamics.1.alpha,state.wheel_dynamics.1.fx,state.wheel_dynamics.1.fy,state.wheel_dynamics.1.drive_torque,state.wheel_dynamics.1.brake_capacity,state.wheel_dynamics.1.brake_torque,state.wheel_dynamics.1.normal_load,state.wheel_dynamics.1.road_support,state.wheel_dynamics.1.steering,state.wheel_dynamics.1.force_contact_tick,state.wheel_dynamics.1.force_residual,state.wheel_dynamics.1.force_kappa,state.wheel_dynamics.1.force_alpha,state.wheel_dynamics.1.sample_support,state.wheel_dynamics.1.sample_tick,state.wheel_dynamics.2.omega,state.wheel_dynamics.2.rotation,state.wheel_dynamics.2.relative_omega,state.wheel_dynamics.2.longitudinal_speed,state.wheel_dynamics.2.lateral_speed,state.wheel_dynamics.2.kappa,state.wheel_dynamics.2.alpha,state.wheel_dynamics.2.fx,state.wheel_dynamics.2.fy,state.wheel_dynamics.2.drive_torque,state.wheel_dynamics.2.brake_capacity,state.wheel_dynamics.2.brake_torque,state.wheel_dynamics.2.normal_load,state.wheel_dynamics.2.road_support,state.wheel_dynamics.2.steering,state.wheel_dynamics.2.force_contact_tick,state.wheel_dynamics.2.force_residual,state.wheel_dynamics.2.force_kappa,state.wheel_dynamics.2.force_alpha,state.wheel_dynamics.2.sample_support,state.wheel_dynamics.2.sample_tick,state.wheel_dynamics.3.omega,state.wheel_dynamics.3.rotation,state.wheel_dynamics.3.relative_omega,state.wheel_dynamics.3.longitudinal_speed,state.wheel_dynamics.3.lateral_speed,state.wheel_dynamics.3.kappa,state.wheel_dynamics.3.alpha,state.wheel_dynamics.3.fx,state.wheel_dynamics.3.fy,state.wheel_dynamics.3.drive_torque,state.wheel_dynamics.3.brake_capacity,state.wheel_dynamics.3.brake_torque,state.wheel_dynamics.3.normal_load,state.wheel_dynamics.3.road_support,state.wheel_dynamics.3.steering,state.wheel_dynamics.3.force_contact_tick,state.wheel_dynamics.3.force_residual,state.wheel_dynamics.3.force_kappa,state.wheel_dynamics.3.force_alpha,state.wheel_dynamics.3.sample_support,state.wheel_dynamics.3.sample_tick
0.050000000000,6,full_throttle,0.0,1.0,0.0,1,-1.8516931277190452e-07,0.000704590231180191,0.4160292446613312,-6.8546955844794866e-06,0.031230337917804718,0.00944635272026062,6.836386091890745e-06,asphalt,0.0,1.0,0.0,1174.9695211515425,1,1.0363221168518066,-0.00012448197230696678,0.00021443538229711122,3.615293502807617,-0.0,5854.799487063611,5917.200512936389,-4.208383870718535e-06,0,False,-0.0,True,0,0,-6.387583198375069e-06,0.031230337917804718,0.06127490475773811,False,True,-0.8400000333786011,1.1007734537124634,3.725290298461914e-09,0.0,0.0,1.0,3170.55078125,3170.55078125,0.336210697889328,0.06378930807113647,0.0,asphalt,True,0.8399999141693115,1.1007732152938843,-3.725290298461914e-09,0.0,0.0,1.0,3170.587646484375,3170.587646484375,0.3362105190753937,0.0637894868850708,0.0,asphalt,True,-0.8400002717971802,-1.099226713180542,-2.2351741790771484e-08,0.0,0.0,1.0,3267.838623046875,3267.838623046875,0.33584800362586975,0.06415200233459473,0.0,asphalt,True,0.8399996757507324,-1.099226951599121,-3.725290298461914e-09,0.0,0.0,1.0,3267.87841796875,3267.87841796875,0.33584776520729065,0.06415224075317383,0.0,asphalt,246,0.09515704899430717,0.0018790787838732193,0.10110829151571239,0.031745847314596176,-2.6618511128617683e-06,-0.0003440211464748044,-2.6618511128554817e-06,-29.61356959564118,0.16940551279521948,0.0,0.0,-0.0,3217.52587890625,True,0.0,245,3.4525425391983276e-08,-0.00045145900625204183,-3.09910540148073e-06,True,246,0.09517577361721412,0.0018791753989116202,0.10112701613861934,0.03173879161477089,-2.6618511128617683e-06,-0.0003307863210902304,-2.6618511128554817e-06,-29.82009647377542,-0.4946925840652651,0.0,0.0,-0.0,3217.561279296875,True,0.0,245,3.622707630505459e-08,-0.0004546026655145863,9.04981247494826e-06,True,246,0.12589212328215893,0.002813663882423277,0.13184336580356415,0.031745847314596176,-1.1903107406396884e-05,0.009798553368516275,-1.1903107405834724e-05,639.3415523255647,0.7994179045197749,218.2048316685502,0.0,-0.0,3289.432861328125,True,0.0,245,1.2653453593770656e-10,0.009639213055438522,-1.2052649282066138e-05,True,246,0.1251362277559187,0.002813531911881953,0.13108747027732393,0.03173879161477089,-1.1903107406396884e-05,0.009556163544682285,-1.1903107405834724e-05,647.1683264329525,-16.92214480801182,218.2048316685502,0.0,-0.0,3289.462646484375,True,0.0,245,3.5311445561624447e-10,0.00975989055295836,0.0002552014227464372,True,246
0.100000000000,12,full_throttle,0.0,1.0,0.0,1,-6.723946057718422e-07,0.0043192896991968155,0.4157365560531616,-2.442687764414586e-05,0.10695120692253113,0.04775155708193779,1.5095158232725225e-05,asphalt,0.0,1.0,0.0,1339.331523317797,1,1.823750615119934,-0.00010151288734050468,0.003536088394670257,14.681042432785034,-0.0,5772.408454005339,5999.591545994661,-7.353168712143088e-06,0,False,-0.0,True,0,0,-1.1932394954783376e-05,0.10695120692253113,0.09243347495794296,False,True,-0.8400002717971802,1.1046665906906128,1.862645149230957e-08,0.0,0.0,1.0,2965.94140625,2965.94140625,0.33665362000465393,0.06334638595581055,0.0,asphalt,True,0.8399996757507324,1.1046658754348755,-7.450580596923828e-09,0.0,0.0,1.0,2965.97021484375,2965.97021484375,0.3366532623767853,0.0633467435836792,0.0,asphalt,True,-0.8400011658668518,-1.0953342914581299,3.725290298461914e-09,0.0,0.0,1.0,3199.610107421875,3199.610107421875,0.3348201811313629,0.06517982482910156,0.0,asphalt,True,0.839998722076416,-1.0953350067138672,3.725290298461914e-09,0.0,0.0,1.0,3199.655029296875,3199.655029296875,0.3348197042942047,0.06518030166625977,0.0,asphalt,252,0.3266472368701201,0.012554243670808634,0.34284437813002877,0.10834605991840363,-4.527110377239296e-06,-0.0005524717512639943,-4.5271103772083685e-06,-51.66390210980891,0.2509965693116478,0.0,0.0,-0.0,2995.29541015625,True,0.0,251,1.7058229812079134e-06,-0.0008461040356267102,-4.932710340025759e-06,True,252,0.32667870485076755,0.012554342990272242,0.34287584611067623,0.10833372920751572,-4.527110831986647e-06,-0.0005297566067624243,-4.527110831955719e-06,-52.02102956688141,-0.8325879610783713,0.0,0.0,-0.0,2995.328125,True,0.0,251,1.7890060853984552e-06,-0.000851944464385912,1.6362276533164423e-05,True,252,0.38371467272902554,0.015866418346712347,0.3999118139889342,0.10834605991840363,-2.0674715415225364e-05,0.018279782082174817,-2.0674715412279604e-05,1126.5223307117642,1.2948999671088262,384.3822254033172,0.0,-0.0,3204.87890625,True,0.0,251,1.3219848870212927e-08,0.01789559625567938,-2.057039294216683e-05,True,252,0.3824300114816783,0.01586567619432715,0.398627152741587,0.10833372920751572,-2.067471359623596e-05,0.017868174581438134,-2.06747135932902e-05,1139.8014251958152,-28.305842227995562,384.3822254033172,0.0,-0.0,3204.92626953125,True,0.0,251,1.0608634885730144e-08,0.01812348514272867,0.0004500788164463141,True,252
0.150000000000,18,full_throttle,0.0,1.0,0.0,1,-1.3967237464385107e-06,0.012724454514682293,0.41662347316741943,-4.922187144984491e-05,0.21566453576087952,0.12115300446748734,1.9757513655349612e-05,asphalt,0.0,1.0,0.0,1434.8139467935969,1,2.3989968299865723,-7.30924220988527e-05,0.016081356872415426,31.30809783935547,-0.0,5668.606000267642,6103.393999732358,-9.504708032181952e-06,0,False,-0.0,True,0,0,-1.6125251931953244e-05,0.21566453576087952,0.10641366243362427,False,True,-0.840000569820404,1.1136085987091064,-1.1175870895385742e-08,0.0,0.0,1.0,2773.79052734375,2773.79052734375,0.33895066380500793,0.06104934215545654,0.0,asphalt,True,0.8399993777275085,1.1136071681976318,-2.2351741790771484e-08,0.0,0.0,1.0,2773.821044921875,2773.821044921875,0.33895012736320496,0.06104987859725952,0.0,asphalt,True,-0.8400024771690369,-1.0863962173461914,1.1175870895385742e-08,0.0,0.0,1.0,3206.285400390625,3206.285400390625,0.334298700094223,0.06570130586624146,0.0,asphalt,True,0.8399975299835205,-1.086397647857666,2.2351741790771484e-08,0.0,0.0,1.0,3206.322998046875,3206.322998046875,0.33429810404777527,0.06570190191268921,0.0,asphalt,258,0.6585881200655107,0.03803237477297318,0.6848205377383833,0.21794484555721283,-5.899386906094151e-06,-0.0006107659355942818,-5.899386906025712e-06,-67.56600743487161,0.29849407925482546,0.0,0.0,-0.0,2806.343017578125,True,0.0,257,1.120134959946076e-05,-0.0011811334797264261,-6.261635707817321e-06,True,258,0.6586285950066182,0.03803245330450416,0.6848610126794907,0.2179289162158966,-5.899386906094151e-06,-0.0005814798637125973,-5.899386906025712e-06,-68.02729310791793,-1.034306005046763,0.0,0.0,-0.0,2806.371337890625,True,0.0,257,1.1739881551232055e-05,-0.001189188048855122,2.1696900886267404e-05,True,258,0.7363548141637739,0.044903059585801264,0.7625872318366465,0.21794484555721283,-2.6773388526635244e-05,0.025052243116832573,-2.6773388520238062e-05,1486.4400197496695,1.615894835717145,507.0830998176157,0.0,-0.0,3201.34228515625,True,0.0,257,6.242834423493464e-09,0.024363442084016196,-2.648526661851298e-05,True,258,0.734717392794727,0.044901402806922085,0.7609498104675996,0.2179289013147354,-2.677338670764584e-05,0.02452783830752453,-2.677338670124866e-05,1503.3599881786465,-36.14520810228357,507.0830998176157,0.0,-0.0,3201.375732421875,True,0.0,257,9.105196889178078e-09,0.024683086534145193,0.0005934541305249457,True,258
0.200000000000,24,full_throttle,0.0,1.0,0.0,1,-2.297015953445225e-06,0.027290040627121925,0.417921245098114,-7.91302154539153e-05,0.34808915853500366,0.22010347247123718,1.968325705092866e-05,asphalt,0.0,1.0,0.0,1487.2075252448499,1,2.8063278198242188,-5.43060086783953e-05,0.04428089734089468,51.952152252197266,-0.0,5561.9189658633795,6210.0810341366205,-1.107860680349404e-05,0,False,-0.0,True,0,0,-1.9173137843608856e-05,0.34808915853500366,0.10747411847114563,False,True,-0.8400009274482727,1.1289047002792358,0.0,0.0,0.0,1.0,2593.338134765625,2593.338134765625,0.34215036034584045,0.05784964561462402,0.0,asphalt,True,0.8399989604949951,1.1289024353027344,1.1175870895385742e-08,0.0,0.0,1.0,2593.364013671875,2593.364013671875,0.3421497642993927,0.05785024166107178,0.0,asphalt,True,-0.8400039672851562,-1.0711114406585693,-1.4901161193847656e-08,0.0,0.0,1.0,3255.783203125,3255.783203125,0.33369895815849304,0.06630104780197144,0.0,asphalt,True,0.8399959802627563,-1.0711138248443604,-3.725290298461914e-09,0.0,0.0,1.0,3255.80615234375,3255.80615234375,0.3336983621120453,0.06630164384841919,0.0,asphalt,264,1.0612041562136234,0.08239580133008793,1.0914842843349994,0.35076072812080383,-6.935144028830109e-06,-0.0005633565703080934,-6.935144028718924e-06,-78.60224723749795,0.3191173087217162,0.0,0.0,-0.0,2620.73876953125,True,0.0,263,3.2478875038591455e-05,-0.0014715080421033866,-7.169016232789827e-06,True,264,1.0612495456606355,0.08239583751710271,1.0915296737820115,0.3507421314716339,-6.935144028830109e-06,-0.0005297814036241966,-6.935144028718924e-06,-79.13099969596453,-1.1351033669380177,0.0,0.0,-0.0,2620.765625,True,0.0,263,3.401481163870046e-05,-0.0014813968319907223,2.55000825821953e-05,True,264,1.1538323011057268,0.09370680222713251,1.1841124292271028,0.35076072812080383,-3.126666706521064e-05,0.030003931244086013,-3.126666705502183e-05,1745.5567540577192,1.8549000521641559,595.3918780031137,0.0,-0.0,3245.8828125,True,0.0,263,2.829709272096384e-06,0.028958013666109284,-3.077197083037094e-05,True,264,1.1519577174847595,0.09370404431751406,1.1822378456061355,0.3507421314716339,-3.126667070318945e-05,0.029403915298336747,-3.126667069300063e-05,1764.9220329565526,-41.80786520549082,595.3918780031137,0.0,-0.0,3245.90771484375,True,0.0,263,5.059914866038621e-06,0.029349723148225093,0.0006952426520696522,True,264
0.250000000000,30,full_throttle,0.0,1.0,0.0,1,-3.3135440844489494e-06,0.04898379370570183,0.419086754322052,-0.00011285153595963493,0.4970262050628662,0.3241962790489197,1.6228092135861516e-05,asphalt,0.0,1.0,0.0,1512.5364315683346,1,3.085317850112915,-3.21025654557161e-05,0.09329452423180419,75.4090404510498,-0.0,5462.87019782664,6309.12980217336,-1.2265169971215073e-05,0,False,-0.0,True,0,0,-2.0994000806240365e-05,0.4970262050628662,0.10064725577831268,False,True,-0.8400012850761414,1.151374340057373,-1.862645149230957e-08,0.0,0.0,1.0,2461.473388671875,2461.473388671875,0.34531787037849426,0.054682135581970215,0.0,asphalt,True,0.839998722076416,1.1513711214065552,-1.4901161193847656e-08,0.0,0.0,1.0,2461.489501953125,2461.489501953125,0.34531739354133606,0.05468261241912842,0.0,asphalt,True,-0.8400055766105652,-1.0486607551574707,0.0,0.0,0.0,1.0,3318.807861328125,3318.807861328125,0.3328694999217987,0.06713050603866577,0.0,asphalt,True,0.8399943709373474,-1.0486640930175781,-4.470348358154297e-08,0.0,0.0,1.0,3318.814697265625,3318.814697265625,0.3328690826892853,0.0671309232711792,0.0,asphalt,270,1.5120969774149906,0.14823565930044713,1.5392291886680376,0.499453604221344,-7.733145139354747e-06,-0.0004616016743970719,-7.733145139200595e-06,-86.13180840234014,0.328638516460392,0.0,0.0,-0.0,2479.236328125,True,0.0,269,6.192226383765574e-05,-0.0017046507165615066,-7.804984637029617e-06,True,270,1.5121446415730684,0.14823560759487928,1.5392768528261154,0.4994330406188965,-7.733144229860045e-06,-0.00042530889978387165,-7.733144229705893e-06,-86.70355655089088,-1.1850850276398097,0.0,0.0,-0.0,2479.25537109375,True,0.0,269,6.480865851900515e-05,-0.0017159611108217288,2.8145021543637377e-05,True,270,1.6145879835563022,0.16459139943569606,1.6417201948093492,0.499453604221344,-3.4669501474127173e-05,0.03336043035223579,-3.466950146023656e-05,1927.6100342116413,2.0485798501235273,657.4344701950174,0.0,-0.0,3308.3857421875,True,0.0,269,0.00014099987562205297,0.03196643331394433,-3.3972544728912645e-05,True,270,1.612549804111778,0.16458742243255992,1.639682015364825,0.4994330406188965,-3.466950511210598e-05,0.032708394737990254,-3.466950509821536e-05,1948.6647842823074,-46.0123916525931,657.4344701950174,0.0,-0.0,3308.39306640625,True,0.0,269,0.00024404503650582346,0.032410180476327155,0.0007652777556990346,True,270
0.300000000000,36,full_throttle,0.0,1.0,0.0,1,-4.389313744468382e-06,0.07846645265817642,0.419830322265625,-0.00014941104745958,0.6570438146591187,0.4139472544193268,1.1576148608583026e-05,asphalt,0.0,1.0,0.0,1520.8118726446767,1,3.268902540206909,-1.601941039552912e-05,0.16658698538701316,100.76642990112305,-0.0,5376.642592582328,6395.357407417672,-1.3131390915077645e-05,0,False,-0.0,True,0,0,-2.1767184080090374e-05,0.6570438146591187,0.09081792831420898,False,True,-0.8400015830993652,1.181530475616455,1.4901161193847656e-08,0.0,0.0,1.0,2391.5166015625,2391.5166015625,0.3477887809276581,0.052211225032806396,0.0,asphalt,True,0.8399983644485474,1.1815261840820312,7.450580596923828e-09,0.0,0.0,1.0,2391.52587890625,2391.52587890625,0.34778842329978943,0.05221158266067505,0.0,asphalt,True,-0.8400072455406189,-1.0185267925262451,-2.60770320892334e-08,0.0,0.0,1.0,3374.304443359375,3374.304443359375,0.3318941295146942,0.06810587644577026,0.0,asphalt,True,0.8399927020072937,-1.018531084060669,-1.862645149230957e-08,0.0,0.0,1.0,3374.306884765625,3374.306884765625,0.33189377188682556,0.06810623407363892,0.0,asphalt,276,1.995153228142521,0.23720383774574116,2.0138560275968524,0.658734917640686,-8.25246752356179e-06,-0.0003343523536540882,-8.25246752337445e-06,-91.27441453613648,0.3359547579511259,0.0,0.0,-0.0,2398.946533203125,True,0.0,275,9.31534067400604e-05,-0.0018670169534723557,-8.246354141256897e-06,True,276,1.995202015023665,0.23720364544880795,2.0139048144779963,0.6587128639221191,-8.252466614067089e-06,-0.0002961989643096574,-8.252466613879749e-06,-91.87507290334561,-1.2214153200452493,0.0,0.0,-0.0,2398.955810546875,True,0.0,275,9.745453521321228e-05,-0.0018793065524981278,2.998092091766825e-05,True,276,2.103926871048597,0.2589952576157549,2.1226296705029286,0.658734917640686,-3.7090467230882496e-05,0.03556094980535107,-3.7090467213874006e-05,2052.2110287631826,2.198814373691244,699.8998381052918,0.0,-0.0,3366.162109375,True,0.0,275,1.9099630284021898e-10,0.03386828797268926,-3.628772934667289e-05,True,276,2.1017756474414346,0.25898996886753817,2.120478446895766,0.6587128639221191,-3.70904708688613e-05,0.03487309973355435,-3.7090470851852813e-05,2074.4304971787174,-49.05656335541741,699.8998381052918,0.0,-0.0,3366.164306640625,True,0.0,275,5.352377112747941e-10,0.034347416290744115,0.0008122546574095289,True,276
0.350000000000,42,full_throttle,0.0,1.0,0.0,1,-5.479839273903053e-06,0.11616997420787811,0.4200858473777771,-0.0001879377814475447,0.824130117893219,0.4773806631565094,6.7931100602436345e-06,asphalt,0.0,1.0,0.0,1518.3241987096783,1,3.382936477661133,-3.060928065679036e-06,0.26606974417715357,127.34827995300293,-0.0,5305.043838936055,6466.956161063945,-1.3699660485144705e-05,0,False,-0.0,True,0,0,-2.172365566366352e-05,0.824130117893219,0.0817335918545723,False,True,-0.8400018215179443,1.2197110652923584,3.725290298461914e-09,0.0,0.0,1.0,2377.31591796875,2377.31591796875,0.34926578402519226,0.05073422193527222,0.0,asphalt,True,0.8399980664253235,1.219705581665039,2.60770320892334e-08,0.0,0.0,1.0,2377.31982421875,2377.31982421875,0.34926554560661316,0.05073446035385132,0.0,asphalt,True,-0.8400091528892517,-0.9803653359413147,7.450580596923828e-09,0.0,0.0,1.0,3411.4697265625,3411.4697265625,0.3309352695941925,0.06906473636627197,0.0,asphalt,True,0.8399907946586609,-0.980370819568634,7.450580596923828e-09,0.0,0.0,1.0,3411.46435546875,3411.46435546875,0.3309350907802582,0.0690649151802063,0.0,asphalt,282,2.4990292695740792,0.350403629628231,2.5071663168648812,0.8248746395111084,-8.681644430907909e-06,-0.00019498055166222716,-8.681644430689794e-06,-94.81998235912185,0.34590508981041407,0.0,0.0,-0.0,2376.48095703125,True,0.0,281,0.00012155962933321445,-0.0019579575358912304,-8.571217670988413e-06,True,282,2.49907933519546,0.35040326644726316,2.507216382486262,0.8248516917228699,-8.681643521413207e-06,-0.00015551110836808935,-8.681643521195093e-06,-95.44260387932391,-1.260328544753456,0.0,0.0,-0.0,2376.48193359375,True,0.0,281,0.0001271562133151143,-0.0019708253372283657,3.1229959111233815e-05,True,282,2.6118384698203108,0.37788061839401393,2.6199755171111128,0.8248746395111084,-3.876555274473503e-05,0.03703205552959421,-3.876555272531649e-05,2134.768883261047,2.300881949887629,728.0325588266036,0.0,-0.0,3406.72265625,True,0.0,281,2.5229714883618828e-09,0.035102916271030904,-3.7834384336286426e-05,True,282,2.6096137585145898,0.37787394516025336,2.6177508058053918,0.8248516917228699,-3.8765549106756225e-05,0.03632084858694484,-3.876554908733768e-05,2157.74385055948,-51.08970317467446,728.0325588266036,0.0,-0.0,3406.722412109375,True,0.0,281,6.703887850673294e-09,0.03560581310532118,0.00084305187171004,True,282
0.400000000000,48,full_throttle,0.0,1.0,0.0,1,-6.544830284838099e-06,0.16235899925231934,0.4199422299861908,-0.00022764784807804972,0.9953734874725342,0.5116409659385681,2.901264451793395e-06,asphalt,0.0,1.0,0.0,1509.048641213687,1,3.4468836784362793,9.07591856957879e-06,0.3924460747876779,154.6626091003418,-0.0,5247.885788771018,6524.114211228982,-1.4007677236804739e-05,0,False,-0.0,True,0,0,-2.0912664695060812e-05,0.9953734874725342,0.0755557045340538,False,True,-0.840002179145813,1.2661563158035278,1.4901161193847656e-08,0.0,0.0,1.0,2401.216796875,2401.216796875,0.3497820198535919,0.05021798610687256,0.0,asphalt,True,0.8399977684020996,1.266149640083313,2.9802322387695312e-08,0.0,0.0,1.0,2401.217041015625,2401.217041015625,0.34978190064430237,0.05021810531616211,0.0,asphalt,True,-0.8400108814239502,-0.9339314699172974,-1.4901161193847656e-08,0.0,0.0,1.0,3428.308837890625,3428.308837890625,0.33013591170310974,0.06986409425735474,0.0,asphalt,True,0.8399890661239624,-0.9339381456375122,0.0,0.0,0.0,1.0,3428.30419921875,3428.30419921875,0.3301357924938202,0.06986421346664429,0.0,asphalt,288,3.0157218730272257,0.48861875748060396,3.0140704238982403,0.9952366948127747,-8.969315786089282e-06,-4.847671379015761e-05,-8.969315785848759e-06,-97.24828170139119,0.3589192519208856,0.0,0.0,-0.0,2395.48291015625,True,0.0,287,0.0001446845821026381,-0.001992202756520234,-8.823292343961224e-06,True,288,3.0157738000466807,0.48861823348384625,3.0141223509176953,0.9952132105827332,-8.96931487659458e-06,-7.856567328490272e-06,-8.969314876354057e-06,-97.8889234757103,-1.3032773123410608,0.0,0.0,-0.0,2395.479736328125,True,0.0,287,0.00015136357235745278,-0.0020053420758537888,3.203860655344214e-05,True,288,3.1312547449568906,0.5219468885854804,3.129603295827905,0.9952366948127747,-3.972915874328464e-05,0.03807737102299935,-3.9729158722381726e-05,2186.986429451678,2.355669218433431,745.8164443773344,0.0,-0.0,3426.800537109375,True,0.0,287,1.355210788013665e-08,0.03596319712954499,-3.8737047150512e-05,True,288,3.1289884210173096,0.5219387931711348,3.127336971888324,0.9952132105827332,-3.972915874328464e-05,0.037352968352978966,-3.9729158722381726e-05,2210.3939308554027,-52.26777759792502,745.8164443773344,0.0,-0.0,3426.7919921875,True,0.0,287,3.4236585179421676e-08,0.0364825069478143,0.0008626783939905592,True,288
0.450000000000,54,full_throttle,0.0,1.0,0.0,1,-7.470058790204348e-06,0.21718177199363708,0.4195716083049774,-0.00026416516629979014,1.1689754724502563,0.5214991569519043,-2.603793291200418e-06,asphalt,0.0,1.0,0.0,1495.5097059424934,1,3.4898409843444824,6.80166413076222e-05,0.5457287952269498,160.0,-0.0,5203.673740325,6568.326259675,-1.1921241821255535e-05,-0.001136513989358069,False,-0.0,True,0,0,-1.678140506555792e-05,1.1689754724502563,0.07359977811574936,False,True,-0.8400022983551025,1.3210501670837402,1.4901161193847656e-08,0.0,0.0,1.0,2457.762939453125,2457.762939453125,0.34960129857063293,0.05039870738983154,0.0,asphalt,True,0.8399976491928101,1.321042537689209,1.4901161193847656e-08,0.0,0.0,1.0,2457.745849609375,2457.745849609375,0.34960129857063293,0.05039870738983154,0.0,asphalt,True,-0.8400124311447144,-0.8790410757064819,-1.4901161193847656e-08,0.0,0.0,1.0,3427.951416015625,3427.951416015625,0.3295765817165375,0.070423424243927,0.0,asphalt,True,0.8399875164031982,-0.8790487051010132,0.0,0.0,0.0,1.0,3427.93115234375,3427.93115234375,0.32957664132118225,0.07042336463928223,0.0,asphalt,294,3.539116630748255,0.6524141979873851,3.5308168273869582,1.16824209690094,-8.425161468039732e-06,-0.00028556474287372605,-7.211828344692899e-06,-96.42969958866232,0.28766379296995065,0.0,0.0,-0.0,2448.9541015625,True,0.0,293,5.7339995960094346e-05,-0.0019322486193818795,-6.9170216962932275e-06,True,294,3.539173852315073,0.6524137139483157,3.5308740489537764,1.1682220697402954,-8.425159649050329e-06,-0.0002522623771238597,-7.211950422043674e-06,-97.04358512859551,-1.15722445690989,0.0,0.0,-0.0,2448.93310546875,True,0.0,293,5.9871515165856016e-05,-0.0019445774628429626,2.7826432274732415e-05,True,294,3.6761624685966066,0.6921845246364724,3.66786266523531,1.16824209690094,-3.4596647310536355e-05,0.03842655375544723,-2.9614278917185888e-05,2215.7751058634035,1.7334681670103835,756.2114931428493,0.0,-0.0,3429.0263671875,True,0.0,293,2.2220633175509564e-08,0.03656633862387818,-2.8606957361575575e-05,True,294,3.67395718345813,0.692175014003065,3.6656573800968335,1.1682220697402954,-3.4596647310536355e-05,0.037821405660235535,-2.9614786603126996e-05,2238.593063589797,-45.47802378623106,756.2114931428493,0.0,-0.0,3429.002685546875,True,0.0,293,4.2706316781066974e-08,0.03707845417332359,0.0007532653117625865,True,294
0.500000000000,60,full_throttle,0.0,1.0,0.0,1,-8.189306754502468e-06,0.2807386517524719,0.4191862642765045,-0.00029509796877391636,1.3442655801773071,0.517238974571228,-7.424093382724095e-06,asphalt,0.0,1.0,0.0,1479.288849611084,1,3.514462471008301,6.227053381735459e-05,0.7262528364013646,160.0,-0.0,5169.641930072241,6602.358069927759,-1.0111565643455833e-05,-0.0008710648841379875,False,-0.0,True,0,0,-1.2676457117777318e-05,1.3442655801773071,0.07503645122051239,False,True,-0.8400024175643921,1.384572148323059,-2.2351741790771484e-08,0.0,0.0,1.0,2494.534423828125,2494.534423828125,0.34913381934165955,0.05086618661880493,0.0,asphalt,True,0.8399975299835205,1.3845635652542114,0.0,0.0,0.0,1.0,2494.513671875,2494.513671875,0.34913399815559387,0.050866007804870605,0.0,asphalt,True,-0.8400137424468994,-0.8155176043510437,-2.2351741790771484e-08,0.0,0.0,1.0,3416.94091796875,3416.94091796875,0.32927271723747253,0.07072728872299194,0.0,asphalt,True,0.8399862051010132,-0.8155261874198914,-1.4901161193847656e-08,0.0,0.0,1.0,3416.919921875,3416.919921875,0.32927289605140686,0.07072710990905762,0.0,asphalt,300,4.068569434922325,0.8423102977740793,4.057288058217751,1.3432679176330566,-8.115848686429672e-06,-0.0004764530592058657,-6.0418689226432794e-06,-95.21448198993184,0.24405123233254128,0.0,0.0,-0.0,2490.09521484375,True,0.0,299,2.3428980367378387e-05,-0.0018763289363134452,-5.771230854319136e-06,True,300,4.068630164854748,0.8423101986267316,4.057348788150175,1.3432509899139404,-8.115846867440268e-06,-0.0004489373292120085,-6.04194370842152e-06,-95.79888846738447,-1.020065612134464,0.0,0.0,-0.0,2490.073486328125,True,0.0,299,2.44280960843042e-05,-0.001887871806789553,2.4122454550474904e-05,True,300,4.22783836449167,0.8896251867178194,4.216556987787096,1.3432679176330566,-3.0312590752146207e-05,0.03865107025013996,-2.256630293114863e-05,2231.7755567082613,1.3087508383408624,761.3797216923841,0.0,-0.0,3419.10498046875,True,0.0,299,1.9933232320977588e-08,0.0370677355185794,-2.173714546980741e-05,True,300,4.225776898564391,0.889614581016518,4.214495521859817,1.3432509899139404,-3.0312588933156803e-05,0.038157713634435715,-2.256658595870702e-05,2253.1319240017706,-39.832858404455315,761.3797216923841,0.0,-0.0,3419.0830078125,True,0.0,299,3.169463746576126e-08,0.037553249426559306,0.0006638994509610196,True,300
0.550000000000,66,full_throttle,0.0,1.0,0.0,1,-8.709390385774896e-06,0.3530833125114441,0.4188994765281677,-0.00032152002677321434,1.5202369689941406,0.5075264573097229,-1.0117344572790898e-05,asphalt,0.0,1.0,0.0,1461.3862344649322,1,3.5214431285858154,5.5191980209201574e-05,0.9335612159839357,160.0,-0.0,5144.216195003063,6627.783804996937,-8.678190170030575e-06,-0.0006793160222718071,False,-0.0,True,0,0,-8.811544830678031e-06,1.5202369689941406,0.0774071142077446,False,True,-0.8400023579597473,1.456842064857483,-2.60770320892334e-08,0.0,0.0,1.0,2510.771484375,2510.771484375,0.34865984320640564,0.05134016275405884,0.0,asphalt,True,0.8399975895881653,1.4568325281143188,7.450580596923828e-09,0.0,0.0,1.0,2510.75439453125,2510.75439453125,0.34866008162498474,0.051339924335479736,0.0,asphalt,True,-0.8400148153305054,-0.7432443499565125,-2.9802322387695312e-08,0.0,0.0,1.0,3403.736328125,3403.736328125,0.32917168736457825,0.07082831859588623,0.0,asphalt,True,0.839985191822052,-0.7432538866996765,7.450580596923828e-09,0.0,0.0,1.0,3403.719482421875,3403.719482421875,0.32917192578315735,0.07082808017730713,0.0,asphalt,306,4.6007603804816295,1.058676423887137,4.58876335688427,1.5191776752471924,-7.719194400124252e-06,-0.0006100337724511211,-5.081166295312886e-06,-93.62194638596677,0.20760372618112227,0.0,0.0,-0.0,2509.093994140625,True,0.0,305,1.0236337038296135e-05,-0.0018309393992918034,-4.872062010932996e-06,True,306,4.600822769748,1.0586769590140008,4.588825746150641,1.5191631317138672,-7.719196219113655e-06,-0.000586913727968876,-5.081216136636157e-06,-94.17645489342695,-0.9013547326492278,0.0,0.0,-0.0,2509.075927734375,True,0.0,305,1.0657849250339184e-05,-0.0018418058893310716,2.1153321043626622e-05,True,306,4.782008704379985,1.1146373930271185,4.770011680782625,1.5191776752471924,-2.6770194381242618e-05,0.0387612312619202,-1.762150327420777e-05,2236.9250322690677,1.015159854677522,762.878466147499,0.0,-0.0,3405.85888671875,True,0.0,305,1.1010507982348057e-08,0.037380390643088096,-1.6963944425680967e-05,True,306,4.780081879571677,1.1146258624167624,4.768084855974317,1.5191631317138672,-2.6770194381242618e-05,0.03835262147196453,-1.7621671971640393e-05,2256.9098999873095,-35.264804229429636,762.878466147499,0.0,-0.0,3405.83544921875,True,0.0,305,1.557972024706771e-08,0.03783929454103663,0.0005912487506468392,True,306
0.600000000000,72,full_throttle,0.0,1.0,0.0,1,-9.047131243278272e-06,0.43422821164131165,0.4187292754650116,-0.0003443830937612802,1.6961846351623535,0.4972911775112152,-1.104913553717779e-05,asphalt,0.0,1.0,0.0,1442.4480748505914,1,3.5161731243133545,4.509256177698262e-05,1.1669723790460365,160.0,-0.0,5125.918797509425,6646.081202490575,-7.551079306722386e-06,-0.0005425612870817488,False,-0.0,True,0,0,-5.336678441381082e-06,1.6961846351623535,0.07959472388029099,False,True,-0.8400022983551025,1.5379090309143066,-1.862645149230957e-08,0.0,0.0,1.0,2515.162109375,2515.162109375,0.34829244017601013,0.051707565784454346,0.0,asphalt,True,0.8399976491928101,1.5378988981246948,3.725290298461914e-08,0.0,0.0,1.0,2515.146728515625,2515.146728515625,0.348292738199234,0.05170726776123047,0.0,asphalt,True,-0.8400155305862427,-0.662173867225647,2.2351741790771484e-08,0.0,0.0,1.0,3395.184326171875,3395.184326171875,0.32919731736183167,0.07080268859863281,0.0,asphalt,True,0.8399844169616699,-0.6621838212013245,1.4901161193847656e-08,0.0,0.0,1.0,3395.1689453125,3395.1689453125,0.32919761538505554,0.07080239057540894,0.0,asphalt,312,5.133228675671562,1.3016695192967604,5.121588266663894,1.6951581239700317,-7.322484634642024e-06,-0.0007035691724279338,-4.319646958625514e-06,-91.83256392919269,0.17716507701941625,0.0,0.0,-0.0,2514.965576171875,True,0.0,311,4.755230198271492e-06,-0.001791721650059828,-4.147947531239948e-06,True,312,5.133290988524776,1.301670851782701,5.121650579517108,1.6951454877853394,-7.322483725147322e-06,-0.0006839894159632704,-4.319678622198027e-06,-92.35691475620486,-0.8009827386102635,0.0,0.0,-0.0,2514.94970703125,True,0.0,311,4.943963651319112e-06,-0.0018019714847102998,1.8753525628519607e-05,True,312,5.335613905709016,1.3673499204039363,5.323973496701347,1.6951581239700317,-2.389917426626198e-05,0.03869518954392429,-1.409849259885388e-05,2234.473074521645,0.8087367752357656,761.8191684426896,0.0,-0.0,3396.429443359375,True,0.0,311,1.7558062100332928e-09,0.037465791763110184,-1.3560227668963237e-05,True,312,5.333805844261044,1.3673375836394737,5.322165435253376,1.6951454877853394,-2.3899170628283173e-05,0.03835095057577598,-1.4098595547644289e-05,2253.2338502784423,-31.59007909973894,761.8191684426896,0.0,-0.0,3396.4140625,True,0.0,311,2.3224084411394137e-09,0.03789815610396247,0.0005313277342479574,True,312
0.650000000000,78,full_throttle,0.0,1.0,0.0,1,-9.217899787472561e-06,0.5241570472717285,0.4186583161354065,-0.0003644282987806946,1.8716140985488892,0.48844122886657715,-1.0550313163548708e-05,asphalt,0.0,1.0,0.0,1422.8939522925352,1,3.5024285316467285,4.0320643165614456e-05,1.4257071447677718,160.0,-0.0,5113.4054399690995,6658.5945600309005,-6.648267572018085e-06,-0.0004413913928082482,False,-0.0,True,0,0,-2.072173401757027e-06,1.8716140985488892,0.08121317625045776,False,True,-0.840002179145813,1.6277713775634766,1.4901161193847656e-08,0.0,0.0,1.0,2514.10498046875,2514.10498046875,0.34805092215538025,0.05194908380508423,0.0,asphalt,True,0.8399978280067444,1.627760648727417,-2.2351741790771484e-08,0.0,0.0,1.0,2514.088134765625,2514.088134765625,0.3480513393878937,0.0519486665725708,0.0,asphalt,True,-0.8400161266326904,-0.5723084807395935,2.2351741790771484e-08,0.0,0.0,1.0,3387.446044921875,3387.446044921875,0.32929566502571106,0.07070434093475342,0.0,asphalt,True,0.8399838805198669,-0.5723192095756531,-2.2351741790771484e-08,0.0,0.0,1.0,3387.4306640625,3387.4306640625,0.3292960226535797,0.07070398330688477,0.0,asphalt,318,5.664247265127016,1.571289515970626,5.653259607073379,1.870645523071289,-6.98847998137353e-06,-0.0007718862614884871,-3.7358654513374052e-06,-89.97728435747807,0.15275293578957738,0.0,0.0,-0.0,2514.443115234375,True,0.0,317,2.3378709961870345e-06,-0.0017558618490162822,-3.5770771399097615e-06,True,318,5.664308828697565,1.5712917495827186,5.653321170643928,1.8706344366073608,-6.988480890868232e-06,-0.0007551037816485502,-3.7358880784373026e-06,-90.47259202371367,-0.7162593518156952,0.0,0.0,-0.0,2514.431640625,True,0.0,317,2.4272662764546035e-06,-0.0017655428286983046,1.677307886415771e-05,True,318,5.886949103616602,1.647716070000316,5.875961445562965,1.870645523071289,-2.1582369299721904e-05,0.03851487640688837,-1.1537391254827168e-05,2226.7419583626825,0.6592945565150937,758.9894694100236,0.0,-0.0,3388.715087890625,True,0.0,317,6.348372025243063e-10,0.03740500866442242,-1.107488836116338e-05,True,318,5.885248373208899,1.6477030457131987,5.874260715155263,1.8706344366073608,-2.1582369299721904e-05,0.0382210041429827,-1.1537459632095039e-05,2244.406549269019,-28.567153979986376,758.9894694100236,0.0,-0.0,3388.699462890625,True,0.0,317,7.789874359403602e-10,0.03781221229656212,0.00048127965405858104,True,318
0.700000000000,84,full_throttle,0.0,1.0,0.0,1,-9.234168828697875e-06,0.6228333115577698,0.41865208745002747,-0.0003821902791969478,2.0461838245391846,0.48143625259399414,-9.238262464350555e-06,asphalt,0.0,1.0,0.0,1402.9976818734237,1,3.482834815979004,3.2005205866880715e-05,1.7089523718746067,160.0,-0.0,5105.502962771331,6666.497037228669,-5.914829216635553e-06,-0.000367427987215781,False,-0.0,True,0,0,8.660859975861968e-07,2.0461838245391846,0.08205755054950714,False,True,-0.8400017619132996,1.7263957262039185,7.450580596923828e-09,0.0,0.0,1.0,2511.94091796875,2511.94091796875,0.3479097783565521,0.052090227603912354,0.0,asphalt,True,0.839998185634613,1.7263845205307007,-2.2351741790771484e-08,0.0,0.0,1.0,2511.924560546875,2511.924560546875,0.34791019558906555,0.052089810371398926,0.0,asphalt,True,-0.8400164246559143,-0.4736820161342621,2.2351741790771484e-08,0.0,0.0,1.0,3380.609375,3380.609375,0.32942357659339905,0.07057642936706543,0.0,asphalt,True,0.8399834632873535,-0.47369319200515747,-7.450580596923828e-09,0.0,0.0,1.0,3380.599609375,3380.599609375,0.32942381501197815,0.07057619094848633,0.0,asphalt,324,6.192712446866789,1.8674415996793114,6.182421578286448,2.045276403427124,-6.590591965505155e-06,-0.0008220385070039708,-3.2223478227387547e-06,-88.12800426753732,0.13212090813912858,0.0,0.0,-0.0,2512.262451171875,True,0.0,323,1.2096102887957757e-06,-0.0017212420730182384,-3.0965695095633667e-06,True,324,6.19277263366194,1.8674447970047994,6.182481765081599,2.045266628265381,-6.590590601263102e-06,-0.000807552000367418,-3.222362556626596e-06,-88.59845989548626,-0.6462409648928256,0.0,0.0,-0.0,2512.258056640625,True,0.0,323,1.2544436399336823e-06,-0.0017304402492170868,1.5146286692537462e-05,True,324,6.434960139368341,1.95560484329142,6.424669270788,2.045276403427124,-1.957499080162961e-05,0.038263993283887195,-9.570829042094994e-06,2215.3759091693496,0.5464203005020062,754.9443910098367,0.0,-0.0,3381.631103515625,True,0.0,323,9.095075240672977e-11,0.03725146598292172,-9.18803763809386e-06,True,324,6.4333545715869365,1.9555911934605286,6.423063703006595,2.045266628265381,-1.9574988982640207e-05,0.038009900168488556,-9.570873895617378e-06,2232.059363785006,-26.03809901894604,754.9443910098367,0.0,-0.0,3381.618896484375,True,0.0,323,1.0322834859067204e-10,0.03763526487276327,0.0004390343313886479,True,324
0.750000000000,90,full_throttle,0.0,1.0,0.0,1,-9.109257007366978e-06,0.7302070260047913,0.4186740517616272,-0.00039806918357498944,2.219658851623535,0.4762035608291626,-7.814297532604542e-06,asphalt,0.0,1.0,0.0,1382.9386529374883,1,3.4594340324401855,2.9492930480046198e-05,2.015887826874332,160.0,-0.0,5101.227889639396,6670.772110360604,-5.30465649717371e-06,-0.00031186254373353724,False,-0.0,True,0,0,3.6333535717858467e-06,2.219658851623535,0.08227897435426712,False,True,-0.8400014042854309,1.833730697631836,-2.2351741790771484e-08,0.0,0.0,1.0,2510.720947265625,2510.720947265625,0.3478311002254486,0.05216890573501587,0.0,asphalt,True,0.8399985432624817,1.83371901512146,0.0,0.0,0.0,1.0,2510.7138671875,2510.7138671875,0.3478313386440277,0.05216866731643677,0.0,asphalt,True,-0.8400166630744934,-0.36634543538093567,1.4901161193847656e-08,0.0,0.0,1.0,3375.647705078125,3375.647705078125,0.3295457065105438,0.07045429944992065,0.0,asphalt,True,0.8399832844734192,-0.36635711789131165,-1.4901161193847656e-08,0.0,0.0,1.0,3375.63818359375,3375.63818359375,0.3295459449291229,0.07045406103134155,0.0,asphalt,330,6.717878582803893,2.189976121308969,6.708200071854877,2.2188050746917725,-6.242691597435623e-06,-0.0008586344011099803,-2.8135376417806153e-06,-86.33749361854339,0.11608405155216456,0.0,0.0,-0.0,2510.82666015625,True,0.0,329,6.557183766936146e-07,-0.0016872121922206467,-2.722225407537199e-06,True,330,6.717937432971312,2.1899803176077297,6.708258922022297,2.2187962532043457,-6.24268977844622e-06,-0.000845909272247065,-2.8135480080310064e-06,-86.78135519010584,-0.586825927288157,0.0,0.0,-0.0,2510.81982421875,True,0.0,329,6.792164260950397e-07,-0.0016958967655814074,1.3761428814568482e-05,True,330,6.9787858302796915,2.290824854426157,6.969107319330676,2.2188050746917725,-1.7888969523482956e-05,0.03794576200535398,-8.062434022321862e-06,2201.523705875464,0.4610328622775909,750.0732270617042,0.0,-0.0,3376.337158203125,True,0.0,329,0.0003165475874371604,0.03701454517842349,-7.75144456236526e-06,True,330,6.977264624038842,2.29081064648849,6.967586113089826,2.2187962532043457,-1.7888967704493552e-05,0.03772364073879815,-8.062465257128054e-06,2217.3307933490023,-23.906064743288777,750.0732270617042,0.0,-0.0,3376.328125,True,0.0,329,0.00033975976287210335,0.037376604682648244,0.0004029744556216045,True,330
0.800000000000,96,full_throttle,0.0,1.0,0.0,1,-8.851478924043477e-06,0.8462184071540833,0.4186986982822418,-0.00041238052654080093,2.3918824195861816,0.47239115834236145,-6.594092155864928e-06,asphalt,0.0,1.0,0.0,1362.8346778535088,1,3.4333338737487793,2.815416155499406e-05,2.3457190270131707,160.0,-0.0,5099.7651147406705,6672.2348852593295,-4.79511390949483e-06,-0.00026927530840256686,False,-0.0,True,0,0,6.238633432076313e-06,2.3918824195861816,0.08215054124593735,False,True,-0.8400008678436279,1.9497140645980835,-3.3527612686157227e-08,0.0,0.0,1.0,2511.026611328125,2511.026611328125,0.34778234362602234,0.05221766233444214,0.0,asphalt,True,0.8399990797042847,1.9497019052505493,-2.9802322387695312e-08,0.0,0.0,1.0,2511.02197265625,2511.02197265625,0.34778252243995667,0.05221748352050781,0.0,asphalt,True,-0.8400167226791382,-0.2503606677055359,-1.4901161193847656e-08,0.0,0.0,1.0,3372.505126953125,3372.505126953125,0.3296433389186859,0.07035666704177856,0.0,asphalt,True,0.8399832248687744,-0.25037282705307007,-7.450580596923828e-09,0.0,0.0,1.0,3372.498779296875,3372.498779296875,0.32964351773262024,0.07035648822784424,0.0,asphalt,336,7.239253538156951,2.5387081425961635,7.230036151091659,2.391068935394287,-5.942707502981648e-06,-0.00088465362549013,-2.4853769019375676e-06,-84.61627286002647,0.10304640974979427,0.0,0.0,-0.0,2510.874755859375,True,0.0,335,3.7045079172758886e-07,-0.0016535220575541526,-2.4164077457558637e-06,True,336,7.239310479433557,2.5387133613849766,7.230093092368266,2.3910608291625977,-5.942707502981648e-06,-0.0008734077042510985,-2.485385327921866e-06,-85.03681891409511,-0.5365429869004718,0.0,0.0,-0.0,2510.866943359375,True,0.0,335,3.832098295370623e-07,-0.0016617507408385806,1.2581854153334354e-05,True,336,7.517918827070826,2.653146489596827,7.5087014400055345,2.391068935394287,-1.6471130948048085e-05,0.03757494240720016,-6.8886056374077155e-06,2185.990199278515,0.3947495471575329,744.6479728134332,0.0,-0.0,3372.927734375,True,0.0,335,9.15661275025281e-05,0.03671237706369099,-6.629587545273241e-06,True,336,7.51647426074675,2.6531317849973863,7.507256873681459,2.3910608291625977,-1.6471130948048085e-05,0.03737908956299167,-6.88862899132353e-06,2201.0176104679795,-22.09154544465861,744.6479728134332,0.0,-0.0,3372.915283203125,True,0.0,335,9.810112801549755e-05,0.03705452344972948,0.0003719151078252858,True,336
0.850000000000,102,full_throttle,0.0,1.0,0.0,1,-8.46644525154261e-06,0.9708017110824585,0.41871389746665955,-0.00042536325054243207,2.562746524810791,0.4695145785808563,-5.618653176497901e-06,asphalt,0.0,1.0,0.0,1342.7632754588237,1,3.4053802490234375,2.2752295990358107e-05,2.697666937985509,160.0,-0.0,5100.465619425176,6671.534380574824,-4.361870651337085e-06,-0.00023466391655417622,False,-0.0,True,0,0,8.734991752135102e-06,2.562746524810791,0.08191660791635513,False,True,-0.8400002121925354,2.0742759704589844,0.0,0.0,0.0,1.0,2512.703125,2512.703125,0.34774211049079895,0.05225789546966553,0.0,asphalt,True,0.8399996757507324,2.074263572692871,7.450580596923828e-09,0.0,0.0,1.0,2512.69970703125,2512.69970703125,0.3477422297000885,0.05225777626037598,0.0,asphalt,True,-0.8400165438652039,-0.12579776346683502,2.2351741790771484e-08,0.0,0.0,1.0,3370.52734375,3370.52734375,0.3297136127948761,0.07028639316558838,0.0,asphalt,True,0.8399834036827087,-0.1258101612329483,-2.2351741790771484e-08,0.0,0.0,1.0,3370.517333984375,3370.517333984375,0.3297138512134552,0.07028615474700928,0.0,asphalt,342,7.756498805792817,2.913430104822993,7.747567131729611,2.561957836151123,-5.675194188370369e-06,-0.0009029150311733728,-2.2151786060956555e-06,-82.96865059432874,0.09157943107818078,0.0,0.0,-0.0,2512.34228515625,True,0.0,341,2.1701758509356823e-07,-0.0016203570660270562,-2.146228178214161e-06,True,342,7.756554345035057,2.913436358283356,7.747622670971851,2.561950445175171,-5.675193278875668e-06,-0.0008928788290616787,-2.215184641667942e-06,-83.37100796806587,-0.49433500272193154,0.0,0.0,-0.0,2512.33984375,True,0.0,341,2.2429483291693562e-07,-0.0016282215833355888,1.1585134111941182e-05,True,342,8.052089586947766,3.042319182550588,8.04315791288456,2.561957836151123,-1.5251542208716273e-05,0.037171465586923275,-5.953080879523287e-06,2169.3480862296888,0.341072126752803,738.8580331546962,0.0,-0.0,3370.80908203125,True,0.0,341,2.5789532951916858e-05,0.03636798935359447,-5.717898787644948e-06,True,342,8.050711609618762,3.0423040249560267,8.041779935555557,2.561950445175171,-1.5251542208716273e-05,0.03699696306676227,-5.953098053578197e-06,2183.674683443694,-20.52996561768015,738.8580331546962,0.0,-0.0,3370.80517578125,True,0.0,341,2.7630377326200316e-05,0.036691666098549576,0.00034495917954967535,True,342
0.900000000000,108,full_throttle,0.0,1.0,0.0,1,-7.958577043609694e-06,1.1038867235183716,0.4187179505825043,-0.000437215028796345,2.732182025909424,0.467068612575531,-4.880883352598175e-06,asphalt,0.0,1.0,0.0,1322.7756286472793,1,3.3763856887817383,2.2954891392146237e-05,3.0709794375640924,160.0,-0.0,5102.813592642848,6669.186407357152,-3.991484845755622e-06,-0.00020699669866752188,False,-0.0,True,0,0,1.1173937309649773e-05,2.732182025909424,0.08172964304685593,False,True,-0.8399994969367981,2.207343101501465,-2.9802322387695312e-08,0.0,0.0,1.0,2515.358154296875,2515.358154296875,0.3476990759372711,0.05230093002319336,0.0,asphalt,True,0.8400004506111145,2.2073302268981934,0.0,0.0,0.0,1.0,2515.354736328125,2515.354736328125,0.34769919514656067,0.05230081081390381,0.0,asphalt,True,-0.8400163054466248,0.007269877940416336,-2.2351741790771484e-08,0.0,0.0,1.0,3368.882568359375,3368.882568359375,0.3297645151615143,0.0702354907989502,0.0,asphalt,True,0.8399836421012878,0.007257004268467426,-2.9802322387695312e-08,0.0,0.0,1.0,3368.878173828125,3368.878173828125,0.32976463437080383,0.07023537158966064,0.0,asphalt,348,8.2694026932098,3.3139203139149593,8.260592053828391,2.7314038276672363,-5.432144462247379e-06,-0.0009156240035505456,-1.988773833885836e-06,-81.40120349184095,0.08271085286554639,0.0,0.0,-0.0,2514.86669921875,True,0.0,347,1.3133709487668067e-07,-0.0015881297826827552,-1.9364171155165263e-06,True,348,8.26945648072434,3.3139275990608876,8.260645841342932,2.7313969135284424,-5.432142643257976e-06,-0.000906596502743782,-1.9887782022252945e-06,-81.7854550760866,-0.45720476145537425,0.0,0.0,-0.0,2514.8603515625,True,0.0,347,1.3568571319359148e-07,-0.0015956350999905744,1.0704083744787703e-05,True,348,8.581199406608006,3.458083056755013,8.572388767226597,2.7314038276672363,-1.4196071788319387e-05,0.036754717664412836,-5.197353699367025e-06,2151.9819910348497,0.29876335031978785,732.8349292573141,0.0,-0.0,3369.16748046875,True,0.0,347,7.263015638304243e-06,0.036002803773510735,-4.998331675017265e-06,True,348,8.579883545995344,3.4580674946849146,8.571072906613935,2.7313969135284424,-1.4196069969329983e-05,0.03659836333375884,-5.197366189765351e-06,2165.6732916645205,-19.166447609460462,732.8349292573141,0.0,-0.0,3369.16015625,True,0.0,347,7.787381289752276e-06,0.03630975442228173,0.00032134532398180336,True,348
0.950000000000,114,full_throttle,0.0,1.0,0.0,1,-7.331469987548189e-06,1.2454007863998413,0.4187147319316864,-0.00044808845268562436,2.9001450538635254,0.46461668610572815,-4.484970759222051e-06,asphalt,0.0,1.0,0.0,1302.905405696337,1,3.3467650413513184,2.017625047301408e-05,3.4649349736775363,160.0,-0.0,5106.402767244261,6665.597232755739,-3.671489821499563e-06,-0.00018431104341979656,False,-0.0,True,0,0,1.3515348655346315e-05,2.9001450538635254,0.08164620399475098,False,True,-0.8399986624717712,2.3488388061523438,-1.1175870895385742e-08,0.0,0.0,1.0,2518.634521484375,2518.634521484375,0.34764865040779114,0.05235135555267334,0.0,asphalt,True,0.8400012254714966,2.3488259315490723,2.2351741790771484e-08,0.0,0.0,1.0,2518.62939453125,2518.62939453125,0.3476487696170807,0.05235123634338379,0.0,asphalt,True,-0.8400158882141113,0.1487666666507721,7.450580596923828e-09,0.0,0.0,1.0,3366.897216796875,3366.897216796875,0.32980820536613464,0.07019180059432983,0.0,asphalt,True,0.839984118938446,0.1487535536289215,1.4901161193847656e-08,0.0,0.0,1.0,3366.889404296875,3366.889404296875,0.32980838418006897,0.07019162178039551,0.0,asphalt,354,8.777839637860357,3.739950056554758,8.769023300647437,2.8993659019470215,-5.229801899986342e-06,-0.000923933557784066,-1.803774368895172e-06,-79.91007067198626,0.07465384921565593,0.0,0.0,-0.0,2518.056640625,True,0.0,353,8.189080502999853e-08,-0.0015570446731808445,-1.7455528872437828e-06,True,354,8.777891592035942,3.739958364080684,8.769075254823022,2.899359941482544,-5.229800080996938e-06,-0.0009159663388756913,-1.8037774496936336e-06,-80.27511426778287,-0.4254619450705272,0.0,0.0,-0.0,2518.0517578125,True,0.0,353,8.448454780408965e-08,-0.0015641647394599339,9.948177531450077e-06,True,354,9.105243487187968,3.900177197213035,9.096427149975048,2.8993659019470215,-1.3290156857692637e-05,0.0363405145774296,-4.5838149812946236e-06,2134.171581427459,0.26327198091591,726.6697516424285,0.0,-0.0,3367.27099609375,True,0.0,353,2.0730237499960904e-06,0.035633888722447764,-4.395806301215845e-06,True,354,9.103983666249299,3.900161250459089,9.095167329036379,2.899359941482544,-1.3290155948197935e-05,0.03619925448996087,-4.583824090950616e-06,2147.278840968653,-17.963645160047548,726.6697516424285,0.0,-0.0,3367.265869140625,True,0.0,353,2.224987554368137e-06,0.03592544175932409,0.0003005440454384197,True,354
1.000000000000,120,full_throttle,0.0,1.0,0.0,1,-6.5884350988199e-06,1.3952691555023193,0.4187094569206238,-0.0004581115790642798,3.066608190536499,0.4618537724018097,-4.435897153598489e-06,asphalt,0.0,1.0,0.0,1283.1745754508286,1,3.316596269607544,1.8436705431668088e-05,3.878839786741082,160.0,-0.0,5110.917701848654,6661.082298151346,-3.3915637231984874e-06,-0.00016539485863096225,False,-0.0,True,0,0,1.5808618627488613e-05,3.066608190536499,0.08165580034255981,False,True,-0.8399977087974548,2.4986867904663086,3.725290298461914e-09,0.0,0.0,1.0,2522.2705078125,2522.2705078125,0.3475901186466217,0.05240988731384277,0.0,asphalt,True,0.8400022387504578,2.498673439025879,-1.1175870895385742e-08,0.0,0.0,1.0,2522.26123046875,2522.26123046875,0.34759029746055603,0.05240970849990845,0.0,asphalt,True,-0.8400153517723083,0.29861530661582947,0.0,0.0,0.0,1.0,3364.2001953125,3364.2001953125,0.3298558294773102,0.0701441764831543,0.0,asphalt,True,0.8399845957756042,0.2986019551753998,3.725290298461914e-08,0.0,0.0,1.0,3364.197021484375,3364.197021484375,0.32985588908195496,0.07014411687850952,0.0,asphalt,360,9.281736678656165,4.191288374075398,9.272841039326016,3.065821886062622,-5.018302545067854e-06,-0.0009292066571245829,-1.63685391114103e-06,-78.48666856571349,0.06784330956730489,0.0,0.0,-0.0,2521.645751953125,True,0.0,359,5.238113612385356e-08,-0.0015271161687408408,-1.5840338323635956e-06,True,360,9.281787157666495,4.1912976964364335,9.272891518336346,3.0658161640167236,-5.018304364057258e-06,-0.0009219085018708456,-1.6368575594819656e-06,-78.83680249176899,-0.39747743083411063,0.0,0.0,-0.0,2521.64306640625,True,0.0,359,5.399686680642558e-08,-0.0015339342050689824,9.280501616596334e-06,True,360,9.624241027152955,4.368343690352042,9.615345387822806,3.065821886062622,-1.2464025530789513e-05,0.03593739525401862,-4.065476075887813e-06,2116.100225150892,0.2337657584869937,720.4254251066567,0.0,-0.0,3364.70263671875,True,0.0,359,6.040603744052664e-07,0.0352710343090392,-3.896393993322882e-06,True,360,9.623033045062947,4.368327398772115,9.614137405732798,3.0658161640167236,-1.2464026440284215e-05,0.03580930329175805,-4.06548396035776e-06,2128.6703734089187,-16.891546752312653,720.4254251066567,0.0,-0.0,3364.69970703125,True,0.0,359,6.490273433136307e-07,0.0355485636093025,0.00028208698539546864,True,360
1.050000000000,126,full_throttle,0.0,1.0,0.0,1,-5.731070359615842e-06,1.5534167289733887,0.41870588064193726,-0.0004673825460486114,3.2315573692321777,0.4586339294910431,-4.5397782741929404e-06,asphalt,0.0,1.0,0.0,1263.5974685731862,1,3.286219835281372,1.8217118849861436e-05,4.312020082968025,160.0,-0.0,5116.117481837967,6655.882518162033,-3.1408669656229904e-06,-0.00014886619785322742,False,-0.0,True,0,0,1.8098176951752976e-05,3.2315573692321777,0.08171659708023071,False,True,-0.8399966359138489,2.656810760498047,1.4901161193847656e-08,0.0,0.0,1.0,2526.09619140625,2526.09619140625,0.3475245535373688,0.0524754524230957,0.0,asphalt,True,0.8400033116340637,2.656796932220459,3.725290298461914e-09,0.0,0.0,1.0,2526.090087890625,2526.090087890625,0.3475246727466583,0.05247533321380615,0.0,asphalt,True,-0.840014636516571,0.4567398428916931,0.0,0.0,0.0,1.0,3360.752685546875,3360.752685546875,0.3299138844013214,0.07008612155914307,0.0,asphalt,True,0.8399853110313416,0.4567262530326843,3.725290298461914e-08,0.0,0.0,1.0,3360.74658203125,3360.74658203125,0.32991400361061096,0.07008600234985352,0.0,asphalt,366,9.781064647632212,4.6677045441727065,9.772070226641864,3.230762243270874,-4.8456204240210354e-06,-0.0009319502103613888,-1.4998381369938323e-06,-77.12660294629076,0.06224863516154453,0.0,0.0,-0.0,2525.448486328125,True,0.0,365,3.425748339936939e-08,-0.0014983781285661537,-1.4512034517645661e-06,True,366,9.78111383955472,4.667714867472912,9.772119418564372,3.2307567596435547,-4.8456204240210354e-06,-0.0009252298495002099,-1.4998406826987535e-06,-77.46240426257118,-0.37240015987974595,0.0,0.0,-0.0,2525.4423828125,True,0.0,365,3.53063161219272e-08,-0.0015049090922948155,8.681812431766515e-06,True,366,10.138215160608432,4.862328335161401,10.129220739618084,3.230762243270874,-1.1741062735382002e-05,0.03554850251488451,-3.63414632561865e-06,2097.906628457517,0.20913285506969861,714.1453061300455,0.0,-0.0,3361.371826171875,True,0.0,365,1.8051327091844243e-07,0.03491815705864043,-3.4808669820179044e-06,True,366,10.137055315738412,4.862311722189478,10.128060894748064,3.230756998062134,-1.1741063644876704e-05,0.03543171343440689,-3.634152507250628e-06,2109.977801983255,-15.929032456326594,714.1453061300455,0.0,-0.0,3361.368896484375,True,0.0,365,1.941174077496976e-07,0.03518285846595722,0.0002656088991953926,True,366
1.100000000000,132,full_throttle,0.0,1.0,0.0,1,-4.759749117511092e-06,1.719767451286316,0.41870570182800293,-0.00047598511446267366,3.394989013671875,0.4549556374549866,-4.549438472167822e-06,asphalt,0.0,1.0,0.0,1244.561394641008,1,3.255951404571533,1.801207872631494e-05,4.763828744664921,160.0,-0.0,5121.815474403684,6650.184525596316,-2.9169402750994777e-06,-0.00013414804612409047,False,-0.0,True,0,0,2.038139609794598e-05,3.394989013671875,0.08178436756134033,False,True,-0.8399955630302429,2.823133945465088,-4.0978193283081055e-08,0.0,0.0,1.0,2530.00830078125,2530.00830078125,0.3474535644054413,0.05254644155502319,0.0,asphalt,True,0.8400043845176697,2.823119878768921,-1.1175870895385742e-08,0.0,0.0,1.0,2530.00537109375,2530.00537109375,0.34745362401008606,0.05254638195037842,0.0,asphalt,True,-0.8400138020515442,0.6230645775794983,1.4901161193847656e-08,0.0,0.0,1.0,3356.736328125,3356.736328125,0.3299840986728668,0.07001590728759766,0.0,asphalt,True,0.8399861454963684,0.6230505108833313,1.4901161193847656e-08,0.0,0.0,1.0,3356.72802734375,3356.72802734375,0.32998427748680115,0.07001572847366333,0.0,asphalt,372,10.275820970244009,5.168969445692294,10.266751318878729,3.3941869735717773,-4.68543112219777e-06,-0.0009327869725227898,-1.3804281139127146e-06,-75.83194906397321,0.05739386877338776,0.0,0.0,-0.0,2529.352294921875,True,0.0,371,2.2911126334706826e-08,-0.0014709380972917452,-1.3359460646928465e-06,True,372,10.275868556114668,5.16898075749241,10.266798904749388,3.394181966781616,-4.685432941187173e-06,-0.000926686693453272,-1.380430686109311e-06,-76.15319000827266,-0.35006926142781436,0.0,0.0,-0.0,2529.35009765625,True,0.0,371,2.3585305973352414e-08,-0.001477173858495518,8.148520031527215e-06,True,372,10.647184012585539,5.381880089475647,10.638114361220259,3.3941869735717773,-1.1089245163020678e-05,0.03517300358259894,-3.2671285492890116e-06,2079.6981853785032,0.18815771017261582,707.8673914198101,0.0,-0.0,3357.4345703125,True,0.0,371,5.5468624833432865e-08,0.03457505166487784,-3.1281282094972743e-06,True,372,10.646069484529239,5.381863199662909,10.636999833163959,3.394181966781616,-1.1089245163020678e-05,0.035066170369730996,-3.2671333686614658e-06,2091.3058552223583,-15.060997429087895,707.8673914198101,0.0,-0.0,3357.428955078125,True,0.0,371,5.969429655567007e-08,0.034828014330212695,0.0002508215725602231,True,372
1.150000000000,138,full_throttle,0.0,1.0,0.0,1,-3.674626441352302e-06,1.8942475318908691,0.418708473443985,-0.00048399256775155663,3.557013511657715,0.45095112919807434,-4.202147465548478e-06,asphalt,0.0,1.0,0.0,1245.9310333793812,1,3.230942726135254,1.7600077626411803e-05,5.233839493176389,160.0,-0.0,5127.775050457563,6644.224949542437,-2.720058319027885e-06,-0.00012114815929425251,False,-0.0,True,0,0,2.264449358335696e-05,3.557013511657715,0.0818270593881607,False,True,-0.8399943113327026,2.997584104537964,-2.9802322387695312e-08,0.0,0.0,1.0,2533.754150390625,2533.754150390625,0.34737923741340637,0.052620768547058105,0.0,asphalt,True,0.84000563621521,2.9975697994232178,3.725290298461914e-09,0.0,0.0,1.0,2533.750244140625,2533.750244140625,0.3473793566226959,0.052620649337768555,0.0,asphalt,True,-0.8400129079818726,0.7975161075592041,7.450580596923828e-09,0.0,0.0,1.0,3352.558349609375,3352.558349609375,0.3300635516643524,0.06993645429611206,0.0,asphalt,True,0.8399869799613953,0.7975018620491028,0.0,0.0,0.0,1.0,3352.55078125,3352.55078125,0.33006373047828674,0.06993627548217773,0.0,asphalt,378,10.76632971920187,5.6948608223650385,10.757259121612854,3.556211233139038,-4.552097379928455e-06,-0.0009342599706845944,-1.2800413365512796e-06,-74.71174333831887,0.053214080113641815,0.0,0.0,-0.0,2533.17919921875,True,0.0,377,1.5792140249598803e-08,-0.001447007654892138,-1.2367723401380935e-06,True,378,10.76637552105155,5.694873107683279,10.757304923462534,3.556206703186035,-4.552097379928455e-06,-0.0009287371389476321,-1.2800429670884166e-06,-75.020456262864,-0.3305578497344059,0.0,0.0,-0.0,2533.17236328125,True,0.0,377,1.6256083354433228e-08,-0.0014529937149068833,7.682680199297354e-06,True,378,11.152303459603505,5.926771068800948,11.14323286201449,3.556211233139038,-1.0523444871068932e-05,0.0348823228986378,-2.9591731708662473e-06,2065.0131050769596,0.17031320314579038,702.7958043450317,0.0,-0.0,3353.230224609375,True,0.0,377,1.7939591058651062e-08,0.03431324962749261,-2.830005990469846e-06,True,378,11.151229856018695,5.926753920585697,11.142159258429679,3.556206703186035,-1.0523444871068932e-05,0.03478401556054409,-2.9591769403083833e-06,2076.1942845941567,-14.292158856198842,702.7958043450317,0.0,-0.0,3353.225341796875,True,0.0,377,1.9305105246149376e-08,0.03455582193546906,0.00023787623868583,True,378
1.200000000000,144,full_throttle,0.0,1.0,0.0,1,-2.4787434540485265e-06,2.0768020153045654,0.41871243715286255,-0.0004914995515719056,3.718247175216675,0.44704052805900574,-3.7126869756320957e-06,asphalt,0.0,1.0,0.0,1269.568281861089,1,3.2226381301879883,1.50567739183316e-05,5.723074328997172,160.0,-0.0,5133.2251129927545,6638.7748870072455,-2.5593233203835553e-06,-0.00011064447860882188,False,-0.0,True,0,0,2.48100495809922e-05,3.718247175216675,0.08181875944137573,False,True,-0.8399930000305176,3.180109739303589,-3.725290298461914e-09,0.0,0.0,1.0,2536.41796875,2536.41796875,0.34730783104896545,0.05269217491149902,0.0,asphalt,True,0.840006947517395,3.1800951957702637,-1.862645149230957e-08,0.0,0.0,1.0,2536.41357421875,2536.41357421875,0.347307950258255,0.05269205570220947,0.0,asphalt,True,-0.8400118350982666,0.9800426363945007,-1.4901161193847656e-08,0.0,0.0,1.0,3349.157470703125,3349.157470703125,0.33014240860939026,0.06985759735107422,0.0,asphalt,True,0.839988112449646,0.9800282716751099,2.2351741790771484e-08,0.0,0.0,1.0,3349.1552734375,3349.1552734375,0.33014246821403503,0.06985753774642944,0.0,asphalt,384,11.254427603980583,6.2452122495842355,11.245542617118042,3.717461109161377,-4.371964678284712e-06,-0.0009415027474421307,-1.1760619815250655e-06,-73.99862740948201,0.04923386492402739,0.0,0.0,-0.0,2536.09521484375,True,0.0,383,1.1442156272881852e-08,-0.0014315405902181593,-1.1429445964980339e-06,True,384,11.254472904295996,6.245225497786007,11.245587917433456,3.717456817626953,-4.371964678284712e-06,-0.0009363280812757941,-1.1760633392033723e-06,-74.30002463165896,-0.3148443881533665,0.0,0.0,-0.0,2536.090576171875,True,0.0,383,1.1760795470860961e-08,-0.0014373767866000626,7.3090153162797935e-06,True,384,11.657153372615399,6.496906046185657,11.648268385752859,3.717461109161377,-9.991206752602011e-06,0.03480856961295725,-2.6876425762613755e-06,2060.557255843645,0.15484681346504864,701.2122474192672,0.0,-0.0,3349.619873046875,True,0.0,383,6.3724680698627045e-09,0.03426497525349597,-2.574945305500577e-06,True,384,11.656115777078652,6.496888648943879,11.647230790216112,3.717456817626953,-9.991206752602011e-06,0.0347176564895214,-2.6876456789499074e-06,2071.3666219815254,-13.64297753683063,701.2122474192672,0.0,-0.0,3349.614990234375,True,0.0,383,6.855378388072934e-09,0.034499463118695145,0.00022722939882682496,True,384
1.250000000000,150,full_throttle,0.0,1.0,0.0,1,-1.176751425191469e-06,2.26741886138916,0.4187145233154297,-0.0004985818522982299,3.8796327114105225,0.44399169087409973,-3.3384528705937555e-06,asphalt,0.0,1.0,0.0,1306.7855711713,1,3.2340147495269775,1.2822354619856924e-05,6.2341254337384315,160.0,-0.0,5137.111673454287,6634.888326545713,-2.4195176138164243e-06,-0.00010226259251481105,False,-0.0,True,0,0,2.6909139705821872e-05,3.8796327114105225,0.08174090087413788,False,True,-0.8399915099143982,3.370703935623169,0.0,0.0,0.0,1.0,2536.9814453125,2536.9814453125,0.34725120663642883,0.052748799324035645,0.0,asphalt,True,0.8400084376335144,3.3706893920898438,2.9802322387695312e-08,0.0,0.0,1.0,2536.9765625,2536.9765625,0.3472513258457184,0.052748680114746094,0.0,asphalt,True,-0.8400107026100159,1.170637845993042,1.4901161193847656e-08,0.0,0.0,1.0,3347.739501953125,3347.739501953125,0.33020278811454773,0.06979721784591675,0.0,asphalt,True,0.8399892449378967,1.1706233024597168,7.450580596923828e-09,0.0,0.0,1.0,3347.731201171875,3347.731201171875,0.33020296692848206,0.06979703903198242,0.0,asphalt,390,11.742965014023412,6.81998579849735,11.734527246398557,3.8788862228393555,-4.2956980905728415e-06,-0.0009558847562471757,-1.1074565851603202e-06,-73.74243420386469,0.04596164670452473,0.0,0.0,-0.0,2537.059326171875,True,0.0,389,8.732484645730178e-09,-0.0014260396027600526,-1.0665738797837821e-06,True,390,11.743009467908305,6.820000000783932,11.73457170028345,3.8788821697235107,-4.295696271583438e-06,-0.0009510588753030053,-1.1074572734154185e-06,-74.03528989076982,-0.3019243293950291,0.0,0.0,-0.0,2537.0576171875,True,0.0,389,8.974324119501978e-09,-0.0014317066247394987,7.006394868387403e-06,True,390,12.16532355068739,7.0923783721251645,12.156885783062535,3.8788862228393555,-9.606823368812911e-06,0.03497667657500198,-2.476696354800798e-06,2068.208567313843,0.14180472351862156,703.7521406878035,0.0,-0.0,3347.788330078125,True,0.0,389,2.5252491493515995e-09,0.03445517456895635,-2.3623857773449847e-06,True,390,12.164316389659115,7.092360742880442,12.15587862203426,3.8788821697235107,-9.606821549823508e-06,0.03489207275240455,-2.4766984737999004e-06,2078.6965826648325,-13.10886325883296,703.7521406878035,0.0,-0.0,3347.785888671875,True,0.0,389,2.6984961866732453e-09,0.034683677705435165,0.00021872532282784051,True,390
1.300000000000,156,full_throttle,0.0,1.0,0.0,1,2.300020867096464e-07,2.4661335945129395,0.4187113642692566,-0.0005053090862929821,4.0421271324157715,0.44266819953918457,-2.897038029914256e-06,asphalt,0.0,1.0,0.0,1352.46556992177,1,3.2635037899017334,1.3384684280026704e-05,6.770259257326784,160.0,-0.0,5138.6198455866615,6633.3801544133385,-2.3064549168339e-06,-9.512562803929979e-05,False,-0.0,True,0,0,2.901393781939987e-05,4.0421271324157715,0.08160006999969482,False,True,-0.839989960193634,3.569408893585205,-1.4901161193847656e-08,0.0,0.0,1.0,2534.87353515625,2534.87353515625,0.3472226560115814,0.05277734994888306,0.0,asphalt,True,0.8400099873542786,3.569394111633301,0.0,0.0,0.0,1.0,2534.8720703125,2534.8720703125,0.3472227156162262,0.05277729034423828,0.0,asphalt,True,-0.8400093913078308,1.3693432807922363,-2.9802322387695312e-08,0.0,0.0,1.0,3349.2021484375,3349.2021484375,0.3302250802516937,0.06977492570877075,0.0,asphalt,True,0.8399905562400818,1.369328498840332,0.0,0.0,0.0,1.0,3349.2001953125,3349.2001953125,0.3302251398563385,0.06977486610412598,0.0,asphalt,396,12.23482840293324,7.419291567279958,12.227072603714229,4.041440963745117,-4.189656465314329e-06,-0.0009767780384670518,-1.036673924695998e-06,-73.89510976860598,0.0435964904158056,0.0,0.0,-0.0,2535.41748046875,True,0.0,395,7.0111978852455985e-09,-0.0014299193208053345,-1.0123451611673018e-06,True,396,12.234872205085821,7.419306717913669,12.22711640586681,4.041437149047852,-4.189660103293136e-06,-0.0009722584379312013,-1.0366758033781879e-06,-74.18193728632313,-0.29080740959039725,0.0,0.0,-0.0,2535.419189453125,True,0.0,395,7.1608298223863826e-09,-0.001435471394350317,6.752787533937297e-06,True,396,12.67981187671486,7.713446630652138,12.672056077495848,4.041440963745117,-9.25426502362825e-06,0.03535792229867608,-2.289842931427197e-06,2087.154467045554,0.13153353959848071,710.1354433151841,0.0,-0.0,3348.7373046875,True,0.0,395,1.0886817323476617e-09,0.03485536324394189,-2.196602778595783e-06,True,396,12.678833048823378,7.713428793280924,12.671077249604366,4.041437149047852,-9.254266842617653e-06,0.03527897423753185,-2.2898455428860874e-06,2097.364728960116,-12.672762005741577,710.1354433151841,0.0,-0.0,3348.7294921875,True,0.0,395,1.1764429729232256e-09,0.03507971052023631,0.00021195970822708893,True,396
1.350000000000,162,full_throttle,0.0,1.0,0.0,1,1.7401753211743198e-06,2.6730268001556396,0.41870224475860596,-0.0005117381806485355,4.206573963165283,0.44369056820869446,-2.652124749147333e-06,asphalt,0.0,1.0,0.0,1403.6178230772523,1,3.308687210083008,1.2903057722724043e-05,7.334900219575502,160.0,-0.0,5137.305887586912,6634.694112413088,-2.208547812188044e-06,-8.958159733246438e-05,False,-0.0,True,0,0,3.106484655290842e-05,4.206573963165283,0.08157509565353394,False,True,-0.8399884104728699,3.7763094902038574,2.9802322387695312e-08,0.0,0.0,1.0,2531.211669921875,2531.211669921875,0.3472330868244171,0.05276691913604736,0.0,asphalt,True,0.8400115966796875,3.776294708251953,1.4901161193847656e-08,0.0,0.0,1.0,2531.20654296875,2531.20654296875,0.34723320603370667,0.05276679992675781,0.0,asphalt,True,-0.840008020401001,1.5762437582015991,-7.450580596923828e-09,0.0,0.0,1.0,3355.865234375,3355.865234375,0.3301962912082672,0.06980371475219727,0.0,asphalt,True,0.8399919271469116,1.5762286186218262,2.9802322387695312e-08,0.0,0.0,1.0,3355.863525390625,3355.863525390625,0.330196350812912,0.06980365514755249,0.0,asphalt,402,12.732537299828989,8.043371275334838,12.725549234511716,4.205955982208252,-4.174889909336343e-06,-0.0010030236366075052,-9.926137903000666e-07,-74.37753730545127,0.04142820509291891,0.0,0.0,-0.0,2531.93115234375,True,0.0,401,5.782818611197811e-09,-0.0014412419945504962,-9.633242154030964e-07,True,402,12.732581214411175,8.043387378118599,12.725593149093902,4.205952167510986,-4.174889909336343e-06,-0.0009986720219369069,-9.926146905768554e-07,-74.65790921921692,-0.28160197779210433,0.0,0.0,-0.0,2531.9228515625,True,0.0,401,5.9652673991939985e-09,-0.0014466823367390062,6.548084910042993e-06,True,402,13.202712809975573,8.36049149455623,13.1957247446583,4.205955982208252,-9.02371721167583e-06,0.0358870244296851,-2.145461638170608e-06,2115.644860601948,0.12262510788819621,719.7679031089575,0.0,-0.0,3354.650634765625,True,0.0,401,5.220578994661711e-10,0.035400549786027455,-2.051854882522617e-06,True,402,13.20175547761228,8.360473466831507,13.194767412295008,4.205952167510986,-9.02371721167583e-06,0.03581285143102459,-2.145463584052615e-06,2125.6250848832146,-12.324556627837396,719.7679031089575,0.0,-0.0,3354.6455078125,True,0.0,401,5.607092376054347e-10,0.03562198700002624,0.00020653933417403179,True,402
1.400000000000,168,full_throttle,0.0,1.0,0.0,1,3.354700993440929e-06,2.888216972351074,0.4186968505382538,-0.0005179151776246727,4.373656272888184,0.4472883343696594,-2.266146339024999e-06,asphalt,0.0,1.0,0.0,1458.519631433865,1,3.366556167602539,1.1023512342944741e-05,7.9313844802751,160.0,-0.0,5133.057046303878,6638.942953696122,-2.128397682099603e-06,-8.418527791004787e-05,False,-0.0,True,0,0,3.316209767945111e-05,4.373656272888184,0.0817612037062645,False,True,-0.8399866223335266,3.9915266036987305,-3.725290298461914e-09,0.0,0.0,1.0,2524.906005859375,2524.906005859375,0.3472970426082611,0.05270296335220337,0.0,asphalt,True,0.840013325214386,3.991511344909668,-2.9802322387695312e-08,0.0,0.0,1.0,2524.90087890625,2524.90087890625,0.34729716181755066,0.05270284414291382,0.0,asphalt,True,-0.8400065302848816,1.7914596796035767,2.2351741790771484e-08,0.0,0.0,1.0,3363.877197265625,3363.877197265625,0.3301220238208771,0.0698779821395874,0.0,asphalt,True,0.8399933576583862,1.7914444208145142,0.0,0.0,0.0,1.0,3363.875244140625,3363.875244140625,0.33012208342552185,0.06987792253494263,0.0,asphalt,408,13.238139423261396,8.692574110175865,13.231931701953522,4.373107433319092,-4.111956513952464e-06,-0.0010339155192898909,-9.402825283051343e-07,-75.13264465489716,0.03915343943037296,0.0,0.0,-0.0,2526.177490234375,True,0.0,407,4.955571015475377e-09,-0.001459199016735182,-9.125087068784949e-07,True,408,13.238182785923257,8.692591165006329,13.231975064615384,4.373104095458984,-4.111956513952464e-06,-0.0010298808365861024,-9.402832459947827e-07,-75.40969801428334,-0.2740511506057479,0.0,0.0,-0.0,2526.17822265625,True,0.0,407,5.084135391088918e-09,-0.0014645821859751201,6.387036848043754e-06,True,408,13.736429642584373,9.033996696640612,13.730221921276499,4.373107433319092,-8.784892997937277e-06,0.03656766982565995,-2.0088445417536703e-06,2151.8245361166164,0.11447802455257416,732.0196379044759,0.0,-0.0,3362.45361328125,True,0.0,407,2.601195830135728e-10,0.036095206912740464,-1.92028109814765e-06,True,408,13.735492354082474,9.033978479678016,13.7292846327746,4.373104095458984,-8.784892997937277e-06,0.0364977320237973,-2.0088460750448776e-06,2161.595582014562,-12.030716645806692,732.0196379044759,0.0,-0.0,3362.44921875,True,0.0,407,2.71942007565508e-10,0.0363147734398637,0.0002021158569150349,True,408
1.450000000000,174,full_throttle,0.0,1.0,0.0,1,5.0733065108943265e-06,3.111851930618286,0.4187024235725403,-0.0005238939775153995,4.543920040130615,0.45346304774284363,-2.122440719176666e-06,asphalt,0.0,1.0,0.0,1516.2200895114058,1,3.434013605117798,1.1461081157904118e-05,8.562942399511012,160.0,-0.0,5125.96702613539,6646.03297386461,-2.0620154828066006e-06,-8.012128871550612e-05,False,-0.0,True,0,0,3.524961357470602e-05,4.543920040130615,0.0819983184337616,False,True,-0.8399847745895386,4.215207576751709,-1.4901161193847656e-08,0.0,0.0,1.0,2515.614013671875,2515.614013671875,0.3474215567111969,0.05257844924926758,0.0,asphalt,True,0.840015172958374,4.215192794799805,0.0,0.0,0.0,1.0,2515.6142578125,2515.6142578125,0.3474215567111969,0.05257844924926758,0.0,asphalt,True,-0.8400049209594727,2.015138864517212,-1.4901161193847656e-08,0.0,0.0,1.0,3373.083740234375,3373.083740234375,0.33000943064689636,0.06999057531356812,0.0,asphalt,True,0.8399950265884399,2.0151236057281494,1.4901161193847656e-08,0.0,0.0,1.0,3373.081787109375,3373.081787109375,0.33000949025154114,0.06999051570892334,0.0,asphalt,414,13.7532611104216,9.36733692344746,13.74775241003591,4.54343318939209,-4.069039277965203e-06,-0.0010690204412605242,-8.955869071574378e-07,-76.07568140467691,0.03742940612284131,0.0,0.0,-0.0,2517.33837890625,True,0.0,413,4.335149509616459e-09,-0.0014827145969980849,-8.753986948340177e-07,True,414,13.753303555815926,9.367354931356342,13.747794855430236,4.543429851531982,-4.069035639986396e-06,-0.0010652036613032728,-8.95586764394147e-07,-76.35000796304907,-0.2668403443168692,0.0,0.0,-0.0,2517.332763671875,True,0.0,413,4.4535980561872115e-09,-0.0014880673762686374,6.2408859673410284e-06,True,414,14.282594919831007,9.734547222207448,14.277086219445318,4.54343318939209,-8.596951374784112e-06,0.03737771131941418,-1.89217074762887e-06,2194.0986924200347,0.10782903234924335,746.341778290955,0.0,-0.0,3371.469482421875,True,0.0,413,1.4688539622938396e-10,0.03691778248540301,-1.814325297060512e-06,True,414,14.281676254187321,9.734528800579389,14.276167553801631,4.543429851531982,-8.596947736805305e-06,0.03731174858849706,-1.8921713370123391e-06,2203.669543188564,-11.773249767979834,746.341778290955,0.0,-0.0,3371.46728515625,True,0.0,413,1.49158798203592e-10,0.03713616450578492,0.0001984024037388469,True,414
1.500000000000,180,full_throttle,0.0,1.0,0.0,1,6.8973577072029e-06,3.344104051589966,0.4187188446521759,-0.0005297021707519889,4.717803001403809,0.4619334936141968,-2.2119402274256572e-06,asphalt,0.0,1.0,0.0,1576.2015704953756,1,3.5096383094787598,9.602772479411215e-06,9.232671102668741,160.0,-0.0,5116.260716753021,6655.739283246979,-2.008928277064115e-06,-7.640415600578444e-05,False,-0.0,True,0,0,3.736347207450308e-05,4.717803001403809,0.08217284083366394,False,True,-0.839982807636261,4.447523593902588,-1.1175870895385742e-08,0.0,0.0,1.0,2504.221923828125,2504.221923828125,0.3476010859012604,0.0523989200592041,0.0,asphalt,True,0.8400171399116516,4.447508335113525,1.862645149230957e-08,0.0,0.0,1.0,2504.218505859375,2504.218505859375,0.34760114550590515,0.052398860454559326,0.0,asphalt,True,-0.8400031924247742,2.2474517822265625,7.450580596923828e-09,0.0,0.0,1.0,3383.359619140625,3383.359619140625,0.3298637568950653,0.07013624906539917,0.0,asphalt,True,0.8399967551231384,2.2474365234375,2.9802322387695312e-08,0.0,0.0,1.0,3383.35888671875,3383.35888671875,0.3298637568950653,0.07013624906539917,0.0,asphalt,420,14.279208316555946,10.068164571778281,14.274235391146272,4.717363357543945,-4.0182094380725175e-06,-0.0011075282280571764,-8.517913786831108e-07,-77.17494573275206,0.03529788752753513,0.0,0.0,-0.0,2506.219482421875,True,0.0,419,3.844175701360289e-09,-0.0015108276163200564,-8.292176606064879e-07,True,420,14.279251155087868,10.068183535079005,14.274278229678194,4.717360019683838,-4.01820580009371e-06,-0.0011038246992201963,-8.517912101951555e-07,-77.44704585876278,-0.2607921010336414,0.0,0.0,-0.0,2506.219482421875,True,0.0,419,3.959755316070721e-09,-0.0015161573599489122,6.1265375697020064e-06,True,420,14.842458963873835,10.462792197930415,14.83748603846416,4.717363357543945,-8.42920780996792e-06,0.038294294257729886,-1.7868472642623705e-06,2241.1749491257838,0.10123633760688354,762.2991977884976,0.0,-0.0,3381.5791015625,True,0.0,419,7.457971087373413e-11,0.03784542307454385,-1.7095193879247974e-06,True,420,14.84155899273821,10.46277357529758,14.836586067328536,4.717360019683838,-8.429204171989113e-06,0.03823207199942721,-1.786847757391448e-06,2250.5486232067187,-11.542773556450422,762.2991977884976,0.0,-0.0,3381.5791015625,True,0.0,419,7.958171137413856e-11,0.038063107872283126,0.0001952207674665101,True,420
1.550000000000,186,full_throttle,0.0,1.0,0.0,1,8.829105354379863e-06,3.5851643085479736,0.41874176263809204,-0.0005353582673706114,4.895643711090088,0.4722194969654083,-2.384387926213094e-06,asphalt,0.0,1.0,0.0,1638.1992625926157,1,3.5909788608551025,1.1540345440153033e-05,9.943588437056405,160.0,-0.0,5104.216726796797,6667.783273203203,-1.9567523850128055e-06,-7.298801567776125e-05,False,-0.0,True,0,0,3.955997453886084e-05,4.895643711090088,0.08223623782396317,False,True,-0.8399808406829834,4.688660621643066,1.1175870895385742e-08,0.0,0.0,1.0,2491.69921875,2491.69921875,0.3478220999240875,0.05217790603637695,0.0,asphalt,True,0.8400191068649292,4.688644886016846,2.9802322387695312e-08,0.0,0.0,1.0,2491.6962890625,2491.6962890625,0.3478221595287323,0.05217784643173218,0.0,asphalt,True,-0.8400013446807861,2.488586187362671,-7.450580596923828e-09,0.0,0.0,1.0,3394.486083984375,3394.486083984375,0.32968977093696594,0.07031023502349854,0.0,asphalt,True,0.8399986028671265,2.48857045173645,1.4901161193847656e-08,0.0,0.0,1.0,3394.4833984375,3394.4833984375,0.3296898305416107,0.07031017541885376,0.0,asphalt,426,14.817005093943001,10.79561672717596,14.812364270712854,4.895233631134033,-4.051395080750808e-06,-0.0011484538954558323,-8.276203723929994e-07,-78.38423904947413,0.03409546035751515,0.0,0.0,-0.0,2493.83154296875,True,0.0,425,3.4858462864522953e-09,-0.0015421417171462498,-8.049582279622423e-07,True,426,14.81704705798828,10.795636625650394,14.812406234758132,4.895230293273926,-4.051395080750808e-06,-0.001144943915201285,-8.276209367139526e-07,-78.65281287504546,-0.2543885608293947,0.0,0.0,-0.0,2493.82275390625,True,0.0,425,3.5404204394610496e-09,-0.0015474341600449717,6.005881309376786e-06,True,426,15.417057619666817,11.219434625960742,15.41241679643667,4.895233631134033,-8.34746242617257e-06,0.03930259469790538,-1.7052224786727288e-06,2292.110584088522,0.09618729750877429,779.5663579758798,0.0,-0.0,3392.586669921875,True,0.0,425,2.955941712260939e-11,0.03886391496583941,-1.6309051479149405e-06,True,426,15.416177214408425,11.219415816001383,15.411536391178277,4.895230293273926,-8.34746242617257e-06,0.039243952985176765,-1.7052236413951636e-06,2301.2872680951355,-11.329625715142761,779.5663579758798,0.0,-0.0,3392.5830078125,True,0.0,425,3.9108805700921557e-11,0.039081377581225235,0.00019240421702336664,True,426
1.600000000000,192,full_throttle,0.0,1.0,0.0,1,1.087343116523698e-05,3.8352394104003906,0.4187655746936798,-0.0005408849683590233,5.077716827392578,0.4837712049484253,-2.303893097632681e-06,asphalt,0.0,1.0,0.0,1702.095412435612,1,3.677928924560547,1.240104393218644e-05,10.698608485021055,160.0,-0.0,5090.140877156225,6681.859122843775,-1.9157942006131634e-06,-6.932200452147969e-05,False,-0.0,True,0,0,4.1848968976410106e-05,5.077716827392578,0.08219337463378906,False,True,-0.8399787545204163,4.9388227462768555,2.2351741790771484e-08,0.0,0.0,1.0,2478.843017578125,2478.843017578125,0.3480684459209442,0.051931560039520264,0.0,asphalt,True,0.8400211930274963,4.938806533813477,3.725290298461914e-08,0.0,0.0,1.0,2478.843505859375,2478.843505859375,0.3480684459209442,0.051931560039520264,0.0,asphalt,True,-0.8399994969367981,2.738744020462036,-7.450580596923828e-09,0.0,0.0,1.0,3406.208984375,3406.208984375,0.3294925391674042,0.0705074667930603,0.0,asphalt,True,0.8400004506111145,2.7387280464172363,-3.725290298461914e-08,0.0,0.0,1.0,3406.207275390625,3406.207275390625,0.32949259877204895,0.07050740718841553,0.0,asphalt,432,15.367482344526906,11.550297260236405,15.362975249905247,5.07731819152832,-4.035788151668385e-06,-0.001191380489907929,-7.948661083328174e-07,-79.69497874420803,0.03271071790935702,0.0,0.0,-0.0,2480.98583984375,True,0.0,431,3.1294646794850245e-09,-0.0015760675412990178,-7.762742634294977e-07,True,432,15.367524939581335,11.550318109489297,15.363017844959677,5.077315330505371,-4.035784513689578e-06,-0.0011880492053129566,-7.948658397167201e-07,-79.9647573938387,-0.24874796842195887,0.0,0.0,-0.0,2480.980224609375,True,0.0,431,3.208624550009385e-09,-0.0015814095264357622,5.9031866505689395e-06,True,432,16.00732008818173,12.005224730124045,16.00281299356007,5.07731819152832,-8.242670446634293e-06,0.040394836375207376,-1.6234299556762524e-06,2346.203100145754,0.09130219801070168,797.9101383533678,0.0,-0.0,3404.227294921875,True,0.0,431,0.0007822362986277553,0.03996555238352478,-1.5553328288353628e-06,True,432,16.006460702718037,12.005205768828327,16.00195360809638,5.077315330505371,-8.242666808655486e-06,0.04033956688902261,-1.6234301539486636e-06,2355.177063865927,-11.12887696451532,797.9101383533678,0.0,-0.0,3404.21875,True,0.0,431,0.0007943833120602655,0.04018305134349968,0.00018987640316559803,True,432
1.650000000000,198,full_throttle,0.0,1.0,0.0,1,1.3033939467277378e-05,4.094547271728516,0.41878563165664673,-0.0005462867557071149,5.26425313949585,0.49609383940696716,-2.0252105059626047e-06,asphalt,0.0,1.0,0.0,1767.8611469992904,1,3.7687764167785645,1.1074480426032096e-05,11.500721400283801,160.0,-0.0,5074.29312183006,6697.70687816994,-1.8737663367573987e-06,-6.583179503133918e-05,False,-0.0,True,0,0,4.4188353058416396e-05,5.26425313949585,0.08208177983760834,False,True,-0.8399763703346252,5.198222637176514,1.4901161193847656e-08,0.0,0.0,1.0,2466.14501953125,2466.14501953125,0.34832581877708435,0.05167418718338013,0.0,asphalt,True,0.8400235772132874,5.198206424713135,-1.1175870895385742e-08,0.0,0.0,1.0,2466.139892578125,2466.139892578125,0.3483259379863739,0.051674067974090576,0.0,asphalt,True,-0.8399973511695862,2.998140335083008,-2.2351741790771484e-08,0.0,0.0,1.0,3418.318359375,3418.318359375,0.32927677035331726,0.07072323560714722,0.0,asphalt,True,0.8400025963783264,2.998124122619629,0.0,0.0,0.0,1.0,3418.31640625,3418.31640625,0.32927682995796204,0.07072317600250244,0.0,asphalt,438,15.931354811606168,12.332850289096958,15.926822902825831,5.263852119445801,-4.018755134893581e-06,-0.001235793002568194,-7.634627728325906e-07,-81.08914785158733,0.03101655223090992,0.0,0.0,-0.0,2468.235107421875,True,0.0,437,2.8712943171552044e-09,-0.0016119453271080373,-7.398817885021383e-07,True,438,15.931397039301132,12.33287208715805,15.926865130520795,5.263849258422852,-4.018758772872388e-06,-0.001232602822562988,-7.634638789173274e-07,-81.35393497182895,-0.24393205508786517,0.0,0.0,-0.0,2468.2353515625,True,0.0,437,2.9419712692503874e-09,-0.0016172120820587333,5.818868383185385e-06,True,438,16.614123475496253,12.820959707684302,16.609591566715917,5.263852119445801,-8.132286893669516e-06,0.04156815626708755,-1.54493072926966e-06,2402.9942051778853,0.08611093983232555,817.1703075777979,0.0,-0.0,3416.28515625,True,0.0,437,0.0005758931532026525,0.041147942839124596,-1.4745893604034028e-06,True,438,16.61328416937533,12.820940572977001,16.608752260594994,5.263849258422852,-8.132290531648323e-06,0.041516104801315006,-1.5449322601001762e-06,2411.760434250947,-10.936522465847533,817.1703075777979,0.0,-0.0,3416.27734375,True,0.0,437,0.0005830689767879474,0.04136564547955473,0.00018757938871288005,True,438
1.700000000000,204,full_throttle,0.0,1.0,0.0,1,1.531275120214559e-05,4.363317012786865,0.41879943013191223,-0.0005515707307495177,5.455402374267578,0.5088140964508057,-1.7524392887935392e-06,asphalt,0.0,1.0,0.0,1835.5116931321445,1,3.8599727153778076,1.0251900675939396e-05,12.352818255888401,160.0,-0.0,5056.946803602774,6715.053196397226,-1.8326717281524907e-06,-6.286689303020108e-05,False,-0.0,True,0,0,4.656823512050323e-05,5.455402374267578,0.0819474384188652,False,True,-0.8399739861488342,5.467087268829346,-3.725290298461914e-09,0.0,0.0,1.0,2453.819580078125,2453.819580078125,0.34858468174934387,0.051415324211120605,0.0,asphalt,True,0.8400259017944336,5.467071056365967,1.4901161193847656e-08,0.0,0.0,1.0,2453.816650390625,2453.816650390625,0.34858474135398865,0.05141526460647583,0.0,asphalt,True,-0.839995265007019,3.267001152038574,7.450580596923828e-09,0.0,0.0,1.0,3430.566162109375,3430.566162109375,0.3290471136569977,0.0709528923034668,0.0,asphalt,True,0.8400047421455383,3.266984701156616,2.2351741790771484e-08,0.0,0.0,1.0,3430.563720703125,3430.563720703125,0.32904717326164246,0.07095283269882202,0.0,asphalt,444,16.509111379894478,13.143953941891485,16.504438541519505,5.454988956451416,-3.974404535256326e-06,-0.001279966126783915,-7.285815914540469e-07,-82.46928166120159,0.029466828746617574,0.0,0.0,-0.0,2455.82861328125,True,0.0,443,2.6125131425634034e-09,-0.001647685455396076,-7.064749082127311e-07,True,444,16.509153284764558,13.143976681771115,16.504480446389586,5.454986095428467,-3.974404535256326e-06,-0.001276907279745296,-7.285819735794303e-07,-82.73308808709436,-0.23913796186260852,0.0,0.0,-0.0,2455.825927734375,True,0.0,443,2.684484068039589e-09,-0.001652961402168021,5.7334132678390945e-06,True,444,17.237069755482885,13.667466520241529,17.232396917107913,5.454988956451416,-7.997979992069304e-06,0.042757934932588164,-1.4661771189480878e-06,2459.568329882117,0.08127437175092293,836.3407476868249,0.0,-0.0,3428.55224609375,True,0.0,443,0.0004190913675926547,0.04234655056066758,-1.3993500833006988e-06,True,444,17.236250348132113,13.667447217566474,17.23157750975714,5.454986095428467,-7.997983630048111e-06,0.042708911696470946,-1.466178554835376e-06,2468.120526779363,-10.742437164948504,836.3407476868249,0.0,-0.0,3428.550048828125,True,0.0,443,0.0004230858233998138,0.04256426755499708,0.00018526005534734975,True,444
1.750000000000,210,full_throttle,0.0,1.0,0.0,1,1.7711257896735333e-05,4.641767501831055,0.4188064932823181,-0.0005567391635850072,5.650685787200928,0.5214715003967285,-1.8321032939638826e-06,asphalt,0.0,1.0,0.0,1904.9190304305603,1,3.936236619949341,1.1159681889694184e-05,13.255452417652073,160.0,-0.0,5039.013641285308,6732.986358714692,-1.78952893747919e-06,-6.040807612028171e-05,False,-0.0,True,0,0,4.899215855402872e-05,5.650685787200928,0.08181345462799072,False,True,-0.8399716019630432,5.745632648468018,1.862645149230957e-08,0.0,0.0,1.0,2442.507080078125,2442.507080078125,0.3488355576992035,0.051164448261260986,0.0,asphalt,True,0.8400283455848694,5.745616912841797,3.3527612686157227e-08,0.0,0.0,1.0,2442.504150390625,2442.504150390625,0.34883561730384827,0.05116438865661621,0.0,asphalt,True,-0.8399929404258728,3.545541763305664,-7.450580596923828e-09,0.0,0.0,1.0,3441.88720703125,3441.88720703125,0.32881203293800354,0.07118797302246094,0.0,asphalt,True,0.8400070071220398,3.5455257892608643,-7.450580596923828e-09,0.0,0.0,1.0,3441.886962890625,3441.886962890625,0.32881203293800354,0.07118797302246094,0.0,asphalt,450,17.09939103608,13.984270546704053,17.094389856206057,5.650243282318115,-3.9530750655103475e-06,-0.001317507944305869,-6.996291784250185e-07,-83.53687794624142,0.02824585176421487,0.0,0.0,-0.0,2444.283447265625,True,0.0,449,2.355365651631211e-09,-0.0016769181918969832,-6.804082295063028e-07,True,450,17.099432740722367,13.98429422504525,17.094431560848424,5.650239944458008,-3.9530750655103475e-06,-0.001314482233079467,-6.996295917285857e-07,-83.79526290456971,-0.23332100942302786,0.0,0.0,-0.0,2444.28369140625,True,0.0,449,2.398915957139629e-09,-0.001682108354013403,5.62043063818105e-06,True,450,17.871008125590397,14.545404521449589,17.866006945716453,5.650243282318115,-7.882215868448839e-06,0.04374845237200163,-1.3950223865776454e-06,2506.916523344298,0.07712270926793835,852.3630154609991,0.0,-0.0,3440.110595703125,True,0.0,449,0.00029950813577878186,0.04334587064724443,-1.333523057781593e-06,True,450,17.870209068400833,14.545385052911035,17.86520788852689,5.650239944458008,-7.882215868448839e-06,0.04370240034787644,-1.3950232106823946e-06,2515.2505484205076,-10.5246138292501,852.3630154609991,0.0,-0.0,3440.10791015625,True,0.0,449,0.0003016617946395178,0.04356255052966842,0.00018227971319470393,True,450
1.800000000000,216,full_throttle,0.0,1.0,0.0,1,2.02337159862509e-05,4.9300856590271,0.41880685091018677,-0.0005617745337076485,5.849435329437256,0.5333936810493469,-2.0086017684661783e-06,asphalt,0.0,1.0,0.0,1975.845171027338,1,4.001113414764404,1.0733532690210268e-05,14.207304394768057,160.0,-0.0,5021.558761051619,6750.441238948381,-1.7434612118449877e-06,-5.774377222465327e-05,False,-0.0,True,0,0,5.149479693500325e-05,5.849435329437256,0.08167955279350281,False,True,-0.8399689197540283,6.034040451049805,2.9802322387695312e-08,0.0,0.0,1.0,2432.903076171875,2432.903076171875,0.3490656316280365,0.05093437433242798,0.0,asphalt,True,0.8400310277938843,6.034024238586426,3.725290298461914e-09,0.0,0.0,1.0,2432.89697265625,2432.89697265625,0.34906575083732605,0.05093425512313843,0.0,asphalt,True,-0.839990496635437,3.8339450359344482,7.450580596923828e-09,0.0,0.0,1.0,3451.50830078125,3451.50830078125,0.3285842835903168,0.0714157223701477,0.0,asphalt,True,0.8400094509124756,3.8339290618896484,7.450580596923828e-09,0.0,0.0,1.0,3451.507080078125,3451.507080078125,0.3285842835903168,0.0714157223701477,0.0,asphalt,456,17.700153959422426,14.854360291513284,17.69462377342494,5.848945617675781,-3.921020834241062e-06,-0.001349783633228199,-6.703807986162447e-07,-84.3855269768794,0.026809130741905378,0.0,0.0,-0.0,2434.365478515625,True,0.0,455,2.0366287066461793e-09,-0.001700871852118754,-6.484367285196002e-07,True,456,17.70019490767671,14.854384898047819,17.694664721679224,5.848942756652832,-3.921020834241062e-06,-0.0013469848222665605,-6.703811265344565e-07,-84.64025225982543,-0.22751844454980463,0.0,0.0,-0.0,2434.364990234375,True,0.0,455,2.1111024582452535e-09,-0.0017060100066655323,5.503037612803822e-06,True,456,18.51475722997752,15.455273491305443,18.509227043980033,5.848945617675781,-7.74816726334393e-06,0.04461047943893938,-1.3247117976142712e-06,2547.5164859270526,0.07275153972071224,866.0969655773927,0.0,-0.0,3450.0322265625,True,0.0,455,0.00021141041527795448,0.04421699086466747,-1.2627641497919585e-06,True,456,18.51398006517315,15.45525385528084,18.508449879175664,5.848942756652832,-7.74816726334393e-06,0.0445671424220745,-1.3247124455999006e-06,2555.6246858752997,-10.291380554439732,866.0969655773927,0.0,-0.0,3450.0283203125,True,0.0,455,0.00021252018275134583,0.04443178943237081,0.0001789247638827793,True,456
1.850000000000,222,full_throttle,0.0,1.0,0.0,1,2.2883266865392216e-05,5.228431224822998,0.41880062222480774,-0.0005666713113896549,6.051212310791016,0.5440455079078674,-2.2449601146945497e-06,asphalt,0.0,1.0,0.0,2048.1191647193345,1,4.059071063995361,1.1297132004983723e-05,15.207747370134078,160.0,-0.0,5005.05785657589,6766.94214342411,-1.6903539972190629e-06,-5.5095485880532965e-05,False,-0.0,True,0,0,5.4070071200840175e-05,6.051212310791016,0.08155514299869537,False,True,-0.8399661183357239,6.332466125488281,1.1175870895385742e-08,0.0,0.0,1.0,2425.2099609375,2425.2099609375,0.34926465153694153,0.05073535442352295,0.0,asphalt,True,0.8400338292121887,6.332448959350586,2.60770320892334e-08,0.0,0.0,1.0,2425.20654296875,2425.20654296875,0.3492647111415863,0.050735294818878174,0.0,asphalt,True,-0.8399879336357117,4.13236665725708,1.4901161193847656e-08,0.0,0.0,1.0,3459.41064453125,3459.41064453125,0.3283741772174835,0.07162582874298096,0.0,asphalt,True,0.8400119543075562,4.132349967956543,3.725290298461914e-08,0.0,0.0,1.0,3459.406982421875,3459.406982421875,0.3283742368221283,0.07162576913833618,0.0,asphalt,462,18.310076954474134,15.75470237853494,18.303907771294398,6.050665855407715,-3.907767677446827e-06,-0.0013784367920095665,-6.45840932358504e-07,-85.10550273702124,0.025715527629493112,0.0,0.0,-0.0,2426.364501953125,True,0.0,461,1.7932658853271695e-09,-0.0017210543892903045,-6.240417405035188e-07,True,462,18.31011712899889,15.754727905832098,18.303947945819154,6.050662994384766,-3.907767677446827e-06,-0.0013757735016570983,-6.458412377408614e-07,-85.35691776310539,-0.22151413461766534,0.0,0.0,-0.0,2426.364501953125,True,0.0,461,1.840953109343799e-09,-0.0017261422814323548,5.375520912414452e-06,True,462,19.16790301406124,16.397545664126717,19.161733830881502,6.050665855407715,-7.618255040142685e-06,0.04540692641074306,-1.259077136664212e-06,2583.843199186323,0.06883444721504721,878.3858379941199,0.0,-0.0,3458.197998046875,True,0.0,461,0.00014801989598057139,0.04502262467041063,-1.199434061471465e-06,True,462,19.16714639273165,16.397525875891255,19.160977209551913,6.050662994384766,-7.618255040142685e-06,0.045366154993497415,-1.259077732011959e-06,2591.727216379866,-10.050109555634126,878.3858379941199,0.0,-0.0,3458.197998046875,True,0.0,461,0.00014854764585104123,0.0452351460532819,0.00017541129839819265,True,462
1.900000000000,228,full_throttle,0.0,1.0,0.0,1,2.5663492124294862e-05,5.536946773529053,0.41878876090049744,-0.0005714306607842445,6.255752086639404,0.5532153844833374,-2.381802005402278e-06,asphalt,0.0,1.0,0.0,2121.627533028201,1,4.112570285797119,1.2759210221702233e-05,16.25685607943137,160.0,-0.0,4989.605739988782,6782.394260011218,-1.6433767768830876e-06,-5.24513848301492e-05,False,-0.0,True,0,0,5.671528560924344e-05,6.255752086639404,0.0814608633518219,False,True,-0.8399632573127747,6.641049861907959,0.0,0.0,0.0,1.0,2419.154541015625,2419.154541015625,0.34942951798439026,0.05057048797607422,0.0,asphalt,True,0.8400366902351379,6.641033172607422,1.4901161193847656e-08,0.0,0.0,1.0,2419.151611328125,2419.151611328125,0.34942957758903503,0.05057042837142944,0.0,asphalt,True,-0.839985191822052,4.44094705581665,1.4901161193847656e-08,0.0,0.0,1.0,3465.9375,3465.9375,0.328186959028244,0.07181304693222046,0.0,asphalt,True,0.8400147557258606,4.4409308433532715,-7.450580596923828e-09,0.0,0.0,1.0,3465.93505859375,3465.93505859375,0.3281870186328888,0.07181298732757568,0.0,asphalt,468,18.928376811864663,16.685729917065725,18.92157310371368,6.2551493644714355,-3.897333954228088e-06,-0.0014044455286702617,-6.230600945141317e-07,-85.75081963425347,0.024851111257425736,0.0,0.0,-0.0,2420.072265625,True,0.0,467,1.5614141716943499e-09,-0.0017386257279771266,-6.046372258053323e-07,True,468,18.928416889274924,16.68575635370125,18.92161318112394,6.255146503448486,-3.897333954228088e-06,-0.0014018744377812748,-6.230603794937447e-07,-85.99720819798186,-0.21556652576665097,0.0,0.0,-0.0,2420.066650390625,True,0.0,467,1.5869900672942509e-09,-0.0017436290211828435,5.244840732067391e-06,True,468,19.830216261453444,17.37268227462027,19.82341255330246,6.2551493644714355,-7.505248504457995e-06,0.046173478038538725,-1.1998512053258687e-06,2617.5238524436404,0.06547218133344644,889.7794779597209,0.0,-0.0,3464.92578125,True,0.0,467,0.00010311933493627868,0.0457983182511731,-1.145565852368774e-06,True,468,19.829482324843752,17.37266235413256,19.82267861669277,6.255146503448486,-7.505248504457995e-06,0.04613523657533136,-1.199851754122261e-06,2625.1824141568773,-9.806877957626668,889.7794779597209,0.0,-0.0,3464.9228515625,True,0.0,467,0.00010332772766083363,0.04600848868178312,0.00017187364736095302,True,468
1.950000000000,234,full_throttle,0.0,1.0,0.0,1,2.857731124095153e-05,5.8557658195495605,0.4187731444835663,-0.00057604891480878,6.462885856628418,0.5610110759735107,-2.5033732526935637e-06,asphalt,0.0,1.0,0.0,2196.297096407007,1,4.163443088531494,1.1291034752503037e-05,17.355076728730367,160.0,-0.0,4975.140966136769,6796.859033863231,-1.5966905948516796e-06,-4.989358832734277e-05,False,-0.0,True,0,0,5.9387377405073494e-05,6.462885856628418,0.08141692727804184,False,True,-0.8399602770805359,6.959927558898926,7.450580596923828e-09,0.0,0.0,1.0,2414.189208984375,2414.189208984375,0.3495641052722931,0.05043590068817139,0.0,asphalt,True,0.8400396704673767,6.9599103927612305,-3.725290298461914e-09,0.0,0.0,1.0,2414.18017578125,2414.18017578125,0.3495642840862274,0.05043572187423706,0.0,asphalt,True,-0.8399825096130371,4.759821891784668,-2.2351741790771484e-08,0.0,0.0,1.0,3471.574462890625,3471.574462890625,0.3280222713947296,0.07197773456573486,0.0,asphalt,True,0.8400174975395203,4.759805202484131,3.725290298461914e-08,0.0,0.0,1.0,3471.5732421875,3471.5732421875,0.3280222713947296,0.07197773456573486,0.0,asphalt,474,19.554556295832715,17.647850082695943,19.54721285644742,6.462235450744629,-3.841145371552557e-06,-0.0014285881704866265,-5.94398857922996e-07,-86.351662564747,0.02344547398694145,0.0,0.0,-0.0,2414.96630859375,True,0.0,473,1.3596612649022748e-09,-0.0017545214007269796,-5.716473959802398e-07,True,474,19.554595503992545,17.647877421210683,19.54725206460725,6.46223258972168,-3.841145371552557e-06,-0.001426143871515605,-5.943991210810841e-07,-86.595641884203,-0.2104799634231256,0.0,0.0,-0.0,2414.966064453125,True,0.0,473,1.3784591549426339e-09,-0.0017594825048845614,5.131932349808967e-06,True,474,20.50152401466699,18.38113959164977,20.494180575281696,6.462235450744629,-7.3453957156743854e-06,0.046929189814730994,-1.1366648231340485e-06,2649.617802827182,0.06145056893048689,900.6364382983974,0.0,-0.0,3470.6806640625,True,0.0,473,7.165553620214942e-05,0.04656297452123886,-1.0799077550726078e-06,True,474,20.500811549539588,18.381119507391336,20.493468110154293,6.46223258972168,-7.345392077695578e-06,0.0468932706180165,-1.1366647634093857e-06,2657.0514110474014,-9.567474652894745,900.6364382983974,0.0,-0.0,3470.67724609375,True,0.0,473,7.169740080014739e-05,0.046770644909918765,0.0001684111142871935,True,474
2.000000000000,240,full_throttle,0.0,1.0,0.0,1,3.162592474836856e-05,6.1850152015686035,0.41875654458999634,-0.000580532243475318,6.672515392303467,0.5677574276924133,-2.5964209271478467e-06,asphalt,0.0,1.0,0.0,2272.0803871123144,1,4.212770462036133,1.2037449778290465e-05,18.50317379568507,160.0,-0.0,4961.52110070646,6810.47889929354,-1.5498006860070745e-06,-4.7546374480003513e-05,False,-0.0,True,0,0,6.211294385138899e-05,6.672515392303467,0.08143051713705063,False,True,-0.8399571180343628,7.289227485656738,2.2351741790771484e-08,0.0,0.0,1.0,2409.6708984375,2409.6708984375,0.34967759251594543,0.05032241344451904,0.0,asphalt,True,0.8400428295135498,7.289210319519043,3.725290298461914e-08,0.0,0.0,1.0,2409.667724609375,2409.667724609375,0.3496776521205902,0.05032235383987427,0.0,asphalt,True,-0.8399794101715088,5.089119911193848,7.450580596923828e-09,0.0,0.0,1.0,3476.76904296875,3476.76904296875,0.3278765380382538,0.0721234679222107,0.0,asphalt,True,0.8400205373764038,5.089102268218994,-2.2351741790771484e-08,0.0,0.0,1.0,3476.76318359375,3476.76318359375,0.32787665724754333,0.07212334871292114,0.0,asphalt,480,20.188317115889475,18.641454396760015,20.180575612471984,6.671829700469971,-3.824548912234604e-06,-0.001451633608957608,-5.732383894578094e-07,-86.9313363864575,0.02260512240376623,0.0,0.0,-0.0,2410.416015625,True,0.0,479,1.1716789618564203e-09,-0.0017696450442187235,-5.522019263512551e-07,True,480,20.18835646211231,18.641482626771715,20.180614958694818,6.6718268394470215,-3.82454163627699e-06,-0.0014492592782519677,-5.732375447252404e-07,-87.17030515748083,-0.20512180894363155,0.0,0.0,-0.0,2410.413330078125,True,0.0,479,1.1968579288062808e-09,-0.0017745153331515187,5.010767753790611e-06,True,480,21.181719882698136,19.423370452406132,21.173978379280644,6.671829700469971,-7.225968147395179e-06,0.04768375020093876,-1.0830564435545092e-06,2680.8142050429287,0.05833398132363585,911.1905462366973,0.0,-0.0,3475.917724609375,True,0.0,479,4.975535541916054e-05,0.04732615093998896,-1.029813321005154e-06,True,480,21.181029173568223,19.423350215599793,21.17328767015073,6.6718268394470215,-7.225964509416372e-06,0.04765003581190689,-1.083056362717659e-06,2688.02517712505,-9.33337252297541,911.1905462366973,0.0,-0.0,3475.914794921875,True,0.0,479,4.971719584246826e-05,0.04753126750850061,0.00016503827769660383,True,480
2.050000000000,246,full_throttle,0.0,1.0,0.0,1,3.4812150261132047e-05,6.524816513061523,0.41874170303344727,-0.0005848779692314565,6.884589195251465,0.5738670229911804,-2.568226136645535e-06,asphalt,0.0,1.0,0.0,2348.9462220889345,1,4.261409282684326,1.2176617019576952e-05,19.702132478687368,160.0,-0.0,4948.581435378752,6823.418564621248,-1.501466499576054e-06,-4.5248411906776474e-05,False,-0.0,True,0,0,6.488420331152156e-05,6.884589195251465,0.08149266242980957,False,True,-0.8399538993835449,7.6290740966796875,3.725290298461914e-09,0.0,0.0,1.0,2405.073974609375,2405.073974609375,0.34978052973747253,0.05021947622299194,0.0,asphalt,True,0.8400460481643677,7.629056930541992,2.2351741790771484e-08,0.0,0.0,1.0,2405.07421875,2405.07421875,0.34978052973747253,0.05021947622299194,0.0,asphalt,True,-0.8399763107299805,5.428964138031006,-2.2351741790771484e-08,0.0,0.0,1.0,3481.857666015625,3481.857666015625,0.3277449309825897,0.07225507497787476,0.0,asphalt,True,0.8400236368179321,5.4289469718933105,-7.450580596923828e-09,0.0,0.0,1.0,3481.858154296875,3481.858154296875,0.3277449309825897,0.07225507497787476,0.0,asphalt,486,20.82949489838167,19.666924521452305,20.8215007029353,6.883881092071533,-3.7452700780704618e-06,-0.0014741358065102374,-5.440637378794476e-07,-87.50325830619661,0.02172484196624489,0.0,0.0,-0.0,2405.8662109375,True,0.0,485,1.0155006824292123e-09,-0.0017846676011047532,-5.317052967497646e-07,True,486,20.829533472272,19.666953634683544,20.82153927682563,6.883878707885742,-3.7452700780704618e-06,-0.0014719408150487485,-5.440639263123193e-07,-87.73973255482389,-0.20007335149054745,0.0,0.0,-0.0,2405.866455078125,True,0.0,485,1.0441474497230529e-09,-0.001789494113865364,4.896710866316715e-06,True,486,21.870756273874036,20.49982518420649,21.862762078427664,6.883881092071533,-7.04295962350443e-06,0.048441928883834015,-1.0231088435873271e-06,2711.5608213315954,0.055240460384189075,921.5942880543814,0.0,-0.0,3481.01025390625,True,0.0,485,3.456876402511016e-05,0.04809255096293113,-9.797551344808818e-07,True,486,21.870087003202404,20.499804828776885,21.86209280775603,6.883878707885742,-7.042966899462044e-06,0.048410208446773045,-1.0231102548904012e-06,2718.553080239095,-9.10729227573154,921.5942880543814,0.0,-0.0,3481.005126953125,True,0.0,485,3.44975755333099e-05,0.04829518603989373,0.0001617913553763,True,486
2.100000000000,252,full_throttle,0.0,1.0,0.0,1,3.8137961382744834e-05,6.8752923011779785,0.41873064637184143,-0.0005890969187021255,7.099083423614502,0.5797248482704163,-2.4481496438966133e-06,asphalt,0.0,1.0,0.0,2426.8740819894324,1,4.3097004890441895,1.1959185940213501e-05,20.953101183191468,160.0,-0.0,4936.162579723152,6835.837420276848,-1.4561190937456558e-06,-4.308859547056806e-05,False,-0.0,True,0,0,6.769205356249586e-05,7.099083423614502,0.08158312737941742,False,True,-0.839950442314148,7.979594707489014,1.1175870895385742e-08,0.0,0.0,1.0,2400.067626953125,2400.067626953125,0.3498823344707489,0.050117671489715576,0.0,asphalt,True,0.8400494456291199,7.97957706451416,2.60770320892334e-08,0.0,0.0,1.0,2400.06494140625,2400.06494140625,0.3498823940753937,0.0501176118850708,0.0,asphalt,True,-0.8399730920791626,5.779481410980225,-7.450580596923828e-09,0.0,0.0,1.0,3487.087158203125,3487.087158203125,0.327621728181839,0.07237827777862549,0.0,asphalt,True,0.84002685546875,5.779464244842529,-2.9802322387695312e-08,0.0,0.0,1.0,3487.08447265625,3487.08447265625,0.32762178778648376,0.07237821817398071,0.0,asphalt,492,21.47800322291752,20.724635436911655,21.46987434891363,7.098363399505615,-3.7448553484864533e-06,-0.0014964485959642398,-5.275660230000237e-07,-88.07261446104113,0.02081642220363723,0.0,0.0,-0.0,2400.938720703125,True,0.0,491,8.997238803788981e-10,-0.0017999782307356574,-5.105211018529004e-07,True,492,21.478041372536367,20.72466542753844,21.46991249853248,7.098361015319824,-3.7448626244440675e-06,-0.0014943396595255792,-5.275672252174104e-07,-88.30561721917375,-0.19528560743866627,0.0,0.0,-0.0,2400.93603515625,True,0.0,491,9.102806612050388e-10,-0.0018047459428790662,4.789379233154006e-06,True,492,22.5686449901318,21.6109525673189,22.560516116127914,7.098363399505615,-6.941321771591902e-06,0.04920703936659633,-9.778763612008278e-07,2742.1486282189258,0.052273108907652396,931.9470953119924,0.0,-0.0,3486.19970703125,True,0.0,491,2.404851663060043e-05,0.048865319427739445,-9.315140659200588e-07,True,492,22.567995183677546,21.61093210662536,22.55986630967366,7.098361015319824,-6.941321771591902e-06,0.04917718252711862,-9.778766896483273e-07,2748.929530269047,-8.889964851483239,931.9470953119924,0.0,-0.0,3486.19775390625,True,0.0,491,2.397025106309765e-05,0.04906546529536205,0.00015867641026746343,True,492
2.150000000000,258,full_throttle,0.0,1.0,0.0,1,4.160461321589537e-05,7.236562728881836,0.41872429847717285,-0.0005931914784014225,7.315991401672363,0.585620105266571,-2.4392729756073095e-06,asphalt,0.0,1.0,0.0,2505.851475113485,1,4.358273029327393,1.1810883734142408e-05,22.257314403938363,160.0,-0.0,4924.132602400052,6847.867397599948,-1.4146279454507749e-06,-4.125848287902786e-05,False,-0.0,True,0,0,7.051356806186959e-05,7.315991401672363,0.08167748153209686,False,True,-0.8399469256401062,8.340909004211426,-3.725290298461914e-09,0.0,0.0,1.0,2394.524658203125,2394.524658203125,0.34998956322669983,0.05001044273376465,0.0,asphalt,True,0.8400530219078064,8.34089183807373,1.4901161193847656e-08,0.0,0.0,1.0,2394.52197265625,2394.52197265625,0.3499896228313446,0.05001038312911987,0.0,asphalt,True,-0.8399696946144104,6.140793800354004,2.2351741790771484e-08,0.0,0.0,1.0,3492.56201171875,3492.56201171875,0.327502578496933,0.0724974274635315,0.0,asphalt,True,0.8400302529335022,6.140776634216309,4.470348358154297e-08,0.0,0.0,1.0,3492.559326171875,3492.559326171875,0.32750263810157776,0.07249736785888672,0.0,asphalt,498,22.133803222003678,21.814957606472472,22.125615453022817,7.315266132354736,-3.708941221702844e-06,-0.0015188878835698588,-5.070138467414366e-07,-88.65028522946844,0.019956636081240483,0.0,0.0,-0.0,2395.4853515625,True,0.0,497,7.858373699577842e-10,-0.001815921428344549,-4.905525076581067e-07,True,498,22.133840591729797,21.81498846143827,22.125652822748936,7.315263748168945,-3.7089339457452297e-06,-0.0015168766677605195,-5.070130173602122e-07,-88.87761290882034,-0.19068152148638318,0.0,0.0,-0.0,2395.48291015625,True,0.0,497,8.081609355017526e-10,-0.001820583583866273,4.687141831219691e-06,True,498,23.2754353706766,22.757201447147512,23.26724760169574,7.315266132354736,-6.814480002503842e-06,0.04998144064115528,-9.315423224812102e-07,2772.767922500138,0.049554218022429465,942.3138237899759,0.0,-0.0,3491.631103515625,True,0.0,497,1.6756647481890474e-05,0.04964689070119615,-8.872789002856447e-07,True,498,23.27480597731378,22.757180871428165,23.26661820833292,7.315263748168945,-6.814480002503842e-06,0.04995339018857243,-9.31542626088851e-07,2779.3420147817624,-8.681413529518547,942.3138237899759,0.0,-0.0,3491.62841796875,True,0.0,497,1.6682217715728835e-05,0.04984467598279611,0.0001556923354293999,True,498
2.200000000000,264,full_throttle,0.0,1.0,0.0,1,4.521379742072895e-05,7.608748912811279,0.41872239112854004,-0.0005971691571176052,7.5353193283081055,0.591718852519989,-2.436180466247606e-06,asphalt,0.0,1.0,0.0,2585.872497717212,1,4.406611919403076,1.0870709957089275e-05,23.616153830032655,160.0,-0.0,4912.3670831053905,6859.6329168946095,-1.3768911912848125e-06,-3.948624141913542e-05,False,-0.0,True,0,0,7.337392162298784e-05,7.5353193283081055,0.08175483345985413,False,True,-0.8399432301521301,8.713141441345215,-1.1175870895385742e-08,0.0,0.0,1.0,2388.4912109375,2388.4912109375,0.35010525584220886,0.049894750118255615,0.0,asphalt,True,0.8400566577911377,8.713123321533203,-2.60770320892334e-08,0.0,0.0,1.0,2388.485107421875,2388.485107421875,0.3501053750514984,0.049894630908966064,0.0,asphalt,True,-0.8399661779403687,6.5130228996276855,-2.2351741790771484e-08,0.0,0.0,1.0,3498.31591796875,3498.31591796875,0.3273840844631195,0.07261592149734497,0.0,asphalt,True,0.840033769607544,6.513006210327148,0.0,0.0,0.0,1.0,3498.31201171875,3498.31201171875,0.3273841440677643,0.0726158618927002,0.0,asphalt,504,22.796903854461018,22.938258584417387,22.78869052998871,7.5345916748046875,-3.6702840588986874e-06,-0.0015413446851254898,-4.871244809684446e-07,-89.22604319818772,0.018955684287299036,0.0,0.0,-0.0,2389.522705078125,True,0.0,503,7.030726255733298e-10,-0.001832289157267114,-4.6711422201359924e-07,True,504,22.7969403844129,22.938290281767735,22.78872705994059,7.5345892906188965,-3.670276782941073e-06,-0.0015394288016576075,-4.871236694361749e-07,-89.45115364235454,-0.18641574056076765,0.0,0.0,-0.0,2389.522705078125,True,0.0,503,7.067518832779725e-10,-0.0018369156164099152,4.593747148583302e-06,True,504,23.991248572633253,23.939022733151116,23.983035248160945,7.5345916748046875,-6.691625458188355e-06,0.050768557962260444,-8.881205176072208e-07,2803.5474267260997,0.04678278709343046,952.7368473080186,0.0,-0.0,3497.33642578125,True,0.0,503,1.169165754863205e-05,0.05044063575936081,-8.417041707095889e-07,True,504,23.990638933872937,23.939002063724033,23.98242560940063,7.5345892906188965,-6.691618182230741e-06,0.050742189496007555,-8.881198329629626e-07,2809.9190548048923,-8.481562114099267,952.7368473080186,0.0,-0.0,3497.3330078125,True,0.0,503,1.162669661052405e-05,0.05063611058653452,0.000152841883096913,True,504
2.250000000000,270,full_throttle,0.0,1.0,0.0,1,4.89671147079207e-05,7.991972923278809,0.4187237620353699,-0.0006010520737618208,7.757083892822266,0.5980769991874695,-2.4200103325711098e-06,asphalt,0.0,1.0,0.0,2666.9378121239592,1,4.455406665802002,1.162722401204519e-05,25.031026697561973,160.0,-0.0,4900.776019551011,6871.223980448989,-1.3448660638459842e-06,-3.7860861788497186e-05,False,-0.0,True,0,0,7.628331513842568e-05,7.757083892822266,0.08180426061153412,False,True,-0.8399393558502197,9.096412658691406,-7.450580596923828e-09,0.0,0.0,1.0,2382.118896484375,2382.118896484375,0.3502291738986969,0.04977083206176758,0.0,asphalt,True,0.8400605320930481,9.096394538879395,-1.4901161193847656e-08,0.0,0.0,1.0,2382.11328125,2382.11328125,0.35022929310798645,0.04977071285247803,0.0,asphalt,True,-0.8399624824523926,6.896292686462402,-7.450580596923828e-09,0.0,0.0,1.0,3504.32568359375,3504.32568359375,0.32726386189460754,0.07273614406585693,0.0,asphalt,True,0.8400374054908752,6.896275043487549,1.4901161193847656e-08,0.0,0.0,1.0,3504.32568359375,3504.32568359375,0.32726386189460754,0.07273614406585693,0.0,asphalt,510,23.467341752882948,24.0949050376028,23.45910296977674,7.756353855133057,-3.643253876361996e-06,-0.0015640179533138688,-4.6971217976996614e-07,-89.81572155773107,0.018356883003559307,0.0,0.0,-0.0,2383.1943359375,True,0.0,509,6.116963464259689e-10,-0.0018493099256470264,-4.535629000107454e-07,True,510,23.467378224328975,24.09493757657613,23.459139441222767,7.756351947784424,-3.643253876361996e-06,-0.0015622207240509052,-4.697122952759269e-07,-90.0369338456195,-0.18197475076862257,0.0,0.0,-0.0,2383.194580078125,True,0.0,509,6.227511685058237e-10,-0.0018538682548463188,4.496251028036963e-06,True,510,24.71623797885789,25.1568720916024,24.707999195751682,7.756353855133057,-6.5952553995884955e-06,0.051571226037518805,-8.503035734015989e-07,2834.5625225056656,0.0447398583806031,963.2440185881926,0.0,-0.0,3503.30859375,True,0.0,509,8.165057258428507e-06,0.05124948053721514,-8.08906977720706e-07,True,510,24.715648422501793,25.156851360912334,24.707409639395586,7.756351947784424,-6.5952553995884955e-06,0.051546401495534716,-8.503037824980104e-07,2840.735825537925,-8.289042216616359,963.2440185881926,0.0,-0.0,3503.30322265625,True,0.0,509,8.110842149167215e-06,0.05144273517932039,0.0001501058284887777,True,510
2.300000000000,276,full_throttle,0.0,1.0,0.0,1,5.2867293561575934e-05,8.386356353759766,0.41872701048851013,-0.000604828936047852,7.981306076049805,0.6046708226203918,-2.2985470877756597e-06,asphalt,0.0,1.0,0.0,2749.054707110846,1,4.504831314086914,1.2055854313075542e-05,26.503420542605454,160.0,-0.0,4889.28466899828,6882.71533100172,-1.3054485634711455e-06,-3.626861654652108e-05,False,-0.0,True,0,0,7.92382488725707e-05,7.981306076049805,0.08182366192340851,False,True,-0.8399354219436646,9.4908447265625,1.1175870895385742e-08,0.0,0.0,1.0,2375.569580078125,2375.569580078125,0.3503595292568207,0.0496404767036438,0.0,asphalt,True,0.840064525604248,9.490828514099121,2.60770320892334e-08,0.0,0.0,1.0,2375.56689453125,2375.56689453125,0.35035958886146545,0.04964041709899902,0.0,asphalt,True,-0.839958667755127,7.2907233238220215,-3.725290298461914e-08,0.0,0.0,1.0,3510.526611328125,3510.526611328125,0.32714107632637024,0.07285892963409424,0.0,asphalt,True,0.8400412797927856,7.29070520401001,-2.2351741790771484e-08,0.0,0.0,1.0,3510.527587890625,3510.527587890625,0.32714107632637024,0.07285892963409424,0.0,asphalt,516,24.14517325505059,25.285264683843547,24.13688973865848,7.98057222366333,-3.618348273448646e-06,-0.0015869851361135661,-4.533945902675465e-07,-90.41857193233572,0.017788457241399658,0.0,0.0,-0.0,2376.666748046875,True,0.0,515,5.467095971575027e-10,-0.0018668504824425399,-4.407287920256931e-07,True,516,24.1452088427712,25.285298061637377,24.13692532637909,7.980569839477539,-3.618348273448646e-06,-0.0015852152938330517,-4.5339472571864356e-07,-90.63443366414867,-0.17772917271428204,0.0,0.0,-0.0,2376.658203125,True,0.0,515,5.454154154435169e-10,-0.0018713177979997027,4.403462357711223e-06,True,516,25.450606041084725,26.411213003172318,25.442322524692614,7.98057222366333,-6.484930054284632e-06,0.05239320667443272,-8.125896079299463e-07,2865.868294923237,0.04269233784462504,973.8539141426745,0.0,-0.0,3509.484619140625,True,0.0,515,5.7031808123982835e-06,0.05207739775572681,-7.757885977314232e-07,True,516,25.45003330135649,26.41119217011633,25.44174978496438,7.980569839477539,-6.484930054284632e-06,0.05236983804122239,-8.125898506901296e-07,2871.8485423510865,-8.103811074965659,973.8539141426745,0.0,-0.0,3509.48193359375,True,0.0,515,5.659227809477266e-06,0.052268431641453526,0.00014749158559614436,True,516
2.350000000000,282,full_throttle,0.0,1.0,0.0,1,5.6915658205980435e-05,8.792023658752441,0.4187307059764862,-0.0006085110944695771,8.208003044128418,0.6114391684532166,-2.3705615603830665e-06,asphalt,0.0,1.0,0.0,2832.2361929730055,1,4.554829120635986,1.0889314580708742e-05,28.034839588701725,160.0,-0.0,4877.842113417996,6894.157886582004,-1.2718263633360039e-06,-3.487972857212845e-05,False,-0.0,True,0,0,8.220397285185754e-05,8.208003044128418,0.08181864768266678,False,True,-0.8399313688278198,9.896564483642578,-1.862645149230957e-08,0.0,0.0,1.0,2368.982421875,2368.982421875,0.3504936993122101,0.049506306648254395,0.0,asphalt,True,0.8400686383247375,9.896546363830566,-2.9802322387695312e-08,0.0,0.0,1.0,2368.976318359375,2368.976318359375,0.35049381852149963,0.049506187438964844,0.0,asphalt,True,-0.839954674243927,7.696438789367676,-2.9802322387695312e-08,0.0,0.0,1.0,3516.868896484375,3516.868896484375,0.32701531052589417,0.07298469543457031,0.0,asphalt,True,0.8400452733039856,7.696420669555664,-1.4901161193847656e-08,0.0,0.0,1.0,3516.865478515625,3516.865478515625,0.32701537013053894,0.07298463582992554,0.0,asphalt,522,24.830447208456736,26.509707262334786,24.82209325427566,8.207262992858887,-3.587250830605626e-06,-0.0016102096496313327,-4.3708247606134385e-07,-91.03693789478824,0.016874351073369678,0.0,0.0,-0.0,2370.076171875,True,0.0,521,4.916989339539361e-10,-0.0018848597107606808,-4.192467614468363e-07,True,522,24.830482836784444,26.509741471143286,24.82212888260337,8.207261085510254,-3.587250830605626e-06,-0.0016085450717163304,-4.3708257763830775e-07,-91.2519651040235,-0.17406066844399518,0.0,0.0,-0.0,2370.0732421875,True,0.0,521,5.016598319157343e-10,-0.0018893178493430175,4.324587562198637e-06,True,522,26.194552896516523,27.702518374755165,26.186198942335448,8.207262992858887,-6.378024409059435e-06,0.05323814569750541,-7.771195360265231e-07,2897.4968294761406,0.04031084503837118,984.579276463359,0.0,-0.0,3515.8046875,True,0.0,521,3.981147126082285e-06,0.05292791987043151,-7.363496156136503e-07,True,522,26.193996997791146,27.70249744927107,26.18564304361007,8.207261085510254,-6.378024409059435e-06,0.05321603872598999,-7.77119716627319e-07,2903.2890193625253,-7.925460520041937,984.579276463359,0.0,-0.0,3515.804443359375,True,0.0,521,3.946369320254951e-06,0.05311686730934388,0.00014499956124309064,True,522
2.400000000000,288,full_throttle,0.0,1.0,0.0,1,6.111403490649536e-05,9.209097862243652,0.41873377561569214,-0.0006120963953435421,8.437207221984863,0.6183137893676758,-2.2940048438613303e-06,asphalt,0.0,1.0,0.0,2916.500828582544,1,4.60482931137085,1.1852043826365843e-05,29.626954702623134,160.0,-0.0,4866.386346081812,6905.613653918188,-1.2371382354103844e-06,-3.3498929627933745e-05,False,-0.0,True,0,0,8.523743599653244e-05,8.437207221984863,0.08179941028356552,False,True,-0.8399271368980408,10.313689231872559,1.862645149230957e-08,0.0,0.0,1.0,2362.437744140625,2362.437744140625,0.3506292998790741,0.04937070608139038,0.0,asphalt,True,0.8400728702545166,10.313671112060547,3.3527612686157227e-08,0.0,0.0,1.0,2362.434814453125,2362.434814453125,0.35062935948371887,0.049370646476745605,0.0,asphalt,True,-0.8399505615234375,8.113561630249023,0.0,0.0,0.0,1.0,3523.293212890625,3523.293212890625,0.326886922121048,0.0731130838394165,0.0,asphalt,True,0.8400493860244751,8.113543510437012,7.450580596923828e-09,0.0,0.0,1.0,3523.29345703125,3523.29345703125,0.326886922121048,0.0731130838394165,0.0,asphalt,528,25.523272376853214,27.768606731624814,25.514825528833256,8.436458587646484,-3.5714474506676197e-06,-0.0016332330849226347,-4.2333491162951726e-07,-91.65991972413508,0.016491845294163827,0.0,0.0,-0.0,2363.521728515625,True,0.0,527,4.047568212479047e-10,-0.001903036619297946,-4.108829980947935e-07,True,528,25.523307642127605,27.76864174105238,25.514860794107648,8.436456680297852,-3.5714474506676197e-06,-0.0016316279354445904,-4.233350073388056e-07,-91.86925474847355,-0.17005304424836098,0.0,0.0,-0.0,2363.51953125,True,0.0,527,4.4240035558256544e-10,-0.001907388378479421,4.236767147591101e-06,True,528,26.94834895835912,29.031273068621985,26.939902110339162,8.436458587646484,-6.287686119321734e-06,0.05410997563367086,-7.452992335584549e-07,2929.4908407676903,0.03870553324979541,995.4292347104536,0.0,-0.0,3522.219970703125,True,0.0,527,2.774612113066011e-06,0.05380499630661541,-7.108921874098385e-07,True,528,26.947812452342863,29.03125210658825,26.939365604322905,8.436456680297852,-6.287686119321734e-06,0.05408922800978371,-7.45299402058754e-07,2935.0969203527156,-7.752183058473345,995.4292347104536,0.0,-0.0,3522.218017578125,True,0.0,527,2.747897702877907e-06,0.05399202259576219,0.00014260382293384424,True,528
2.450000000000,294,full_throttle,0.0,1.0,0.0,1,6.54649775242433e-05,9.63770580291748,0.4187357723712921,-0.0006155843730084598,8.668936729431152,0.625244140625,-2.2535252810484963e-06,asphalt,0.0,1.0,0.0,3001.8704479615812,1,4.655860424041748,1.15218608698342e-05,31.281280536691863,160.0,-0.0,4854.90754399379,6917.09245600621,-1.2100571211703937e-06,-3.221522830106525e-05,False,-0.0,True,0,0,8.829587750369683e-05,8.668936729431152,0.08177565038204193,False,True,-0.8399227261543274,10.742350578308105,0.0,0.0,0.0,1.0,2355.949951171875,2355.949951171875,0.3507649600505829,0.04923504590988159,0.0,asphalt,True,0.8400772213935852,10.742332458496094,1.4901161193847656e-08,0.0,0.0,1.0,2355.947265625,2355.947265625,0.35076501965522766,0.049234986305236816,0.0,asphalt,True,-0.8399462699890137,8.542219161987305,1.4901161193847656e-08,0.0,0.0,1.0,3529.7705078125,3529.7705078125,0.32675638794898987,0.07324361801147461,0.0,asphalt,True,0.8400536775588989,8.542201042175293,1.4901161193847656e-08,0.0,0.0,1.0,3529.7705078125,3529.7705078125,0.32675638794898987,0.07324361801147461,0.0,asphalt,534,26.22369284129542,29.06234023726046,26.21513904577893,8.66817855834961,-3.5329212551005185e-06,-0.001656624932845609,-4.075736593701386e-07,-92.31176044484239,0.015817576616044,0.0,0.0,-0.0,2357.0283203125,True,0.0,533,3.8430690635166834e-10,-0.0019218666356691661,-3.951731299927499e-07,True,534,26.22372735935869,29.06237605511569,26.2151735638422,8.668176651000977,-3.5329212551005185e-06,-0.0016550911443355973,-4.0757374905278967e-07,-92.51629771337433,-0.16657401584371764,0.0,0.0,-0.0,2357.025634765625,True,0.0,533,3.843488666501457e-10,-0.0019261309384330737,4.1615590773191855e-06,True,534,27.71219754904861,30.39797349076473,27.70364375353212,8.66817855834961,-6.189744453877211e-06,0.055011168681696164,-7.140767131422203e-07,2961.8514076968927,0.03685277745701256,1006.4107593062114,0.0,-0.0,3528.69140625,True,0.0,533,1.9294768963026673e-06,0.054711294729046143,-6.80744461881248e-07,True,534,27.711681158193326,30.397952473610324,27.703127362676835,8.668176651000977,-6.189744453877211e-06,0.054991741677042925,-7.140768702679108e-07,2967.2717988899212,-7.584382799512587,1006.4107593062114,0.0,-0.0,3528.685302734375,True,0.0,533,1.908923358118137e-06,0.054896484663205826,0.00014031608177010236,True,534
2.500000000000,300,full_throttle,0.0,1.0,0.0,1,6.996958109084517e-05,10.07797622680664,0.4187365770339966,-0.000618980557192117,8.903233528137207,0.6322048306465149,-2.3652453364775283e-06,asphalt,0.0,1.0,0.0,3088.371025423891,1,4.70700740814209,1.1346179235260934e-05,32.999653310874706,160.0,-0.0,4843.349481333625,6928.650518666375,-1.1764785767809371e-06,-3.110058257488358e-05,False,-0.0,True,0,0,9.138072346104309e-05,8.903233528137207,0.08175534009933472,False,True,-0.8399180769920349,11.182671546936035,3.3527612686157227e-08,0.0,0.0,1.0,2349.50634765625,2349.50634765625,0.35089990496635437,0.04910010099411011,0.0,asphalt,True,0.8400818705558777,11.18265438079834,3.725290298461914e-09,0.0,0.0,1.0,2349.50048828125,2349.50048828125,0.3509000241756439,0.04909998178482056,0.0,asphalt,True,-0.8399417996406555,8.982539176940918,-2.2351741790771484e-08,0.0,0.0,1.0,3536.2919921875,3536.2919921875,0.3266240656375885,0.07337594032287598,0.0,asphalt,True,0.8400581479072571,8.982521057128906,0.0,0.0,0.0,1.0,3536.288818359375,3536.288818359375,0.3266241252422333,0.0733758807182312,0.0,asphalt,540,26.931844664111384,30.39129128102876,26.923178707554587,8.9024658203125,-3.5441771615296602e-06,-0.0016801054289492824,-3.981118527231889e-07,-92.967142942442,0.015256164825109325,0.0,0.0,-0.0,2350.577392578125,True,0.0,539,3.459657397887912e-10,-0.0019408400827037927,-3.8219665916021964e-07,True,540,26.931879407069072,30.39132790010697,26.923213450512275,8.902463912963867,-3.544169885572046e-06,-0.001678603673901047,-3.9811112072139927e-07,-93.17020678779326,-0.16314891486296304,0.0,0.0,-0.0,2350.568359375,True,0.0,539,3.560548054049134e-10,-0.0019450906920532598,4.087222042252089e-06,True,540,28.48641282005159,31.803130388238955,28.477746863494794,8.9024658203125,-6.125701474957168e-06,0.05594522016227665,-6.880904233273623e-07,2994.6074939910072,0.03509999280853033,1017.5295219486362,0.0,-0.0,3535.19873046875,True,0.0,539,1.337550287791302e-06,0.05565020035501787,-6.522798697651427e-07,True,540,28.485910605173157,31.803109279713762,28.47724464861636,8.902463912963867,-6.125701474957168e-06,0.05592683010129899,-6.880905707504061e-07,2999.8481318115055,-7.421258281877381,1017.5295219486362,0.0,-0.0,3535.19775390625,True,0.0,539,1.3219290429425085e-06,0.05583349896162585,0.00013812526384319687,True,540
2.550000000000,306,full_throttle,0.0,1.0,0.0,1,7.462992653017864e-05,10.530036926269531,0.4187365174293518,-0.0006222993833944201,9.140110969543457,0.6391943693161011,-2.4877952000679215e-06,asphalt,0.0,1.0,0.0,3176.0288449641566,1,4.75907039642334,1.097317726816982e-05,34.78363653736867,160.0,-0.0,4831.723984291333,6940.276015708667,-1.1495175158415805e-06,-3.0002548957570927e-05,False,-0.0,True,0,0,9.45121209952049e-05,9.140110969543457,0.08174293488264084,False,True,-0.8399133682250977,11.634785652160645,2.60770320892334e-08,0.0,0.0,1.0,2343.045166015625,2343.045166015625,0.35103461146354675,0.048965394496917725,0.0,asphalt,True,0.8400865793228149,11.634767532348633,3.725290298461914e-09,0.0,0.0,1.0,2343.0390625,2343.0390625,0.3510347306728363,0.048965275287628174,0.0,asphalt,True,-0.8399372696876526,9.434648513793945,7.450580596923828e-09,0.0,0.0,1.0,3542.85400390625,3542.85400390625,0.3264903724193573,0.07350963354110718,0.0,asphalt,True,0.8400627374649048,9.434630393981934,-2.2351741790771484e-08,0.0,0.0,1.0,3542.847412109375,3542.847412109375,0.32649049162864685,0.07350951433181763,0.0,asphalt,546,27.647760584040764,31.755846304624082,27.638984504177454,9.13933277130127,-3.5292760003358126e-06,-0.0017038200662432652,-3.861634200932082e-07,-93.64097661237876,0.014647902299457841,0.0,0.0,-0.0,2344.123046875,True,0.0,545,3.185100818463879e-10,-0.0019603079418000872,-3.67972230741868e-07,True,546,27.64779370468097,31.755883713456086,27.63901762481766,9.139330863952637,-3.5292760003358126e-06,-0.0017024158157227006,-3.861635006842583e-07,-93.84136876745649,-0.1599553488307311,0.0,0.0,-0.0,2344.122802734375,True,0.0,545,3.3360142664374276e-10,-0.001964507091667496,4.018271531076259e-06,True,546,29.271176235538398,33.247265802054294,29.26240015567509,9.13933277130127,-6.050358933862299e-06,0.05691393446792532,-6.62013200007374e-07,3027.7646095461155,0.03341063323883364,1028.7904775107295,0.0,-0.0,3541.757568359375,True,0.0,545,9.235836450849307e-07,0.05662353149239524,-6.248267890196795e-07,True,546,29.27069246999287,33.24724463406972,29.26191639012956,9.139330863952637,-6.050358933862299e-06,0.05689668739272648,-6.620133381673761e-07,3032.821795997041,-7.262424761021945,1028.7904775107295,0.0,-0.0,3541.754150390625,True,0.0,545,9.121199370373791e-07,0.05680503968088633,0.00013602590342233522,True,546
2.600000000000,312,full_throttle,0.0,1.0,0.0,1,7.94483712525107e-05,10.99401569366455,0.4187360107898712,-0.0006255431799218059,9.379486083984375,0.6461922526359558,-2.5088586426136317e-06,asphalt,0.0,1.0,0.0,3264.818974722432,1,4.804722785949707,1.1461543181212619e-05,36.63459123507835,160.0,-0.0,4820.088567928038,6951.911432071962,-1.1197661251571844e-06,-2.89140372458704e-05,False,-0.0,True,0,0,9.769954340299591e-05,9.379486083984375,0.08173593878746033,False,True,-0.8399085402488708,12.098817825317383,3.725290298461914e-09,0.0,0.0,1.0,2336.672119140625,2336.672119140625,0.3511691391468048,0.04883086681365967,0.0,asphalt,True,0.8400914669036865,12.098799705505371,-2.2351741790771484e-08,0.0,0.0,1.0,2336.669189453125,2336.669189453125,0.3511691987514496,0.04883080720901489,0.0,asphalt,True,-0.8399324417114258,9.898677825927734,-4.470348358154297e-08,0.0,0.0,1.0,3549.2197265625,3549.2197265625,0.3263561427593231,0.07364386320114136,0.0,asphalt,True,0.8400675058364868,9.898659706115723,-2.2351741790771484e-08,0.0,0.0,1.0,3549.216552734375,3549.216552734375,0.3263562023639679,0.07364380359649658,0.0,asphalt,552,28.371270666734034,33.15639365556507,28.36235499651795,9.378695487976074,-3.4959521144628525e-06,-0.001724778032785176,-3.727546244512005e-07,-94.19208856559473,0.014268820755712924,0.0,0.0,-0.0,2337.693603515625,True,0.0,551,2.760194638979581e-10,-0.0019772841340122134,-3.5943799514156014e-07,True,552,28.3713039689737,33.156431861037035,28.362388298757615,9.378693580627441,-3.4959521144628525e-06,-0.0017234032359803254,-3.7275470025845633e-07,-94.39123914646287,-0.15644924289583328,0.0,0.0,-0.0,2337.690673828125,True,0.0,551,2.7900326971002595e-10,-0.001981471126551009,3.9410393639054424e-06,True,552,30.06135757740187,34.730834853681216,30.052441907185788,9.378695487976074,-5.953515938017517e-06,0.05774283995688301,-6.347914745338947e-07,3056.3722751062737,0.0320794266382392,1038.3099675783374,0.0,-0.0,3548.22802734375,True,0.0,551,6.445800629472245e-07,0.05745669105034823,-6.030606953191336e-07,True,552,30.060890590057305,34.730813682535526,30.05197491984122,9.378693580627441,-5.9535232139751315e-06,0.05772662358964183,-6.347923794281844e-07,3061.2627562406924,-7.106168471772462,1038.3099675783374,0.0,-0.0,3548.22509765625,True,0.0,551,6.360111840179583e-07,0.05763604564177792,0.00013379166733691267,True,552
2.650000000000,318,full_throttle,0.0,1.0,0.0,1,8.442727994406596e-05,11.470014572143555,0.41873490810394287,-0.0006286870338954031,9.620524406433105,0.6528128981590271,-2.3897016490082024e-06,asphalt,0.0,1.0,0.0,3354.2484326142576,1,4.829197883605957,1.2048549251630902e-05,38.54832834572335,160.0,-0.0,4809.399770382632,6962.600229617368,-1.0795337175295572e-06,-2.7783646945278576e-05,False,-0.0,True,0,0,0.00010093241144204512,9.620524406433105,0.0817096009850502,False,True,-0.8399034738540649,12.574867248535156,3.3527612686157227e-08,0.0,0.0,1.0,2331.364990234375,2331.364990234375,0.35129567980766296,0.048704326152801514,0.0,asphalt,True,0.8400964736938477,12.574847221374512,3.3527612686157227e-08,0.0,0.0,1.0,2331.365478515625,2331.365478515625,0.35129567980766296,0.048704326152801514,0.0,asphalt,True,-0.8399275541305542,10.374723434448242,2.9802322387695312e-08,0.0,0.0,1.0,3554.12548828125,3554.12548828125,0.3262283504009247,0.0737716555595398,0.0,asphalt,True,0.8400723934173584,10.374704360961914,7.450580596923828e-09,0.0,0.0,1.0,3554.12060546875,3554.12060546875,0.32622846961021423,0.07377153635025024,0.0,asphalt,558,29.099983216173605,34.593255944241314,29.090740474782542,9.619705200195312,-3.503912012092769e-06,-0.0017371362749954511,-3.6424317992836963e-07,-94.36119753749809,0.01395411398468904,0.0,0.0,-0.0,2332.12841796875,True,0.0,557,2.405773380066974e-10,-0.001985568763772274,-3.5235058789938267e-07,True,558,29.100015336441462,34.59329489928243,29.0907725950504,9.61970329284668,-3.503912012092769e-06,-0.0017358364715274587,-3.6424325214876045e-07,-94.5521873303305,-0.15242578009188787,0.0,0.0,-0.0,2332.126220703125,True,0.0,557,2.5129187380519695e-10,-0.001989593297742757,3.848862547183209e-06,True,558,30.84570114585873,36.253750181779985,30.836458404467667,9.619705200195312,-5.8736331993713975e-06,0.0581489937889896,-6.105834926470941e-07,3072.0698379898135,0.030858417208092462,1043.42381225305,0.0,-0.0,3553.4501953125,True,0.0,557,4.655168688686558e-07,0.057867607598440216,-5.812703096685525e-07,True,558,30.845246261040476,36.253729033032876,30.836003519649413,9.61970329284668,-5.8736331993713975e-06,0.058133598955440256,-6.105836137106606e-07,3076.8297332802244,-6.94913751488582,1043.42381225305,0.0,-0.0,3553.448486328125,True,0.0,557,4.593326888491824e-07,0.05804391194976875,0.00013109439227135472,True,558
2.700000000000,324,full_throttle,0.0,1.0,0.0,1,8.956852252595127e-05,11.958090782165527,0.41873160004615784,-0.0006317249499261379,9.862335205078125,0.6583330035209656,-2.257602318422869e-06,asphalt,0.0,1.0,0.0,3443.80448552241,1,4.838793754577637,1.1470019671833143e-05,40.518182248919565,160.0,-0.0,4800.603196384953,6971.396803615047,-1.0511429309190135e-06,-2.6677250811275237e-05,False,-0.0,True,0,0,0.0001041765499394387,9.862335205078125,0.08163942396640778,False,True,-0.8398982286453247,13.062983512878418,2.60770320892334e-08,0.0,0.0,1.0,2328.0732421875,2328.0732421875,0.3513987958431244,0.04860121011734009,0.0,asphalt,True,0.8401017189025879,13.062965393066406,0.0,0.0,0.0,1.0,2328.0703125,2328.0703125,0.35139885544776917,0.04860115051269531,0.0,asphalt,True,-0.8399224281311035,10.862838745117188,-7.450580596923828e-09,0.0,0.0,1.0,3556.8720703125,3556.8720703125,0.3261195123195648,0.07388049364089966,0.0,asphalt,True,0.8400775194168091,10.862820625305176,-3.725290298461914e-08,0.0,0.0,1.0,3556.86669921875,3556.86669921875,0.32611963152885437,0.07388037443161011,0.0,asphalt,564,29.831170122720952,36.066607927479424,29.821385463350172,9.861468315124512,-3.457338607404381e-06,-0.0017423545944213394,-3.505906521143233e-07,-94.254086920288,0.01331690048147925,0.0,0.0,-0.0,2328.452880859375,True,0.0,563,1.94704540654656e-10,-0.0019864464733946813,-3.3679146482404495e-07,True,564,29.83120221906227,36.06664763527416,29.82141755969149,9.861466407775879,-3.457338607404381e-06,-0.001741087458533602,-3.5059071992356924e-07,-94.44480481750647,-0.14857824970591646,0.0,0.0,-0.0,2328.453125,True,0.0,563,2.1822302172168303e-10,-0.001990469541222465,3.757629414554903e-06,True,564,31.62521024657699,37.81572827033325,31.61542558720621,9.861468315124512,-5.7635988923721015e-06,0.058292644449736634,-5.844564630940229e-07,3078.779732555197,0.029400915975511116,1045.5533097405607,0.0,-0.0,3556.5625,True,0.0,563,3.432117142992734e-07,0.05801612191478742,-5.540270587360527e-07,True,564,31.62476787836279,37.81570710484684,31.61498321899201,9.861466407775879,-5.7635988923721015e-06,0.058278045913199954,-5.844565761362612e-07,3083.4306873950086,-6.790815725431483,1045.5533097405607,0.0,-0.0,3556.557373046875,True,0.0,563,3.387170293678507e-07,0.058189067682376076,0.0001281531105990152,True,564
2.750000000000,330,full_throttle,0.0,1.0,0.0,1,9.487195347901434e-05,12.45826530456543,0.4187239706516266,-0.0006346664740704,10.104307174682617,0.6621627807617188,-2.3050599793350557e-06,asphalt,0.0,1.0,0.0,3533.23258498682,1,4.838099002838135,1.1367945262463763e-05,42.53920854665056,160.0,-0.0,4793.998685712911,6978.001314287089,-1.0148031606149743e-06,-2.572002167361068e-05,False,-0.0,True,0,0,0.00010741897858679295,10.104307174682617,0.0815354585647583,False,True,-0.8398928642272949,13.563187599182129,-2.2351741790771484e-08,0.0,0.0,1.0,2327.138671875,2327.138671875,0.3514651358127594,0.04853487014770508,0.0,asphalt,True,0.8401070833206177,13.563167572021484,-2.2351741790771484e-08,0.0,0.0,1.0,2327.138671875,2327.138671875,0.3514651358127594,0.04853487014770508,0.0,asphalt,True,-0.8399171829223633,11.363040924072266,7.450580596923828e-09,0.0,0.0,1.0,3557.545654296875,3557.545654296875,0.3260386884212494,0.07396131753921509,0.0,asphalt,True,0.8400827646255493,11.363021850585938,0.0,0.0,0.0,1.0,3557.53955078125,3557.53955078125,0.32603880763053894,0.07396119832992554,0.0,asphalt,570,30.56297051392091,37.576513512356854,30.55252544998718,10.103381156921387,-3.411485522519797e-06,-0.0017420789193356712,-3.376578067811098e-07,-93.98833041581616,0.012861322417641955,0.0,0.0,-0.0,2327.138427734375,True,0.0,569,1.7830487619679947e-10,-0.001981960170072706,-3.2545268530478293e-07,True,570,30.56300197996456,37.5765539575037,30.55255691603083,10.103379249572754,-3.411478246562183e-06,-0.0017408627103838849,-3.3765715037434786e-07,-94.1750052200555,-0.1446462599538489,0.0,0.0,-0.0,2327.129638671875,True,0.0,569,1.9227380512271826e-10,-0.00198590786220206,3.6602596734845232e-06,True,570,32.400788028107485,39.4165466303568,32.390342964173755,10.103381156921387,-5.6386052165180445e-06,0.058285328763496964,-5.580909132241038e-07,3079.5792258578667,0.028132174855630732,1045.7160282705172,0.0,-0.0,3557.5576171875,True,0.0,569,2.560626925011037e-07,0.058013828996630296,-5.299604837616289e-07,True,570,32.40035249801445,39.416525438200836,32.38990743408072,10.103379249572754,-5.63859794056043e-06,0.058271303118400765,-5.58090298431417e-07,3084.1281247147745,-6.631965890611067,1045.7160282705172,0.0,-0.0,3557.55712890625,True,0.0,569,2.5277828815298945e-07,0.0581827628838189,0.0001251135106588315,True,570
2.800000000000,336,full_throttle,0.0,1.0,0.0,1,0.00010033780563389882,12.970531463623047,0.4187110364437103,-0.0006375217344611883,10.346068382263184,0.6640678644180298,-2.385022071393905e-06,asphalt,0.0,1.0,0.0,3622.4125376945412,1,4.831578254699707,1.1614938557613641e-05,44.608016031555394,160.0,-0.0,4789.486493817959,6982.513506182041,-9.82701635621197e-07,-2.477379618577271e-05,False,-0.0,True,0,0,0.00011067715240642428,10.346068382263184,0.08143385499715805,False,True,-0.8398874402046204,14.075468063354492,-1.862645149230957e-08,0.0,0.0,1.0,2328.335205078125,2328.335205078125,0.3514889180660248,0.0485110878944397,0.0,asphalt,True,0.840112566947937,14.075448989868164,1.4901161193847656e-08,0.0,0.0,1.0,2328.332275390625,2328.332275390625,0.35148897767066956,0.04851102828979492,0.0,asphalt,True,-0.8399118185043335,11.875320434570312,2.2351741790771484e-08,0.0,0.0,1.0,3556.587646484375,3556.587646484375,0.32598933577537537,0.07401067018508911,0.0,asphalt,True,0.8400881290435791,11.875301361083984,-7.450580596923828e-09,0.0,0.0,1.0,3556.58203125,3556.58203125,0.3259894549846649,0.07401055097579956,0.0,asphalt,576,31.294247879719475,39.122967413660106,31.283152743315437,10.345085144042969,-3.4090480767190456e-06,-0.0017383466143724993,-3.2953310961214866e-07,-93.63110056932416,0.012494595751260145,0.0,0.0,-0.0,2328.01220703125,True,0.0,575,1.4600344807245483e-10,-0.0019736783534390744,-3.160528459512697e-07,True,576,31.294278208360463,39.123008597910044,31.283183071956426,10.345083236694336,-3.4090408007614315e-06,-0.0017371951026587396,-3.2953246704379654e-07,-93.81110600964094,-0.14082006240167114,0.0,0.0,-0.0,2328.00927734375,True,0.0,575,1.607397920774582e-10,-0.0019774787861937823,3.5620774287617804e-06,True,576,33.17288338409551,41.05601850431393,33.161788247691476,10.345085144042969,-5.564899765886366e-06,0.05818863395775748,-5.379269177973153e-07,3076.4828498809306,0.027058166313871992,1044.585069760046,0.0,-0.0,3556.83642578125,True,0.0,575,1.9256713420067994e-07,0.05792242173615861,-5.094371343118078e-07,True,576,33.17245751899934,41.055997292020315,33.1613623825953,10.345083236694336,-5.564899765886366e-06,0.058175244297768894,-5.379270169762342e-07,3080.939722826167,-6.47440096975427,1044.585069760046,0.0,-0.0,3556.83349609375,True,0.0,575,1.9015656623373749e-07,0.058087608680453026,0.00012206745410493604,True,576
2.850000000000,342,full_throttle,0.0,1.0,0.0,1,0.00010596692300168797,13.49487590789795,0.418694406747818,-0.0006402921280823648,10.587367057800293,0.6642062067985535,-2.472365622452344e-06,asphalt,0.0,1.0,0.0,3711.292430746269,1,4.820738792419434,1.1165811883984134e-05,46.72216544785449,160.0,-0.0,4786.815659970733,6985.184340029267,-9.526810345050762e-07,-2.3831354197407023e-05,False,-0.0,True,0,0,0.00011394026660127565,10.587367057800293,0.08142337948083878,False,True,-0.8398816585540771,14.599812507629395,0.0,0.0,0.0,1.0,2332.093017578125,2332.093017578125,0.35147491097450256,0.048525094985961914,0.0,asphalt,True,0.8401182889938354,14.599793434143066,-2.60770320892334e-08,0.0,0.0,1.0,2332.086669921875,2332.086669921875,0.3514750301837921,0.04852497577667236,0.0,asphalt,True,-0.8399062156677246,12.399665832519531,-1.4901161193847656e-08,0.0,0.0,1.0,3554.486083984375,3554.486083984375,0.3259700834751129,0.07402992248535156,0.0,asphalt,True,0.840093731880188,12.399645805358887,1.4901161193847656e-08,0.0,0.0,1.0,3554.482666015625,3554.482666015625,0.3259701430797577,0.07402986288070679,0.0,asphalt,582,32.02428346770648,40.705927634846866,32.0126905431116,10.586339950561523,-3.345310688018799e-06,-0.0017311371355887136,-3.160025753604526e-07,-93.21384926562648,0.011998019052236793,0.0,0.0,-0.0,2331.462158203125,True,0.0,581,1.2275432508152643e-10,-0.0019619646541234035,-3.030410972587359e-07,True,582,32.0243142197218,40.70596953363986,32.01272129512692,10.58633804321289,-3.3453034120611846e-06,-0.0017299986671441463,-3.1600194499795075e-07,-93.39364379103014,-0.1373824719558889,0.0,0.0,-0.0,2331.458984375,True,0.0,581,1.2403310173267544e-10,-0.0019657551480936437,3.469961644621293e-06,True,582,33.941649503146486,42.73397893565845,33.93005657855161,10.586339950561523,-5.435082130134106e-06,0.05803746982867555,-5.1340521422093e-07,3070.8474232155163,0.025831289710017562,1042.6051999254526,0.0,-0.0,3554.89599609375,True,0.0,581,1.4578585910655126e-07,0.05777651845056283,-4.860033227784351e-07,True,582,33.94123138492085,42.73395778825194,33.92963846032597,10.58633804321289,-5.4350748541764915e-06,0.05802462676929236,-5.134046194246128e-07,3075.2167006198374,-6.320359969353153,1042.6051999254526,0.0,-0.0,3554.895751953125,True,0.0,581,1.4403180921695663e-07,0.05793778143155036,0.0001190770174839944,True,582
2.900000000000,348,full_throttle,0.0,1.0,0.0,1,0.0001117592619266361,14.031267166137695,0.41867995262145996,-0.0006429771310649812,10.82804012298584,0.6630945801734924,-2.4941291485447437e-06,asphalt,0.0,1.0,0.0,3799.8433907833146,1,4.807376384735107,1.1901356629095972e-05,48.87978139514505,160.0,-0.0,4785.691307402216,6986.308692597784,-9.236463256456773e-07,-2.292587670473079e-05,False,-0.0,True,0,0,0.00011721446207957342,10.82804012298584,0.0815344825387001,False,True,-0.8398758172988892,15.13619613647461,-2.2351741790771484e-08,0.0,0.0,1.0,2335.43017578125,2335.43017578125,0.35143908858299255,0.048560917377471924,0.0,asphalt,True,0.8401240706443787,15.136178016662598,-7.450580596923828e-09,0.0,0.0,1.0,2335.430908203125,2335.430908203125,0.35143908858299255,0.048560917377471924,0.0,asphalt,True,-0.8399004936218262,12.93604850769043,2.2351741790771484e-08,0.0,0.0,1.0,3552.41943359375,3552.41943359375,0.3259768784046173,0.07402312755584717,0.0,asphalt,True,0.8400994539260864,12.936030387878418,2.9802322387695312e-08,0.0,0.0,1.0,3552.4169921875,3552.4169921875,0.3259769380092621,0.07402306795120239,0.0,asphalt,588,32.75252522012427,42.32532623520394,32.740621626807595,10.826985359191895,-3.3192045520991087e-06,-0.001722735916978887,-3.0656775103894146e-07,-92.7536585093902,0.011803639695319121,0.0,0.0,-0.0,2334.932373046875,True,0.0,587,1.1787975856893887e-10,-0.001949365558659471,-2.9768669906275323e-07,True,588,32.7525555710847,42.32536884536659,32.740651977768024,10.826983451843262,-3.3192045520991087e-06,-0.0017216349750805177,-3.0656780504582004e-07,-92.93023691983383,-0.1337499076191224,0.0,0.0,-0.0,2334.92724609375,True,0.0,587,1.084578715985365e-10,-0.001953084316321197,3.373173540134595e-06,True,588,34.70653185115333,44.45026333526343,34.694628257836655,10.826985359191895,-5.347377737052739e-06,0.057834210624206524,-4.938935040225659e-07,3063.6128731276094,0.025061275275243378,1040.0700924965727,0.0,-0.0,3552.7744140625,True,0.0,587,1.1141683607449966e-07,0.05757819381361407,-4.7100696923917796e-07,True,588,34.70612310021793,44.45024226575761,34.694219506901256,10.826983451843262,-5.347377737052739e-06,0.057821938494057215,-4.938935910299123e-07,3067.8990875421337,-6.172532534317677,1040.0700924965727,0.0,-0.0,3552.771728515625,True,0.0,587,1.1012243652238823e-07,0.057735664140294865,0.00011616264211701675,True,588
2.950000000000,354,full_throttle,0.0,1.0,0.0,1,0.00011771533900173381,14.579671859741211,0.418672651052475,-0.0006455642287619412,11.067983627319336,0.6611526608467102,-2.4452483557979576e-06,asphalt,0.0,1.0,0.0,3888.0178859111484,1,4.7921600341796875,1.1620966688496992e-05,51.07948103478565,160.0,-0.0,4785.817521242336,6986.182478757664,-8.91108243195049e-07,-2.2007978993447268e-05,False,-0.0,True,0,0,0.00012048632197547704,11.067983627319336,0.08170033991336823,False,True,-0.8398697972297668,15.684586524963379,-7.450580596923828e-09,0.0,0.0,1.0,2338.12744140625,2338.12744140625,0.35139426589012146,0.04860574007034302,0.0,asphalt,True,0.840130090713501,15.68456745147705,7.450580596923828e-09,0.0,0.0,1.0,2338.125,2338.125,0.35139432549476624,0.04860568046569824,0.0,asphalt,True,-0.8398945927619934,13.484439849853516,-7.450580596923828e-09,0.0,0.0,1.0,3549.798828125,3549.798828125,0.326006680727005,0.07399332523345947,0.0,asphalt,True,0.8401053547859192,13.484420776367188,7.450580596923828e-09,0.0,0.0,1.0,3549.796142578125,3549.796142578125,0.3260067403316498,0.0739932656288147,0.0,asphalt,594,33.47860883186326,43.98107111566248,33.46651249388919,11.066911697387695,-3.2922180253081024e-06,-0.0017141894135919136,-2.9748299393091943e-07,-92.27519703046985,0.011403275080032731,0.0,0.0,-0.0,2337.712890625,True,0.0,593,9.276911737071139e-11,-0.0019369921351248484,-2.8724582366063003e-07,True,594,33.47863739034899,43.9811144100592,33.46654105237492,11.066909790039062,-3.2922180253081024e-06,-0.0017131657873419332,-2.9748304520121916e-07,-92.4425373116955,-0.13042426325826,0.0,0.0,-0.0,2337.707275390625,True,0.0,593,9.264109374342339e-11,-0.001940512686270258,3.2853698499862036e-06,True,594,35.467804067983714,46.20467764703011,35.45570773000964,11.066911697387695,-5.247842636890709e-06,0.05760086124093689,-4.741921486668273e-07,3055.202725456529,0.024018909203572223,1037.173942583164,0.0,-0.0,3550.283447265625,True,0.0,593,8.579650558709724e-08,0.05734950868471126,-4.5086130230788717e-07,True,594,35.467402644227526,46.20465661219373,35.455306306253455,11.066909790039062,-5.247842636890709e-06,0.057589073612008976,-4.741922303924186e-07,3059.415646619904,-6.030526335969377,1037.173942583164,0.0,-0.0,3550.28076171875,True,0.0,593,8.484991661519358e-08,0.05750338610273868,0.00011334703189041385,True,594
3.000000000000,360,full_throttle,0.0,1.0,0.0,1,0.0001238346885656938,15.140048027038574,0.4186730682849884,-0.0006480722804553807,11.307106018066406,0.6586949825286865,-2.4571127141825855e-06,asphalt,0.0,1.0,0.0,3975.8247849578966,1,4.775097370147705,1.1089738109149039e-05,53.31996572211035,160.0,-0.0,4786.957416755447,6985.042583244553,-8.657733587824623e-07,-2.1178243854025215e-05,False,-0.0,True,0,0,0.0001237431279150769,11.307106018066406,0.08182738721370697,False,True,-0.8398635983467102,16.244943618774414,3.3527612686157227e-08,0.0,0.0,1.0,2340.45556640625,2340.45556640625,0.3513472378253937,0.0486527681350708,0.0,asphalt,True,0.8401363492012024,16.244924545288086,7.450580596923828e-09,0.0,0.0,1.0,2340.449951171875,2340.449951171875,0.3513473570346832,0.04865264892578125,0.0,asphalt,True,-0.8398885130882263,14.044798851013184,2.9802322387695312e-08,0.0,0.0,1.0,3546.730224609375,3546.730224609375,0.32605406641960144,0.07394593954086304,0.0,asphalt,True,0.8401114344596863,14.044779777526855,7.450580596923828e-09,0.0,0.0,1.0,3546.724609375,3546.724609375,0.326054185628891,0.07394582033157349,0.0,asphalt,600,34.20226601437424,45.67305261251642,34.190083637095434,11.306026458740234,-3.2620737329125404e-06,-0.001705167953311492,-2.8852521660168876e-07,-91.76124897775071,0.010936430615276788,0.0,0.0,-0.0,2340.082763671875,True,0.0,599,7.936817760883178e-11,-0.0019242415488006663,-2.752055067321346e-07,True,600,34.2022952321984,45.67309661484133,34.1901128549196,11.306025505065918,-3.2620737329125404e-06,-0.0017042309370177912,-2.8852524093907313e-07,-91.9284238667083,-0.1272523791118571,0.0,0.0,-0.0,2340.080078125,True,0.0,599,7.384008456142928e-11,-0.001927752554636215,3.2022013031179305e-06,True,600,36.22593477818821,47.99706918435156,36.21375240090941,11.306026458740234,-5.16051659360528e-06,0.05736162217810155,-4.5643945841074287e-07,3046.123449742432,0.022966063633227323,1034.044956504287,0.0,-0.0,3547.25,True,0.0,599,6.632500463230563e-08,0.05711461685907918,-4.3061221112188755e-07,True,600,36.22554045899888,47.997048157069216,36.213358081720074,11.306025505065918,-5.16051659360528e-06,0.0573502019885928,-4.5643949691185786e-07,3050.261296330531,-5.89319452272365,1034.044956504287,0.0,-0.0,3547.2470703125,True,0.0,599,6.562438229012226e-08,0.05726487936738755,0.00011063743047142078,True,600
3.050000000000,366,coast,0.0,0.0,0.0,1,0.00013012021372560412,15.711335182189941,0.41869238018989563,-0.0006498305010609329,11.498247146606445,0.6392087936401367,-2.943505705843563e-06,asphalt,0.0,0.0,0.0,3438.221715391237,2,3.1240854263305664,2.5722820282680914e-05,55.27692743020634,160.0,-0.0,4835.418502594772,6936.581497405228,-5.038162953496794e-07,-1.759851850325857e-05,False,-0.0,True,0,0,0.00012705454719252884,11.498247146606445,0.08303511887788773,False,True,-0.8398573398590088,16.816085815429688,-1.1175870895385742e-08,0.0,0.0,1.0,2424.2900390625,2424.2900390625,0.3509908616542816,0.04900914430618286,0.0,asphalt,True,0.8401426076889038,16.816064834594727,-1.1175870895385742e-08,0.0,0.0,1.0,2424.287109375,2424.287109375,0.3509908616542816,0.04900914430618286,0.0,asphalt,True,-0.8398822546005249,14.615947723388672,7.450580596923828e-09,0.0,0.0,1.0,3488.64453125,3488.64453125,0.32644590735435486,0.07355409860610962,0.0,asphalt,True,0.8401176333427429,14.61592960357666,-4.470348358154297e-08,0.0,0.0,1.0,3488.63427734375,3488.63427734375,0.3264460861682892,0.07355391979217529,0.0,asphalt,606,34.80070735739284,47.3988931608822,34.77766456307583,11.496203422546387,-2.749278792180121e-06,-0.0010412128392990974,-2.3914667226470396e-07,-61.113946864792084,0.0093159374244653,0.0,0.0,-0.0,2403.412353515625,True,0.0,605,1.4935617182572803e-11,-0.0012474753320475505,-2.281914894023078e-07,True,606,34.80072716095799,47.398937746667436,34.77768436664098,11.496203422546387,-2.7492642402648926e-06,-0.0010406443754106892,-2.391454064628828e-07,-61.22750973875481,-0.08361956922796346,0.0,0.0,-0.0,2403.40673828125,True,0.0,605,6.267004226845544e-12,-0.001249797197704315,2.0482460333300313e-06,True,606,35.92275441856563,49.796976505809255,35.899711624248624,11.496203422546387,-3.852430381812155e-06,0.031167292575700382,-3.3510457672109504e-07,1989.4690659317698,0.020325316857195953,681.6844487814767,13.652999999999999,13.652999999999999,3504.44189453125,True,0.0,605,1.5104866697178647e-08,0.030944820904394387,-3.1614630415110207e-07,True,606,35.92231870258643,49.79695552830073,35.89927590826942,11.496203422546387,-3.852415829896927e-06,0.031154785292395615,-3.351033109192739e-07,1994.0544719960644,-4.565208126128973,681.6844487814767,13.652999999999999,13.652999999999999,3504.431884765625,True,0.0,605,1.542497730949642e-08,0.031033581429660055,7.104858963493513e-05,True,606
3.100000000000,372,coast,0.0,0.0,0.0,1,0.00013655060320161283,16.289981842041016,0.41881924867630005,-0.0006510528037324548,11.618574142456055,0.570482611656189,-3.883562385453843e-06,asphalt,0.0,0.0,0.0,3107.763944928914,2,1.9659062623977661,2.227579170721583e-05,56.53660660738251,160.0,-0.0,4966.49628642576,6805.50371357424,-3.87973983606571e-07,-1.26737206734519e-05,False,-0.0,True,0,0,0.00012960615276824683,11.618574142456055,0.08626052737236023,False,True,-0.8398508429527283,17.394216537475586,3.3527612686157227e-08,0.0,0.0,1.0,2573.549560546875,2573.549560546875,0.3497927486896515,0.05020725727081299,0.0,asphalt,True,0.8401490449905396,17.394197463989258,-2.60770320892334e-08,0.0,0.0,1.0,2573.5390625,2573.5390625,0.3497929275035858,0.05020707845687866,0.0,asphalt,True,-0.8398758769035339,15.194107055664062,3.725290298461914e-08,0.0,0.0,1.0,3355.247802734375,3355.247802734375,0.32788702845573425,0.07211297750473022,0.0,asphalt,True,0.8401240110397339,15.194087982177734,2.2351741790771484e-08,0.0,0.0,1.0,3355.238037109375,3355.238037109375,0.3278872072696686,0.0721127986907959,0.0,asphalt,612,35.17709215654913,49.14784644867013,35.13825560285631,11.615124702453613,-2.013301127590239e-06,-0.0005754816210443131,-1.7333443929060211e-07,-39.46589081168476,0.006903457583268429,0.0,0.0,-0.0,2547.340576171875,True,0.0,611,0.0008493402551036781,-0.0007599667530765046,-1.596045996860148e-07,True,612,35.17710432881461,49.14789142905296,35.13826777512179,11.615124702453613,-2.013301127590239e-06,-0.0005751357919885592,-1.7333443929060211e-07,-39.54116943463413,-0.05593549224716047,0.0,0.0,-0.0,2547.329833984375,True,0.0,611,0.0008540565444518449,-0.0007614196931771295,1.2926385873659405e-06,True,612,35.89469237629756,51.590168731992826,35.855855822604745,11.615124702453613,-2.860630047507584e-06,0.019812424542972894,-2.4628491908513375e-07,1293.4324105800322,0.01500300131197399,449.3940856125427,13.652999999999999,13.652999999999999,3381.099609375,True,0.0,611,9.43612876895729e-11,0.01961815205049588,-2.2755820756764883e-07,True,612,35.89437448602847,51.590147761799884,35.85553793233565,11.615124702453613,-2.860630047507584e-06,0.01980339288885915,-2.4628491908513375e-07,1296.7647082477163,-3.0170738947989326,449.3940856125427,13.652999999999999,13.652999999999999,3381.095703125,True,0.0,611,1.0050006315318116e-10,0.019673502666072457,4.5772691756726474e-05,True,612
3.150000000000,378,coast,0.0,0.0,0.0,1,0.00014308709069155157,16.873245239257812,0.41911277174949646,-0.0006520101451314986,11.693621635437012,0.4561610221862793,-4.029487172374502e-06,asphalt,0.0,0.0,0.0,2906.629079738136,2,1.213952660560608,1.7457656213082373e-05,57.33183006625833,160.0,-0.0,5122.896259848167,6649.103740151833,-2.972528250211326e-07,-8.568742129889881e-06,False,-0.0,True,0,0,0.00013143994146957994,11.693621635437012,0.08920943737030029,False,True,-0.839844286441803,17.976625442504883,7.450580596923828e-09,0.0,0.0,1.0,2724.374755859375,2724.374755859375,0.34788379073143005,0.052116215229034424,0.0,asphalt,True,0.8401556611061096,17.976608276367188,-3.725290298461914e-09,0.0,0.0,1.0,2724.369873046875,2724.369873046875,0.3478839099407196,0.05211609601974487,0.0,asphalt,True,-0.8398693203926086,15.776556015014648,1.4901161193847656e-08,0.0,0.0,1.0,3187.65576171875,3187.65576171875,0.33036813139915466,0.06963187456130981,0.0,asphalt,True,0.840130627155304,15.776537895202637,0.0,0.0,0.0,1.0,3187.650146484375,3187.650146484375,0.3303682506084442,0.06963175535202026,0.0,asphalt,618,35.41134264780687,50.910991666553386,35.3624277682464,11.689263343811035,-1.3796234270557761e-06,-0.00030115413873635415,-1.1802483924585559e-07,-25.449817456060504,0.005068203435143187,0.0,0.0,-0.0,2700.714111328125,True,0.0,617,0.00023460237834243614,-0.000462223664217361,-1.1048128415872383e-07,True,618,35.411351221945196,50.91103692181295,35.362436342384726,11.689262390136719,-1.3796088751405478e-06,-0.0003008305209890892,-1.1802360397903647e-07,-25.499079889447565,-0.037482185943996965,0.0,0.0,-0.0,2700.708984375,True,0.0,617,0.00023591664965016688,-0.0004631192859522852,8.169373073930068e-07,True,618,35.89033249575558,53.38233271444242,35.84141761619511,11.689263343811035,-2.0306179067119956e-06,0.013221224917490889,-1.7371649923406853e-07,838.8866790681311,0.01046065602823221,296.2588402075648,13.652999999999999,13.652999999999999,3216.010498046875,True,0.0,617,0.00024119517395529682,0.013054182278474153,-1.6279858284053146e-07,True,618,35.890123304685304,53.382311708036546,35.84120842512483,11.689262390136719,-2.0306033547967672e-06,0.013215401900788787,-1.7371526851088134e-07,841.071030781413,-1.9003397275898275,296.2588402075648,13.652999999999999,13.652999999999999,3216.0048828125,True,0.0,617,0.0002453527724342253,0.01308960472805744,2.9575047076192273e-05,True,618
3.200000000000,384,coast,0.0,0.0,0.0,1,0.00014969659969210625,17.459346771240234,0.4195082485675812,-0.0006527182413265109,11.739020347595215,0.31992512941360474,-4.041658030473627e-06,asphalt,0.0,0.0,0.0,2784.225356914449,2,0.7188172936439514,1.1544505468918942e-05,57.81887079889764,160.0,-0.0,5275.786077716464,6496.213922283536,-2.1276852635310206e-07,-5.650658161370014e-06,False,-0.0,True,0,0,0.00013264879817143083,11.739020347595215,0.08969713002443314,False,True,-0.8398377299308777,18.561716079711914,0.0,0.0,0.0,1.0,2846.7890625,2846.7890625,0.3456569015979767,0.05434310436248779,0.0,asphalt,True,0.8401621580123901,18.561695098876953,-1.1175870895385742e-08,0.0,0.0,1.0,2846.782470703125,2846.782470703125,0.34565702080726624,0.05434298515319824,0.0,asphalt,True,-0.8398628234863281,16.36168098449707,3.725290298461914e-09,0.0,0.0,1.0,3029.6328125,3029.6328125,0.333372563123703,0.06662744283676147,0.0,asphalt,True,0.8401371836662292,16.361661911010742,-1.1175870895385742e-08,0.0,0.0,1.0,3029.626953125,3029.626953125,0.33337268233299255,0.06662732362747192,0.0,asphalt,624,35.55427118941803,52.6830121504509,35.504376811828806,11.734554290771484,-9.020004654303193e-07,-0.00014016708455877834,-7.686704096973553e-08,-16.20804910432685,0.0033243353223929737,0.0,0.0,-0.0,2828.933349609375,True,0.0,623,6.385426930708574e-05,-0.0002810278985380701,-6.91737008879967e-08,True,624,35.554277358044374,52.68305759441427,35.50438298045515,11.734554290771484,-9.020150173455477e-07,-0.00013999360999446625,-7.686828106074093e-08,-16.244709134004044,-0.024837419739057457,0.0,0.0,-0.0,2828.93017578125,True,0.0,623,6.425907229195969e-05,-0.0002816638625176316,5.167885725705476e-07,True,624,35.87558336896821,55.17381815296062,35.82568899137898,11.734554290771484,-1.3676617527380586e-06,0.008895797692982637,-1.1654995314254377e-07,539.8879955809117,0.006571563701708665,195.30586452088755,13.652999999999999,13.652999999999999,3053.75244140625,True,0.0,623,1.2325218408070748e-05,0.008751112869839433,-1.0652019829345747e-07,True,624,35.87545049523861,55.1737971009599,35.825556117649384,11.734554290771484,-1.3676617527380586e-06,0.008892061008172913,-1.1654995314254377e-07,541.2638918772093,-1.1741591977215478,195.30586452088755,13.652999999999999,13.652999999999999,3053.74951171875,True,0.0,623,1.2541838652126048e-05,0.008773836233768836,1.9033010173843514e-05,True,624
3.250000000000,390,coast,0.0,0.0,0.0,1,0.00015635389718227088,18.047115325927734,0.4198649823665619,-0.00065320247085765,11.764914512634277,0.18851427733898163,-3.5978002870251657e-06,asphalt,0.0,0.0,0.0,2709.491062665668,2,0.39287206530570984,9.04720218386501e-06,58.10118028254627,160.0,-0.0,5412.19179088498,6359.80820911502,-1.3778706886569125e-07,-3.5464228316323e-06,False,-0.0,True,0,0,0.0001334572007181123,11.764914512634277,0.0872373878955841,False,True,-0.8398310542106628,19.14851188659668,2.2351741790771484e-08,0.0,0.0,1.0,2931.42578125,2931.42578125,0.34348633885383606,0.05651366710662842,0.0,asphalt,True,0.8401688933372498,19.14849090576172,1.4901161193847656e-08,0.0,0.0,1.0,2931.4189453125,2931.4189453125,0.3434865176677704,0.05651348829269409,0.0,asphalt,True,-0.8398560881614685,16.94849967956543,-2.2351741790771484e-08,0.0,0.0,1.0,2912.58056640625,2912.58056640625,0.3362480103969574,0.06375199556350708,0.0,asphalt,True,0.8401438593864441,16.9484806060791,-2.9802322387695312e-08,0.0,0.0,1.0,2912.575927734375,2912.575927734375,0.33624812960624695,0.06375187635421753,0.0,asphalt,630,35.63803587532889,54.46067737622371,35.595157057561984,11.761061668395996,-6.818736437708139e-07,-4.33489383727938e-05,-5.7977218638613675e-08,-10.101702546750891,0.002553598978333241,0.0,0.0,-0.0,2919.952392578125,True,0.0,629,1.6789886660744132e-05,-0.0001696909155035616,-5.147670603936803e-08,True,630,35.638039990459106,54.46072295461181,35.5951611726922,11.76106071472168,-6.818736437708139e-07,-4.3152389268668314e-05,-5.797722333983797e-08,-10.123665332574262,-0.015446283153437072,0.0,0.0,-0.0,2919.948486328125,True,0.0,629,1.6885851423842947e-05,-0.00017006008090911115,3.113668888104909e-07,True,630,35.849601965751475,56.964445511347186,35.80672314798457,11.761061668395996,-9.836949175223708e-07,0.005892918705479752,-8.363997615672118e-08,342.78853144053136,0.004503131242671863,128.75356120859237,13.652999999999999,13.652999999999999,2928.46337890625,True,0.0,629,5.365239977564033e-07,0.0057643198491051815,-7.572453603017646e-08,True,630,35.84952078659653,56.96442445450395,35.806641968829624,11.76106071472168,-9.836949175223708e-07,0.005890722489720147,-8.363998293887281e-08,343.6362088053519,-0.7193456716133622,128.75356120859237,13.652999999999999,13.652999999999999,2928.45849609375,True,0.0,629,5.453717976272778e-07,0.005778698232354582,1.2096750786393497e-05,True,630
3.300000000000,396,coast,0.0,0.0,0.0,1,0.00016304495511576533,18.635725021362305,0.42005324363708496,-0.0006534854182973504,11.772933959960938,0.08090285211801529,-2.940727199529647e-06,asphalt,0.0,0.0,0.0,2662.834331058136,2,-0.17853683233261108,8.061885637289379e-06,58.22753316266471,160.0,-0.0,5530.668454929387,6241.331545070613,-7.062203621899243e-08,-1.1818556486482643e-06,False,-0.0,True,0,0,0.00013408994709607214,11.772933959960938,0.08297142386436462,False,True,-0.839824378490448,19.736326217651367,2.60770320892334e-08,0.0,0.0,1.0,2989.920654296875,2989.920654296875,0.34160682559013367,0.05839318037033081,0.0,asphalt,True,0.8401755094528198,19.73630714416504,-3.725290298461914e-09,0.0,0.0,1.0,2989.9189453125,2989.9189453125,0.34160688519477844,0.058393120765686035,0.0,asphalt,True,-0.8398494124412537,17.536325454711914,-3.725290298461914e-09,0.0,0.0,1.0,2843.55419921875,2843.55419921875,0.33850035071372986,0.06149965524673462,0.0,asphalt,True,0.8401505351066589,17.53630828857422,-1.1175870895385742e-08,0.0,0.0,1.0,2843.549072265625,2843.549072265625,0.3385004699230194,0.06149953603744507,0.0,asphalt,636,35.67128582399778,56.241839088774924,35.63875362378053,11.770004272460938,-1.8729770090430975e-07,0.0001291460413388825,-1.591313788581561e-08,0.7134607606029725,0.000618822265648127,0.0,0.0,-0.0,2979.1044921875,True,0.0,635,1.2306414520594765e-08,1.1746902997585859e-05,-1.2226453822309733e-08,True,636,35.67128550959743,56.241884747153264,35.638753309380185,11.770004272460938,-1.8729770090430975e-07,0.00012913722637908692,-1.591313788581561e-08,0.7178242245256088,0.0019166567634918928,0.0,0.0,-0.0,2979.102294921875,True,0.0,635,1.2527000982420586e-08,1.1818754755859963e-05,-3.786859369797304e-08,True,636,35.66323856421361,58.752073110136564,35.63070636399636,11.770004272460938,-3.421882865950465e-07,-9.647798285886103e-05,-2.9072910992537798e-08,-12.427546435770472,0.0014967422961999785,84.87957883170384,91.02,91.02,2853.444580078125,True,0.0,635,2.9827332753543196e-05,-0.00021362707543348802,-2.5726172615624383e-08,True,636,35.663241307412996,58.7520520542241,35.63070910719575,11.770004272460938,-3.421882865950465e-07,-9.640107075430652e-05,-2.9072910992537798e-08,-12.46062256351847,0.027248763336280263,84.87957883170384,91.02,91.02,2853.442138671875,True,0.0,635,3.004579646199363e-05,-0.0002141958346745715,-4.684047277001911e-07,True,636
3.350000000000,402,coast,0.0,0.0,0.0,1,0.00016975327162072062,19.2239933013916,0.4200281500816345,-0.0006535746506415308,11.758987426757812,-0.001140007982030511,-2.1252747046673903e-06,asphalt,0.0,0.0,0.0,2629.4220951207276,2,-0.33359381556510925,4.653053110814653e-06,58.102452271531156,160.0,-0.0,5648.104118481849,6123.895881518151,-6.563941390425043e-09,1.483547926224514e-07,False,-0.0,True,0,0,0.00013420059985946864,11.758987426757812,0.07898752391338348,False,True,-0.8398176431655884,20.323993682861328,7.450580596923828e-09,0.0,0.0,1.0,3033.20263671875,3033.20263671875,0.3400062024593353,0.05999380350112915,0.0,asphalt,True,0.8401823043823242,20.323974609375,2.60770320892334e-08,0.0,0.0,1.0,3033.203125,3033.203125,0.3400062620639801,0.059993743896484375,0.0,asphalt,True,-0.8398427963256836,18.123994827270508,3.725290298461914e-09,0.0,0.0,1.0,2809.27001953125,2809.27001953125,0.34005001187324524,0.05994999408721924,0.0,asphalt,True,0.840157151222229,18.12397575378418,3.725290298461914e-09,0.0,0.0,1.0,2809.271728515625,2809.271728515625,0.34005001187324524,0.05994999408721924,0.0,asphalt,642,35.63338597646788,58.02306592594145,35.61105646720961,11.756977081298828,-7.37491063773632e-08,0.00017353873546432726,-6.272794942729949e-09,3.7939530847459797,0.0003692979262237189,0.0,0.0,-0.0,3028.345947265625,True,0.0,641,2.2439004706018116e-07,6.145053279313085e-05,-7.177804559690469e-09,True,642,35.63338478270139,58.02311159044063,35.61105527344312,11.756977081298828,-7.37491063773632e-08,0.0001735052283019192,-6.272794942729949e-09,3.8018643166639423,0.007351856809285608,0.0,0.0,-0.0,3028.34326171875,True,0.0,641,2.2543249606939376e-07,6.15787254704806e-05,-1.4289346954730959e-07,True,642,35.56837989422206,60.53124185732951,35.54605038496379,11.756977081298828,-8.822826202958822e-08,-0.0016510805516856378,-7.504332229236718e-09,-101.00996092960081,0.0005234897357116975,55.95606704016068,91.02,91.02,2812.15869140625,True,0.0,641,1.1486761639551732e-10,-0.0017624827549842894,-9.134164810659991e-09,True,642,35.56840303521716,60.531220813603085,35.54607352595889,11.756977081298828,-8.822826202958822e-08,-0.0016504310200647534,-7.504332229236718e-09,-101.24994507788844,0.2073922612770721,55.95606704016068,91.02,91.02,2812.1572265625,True,0.0,641,1.0769087268394593e-10,-0.0017666741935225996,-3.618713626484047e-06,True,642
3.400000000000,408,coast,0.0,0.0,0.0,1,0.00017646123887971044,19.811391830444336,0.4198240041732788,-0.0006535216234624386,11.739418029785156,-0.05359271541237831,-1.4408466313398094e-06,asphalt,0.0,0.0,0.0,2606.813196373307,2,-0.42750751972198486,2.1828275293955812e-06,57.916992738023396,160.0,-0.0,5740.108507728987,6031.891492271013,3.4385035263539976e-08,9.188884460517913e-07,False,-0.0,True,0,0,0.00013410857354756445,11.739418029785156,0.07607901096343994,False,True,-0.8398109674453735,20.911008834838867,1.862645149230957e-08,0.0,0.0,1.0,3046.9228515625,3046.9228515625,0.3387952148914337,0.06120479106903076,0.0,asphalt,True,0.8401889801025391,20.91098976135254,1.862645149230957e-08,0.0,0.0,1.0,3046.925048828125,3046.925048828125,0.3387952148914337,0.06120479106903076,0.0,asphalt,True,-0.8398360013961792,18.711008071899414,-1.4901161193847656e-08,0.0,0.0,1.0,2811.161865234375,2811.161865234375,0.3408530652523041,0.0591469407081604,0.0,asphalt,True,0.8401639461517334,18.710987091064453,0.0,0.0,0.0,1.0,2811.16015625,2811.16015625,0.34085312485694885,0.059146881103515625,0.0,asphalt,648,35.577973302788386,59.802444199260705,35.566219890824804,11.738362312316895,6.030313670635223e-08,0.0002018064820497635,5.137270012791906e-09,5.599697901970126,-0.00024329669167252196,0.0,0.0,-0.0,3046.210693359375,True,0.0,647,1.2321076313699608e-06,9.016624806290732e-05,4.701135349293082e-09,True,648,35.57797159790499,59.80248986195177,35.56621818594141,11.738362312316895,6.03176886215806e-08,0.00020175855274694887,5.138509701501556e-09,5.6117959876837205,0.010115877338703347,0.0,0.0,-0.0,3046.20654296875,True,0.0,647,1.2404832285585146e-06,9.03611746538672e-05,-1.9546319024353773e-07,True,648,35.47666753141924,62.30632873990859,35.464914119455656,11.738362312316895,1.3581302482634783e-07,-0.002646197665576582,1.1570014727168641e-08,-157.7211108030283,-0.0005801974884541992,36.888512899093804,91.02,91.02,2808.888427734375,True,0.0,647,2.6517723134526994e-09,-0.0027566983531722264,1.014087135006647e-08,True,648,35.476703764034745,62.3063077287481,35.46495035207116,11.738362312316895,1.3581302482634783e-07,-0.0026451790598461355,1.1570014727168641e-08,-158.10082369993467,0.32293589708624315,36.888512899093804,91.02,91.02,2808.88671875,True,0.0,647,2.7043168172146475e-09,-0.0027633489141442097,-5.644401715954211e-06,True,648
3.450000000000,414,coast,0.0,0.0,0.0,1,0.00018316108617000282,20.397695541381836,0.4195048213005066,-0.0006533743580803275,11.716151237487793,-0.07824113219976425,-8.239878184213012e-07,asphalt,0.0,0.0,0.0,2590.7868820901804,2,-0.4888792932033539,3.6246183299226686e-07,57.69274639113772,160.0,-0.0,5811.129621552369,5960.870378447631,6.133132046670653e-08,1.4101257694102998e-06,False,-0.0,True,0,0,0.00013390157255344093,11.716151237487793,0.07473276555538177,False,True,-0.8398042917251587,21.497133255004883,-1.862645149230957e-08,0.0,0.0,1.0,3042.16796875,3042.16796875,0.33800312876701355,0.06199687719345093,0.0,asphalt,True,0.8401956558227539,21.497114181518555,-1.862645149230957e-08,0.0,0.0,1.0,3042.169189453125,3042.169189453125,0.33800312876701355,0.06199687719345093,0.0,asphalt,True,-0.8398293256759644,19.29713249206543,1.862645149230957e-08,0.0,0.0,1.0,2838.64599609375,2838.64599609375,0.3410073220729828,0.05899268388748169,0.0,asphalt,True,0.8401706218719482,19.2971134185791,1.862645149230957e-08,0.0,0.0,1.0,2838.647216796875,2838.647216796875,0.3410073220729828,0.05899268388748169,0.0,asphalt,654,35.51057598390738,61.57921879460743,35.50738378730724,11.715865135192871,1.8144783098250628e-07,0.0002240499925763046,1.5487360846913606e-08,6.808030552140977,-0.0007016616853972899,0.0,0.0,-0.0,3043.810791015625,True,0.0,653,2.570813304193196e-06,0.00010970926797475735,1.3568622386480415e-08,True,654,35.51057433780442,61.579264444209244,35.50738214120428,11.715865135192871,1.8144783098250628e-07,0.00022400362690286582,1.5487360846913606e-08,6.820258880474701,0.011893152664941288,0.0,0.0,-0.0,3043.8125,True,0.0,653,2.5906018233034718e-06,0.00010990626225126933,-2.2998536260377215e-07,True,654,35.38641453065566,64.07737749749445,35.38322233405552,11.715865135192871,3.162131179124117e-07,-0.0032731974663407306,2.6990163702256204e-08,-195.1274253372669,-0.0013827749203400976,24.318406490755795,91.02,91.02,2830.386474609375,True,0.0,653,1.1720776527249704e-08,-0.003386157852209794,2.3996085249714428e-08,True,654,35.386459419403074,64.07735652251641,35.383267222802935,11.715865135192871,3.162131179124117e-07,-0.0032719330879549978,2.6990163702256204e-08,-195.59830252360146,0.40285215754648446,24.318406490755795,91.02,91.02,2830.387451171875,True,0.0,653,1.1916200701588157e-08,-0.0033943506317436374,-6.990968009639249e-06,True,654
3.500000000000,420,coast,0.0,0.0,0.0,1,0.00018984753114636987,20.982763290405273,0.419167160987854,-0.0006531670805998147,11.690446853637695,-0.0828913077712059,-5.682818482455332e-07,asphalt,0.0,0.0,0.0,2578.709674520757,2,-0.5294522047042847,-4.3778709368780255e-07,57.44328094196651,160.0,-0.0,5865.372818405372,5906.627181594628,7.925928002805449e-08,1.5934070089104229e-06,False,-0.0,True,0,0,0.00013359841250348836,11.690446853637695,0.07573793828487396,False,True,-0.8397976160049438,22.08216667175293,3.725290298461914e-09,0.0,0.0,1.0,3027.63623046875,3027.63623046875,0.3375761806964874,0.06242382526397705,0.0,asphalt,True,0.8402023315429688,22.082149505615234,3.725290298461914e-09,0.0,0.0,1.0,3027.636962890625,3027.636962890625,0.3375761806964874,0.06242382526397705,0.0,asphalt,True,-0.8398226499557495,19.882164001464844,7.450580596923828e-09,0.0,0.0,1.0,2878.765380859375,2878.765380859375,0.34075894951820374,0.05924105644226074,0.0,asphalt,True,0.8401772975921631,19.882144927978516,1.862645149230957e-08,0.0,0.0,1.0,2878.762939453125,2878.762939453125,0.3407590091228485,0.05924099683761597,0.0,asphalt,660,35.43463626384886,63.35274594417199,35.4363628865421,11.690600395202637,2.0499282982200384e-07,0.000242038199222688,1.753484191505894e-08,7.626839778560343,-0.0009080894476410325,0.0,0.0,-0.0,3030.37451171875,True,0.0,659,3.877448374063429e-06,0.00012344909255665947,1.7638400810098943e-08,True,660,35.43463419333471,63.35279157889773,35.43636081602795,11.690601348876953,2.0499282982200384e-07,0.00024189815725550744,1.7534840484633947e-08,7.648322945813476,0.013165570853948014,0.0,0.0,-0.0,3030.37548828125,True,0.0,659,3.917018336472751e-06,0.00012379678301519402,-2.557199575261833e-07,True,660,35.297091325037215,65.84430911662308,35.298817947730456,11.690600395202637,3.789900802075863e-07,-0.00364055365007774,3.2418358971803436e-08,-219.76557817062533,-0.0018171575654185779,16.031681620436412,91.02,91.02,2873.630859375,True,0.0,659,2.7000697851397755e-08,-0.0037575169056419753,3.106947314521208e-08,True,660,35.2971432267315,65.8442881910053,35.29886984942474,11.690601348876953,3.789900802075863e-07,-0.0036391698584132617,3.2418356327238335e-08,-220.30325975660858,0.46136174030074584,16.031681620436412,91.02,91.02,2873.6318359375,True,0.0,659,2.7495899509274408e-08,-0.0037667400654383494,-7.888352420862193e-06,True,660
3.550000000000,426,coast,0.0,0.0,0.0,1,0.00019651788170449436,21.56649398803711,0.41890743374824524,-0.0006529075908474624,11.663175582885742,-0.07753723859786987,-3.020083454430278e-07,asphalt,0.0,0.0,0.0,2568.9231534612722,2,-0.5555514693260193,-3.839454620901961e-07,57.17782011387316,160.0,-0.0,5906.404720611036,5865.595279388964,9.622453944757581e-08,1.7488025482937438e-06,False,-0.0,True,0,0,0.00013326809857971966,11.663175582885742,0.0777476578950882,False,True,-0.839790940284729,22.665939331054688,7.450580596923828e-09,0.0,0.0,1.0,3011.65869140625,3011.65869140625,0.33741918206214905,0.06258082389831543,0.0,asphalt,True,0.8402090072631836,22.66592025756836,7.450580596923828e-09,0.0,0.0,1.0,3011.659423828125,3011.659423828125,0.33741918206214905,0.06258082389831543,0.0,asphalt,True,-0.8398159742355347,20.46593475341797,-1.1175870895385742e-08,0.0,0.0,1.0,2899.110595703125,2899.110595703125,0.3403964340686798,0.05960357189178467,0.0,asphalt,True,0.8401839733123779,20.46591567993164,-1.1175870895385742e-08,0.0,0.0,1.0,2899.11181640625,2899.11181640625,0.3403964340686798,0.05960357189178467,0.0,asphalt,666,35.35292669007864,65.12249453639652,35.35658618895646,11.663500785827637,2.2143649403005838e-07,0.00025421371788464413,1.8985422824262736e-08,8.163047128805541,-0.0008735276031800674,0.0,0.0,-0.0,3014.14208984375,True,0.0,665,4.95268991903008e-06,0.00013283981073516067,1.7058546829069005e-08,True,666,35.35292463437229,65.1225401458002,35.35658413325012,11.663500785827637,2.2143649403005838e-07,0.00025415555497901803,1.8985422824262736e-08,8.179492365218662,0.014146334664875646,0.0,0.0,-0.0,3014.14013671875,True,0.0,665,4.988482972058311e-06,0.000133107516161294,-2.762498553543075e-07,True,666,35.2066830821747,67.60692873775946,35.21034258105252,11.663500785827637,4.3278851080685854e-07,-0.003883514010220945,3.710622726006426e-08,-235.9747282515529,-0.0019948804714561095,10.568735894629372,91.02,91.02,2896.81298828125,True,0.0,665,4.477715006981768e-08,-0.004003282106466338,3.384290412021484e-08,True,666,35.206738060568505,67.60690784526552,35.21039755944633,11.663500785827637,4.3278851080685854e-07,-0.0038819584849727386,3.710622726006426e-08,-236.55047549324013,0.5003412574678394,10.568735894629372,91.02,91.02,2896.81396484375,True,0.0,665,4.557311668655498e-08,-0.004013085921009742,-8.488304463936668e-06,True,666
3.600000000000,432,coast,0.0,0.0,0.0,1,0.00020317095913924277,22.14883041381836,0.4187481105327606,-0.0006526126526296139,11.634864807128906,-0.06914623826742172,-4.178452783776265e-08,asphalt,0.0,0.0,0.0,2560.4275460536387,2,-0.5729343295097351,-9.484697329753544e-07,56.90210137080495,160.0,-0.0,5937.234188549804,5834.765811450196,1.0963208296743687e-07,1.8875798380572142e-06,False,-0.0,True,0,0,0.00013290996139403433,11.634864807128906,0.0796576589345932,False,True,-0.8397842645645142,23.248336791992188,-1.4901161193847656e-08,0.0,0.0,1.0,3001.38232421875,3001.38232421875,0.33742085099220276,0.06257915496826172,0.0,asphalt,True,0.8402156829833984,23.248315811157227,-1.4901161193847656e-08,0.0,0.0,1.0,3001.3828125,3001.3828125,0.33742085099220276,0.06257915496826172,0.0,asphalt,True,-0.8398092985153198,21.0483341217041,-3.725290298461914e-09,0.0,0.0,1.0,2906.275390625,2906.275390625,0.34007588028907776,0.05992412567138672,0.0,asphalt,True,0.8401906490325928,21.048315048217773,-3.725290298461914e-09,0.0,0.0,1.0,2906.276123046875,2906.276123046875,0.34007588028907776,0.05992412567138672,0.0,asphalt,672,35.26743302562881,66.88810836338608,35.27128926826317,11.635207176208496,2.41096131503582e-07,0.0002617677711180453,2.0721258147991714e-08,8.51346720782901,-0.000988103798940731,0.0,0.0,-0.0,3002.52587890625,True,0.0,671,5.761487406481047e-06,0.0001390783186973444,1.937070152919945e-08,True,672,35.26743040802566,66.88815395513527,35.27128665066002,11.635207176208496,2.41096131503582e-07,0.0002616935301503328,2.0721258147991714e-08,8.533913434655766,0.014657282856419334,0.0,0.0,-0.0,3002.5263671875,True,0.0,671,5.810348358595671e-06,0.00013941231213625535,-2.8733488687220397e-07,True,672,35.115363689578636,69.3650605819362,35.11921993221299,11.635207176208496,4.818721208721399e-07,-0.004051252198064109,4.141500134672847e-08,-246.65155794774682,-0.0022797779400552096,6.967340111597517,91.02,91.02,2905.752685546875,True,0.0,671,6.167192347485679e-08,-0.004172227470832493,3.856352413313298e-08,True,672,35.11542116377352,69.36503974014042,35.119277406407875,11.635207176208496,4.818721208721399e-07,-0.004049622103814411,4.141500134672847e-08,-247.25941165651201,0.5254653796666935,6.967340111597517,91.02,91.02,2905.753662109375,True,0.0,671,6.280077387296332e-08,-0.0041825512938693,-8.888583412772496e-06,True,672
3.650000000000,438,coast,0.0,0.0,0.0,1,0.00020980527915526181,22.7297306060791,0.4186769723892212,-0.0006522926851175725,11.605857849121094,-0.061291322112083435,1.1081504425192179e-07,asphalt,0.0,0.0,0.0,2552.658901551907,2,-0.5841317772865295,-1.206482011184562e-06,56.61975663958699,160.0,-0.0,5960.284761249686,5811.715238750314,1.1621932571870275e-07,1.945207269602588e-06,False,-0.0,True,0,0,0.0001325241755694151,11.605857849121094,0.08114063739776611,False,True,-0.8397776484489441,23.829294204711914,3.725290298461914e-09,0.0,0.0,1.0,2994.61328125,2994.61328125,0.3375004827976227,0.0624995231628418,0.0,asphalt,True,0.8402222990989685,23.829275131225586,3.725290298461914e-09,0.0,0.0,1.0,2994.613525390625,2994.613525390625,0.3375004827976227,0.0624995231628418,0.0,asphalt,True,-0.8398026823997498,21.62929344177246,-7.450580596923828e-09,0.0,0.0,1.0,2905.842529296875,2905.842529296875,0.339853972196579,0.0601460337638855,0.0,asphalt,True,0.8401972651481628,21.629274368286133,-7.450580596923828e-09,0.0,0.0,1.0,2905.8427734375,2905.8427734375,0.339853972196579,0.0601460337638855,0.0,asphalt,678,35.179528331678824,68.64937246753502,35.182858109768944,11.60615348815918,2.5673944037407637e-07,0.00026631228838963774,2.2120975794091196e-08,8.73631867611793,-0.0010484690198134911,0.0,0.0,-0.0,2995.664794921875,True,0.0,677,6.327888242076986e-06,0.00014304576776895858,2.060119193483581e-08,True,678,35.17952530197846,68.64941804108348,35.18285508006858,11.60615348815918,2.5673944037407637e-07,0.00026622614433500873,2.2120975794091196e-08,8.756058234029467,0.015013443532918771,0.0,0.0,-0.0,2995.6650390625,True,0.0,677,6.382262058928731e-06,0.00014336896640687382,-2.9499107836412783e-07,True,678,35.02350921037618,71.11860473757558,35.0268389884663,11.60615348815918,5.119654815644026e-07,-0.004169809470847814,4.411155531302591e-08,-253.69858889819363,-0.002429701645398779,4.5931536859903765,91.02,91.02,2906.22998046875,True,0.0,677,7.613888786246666e-08,-0.004291242356221143,4.109774566736293e-08,True,678,35.02356976713288,71.11858395963617,35.026899545222996,11.60615348815918,5.119654815644026e-07,-0.004168087648908303,4.411155531302591e-08,-254.32174069770605,0.5416424709242231,4.5931536859903765,91.02,91.02,2906.230224609375,True,0.0,677,7.734719450293367e-08,-0.004301829180087555,-9.161833282936798e-06,True,678
3.700000000000,444,coast,0.0,0.0,0.0,1,0.00021641995408572257,23.309165954589844,0.41866573691368103,-0.0006519484450109303,11.576421737670898,-0.0554206557571888,2.3875747956481064e-07,asphalt,0.0,0.0,0.0,2545.307511332874,2,-0.5915544629096985,-1.238849108631257e-06,56.33363293978453,160.0,-0.0,5977.39206463734,5794.60793536266,1.2215355127409566e-07,1.9888890065741264e-06,False,-0.0,True,0,0,0.00013212781050242484,11.576421737670898,0.08192788809537888,False,True,-0.839771032333374,24.408771514892578,1.1175870895385742e-08,0.0,0.0,1.0,2989.695068359375,2989.695068359375,0.3376018702983856,0.06239813566207886,0.0,asphalt,True,0.8402289152145386,24.40875244140625,1.1175870895385742e-08,0.0,0.0,1.0,2989.695556640625,2989.695556640625,0.3376018702983856,0.06239813566207886,0.0,asphalt,True,-0.8397960662841797,22.208768844604492,7.450580596923828e-09,0.0,0.0,1.0,2902.3447265625,2902.3447265625,0.3397298753261566,0.06027013063430786,0.0,asphalt,True,0.8402038812637329,22.208751678466797,7.450580596923828e-09,0.0,0.0,1.0,2902.344970703125,2902.344970703125,0.3397298753261566,0.06027013063430786,0.0,asphalt,684,35.09019039729927,70.40616788834537,35.09270329745803,11.576644897460938,2.5462941266596317e-07,0.0002693296439027514,2.199509572257935e-08,8.889563992169107,-0.001043240563680498,0.0,0.0,-0.0,2990.319091796875,True,0.0,683,6.7602317453112824e-06,0.00014581517186308815,2.053513763809101e-08,True,684,35.09018724781628,70.40621341563181,35.092700147975044,11.576644897460938,2.5462941266596317e-07,0.0002692398657853065,2.199509572257935e-08,8.909111649606151,0.015316056219425389,0.0,0.0,-0.0,2990.319091796875,True,0.0,683,6.80945957303259e-06,0.0001461358124017564,-3.0147500024458933e-07,True,684,34.93153152177854,72.86751960146469,34.9340444219373,11.576644897460938,5.229085218161345e-07,-0.00425334764175229,4.516926332696114e-08,-258.3416392019588,-0.002492106810156391,3.0279935305597863,91.02,91.02,2903.008056640625,True,0.0,683,8.753662093515656e-08,-0.00437500705750652,4.220375251671146e-08,True,684,34.931592860162,72.86749887052723,34.93410576032076,11.576644897460938,5.229085218161345e-07,-0.004251599150136515,4.516926332696114e-08,-258.978596848135,0.5521836480519241,3.0279935305597863,91.02,91.02,2903.0087890625,True,0.0,683,8.900691430597784e-08,-0.0043858425279254265,-9.351315354099338e-06,True,684
3.750000000000,450,coast,0.0,0.0,0.0,1,0.00022301464923657477,23.887121200561523,0.4186805188655853,-0.000651595473755151,11.546689987182617,-0.052001334726810455,3.914705075658276e-07,asphalt,0.0,0.0,0.0,2538.2028216446733,2,-0.5963513851165771,-1.2803384379367344e-06,56.04515244118063,160.0,-0.0,5990.057880975022,5781.942119024978,1.239293396793073e-07,2.0347745021226597e-06,False,-0.0,True,0,0,0.00013172665785532445,11.546689987182617,0.08211721479892731,False,True,-0.839764416217804,24.986751556396484,-2.60770320892334e-08,0.0,0.0,1.0,2987.688720703125,2987.688720703125,0.3376823365688324,0.06231766939163208,0.0,asphalt,True,0.8402355313301086,24.986732482910156,-2.60770320892334e-08,0.0,0.0,1.0,2987.68896484375,2987.68896484375,0.3376823365688324,0.06231766939163208,0.0,asphalt,True,-0.8397894501686096,22.78675079345703,-7.450580596923828e-09,0.0,0.0,1.0,2898.34814453125,2898.34814453125,0.339679092168808,0.060320913791656494,0.0,asphalt,True,0.840210497379303,22.786731719970703,-7.450580596923828e-09,0.0,0.0,1.0,2898.3486328125,2898.3486328125,0.339679092168808,0.060320913791656494,0.0,asphalt,690,34.99990048740861,72.15842776343948,35.00157415230629,11.546838760375977,2.57161445915699e-07,0.00027093133746708333,2.227115587672115e-08,8.979810365869165,-0.0010552202238838183,0.0,0.0,-0.0,2987.815185546875,True,0.0,689,7.040914786436894e-06,0.00014741892382103182,2.0788367764746736e-08,True,690,34.999897703936306,72.1584732428813,35.001571368833986,11.546838760375977,2.57161445915699e-07,0.0002708517879142681,2.227115587672115e-08,9.000026116157587,0.015500883363847267,0.0,0.0,-0.0,2987.8154296875,True,0.0,689,7.092066735106362e-06,0.0001477507889699234,-3.0536876368911445e-07,True,690,34.83954875554191,74.61179355231567,34.84122242043959,11.546838760375977,5.293113645166159e-07,-0.004311801011545785,4.5840370295374296e-08,-261.4143122256805,-0.0025245310808805375,1.9961763633290999,91.02,91.02,2898.99267578125,True,0.0,689,9.647096097993958e-08,-0.004433446824738323,4.2814703345474595e-08,True,690,34.83961147096547,74.61177287873373,34.84128513586315,11.546838760375977,5.293113645166159e-07,-0.004310008651731573,4.5840370295374296e-08,-262.06397355315835,0.559319577320145,1.9961763633290999,91.02,91.02,2898.993408203125,True,0.0,689,9.812415123493677e-08,-0.004444515764285205,-9.4858696045553e-06,True,690
3.800000000000,456,coast,0.0,0.0,0.0,1,0.00022958891349844635,24.463584899902344,0.41869664192199707,-0.0006512375548481941,11.516778945922852,-0.05085992440581322,4.480052666622214e-07,asphalt,0.0,0.0,0.0,2531.251626208566,2,-0.5993233919143677,-1.435313606634736e-06,55.75552956102046,160.0,-0.0,5999.3828756277135,5772.6171243722865,1.252988113265019e-07,2.028023828649371e-06,False,-0.0,True,0,0,0.00013131104060448706,11.516778945922852,0.0819755494594574,False,True,-0.8397578597068787,25.563222885131836,1.4901161193847656e-08,0.0,0.0,1.0,2988.384521484375,2988.384521484375,0.3377203047275543,0.062279701232910156,0.0,asphalt,True,0.8402420878410339,25.563203811645508,1.4901161193847656e-08,0.0,0.0,1.0,2988.384521484375,2988.384521484375,0.3377203047275543,0.062279701232910156,0.0,asphalt,True,-0.8397828936576843,23.363222122192383,2.2351741790771484e-08,0.0,0.0,1.0,2895.3095703125,2895.3095703125,0.3396731913089752,0.06032681465148926,0.0,asphalt,True,0.8402170538902283,23.363203048706055,2.2351741790771484e-08,0.0,0.0,1.0,2895.309814453125,2895.309814453125,0.3396731913089752,0.06032681465148926,0.0,asphalt,696,34.90907854662616,73.90611885262244,34.910057797854435,11.516865730285645,2.632586983963847e-07,0.00027179183766624134,2.2858536737482243e-08,9.038404997219478,-0.0010965128976049622,0.0,0.0,-0.0,2988.11669921875,True,0.0,695,7.23662529835961e-06,0.00014836588502739208,2.1599670980584287e-08,True,696,34.90907617230093,73.90616430505767,34.9100554235292,11.516865730285645,2.632586983963847e-07,0.00027172380463147953,2.2858536737482243e-08,9.059384141146124,0.015613001593028888,0.0,0.0,-0.0,2988.11669921875,True,0.0,695,7.2937496492749166e-06,0.00014871025991951146,-3.0754651164610886e-07,True,696,34.7477181575219,76.3514332754753,34.748697408750175,11.516865730285645,5.384063115343451e-07,-0.004351768916747891,4.674937818529131e-08,-263.44300809372754,-0.0025863146751714354,1.3159605637523057,91.02,91.02,2895.606201171875,True,0.0,695,1.033618732076503e-07,-0.004473266938528368,4.391567683607321e-08,True,696,34.74778164615636,76.35141266644003,34.748760897384635,11.516865730285645,5.384063115343451e-07,-0.004349949736958658,4.674937818529131e-08,-264.0969373170211,0.5643783716655568,1.3159605637523057,91.02,91.02,2895.606201171875,True,0.0,695,1.0503738405142483e-07,-0.004484424183454426,-9.583269109202898e-06,True,696
3.850000000000,462,coast,0.0,0.0,0.0,1,0.00023614201927557588,25.03854751586914,0.41870418190956116,-0.0006508760852739215,11.48674488067627,-0.05148385837674141,3.372755088548729e-07,asphalt,0.0,0.0,0.0,2524.403718924438,2,-0.6014994382858276,-1.5715741028543562e-06,55.46540495029296,160.0,-0.0,6006.230915152529,5765.769084847471,1.2762416190525983e-07,1.9679735137660066e-06,False,-0.0,True,0,0,0.0001308830251218751,11.48674488067627,0.08182090520858765,False,True,-0.8397513031959534,26.138179779052734,0.0,0.0,0.0,1.0,2991.580078125,2991.580078125,0.3377159535884857,0.06228405237197876,0.0,asphalt,True,0.8402486443519592,26.13816261291504,0.0,0.0,0.0,1.0,2991.579833984375,2991.579833984375,0.3377159535884857,0.06228405237197876,0.0,asphalt,True,-0.839776337146759,23.93817901611328,-7.450580596923828e-09,0.0,0.0,1.0,2893.249267578125,2893.249267578125,0.3396928012371063,0.060307204723358154,0.0,asphalt,True,0.8402236104011536,23.938159942626953,-7.450580596923828e-09,0.0,0.0,1.0,2893.2490234375,2893.2490234375,0.3396928012371063,0.060307204723358154,0.0,asphalt,702,34.81792456031446,75.64922893774094,34.8184303560168,11.48678970336914,2.659508027136326e-07,0.00027208659820030786,2.3152752821410812e-08,9.080389171114488,-0.0011310247910056518,0.0,0.0,-0.0,2990.941162109375,True,0.0,701,7.393559653487987e-06,0.00014891429976667754,2.2258460833055548e-08,True,702,34.81792169908812,75.64927437800169,34.818427494790456,11.48678970336914,2.659508027136326e-07,0.0002720043990204255,2.3152752821410812e-08,9.10059387810378,0.015715588174304265,0.0,0.0,-0.0,2990.940673828125,True,0.0,701,7.455210146860498e-06,0.00014924567326721701,-3.092749990490262e-07,True,702,34.65606511099457,78.08645638595563,34.656570906696906,11.48678970336914,5.461915861815214e-07,-0.004377917419884778,4.754954171584772e-08,-264.77925928807133,-0.0026541967351437815,0.867534671367001,91.02,91.02,2893.61376953125,True,0.0,701,1.0874630559826323e-07,-0.004499177024329313,4.510059889173536e-08,True,702,34.656129118906485,78.08643584283222,34.65663491460882,11.48678970336914,5.461915861815214e-07,-0.004376078558768775,4.754954171584772e-08,-265.4382961070353,0.5682747320235624,0.867534671367001,91.02,91.02,2893.613525390625,True,0.0,701,1.1052855297411567e-07,-0.004510430479586929,-9.656344666765876e-06,True,702
3.900000000000,468,coast,0.0,0.0,0.0,1,0.0002426741411909461,25.612009048461914,0.418706476688385,-0.0006505112978629768,11.456628799438477,-0.05311053618788719,2.990267944369407e-07,asphalt,0.0,0.0,0.0,2517.6298452905307,2,-0.6027594804763794,-1.5157183952396736e-06,55.17517405332817,160.0,-0.0,6011.252814095415,5760.747185904585,1.272458121093223e-07,1.9753057701173093e-06,False,-0.0,True,0,0,0.00013046871754340827,11.456628799438477,0.08177417516708374,False,True,-0.8397448062896729,26.71162986755371,1.1175870895385742e-08,0.0,0.0,1.0,2994.58740234375,2994.58740234375,0.3376869261264801,0.062313079833984375,0.0,asphalt,True,0.8402551412582397,26.711610794067383,1.1175870895385742e-08,0.0,0.0,1.0,2994.587158203125,2994.587158203125,0.3376869261264801,0.062313079833984375,0.0,asphalt,True,-0.8397698402404785,24.51163101196289,-1.1175870895385742e-08,0.0,0.0,1.0,2891.12255859375,2891.12255859375,0.3397262990474701,0.060273706912994385,0.0,asphalt,True,0.8402301073074341,24.51161003112793,-1.1175870895385742e-08,0.0,0.0,1.0,2891.122314453125,2891.122314453125,0.3397262990474701,0.060273706912994385,0.0,asphalt,708,34.72659207015733,77.38775894111333,34.72692191574226,11.456658363342285,2.663873601704836e-07,0.0002720705908110082,2.3251750355307754e-08,9.104892434655845,-0.0011255638369116767,0.0,0.0,-0.0,2994.181640625,True,0.0,707,7.500790817611288e-06,0.00014915454345752383,2.212702702228601e-08,True,708,34.7265899859693,77.38780435922493,34.72691983155423,11.456658363342285,2.663873601704836e-07,0.00027201055742010426,2.3251750355307754e-08,9.121480113875732,0.015828567944021533,0.0,0.0,-0.0,2994.18115234375,True,0.0,707,7.553101213701439e-06,0.00014942630471877,-3.111612678204206e-07,True,708,34.56450750682641,79.81688225262072,34.56483735241134,11.456658363342285,5.457986844703555e-07,-0.004396647302562491,4.764030375704837e-08,-265.6619817078905,-0.0026511313197566883,0.5719141034727165,91.02,91.02,2891.456787109375,True,0.0,707,1.1296913285110964e-07,-0.0045176335925412245,4.50830116007022e-08,True,708,34.56457196173538,79.81686177743987,34.56490180732031,11.456658363342285,5.458132363855839e-07,-0.004394790729791803,4.764157392804997e-08,-266.32145614954976,0.5712755122484157,0.5719141034727165,91.02,91.02,2891.45654296875,True,0.0,707,1.1481719217351278e-07,-0.00452890359581516,-9.714770120391952e-06,True,708
3.950000000000,474,coast,0.0,0.0,0.0,1,0.0002491855702828616,26.183961868286133,0.4187072813510895,-0.0006501385942101479,11.426465034484863,-0.054965581744909286,3.057059814182139e-07,asphalt,0.0,0.0,0.0,2510.9115762912497,2,-0.6035606265068054,-1.2154368960182182e-06,54.88520997516936,160.0,-0.0,6014.917082743175,5757.082917256825,1.3083945304970257e-07,2.0018065384021258e-06,False,-0.0,True,0,0,0.0001300589501624927,11.426465034484863,0.08175522089004517,False,True,-0.8397383093833923,27.283571243286133,2.2351741790771484e-08,0.0,0.0,1.0,2996.29931640625,2996.29931640625,0.33765217661857605,0.06234782934188843,0.0,asphalt,True,0.8402616381645203,27.283552169799805,2.2351741790771484e-08,0.0,0.0,1.0,2996.299560546875,2996.299560546875,0.33765217661857605,0.06234782934188843,0.0,asphalt,True,-0.8397632241249084,25.083568572998047,0.0,0.0,0.0,1.0,2889.45654296875,2889.45654296875,0.33976277709007263,0.060237228870391846,0.0,asphalt,True,0.8402367234230042,25.08354949951172,0.0,0.0,0.0,1.0,2889.45654296875,2889.45654296875,0.33976277709007263,0.060237228870391846,0.0,asphalt,714,34.63517547661929,79.12171615882262,34.63554713672517,11.426497459411621,2.489978214725852e-07,0.00027221358809147975,2.1791263889661486e-08,9.119906180573746,-0.0010415988744039407,0.0,0.0,-0.0,2996.088623046875,True,0.0,713,7.591794154973181e-06,0.00014930540316537524,2.0463402451635226e-08,True,714,34.63517266601809,79.12176155051475,34.63554432612398,11.426498413085938,2.4901237338781357e-07,0.00027204893289738363,2.1792535594512295e-08,9.140342605070346,0.015995932545913562,0.0,0.0,-0.0,2996.088623046875,True,0.0,713,7.651103098785428e-06,0.00014963997663308812,-3.142511622797036e-07,True,714,34.47306998516423,81.54272979090706,34.473441645270114,11.426497459411621,5.363253876566887e-07,-0.004409432066685013,4.693698918341203e-08,-266.2473701920971,-0.002586694418214144,0.37702901399387534,91.02,91.02,2889.68603515625,True,0.0,713,1.1640802559444872e-07,-0.004530425215610305,4.401481217254254e-08,True,714,34.47313375826928,81.54270936036582,34.47350541837516,11.426498413085938,5.363253876566887e-07,-0.0044076733778212526,4.6936985265973855e-08,-266.90930734352224,0.5737921253820736,0.37702901399387534,91.02,91.02,2889.68603515625,True,0.0,713,1.1853608314235419e-07,-0.004541744322040348,-9.763680242278631e-06,True,714
4.000000000000,480,coast,0.0,0.0,0.0,1,0.00025567636475898325,26.754404067993164,0.4187069833278656,-0.0006497679278254509,11.396273612976074,-0.0565410852432251,2.848731810445315e-07,asphalt,0.0,0.0,0.0,2504.2352948320663,2,-0.6040181517601013,-1.3782951100438368e-06,54.59571756480998,160.0,-0.0,6017.58179864299,5754.41820135701,1.293349214392947e-07,2.0149312804287316e-06,False,-0.0,True,0,0,0.00012964263441972435,11.396273612976074,0.08172682672739029,False,True,-0.8397318124771118,27.854001998901367,3.725290298461914e-09,0.0,0.0,1.0,2997.050537109375,2997.050537109375,0.33762165904045105,0.06237834692001343,0.0,asphalt,True,0.8402681350708008,27.85398292541504,3.725290298461914e-09,0.0,0.0,1.0,2997.050537109375,2997.050537109375,0.33762165904045105,0.06237834692001343,0.0,asphalt,True,-0.8397567272186279,25.65399932861328,3.725290298461914e-09,0.0,0.0,1.0,2888.537353515625,2888.537353515625,0.3397926986217499,0.0602073073387146,0.0,asphalt,True,0.8402432203292847,25.653980255126953,3.725290298461914e-09,0.0,0.0,1.0,2888.537353515625,2888.537353515625,0.3397926986217499,0.0602073073387146,0.0,asphalt,720,34.54371279948605,80.85110623715345,34.5442464389394,11.396321296691895,2.5925692170858383e-07,0.0002723621998445476,2.274917624372704e-08,9.132187346181666,-0.0010959517332929393,0.0,0.0,-0.0,2996.97900390625,True,0.0,719,7.67204319987628e-06,0.0001494620451308311,2.152480919776833e-08,True,720,34.54370982004194,80.8511516036362,34.54424345949529,11.396321296691895,2.5925692170858383e-07,0.0002722759249379627,2.274917624372704e-08,9.1523867237566,0.016013479183912636,0.0,0.0,-0.0,2996.97900390625,True,0.0,719,7.73554807816839e-06,0.00014979263948091803,-3.145024199534072e-07,True,720,34.38174485125612,83.26401358011556,34.382278490709474,11.396321296691895,5.43281203135848e-07,-0.004417697120560055,4.767162920314913e-08,-266.6305003063588,-0.0026353983780441855,0.24855284478917425,91.02,91.02,2888.634765625,True,0.0,719,1.1934316652082556e-07,-0.00453863595717692,4.4860270168542774e-08,True,720,34.38180987654579,83.2639932133346,34.38234351599914,11.396321296691895,5.43281203135848e-07,-0.0044158142019382765,4.767162920314913e-08,-267.2966531854137,0.5759150475943142,0.24855284478917425,91.02,91.02,2888.634765625,True,0.0,719,1.2149776084732226e-07,-0.004550031603910062,-9.803458590619429e-06,True,720
