time_s,tick,phase,command.steering_deg,command.throttle,command.brake,command.direction,state.position.0,state.position.1,state.position.2,state.heading,state.speed,state.pitch,state.roll,state.surface,state.steering,state.throttle,state.brake,state.rpm,state.gear,state.acceleration,state.lateral_acceleration,state.dynamics.aerodynamic_force,state.dynamics.rolling_force,state.dynamics.grade_force,state.dynamics.front_load,state.dynamics.rear_load,state.dynamics.yaw_rate,state.dynamics.sideslip,state.dynamics.traction_limited,state.dynamics.road_grade,state.active,state.generation,state.signal,state.velocity.0,state.velocity.1,state.velocity.2,state.hazards,state.wheel_contacts.0.in_contact,state.wheel_contacts.0.contact_point.0,state.wheel_contacts.0.contact_point.1,state.wheel_contacts.0.contact_point.2,state.wheel_contacts.0.contact_normal.0,state.wheel_contacts.0.contact_normal.1,state.wheel_contacts.0.contact_normal.2,state.wheel_contacts.0.suspension_force,state.wheel_contacts.0.normal_load,state.wheel_contacts.0.suspension_length,state.wheel_contacts.0.compression,state.wheel_contacts.0.skid,state.wheel_contacts.0.surface,state.wheel_contacts.1.in_contact,state.wheel_contacts.1.contact_point.0,state.wheel_contacts.1.contact_point.1,state.wheel_contacts.1.contact_point.2,state.wheel_contacts.1.contact_normal.0,state.wheel_contacts.1.contact_normal.1,state.wheel_contacts.1.contact_normal.2,state.wheel_contacts.1.suspension_force,state.wheel_contacts.1.normal_load,state.wheel_contacts.1.suspension_length,state.wheel_contacts.1.compression,state.wheel_contacts.1.skid,state.wheel_contacts.1.surface,state.wheel_contacts.2.in_contact,state.wheel_contacts.2.contact_point.0,state.wheel_contacts.2.contact_point.1,state.wheel_contacts.2.contact_point.2,state.wheel_contacts.2.contact_normal.0,state.wheel_contacts.2.contact_normal.1,state.wheel_contacts.2.contact_normal.2,state.wheel_contacts.2.suspension_force,state.wheel_contacts.2.normal_load,state.wheel_contacts.2.suspension_length,state.wheel_contacts.2.compression,state.wheel_contacts.2.skid,state.wheel_contacts.2.surface,state.wheel_contacts.3.in_contact,state.wheel_contacts.3.contact_point.0,state.wheel_contacts.3.contact_point.1,state.wheel_contacts.3.contact_point.2,state.wheel_contacts.3.contact_normal.0,state.wheel_contacts.3.contact_normal.1,state.wheel_contacts.3.contact_normal.2,state.wheel_contacts.3.suspension_force,state.wheel_contacts.3.normal_load,state.wheel_contacts.3.suspension_length,state.wheel_contacts.3.compression,state.wheel_contacts.3.skid,state.wheel_contacts.3.surface,state.contact_tick,state.wheel_dynamics.0.omega,state.wheel_dynamics.0.rotation,state.wheel_dynamics.0.relative_omega,state.wheel_dynamics.0.longitudinal_speed,state.wheel_dynamics.0.lateral_speed,state.wheel_dynamics.0.kappa,state.wheel_dynamics.0.alpha,state.wheel_dynamics.0.fx,state.wheel_dynamics.0.fy,state.wheel_dynamics.0.drive_torque,state.wheel_dynamics.0.brake_capacity,state.wheel_dynamics.0.brake_torque,state.wheel_dynamics.0.normal_load,state.wheel_dynamics.0.road_support,state.wheel_dynamics.0.steering,state.wheel_dynamics.0.force_contact_tick,state.wheel_dynamics.0.force_residual,state.wheel_dynamics.0.force_kappa,state.wheel_dynamics.0.force_alpha,state.wheel_dynamics.0.sample_support,state.wheel_dynamics.0.sample_tick,state.wheel_dynamics.1.omega,state.wheel_dynamics.1.rotation,state.wheel_dynamics.1.relative_omega,state.wheel_dynamics.1.longitudinal_speed,state.wheel_dynamics.1.lateral_speed,state.wheel_dynamics.1.kappa,state.wheel_dynamics.1.alpha,state.wheel_dynamics.1.fx,state.wheel_dynamics.1.fy,state.wheel_dynamics.1.drive_torque,state.wheel_dynamics.1.brake_capacity,state.wheel_dynamics.1.brake_torque,state.wheel_dynamics.1.normal_load,state.wheel_dynamics.1.road_support,state.wheel_dynamics.1.steering,state.wheel_dynamics.1.force_contact_tick,state.wheel_dynamics.1.force_residual,state.wheel_dynamics.1.force_kappa,state.wheel_dynamics.1.force_alpha,state.wheel_dynamics.1.sample_support,state.wheel_dynamics.1.sample_tick,state.wheel_dynamics.2.omega,state.wheel_dynamics.2.rotation,state.wheel_dynamics.2.relative_omega,state.wheel_dynamics.2.longitudinal_speed,state.wheel_dynamics.2.lateral_speed,state.wheel_dynamics.2.kappa,state.wheel_dynamics.2.alpha,state.wheel_dynamics.2.fx,state.wheel_dynamics.2.fy,state.wheel_dynamics.2.drive_torque,state.wheel_dynamics.2.brake_capacity,state.wheel_dynamics.2.brake_torque,state.wheel_dynamics.2.normal_load,state.wheel_dynamics.2.road_support,state.wheel_dynamics.2.steering,state.wheel_dynamics.2.force_contact_tick,state.wheel_dynamics.2.force_residual,state.wheel_dynamics.2.force_kappa,state.wheel_dynamics.2.force_alpha,state.wheel_dynamics.2.sample_support,state.wheel_dynamics.2.sample_tick,state.wheel_dynamics.3.omega,state.wheel_dynamics.3.rotation,state.wheel_dynamics.3.relative_omega,state.wheel_dynamics.3.longitudinal_speed,state.wheel_dynamics.3.lateral_speed,state.wheel_dynamics.3.kappa,state.wheel_dynamics.3.alpha,state.wheel_dynamics.3.fx,state.wheel_dynamics.3.fy,state.wheel_dynamics.3.drive_torque,state.wheel_dynamics.3.brake_capacity,state.wheel_dynamics.3.brake_torque,state.wheel_dynamics.3.normal_load,state.wheel_dynamics.3.road_support,state.wheel_dynamics.3.steering,state.wheel_dynamics.3.force_contact_tick,state.wheel_dynamics.3.force_residual,state.wheel_dynamics.3.force_kappa,state.wheel_dynamics.3.force_alpha,state.wheel_dynamics.3.sample_support,state.wheel_dynamics.3.sample_tick
0.050000000000,6,full_throttle,0.0,1.0,0.0,1,-1.7232330264960183e-06,0.0007023992948234081,0.4160292446613312,-7.424152863677591e-05,0.031034966930747032,0.009446585550904274,6.267039134399965e-05,grass,0.0,1.0,0.0,1174.9701697441487,1,1.0223207473754883,-0.001142154447734356,0.00021294542345689753,20.265252515673634,-0.0,5854.917224898361,5917.082775101639,-4.6534420107491314e-05,0,False,-0.0,True,0,0,-5.948989200987853e-05,0.031034966930747032,0.06127491593360901,False,True,-0.8400006890296936,1.1007721424102783,-7.450580596923828e-09,0.0,0.0,1.0,3170.39892578125,3170.39892578125,0.3362114727497101,0.0637885332107544,0.0,grass,True,0.839999258518219,1.1007699966430664,-1.1175870895385742e-08,0.0,0.0,1.0,3170.74365234375,3170.74365234375,0.3362096846103668,0.06379032135009766,0.0,grass,True,-0.840003490447998,-1.099228024482727,1.1175870895385742e-08,0.0,0.0,1.0,3267.685791015625,3267.685791015625,0.33584877848625183,0.06415122747421265,0.0,grass,True,0.8399963974952698,-1.099230170249939,-7.450580596923828e-09,0.0,0.0,1.0,3268.033447265625,3268.033447265625,0.3358469307422638,0.06415307521820068,0.0,grass,246,0.09485502245927704,0.001882242381923819,0.10080620071942462,0.03158595785498619,-1.6677795429131947e-05,-0.0002838004434247629,-1.6677795427585645e-05,-33.24548889887564,1.1379304110378912,0.0,0.0,-0.0,3217.385009765625,True,0.0,245,2.7978043698524345e-09,-0.0005069307457707881,-2.08215405209898e-05,True,246,0.09483530143605053,0.0018799739249529732,0.1007864796961981,0.03150792419910431,-1.667779724812135e-05,-0.0002122747252076354,-1.667779724657505e-05,-33.48054167363371,-1.4767426646666943,0.0,0.0,-0.0,3217.7060546875,True,0.0,245,3.6089351101454114e-09,-0.000510465307213985,2.7018412255533284e-05,True,246,0.1280115961652729,0.002965158955655546,0.13396277442542048,0.03158595785498619,-0.0001188633541460149,0.010657868879553875,-0.00011886335358622806,637.5668331975616,6.348216867865893,218.20484132797847,0.0,-0.0,3289.28564453125,True,0.0,245,1.4408395830259914e-06,0.010201705846388118,-0.00012189336884110167,True,246,0.12395457848011232,0.0029643994401283825,0.1299057567402599,0.03150792419910431,-0.00011886334687005728,0.009397086699332757,-0.00011886334631027054,648.0235723803471,-46.98930414654616,218.20484132797847,0.0,-0.0,3289.60986328125,True,0.0,245,1.662989819140129e-06,0.010398670415411117,0.000904830333804415,True,246
0.100000000000,12,full_throttle,0.0,1.0,0.0,1,-6.030677013768582e-06,0.004262425005435944,0.41573652625083923,-0.0002601795131340623,0.10489869862794876,0.04774918779730797,0.00013132857566233724,grass,0.0,1.0,0.0,1339.3709817156232,1,1.7662770748138428,-0.0005502881249412894,0.0034158492242178304,81.16470426321028,-0.0,5774.506648684872,5997.493351315128,-7.379462476819754e-05,0,False,-0.0,True,0,0,-0.00010063931404147297,0.10489869862794876,0.09243340790271759,False,True,-0.8400018811225891,1.104613184928894,1.4901161193847656e-08,0.0,0.0,1.0,2965.8359375,2965.8359375,0.33665522933006287,0.06334477663040161,0.0,grass,True,0.8399980068206787,1.1046054363250732,-1.1175870895385742e-08,0.0,0.0,1.0,2966.097412109375,2966.097412109375,0.336651474237442,0.06334853172302246,0.0,grass,True,-0.8400119543075562,-1.0953878164291382,1.4901161193847656e-08,0.0,0.0,1.0,3199.45458984375,3199.45458984375,0.33482179045677185,0.06517821550369263,0.0,grass,True,0.8399879932403564,-1.0953954458236694,-1.4901161193847656e-08,0.0,0.0,1.0,3199.789794921875,3199.789794921875,0.334818035364151,0.06518197059631348,0.0,grass,252,0.32166357748181734,0.012448256612331482,0.3378588262942544,0.10634909570217133,-2.4017390387598425e-05,-0.00020011513317159946,-2.40173903829804e-05,-58.30976327755101,1.4105397028766664,0.0,0.0,-0.0,2995.18310546875,True,0.0,251,1.574029471473591e-10,-0.0009555218672461924,-2.7737410435898256e-05,True,252,0.32166194786231667,0.012438201279868156,0.3378571966747537,0.10622534900903702,-2.4017395844566636e-05,-7.690621447251078e-05,-2.401739583994861e-05,-58.77033467327675,-3.072388787303324,0.0,0.0,-0.0,2995.45751953125,True,0.0,251,2.2583245551927898e-10,-0.0009629922632310717,6.0411838278630174e-05,True,252,0.3964289967536621,0.016628904599391224,0.41262424556609917,0.10634909570217133,-0.00018606995581649244,0.024472473226537172,-0.0001860699536691194,1124.331102131886,7.431640281819633,384.38427302193764,0.0,-0.0,3204.71337890625,True,0.0,251,9.746373888545555e-09,0.023306457069526276,-0.00018486213132696164,True,252,0.3903053340232722,0.016622029940149507,0.4065005828357093,0.10622534900903702,-0.00018606995581649244,0.022575411218642816,-0.0001860699536691194,1139.9460529702537,-65.39879858260808,384.38427302193764,0.0,-0.0,3205.071044921875,True,0.0,251,7.7650496394796e-06,0.023976388402561624,0.001650631357338134,True,252
0.150000000000,18,full_throttle,0.0,1.0,0.0,1,-1.104836610466009e-05,0.012427759356796741,0.41662341356277466,-0.00045456126099452376,0.2078680545091629,0.1210927963256836,0.0001201229024445638,grass,0.0,1.0,0.0,1435.0230823584984,1,2.1954333782196045,0.0017067415174096823,0.015094329168686844,170.6179708242416,-0.0,5676.151759986147,6095.848240013853,-4.889398405794054e-05,0,False,-0.0,True,0,0,-8.338200859725475e-05,0.2078680545091629,0.10640957206487656,False,True,-0.8400031328201294,1.113317608833313,-2.60770320892334e-08,0.0,0.0,1.0,2774.048828125,2774.048828125,0.33895090222358704,0.06104910373687744,0.0,grass,True,0.8399968147277832,1.1133041381835938,-1.862645149230957e-08,0.0,0.0,1.0,2774.079345703125,2774.079345703125,0.3389473855495453,0.06105262041091919,0.0,grass,True,-0.8400205373764038,-1.0866875648498535,-3.3527612686157227e-08,0.0,0.0,1.0,3205.93896484375,3205.93896484375,0.33430132269859314,0.06569868326187134,0.0,grass,True,0.8399794101715088,-1.0867009162902832,-4.0978193283081055e-08,0.0,0.0,1.0,3205.845703125,3205.845703125,0.3342977464199066,0.06570225954055786,0.0,grass,258,0.6376377144487209,0.037341464824313164,0.6638130942018337,0.21017645299434662,-1.929893005581107e-05,0.00024399277373127193,-1.9298930053415115e-05,-73.90874501247507,0.9188528155841373,0.0,0.0,-0.0,2806.40966796875,True,0.0,257,9.684866173067596e-06,-0.0012933112170926686,-1.929454160234144e-05,True,258,0.6378519297768773,0.03732534174473802,0.6640273095299901,0.21009445190429688,-1.929894096974749e-05,0.0003966849220726487,-1.9298940967351533e-05,-74.57667703336031,-4.706714556977971,0.0,0.0,-0.0,2806.5322265625,True,0.0,257,1.485909616204894e-05,-0.0013049764468426317,9.883227906798436e-05,True,258,0.9013925984380021,0.04894369755667832,0.9275679781911149,0.21017645299434662,-0.00012666961993090808,0.08728310449019411,-0.0001266696192534286,1438.9623500201756,1.6262319008682742,507.098631013364,0.0,-0.0,3201.14794921875,True,0.0,257,0.0003525895986086528,0.08522227988929071,-0.0001155795595490197,True,258,0.9004218782154487,0.04891359538401763,0.9265972579685615,0.21009446680545807,-0.00012666960537899286,0.08704475300564002,-0.00012666960470151362,1437.6846603782333,-31.009122458723866,507.098631013364,0.0,-0.0,3201.212646484375,True,0.0,257,0.00020912229881499302,0.08826532128798928,0.002284536688696798,True,258
0.200000000000,24,full_throttle,0.0,1.0,0.0,1,-1.3940128155809361e-05,0.02574702724814415,0.417919397354126,-0.0004991466994397342,0.30449509620666504,0.21815572679042816,8.319898370245937e-06,grass,0.0,1.0,0.0,1488.2643951906957,1,1.7000027894973755,0.0003217595221940428,0.03540150893150661,261.29358708858484,-0.0,5605.620461718629,6166.379538281371,-8.422163773502689e-06,0,True,-0.0,True,0,0,-4.918755803373642e-05,0.30449509620666504,0.10734811425209045,False,True,-0.8400043845176697,1.127353549003601,-3.725290298461914e-09,0.0,0.0,1.0,2599.549560546875,2599.549560546875,0.34211084246635437,0.05788916349411011,0.0,grass,True,0.8399956226348877,1.1273390054702759,-2.2351741790771484e-08,0.0,0.0,1.0,2599.411376953125,2599.411376953125,0.34211060404777527,0.05788940191268921,0.0,grass,True,-0.8400235176086426,-1.0726624727249146,-3.725290298461914e-09,0.0,0.0,1.0,3247.07373046875,3247.07373046875,0.3337342441082001,0.0662657618522644,0.0,grass,True,0.8399763703346252,-1.0726768970489502,-2.60770320892334e-08,0.0,0.0,1.0,3246.798828125,3246.798828125,0.33373400568962097,0.0662660002708435,0.0,grass,264,0.934171517895562,0.07847678478543105,0.963279496463043,0.3070613145828247,-3.1468054658034816e-05,0.0012152863227107291,-3.1468054647647855e-05,-60.647796797294816,1.3090320041200394,0.0,0.0,-0.0,2625.2841796875,True,0.0,263,8.984142541492146e-10,-0.0011341677987960486,-2.9376076784160818e-05,True,264,0.9345147802258176,0.07846773349814724,0.9636227587932986,0.30704718828201294,-3.1468054658034816e-05,0.0013426891925068518,-3.1468054647647855e-05,-61.09951407217383,-2.8463067020844055,0.0,0.0,-0.0,2625.152099609375,True,0.0,263,1.2524295018471723e-09,-0.0011426904685533645,6.387836467893505e-05,True,264,4.529736936029972,0.17349616351398828,4.5588449145974534,0.3070613145828247,-4.9938244046643376e-05,1.1877518743070663,-4.993824400513091e-05,1164.4242075634934,0.03522076875620472,595.4702273584605,0.0,-0.0,3239.39697265625,True,0.0,263,1.3966872931011436e-05,1.1849756026476728,-4.3012452970178626e-05,True,264,4.526861931253709,0.1733331502957168,4.55596990982119,0.30704718828201294,-4.9938244046643376e-05,1.186817249031711,-4.993824400513091e-05,1163.9842761358664,-1.555275590936998,595.4702273584605,0.0,-0.0,3239.11083984375,True,0.0,263,1.3934978673863357e-05,1.186726069303745,0.0019027945130073126,True,264
0.250000000000,30,full_throttle,0.0,1.0,0.0,1,-1.597221489646472e-05,0.043032485991716385,0.4190717041492462,-0.0005233092815615237,0.3708525598049164,0.31459933519363403,-5.0097409257432446e-05,grass,0.0,1.0,0.0,1516.7399628580692,1,1.0777270793914795,0.0002250353863928467,0.05499679787993614,325.67660808563227,-0.0,5593.307226020572,6178.692773979428,-9.37629010877572e-06,0,True,-0.0,True,0,0,-3.524039493640885e-05,0.3708525598049164,0.10015184432268143,False,True,-0.8400055170059204,1.1453578472137451,1.4901161193847656e-08,0.0,0.0,1.0,2483.57763671875,2483.57763671875,0.3451171815395355,0.054882824420928955,0.0,grass,True,0.8399944305419922,1.1453425884246826,-3.725290298461914e-09,0.0,0.0,1.0,2483.445068359375,2483.445068359375,0.3451187312602997,0.054881274700164795,0.0,grass,True,-0.8400256633758545,-1.0546753406524658,2.60770320892334e-08,0.0,0.0,1.0,3291.550048828125,3291.550048828125,0.3330373466014862,0.06696265935897827,0.0,grass,True,0.8399742841720581,-1.0546905994415283,-7.450580596923828e-09,0.0,0.0,1.0,3291.367431640625,3291.367431640625,0.3330388367176056,0.06696116924285889,0.0,grass,270,1.1366246205232695,0.13205723232601885,1.1605179731212214,0.37298864126205444,-2.4867471438483335e-05,0.0020974835106244982,-2.4867471433357393e-05,-42.839301417413445,0.9869711304565262,0.0,0.0,-0.0,2498.066162109375,True,0.0,269,1.477027824872628e-06,-0.0008415841414496916,-2.3267025863084714e-05,True,270,1.1368516420672108,0.13205566242747635,1.1607449946651627,0.37297293543815613,-2.486746961949393e-05,0.002188106444023452,-2.486746961436799e-05,-43.11574911792198,-1.7965783464810594,0.0,0.0,-0.0,2497.928466796875,True,0.0,269,1.7393921167994973e-06,-0.0008470678156956568,4.235548574021553e-05,True,270,13.24863167540922,0.6175991941088429,13.272525028007172,0.37298864126205444,-4.5424269046634436e-05,3.9990598116229883,-4.542426901539217e-05,815.369727939902,0.007014172421576101,657.7902314364741,0.0,-0.0,3284.650634765625,True,0.0,269,1.6967621304566436e-07,3.9958197862406695,-4.124860900066929e-05,True,270,13.244956979196385,0.6172630549423214,13.268850331794336,0.37297293543815613,-4.542426540865563e-05,3.997862867696651,-4.542426537741337e-05,815.2597863960588,-0.22395644301475687,657.7902314364741,0.0,-0.0,3284.453857421875,True,0.0,269,1.6943973838605876e-07,3.9965501187993584,0.0013174489908032133,True,270
0.300000000000,36,full_throttle,0.0,1.0,0.0,1,-1.7461212337366305e-05,0.06286215037107468,0.41978132724761963,-0.0005539950216189027,0.4124191701412201,0.39016616344451904,-6.217156624188647e-05,grass,0.0,1.0,0.0,1772.5278381308847,1,0.6865426898002625,0.00012759707169607282,0.06946531453906893,366.0175144672393,-0.0,5618.773289339485,6153.226710660515,-1.1592088412726298e-05,0,True,-0.0,True,0,0,-2.6569952751742676e-05,0.4124191701412201,0.089915432035923,False,True,-0.8400063514709473,1.1657544374465942,-3.3527612686157227e-08,0.0,0.0,1.0,2435.330810546875,2435.330810546875,0.34728094935417175,0.052719056606292725,0.0,grass,True,0.8399935960769653,1.1657382249832153,-1.1175870895385742e-08,0.0,0.0,1.0,2435.244873046875,2435.244873046875,0.3472827970981598,0.05271720886230469,0.0,grass,True,-0.8400275707244873,-1.0342966318130493,-7.450580596923828e-09,0.0,0.0,1.0,3326.82470703125,3326.82470703125,0.3322993814945221,0.06770062446594238,0.0,grass,True,0.8399723768234253,-1.0343128442764282,1.1175870895385742e-08,0.0,0.0,1.0,3326.744384765625,3326.744384765625,0.33230116963386536,0.06769883632659912,0.0,grass,276,1.2616328436241513,0.19324291620402442,1.2755847710476285,0.4136815071105957,-1.89873044291744e-05,0.0026573312853742648,-1.8987304426892647e-05,-31.74016010219153,0.7536971288705684,0.0,0.0,-0.0,2439.224365234375,True,0.0,275,1.0802450790783929e-09,-0.0006384443843301391,-1.819248665980497e-05,True,276,1.2617793018695915,0.1932463408020825,1.2757312292930687,0.4136620759963989,-1.89873044291744e-05,0.002725093620566277,-1.8987304426892647e-05,-31.91282262872574,-1.2588575286989385,0.0,0.0,-0.0,2439.130859375,True,0.0,275,1.0331475391977108e-09,-0.0006419442969161082,3.0387148902711957e-05,True,276,26.058048319332983,1.6140567125397127,26.07200024675646,0.4136815071105957,-4.4420783524401486e-05,8.185474438269289,-4.4420783495184365e-05,600.2650418268232,0.002570323352895393,712.3519193478135,0.0,-0.0,3321.538818359375,True,0.0,275,1.0023705305940538e-09,8.18195588722928,-4.204197342915503e-05,True,276,26.053990425955657,1.6135236929737826,26.067942353379134,0.4136620759963989,-4.442078716238029e-05,8.184154764568968,-4.4420787133163165e-05,600.2425333770459,-0.058436319721228605,712.3519193478135,0.0,-0.0,3321.441162109375,True,0.0,275,1.0010159318579994e-09,8.182100212512173,0.0009558769703399973,True,276
0.350000000000,42,full_throttle,0.0,1.0,0.0,1,-1.8641565475263633e-05,0.0843309760093689,0.41998931765556335,-0.0005891458131372929,0.4400807321071625,0.43785375356674194,-4.940505823469721e-05,grass,0.0,1.0,0.0,2572.855547099187,1,0.4726191461086273,6.336718070087954e-05,0.07988873064344781,392.5189465284347,-0.0,5656.668275361115,6115.331724638885,-1.2573739695653785e-05,0,True,-0.0,True,0,0,-2.192292595282197e-05,0.4400807321071625,0.08083805441856384,False,True,-0.8400068879127502,1.1875814199447632,2.2351741790771484e-08,0.0,0.0,1.0,2436.308349609375,2436.308349609375,0.34840717911720276,0.05159282684326172,0.0,grass,True,0.8399931192398071,1.1875641345977783,-2.60770320892334e-08,0.0,0.0,1.0,2436.266357421875,2436.266357421875,0.34840866923332214,0.051591336727142334,0.0,grass,True,-0.8400295376777649,-1.0124826431274414,-7.450580596923828e-09,0.0,0.0,1.0,3355.873779296875,3355.873779296875,0.3315945565700531,0.06840544939041138,0.0,grass,True,0.8399704098701477,-1.0125000476837158,-1.1175870895385742e-08,0.0,0.0,1.0,3355.861083984375,3355.861083984375,0.3315959870815277,0.06840401887893677,0.0,grass,282,1.343798112292348,0.2589693997096431,1.3480251582158194,0.4404716491699219,-1.5538529623881914e-05,0.0029817278865529317,-1.553852962263134e-05,-25.928846357909688,0.634730924594324,0.0,0.0,-0.0,2433.93994140625,True,0.0,281,4.149802648769945e-10,-0.0005226335175169128,-1.5352707229427204e-05,True,282,1.343903468506511,0.2589763756581041,1.3481305144299824,0.4404505789279938,-1.5538531442871317e-05,0.0030375656791548633,-1.5538531441620744e-05,-26.047267515234488,-1.0030079716832918,0.0,0.0,-0.0,2433.892578125,True,0.0,281,4.337754420626996e-10,-0.0005250317201352939,2.4261017027272005e-05,True,282,42.131617340652824,3.340291740413184,42.135844386576295,0.4404716491699219,-4.314320540288463e-05,13.46296207324551,-4.314320537611663e-05,484.46376430168715,0.0012544854113905016,786.3391489188881,0.0,-0.0,3351.248291015625,True,0.0,281,1.3474524044945722e-11,13.459275835187848,-4.182223667737618e-05,True,282,42.12734475882568,3.339549079113898,42.13157180474915,0.4404505789279938,-4.314320540288463e-05,13.461573191484481,-4.314320537611663e-05,484.46304904031757,-0.022867558020271447,786.3391489188881,0.0,-0.0,3351.2255859375,True,0.0,281,1.3304083025447895e-11,13.45911013791105,0.0007623539247459126,True,282
0.400000000000,48,full_throttle,0.0,1.0,0.0,1,-1.9664141291286796e-05,0.10693830996751785,0.4198105037212372,-0.0006254833424463868,0.4599996507167816,0.4585731327533722,-2.9950953830848448e-05,grass,0.0,1.0,0.0,3191.6303961818844,2,0.35508596897125244,2.429271989967674e-05,0.08773015556636075,411.3318264484405,-0.0,5694.743356698476,6077.256643301524,-1.2610291378223337e-05,0,True,-0.0,True,0,0,-1.964737930393312e-05,0.4599996507167816,0.07516901195049286,False,True,-0.840007483959198,1.2103428840637207,-7.450580596923828e-09,0.0,0.0,1.0,2486.23828125,2486.23828125,0.34862765669822693,0.05137234926223755,0.0,grass,True,0.8399925231933594,1.2103245258331299,-2.60770320892334e-08,0.0,0.0,1.0,2486.252197265625,2486.252197265625,0.34862855076789856,0.05137145519256592,0.0,grass,True,-0.8400314450263977,-0.989727795124054,3.725290298461914e-09,0.0,0.0,1.0,3353.480224609375,3353.480224609375,0.3310193121433258,0.06898069381713867,0.0,grass,True,0.8399685025215149,-0.9897462129592896,-1.4901161193847656e-08,0.0,0.0,1.0,3353.493896484375,3353.493896484375,0.33102020621299744,0.06897979974746704,0.0,grass,288,1.4017992975958775,0.32767017963942696,1.3955815869220685,0.459451824426651,-1.3277658581500873e-05,0.0031419437799886096,-1.3277658580720607e-05,-22.326566391043897,0.5672077406455324,0.0,0.0,-0.0,2465.876953125,True,0.0,287,6.988493026988069e-11,-0.00044417169807470236,-1.3541049934653846e-05,True,288,1.4018820922168718,0.32768001810826614,1.3956643815430627,0.45943066477775574,-1.3277658581500873e-05,0.0031904256538119458,-1.3277658580720607e-05,-22.412176845326336,-0.8565967915553326,0.0,0.0,-0.0,2465.895263671875,True,0.0,287,7.099581468239407e-11,-0.0004458720830788354,2.0449558205402085e-05,True,288,58.534986084153005,5.913114594537502,58.528768373479195,0.459451824426651,-4.0976603486342356e-05,18.85709358334384,-4.0976603463408e-05,422.9469897443311,0.0007545026067845085,641.7932329755081,0.0,-0.0,3360.221435546875,True,0.0,287,5.685621310631878e-13,18.853350975807157,-4.03593910214775e-05,True,288,58.53056395661149,5.912153840632107,58.52434624593768,0.45943066477775574,-4.0976603486342356e-05,18.855655440904037,-4.0976603463408e-05,422.95183481963267,-0.012360851389977195,641.7932329755081,0.0,-0.0,3360.233642578125,True,0.0,287,1.2506143375227781e-12,18.852971645608253,0.0006611781133299543,True,288
0.450000000000,54,full_throttle,0.0,1.0,0.0,1,-2.0613624656107277e-05,0.13040843605995178,0.4194467067718506,-0.0006609359406866133,0.475663959980011,0.4390212595462799,-1.562012948852498e-05,grass,0.0,1.0,0.0,3757.553782318786,2,0.2879508137702942,2.0656956621678546e-05,0.0940721478326308,425.9399682283401,-0.0,5728.001686772575,6043.998313227425,-1.2204794074932579e-05,0,True,-0.0,True,0,0,-1.8517854186939076e-05,0.475663959980011,0.0745963454246521,False,True,-0.8400077819824219,1.2336643934249878,-2.2351741790771484e-08,0.0,0.0,1.0,2615.458984375,2615.458984375,0.3478876054286957,0.0521124005317688,0.0,grass,True,0.839992105960846,1.233644962310791,1.862645149230957e-08,0.0,0.0,1.0,2615.4775390625,2615.4775390625,0.3478880226612091,0.05211198329925537,0.0,grass,True,-0.840033233165741,-0.9664002656936646,2.60770320892334e-08,0.0,0.0,1.0,3292.446533203125,3292.446533203125,0.3310300409793854,0.0689699649810791,0.0,grass,True,0.8399667739868164,-0.966419517993927,-1.862645149230957e-08,0.0,0.0,1.0,3292.444091796875,3292.444091796875,0.3310305178165436,0.0689694881439209,0.0,grass,294,1.4457646438902207,0.3982164912395228,1.4266522841578313,0.473964661359787,-1.2300179150770418e-05,0.0031376711239858857,-1.2300179150150102e-05,-20.178589116362925,0.5498984501099249,0.0,0.0,-0.0,2594.163330078125,True,0.0,293,1.4208508849311817e-11,-0.00038157311115299963,-1.2478164526123024e-05,True,294,1.4458362561952325,0.3982288402447984,1.426723896462843,0.47394418716430664,-1.2300180969759822e-05,0.003181777380120099,-1.2300180969139506e-05,-20.247700853801163,-0.7916514862092946,0.0,0.0,-0.0,2594.177734375,True,0.0,293,1.7069724534970703e-11,-0.0003828781794294467,1.796388134762868e-05,True,294,69.50086153932882,9.155224058176747,69.48174917959643,0.473964661359787,-3.910582745447755e-05,22.461319646618726,-3.910582743454315e-05,389.22728623987285,0.0005569415681023528,456.7791210263488,0.0,-0.0,3302.494140625,True,0.0,293,1.9895207707163804e-12,22.457658993435352,-3.856133704413904e-05,True,294,69.49633384294425,9.154038962548102,69.47722148321186,0.47394418716430664,-3.910582745447755e-05,22.459845981007298,-3.910582743454315e-05,389.2297265309852,-0.008771350819912652,456.7791210263488,0.0,-0.0,3302.48681640625,True,0.0,293,1.7054319558743347e-13,22.457133192368993,0.0006072898013623217,True,294
0.500000000000,60,full_throttle,0.0,1.0,0.0,1,-2.1510371880140156e-05,0.15457969903945923,0.41915881633758545,-0.0006952722324058414,0.488651841878891,0.38215920329093933,-5.7865172493620776e-06,grass,0.0,1.0,0.0,4359.370950888437,2,0.24172893166542053,1.4692642253066879e-05,0.09946476717815751,437.97820508480066,-0.0,5755.4993616788815,6016.5006383211185,-1.18104180728551e-05,0,True,-0.0,True,0,0,-1.755571247485932e-05,0.488651841878891,0.07839527726173401,False,True,-0.8400080800056458,1.2574101686477661,-1.862645149230957e-08,0.0,0.0,1.0,2730.300048828125,2730.300048828125,0.3465050756931305,0.053494930267333984,0.0,grass,True,0.8399918675422668,1.2573896646499634,1.4901161193847656e-08,0.0,0.0,1.0,2730.318603515625,2730.318603515625,0.34650519490242004,0.053494811058044434,0.0,grass,True,-0.8400348424911499,-0.9426387548446655,1.4901161193847656e-08,0.0,0.0,1.0,3210.3193359375,3210.3193359375,0.3318309485912323,0.06816905736923218,0.0,grass,True,0.8399651646614075,-0.9426592588424683,1.862645149230957e-08,0.0,0.0,1.0,3210.3232421875,3210.3232421875,0.3318311274051666,0.06816887855529785,0.0,grass,300,1.4824357369294585,0.470143540101191,1.4538191371908606,0.4861103296279907,-1.1494153113744687e-05,0.003093463558730636,-1.1494153113238502e-05,-18.795636600663254,0.5392868066501143,0.0,0.0,-0.0,2713.017333984375,True,0.0,299,0.000755484613856616,-0.00033983017410027516,-1.1700820772668069e-05,True,300,1.4825007476775685,0.47015820859830076,1.4538841479389706,0.4860905110836029,-1.149415493273409e-05,0.0031347356499947243,-1.1494154932227906e-05,-18.85512586324056,-0.7565849046217573,0.0,0.0,-0.0,2713.035400390625,True,0.0,299,0.0007697832561362646,-0.00034090347238868723,1.6415379665526165e-05,True,300,76.63651402308535,12.834941875076613,76.60789742334676,0.4861103296279907,-3.743373599718325e-05,24.803939297990176,-3.7433735979698144e-05,367.05732372402247,0.00045632934197059637,334.0223533579038,0.0,-0.0,3225.935791015625,True,0.0,299,5.115912597821706e-13,24.800374321357946,-3.699848854579124e-05,True,300,76.63190702234763,12.833528127561005,76.60329042260904,0.4860905110836029,-3.743373599718325e-05,24.802438806291118,-3.7433735979698144e-05,367.06081199865724,-0.007067291458909979,334.0223533579038,0.0,-0.0,3225.938232421875,True,0.0,299,2.842179755557522e-13,24.79974864112231,0.0005729852716865149,True,300
0.550000000000,66,full_throttle,0.0,1.0,0.0,1,-2.2362472009263e-05,0.17933803796768188,0.4190831780433655,-0.0007284185849130154,0.4995584785938263,0.30229300260543823,-3.8432628457485407e-07,grass,0.0,1.0,0.0,4892.131447714488,2,0.20312687754631042,1.568525840411894e-05,0.1041068186702737,448.08195233345026,-0.0,5777.979552242418,5994.020447757582,-1.1428848665673286e-05,0,True,-0.0,True,0,0,-1.6664132999721915e-05,0.4995584785938263,0.08256755769252777,False,True,-0.8400082588195801,1.2815752029418945,-4.470348358154297e-08,0.0,0.0,1.0,2816.45166015625,2816.45166015625,0.3448927104473114,0.055107295513153076,0.0,grass,True,0.8399916887283325,1.2815536260604858,-4.470348358154297e-08,0.0,0.0,1.0,2816.4638671875,2816.4638671875,0.3448927104473114,0.055107295513153076,0.0,grass,True,-0.8400362730026245,-0.9184554219245911,-1.4901161193847656e-08,0.0,0.0,1.0,3111.9140625,3111.9140625,0.3332853615283966,0.06671464443206787,0.0,grass,True,0.8399636745452881,-0.9184768795967102,0.0,0.0,0.0,1.0,3111.920654296875,3111.920654296875,0.3332853615283966,0.06671464443206787,0.0,grass,306,1.514320501717896,0.5434005307683593,1.4819758475154348,0.4966866970062256,-1.091715330403531e-05,0.003039068560680147,-1.0917153303601592e-05,-17.707909113336147,0.5288886817807064,0.0,0.0,-0.0,2804.1806640625,True,0.0,305,0.0005166709667777459,-0.0003097543917996992,-1.1102057787774545e-05,True,306,1.514380625058987,0.5434173878047037,1.4820359708565258,0.4966675341129303,-1.0917156942014117e-05,0.0030780721565354385,-1.0917156941580399e-05,-17.760568607866393,-0.7228456889677082,0.0,0.0,-0.0,2804.191650390625,True,0.0,305,0.0005260288611683981,-0.00031067432448472765,1.5173399068063482e-05,True,306,81.24318182248217,16.798351522767746,81.21083716827971,0.4966866970062256,-3.601699791033752e-05,26.31356330441289,-3.601699789476348e-05,348.82126580712526,0.0003937031655095097,251.70319582975833,0.0,-0.0,3128.23193359375,True,0.0,305,3.410606732114421e-13,26.310090391026495,-3.563440724330233e-05,True,306,81.23850468660642,16.79670540109125,81.20616003240396,0.4966675341129303,-3.601700154831633e-05,26.31203901246719,-3.601700153274229e-05,348.8245827975441,-0.006025530202177103,251.70319582975833,0.0,-0.0,3128.2333984375,True,0.0,305,5.684438449663572e-14,26.309384673016723,0.0005453559779318836,True,306
0.600000000000,72,full_throttle,0.0,1.0,0.0,1,-2.317151302122511e-05,0.20459087193012238,0.41917797923088074,-0.0007604644633829594,0.5087776184082031,0.21708126366138458,1.590076294633036e-06,grass,0.0,1.0,0.0,5322.868654281529,2,0.172498881816864,1.4603953786718193e-05,0.10810573852777772,456.60665631294245,-0.0,5796.352124274075,5975.647875725925,-1.10523214971181e-05,0,True,-0.0,True,0,0,-1.5828512914595194e-05,0.5087776184082031,0.08464401215314865,False,True,-0.840008556842804,1.306198239326477,-1.862645149230957e-08,0.0,0.0,1.0,2873.887939453125,2873.887939453125,0.3433487117290497,0.056651294231414795,0.0,grass,True,0.8399913907051086,1.306175708770752,-7.450580596923828e-09,0.0,0.0,1.0,2873.896240234375,2873.896240234375,0.34334859251976013,0.056651413440704346,0.0,grass,True,-0.8400378227233887,-0.8938177227973938,3.725290298461914e-09,0.0,0.0,1.0,3023.7373046875,3023.7373046875,0.3350133001804352,0.0649867057800293,0.0,grass,True,0.8399621248245239,-0.8938400745391846,3.725290298461914e-09,0.0,0.0,1.0,3023.73876953125,3023.73876953125,0.3350133001804352,0.0649867057800293,0.0,grass,312,1.5426481343207294,0.6180831505786841,1.5122368405905897,0.506074845790863,-1.0505844329600222e-05,0.002999038534977738,-1.0505844329213703e-05,-16.876189172361357,0.5173709869167482,0.0,0.0,-0.0,2866.1337890625,True,0.0,311,0.00037972130554016534,-0.0002888238877073457,-1.062547060259168e-05,True,312,1.5427049701930855,0.618102105241437,1.5122936764629458,0.5060563087463379,-1.050584796757903e-05,0.0030363314173803557,-1.050584796719251e-05,-16.92345493198545,-0.6939777652135086,0.0,0.0,-0.0,2866.140625,True,0.0,311,0.00038628371153418635,-0.0002896321327300333,1.4252481360030422e-05,True,312,84.15387093092727,20.94342558219561,84.12345963719713,0.506074845790863,-3.477681093499996e-05,27.264702561415138,-3.4776810920979956e-05,334.6376498510973,0.00035173164210069367,195.31426921771754,0.0,-0.0,3036.858154296875,True,0.0,311,5.68437521950318e-14,27.26129649417892,-3.438463274715614e-05,True,312,84.14912803058917,20.941543730840632,84.11871673685903,0.5060563087463379,-3.4776814572978765e-05,27.26315594134809,-3.4776814558958764e-05,334.6413733719601,-0.005364276726701017,195.31426921771754,0.0,-0.0,3036.863525390625,True,0.0,311,1.7053036825177019e-13,27.260526215206053,0.0005243810403604352,True,312
0.650000000000,78,full_throttle,0.0,1.0,0.0,1,-2.393732575001195e-05,0.23026597499847412,0.41932255029678345,-0.0007915374008007348,0.5167320370674133,0.14150622487068176,1.6965238955890527e-06,grass,0.0,1.0,0.0,5651.048787775767,2,0.15071725845336914,1.574794077896513e-05,0.1116003012636395,463.92796039581293,-0.0,5811.2380942005175,5960.7619057994825,-1.0736874173744582e-05,0,True,-0.0,True,0,0,-1.4952413948776666e-05,0.5167320370674133,0.08420328795909882,False,True,-0.8400087356567383,1.331316590309143,3.725290298461914e-09,0.0,0.0,1.0,2907.40185546875,2907.40185546875,0.3420405685901642,0.05795943737030029,0.0,grass,True,0.8399912118911743,1.3312934637069702,2.9802322387695312e-08,0.0,0.0,1.0,2907.40380859375,2907.40380859375,0.3420405089855194,0.05795949697494507,0.0,grass,True,-0.8400391340255737,-0.8686901926994324,-1.1175870895385742e-08,0.0,0.0,1.0,2962.7275390625,2962.7275390625,0.3366071283817291,0.06339287757873535,0.0,grass,True,0.8399608135223389,-0.8687132596969604,1.4901161193847656e-08,0.0,0.0,1.0,2962.72998046875,2962.72998046875,0.33660706877708435,0.06339293718338013,0.0,grass,318,1.5683086338153471,0.6942926673236757,1.5438445481172194,0.5145558714866638,-1.0230694897472858e-05,0.002985977672400719,-1.0230694897115919e-05,-16.308929718807537,0.5091340683071208,0.0,0.0,-0.0,2903.229736328125,True,0.0,317,0.00030483916893069495,-0.00027554882685576487,-1.0322661300528381e-05,True,318,1.5683635055325063,0.6943136710256717,1.5438994198343785,0.5145378112792969,-1.0230694897472858e-05,0.0030221455464302105,-1.0230694897115919e-05,-16.352318240147966,-0.6704773998384539,0.0,0.0,-0.0,2903.228759765625,True,0.0,317,0.0003098875760962257,-0.0002762820134637467,1.3593888783074287e-05,True,318,85.90369165050178,25.201040984649552,85.87922756480366,0.5145558714866638,-3.380819543963298e-05,27.833662373178925,-3.3808195426752125e-05,325.1208742918286,0.0003045446245446688,156.47178372770824,0.0,-0.0,2970.6513671875,True,0.0,317,0.0008751004817795276,27.83028666520871,-3.343520871859737e-05,True,318,85.8988898805447,25.198920327161357,85.87442579484657,0.5145378112792969,-3.380819543963298e-05,27.832095849300455,-3.3808195426752125e-05,325.12424965698386,-0.004950855102400196,156.47178372770824,0.0,-0.0,2970.653564453125,True,0.0,317,0.0008751769459379699,27.82946799248897,0.0005106885545227418,True,318
0.700000000000,84,full_throttle,0.0,1.0,0.0,1,-2.466263686073944e-05,0.2563113570213318,0.4194014072418213,-0.000821659981738776,0.5237835645675659,0.09040693938732147,1.3978930155644775e-06,grass,0.0,1.0,0.0,5913.171446511812,2,0.1348189413547516,1.2773794878739864e-05,0.11473252703141192,470.3933179378509,-0.0,5823.1292012197055,5948.8707987802945,-1.0393798220320605e-05,0,True,-0.0,True,0,0,-1.4187481610861141e-05,0.5237835645675659,0.0817483589053154,False,True,-0.8400088548660278,1.3569865226745605,2.60770320892334e-08,0.0,0.0,1.0,2895.710205078125,2895.710205078125,0.341137558221817,0.05886244773864746,0.0,grass,True,0.8399910926818848,1.3569624423980713,1.1175870895385742e-08,0.0,0.0,1.0,2895.709716796875,2895.709716796875,0.341137558221817,0.05886244773864746,0.0,grass,True,-0.8400404453277588,-0.8430161476135254,2.9802322387695312e-08,0.0,0.0,1.0,2952.427490234375,2952.427490234375,0.33766618371009827,0.06233382225036621,0.0,grass,True,0.8399595022201538,-0.8430402278900146,1.4901161193847656e-08,0.0,0.0,1.0,2952.430419921875,2952.430419921875,0.3376661241054535,0.062333881855010986,0.0,grass,324,1.592901316855453,0.772166050352338,1.579818749253057,0.5226227045059204,-1.0248235412291251e-05,0.003034730056379109,-1.0248235411932473e-05,-16.326578976668817,0.5089944416377613,0.0,0.0,-0.0,2900.960205078125,True,0.0,323,0.0003070188779252742,-0.00027606285163217503,-1.0327905587998727e-05,True,324,1.5929580397851761,0.7721891572914564,1.5798754721827801,0.5226052403450012,-1.024823450279655e-05,0.0030709127841069828,-1.0248234502437772e-05,-16.369139077418406,-0.6690830832423441,0.0,0.0,-0.0,2900.959716796875,True,0.0,323,0.0003119983291721322,-0.00027678255755769765,1.3576231793068917e-05,True,324,89.43375753792465,29.577444658786394,89.42067497032225,0.5226227045059204,-3.307218867121264e-05,28.990517283009215,-3.307218865915486e-05,318.6186334355693,0.00028130897884113984,279.39391493144024,0.0,-0.0,2949.9560546875,True,0.0,323,0.0007463963617485853,28.987092156523317,-3.269008014871377e-05,True,324,89.42890160672924,29.57508237523754,89.41581903912684,0.5226052403450012,-3.307218867121264e-05,28.98893228987565,-3.307218865915486e-05,318.6218434419605,-0.004575128485492079,279.39391493144024,0.0,-0.0,2949.958740234375,True,0.0,323,0.0007464957192776571,28.98626461109105,0.0005014442368066861,True,324
0.750000000000,90,full_throttle,0.0,1.0,0.0,1,-2.535156818339601e-05,0.2826904356479645,0.41932979226112366,-0.0008507813909091055,0.5302371978759766,0.07693574577569962,1.3140523833499174e-06,grass,0.0,1.0,0.0,6208.947392438542,2,0.12605048716068268,1.1714874744939152e-05,0.11761596958154008,476.26757025718683,-0.0,5832.490856551989,5939.509143448011,-1.00336255854927e-05,0,True,-0.0,True,0,0,-1.3492016478267033e-05,0.5302371978759766,0.07845059782266617,False,True,-0.8400089740753174,1.3832671642303467,0.0,0.0,0.0,1.0,2853.5888671875,2853.5888671875,0.3408072292804718,0.059192776679992676,0.0,grass,True,0.8399909734725952,1.3832420110702515,0.0,0.0,0.0,1.0,2853.588623046875,2853.588623046875,0.3408072292804718,0.059192776679992676,0.0,grass,True,-0.8400416374206543,-0.816735029220581,2.9802322387695312e-08,0.0,0.0,1.0,3000.945556640625,3000.945556640625,0.3378531038761139,0.062146902084350586,0.0,grass,True,0.8399583101272583,-0.8167600631713867,2.9802322387695312e-08,0.0,0.0,1.0,3000.9453125,3000.9453125,0.3378531038761139,0.062146902084350586,0.0,grass,330,1.6161141419448704,0.8518754098193562,1.6152139041238278,0.5301651954650879,-1.0340880180592649e-05,0.003152471376719368,-1.0340880180224052e-05,-16.27281385613198,0.5056083760181405,0.0,0.0,-0.0,2860.630615234375,True,0.0,329,0.0003023665680738162,-0.0002790332976611021,-1.040384920949338e-05,True,330,1.6161722873416429,0.8519007594817377,1.6152720495206003,0.5301483869552612,-1.0340882909076754e-05,0.0031884678674809486,-1.0340882908708157e-05,-16.311482443918173,-0.6521405925134883,0.0,0.0,-0.0,2860.63037109375,True,0.0,329,0.0003068467006000749,-0.00027969639968938864,1.3419025244971955e-05,True,330,95.27264427558468,34.20319022359411,95.27174403776364,0.5301651954650879,-3.237382770748809e-05,30.909807415477857,-3.237382769617813e-05,316.0324711605975,0.0002573749301132113,322.0208384540923,0.0,-0.0,2985.826416015625,True,0.0,329,0.0006228425554159406,30.906262004318446,-3.201687981068613e-05,True,330,95.26773771793596,34.20058371837908,95.26683748011492,0.5301483869552612,-3.237382770748809e-05,30.908205059963606,-3.237382769617813e-05,316.03542832918714,-0.004229043090426272,322.0208384540923,0.0,-0.0,2985.8291015625,True,0.0,329,0.0006229168469050151,30.90541960055185,0.0004980919783105263,True,330
0.800000000000,96,full_throttle,0.0,1.0,0.0,1,-2.600698462629225e-05,0.3093864619731903,0.41913893818855286,-0.0008788678678683937,0.536544144153595,0.08981762826442719,1.2258869901415892e-06,grass,0.0,1.0,0.0,6551.776200072714,2,0.12542037665843964,1.3326229236554354e-05,0.1204388983256149,481.9491863250732,-0.0,5839.460254468973,5932.539745531027,-9.682595191407017e-06,0,True,-0.0,True,0,0,-1.281688946619397e-05,0.536544144153595,0.07780177891254425,False,True,-0.8400090932846069,1.4100576639175415,-7.450580596923828e-09,0.0,0.0,1.0,2831.37109375,2831.37109375,0.3408638536930084,0.059136152267456055,0.0,grass,True,0.8399908542633057,1.4100319147109985,1.862645149230957e-08,0.0,0.0,1.0,2831.376708984375,2831.376708984375,0.34086373448371887,0.059136271476745605,0.0,grass,True,-0.8400428295135498,-0.7899448871612549,3.725290298461914e-09,0.0,0.0,1.0,3060.273681640625,3060.273681640625,0.33741506934165955,0.06258493661880493,0.0,grass,True,0.8399571180343628,-0.7899706363677979,3.725290298461914e-09,0.0,0.0,1.0,3060.2734375,3060.2734375,0.33741506934165955,0.06258493661880493,0.0,grass,336,1.6368442048044105,0.9331450143865074,1.6407096451805134,0.536896824836731,-1.037033689499367e-05,0.0032617627487245837,-1.0370336894621914e-05,-16.11681712553684,0.5040511169447026,0.0,0.0,-0.0,2833.290771484375,True,0.0,335,0.0002855357890029951,-0.00027902535074075807,-1.0471892474515774e-05,True,336,1.6369034327990462,0.9331727597053405,1.640768873175149,0.536880612373352,-1.0370337804488372e-05,0.003297520450333158,-1.0370337804116616e-05,-16.15101700083122,-0.6309098963329538,0.0,0.0,-0.0,2833.290771484375,True,0.0,335,0.00028932788981561423,-0.0002796174622220482,1.310743947621582e-05,True,336,100.23588333439272,39.1114927636399,100.23974877476883,0.536896824836731,-3.163265864714049e-05,32.54094467551287,-3.1632658636589676e-05,318.2656700416916,0.0002415925570344673,243.32652822711924,0.0,-0.0,3054.6181640625,True,0.0,335,0.0005603791171419854,32.53729109345628,-3.137356966610039e-05,True,336,100.2309305330232,39.10863962741089,100.2347959733993,0.536880612373352,-3.163265500916168e-05,32.539326463524304,-3.1632654998610876e-05,318.2681828026409,-0.004080530600543654,243.32652822711924,0.0,-0.0,3054.61767578125,True,0.0,335,0.0005604211120661647,32.536422344791525,0.0005023199629450632,True,336
0.850000000000,102,full_throttle,0.0,1.0,0.0,1,-2.6627049010130577e-05,0.3363933861255646,0.418958842754364,-0.0009060275042429566,0.5426628589630127,0.1049223393201828,9.509465712653764e-07,grass,0.0,1.0,0.0,6867.3751533389795,2,0.11967428773641586,1.3946538274467457e-05,0.12322879602539594,487.4992668628692,-0.0,5844.653046204133,5927.346953795867,-9.378138202009723e-06,0,True,-0.0,True,0,0,-1.208859248436056e-05,0.5426628589630127,0.07868386059999466,False,True,-0.8400092124938965,1.4371757507324219,-2.2351741790771484e-08,0.0,0.0,1.0,2829.7841796875,2829.7841796875,0.34097394347190857,0.05902606248855591,0.0,grass,True,0.8399907350540161,1.4371492862701416,3.725290298461914e-09,0.0,0.0,1.0,2829.789794921875,2829.789794921875,0.340973824262619,0.05902618169784546,0.0,grass,True,-0.8400440216064453,-0.7628281116485596,-7.450580596923828e-09,0.0,0.0,1.0,3067.244140625,3067.244140625,0.33694514632225037,0.06305485963821411,0.0,grass,True,0.8399559259414673,-0.7628545165061951,2.2351741790771484e-08,0.0,0.0,1.0,3067.246337890625,3067.246337890625,0.3369450867176056,0.06305491924285889,0.0,grass,342,1.6549856751038436,1.0154372603881154,1.656824448592842,0.5428342819213867,-1.0292006663803477e-05,0.0033109908628816687,-1.0292006663440081e-05,-15.822029124654687,0.500010063688712,0.0,0.0,-0.0,2828.839111328125,True,0.0,341,0.0002540618688932596,-0.00027435278949550224,-1.0404272726709017e-05,True,342,1.6550445609632531,1.0154674923585165,1.6568833344522516,0.542818546295166,-1.0292005754308775e-05,0.003346158822707501,-1.0292005753945381e-05,-15.852017903722436,-0.6112643079829356,0.0,0.0,-0.0,2828.83837890625,True,0.0,341,0.0002570894734416829,-0.00027487288333771787,1.2719266883754149e-05,True,342,102.65830248620684,44.1980609025506,102.66014125969583,0.5428342819213867,-3.088593075517565e-05,33.33440553852687,-3.0885930745354533e-05,317.4248750684069,0.0002302024715769086,160.4107338129321,0.0,-0.0,3068.622802734375,True,0.0,341,0.0005237041241421527,33.33070952102242,-3.0685536164598195e-05,True,342,102.65330653516133,44.19495890904295,102.65514530865033,0.542818546295166,-3.088593075517565e-05,33.332772610308076,-3.0885930745354533e-05,317.4273042819385,-0.003965589068606668,160.4107338129321,0.0,-0.0,3068.62158203125,True,0.0,341,0.0005237621030946338,33.32980799602674,0.0005013459926610796,True,342
0.900000000000,108,full_throttle,0.0,1.0,0.0,1,-2.721008422668092e-05,0.3636958599090576,0.4188234210014343,-0.000932358845602721,0.5484119653701782,0.10910816490650177,5.579756816587178e-07,grass,0.0,1.0,0.0,7102.443933299232,2,0.11154486238956451,1.3525894246413372e-05,0.12588968217312527,492.73445606231684,-0.0,5848.8327953276175,5923.1672046723825,-9.099852832150646e-06,0,True,-0.0,True,0,0,-1.1339147022226825e-05,0.5484119653701782,0.07957426458597183,False,True,-0.840009331703186,1.4645090103149414,7.450580596923828e-09,0.0,0.0,1.0,2850.904052734375,2850.904052734375,0.3409189283847809,0.059081077575683594,0.0,grass,True,0.8399906158447266,1.4644815921783447,-7.450580596923828e-09,0.0,0.0,1.0,2850.906005859375,2850.906005859375,0.3409188687801361,0.05908113718032837,0.0,grass,True,-0.8400450944900513,-0.73549485206604,3.725290298461914e-09,0.0,0.0,1.0,3046.6630859375,3046.6630859375,0.3367294371128082,0.06327056884765625,0.0,grass,True,0.8399548530578613,-0.7355222702026367,3.725290298461914e-09,0.0,0.0,1.0,3046.661865234375,3046.661865234375,0.3367294371128082,0.06327056884765625,0.0,grass,348,1.6713129935107625,1.098408874022501,1.6690247395328677,0.5482163429260254,-1.0217998351436108e-05,0.0033169449325262113,-1.0217998351080497e-05,-15.554309158449433,0.49744838580361467,0.0,0.0,-0.0,2846.21240234375,True,0.0,347,0.00022733262036354806,-0.0002680639634019544,-1.0287767221905525e-05,True,348,1.6713716350396293,1.0984416364260643,1.6690833810617345,0.5482010841369629,-1.021799926093081e-05,0.0033515554261147606,-1.0217999260575199e-05,-15.58201870655873,-0.5999464321410433,0.0,0.0,-0.0,2846.21142578125,True,0.0,347,0.00022988722691062017,-0.0002685416224336157,1.240754009426373e-05,True,348,103.27954407757079,49.35367849861237,103.2772558235929,0.5482163429260254,-3.0200528271961957e-05,33.53403320267234,-3.0200528262780273e-05,315.0575624584116,0.00022191949131706795,105.74927324975299,0.0,-0.0,3051.146484375,True,0.0,347,0.0005045334857091588,33.53033942317129,-2.998444680142074e-05,True,348,103.27450443830189,49.35032546930404,103.272216184324,0.5482010841369629,-3.0200531909940764e-05,33.53238538050266,-3.0200531900759076e-05,315.06036269768913,-0.0038865217597194844,105.74927324975299,0.0,-0.0,3051.1484375,True,0.0,347,0.0005045994039223206,33.52940714754347,0.000497980785513325,True,348
0.950000000000,114,full_throttle,0.0,1.0,0.0,1,-2.7755098926718347e-05,0.39127394556999207,0.41873693466186523,-0.0009579425095580518,0.5537639260292053,0.10103851556777954,3.3678020372462925e-07,grass,0.0,1.0,0.0,7246.106054734322,2,0.10441306978464127,1.326413439528551e-05,0.12839065458125248,497.6048111915588,-0.0,5852.353003440061,5919.646996559939,-8.840070222504437e-06,0,True,-0.0,True,0,0,-1.0587297765596304e-05,0.5537639260292053,0.08076422661542892,False,True,-0.840009331703186,1.4920282363891602,1.862645149230957e-08,0.0,0.0,1.0,2879.20068359375,2879.20068359375,0.3406773507595062,0.05932265520095825,0.0,grass,True,0.8399906158447266,1.4920002222061157,1.862645149230957e-08,0.0,0.0,1.0,2879.200439453125,2879.200439453125,0.3406773507595062,0.05932265520095825,0.0,grass,True,-0.8400461673736572,-0.7079752683639526,1.1175870895385742e-08,0.0,0.0,1.0,3023.908935546875,3023.908935546875,0.3367977440357208,0.06320226192474365,0.0,grass,True,0.8399537801742554,-0.7080034017562866,1.1175870895385742e-08,0.0,0.0,1.0,3023.908935546875,3023.908935546875,0.3367977440357208,0.06320226192474365,0.0,grass,354,1.686603919860285,1.1819635168689742,1.6809153056483084,0.5532665252685547,-1.012777465803083e-05,0.003312768285339329,-1.0127774657684555e-05,-15.37318219506764,0.4975875345348198,0.0,0.0,-0.0,2874.69091796875,True,0.0,353,0.00021017663435601811,-0.0002623173970700554,-1.0188680525928288e-05,True,354,1.6866628270923483,1.1819988404780588,1.6809742128803717,0.5532517433166504,-1.012777465803083e-05,0.0033469896238245145,-1.0127774657684555e-05,-15.399479643383994,-0.5956211164851816,0.0,0.0,-0.0,2874.690673828125,True,0.0,353,0.00021244783646037668,-0.0002627661586115382,1.2196031658966188e-05,True,354,102.72334693294482,54.50627325734261,102.71765831873284,0.5532665252685547,-2.953980947495438e-05,33.345437962603235,-2.9539809466362232e-05,313.1591663784106,0.00021676418125973494,69.71421754040608,0.0,-0.0,3027.68359375,True,0.0,353,0.0005024988348375203,33.341755392295596,-2.932816114272349e-05,True,354,102.71826421315784,54.50266703801176,102.71257559894586,0.5532517433166504,-2.953980947495438e-05,33.343775447025436,-2.9539809466362232e-05,313.1618189991024,-0.003866019879894921,69.71421754040608,0.0,-0.0,3027.683349609375,True,0.0,353,0.0005025387887602643,33.340797337469446,0.0004955525396285243,True,354
1.000000000000,120,full_throttle,0.0,1.0,0.0,1,-2.826338641170878e-05,0.41911038756370544,0.4187174439430237,-0.000982780708000064,0.5588040947914124,0.08401509374380112,3.5667500242198e-07,grass,0.0,1.0,0.0,7306.408849474704,2,0.09832606464624405,1.198938480229117e-05,0.1307658529330329,502.186506986618,-0.0,5855.28965673809,5916.71034326191,-8.570919817429967e-06,0,True,-0.0,True,0,0,-9.875810064841062e-06,0.5588040947914124,0.08213850855827332,False,True,-0.840009331703186,1.5197399854660034,-1.1175870895385742e-08,0.0,0.0,1.0,2902.95703125,2902.95703125,0.3403308689594269,0.0596691370010376,0.0,grass,True,0.8399906158447266,1.5197111368179321,-1.1175870895385742e-08,0.0,0.0,1.0,2902.95703125,2902.95703125,0.3403308689594269,0.0596691370010376,0.0,grass,True,-0.8400471210479736,-0.6802623271942139,-3.725290298461914e-09,0.0,0.0,1.0,2997.665771484375,2997.665771484375,0.3371049463748932,0.06289505958557129,0.0,grass,True,0.839952826499939,-0.6802911758422852,2.60770320892334e-08,0.0,0.0,1.0,2997.67138671875,2997.67138671875,0.33710482716560364,0.06289517879486084,0.0,grass,360,1.7013109355209646,1.2661168806187841,1.6935866466699419,0.5581259727478027,-1.0014477084041573e-05,0.0033066359741156237,-1.001447708370679e-05,-15.250750648921459,0.49785501265749266,0.0,0.0,-0.0,2899.431640625,True,0.0,359,0.00019908623049217627,-0.0002580075379016167,-1.0107157120299249e-05,True,360,1.7013704529594698,1.2661548067920647,1.693646164108447,0.5581116080284119,-1.0014477084041573e-05,0.003340641448213222,-1.001447708370679e-05,-15.276032144656893,-0.5939571074522488,0.0,0.0,-0.0,2899.431640625,True,0.0,359,0.00020117192407873667,-0.0002584352593303363,1.205816400805359e-05,True,360,101.38998236033211,59.60854002589374,101.38225807148109,0.5581259727478027,-2.8835660486947745e-05,32.90056820616179,-2.8835660478955505e-05,311.7782301538704,0.00021337386862718027,45.95844470526812,0.0,-0.0,3002.261962890625,True,0.0,359,0.0005126917806489624,32.89689687134347,-2.8661452734962894e-05,True,360,101.38485602618773,59.60467846563686,101.37713173733671,0.5581116080284119,-2.8835660486947745e-05,32.89889088061354,-2.8835660478955505e-05,311.7813208723675,-0.003889863874635361,45.95844470526812,0.0,-0.0,3002.264892578125,True,0.0,359,0.0005127624054781252,32.89591631546387,0.0004941498106104009,True,360
1.050000000000,126,full_throttle,0.0,1.0,0.0,1,-2.8737140382872894e-05,0.4471903145313263,0.4187566936016083,-0.0010068287374451756,0.56355881690979,0.06271106749773026,3.737009137694258e-07,grass,0.0,1.0,0.0,7297.801501913746,2,0.09300046414136887,1.1939639080082998e-05,0.13302480014708273,506.5055072307586,-0.0,5857.7717610986965,5914.2282389013035,-8.299659384647384e-06,0,True,-0.0,True,0,0,-9.185222552332561e-06,0.56355881690979,0.08293653279542923,False,True,-0.8400093913078308,1.547663927078247,1.1175870895385742e-08,0.0,0.0,1.0,2920.26904296875,2920.26904296875,0.33996084332466125,0.06003916263580322,0.0,grass,True,0.8399905562400818,1.547634482383728,1.1175870895385742e-08,0.0,0.0,1.0,2920.269287109375,2920.269287109375,0.33996084332466125,0.06003916263580322,0.0,grass,True,-0.8400480151176453,-0.6523371934890747,-2.2351741790771484e-08,0.0,0.0,1.0,2971.28759765625,2971.28759765625,0.3375529944896698,0.06244701147079468,0.0,grass,True,0.8399519324302673,-0.6523667573928833,-2.2351741790771484e-08,0.0,0.0,1.0,2971.28759765625,2971.28759765625,0.3375529944896698,0.06244701147079468,0.0,grass,366,1.7156125107665228,1.350924399654483,1.7075339179371165,0.5628487467765808,-9.987320481741335e-06,0.0033033817763716833,-9.987320481409268e-06,-15.164880597074188,0.49832525531901284,0.0,0.0,-0.0,2917.835693359375,True,0.0,365,0.00019158885352960794,-0.0002549364320858505,-1.00528834103892e-05,True,366,1.7156729421002994,1.3509649789291067,1.7075943492708932,0.5628347992897034,-9.987319572246633e-06,0.0033372716033954752,-9.987319571914566e-06,-15.189956155590984,-0.5923478584230616,0.0,0.0,-0.0,2917.8359375,True,0.0,365,0.00019359246533199554,-0.00025535797166131857,1.1949631362905928e-05,True,366,99.54697331003459,64.62940256168497,99.53889471720518,0.5628487467765808,-2.8212645702296868e-05,32.28765244553483,-2.821264569481155e-05,310.7439340483486,0.000211327873818763,30.297674050533193,0.0,-0.0,2975.3876953125,True,0.0,365,0.0005318083487775302,32.28398810520589,-2.8016302638897576e-05,True,366,99.54180163079408,64.62528340705349,99.53372303796468,0.5628347992897034,-2.8212645702296868e-05,32.28595973887234,-2.821264569481155e-05,310.7468799495176,-0.0039442195653042866,30.297674050533193,0.0,-0.0,2975.387939453125,True,0.0,365,0.0005318641676865024,32.282986744944985,0.0004933837234501491,True,366
1.100000000000,132,full_throttle,0.0,1.0,0.0,1,-2.9176917450968176e-05,0.47550126910209656,0.4188190996646881,-0.0010301019065082073,0.5680955052375793,0.041877731680870056,5.946112651145086e-07,grass,0.0,1.0,0.0,7235.335945635574,2,0.08939540386199951,1.121228160627652e-05,0.13519237096948614,510.6154561042785,-0.0,5859.849044813009,5912.150955186991,-8.021876055863686e-06,0,True,-0.0,True,0,0,-8.52320317790145e-06,0.5680955052375793,0.08293824642896652,False,True,-0.8400093913078308,1.5758229494094849,7.450580596923828e-09,0.0,0.0,1.0,2931.33837890625,2931.33837890625,0.33962318301200867,0.06037682294845581,0.0,grass,True,0.8399905562400818,1.575792670249939,7.450580596923828e-09,0.0,0.0,1.0,2931.339111328125,2931.339111328125,0.33962318301200867,0.06037682294845581,0.0,grass,True,-0.8400489687919617,-0.6241778135299683,1.4901161193847656e-08,0.0,0.0,1.0,2951.065673828125,2951.065673828125,0.33801522850990295,0.06198477745056152,0.0,grass,True,0.8399509787559509,-0.6242080926895142,-3.725290298461914e-09,0.0,0.0,1.0,2951.06884765625,2951.06884765625,0.3380151689052582,0.0619848370552063,0.0,grass,372,1.7296557134773827,1.436450788838388,1.7226342676963902,0.567478597164154,-9.940862582880072e-06,0.003307788283382296,-9.940862582552618e-06,-15.136295057066615,0.49920910945245445,0.0,0.0,-0.0,2929.890625,True,0.0,371,0.00018901755544039944,-0.00025340882769264717,-1.0029272976560428e-05,True,372,1.7297172697294318,1.4364940827555794,1.7226958239484393,0.5674651265144348,-9.940862582880072e-06,0.003341572496277756,-9.940862582552618e-06,-15.16076178421833,-0.5925178593381619,0.0,0.0,-0.0,2929.8916015625,True,0.0,371,0.00019094920652379556,-0.0002538183759434043,1.1903871351215466e-05,True,372,97.36542329418333,69.54841434895472,97.35840184840234,0.567478597164154,-2.7556285203900188e-05,31.563111089916347,-2.7556285196925245e-05,310.636148171749,0.00021056914409677254,19.97345773468113,0.0,-0.0,2953.84228515625,True,0.0,371,0.0005618797343455617,31.55944405820016,-2.7384413680315217e-05,True,372,97.3602050390302,69.54403531980518,97.35318359324921,0.5674651265144348,-2.755628156592138e-05,31.561402536365534,-2.755628155894644e-05,310.63927776853717,-0.0040394133564708775,19.97345773468113,0.0,-0.0,2953.8427734375,True,0.0,371,0.000561938713528556,31.558424704760252,0.0004941624937652143,True,372
1.150000000000,138,full_throttle,0.0,1.0,0.0,1,-2.9585153242805973e-05,0.5040351748466492,0.41886788606643677,-0.0010525403777137399,0.572513997554779,0.025012273341417313,8.29341388453031e-07,grass,0.0,1.0,0.0,7132.100228523384,2,0.08793416619300842,1.0637467312335502e-05,0.13731215112522477,514.603042602539,-0.0,5861.5103441184065,5910.4896558815935,-7.722550435573794e-06,0,True,-0.0,True,0,0,-7.908826773928013e-06,0.572513997554779,0.08234673738479614,False,True,-0.840009331703186,1.6042333841323853,-2.60770320892334e-08,0.0,0.0,1.0,2937.171875,2937.171875,0.33934810757637024,0.06065189838409424,0.0,grass,True,0.8399906158447266,1.6042026281356812,0.0,0.0,0.0,1.0,2937.175537109375,2937.175537109375,0.33934804797172546,0.060651957988739014,0.0,grass,True,-0.8400497436523438,-0.5957667231559753,-1.1175870895385742e-08,0.0,0.0,1.0,2939.88818359375,2939.88818359375,0.33838769793510437,0.06161230802536011,0.0,grass,True,0.8399502038955688,-0.5957974791526794,-1.1175870895385742e-08,0.0,0.0,1.0,2939.888427734375,2939.888427734375,0.33838769793510437,0.06161230802536011,0.0,grass,378,1.743595908077881,1.5227466315279559,1.7384687351607533,0.5720648169517517,-9.95922619040357e-06,0.0033218327139490356,-9.959226190074297e-06,-15.175172141026392,0.5013381357032368,0.0,0.0,-0.0,2936.511962890625,True,0.0,377,0.0001920055612580435,-0.0002534868038254201,-1.004933459304913e-05,True,378,1.7436591058259852,1.5227927186780683,1.7385319329088575,0.5720518827438354,-9.959224371414166e-06,0.0033556221787396368,-9.959224371084894e-06,-15.19943996446404,-0.5947433809767422,0.0,0.0,-0.0,2936.5126953125,True,0.0,377,0.00019394466107675086,-0.00025389212678217365,1.1921641181027629e-05,True,378,94.9520069582581,74.35180525437839,94.94687978534097,0.5720648169517517,-2.6917314244201407e-05,30.76209747927342,-2.69173142377005e-05,311.7630666526604,0.00021090476403001887,13.167314864293116,0.0,-0.0,2941.1044921875,True,0.0,377,0.0006050661265782746,30.75841612137054,-2.6745926718739486e-05,True,378,94.94673932489903,74.34716393541645,94.9416121519819,0.5720518827438354,-2.6917314244201407e-05,30.760372094472846,-2.69173142377005e-05,311.76638189948744,-0.004182809296493737,13.167314864293116,0.0,-0.0,2941.10498046875,True,0.0,377,0.0006051330311644412,30.75738118758509,0.0004969678831399666,True,378
1.200000000000,144,full_throttle,0.0,1.0,0.0,1,-2.9964121495140716e-05,0.5327892303466797,0.41888105869293213,-0.0010740840807557106,0.5769208669662476,0.013823814690113068,9.450151878809265e-07,grass,0.0,1.0,0.0,6561.356117124469,3,0.0885448157787323,1.0056903192889877e-05,0.13943445813416389,518.5646653175353,-0.0,5862.734535032001,5909.265464967999,-7.3993469413835555e-06,0,True,-0.0,True,0,0,-7.343051038333215e-06,0.5769208669662476,0.08154220134019852,False,True,-0.840009331703186,1.6329060792922974,1.1175870895385742e-08,0.0,0.0,1.0,2939.02490234375,2939.02490234375,0.3391464650630951,0.060853540897369385,0.0,grass,True,0.8399906158447266,1.6328744888305664,-3.725290298461914e-09,0.0,0.0,1.0,2939.028076171875,2939.028076171875,0.3391464054584503,0.06085360050201416,0.0,grass,True,-0.8400505781173706,-0.5670940279960632,2.9802322387695312e-08,0.0,0.0,1.0,2937.42626953125,2937.42626953125,0.33861568570137024,0.06138432025909424,0.0,grass,True,0.839949369430542,-0.5671254992485046,1.1175870895385742e-08,0.0,0.0,1.0,2937.42919921875,2937.42919921875,0.33861562609672546,0.061384379863739014,0.0,grass,384,1.7575862363246424,1.609839270926063,1.7545666314927084,0.5766586661338806,-1.0009543984779157e-05,0.0033447918532514276,-1.0009543984444868e-05,-15.27906190729758,0.5048066260335095,0.0,0.0,-0.0,2938.937744140625,True,0.0,383,0.000200526664678094,-0.00025501154597162845,-1.0110512182196454e-05,True,384,1.7576519539322792,1.6098882596031852,1.7546323491003453,0.5766462683677673,-1.000954580376856e-05,0.0033788764298848806,-1.0009545803434272e-05,-15.303556590582277,-0.5992484539952764,0.0,0.0,-0.0,2938.937744140625,True,0.0,383,0.0002025534822962565,-0.00025542038375092613,1.200203812720658e-05,True,384,92.37234964686809,79.02991780241535,92.36933004203615,0.5766586661338806,-2.6257905119564384e-05,29.90621671733259,-2.6257905113529637e-05,314.1283278107527,0.00021212188299759657,8.680428949184263,0.0,-0.0,2937.318359375,True,0.0,383,0.0006631782398444085,29.902510090913104,-2.609295655476778e-05,True,384,92.36702942985605,79.0250116577669,92.36400982502411,0.5766462683677673,-2.6257905119564384e-05,29.90447344348473,-2.6257905113529637e-05,314.13180640470347,-0.004376606850038462,8.680428949184263,0.0,-0.0,2937.318359375,True,0.0,383,0.0006632615288523588,29.901461618803566,0.0005017852704094087,True,384
1.250000000000,150,full_throttle,0.0,1.0,0.0,1,-3.031578307854943e-05,0.5617656111717224,0.4188553988933563,-0.0010946709662675858,0.5814031362533569,0.008670887909829617,8.694055964042491e-07,grass,0.0,1.0,0.0,5817.798748838366,3,0.09056384116411209,9.104298442252912e-06,0.1416040879055072,522.5835800170897,-0.0,5863.526390701944,5908.473609298056,-7.06236096448265e-06,0,True,-0.0,True,0,0,-6.804528766224394e-06,0.5814031362533569,0.0808495506644249,False,True,-0.8400092720985413,1.6618452072143555,-3.725290298461914e-09,0.0,0.0,1.0,2936.242431640625,2936.242431640625,0.33902183175086975,0.06097817420959473,0.0,grass,True,0.8399906754493713,1.6618129014968872,-3.725290298461914e-09,0.0,0.0,1.0,2936.242431640625,2936.242431640625,0.33902183175086975,0.06097817420959473,0.0,grass,True,-0.8400513529777527,-0.5381549000740051,7.450580596923828e-09,0.0,0.0,1.0,2942.488525390625,2942.488525390625,0.3386889398097992,0.06131106615066528,0.0,grass,True,0.8399486541748047,-0.5381871461868286,-7.450580596923828e-09,0.0,0.0,1.0,2942.491455078125,2942.491455078125,0.3386888802051544,0.06131112575531006,0.0,grass,390,1.771827572554383,1.6977396013940755,1.7708985000551078,0.5813264846801758,-1.0138057405129075e-05,0.003376614262770694,-1.0138057404781744e-05,-15.466904181490749,0.5098918038954582,0.0,0.0,-0.0,2937.168701171875,True,0.0,389,0.00021686036822992006,-0.0002583022441109417,-1.0218520106730429e-05,True,390,1.7718963194151391,1.6977916176693808,1.770967246915864,0.5813146829605103,-1.0138057405129075e-05,0.003411102446485681,-1.0138057404781744e-05,-15.49226072490643,-0.6072456168484827,0.0,0.0,-0.0,2937.171630859375,True,0.0,389,0.000219095448316813,-0.00025872546328709056,1.2169532434358336e-05,True,390,89.84771652318528,83.57870843431311,89.84678745068601,0.5813264846801758,-2.5646397261880338e-05,29.068419967970968,-2.564639725625747e-05,317.39081280556724,0.0002137396884321427,19.308979839215127,0.0,-0.0,2941.10888671875,True,0.0,389,0.0007330383501342347,29.064676886555343,-2.5450289802433003e-05,True,390,89.84234059734976,83.57353472241212,89.84141152485049,0.5813146829605103,-2.5646399080869742e-05,29.06665771416491,-2.5646399075246873e-05,317.3945170323702,-0.00460525822069787,19.308979839215127,0.0,-0.0,2941.10888671875,True,0.0,389,0.0007331434348674968,29.063618732233575,0.0005080084553657492,True,390
1.300000000000,156,full_throttle,0.0,1.0,0.0,1,-3.0640687327831984e-05,0.5909699201583862,0.4188036322593689,-0.0011142855510115623,0.586030900478363,0.009656372480094433,8.540123417333234e-07,grass,0.0,1.0,0.0,5319.232239370301,3,0.0940992683172226,9.314711860497482e-06,0.1438557744768432,526.7220675945281,-0.0,5863.91832127669,5908.08167872331,-6.716927600791678e-06,0,True,-0.0,True,0,0,-6.2765202528680675e-06,0.586030900478363,0.08065514266490936,False,True,-0.8400092124938965,1.6910569667816162,1.862645149230957e-08,0.0,0.0,1.0,2928.207275390625,2928.207275390625,0.3389890491962433,0.06101095676422119,0.0,grass,True,0.8399907350540161,1.6910241842269897,7.450580596923828e-09,0.0,0.0,1.0,2928.2099609375,2928.2099609375,0.3389889895915985,0.06101101636886597,0.0,grass,True,-0.8400520086288452,-0.5089432001113892,2.60770320892334e-08,0.0,0.0,1.0,2958.615966796875,2958.615966796875,0.3386182487010956,0.061381757259368896,0.0,grass,True,0.8399479389190674,-0.5089758634567261,7.450580596923828e-09,0.0,0.0,1.0,2958.619140625,2958.619140625,0.3386181890964508,0.06138181686401367,0.0,grass,396,1.7864581526144803,1.7864634375420483,1.7872819754182756,0.5861096978187561,-1.0278428817400709e-05,0.003421492544022464,-1.027842881703875e-05,-15.705051334364427,0.5163406869578876,0.0,0.0,-0.0,2929.5419921875,True,0.0,395,0.0002392538574363367,-0.00026296232877465187,-1.0374711441354751e-05,True,396,1.7865301172740398,1.7865186298154498,1.787353940077835,0.5860984325408936,-1.027842972689541e-05,0.0034565061595396296,-1.0278429726533451e-05,-15.730999814473616,-0.6155558032183741,0.0,0.0,-0.0,2929.54150390625,True,0.0,395,0.00024173044509775496,-0.0002633968633228845,1.2368218179032052e-05,True,396,87.67461814858379,88.01096806416027,87.67544197138758,0.5861096978187561,-2.502823917893693e-05,28.346514291213897,-2.5028239173710925e-05,321.603032689523,0.00021528940443430226,32.452321192048906,0.0,-0.0,2956.052978515625,True,0.0,395,0.0008105348909364342,28.342720087479474,-2.4840518474135094e-05,True,396,87.66918187497636,88.00552387044574,87.67000569778016,0.5860984325408936,-2.502823917893693e-05,28.344731586201306,-2.5028239173710925e-05,321.60696407158946,-0.004856914631731134,32.452321192048906,0.0,-0.0,2956.052978515625,True,0.0,395,0.0008106275947488853,28.341653223286905,0.00051569738561011,True,396
1.350000000000,162,full_throttle,0.0,1.0,0.0,1,-3.093932900810614e-05,0.620410680770874,0.4187554717063904,-0.0011329080443829298,0.5908231139183044,0.01510600559413433,8.890310709830374e-07,grass,0.0,1.0,0.0,4975.720030468406,3,0.09694142639636993,9.24496998777613e-06,0.14620957889651123,531.0137629508971,-0.0,5863.979230359726,5908.020769640274,-6.371739800670184e-06,0,True,-0.0,True,0,0,-5.746766419179039e-06,0.5908231139183044,0.08104823529720306,False,True,-0.8400091528892517,1.7205376625061035,-1.862645149230957e-08,0.0,0.0,1.0,2920.783935546875,2920.783935546875,0.3390454947948456,0.060954511165618896,0.0,grass,True,0.8399907946586609,1.7205045223236084,-1.862645149230957e-08,0.0,0.0,1.0,2920.7841796875,2920.7841796875,0.3390454947948456,0.060954511165618896,0.0,grass,True,-0.8400526642799377,-0.47946232557296753,-2.2351741790771484e-08,0.0,0.0,1.0,2971.63427734375,2971.63427734375,0.33846548199653625,0.06153452396392822,0.0,grass,True,0.8399472832679749,-0.47949549555778503,-2.2351741790771484e-08,0.0,0.0,1.0,2971.635009765625,2971.635009765625,0.33846548199653625,0.06153452396392822,0.0,grass,402,1.8013977205497926,1.8759995327208612,1.8032941764337724,0.5909968018531799,-1.0446645319461823e-05,0.0034644459282516804,-1.04466453190818e-05,-15.916586272156488,0.5221412425498895,0.0,0.0,-0.0,2922.2431640625,True,0.0,401,0.0002607019406052137,-0.0002671699917858872,-1.0517476273276854e-05,True,402,1.8014730797248972,1.8760580607204291,1.803369535608877,0.5909860730171204,-1.0446645319461823e-05,0.0035000432920957447,-1.04466453190818e-05,-15.943165635800996,-0.6227330234712959,0.0,0.0,-0.0,2922.2431640625,True,0.0,401,0.000263421300891908,-0.00026761615698123187,1.2543692254474687e-05,True,402,85.77528655126974,92.34239659536408,85.77718300715372,0.5909968018531799,-2.4438431864837185e-05,27.714847760065837,-2.4438431859972007e-05,325.481334100318,0.00021575353747201677,42.39577005811175,0.0,-0.0,2969.75634765625,True,0.0,401,0.0008871438584638342,27.711004826314195,-2.4219157314488682e-05,True,402,85.76978655334129,92.33667881423376,85.77168300922527,0.5909860730171204,-2.4438431864837185e-05,27.713043489585505,-2.4438431859972007e-05,325.4855201822438,-0.005095646033695858,42.39577005811175,0.0,-0.0,2969.756591796875,True,0.0,401,0.000887254811088514,27.70992682665036,0.0005227584525401413,True,402
1.400000000000,168,full_throttle,0.0,1.0,0.0,1,-3.12109368678648e-05,0.6500945091247559,0.4187319576740265,-0.0011505585862323642,0.5957265496253967,0.023056205362081528,1.0507966408113134e-06,grass,0.0,1.0,0.0,4731.063049448129,3,0.09874500334262848,9.011314432427753e-06,0.14864237690497817,535.4133367538451,-0.0,5863.869057055654,5908.130942944346,-6.027999916113913e-06,0,True,-0.0,True,0,0,-5.212014002609067e-06,0.5957265496253967,0.08158805966377258,False,True,-0.8400090932846069,1.7502799034118652,-3.725290298461914e-08,0.0,0.0,1.0,2911.27978515625,2911.27978515625,0.33917471766471863,0.06082528829574585,0.0,grass,True,0.8399908542633057,1.750246286392212,3.3527612686157227e-08,0.0,0.0,1.0,2911.28857421875,2911.28857421875,0.3391745388507843,0.060825467109680176,0.0,grass,True,-0.8400533199310303,-0.44972026348114014,-1.862645149230957e-08,0.0,0.0,1.0,2980.627685546875,2980.627685546875,0.338289350271225,0.0617106556892395,0.0,grass,True,0.8399466276168823,-0.44975388050079346,-1.862645149230957e-08,0.0,0.0,1.0,2980.6279296875,2980.6279296875,0.338289350271225,0.0617106556892395,0.0,grass,408,1.81649555617245,1.9663261075662404,1.8188084976491528,0.5959368348121643,-1.0523258424655069e-05,0.003506698724744295,-1.0523258424266624e-05,-16.08993900169622,0.5266574518417556,0.0,0.0,-0.0,2912.89208984375,True,0.0,407,0.0002795423820502767,-0.00027094697242424637,-1.0642512885038104e-05,True,408,1.8165737903684938,1.9663881152422977,1.8188867318451964,0.5959267020225525,-1.0523257515160367e-05,0.0035426487990505295,-1.0523257514771923e-05,-16.116714572829846,-0.627677203541536,0.0,0.0,-0.0,2912.89208984375,True,0.0,407,0.0002824405506734434,-0.00027139787350827227,1.2683883736524684e-05,True,408,84.07794201828855,96.58462304242555,84.08025495976526,0.5959368348121643,-2.3760301701258868e-05,27.14978403122306,-2.376030169678756e-05,328.76577671003685,0.00021512198746325787,49.84892185586147,0.0,-0.0,2979.3857421875,True,0.0,407,0.0009606624418491315,27.145893890444036,-2.358647279535628e-05,True,408,84.07237436937868,96.578628387377,84.07468731085538,0.5959267020225525,-2.3760301701258868e-05,27.147956839872414,-2.376030169678756e-05,328.7701673567461,-0.0053140865642748464,49.84892185586147,0.0,-0.0,2979.3857421875,True,0.0,407,0.0009607886621443289,27.144801611973207,0.0005287849733835872,True,408
1.450000000000,174,full_throttle,0.0,1.0,0.0,1,-3.145660230075009e-05,0.6800255179405212,0.4187321662902832,-0.0011672069085761905,0.6006940007209778,0.03163919225335121,1.0274934538756497e-06,grass,0.0,1.0,0.0,4549.8983448116915,3,0.09968049824237823,9.370561201649252e-06,0.15113113643996803,539.877015352249,-0.0,5863.699123646007,5908.300876353993,-5.685609721695073e-06,0,True,-0.0,True,0,0,-4.681175596488174e-06,0.6006940007209778,0.08193215727806091,False,True,-0.8400090336799622,1.7802739143371582,-1.1175870895385742e-08,0.0,0.0,1.0,2902.366455078125,2902.366455078125,0.33933964371681213,0.060660362243652344,0.0,grass,True,0.8399909138679504,1.7802395820617676,-1.1175870895385742e-08,0.0,0.0,1.0,2902.366455078125,2902.366455078125,0.33933964371681213,0.060660362243652344,0.0,grass,True,-0.8400538563728333,-0.4197261929512024,-3.3527612686157227e-08,0.0,0.0,1.0,2986.3271484375,2986.3271484375,0.3381247818470001,0.061875224113464355,0.0,grass,True,0.8399460911750793,-0.4197605550289154,-3.3527612686157227e-08,0.0,0.0,1.0,2986.327392578125,2986.327392578125,0.3381247818470001,0.061875224113464355,0.0,grass,414,1.8316249244107403,2.057415537816684,1.8337762749014892,0.6008896827697754,-1.0688088877941482e-05,0.0035465422857688944,-1.0688088877534496e-05,-16.2338198916811,0.5306389377491744,0.0,0.0,-0.0,2903.72509765625,True,0.0,413,0.0002960663136318552,-0.00027423299580087157,-1.075683147242598e-05,True,414,1.8317058617274375,2.0574811681472105,1.8338572122181864,0.6008801460266113,-1.0688088877941482e-05,0.003582788343443055,-1.0688088877534496e-05,-16.260569896440845,-0.630923244543746,0.0,0.0,-0.0,2903.725341796875,True,0.0,413,0.000299099377489308,-0.0002746848648955691,1.278973902192672e-05,True,414,82.52839224664447,100.74618418767773,82.53054359713522,0.6008896827697754,-2.317318467248697e-05,26.6334797586229,-2.3173184668338994e-05,331.56530938105595,0.00023812109978341742,55.41655022602468,0.0,-0.0,2985.56494140625,True,0.0,413,6.252776443011742e-13,26.629545440737893,-2.294952988107419e-05,True,414,82.52275515208524,100.73990921848313,82.52490650257599,0.6008801460266113,-2.317318467248697e-05,26.631629054161518,-2.3173184668338994e-05,331.569934217687,-0.005540842320520729,55.41655022602468,0.0,-0.0,2985.56494140625,True,0.0,413,3.410605777555158e-13,26.628436920105027,0.0005339831183701102,True,414
1.500000000000,180,full_throttle,0.0,1.0,0.0,1,-3.167679824400693e-05,0.7102051973342896,0.4187456965446472,-0.0011828419519588351,0.6056563258171082,0.04249216988682747,1.0992821444233414e-06,grass,0.0,1.0,0.0,4418.529192464096,3,0.09861905872821808,7.006166924838908e-06,0.1536464331497882,544.3511009216307,-0.0,5863.565874672416,5908.434125327584,-5.302757926983759e-06,0,True,-0.0,True,0,0,-4.224357780913124e-06,0.6056563258171082,0.08221219480037689,False,True,-0.8400089144706726,1.8105332851409912,-3.725290298461914e-09,0.0,0.0,1.0,2884.425537109375,2884.425537109375,0.3395616114139557,0.06043839454650879,0.0,grass,True,0.8399909734725952,1.8104987144470215,-3.725290298461914e-09,0.0,0.0,1.0,2884.425537109375,2884.425537109375,0.3395616114139557,0.06043839454650879,0.0,grass,True,-0.8400543332099915,-0.38946717977523804,-1.4901161193847656e-08,0.0,0.0,1.0,3007.0576171875,3007.0576171875,0.3379300534725189,0.06206995248794556,0.0,grass,True,0.8399456143379211,-0.38950178027153015,-1.4901161193847656e-08,0.0,0.0,1.0,3007.057861328125,3007.057861328125,0.3379300534725189,0.06206995248794556,0.0,grass,420,1.8473186194873232,2.14929370557401,1.8512847414216775,0.606012761592865,-1.091018748411443e-05,0.0036023828379516676,-1.0910187483681543e-05,-16.625732047815482,0.5387118047425272,0.0,0.0,-0.0,2889.05810546875,True,0.0,419,0.00034466017544135464,-0.0002822794697850961,-1.0975944275520724e-05,True,420,1.8474040092693105,2.149363123711766,1.8513701312036648,0.6060038805007935,-1.0910186574619729e-05,0.00363944255807902,-1.0910186574186841e-05,-16.653958978895954,-0.6468994183427995,0.0,0.0,-0.0,2889.06103515625,True,0.0,419,0.00034827317384234397,-0.0002827584441776887,1.3180189151752496e-05,True,420,82.71542063069764,104.86233347146535,82.71938675263199,0.606012761592865,-2.2554579118150286e-05,26.690076046537357,-2.2554579114325712e-05,333.0815836714678,0.00023197474127193576,171.5282240818826,0.0,-0.0,3001.348876953125,True,0.0,419,1.136870510819144e-13,26.68607510727568,-2.2302627359881205e-05,True,420,82.70970948580701,104.85577458224871,82.71367560774137,0.6060038805007935,-2.2554579118150286e-05,26.688200249815523,-2.2554579114325712e-05,333.08621199125486,-0.005585915183543108,171.5282240818826,0.0,-0.0,3001.348876953125,True,0.0,419,1.1368704950943407e-13,26.684967303300525,0.0005370139417489019,True,420
1.550000000000,186,full_throttle,0.0,1.0,0.0,1,-3.187476977473125e-05,0.7406299710273743,0.41878223419189453,-0.0011973808286711574,0.6105024218559265,0.06497404724359512,1.1542257425389835e-06,grass,0.0,1.0,0.0,4373.874889076356,3,0.09536199271678925,7.17150987838977e-06,0.15613235966799416,548.7371027469634,-0.0,5863.6010749815005,5908.3989250184995,-4.92893741466105e-06,0,True,-0.0,True,0,0,-3.773359594561043e-06,0.6105024218559265,0.08291862905025482,False,True,-0.8400088548660278,1.841123104095459,-7.450580596923828e-09,0.0,0.0,1.0,2845.879638671875,2845.879638671875,0.34002992510795593,0.059970080852508545,0.0,grass,True,0.8399910926818848,1.8410879373550415,2.2351741790771484e-08,0.0,0.0,1.0,2845.88232421875,2845.88232421875,0.34002986550331116,0.05997014045715332,0.0,grass,True,-0.8400548696517944,-0.3588782846927643,-7.450580596923828e-09,0.0,0.0,1.0,3049.890625,3049.890625,0.3375351130962372,0.062464892864227295,0.0,grass,True,0.8399450778961182,-0.3589133620262146,-2.2351741790771484e-08,0.0,0.0,1.0,3049.890625,3049.890625,0.3375351130962372,0.062464892864227295,0.0,grass,426,1.86333962354124,2.2421451661066,1.8712384757703584,0.6112078428268433,-1.110566154238768e-05,0.0036942329417659625,-1.1105661541931105e-05,-16.861277622818765,0.5423426587705484,0.0,0.0,-0.0,2853.322265625,True,0.0,425,0.00037833369741896124,-0.00028986451617496467,-1.1188340277967367e-05,True,426,1.8634286231535453,2.24221856936934,1.8713274753826636,0.6111995577812195,-1.1105662451882381e-05,0.0037318878594504445,-1.1105662451425807e-05,-16.889029530380277,-0.6473234237104939,0.0,0.0,-0.0,2853.3251953125,True,0.0,425,0.00038216851070757807,-0.00029034131504890315,1.335404056569016e-05,True,426,86.05304305180421,109.07853971286175,86.06094190403333,0.6112078428268433,-2.192924148403108e-05,27.786296364268548,-2.1929241480515884e-05,333.1413464235419,0.00019417787250515015,266.63805026934585,0.0,-0.0,3042.20947265625,True,0.0,425,0.0009452658154270978,27.782194362707212,-2.17020705483767e-05,True,426,86.0472602122114,109.07169324661002,86.05515906444052,0.6111995577812195,-2.192924148403108e-05,27.784396312248543,-2.1929241480515884e-05,333.1457276451929,-0.0053473829781882296,266.63805026934585,0.0,-0.0,3042.20947265625,True,0.0,425,0.000945416034462444,27.781080662501576,0.0005373794585260757,True,426
1.600000000000,192,full_throttle,0.0,1.0,0.0,1,-3.2049898436525837e-05,0.77129065990448,0.418856680393219,-0.0012108873343095183,0.615104615688324,0.09956485033035278,1.1328911568853073e-06,grass,0.0,1.0,0.0,4434.880338740437,3,0.08932517468929291,7.756647391943261e-06,0.15852425037685897,552.9243528842925,-0.0,5863.918007868155,5908.081992131845,-4.581906978273764e-06,0,True,-0.0,True,0,0,-3.3059473025787156e-06,0.615104615688324,0.08362092822790146,False,True,-0.8400087952613831,1.8720380067825317,0.0,0.0,0.0,1.0,2797.541748046875,2797.541748046875,0.34076884388923645,0.05923116207122803,0.0,grass,True,0.8399911522865295,1.872002363204956,2.60770320892334e-08,0.0,0.0,1.0,2797.54736328125,2797.54736328125,0.3407687246799469,0.05923128128051758,0.0,grass,True,-0.8400552868843079,-0.3279653489589691,-7.450580596923828e-09,0.0,0.0,1.0,3094.838134765625,3094.838134765625,0.3369458019733429,0.06305420398712158,0.0,grass,True,0.8399446606636047,-0.32800087332725525,-7.450580596923828e-09,0.0,0.0,1.0,3094.837646484375,3094.837646484375,0.3369458019733429,0.06305420398712158,0.0,grass,432,1.878316821803865,2.3359647843562,1.8888915882385942,0.6160480976104736,-1.1237048056500498e-05,0.003796453584801851,-1.1237048056027527e-05,-16.900073145192458,0.5403712288964237,0.0,0.0,-0.0,2805.738037109375,True,0.0,431,0.0003865354596309828,-0.0002954593205326539,-1.1336756047502342e-05,True,432,1.8784079170306667,2.336042346996862,1.8889826834653958,0.6160404086112976,-1.12370489659952e-05,0.003834204008822395,-1.1237048965522229e-05,-16.925029708416137,-0.6344456477001883,0.0,0.0,-0.0,2805.74072265625,True,0.0,431,0.0003900561034153304,-0.00029589535642671194,1.3310381693843093e-05,True,432,91.48503722424044,113.52200974037997,91.49561199067517,0.6160480976104736,-2.129871427314356e-05,29.574014186388872,-2.1298714269922944e-05,331.38584387226024,0.00017770660158820852,329.2122811193132,0.0,-0.0,3087.726318359375,True,0.0,431,0.0007999096735524884,29.56980413852881,-2.11211559463149e-05,True,432,91.47918672883682,113.5148722206134,91.48976149527155,0.6160404086112976,-2.129871427314356e-05,29.572091211904855,-2.1298714269922944e-05,331.3898611763989,-0.004972135051425359,329.2122811193132,0.0,-0.0,3087.726318359375,True,0.0,431,0.0008000070226603362,29.568675802031745,0.0005344723929336944,True,432
1.650000000000,198,full_throttle,0.0,1.0,0.0,1,-3.220134385628626e-05,0.8021709322929382,0.41895583271980286,-0.0012234592577442527,0.6193301677703857,0.14015698432922363,1.0409996775706531e-06,grass,0.0,1.0,0.0,4595.148473469791,3,0.08077774941921234,8.264993084594607e-06,0.16074928847444175,556.7912399768828,-0.0,5864.611845002633,5907.388154997367,-4.274552338756621e-06,0,True,-0.0,True,0,0,-2.8184290385979693e-06,0.6193301677703857,0.08374045044183731,False,True,-0.8400087356567383,1.90321683883667,-2.60770320892334e-08,0.0,0.0,1.0,2751.7177734375,2751.7177734375,0.3416478931903839,0.058352112770080566,0.0,grass,True,0.8399912714958191,1.9031811952590942,-2.60770320892334e-08,0.0,0.0,1.0,2751.7177734375,2751.7177734375,0.3416478931903839,0.058352112770080566,0.0,grass,True,-0.8400556445121765,-0.29678961634635925,3.725290298461914e-08,0.0,0.0,1.0,3131.796630859375,3131.796630859375,0.33626624941825867,0.06373375654220581,0.0,grass,True,0.8399443030357361,-0.2968253493309021,1.862645149230957e-08,0.0,0.0,1.0,3131.799560546875,3131.799560546875,0.3362661898136139,0.06373381614685059,0.0,grass,438,1.891459138060356,2.43057725724661,1.902229945103074,0.6202918887138367,-1.1327918400638737e-05,0.0038896268460808514,-1.1327918400154197e-05,-16.789530987076205,0.5349322640366871,0.0,0.0,-0.0,2758.7216796875,True,0.0,437,0.00037352999993442725,-0.000298529837710948,-1.1413933471385061e-05,True,438,1.891551095473962,2.4306591164999314,1.90232190251668,0.6202847361564636,-1.1327916581649333e-05,0.003927125349943883,-1.1327916581164795e-05,-16.811040192413408,-0.6147209496951355,0.0,0.0,-0.0,2758.7216796875,True,0.0,437,0.0003764940697263475,-0.00029891229778333805,1.3116395138161723e-05,True,438,98.29883188934507,118.277009335462,98.30960269638778,0.6202918887138367,-2.0714640413643792e-05,31.818322634770034,-2.0714640410680932e-05,327.9771297154167,0.00016047847857136107,369.1495734963904,0.0,-0.0,3126.418212890625,True,0.0,437,0.0006481846869077827,31.81401717064488,-2.056642249194199e-05,True,438,98.29292144653606,118.26957759906425,98.30369225357877,0.6202847361564636,-2.0714640413643792e-05,31.816379341200438,-2.0714640410680932e-05,327.9810534213187,-0.00452568599601654,369.1495734963904,0.0,-0.0,3126.421142578125,True,0.0,437,0.0006482580419227506,31.812868753199076,0.0005286596092982077,True,438
1.700000000000,204,full_throttle,0.0,1.0,0.0,1,-3.2328087399946526e-05,0.8332487940788269,0.4190446138381958,-0.0012352043995633721,0.623076856136322,0.1790584772825241,9.154595090876683e-07,grass,0.0,1.0,0.0,4838.291269151435,3,0.0705004408955574,8.361059371964075e-06,0.16274679801959024,560.2399706840514,-0.0,5865.715551807844,5906.284448192156,-3.989502147305757e-06,0,True,-0.0,True,0,0,-2.3364671051240293e-06,0.623076856136322,0.08308444172143936,False,True,-0.8400084972381592,1.934581995010376,0.0,0.0,0.0,1.0,2718.02783203125,2718.02783203125,0.34248432517051697,0.05751568078994751,0.0,grass,True,0.8399914503097534,1.9345457553863525,0.0,0.0,0.0,1.0,2718.02734375,2718.02734375,0.34248432517051697,0.05751568078994751,0.0,grass,True,-0.8400559425354004,-0.26542890071868896,-7.450580596923828e-09,0.0,0.0,1.0,3156.611328125,3156.611328125,0.33560898900032043,0.06439101696014404,0.0,grass,True,0.8399440050125122,-0.2654651403427124,-7.450580596923828e-09,0.0,0.0,1.0,3156.6103515625,3156.6103515625,0.33560898900032043,0.06439101696014404,0.0,grass,444,1.9024442257294112,2.525751985456496,1.9110275870123559,0.6238445043563843,-1.1354885828041006e-05,0.003962090134321472,-1.1354885827552998e-05,-16.576347105752202,0.5281132030148508,0.0,0.0,-0.0,2722.528076171875,True,0.0,443,0.00034641012183486545,-0.0002986579937960254,-1.1418245965926142e-05,True,444,1.902536384586742,2.5258382392938716,1.9111197458696867,0.6238378286361694,-1.1354884918546304e-05,0.00399917827745544,-1.1354884918058296e-05,-16.593662876805222,-0.5934578760432245,0.0,0.0,-0.0,2722.5302734375,True,0.0,443,0.00034866188052821593,-0.0002989697438156025,1.2831040184554312e-05,True,444,105.95797862947555,123.39750679820965,105.96656199075849,0.6238445043563843,-2.0115458028158173e-05,34.34228844337055,-2.0115458025445055e-05,323.33867641904743,0.000143666470446337,391.0571307675816,0.0,-0.0,3153.380126953125,True,0.0,443,0.0005139320129615496,34.33791186422606,-1.998968444838992e-05,True,444,105.95201349270666,123.38977797996459,105.9605968539896,0.6238378286361694,-2.0115458028158173e-05,34.340326623957026,-2.0115458025445055e-05,323.34180859652474,-0.004073933219558545,391.0571307675816,0.0,-0.0,3153.379150390625,True,0.0,443,0.000513987304154413,34.336738963396165,0.00052083428292849,True,444
1.750000000000,210,full_throttle,0.0,1.0,0.0,1,-3.243049286538735e-05,0.8644983768463135,0.41908755898475647,-0.0012461957521736622,0.6262813210487366,0.2099282443523407,6.060376449568139e-07,grass,0.0,1.0,0.0,5144.642323177442,3,0.05927526578307152,9.444488568988163e-06,0.16447569485142252,563.2078886032103,-0.0,5867.202018458719,5904.797981541281,-3.746134098037146e-06,0,True,-0.0,True,0,0,-1.8385875364401727e-06,0.6262813210487366,0.08187497407197952,False,True,-0.8400084376335144,1.9660595655441284,7.450580596923828e-09,0.0,0.0,1.0,2701.25634765625,2701.25634765625,0.3431207239627838,0.056879281997680664,0.0,grass,True,0.8399915099143982,1.9660230875015259,7.450580596923828e-09,0.0,0.0,1.0,2701.256103515625,2701.256103515625,0.3431207239627838,0.056879281997680664,0.0,grass,True,-0.8400562405586243,-0.2339552789926529,-2.2351741790771484e-08,0.0,0.0,1.0,3168.74169921875,3168.74169921875,0.3350600302219391,0.06493997573852539,0.0,grass,True,0.8399436473846436,-0.23399177193641663,0.0,0.0,0.0,1.0,3168.74365234375,3168.74365234375,0.3350599706172943,0.06494003534317017,0.0,grass,450,1.9112825555040185,2.62127431722474,1.9161087920202557,0.6267144083976746,-1.1291746886854526e-05,0.00400883491865156,-1.1291746886374614e-05,-16.300899525551603,0.5220517657911278,0.0,0.0,-0.0,2702.834228515625,True,0.0,449,0.0003123349422164063,-0.00029583535276045403,-1.1369430194599008e-05,True,450,1.9113743405694874,2.6213650287723858,1.9162005770857247,0.6267081499099731,-1.1291745977359824e-05,0.004045382477957715,-1.1291745976879912e-05,-16.314634713773753,-0.5731422117113208,0.0,0.0,-0.0,2702.83349609375,True,0.0,449,0.000313981404492297,-0.0002960847149362511,1.2482098588327833e-05,True,450,114.04431140830032,128.91384578320978,114.04913764481655,0.6267144083976746,-1.95180946320761e-05,37.00790835634143,-1.9518094629597586e-05,317.9108559083366,0.00012856364798717517,399.41398758280104,0.0,-0.0,3167.54931640625,True,0.0,449,0.0004049394060637049,37.003489852419634,-1.9450051521447223e-05,True,450,114.03830000888485,128.9058173966855,114.04312624540108,0.6267081499099731,-1.95180946320761e-05,37.00593085302203,-1.9518094629597586e-05,317.91361928842315,-0.0036535565493307307,399.41398758280104,0.0,-0.0,3167.548095703125,True,0.0,449,0.0004049716027790306,37.0022909572747,0.0005117853625151304,True,450
1.800000000000,216,full_throttle,0.0,1.0,0.0,1,-3.250694862799719e-05,0.8958916068077087,0.41906580328941345,-0.0012565719662234187,0.6289153695106506,0.22924217581748962,4.56861386055607e-07,grass,0.0,1.0,0.0,5494.8904112550445,3,0.04780736193060875,8.808226084511261e-06,0.1659136647938923,565.6645238399504,-0.0,5869.005520123673,5902.994479876327,-3.5458833735901862e-06,0,True,-0.0,True,0,0,-1.3147918025424588e-06,0.6289153695106506,0.0805533304810524,False,True,-0.8400082588195801,1.9975955486297607,3.725290298461914e-09,0.0,0.0,1.0,2701.1474609375,2701.1474609375,0.3434702455997467,0.05652976036071777,0.0,grass,True,0.8399916887283325,1.99755859375,3.725290298461914e-09,0.0,0.0,1.0,2701.147216796875,2701.147216796875,0.3434702455997467,0.05652976036071777,0.0,grass,True,-0.8400565385818481,-0.20242205262184143,-1.862645149230957e-08,0.0,0.0,1.0,3169.84228515625,3169.84228515625,0.3346680700778961,0.06533193588256836,0.0,grass,True,0.8399434089660645,-0.20245900750160217,7.450580596923828e-09,0.0,0.0,1.0,3169.84765625,3169.84765625,0.33466795086860657,0.06533205509185791,0.0,grass,456,1.9181766488020247,2.716984011570465,1.9187287433435147,0.6289675235748291,-1.1158746929140761e-05,0.004030770529839023,-1.1158746928677607e-05,-15.993980148627026,0.5163985841898293,0.0,0.0,-0.0,2700.1396484375,True,0.0,455,0.0002767775530391413,-0.0002905548178059325,-1.1257519844488295e-05,True,456,1.918267511744808,2.7170792055081674,1.918819606286298,0.6289615631103516,-1.1158746929140761e-05,0.004066715765435158,-1.1158746928677607e-05,-16.004586791219676,-0.5564716162181526,0.0,0.0,-0.0,2700.142578125,True,0.0,455,0.0002779304839372528,-0.00029074719669996973,1.2131100504628758e-05,True,456,122.24575369593073,134.8385023646628,122.24630579047222,0.6289675235748291,-1.8945722331409343e-05,39.71213119608231,-1.8945722329142547e-05,312.0919041849165,0.00011530291155600971,397.7399485284695,0.0,-0.0,3170.32275390625,True,0.0,455,0.0003203730749796459,39.707698180905645,-1.8932430645692918e-05,True,456,122.23970154659003,134.83017224534706,122.24025364113152,0.6289615631103516,-1.8945722331409343e-05,39.71013994726436,-1.8945722329142547e-05,312.0944189779241,-0.003281049198871289,397.7399485284695,0.0,-0.0,3170.322021484375,True,0.0,455,0.000320408992846302,39.70647230853827,0.0005022518489938769,True,456
1.850000000000,222,full_throttle,0.0,1.0,0.0,1,-3.255837145843543e-05,0.9273999333381653,0.4189831018447876,-0.001266379957087338,0.6309821009635925,0.23647062480449677,2.600801849439449e-07,grass,0.0,1.0,0.0,5871.830923823236,3,0.03665918484330177,9.752519872563425e-06,0.1670560423423027,567.6085889339446,-0.0,5871.037086229209,5900.962913770791,-3.3590931707294658e-06,0,True,-0.0,True,0,0,-8.119877179524337e-07,0.6309821009635925,0.0795908123254776,False,True,-0.8400081396102905,2.0291571617126465,0.0,0.0,0.0,1.0,2716.505859375,2716.505859375,0.34352657198905945,0.05647343397140503,0.0,grass,True,0.8399918079376221,2.0291199684143066,0.0,0.0,0.0,1.0,2716.505615234375,2716.505615234375,0.34352657198905945,0.05647343397140503,0.0,grass,True,-0.8400567770004272,-0.17086154222488403,-7.450580596923828e-09,0.0,0.0,1.0,3162.599365234375,3162.599365234375,0.3344467580318451,0.06555324792861938,0.0,grass,True,0.8399431705474854,-0.17089873552322388,-2.2351741790771484e-08,0.0,0.0,1.0,3162.60205078125,3162.60205078125,0.3344466984272003,0.06555330753326416,0.0,grass,462,1.9234029214261221,2.812784735546704,1.920113742480998,0.6306922435760498,-1.1041504876629915e-05,0.004030720494570539,-1.1041504876181208e-05,-15.677278903682438,0.5124131043488876,0.0,0.0,-0.0,2711.700439453125,True,0.0,461,0.00024312457605148193,-0.0002835869647597189,-1.112298820983454e-05,True,462,1.9234928215899731,2.812884420264819,1.920203642644849,0.6306865811347961,-1.1041505786124617e-05,0.004066049989895015,-1.104150578567591e-05,-15.685383102146764,-0.5419857095003445,0.0,0.0,-0.0,2711.699951171875,True,0.0,461,0.0002439178232196764,-0.00028373361996736346,1.1764924634893268e-05,True,462,130.33086413971216,141.1706702719186,130.32757496076704,0.6306922435760498,-1.8418122635921463e-05,42.37849292252896,-1.841812263383882e-05,306.21421673050787,0.0001037672127403273,388.7435025092761,0.0,-0.0,3164.27099609375,True,0.0,461,0.00025625134438168965,42.37406908943225,-1.8419624618851563e-05,True,462,130.32477505154694,141.1620364822736,130.3214858726018,0.6306865811347961,-1.8418124454910867e-05,42.3764891858757,-1.8418124452828223e-05,306.21652817131417,-0.002960677060513673,388.7435025092761,0.0,-0.0,3164.270751953125,True,0.0,461,0.0002562799421382648,42.37281582844922,0.0004928120441536413,True,462
1.900000000000,228,full_throttle,0.0,1.0,0.0,1,-3.258415381424129e-05,0.9589955806732178,0.4188729226589203,-0.0012757136719301343,0.6325071454048157,0.23351344466209412,2.0777530096438568e-07,grass,0.0,1.0,0.0,6260.219434726258,3,0.026211634278297424,1.017647264234256e-05,0.16791156702229415,569.0601468086242,-0.0,5873.202372284567,5898.797627715433,-3.2035604817792773e-06,0,True,-0.0,True,0,0,-2.973507093884109e-07,0.6325071454048157,0.07967398315668106,False,True,-0.840008020401001,2.0607306957244873,-1.862645149230957e-08,0.0,0.0,1.0,2744.162353515625,2744.162353515625,0.3433595597743988,0.056640446186065674,0.0,grass,True,0.8399919271469116,2.0606935024261475,-1.862645149230957e-08,0.0,0.0,1.0,2744.162353515625,2744.162353515625,0.3433595597743988,0.056640446186065674,0.0,grass,True,-0.8400570154190063,-0.1392877697944641,2.9802322387695312e-08,0.0,0.0,1.0,3147.822021484375,3147.822021484375,0.33439311385154724,0.06560689210891724,0.0,grass,True,0.8399428725242615,-0.13932518661022186,2.9802322387695312e-08,0.0,0.0,1.0,3147.822021484375,3147.822021484375,0.33439311385154724,0.06560689210891724,0.0,grass,468,1.9271957568625304,2.908638284275369,1.9210214327821824,0.6319611072540283,-1.0856126209546346e-05,0.0040134925106067865,-1.0856126209119862e-05,-15.295077443696867,0.508332480817585,0.0,0.0,-0.0,2739.115966796875,True,0.0,467,0.0002067194942078719,-0.0002739035992572747,-1.0923933408371515e-05,True,468,1.9272840046039397,2.9087424398229746,1.9211096805235917,0.6319557428359985,-1.0856126209546346e-05,0.004047978683301534,-1.0856126209119862e-05,-15.300267532962424,-0.5279413392404708,0.0,0.0,-0.0,2739.115966796875,True,0.0,467,0.00020716360291192786,-0.0002739965477431827,1.1345322516872526e-05,True,468,137.88139940820318,147.8966057760079,137.87522508412283,0.6319611072540283,-1.7890892195282504e-05,44.86890069745302,-1.789089219337364e-05,300.4973130940984,9.397623591294648e-05,348.1305347328113,0.0,-0.0,3150.421630859375,True,0.0,467,0.00020899413885822057,44.86450649175211,-1.791024226409297e-05,True,468,137.8752773943922,147.887666597027,137.86910307031187,0.6319557428359985,-1.7890892195282504e-05,44.86688579731344,-1.789089219337364e-05,300.4994524246476,-0.00269445063582746,348.1305347328113,0.0,-0.0,3150.421630859375,True,0.0,467,0.000209014336687676,44.8632215637543,0.00048379833647266805,True,468
1.950000000000,234,full_throttle,0.0,1.0,0.0,1,-3.258330252720043e-05,0.9906534552574158,0.41878989338874817,-0.0012846715981140733,0.6335572004318237,0.21906498074531555,2.2006037170285708e-07,grass,0.0,1.0,0.0,6629.787303750343,3,0.017395859584212303,1.0473834663571324e-05,0.16850918779030202,570.0719296932219,-0.0,5875.385408503879,5896.614591496121,-3.0849150789435953e-06,0,True,-0.0,True,0,0,2.4256419806079066e-07,0.6335572004318237,0.08087562769651413,False,True,-0.8400078415870667,2.0922815799713135,2.2351741790771484e-08,0.0,0.0,1.0,2784.1640625,2784.1640625,0.3429987132549286,0.05700129270553589,0.0,grass,True,0.8399920463562012,2.0922439098358154,2.2351741790771484e-08,0.0,0.0,1.0,2784.16455078125,2784.16455078125,0.3429987132549286,0.05700129270553589,0.0,grass,True,-0.8400571942329407,-0.10773447155952454,-1.862645149230957e-08,0.0,0.0,1.0,3121.06982421875,3121.06982421875,0.3345871865749359,0.06541281938552856,0.0,grass,True,0.8399427533149719,-0.10777214169502258,-1.862645149230957e-08,0.0,0.0,1.0,3121.06982421875,3121.06982421875,0.3345871865749359,0.06541281938552856,0.0,grass,474,1.9291381000088081,3.004455506057989,1.9187722748623715,0.6326394081115723,-1.0565516276983544e-05,0.003976164891334455,-1.05655162765904e-05,-14.773953567263753,0.5017178306536597,0.0,0.0,-0.0,2776.40478515625,True,0.0,473,0.00016448084028291126,-0.0002610173135205729,-1.0636937022567695e-05,True,474,1.9292236123399302,3.004564074730063,1.9188577871934935,0.6326342225074768,-1.0565516276983544e-05,0.004009569564700222,-1.05655162765904e-05,-14.775989292317716,-0.5088971745243989,0.0,0.0,-0.0,2776.40478515625,True,0.0,473,0.0001646251756085782,-0.00026105328127201677,1.0789146509285507e-05,True,474,143.13251378792384,154.94495993290164,143.1221479627774,0.6326394081115723,-1.73398366314359e-05,46.6010901419033,-1.7339836629698043e-05,295.52924231411293,8.670814163801268e-05,241.3353856424805,0.0,-0.0,3127.29052734375,True,0.0,473,0.00018018898262304903,46.59674985378671,-1.740104870825464e-05,True,474,143.1263622568358,154.93571382474536,143.11599643168935,0.6326342225074768,-1.73398366314359e-05,46.599065322248336,-1.7339836629698043e-05,295.53128263306326,-0.0025115915356709786,241.3353856424805,0.0,-0.0,3127.29052734375,True,0.0,473,0.0001802009340039452,46.59542329671302,0.00047618980059764,True,474
2.000000000000,240,full_throttle,0.0,1.0,0.0,1,-3.255664341850206e-05,1.0223504304885864,0.4187827706336975,-0.0012932857498526573,0.6341426968574524,0.189342200756073,-1.2992408926493226e-08,grass,0.0,1.0,0.0,6658.0716838493745,4,0.007794595789164305,1.035027889884077e-05,0.16886342520323616,570.6708133220671,-0.0,5877.546850074396,5894.453149925604,-2.9670864023501053e-06,0,True,-0.0,True,0,0,7.47077422147413e-07,0.6341426968574524,0.08263210207223892,False,True,-0.8400076031684875,2.1237592697143555,-3.3527612686157227e-08,0.0,0.0,1.0,2833.021240234375,2833.021240234375,0.34242019057273865,0.05757981538772583,0.0,grass,True,0.8399922847747803,2.1237213611602783,-3.3527612686157227e-08,0.0,0.0,1.0,2833.0205078125,2833.0205078125,0.34242019057273865,0.05757981538772583,0.0,grass,True,-0.8400573134422302,-0.07625259459018707,-1.4901161193847656e-08,0.0,0.0,1.0,3073.458251953125,3073.458251953125,0.3351499140262604,0.0648500919342041,0.0,grass,True,0.8399426341056824,-0.07629050314426422,-1.4901161193847656e-08,0.0,0.0,1.0,3073.4580078125,3073.4580078125,0.3351499140262604,0.0648500919342041,0.0,grass,480,1.929559650465286,3.1000857837064104,1.9148964822361234,0.6328433752059937,-1.0277190085616894e-05,0.003911309447550804,-1.0277190085255067e-05,-14.305932762053953,0.49592953552490854,0.0,0.0,-0.0,2824.943115234375,True,0.0,479,0.0001327175971532527,-0.0002484051816845634,-1.033352250838311e-05,True,480,1.9296427369362288,3.100198680084048,1.914979568707066,0.6328383684158325,-1.0277191904606298e-05,0.003943734773123042,-1.0277191904244469e-05,-14.305876113700457,-0.49546200469854357,0.0,0.0,-0.0,2824.9423828125,True,0.0,479,0.00013271432482330237,-0.0002484042623995819,1.0323783401923884e-05,True,480,145.74663646952038,162.18052960310246,145.73197330129122,0.6328433752059937,-1.67926300491672e-05,47.463546659735734,-1.6792630047588735e-05,289.989851859296,8.107764491076093e-05,159.09809172061594,0.0,-0.0,3082.26953125,True,0.0,479,0.00016231432888034688,47.45928712309297,-1.6862439995460008e-05,True,480,145.74045733677033,162.17097514478348,145.72579416854117,0.6328383684158325,-1.6792631868156604e-05,47.46151255271838,-1.6792631866578138e-05,289.99180265250004,-0.0023776175891566417,159.09809172061594,0.0,-0.0,3082.26904296875,True,0.0,479,0.0001623335436087621,47.45792320508799,0.0004678650060955674,True,480
2.050000000000,246,full_throttle,0.0,1.0,0.0,1,-3.250446752645075e-05,1.0540624856948853,0.4188569486141205,-0.00130160478875041,0.6342517733573914,0.14813430607318878,-1.7592903134300286e-07,grass,0.0,1.0,0.0,6274.738073906927,4,-0.0015511714154854417,9.612351277610287e-06,0.16896271262829174,570.8385586738585,-0.0,5879.717385590471,5892.282614409529,-2.8654867492150515e-06,0,True,-0.0,True,0,0,1.2465684449125547e-06,0.6342517733573914,0.0838957279920578,False,True,-0.8400074243545532,2.155168056488037,0.0,0.0,0.0,1.0,2876.938232421875,2876.938232421875,0.3417023718357086,0.05829763412475586,0.0,grass,True,0.8399925231933594,2.155129909515381,0.0,0.0,0.0,1.0,2876.937744140625,2876.937744140625,0.3417023718357086,0.05829763412475586,0.0,grass,True,-0.840057373046875,-0.04483918845653534,-2.9802322387695312e-08,0.0,0.0,1.0,3019.237548828125,3019.237548828125,0.33601441979408264,0.06398558616638184,0.0,grass,True,0.8399425745010376,-0.04487733542919159,-2.9802322387695312e-08,0.0,0.0,1.0,3019.237548828125,3019.237548828125,0.33601441979408264,0.06398558616638184,0.0,grass,486,1.9291380468848336,3.1955315482590705,1.9124871280136693,0.6327746510505676,-9.994619176723063e-06,0.0038409044214274823,-9.994619176390267e-06,-13.924189736434734,0.49034630305423055,0.0,0.0,-0.0,2870.3642578125,True,0.0,485,0.00011072312153503735,-0.00023795020969186176,-1.0055475988336414e-05,True,486,1.9292190158254503,3.1956486831559388,1.912568096954286,0.6327698230743408,-9.994618267228361e-06,0.003872452148057759,-9.994618266895565e-06,-13.923094362109245,-0.4861942518481711,0.0,0.0,-0.0,2870.363525390625,True,0.0,485,0.00011066723248613373,-0.0002379315506638724,9.970332892119987e-06,True,486,146.6363046983748,169.49647956531064,146.61965377950364,0.6327746510505676,-1.6287001926684752e-05,47.757205899413115,-1.628700192524462e-05,284.4704253483626,7.681445975110036e-05,107.81097273718825,0.0,-0.0,3028.068115234375,True,0.0,485,0.00015078076386937925,47.753029901467904,-1.637251198606405e-05,True,486,146.63009896658806,169.48661540938693,146.6134480477169,0.6327698230743408,-1.628700010769535e-05,47.755162835899725,-1.6287000106255216e-05,284.47238514754827,-0.0022776207616358557,107.81097273718825,0.0,-0.0,3028.06787109375,True,0.0,485,0.000150793736481524,47.75163503276042,0.00045968696210157,True,486
2.100000000000,252,full_throttle,0.0,1.0,0.0,1,-3.242909588152543e-05,1.0857676267623901,0.4189720153808594,-0.0013096045004203916,0.6339481472969055,0.1039854884147644,-2.6416418563712796e-07,grass,0.0,1.0,0.0,6048.375139207872,4,-0.00891134887933731,8.473239176964853e-06,0.1688333938869463,570.6200659275054,-0.0,5881.826817409422,5890.173182590578,-2.7460719138616696e-06,0,True,-0.0,True,0,0,1.684897597442614e-06,0.6339481472969055,0.08403115719556808,False,True,-0.8400071859359741,2.186548948287964,7.450580596923828e-09,0.0,0.0,1.0,2908.392333984375,2908.392333984375,0.3409689962863922,0.059031009674072266,0.0,grass,True,0.8399927616119385,2.1865105628967285,7.450580596923828e-09,0.0,0.0,1.0,2908.392333984375,2908.392333984375,0.3409689962863922,0.059031009674072266,0.0,grass,True,-0.8400574922561646,-0.013454640284180641,-3.725290298461914e-09,0.0,0.0,1.0,2973.1201171875,2973.1201171875,0.3369762599468231,0.06302374601364136,0.0,grass,True,0.839942455291748,-0.013493025675415993,-2.9802322387695312e-08,0.0,0.0,1.0,2973.114501953125,2973.114501953125,0.33697637915611267,0.0630236268043518,0.0,grass,492,1.9283195819242465,3.290905743717365,1.9127243600322472,0.6325629353523254,-9.810503797780257e-06,0.0037825266826758686,-9.810503797465516e-06,-13.653664429758892,0.4854850982081976,0.0,0.0,-0.0,2904.130615234375,True,0.0,491,9.705725596349868e-05,-0.00023061393687406895,-9.840010396480618e-06,True,492,1.9283993211231343,3.291027051304152,1.912804099231135,0.632558286190033,-9.810503797780257e-06,0.0038134897806013646,-9.810503797465516e-06,-13.651956018621416,-0.4803236142571501,0.0,0.0,-0.0,2904.13037109375,True,0.0,491,9.697904706901784e-05,-0.00023058509943518768,9.73539613063042e-06,True,492,146.57865391419222,176.82856901440016,146.56305869230022,0.6325629353523254,-1.584040728630498e-05,47.73839285633111,-1.5840407284980096e-05,279.9583777165706,7.34381467136248e-05,81.33428298798084,0.0,-0.0,2979.760009765625,True,0.0,491,0.00014386591037444664,47.73428448179462,-1.5898190227543315e-05,True,492,146.5724217977207,176.8183938382751,146.5568265758287,0.632558286190033,-1.584040728630498e-05,47.7363409070578,-1.5840407284980096e-05,279.9603408849211,-0.0022109179312233035,81.33428298798084,0.0,-0.0,2979.759765625,True,0.0,491,0.00014388335647372581,47.7328656471673,0.00045322379682693646,True,492
2.150000000000,258,full_throttle,0.0,1.0,0.0,1,-3.2332693081116304e-05,1.1174489259719849,0.41906967759132385,-0.0013172634644433856,0.6333667039871216,0.06547500193119049,-2.9711387128372735e-08,grass,0.0,1.0,0.0,5906.531373792371,4,-0.013140421360731125,7.117814675439149e-06,0.1685425522251726,570.1283633708953,-0.0,5883.727183812214,5888.272816187786,-2.6189391064690426e-06,0,True,-0.0,True,0,0,2.0820154986722628e-06,0.6333667039871216,0.08306984603404999,False,True,-0.8400070071220398,2.2179477214813232,-3.725290298461914e-09,0.0,0.0,1.0,2926.16015625,2926.16015625,0.3403269350528717,0.05967307090759277,0.0,grass,True,0.8399929404258728,2.217909097671509,-3.725290298461914e-09,0.0,0.0,1.0,2926.160888671875,2926.160888671875,0.3403269350528717,0.05967307090759277,0.0,grass,True,-0.8400575518608093,0.017946328967809677,-2.60770320892334e-08,0.0,0.0,1.0,2944.197265625,2944.197265625,0.3378129303455353,0.0621870756149292,0.0,grass,True,0.8399423956871033,0.017907707020640373,-2.60770320892334e-08,0.0,0.0,1.0,2944.19775390625,2944.19775390625,0.3378129303455353,0.0621870756149292,0.0,grass,498,1.9273592737163767,3.3863407064219153,1.915170014895068,0.6322832107543945,-9.632009096094407e-06,0.003745349572009782,-9.632009095796536e-06,-13.493127520379069,0.4818777963835342,0.0,0.0,-0.0,2924.048828125,True,0.0,497,8.964415833844743e-05,-0.00022634977660296318,-9.700353406283352e-06,True,498,1.9274386530742424,3.38646615174425,1.9152493942529338,0.6322788000106812,-9.632010005589109e-06,0.0037759555038189285,-9.632010005291236e-06,-13.491425620549293,-0.47714007839587963,0.0,0.0,-0.0,2924.049560546875,True,0.0,497,8.957091922773943e-05,-0.0002263211689532696,9.604979204794623e-06,True,498,146.04691896049152,184.1438098513644,146.03472970167022,0.6322832107543945,-1.5383013305836357e-05,47.56320004620781,-1.538301330462296e-05,277.1873430930857,7.099760600992822e-05,67.38581081240999,0.0,-0.0,2947.67578125,True,0.0,497,0.00014098432245251985,47.55913415164161,-1.547763090012031e-05,True,498,146.04066107202996,184.13332237360322,146.02847181320865,0.6322788000106812,-1.538301512482576e-05,47.56113935375921,-1.5383015123612362e-05,277.18939192733194,-0.0021793169341744424,67.38581081240999,0.0,-0.0,2947.67626953125,True,0.0,497,0.0001410031557213645,47.5576978115708,0.00044955034766328494,True,498
2.200000000000,264,full_throttle,0.0,1.0,0.0,1,-3.221920633222908e-05,1.149097204208374,0.4191048741340637,-0.0013244826113805175,0.6326714158058167,0.0379251167178154,2.6598189606374945e-07,grass,0.0,1.0,0.0,5810.298004884426,4,-0.014061331748962402,6.24838912699488e-06,0.16817689733719476,569.5095777511596,-0.0,5885.26650424547,5886.73349575453,-2.4547098291805014e-06,0,True,-0.0,True,0,0,2.39833912019094e-06,0.6326714158058167,0.08155027776956558,False,True,-0.8400067687034607,2.249394416809082,3.3527612686157227e-08,0.0,0.0,1.0,2933.0517578125,2933.0517578125,0.3398330509662628,0.06016695499420166,0.0,grass,True,0.8399931788444519,2.2493555545806885,3.3527612686157227e-08,0.0,0.0,1.0,2933.052978515625,2933.052978515625,0.3398330509662628,0.06016695499420166,0.0,grass,True,-0.8400576710700989,0.049393799155950546,1.1175870895385742e-08,0.0,0.0,1.0,2934.03369140625,2934.03369140625,0.33837684988975525,0.06162315607070923,0.0,grass,True,0.8399422764778137,0.04935493692755699,1.1175870895385742e-08,0.0,0.0,1.0,2934.0341796875,2934.0341796875,0.33837684988975525,0.06162315607070923,0.0,grass,504,1.926387084760244,3.481922841448087,1.9185820996020986,0.6319780349731445,-9.569354915583972e-06,0.0037297029977360063,-9.569354915291876e-06,-13.433240466901376,0.48021123355458173,0.0,0.0,-0.0,2932.5068359375,True,0.0,503,8.69960711130029e-05,-0.0002246951314279766,-9.638919130527757e-06,True,504,1.9264668289938571,3.482052426814276,1.9186618438357117,0.631973922252655,-9.56935400608927e-06,0.0037601313153178273,-9.569354005797174e-06,-13.431538919783867,-0.4762357893393926,0.0,0.0,-0.0,2932.507568359375,True,0.0,503,8.692455424965572e-05,-0.00022466661265541088,9.559120606622067e-06,True,504,145.23162070765346,191.4245095202854,145.22381572249532,0.6319780349731445,-1.4959721738705412e-05,47.2944567985525,-1.4959721737589449e-05,276.3277520420461,6.910695634344606e-05,58.53293195205475,0.0,-0.0,2934.546142578125,True,0.0,503,0.00014177533976262612,47.29040868909029,-1.5052873791515002e-05,True,504,145.22533603677687,191.41370840768192,145.21753105161872,0.631973922252655,-1.495972082921071e-05,47.292386969883715,-1.4959720828094749e-05,276.3298314754183,-0.0021819289121235864,58.53293195205475,0.0,-0.0,2934.546630859375,True,0.0,503,0.00014177958451725938,47.28895963641881,0.00044894002165711154,True,504
2.250000000000,270,full_throttle,0.0,1.0,0.0,1,-3.2091455068439245e-05,1.1807111501693726,0.41906383633613586,-0.0013311945367604494,0.6320095062255859,0.022674040868878365,5.771349833594286e-07,grass,0.0,1.0,0.0,5738.097136711315,4,-0.012383643537759781,5.239965503278654e-06,0.16781787423312977,568.9013600349425,-0.0,5886.349499539375,5885.650500460625,-2.2644890123046935e-06,0,True,-0.0,True,0,0,2.6568247903924203e-06,0.6320095062255859,0.08013609796762466,False,True,-0.8400064706802368,2.2808964252471924,0.0,0.0,0.0,1.0,2932.557373046875,2932.557373046875,0.33949920535087585,0.06050080060958862,0.0,grass,True,0.8399934768676758,2.280857563018799,0.0,0.0,0.0,1.0,2932.558349609375,2932.558349609375,0.33949920535087585,0.06050080060958862,0.0,grass,True,-0.8400576114654541,0.08089645206928253,-2.60770320892334e-08,0.0,0.0,1.0,2938.7041015625,2938.7041015625,0.3386285603046417,0.061371445655822754,0.0,grass,True,0.8399423360824585,0.08085735142230988,-2.60770320892334e-08,0.0,0.0,1.0,2938.704345703125,2938.704345703125,0.3386285603046417,0.061371445655822754,0.0,grass,510,1.9254983141444488,3.5776752141758927,1.9218194176800414,0.6316837668418884,-9.568611858412623e-06,0.0037306768257797662,-9.568611858120595e-06,-13.45350453768129,0.48014863285591247,0.0,0.0,-0.0,2933.0146484375,True,0.0,509,8.785793734367761e-05,-0.00022499513232454582,-9.635994707168e-06,True,510,1.925579288421304,3.5778089770265615,1.9219003919568967,0.6316799521446228,-9.568610948917922e-06,0.0037612130344075734,-9.568610948625893e-06,-13.45244537856903,-0.4776642355853448,0.0,0.0,-0.0,2933.01513671875,True,0.0,509,8.781295566175082e-05,-0.00022497738083693264,9.586134282081493e-06,True,510,144.2247230207301,198.6591811403043,144.2210441242657,0.6316837668418884,-1.4541241398546845e-05,46.962474829999046,-1.454124139752194e-05,277.0430731696411,6.762126890134827e-05,52.892467330284916,0.0,-0.0,2937.15771484375,True,0.0,509,0.00014551818818117938,46.95842523835859,-1.4626447667327885e-05,True,510,144.2184110131749,198.6480650385501,144.21473211671048,0.6316799521446228,-1.4541241398546845e-05,46.96039568220309,-1.454124139752194e-05,277.0451714944507,-0.0022121601065128796,52.892467330284916,0.0,-0.0,2937.157958984375,True,0.0,509,0.00014551927209686795,46.95696734336206,0.0004508060040232811,True,510
2.300000000000,276,full_throttle,0.0,1.0,0.0,1,-3.195268436684273e-05,1.212295651435852,0.4189635217189789,-0.0013373064575716853,0.6314864158630371,0.019121574237942696,8.016566539481573e-07,grass,0.0,1.0,0.0,5680.1285131998675,4,-0.008541399613022804,2.1884748093725648e-06,0.16752329229994445,568.4018254280089,-0.0,5886.965505410716,5885.034494589284,-2.0336829038569704e-06,0,True,-0.0,True,0,0,2.8369020128593547e-06,0.6314864158630371,0.07942145317792892,False,True,-0.8400062322616577,2.31245493888855,-4.0978193283081055e-08,0.0,0.0,1.0,2920.02392578125,2920.02392578125,0.3393307030200958,0.06066930294036865,0.0,grass,True,0.8399937152862549,2.312415838241577,-4.0978193283081055e-08,0.0,0.0,1.0,2920.0244140625,2920.0244140625,0.3393307030200958,0.06066930294036865,0.0,grass,True,-0.8400576114654541,0.11245498806238174,0.0,0.0,0.0,1.0,2963.73388671875,2963.73388671875,0.3385964334011078,0.06140357255935669,0.0,grass,True,0.8399423360824585,0.11241587996482849,0.0,0.0,0.0,1.0,2963.734619140625,2963.734619140625,0.3385964334011078,0.06140357255935669,0.0,grass,516,1.9250651626857973,3.673590120439465,1.9253835874619938,0.6315164566040039,-9.683100870461203e-06,0.0037550470823092263,-9.683100870158567e-06,-13.706726657645692,0.4843696107288016,0.0,0.0,-0.0,2923.9453125,True,0.0,515,9.937161231414007e-05,-0.00022994121326724848,-9.750868963151074e-06,True,516,1.9251488046525564,3.6737281403947475,1.925467229428753,0.6315130591392517,-9.683100870461203e-06,0.0037860463960919244,-9.683100870158567e-06,-13.706952664092482,-0.48999439603193723,0.0,0.0,-0.0,2923.94921875,True,0.0,515,9.938093001217292e-05,-0.0002299446979014963,9.864088565501352e-06,True,516,143.78251079506342,205.85028798990746,143.7828292198396,0.6315164566040039,-1.4148897207633127e-05,46.816712105766925,-1.4148897206688964e-05,279.14995677681117,6.6192712492771e-05,107.7339366398297,0.0,-0.0,2957.272705078125,True,0.0,515,0.00015006734980181733,46.812631514298936,-1.4209325730780031e-05,True,516,143.7761700953853,205.83885550419765,143.7764885201615,0.6315130591392517,-1.4148897207633127e-05,46.8146230723379,-1.4148897206688964e-05,279.15239659689996,-0.002255898466356437,107.7339366398297,0.0,-0.0,2957.2763671875,True,0.0,515,0.0001500833915899565,46.81117899097915,0.0004548412394590174,True,516
2.350000000000,282,full_throttle,0.0,1.0,0.0,1,-3.180645580869168e-05,1.2438610792160034,0.4188541769981384,-0.00134271290153265,0.6312199831008911,0.02940819412469864,1.1022391390724806e-06,grass,0.0,1.0,0.0,5652.040958274503,4,-0.0031632238533347845,2.8237468541192356e-06,0.16735827257567193,568.1218028068541,-0.0,5887.086342105658,5884.913657894342,-1.7872880562208593e-06,0,True,-0.0,True,0,0,2.9864484076824738e-06,0.6312199831008911,0.08005563169717789,False,True,-0.8400060534477234,2.3440961837768555,3.725290298461914e-09,0.0,0.0,1.0,2896.287841796875,2896.287841796875,0.33941879868507385,0.060581207275390625,0.0,grass,True,0.8399938941001892,2.3440568447113037,-1.1175870895385742e-08,0.0,0.0,1.0,2896.291259765625,2896.291259765625,0.3394187390804291,0.0605812668800354,0.0,grass,True,-0.8400575518608093,0.14409559965133667,3.725290298461914e-09,0.0,0.0,1.0,3004.335693359375,3004.335693359375,0.3382895886898041,0.0617104172706604,0.0,grass,True,0.8399423956871033,0.14405624568462372,3.725290298461914e-09,0.0,0.0,1.0,3004.33642578125,3004.33642578125,0.3382895886898041,0.0617104172706604,0.0,grass,522,1.9255300707998386,3.7697320735425355,1.9300572261097542,0.6316237449645996,-9.870549547486007e-06,0.003801178399347127,-9.870549547165453e-06,-14.012780869287516,0.49036120697270935,0.0,0.0,-0.0,2900.723388671875,True,0.0,521,0.00011506625179061317,-0.00023695775527066143,-9.95053285440129e-06,True,522,1.9256169145833044,3.769874490378157,1.93014406989322,0.6316207647323608,-9.87055136647541e-06,0.0038328170801296135,-9.870551366154856e-06,-14.014051580495815,-0.49980485499716754,0.0,0.0,-0.0,2900.726806640625,True,0.0,521,0.00011513174450267565,-0.00023697896514196515,1.0142153715908199e-05,True,522,145.2323023424008,213.0724007507887,145.23682949771072,0.6316237449645996,-1.3795309314446058e-05,47.29503602802767,-1.3795309313570927e-05,282.2723439329998,6.444629631636518e-05,168.09544115438962,0.0,-0.0,2997.68408203125,True,0.0,521,0.00015109441153071627,47.290900138075536,-1.3854877839216223e-05,True,522,145.22593271367006,213.06065042619568,145.23045986897998,0.6316207647323608,-1.379531022394076e-05,47.29293703077876,-1.379531022306563e-05,282.2745057275741,-0.0022853124035349115,168.09544115438962,0.0,-0.0,2997.68505859375,True,0.0,521,0.00015110855208882063,47.28945618928481,0.0004603297785504328,True,522
2.400000000000,288,full_throttle,0.0,1.0,0.0,1,-3.1653438782086596e-05,1.275420069694519,0.41879981756210327,-0.0013473923318088055,0.631178081035614,0.051634252071380615,1.222814034917974e-06,grass,0.0,1.0,0.0,5667.028860556434,4,0.000592079886700958,4.052985786984209e-06,0.1673195268616257,568.056035041809,-0.0,5886.866490603272,5885.133509396728,-1.533688191557303e-06,0,True,-0.0,True,0,0,3.122081125184195e-06,0.631178081035614,0.08154315501451492,False,True,-0.8400057554244995,2.3758175373077393,1.1175870895385742e-08,0.0,0.0,1.0,2863.734619140625,2863.734619140625,0.33979126811027527,0.06020873785018921,0.0,grass,True,0.8399941921234131,2.3757779598236084,-3.725290298461914e-09,0.0,0.0,1.0,2863.73486328125,2863.73486328125,0.33979126811027527,0.06020873785018921,0.0,grass,True,-0.8400574922561646,0.1758168339729309,2.2351741790771484e-08,0.0,0.0,1.0,3040.260498046875,3040.260498046875,0.33780863881111145,0.06219136714935303,0.0,grass,True,0.839942455291748,0.17577724158763885,2.2351741790771484e-08,0.0,0.0,1.0,3040.26123046875,3040.26123046875,0.33780863881111145,0.06219136714935303,0.0,grass,528,1.9263317411967276,3.8661032966473194,1.9337353747539876,0.6318368315696716,-1.0050103810499422e-05,0.003852643025248459,-1.0050103810161053e-05,-14.20782482732203,0.4931677105418621,0.0,0.0,-0.0,2869.6123046875,True,0.0,527,0.00012631718194919112,-0.00024286104927251362,-1.0115998040811576e-05,True,528,1.9264214556564028,3.866250249396033,1.9338250892136628,0.6318342089653015,-1.0050103810499422e-05,0.0038848714013114405,-1.0050103810161053e-05,-14.209320681998417,-0.5020618830291039,0.0,0.0,-0.0,2869.6123046875,True,0.0,527,0.0001264013358153739,-0.00024288662002514005,1.02984378088321e-05,True,528,147.98436623863103,220.40467038304618,147.99176987218829,0.6318368315696716,-1.3417948139249347e-05,48.20300402717857,-1.3417948138444085e-05,284.47781212712334,6.183035007172532e-05,207.91833917663612,0.0,-0.0,3034.84716796875,True,0.0,527,0.00014716474773092883,48.19880931430568,-1.3463610610451778e-05,True,528,147.9779675665094,220.3926007672335,147.98537120006665,0.6318342089653015,-1.3417948139249347e-05,48.2008950879828,-1.3417948138444085e-05,284.47982972314526,-0.002278525188579372,207.91833917663612,0.0,-0.0,3034.84716796875,True,0.0,527,0.00014718907262654293,48.19736782201326,0.0004641347639922121,True,528
2.450000000000,294,full_throttle,0.0,1.0,0.0,1,-3.1492749258177355e-05,1.3069812059402466,0.4188165068626404,-0.0013513785088434815,0.6312653422355652,0.0804167091846466,1.150171101471642e-06,grass,0.0,1.0,0.0,5724.651133078929,4,0.002333496231585741,3.175020538037643e-06,0.1673580829446155,568.1214809417723,-0.0,5886.523104443313,5885.476895556687,-1.2912878446513787e-06,0,True,-0.0,True,0,0,3.2731702503951965e-06,0.6312653422355652,0.08269838988780975,False,True,-0.8400055170059204,2.407589912414551,-2.2351741790771484e-08,0.0,0.0,1.0,2828.771728515625,2828.771728515625,0.3403607904911041,0.05963921546936035,0.0,grass,True,0.8399944305419922,2.40755033493042,3.725290298461914e-09,0.0,0.0,1.0,2828.7744140625,2828.7744140625,0.34036073088645935,0.05963927507400513,0.0,grass,True,-0.840057373046875,0.20758774876594543,3.725290298461914e-09,0.0,0.0,1.0,3067.1533203125,3067.1533203125,0.3372730314731598,0.06272697448730469,0.0,grass,True,0.8399425745010376,0.20754815638065338,-1.4901161193847656e-08,0.0,0.0,1.0,3067.15576171875,3067.15576171875,0.337272971868515,0.06272703409194946,0.0,grass,534,1.926949075496441,3.9626161499510646,1.9351306036847291,0.6319930553436279,-1.0129833754035644e-05,0.003900139570197636,-1.0129833753689159e-05,-14.300745996372546,0.4922061111893248,0.0,0.0,-0.0,2834.34619140625,True,0.0,533,0.00013227750763579422,-0.00024749124900480535,-1.0221910940941247e-05,True,534,1.9270406049139126,3.9627677517064015,1.9352221331022008,0.631990909576416,-1.0129835573025048e-05,0.003932490045175152,-1.0129835572678562e-05,-14.301976090057348,-0.49953827120874805,0.0,0.0,-0.0,2834.345703125,True,0.0,533,0.00013234938807336663,-0.0002475125810783574,1.037418361408938e-05,True,534,151.58624457066426,227.89917637274917,151.59442609885255,0.6319930553436279,-1.2965560017619282e-05,49.39146765297558,-1.2965560016892753e-05,285.5090097563359,5.86140502568476e-05,233.49373743517802,0.0,-0.0,3063.348876953125,True,0.0,533,0.00013959624109942685,49.387220227254716,-1.3040886666669688e-05,True,534,151.57981723639932,227.88678603481742,151.5879987645876,0.631990909576416,-1.2965560927113984e-05,49.38934877843536,-1.2965560926387455e-05,285.5113899384221,-0.002240299244373624,233.49373743517802,0.0,-0.0,3063.353515625,True,0.0,533,0.00013959928648712205,49.38577606960614,0.0004658889298610698,True,534
2.500000000000,300,full_throttle,0.0,1.0,0.0,1,-3.132256824756041e-05,1.338547945022583,0.4188735783100128,-0.0013547498965635896,0.6313856244087219,0.10946648567914963,1.1270294635323808e-06,grass,0.0,1.0,0.0,5818.763114994044,4,0.0022420824971050024,4.809038728126325e-06,0.1674221527491725,568.2302176952361,-0.0,5886.217783830078,5885.782216169922,-1.1058837117161602e-06,0,True,-0.0,True,0,0,3.5075836422038265e-06,0.6313856244087219,0.08298046886920929,False,True,-0.8400053381919861,2.4393701553344727,3.725290298461914e-09,0.0,0.0,1.0,2800.322265625,2800.322265625,0.34097597002983093,0.059024035930633545,0.0,grass,True,0.8399946093559265,2.4393303394317627,3.725290298461914e-09,0.0,0.0,1.0,2800.322509765625,2800.322509765625,0.34097597002983093,0.059024035930633545,0.0,grass,True,-0.8400573134422302,0.2393660843372345,-7.450580596923828e-09,0.0,0.0,1.0,3084.4794921875,3084.4794921875,0.33677276968955994,0.06322723627090454,0.0,grass,True,0.8399426341056824,0.23932628333568573,-7.450580596923828e-09,0.0,0.0,1.0,3084.47998046875,3084.47998046875,0.33677276968955994,0.06322723627090454,0.0,grass,540,1.9271050728831511,4.059146631541496,1.9341069627527219,0.6320088505744934,-1.0235118679702282e-05,0.003935823476946543,-1.023511867934488e-05,-14.316449567781538,0.49067721431190114,0.0,0.0,-0.0,2804.348388671875,True,0.0,539,0.00013364163142032753,-0.0002504135507800376,-1.0299173092097922e-05,True,540,1.9271977300397005,4.059302972564566,1.9341996199092713,0.6320070028305054,-1.0235116860712878e-05,0.003968248082595882,-1.0235116860355476e-05,-14.316660764762213,-0.49326115689117045,0.0,0.0,-0.0,2804.3486328125,True,0.0,539,0.00013365374193279866,-0.00025041722338603467,1.0353408368712072e-05,True,540,155.72465704223595,235.58936295025433,155.73165893210552,0.6320088505744934,-1.2663528650591616e-05,50.757127973363374,-1.2663528649914687e-05,285.4625202238653,5.567419135780568e-05,249.0405445230791,0.0,-0.0,3082.2236328125,True,0.0,539,0.00012988060556378932,50.75284179414734,-1.2724747704831891e-05,True,540,155.71820384444268,235.57665052086185,155.72520573431225,0.6320070028305054,-1.2663527741096914e-05,50.755000265835584,-1.2663527740419985e-05,285.4644335652232,-0.0021789494740209747,249.0405445230791,0.0,-0.0,3082.22412109375,True,0.0,539,0.00012989917623382313,50.75139172618258,0.00046571012979178966,True,540
2.550000000000,306,full_throttle,0.0,1.0,0.0,1,-3.114040373475291e-05,1.370119571685791,0.41892674565315247,-0.0013576120836660266,0.6314595341682434,0.13368485867977142,1.4139078530206461e-06,grass,0.0,1.0,0.0,5941.548781887935,4,0.0007294097449630499,4.420697223395109e-06,0.16746789730335337,568.3078408241271,-0.0,5886.046471813783,5885.953528186217,-9.203031936522166e-07,0,True,-0.0,True,0,0,3.729715217559715e-06,0.6314595341682434,0.08245660364627838,False,True,-0.8400050401687622,2.4711198806762695,2.9802322387695312e-08,0.0,0.0,1.0,2783.389404296875,2783.389404296875,0.34149447083473206,0.05850553512573242,0.0,grass,True,0.8399949073791504,2.4710800647735596,1.4901161193847656e-08,0.0,0.0,1.0,2783.392578125,2783.392578125,0.3414944112300873,0.0585055947303772,0.0,grass,True,-0.8400571346282959,0.27111393213272095,3.725290298461914e-09,0.0,0.0,1.0,3093.373291015625,3093.373291015625,0.3363613784313202,0.06363862752914429,0.0,grass,True,0.8399428129196167,0.2710740864276886,-1.1175870895385742e-08,0.0,0.0,1.0,3093.376708984375,3093.376708984375,0.3363613188266754,0.06363868713378906,0.0,grass,546,1.9267229852257008,4.155582659697507,1.9312429060218568,0.631862223148346,-1.022069773171097e-05,0.0039563619761353586,-1.0220697731355076e-05,-14.278314393827394,0.48820289906593584,0.0,0.0,-0.0,2785.33837890625,True,0.0,545,0.00013159424513514478,-0.0002514511666168451,-1.0317180012002605e-05,True,546,1.9268162546113947,4.155743800879352,1.9313361754075506,0.6318607330322266,-1.022069773171097e-05,0.003988630989533726,-1.0220697731355076e-05,-14.277249600811055,-0.4876322329945662,0.0,0.0,-0.0,2785.338623046875,True,0.0,545,0.0001315304677450725,-0.0002514323920442818,1.0305119189853373e-05,True,546,160.17920669152525,243.49569259177056,160.1837266123214,0.631862223148346,-1.2241905096743722e-05,52.22727598505499,-1.224190509613218e-05,284.55704813447284,5.2359153977543136e-05,257.46020436304974,0.0,-0.0,3092.412109375,True,0.0,545,0.00011933262220054726,52.22296856205061,-1.2345133052639537e-05,True,546,160.17272779689196,243.48265679165002,160.17724771768812,0.6318607330322266,-1.2241905096743722e-05,52.225139439942126,-1.224190509613218e-05,284.55890153998814,-0.002104252356751161,257.46020436304974,0.0,-0.0,3092.412841796875,True,0.0,545,0.00011936057712403843,52.22150935871061,0.00046421551740391894,True,546
2.600000000000,312,full_throttle,0.0,1.0,0.0,1,-3.094823841820471e-05,1.4016920328140259,0.4189434051513672,-0.0013599209487438202,0.6314297318458557,0.15009550750255585,1.370844074699562e-06,grass,0.0,1.0,0.0,6085.277650835012,4,-0.0017258496955037117,4.279719178157393e-06,0.167462870471089,568.2993113994597,-0.0,5886.049784160663,5885.950215839337,-7.324088642235438e-07,0,True,-0.0,True,0,0,3.931449555238942e-06,0.6314297318458557,0.08152246475219727,False,True,-0.8400048017501831,2.5028133392333984,1.4901161193847656e-08,0.0,0.0,1.0,2779.047119140625,2779.047119140625,0.341826468706131,0.058173537254333496,0.0,grass,True,0.8399951457977295,2.5027732849121094,-3.725290298461914e-09,0.0,0.0,1.0,2779.046875,2779.046875,0.341826468706131,0.058173537254333496,0.0,grass,True,-0.8400570154190063,0.30280566215515137,0.0,0.0,0.0,1.0,3095.0068359375,3095.0068359375,0.3360631763935089,0.06393682956695557,0.0,grass,True,0.8399429321289062,0.3027658462524414,0.0,0.0,0.0,1.0,3095.006591796875,3095.006591796875,0.3360631763935089,0.06393682956695557,0.0,grass,552,1.9258252833233926,4.2518485608529275,1.9272934006722424,0.6315609216690063,-1.0234060027869418e-05,0.003961421827713307,-1.0234060027512126e-05,-14.188531287354824,0.4858224295674305,0.0,0.0,-0.0,2778.866455078125,True,0.0,551,0.0001263649333952875,-0.00025045195291961697,-1.0290782444046811e-05,True,552,1.925918956547032,4.252014546710466,1.9273870738958818,0.6315596699714661,-1.0234060027869418e-05,0.003993585689054502,-1.0234060027512126e-05,-14.186612540510586,-0.48194017997168703,0.0,0.0,-0.0,2778.871826171875,True,0.0,551,0.00012625434234570933,-0.0002504175980803103,1.0208528127236475e-05,True,552,164.74114809854268,251.62884727298012,164.74261621589153,0.6315609216690063,-1.1842299500131048e-05,53.73301795085008,-1.184229949957746e-05,283.03009662704795,4.8884773766003e-05,254.83139181509785,0.0,-0.0,3095.32763671875,True,0.0,551,0.00010894006077312939,53.72870715985665,-1.191574559167925e-05,True,552,164.73464430439452,251.6154868307343,164.73611242174337,0.6315596699714661,-1.1842299500131048e-05,53.73087295047873,-1.184229949957746e-05,283.03178188689276,-0.0020240167691839375,254.83139181509785,0.0,-0.0,3095.327392578125,True,0.0,551,0.00010895728778887503,53.727235508453546,0.0004618377631309424,True,552
2.650000000000,318,full_throttle,0.0,1.0,0.0,1,-3.074436608585529e-05,1.4332590103149414,0.4189113974571228,-0.0013617615913972259,0.6312527060508728,0.1568058580160141,1.1833352573376033e-06,grass,0.0,1.0,0.0,6239.777242942162,4,-0.005055074580013752,4.9068135012930725e-06,0.1673837157165642,568.1649863719939,-0.0,5886.23523171642,5885.76476828358,-5.798011102342571e-07,0,True,-0.0,True,0,0,4.177670234639663e-06,0.6312527060508728,0.08055759966373444,False,True,-0.8400045037269592,2.5344297885894775,1.4901161193847656e-08,0.0,0.0,1.0,2788.78173828125,2788.78173828125,0.34192338585853577,0.05807662010192871,0.0,grass,True,0.8399954438209534,2.5343897342681885,1.4901161193847656e-08,0.0,0.0,1.0,2788.78076171875,2788.78076171875,0.34192338585853577,0.05807662010192871,0.0,grass,True,-0.8400568962097168,0.3344213664531708,1.862645149230957e-08,0.0,0.0,1.0,3086.630126953125,3086.630126953125,0.33590248227119446,0.06409752368927002,0.0,grass,True,0.8399431109428406,0.3343815505504608,1.862645149230957e-08,0.0,0.0,1.0,3086.62890625,3086.62890625,0.33590248227119446,0.06409752368927002,0.0,grass,558,1.924306499645997,4.347889064690072,1.9222816218295584,0.6310731768608093,-1.0149368790735025e-05,0.003947968022369741,-1.014936879038653e-05,-14.007500857724969,0.48290489796161273,0.0,0.0,-0.0,2785.748779296875,True,0.0,557,0.00011609846587044587,-0.0002466454143229546,-1.020369994425407e-05,True,558,1.9243998554344632,4.348059912476639,1.9223749776180246,0.6310721635818481,-1.0149369700229727e-05,0.003979788711524712,-1.0149369699881232e-05,-14.004544706366016,-0.4740326664106062,0.0,0.0,-0.0,2785.75146484375,True,0.0,557,0.00011594061909126861,-0.00024659312173114234,1.0016221491646947e-05,True,558,168.82823204141943,259.9800040500186,168.826207163603,0.6310731768608093,-1.1422434909036383e-05,55.082243396807606,-1.1422434908539613e-05,280.91051576805773,4.573721193416633e-05,226.51549083241983,0.0,-0.0,3088.83154296875,True,0.0,557,9.974289503088615e-05,55.077951004665465,-1.1508086454046342e-05,True,558,168.82170479923505,259.9663177682283,168.8196799214186,0.6310721635818481,-1.1422434909036383e-05,55.08009042016572,-1.1422434908539613e-05,280.91233839623703,-0.001945942530306146,226.51549083241983,0.0,-0.0,3088.83349609375,True,0.0,557,9.974420147361833e-05,55.07646124342007,0.0004585801383600062,True,558
2.700000000000,324,full_throttle,0.0,1.0,0.0,1,-3.052733882213943e-05,1.4648116827011108,0.418843150138855,-0.0013632106129080057,0.6308872699737549,0.15251882374286652,8.418973038715194e-07,grass,0.0,1.0,0.0,6388.998222990049,4,-0.008804534561932087,6.272733571677236e-06,0.1672068547934114,567.8647398948668,-0.0,5886.6088539129905,5885.3911460870095,-4.5460549813469697e-07,0,True,-0.0,True,0,0,4.454333520698128e-06,0.6308872699737549,0.08039960265159607,False,True,-0.8400042653083801,2.565950393676758,0.0,0.0,0.0,1.0,2820.278076171875,2820.278076171875,0.34177282452583313,0.05822718143463135,0.0,grass,True,0.8399956822395325,2.5659103393554688,-1.862645149230957e-08,0.0,0.0,1.0,2820.27978515625,2820.27978515625,0.34177276492118835,0.05822724103927612,0.0,grass,True,-0.8400565981864929,0.3659425973892212,-2.9802322387695312e-08,0.0,0.0,1.0,3070.6103515625,3070.6103515625,0.3359164893627167,0.0640835165977478,0.0,grass,True,0.8399433493614197,0.36590254306793213,-2.9802322387695312e-08,0.0,0.0,1.0,3070.60986328125,3070.60986328125,0.3359164893627167,0.0640835165977478,0.0,grass,564,1.9221777099593527,4.443655653930325,1.9167695356010443,0.6304071545600891,-9.991572369472124e-06,0.0039114897264973525,-9.991572369139633e-06,-13.775990204911647,0.48121587426566065,0.0,0.0,-0.0,2814.868896484375,True,0.0,563,0.0001037827350670137,-0.000240059181381147,-1.0062801457154033e-05,True,564,1.9222700261289642,4.443831346302606,1.916861851770656,0.630406379699707,-9.991572369472124e-06,0.003942728922851191,-9.991572369139633e-06,-13.77197204497817,-0.4675361358997778,0.0,0.0,-0.0,2814.867431640625,True,0.0,563,0.00010358768964054843,-0.000239989282597608,9.776746777547038e-06,True,564,171.834198003264,268.5080097895919,171.82878982890568,0.6304071545600891,-1.0989906513714232e-05,56.07487818651703,-1.0989906513271786e-05,278.43392733584716,4.298403768779751e-05,179.90842057909703,0.0,-0.0,3073.38818359375,True,0.0,563,9.263289750902189e-05,56.07063054583661,-1.110657797834104e-05,True,564,171.82764811970628,268.4939965227689,171.82223994534797,0.630406379699707,-1.0989906513714232e-05,56.07271749980337,-1.0989906513271786e-05,278.4354662563026,-0.0018794038303990095,179.90842057909703,0.0,-0.0,3073.387451171875,True,0.0,563,9.262845258616018e-05,56.069118591669366,0.0004548714183597964,True,564
2.750000000000,330,full_throttle,0.0,1.0,0.0,1,-3.029605795745738e-05,1.4963408708572388,0.4187919795513153,-0.0013643397251144052,0.630338191986084,0.1375269591808319,4.913273983220279e-07,grass,0.0,1.0,0.0,6515.650602318611,4,-0.012612602673470974,6.473814664786914e-06,0.1669329161634821,567.399376630783,-0.0,5887.1144311945545,5884.8855688054455,-3.548557572230493e-07,0,True,-0.0,True,0,0,4.75035540148383e-06,0.630338191986084,0.08131058514118195,False,True,-0.840004026889801,2.5973691940307617,7.450580596923828e-09,0.0,0.0,1.0,2853.62353515625,2853.62353515625,0.34143349528312683,0.058566510677337646,0.0,grass,True,0.8399959206581116,2.5973291397094727,-1.1175870895385742e-08,0.0,0.0,1.0,2853.62548828125,2853.62548828125,0.34143343567848206,0.05856657028198242,0.0,grass,True,-0.8400563597679138,0.3973628282546997,3.725290298461914e-08,0.0,0.0,1.0,3046.009521484375,3046.009521484375,0.3361527621746063,0.06384724378585815,0.0,grass,True,0.8399435877799988,0.39732280373573303,3.725290298461914e-08,0.0,0.0,1.0,3046.009033203125,3046.009033203125,0.3361527621746063,0.06384724378585815,0.0,grass,570,1.919541483070171,4.539129886011198,1.9110291854249597,0.6295826435089111,-9.814123586693313e-06,0.00386604590424533,-9.814123586378223e-06,-13.519141593253918,0.47843997753280354,0.0,0.0,-0.0,2848.0078125,True,0.0,569,9.142345043920366e-05,-0.00023284176448590266,-9.888318960917066e-06,True,570,1.9196327506958084,4.539310386971224,1.9111204530505972,0.6295820474624634,-9.814124496188015e-06,0.003896760267153465,-9.814124495872925e-06,-13.514277526276974,-0.4610613625432541,0.0,0.0,-0.0,2848.0068359375,True,0.0,569,9.121132253348496e-05,-0.0002327580656816819,9.529143834274492e-06,True,570,173.40227035107904,277.14807337307593,173.39375805343383,0.6295826435089111,-1.0593463230179623e-05,56.59316657234717,-1.0593463229783352e-05,275.86042470260406,4.072482834535629e-05,124.74504419269368,0.0,-0.0,3050.958740234375,True,0.0,569,8.791097906043776e-05,56.588973409141296,-1.0724080703879404e-05,True,570,173.39570021380928,277.13373204983577,173.38718791616407,0.6295820474624634,-1.0593464139674325e-05,56.590999023094604,-1.0593464139278054e-05,275.86197031860104,-0.0018298516457109766,124.74504419269368,0.0,-0.0,3050.958251953125,True,0.0,569,8.791510355635343e-05,56.58743820108265,0.0004511278731256754,True,570
2.800000000000,336,full_throttle,0.0,1.0,0.0,1,-3.0049897759454325e-05,1.5278363227844238,0.4187939763069153,-0.0013652038760483265,0.6295746564865112,0.11340977251529694,2.785934327675932e-07,grass,0.0,1.0,0.0,6498.550908728205,5,-0.01711289770901203,5.928254267928423e-06,0.16654858129198713,566.7458295822142,-0.0,5887.749548222649,5884.250451777351,-2.63606125372462e-07,0,True,-0.0,True,0,0,5.042152679379797e-06,0.6295746564865112,0.0824185311794281,False,True,-0.8400037288665771,2.628687620162964,-3.725290298461914e-09,0.0,0.0,1.0,2885.357177734375,2885.357177734375,0.34097209572792053,0.059027910232543945,0.0,grass,True,0.8399962186813354,2.628647565841675,-3.725290298461914e-09,0.0,0.0,1.0,2885.3564453125,2885.3564453125,0.34097209572792053,0.059027910232543945,0.0,grass,True,-0.8400561809539795,0.4286831021308899,-3.3527612686157227e-08,0.0,0.0,1.0,3012.435791015625,3012.435791015625,0.33661749958992004,0.06338250637054443,0.0,grass,True,0.8399437665939331,0.42864304780960083,-3.3527612686157227e-08,0.0,0.0,1.0,3012.435546875,3012.435546875,0.33661749958992004,0.06338250637054443,0.0,grass,576,1.9165117791628372,4.634315961972405,1.9059336506536138,0.628635585308075,-9.646417311159894e-06,0.0038133018156613074,-9.646417310860683e-06,-13.275188363188668,0.4748609116974355,0.0,0.0,-0.0,2880.428466796875,True,0.0,575,8.085493271947634e-05,-0.00022606631960975232,-9.703862628728923e-06,True,576,1.9166017996282514,4.634501222000219,1.906023671119028,0.6286351680755615,-9.646416401665192e-06,0.0038434258017614464,-9.646416401365981e-06,-13.26988878602893,-0.4557511917349847,0.0,0.0,-0.0,2880.427734375,True,0.0,575,8.064639426501239e-05,-0.0002259761248852854,9.313354608396799e-06,True,576,173.62626316441927,285.8283025373084,173.61568503591005,0.628635585308075,-1.0225234291283414e-05,56.668031258950286,-1.0225234290927047e-05,272.82742596997423,3.8763268623532755e-05,82.24326899148835,0.0,-0.0,3018.26220703125,True,0.0,575,8.474167795857007e-05,56.663899273773474,-1.0344250055873812e-05,True,576,173.61967289331733,285.81363215071303,173.6090947648081,0.6286351680755615,-1.0225234291283414e-05,56.66585688671916,-1.0225234290927047e-05,272.8289947782431,-0.0017897900066668813,82.24326899148835,0.0,-0.0,3018.261962890625,True,0.0,575,8.475048093769046e-05,56.66234240114067,0.00044673796704940193,True,576
2.850000000000,342,full_throttle,0.0,1.0,0.0,1,-2.97898495773552e-05,1.559287190437317,0.4188428521156311,-0.0013658038806170225,0.6285951137542725,0.08475305885076523,2.309790545496071e-07,grass,0.0,1.0,0.0,6062.7247315638715,5,-0.021184803918004036,5.736930233979365e-06,0.16604862908976806,565.8945500850676,-0.0,5888.489347899998,5883.510652100002,-1.704174792394042e-07,0,True,-0.0,True,0,0,5.310595042828936e-06,0.6285951137542725,0.08301657438278198,False,True,-0.8400035500526428,2.6599278450012207,0.0,0.0,0.0,1.0,2909.7578125,2909.7578125,0.34047046303749084,0.05952954292297363,0.0,grass,True,0.8399963974952698,2.6598880290985107,0.0,0.0,0.0,1.0,2909.75830078125,2909.75830078125,0.34047046303749084,0.05952954292297363,0.0,grass,True,-0.8400560021400452,0.4599255621433258,7.450580596923828e-09,0.0,0.0,1.0,2979.5673828125,2979.5673828125,0.33721616864204407,0.06278383731842041,0.0,grass,True,0.8399440050125122,0.45988550782203674,7.450580596923828e-09,0.0,0.0,1.0,2979.567626953125,2979.567626953125,0.33721616864204407,0.06278383731842041,0.0,grass,582,1.913348629800184,4.729276917942552,1.902598689971073,0.6276401877403259,-9.494615369476378e-06,0.0037648600937348897,-9.494615369191072e-06,-13.094859698064203,0.4718022609023183,0.0,0.0,-0.0,2906.388427734375,True,0.0,581,7.37122157103588e-05,-0.00022100340088726522,-9.555227616686445e-06,True,582,1.9134381041151494,4.7294668958474615,1.9026881642860383,0.627639889717102,-9.494617188465782e-06,0.0037946846408972723,-9.494617188180475e-06,-13.089570119643165,-0.45240736224280276,0.0,0.0,-0.0,2906.388427734375,True,0.0,581,7.351966760666714e-05,-0.000220914123781224,9.162430228691743e-06,True,582,173.0281177051875,294.4950290120168,173.0173677653584,0.6276401877403259,-9.868861525319517e-06,56.47163865497155,-9.868861524999126e-06,269.98142797736625,3.713013320475454e-05,60.51286797664105,0.0,-0.0,2984.5751953125,True,0.0,581,8.289186195681566e-05,56.46756144893234,-9.99138041882832e-06,True,582,173.02150680124802,294.48002854060394,173.0107568614189,0.627639889717102,-9.86886334430892e-06,56.46945735469475,-9.86886334398853e-06,269.9830292609528,-0.0017612417099232907,60.51286797664105,0.0,-0.0,2984.5751953125,True,0.0,581,8.290119053397025e-05,56.465987217210234,0.000442701977570763,True,582
2.900000000000,348,full_throttle,0.0,1.0,0.0,1,-2.9517712391680107e-05,1.5906840562820435,0.4189053177833557,-0.0013661106349900365,0.6274544596672058,0.05765978991985321,3.58544781420278e-07,grass,0.0,1.0,0.0,5788.832117450056,5,-0.023713575676083565,4.682893631979823e-06,0.1654577483466958,564.8867905139922,-0.0,5889.242691326644,5882.757308673356,-6.096889393347737e-08,0,True,-0.0,True,0,0,5.533468083740445e-06,0.6274544596672058,0.08282691985368729,False,True,-0.840003252029419,2.6911261081695557,3.725290298461914e-09,0.0,0.0,1.0,2924.105712890625,2924.105712890625,0.3400125205516815,0.05998748540878296,0.0,grass,True,0.8399966955184937,2.6910862922668457,2.9802322387695312e-08,0.0,0.0,1.0,2924.109130859375,2924.109130859375,0.34001246094703674,0.059987545013427734,0.0,grass,True,-0.8400557041168213,0.4911251664161682,2.2351741790771484e-08,0.0,0.0,1.0,2955.9228515625,2955.9228515625,0.33779850602149963,0.062201499938964844,0.0,grass,True,0.8399442434310913,0.49108511209487915,2.2351741790771484e-08,0.0,0.0,1.0,2955.923095703125,2955.923095703125,0.33779850602149963,0.062201499938964844,0.0,grass,588,1.910246580452755,4.824114003146326,1.9012160325284153,0.6266516447067261,-9.366561243950855e-06,0.0037297268426831343,-9.366561243676938e-06,-12.983192022816768,0.4690984786862387,0.0,0.0,-0.0,2922.3583984375,True,0.0,587,6.956429099804777e-05,-0.00021792119080177308,-9.448542937850843e-06,True,588,1.9103356987427489,4.824308671391601,1.9013051508184091,0.6266515254974365,-9.366560334456153e-06,0.00375925508767061,-9.366560334182236e-06,-12.977904072571466,-0.45097563871144936,0.0,0.0,-0.0,2922.359375,True,0.0,587,6.9380652896606e-05,-0.00021783235628569653,9.08351108425546e-06,True,588,172.08238468681805,303.1212757836882,172.0733541388937,0.6266516447067261,-9.50051617110148e-06,56.160535301943234,-9.500516170815643e-06,267.9857585285592,3.568521518378445e-05,51.08021026630844,0.0,-0.0,2959.02734375,True,0.0,587,8.227193203217773e-05,56.15649708507802,-9.64049306885146e-06,True,588,172.0757532718235,303.10594420019953,172.06672272389915,0.6266515254974365,-9.50051617110148e-06,56.15834705420432,-9.500516170815643e-06,267.9873985963686,-0.0017474853110714301,51.08021026630844,0.0,-0.0,2959.027587890625,True,0.0,587,8.226360985187632e-05,56.15490964720267,0.0004400760236683702,True,588
2.950000000000,354,full_throttle,0.0,1.0,0.0,1,-2.9236245609354228e-05,1.6220215559005737,0.418944388628006,-0.0013660580152645707,0.6262462735176086,0.036752913147211075,4.599429814788891e-07,grass,0.0,1.0,0.0,5610.035564932701,5,-0.024216173216700554,3.47531840816373e-06,0.16482356779469776,563.8031780719756,-0.0,5889.88842832041,5882.11157167959,7.696688442138111e-08,0,True,-0.0,True,0,0,5.693935236195102e-06,0.6262462735176086,0.08204057067632675,False,True,-0.8400030136108398,2.7223105430603027,0.0,0.0,0.0,1.0,2930.242919921875,2930.242919921875,0.33965006470680237,0.06034994125366211,0.0,grass,True,0.8399969339370728,2.7222704887390137,0.0,0.0,0.0,1.0,2930.2431640625,2930.2431640625,0.33965006470680237,0.06034994125366211,0.0,grass,True,-0.8400554656982422,0.5223101377487183,7.450580596923828e-09,0.0,0.0,1.0,2944.6025390625,2944.6025390625,0.3382388651371002,0.06176114082336426,0.0,grass,True,0.8399444818496704,0.5222700238227844,7.450580596923828e-09,0.0,0.0,1.0,2944.6025390625,2944.6025390625,0.3382388651371002,0.06176114082336426,0.0,grass,594,1.9072636346015186,4.918910492177961,1.9009782270210833,0.6256871819496155,-9.330697139375843e-06,0.0037098174688856567,-9.33069713910506e-06,-12.93359243458753,0.46728296950854536,0.0,0.0,-0.0,2929.67724609375,True,0.0,593,6.778526003033543e-05,-0.00021654627525613535,-9.388458688810195e-06,True,594,1.907353108357265,4.919109850801227,1.9010677007768297,0.625687301158905,-9.330697139375843e-06,0.003739224598992452,-9.33069713910506e-06,-12.928529262989114,-0.4509251891363992,0.0,0.0,-0.0,2929.680419921875,True,0.0,593,6.761294811132365e-05,-0.00021646126449281766,9.059794952918853e-06,True,594,170.95019100302167,311.6949497776563,170.94390559544124,0.6256871819496155,-9.161682100966573e-06,55.78787584904754,-9.16168210071024e-06,267.15434072218744,3.433559006398022e-05,45.296983260594224,0.0,-0.0,2945.645751953125,True,0.0,593,8.2952658067362e-05,55.783859278496,-9.271791898754995e-06,True,594,170.9435385251607,311.6792860431236,170.93725311758027,0.625687301158905,-9.161682100966573e-06,55.78568041214413,-9.16168210071024e-06,267.15600456484924,-0.0017507754963796743,45.296983260594224,0.0,-0.0,2945.64599609375,True,0.0,593,8.295827970646855e-05,55.782261730724734,0.00043934412465470283,True,594
3.000000000000,360,full_throttle,0.0,1.0,0.0,1,-2.8947029932169244e-05,1.6532992124557495,0.41893884539604187,-0.0013656122609972954,0.6250669956207275,0.023915201425552368,6.138903927421779e-07,grass,0.0,1.0,0.0,5487.0506054735615,5,-0.02292436547577381,3.4720471830951283e-06,0.1641979616239996,562.732172012329,-0.0,5890.32969915215,5881.67030084785,2.1717822562550282e-07,0,True,-0.0,True,0,0,5.841309302923037e-06,0.6250669956207275,0.08108988404273987,False,True,-0.840002715587616,2.7534942626953125,0.0,0.0,0.0,1.0,2930.747802734375,2930.747802734375,0.33939799666404724,0.060602009296417236,0.0,grass,True,0.8399971723556519,2.7534542083740234,0.0,0.0,0.0,1.0,2930.748291015625,2930.748291015625,0.33939799666404724,0.060602009296417236,0.0,grass,True,-0.8400551676750183,0.5534940958023071,-3.725290298461914e-09,0.0,0.0,1.0,2944.36328125,2944.36328125,0.3384797275066376,0.061520278453826904,0.0,grass,True,0.8399447798728943,0.5534539818763733,-3.725290298461914e-09,0.0,0.0,1.0,2944.36376953125,2944.36376953125,0.3384797275066376,0.061520278453826904,0.0,grass,600,1.904440277495564,5.013704684857308,1.9010200083788047,0.6247625946998596,-9.315766874351539e-06,0.0037026968736765253,-9.315766874082053e-06,-12.9392321805409,0.4670430580028734,0.0,0.0,-0.0,2930.954833984375,True,0.0,599,6.797349833680312e-05,-0.0002165462659230455,-9.3795481651032e-06,True,600,1.904530464353875,5.013908758316644,1.9011101952371157,0.624763011932373,-9.315766874351539e-06,0.003732041304405742,-9.315766874082053e-06,-12.93438238135954,-0.45170673387514076,0.0,0.0,-0.0,2930.955322265625,True,0.0,599,6.780815605076965e-05,-0.00021646506167050106,9.071549730076156e-06,True,600,169.69781342964768,320.2086986533323,169.69439316053092,0.6247625946998596,-8.838867870508693e-06,55.375515837083874,-8.838867870278512e-06,267.4114436286767,3.330594629413325e-05,41.761836395929606,0.0,-0.0,2943.778076171875,True,0.0,599,8.484189251268532e-05,55.37150635108367,-8.951303549398866e-06,True,600,169.69113951651062,320.192701708535,169.68771924739386,0.624763011932373,-8.838866961013991e-06,55.37331302851614,-8.83886696078381e-06,267.41311544838686,-0.0017692730826086777,41.761836395929606,0.0,-0.0,2943.778076171875,True,0.0,599,8.485674210043403e-05,55.36990143164402,0.0004402858983510606,True,600
3.050000000000,366,coast,0.0,0.0,0.0,1,-2.8651156753767282e-05,1.6845206022262573,0.418890118598938,-0.0013647460145875812,0.6239894032478333,0.017812002450227737,7.144308824535983e-07,grass,0.0,0.0,0.0,5394.947913885801,5,-0.020509224385023117,2.308569946762873e-06,0.16362194827388976,561.7442607879638,-0.0,5890.52389850255,5881.47610149745,3.7284914355950605e-07,0,True,-0.0,True,0,0,5.957523171673529e-06,0.6239894032478333,0.08042846620082855,False,True,-0.8400024175643921,2.7846710681915283,-1.4901161193847656e-08,0.0,0.0,1.0,2931.7138671875,2931.7138671875,0.33923211693763733,0.06076788902282715,0.0,grass,True,0.8399975299835205,2.7846310138702393,-1.4901161193847656e-08,0.0,0.0,1.0,2931.713623046875,2931.713623046875,0.33923211693763733,0.06076788902282715,0.0,grass,True,-0.8400548696517944,0.5846708416938782,-3.725290298461914e-09,0.0,0.0,1.0,2948.796630859375,2948.796630859375,0.3385482132434845,0.06145179271697998,0.0,grass,True,0.8399450778961182,0.5846307873725891,-2.2351741790771484e-08,0.0,0.0,1.0,2948.79931640625,2948.79931640625,0.3385481536388397,0.061451852321624756,0.0,grass,606,1.9016602313108266,5.108480602040198,1.900078345458907,0.6238484978675842,-9.289739864470903e-06,0.0036993784649885786,-9.28973986420367e-06,-12.932028956472822,0.46636597634636534,0.0,0.0,-0.0,2931.556396484375,True,0.0,605,6.772059947662352e-05,-0.00021638129682244323,-9.364028107701908e-06,True,606,1.9017511467252028,5.108689421944887,1.9001692608732832,0.623849093914032,-9.289738954976201e-06,0.003728784505285021,-9.289738954708969e-06,-12.92715960681963,-0.45201051328325215,0.0,0.0,-0.0,2931.55615234375,True,0.0,605,6.755471561475537e-05,-0.00021629983622062365,9.075789573470293e-06,True,606,167.9952213650885,328.6489416330763,167.99363947923658,0.6238484978675842,-8.471011824440211e-06,54.814574552611624,-8.47101182423759e-06,268.37855103802843,3.2244826583982676e-05,27.531099343980458,5.8608,5.8608,2947.919921875,True,0.0,605,8.812203248909314e-05,54.81056856773066,-8.590735652287379e-06,True,606,167.98852509988237,328.63261039006625,167.98694321403045,0.623849093914032,-8.471011824440211e-06,54.81236418904715,-8.47101182423759e-06,268.38053491603523,-0.001802278289122602,27.531099343980458,5.8608,5.8608,2947.9228515625,True,0.0,605,8.81252040677961e-05,54.80895424411864,0.0004423649696784074,True,606
3.100000000000,372,coast,0.0,0.0,0.0,1,-2.8348935302346945e-05,1.7156920433044434,0.41881999373435974,-0.0013634543865919113,0.623047947883606,0.014814765192568302,7.718415986346372e-07,grass,0.0,0.0,0.0,5315.218754442935,5,-0.017765989527106285,3.6806102343689417e-06,0.16311676990204346,560.8764052391051,-0.0,5890.4885948109995,5881.5114051890005,5.011988832848147e-07,0,True,-0.0,True,0,0,6.117591055954108e-06,0.623047947883606,0.08036494255065918,False,True,-0.840002179145813,2.8158204555511475,-1.1175870895385742e-08,0.0,0.0,1.0,2937.461669921875,2937.461669921875,0.3391045033931732,0.06089550256729126,0.0,grass,True,0.8399977684020996,2.8157804012298584,-2.2351741790771484e-08,0.0,0.0,1.0,2937.46484375,2937.46484375,0.33910444378852844,0.060895562171936035,0.0,grass,True,-0.8400545120239258,0.6158204078674316,-7.450580596923828e-09,0.0,0.0,1.0,2950.767578125,2950.767578125,0.3385356366634369,0.06146436929702759,0.0,grass,True,0.8399454355239868,0.6157803535461426,-2.60770320892334e-08,0.0,0.0,1.0,2950.770751953125,2950.770751953125,0.3385355770587921,0.06146442890167236,0.0,grass,612,1.8988521858029852,5.203179398293211,1.8975254264571557,0.6229296922683716,-9.247603884432465e-06,0.0036915290466135176,-9.247603884168853e-06,-12.876318758494103,0.4659245245696105,0.0,0.0,-0.0,2935.792236328125,True,0.0,611,6.579172046463926e-05,-0.00021513823157970347,-9.341663248379921e-06,True,612,1.8989434627551276,5.2033929981346585,1.8976167034092981,0.6229305267333984,-9.247603884432465e-06,0.0037208159757936565,-9.247603884168853e-06,-12.871255923253267,-0.44918228592275117,0.0,0.0,-0.0,2935.79296875,True,0.0,611,6.5623733670604e-05,-0.00021505358390982998,9.005983480480312e-06,True,612,165.5084670958875,336.9881269264668,165.50714033654168,0.6229296922683716,-8.147051630658098e-06,53.99486444937451,-8.147051630477846e-06,269.59000187723825,3.156667250833461e-05,18.1496192816367,39.072,39.072,2951.498779296875,True,0.0,611,9.294389481889278e-05,53.990867938524744,-8.292719161424952e-06,True,612,165.50174844061544,336.97146024835894,165.50042168126961,0.6229305267333984,-8.147051630658098e-06,53.992646458669704,-8.147051630477846e-06,269.5918081495662,-0.0018477083294198848,18.1496192816367,39.072,39.072,2951.4990234375,True,0.0,611,9.296538200688498e-05,53.98924044546598,0.0004447402757815819,True,612
3.150000000000,378,coast,0.0,0.0,0.0,1,-2.8039776225341484e-05,1.7468197345733643,0.41875818371772766,-0.0013617646181955934,0.6222153902053833,0.010498232208192348,7.881774308771128e-07,grass,0.0,0.0,0.0,5231.103090046974,5,-0.01583382487297058,2.4406529064435745e-06,0.16267281665763675,560.1126194000243,-0.0,5890.315023828516,5881.684976171484,6.5599124354776e-07,0,True,-0.0,True,0,0,6.225850029295543e-06,0.6222153902053833,0.08078311383724213,False,True,-0.8400018215179443,2.846916437149048,2.2351741790771484e-08,0.0,0.0,1.0,2945.224853515625,2945.224853515625,0.3389597237110138,0.061040282249450684,0.0,grass,True,0.8399981260299683,2.846876621246338,2.2351741790771484e-08,0.0,0.0,1.0,2945.224853515625,2945.224853515625,0.3389597237110138,0.061040282249450684,0.0,grass,True,-0.8400541543960571,0.6469163298606873,3.725290298461914e-09,0.0,0.0,1.0,2947.113525390625,2947.113525390625,0.3385566174983978,0.06144338846206665,0.0,grass,True,0.8399457931518555,0.6468765735626221,3.725290298461914e-09,0.0,0.0,1.0,2947.113525390625,2947.113525390625,0.3385566174983978,0.06144338846206665,0.0,grass,618,1.8961871342177976,5.297721190539278,1.8944993644397248,0.622065007686615,-9.272257557313424e-06,0.0036767466052582964,-9.272257557047698e-06,-12.90783099750858,0.46663284986996934,0.0,0.0,-0.0,2944.193359375,True,0.0,617,6.681631638418212e-05,-0.00021504932986704528,-9.32916795957354e-06,True,618,1.8962794571993453,5.297939594064173,1.8945916874212725,0.6220661401748657,-9.272258466808125e-06,0.0037060807009182684,-9.2722584665424e-06,-12.903617992214686,-0.4533827576736107,0.0,0.0,-0.0,2944.196044921875,True,0.0,617,6.667459930878532e-05,-0.0002149789403341762,9.06425685408468e-06,True,618,162.34619108194389,345.17853283488625,162.3445033121658,0.622065007686615,-7.831756192899775e-06,52.95217804935487,-7.831756192739652e-06,270.417222851444,3.065266059242867e-05,11.964966453124303,39.072,39.072,2947.822998046875,True,0.0,617,9.877500111787427e-05,52.948196190050574,-7.928843761306739e-06,True,618,162.33944878337132,345.1615295632728,162.33776101359325,0.6220661401748657,-7.831756192899775e-06,52.94995195833767,-7.831756192739652e-06,270.4190807836698,-0.0018974927647925223,11.964966453124303,39.072,39.072,2947.822998046875,True,0.0,617,9.879166466035118e-05,52.94656125216955,0.0004465498440237496,True,618
3.200000000000,384,coast,0.0,0.0,0.0,1,-2.7725272957468405e-05,1.7779086828231812,0.41872116923332214,-0.0013596343342214823,0.621478796005249,0.005411078687757254,6.497213007605751e-07,grass,0.0,0.0,0.0,5140.5350122794325,5,-0.01395370438694954,3.4379027056274936e-06,0.16227978869862092,559.4355762004851,-0.0,5890.065610546963,5881.934389453037,8.080041880020872e-07,0,True,-0.0,True,0,0,6.336791557259858e-06,0.621478796005249,0.08131442964076996,False,True,-0.8400015830993652,2.8779678344726562,2.9802322387695312e-08,0.0,0.0,1.0,2949.60986328125,2949.60986328125,0.3388250172138214,0.061174988746643066,0.0,grass,True,0.8399983644485474,2.8779284954071045,2.9802322387695312e-08,0.0,0.0,1.0,2949.609375,2949.609375,0.3388250172138214,0.061174988746643066,0.0,grass,True,-0.8400537967681885,0.6779681444168091,-1.4901161193847656e-08,0.0,0.0,1.0,2942.32470703125,2942.32470703125,0.3386172950267792,0.0613827109336853,0.0,grass,True,0.8399461507797241,0.6779283285140991,1.1175870895385742e-08,0.0,0.0,1.0,2942.327392578125,2942.327392578125,0.3386172354221344,0.06138277053833008,0.0,grass,624,1.8939048514911982,5.392127897554496,1.892172947267637,0.6213244795799255,-9.266894267057069e-06,0.003664121412169874,-9.266894266791803e-06,-12.943504942554506,0.4678690194621181,0.0,0.0,-0.0,2949.064697265625,True,0.0,623,6.801771897785876e-05,-0.00021528746458954195,-9.33843155529417e-06,True,624,1.8939980438035704,5.392351140773997,1.892266139580009,0.6213257908821106,-9.26689517655177e-06,0.003693563573067715,-9.266895176286505e-06,-12.939910584302417,-0.4560933143948816,0.0,0.0,-0.0,2949.063720703125,True,0.0,623,6.789512669894669e-05,-0.00021522774871252093,9.103397337838723e-06,True,624,159.04057162197745,353.2067009047815,159.0388397177539,0.6213244795799255,-7.492591976188123e-06,51.862064155672634,-7.492591976047915e-06,271.24995952598834,2.9858493601573712e-05,7.887792024884835,39.072,39.072,2943.147705078125,True,0.0,623,0.00010530546794782783,51.85809442715932,-7.598569859451084e-06,True,624,159.03380493117857,353.18935985013127,159.032073026955,0.6213257908821106,-7.492592430935474e-06,51.85982983640682,-7.492592430795266e-06,271.2518757601766,-0.0019510891039648509,7.887792024884835,39.072,39.072,2943.1474609375,True,0.0,623,0.0001053210150579938,51.85645227412228,0.0004483477126198045,True,624
3.250000000000,390,coast,0.0,0.0,0.0,1,-2.740476884355303e-05,1.808963656425476,0.4187081754207611,-0.0013570869341492653,0.6208371520042419,0.00045592201058752835,5.675423153661541e-07,grass,0.0,0.0,0.0,5044.581086864275,5,-0.011994792148470879,2.2461563276010565e-06,0.1619364151966022,558.8433980941771,-0.0,5889.764348623786,5882.235651376214,9.539835446048528e-07,0,True,-0.0,True,0,0,6.456158189394046e-06,0.6208371520042419,0.0816926583647728,False,True,-0.8400013446807861,2.908986806869507,-1.4901161193847656e-08,0.0,0.0,1.0,2951.68017578125,2951.68017578125,0.33871689438819885,0.061283111572265625,0.0,grass,True,0.8399986028671265,2.908946990966797,-1.4901161193847656e-08,0.0,0.0,1.0,2951.679931640625,2951.679931640625,0.33871689438819885,0.061283111572265625,0.0,grass,True,-0.8400534391403198,0.7089868187904358,-2.9802322387695312e-08,0.0,0.0,1.0,2937.728515625,2937.728515625,0.33869948983192444,0.06130051612854004,0.0,grass,True,0.8399465084075928,0.7089470028877258,0.0,0.0,0.0,1.0,2937.73388671875,2937.73388671875,0.3386993706226349,0.06130063533782959,0.0,grass,630,1.8919895189605855,5.48643347111469,1.8904807428620958,0.6207025051116943,-9.251600204152055e-06,0.003654036145298911,-9.251600203888101e-06,-12.985669160625761,0.4682680076705479,0.0,0.0,-0.0,2951.45068359375,True,0.0,629,6.948021777171352e-05,-0.0002158141826446025,-9.338840637791656e-06,True,630,1.8920836041413887,5.486661590022071,1.890574828042899,0.6207041144371033,-9.251600204152055e-06,0.0036834749295550084,-9.251600203888101e-06,-12.98248582576081,-0.45970922420142973,0.0,0.0,-0.0,2951.450439453125,True,0.0,629,6.936935509249194e-05,-0.00021576129303302327,9.1681503794615e-06,True,630,155.63756110389315,361.06680622045127,155.63605232779466,0.6207025051116943,-7.15673559170682e-06,50.739692659173045,-7.156735591584633e-06,272.1658740577551,2.903982534142724e-05,5.199952985375112,39.072,39.072,2938.4287109375,True,0.0,629,0.00011268504696705238,50.73573224967752,-7.268538985490828e-06,True,630,155.6307685611694,361.04912612749615,155.6292597850709,0.6207041144371033,-7.15673559170682e-06,50.737449510748796,-7.156735591584633e-06,272.16814995309034,-0.0020095455535404138,5.199952985375112,39.072,39.072,2938.431396484375,True,0.0,629,0.00011269386632606227,50.73408281558624,0.00045028574953669484,True,630
3.300000000000,396,coast,0.0,0.0,0.0,1,-2.707867679418996e-05,1.839989423751831,0.4187093675136566,-0.001354111242108047,0.6202995777130127,-0.0036814387422055006,5.106332991999807e-07,grass,0.0,0.0,0.0,4944.348449279679,5,-0.009827696718275547,2.7469311589811696e-06,0.1616467330365336,558.3433270454406,-0.0,5889.415165184168,5882.584834815832,1.098595021176152e-06,0,True,-0.0,True,0,0,6.573893642780604e-06,0.6202995777130127,0.08184511214494705,False,True,-0.8400010466575623,2.9399821758270264,1.862645149230957e-08,0.0,0.0,1.0,2952.349365234375,2952.349365234375,0.33863869309425354,0.06136131286621094,0.0,grass,True,0.8399989008903503,2.9399425983428955,1.862645149230957e-08,0.0,0.0,1.0,2952.349609375,2952.349609375,0.33863869309425354,0.06136131286621094,0.0,grass,True,-0.8400530219078064,0.7399824261665344,-1.1175870895385742e-08,0.0,0.0,1.0,2934.4287109375,2934.4287109375,0.33878007531166077,0.06121993064880371,0.0,grass,True,0.8399469256401062,0.7399426102638245,1.862645149230957e-08,0.0,0.0,1.0,2934.431640625,2934.431640625,0.338780015707016,0.061219990253448486,0.0,grass,636,1.8904441690217726,5.5806678606681785,1.8893309237580769,0.6201999187469482,-9.281245183956344e-06,0.0036466570302366996,-9.281245183689843e-06,-13.038283859475364,0.4693850341953045,0.0,0.0,-0.0,2952.30615234375,True,0.0,635,7.135398034257565e-05,-0.00021662584765624882,-9.358407357562044e-06,True,636,1.8905392934544034,5.580900894405796,1.8894260481907077,0.6202017664909363,-9.281246093451045e-06,0.003676200349016834,-9.281246093184545e-06,-13.035939775500177,-0.4627721225265156,0.0,0.0,-0.0,2952.30615234375,True,0.0,635,7.127061806106241e-05,-0.00021658689993375724,9.22656178203698e-06,True,636,152.1662653698222,368.7548344576012,152.16515212455852,0.6201999187469482,-6.868823220429476e-06,49.59466765329439,-6.868823220321451e-06,273.27224276957133,2.8307208049682603e-05,3.4280202830913664,39.072,39.072,2934.865478515625,True,0.0,635,0.00012110733595191225,49.59071345023723,-6.963296216069268e-06,True,636,152.15944627393236,368.7368139936367,152.15833302866866,0.6202017664909363,-6.868823220429476e-06,49.59241550390674,-6.868823220321451e-06,273.27436649101173,-0.002074394403480302,3.4280202830913664,39.072,39.072,2934.865478515625,True,0.0,635,0.00012111355851972035,49.58905704257752,0.00045250990825283966,True,636
3.350000000000,402,coast,0.0,0.0,0.0,1,-2.6746978619485162e-05,1.8709917068481445,0.41871416568756104,-0.0013507147086784244,0.6198803186416626,-0.006620034109801054,5.686583222086483e-07,grass,0.0,0.0,0.0,4840.796529442905,5,-0.0073097385466098785,2.76358309747593e-06,0.16141739642417177,557.9471111297606,-0.0,5889.014515422321,5882.985484577679,1.2466298358049244e-06,0,True,-0.0,True,0,0,6.683709216304123e-06,0.6198803186416626,0.0818203017115593,False,True,-0.8400008082389832,2.9709630012512207,-3.725290298461914e-08,0.0,0.0,1.0,2952.244873046875,2952.244873046875,0.3385871350765228,0.06141287088394165,0.0,grass,True,0.8399991393089294,2.97092342376709,-3.725290298461914e-08,0.0,0.0,1.0,2952.24560546875,2952.24560546875,0.3385871350765228,0.06141287088394165,0.0,grass,True,-0.8400526642799377,0.7709630727767944,1.1175870895385742e-08,0.0,0.0,1.0,2932.848876953125,2932.848876953125,0.3388412296772003,0.06115877628326416,0.0,grass,True,0.8399472832679749,0.7709234952926636,1.1175870895385742e-08,0.0,0.0,1.0,2932.84912109375,2932.84912109375,0.3388412296772003,0.06115877628326416,0.0,grass,642,1.8892812170872895,5.674856142309505,1.8886262924263684,0.6198211908340454,-9.319908713223413e-06,0.0036416108047601092,-9.319908712953568e-06,-13.104301081736056,0.47067739411380854,0.0,0.0,-0.0,2952.300537109375,True,0.0,641,7.377057401953081e-05,-0.00021772315152990274,-9.38419444326483e-06,True,642,1.8893775771084196,5.675094136178814,1.8887226524474985,0.6198232769966125,-9.319908713223413e-06,0.0036713234491659863,-9.319908712953568e-06,-13.102592098031304,-0.46648961835045033,0.0,0.0,-0.0,2952.30078125,True,0.0,641,7.370805565158774e-05,-0.00021769473817223606,9.30069929244852e-06,True,642,148.64471387886434,376.2679017214028,148.64405895420342,0.6198211908340454,-6.582416972378269e-06,48.43293438919119,-6.5824169722832e-06,274.62038227968134,2.753524794562012e-05,2.2598902517650563,39.072,39.072,2932.9931640625,True,0.0,641,0.00013078051035593115,48.4289836319692,-6.65572523803537e-06,True,642,148.63786678868576,376.24953952016074,148.63721186402483,0.6198232769966125,-6.582416062883567e-06,48.43067276326969,-6.582416062788499e-06,274.6226115504466,-0.002146865822962291,2.2598902517650563,39.072,39.072,2932.9931640625,True,0.0,641,0.0001307843680673052,48.42732060841827,0.0004551273613280681,True,642
3.400000000000,408,coast,0.0,0.0,0.0,1,-2.6410001737531275e-05,1.9019768238067627,0.41871559619903564,-0.0013468926772475243,0.6195947527885437,-0.008289298042654991,7.369865215878235e-07,grass,0.0,0.0,0.0,4734.683842875978,5,-0.00453437864780426,1.6317992503900314e-06,0.16125668465365814,557.669287919998,-0.0,5888.556069279891,5883.443930720109,1.4051129255676642e-06,0,True,-0.0,True,0,0,6.772078904759837e-06,0.6195947527885437,0.08171248435974121,False,True,-0.8400005102157593,3.0019359588623047,0.0,0.0,0.0,1.0,2951.759033203125,2951.759033203125,0.3385564386844635,0.06144356727600098,0.0,grass,True,0.8399994373321533,3.001896381378174,0.0,0.0,0.0,1.0,2951.759521484375,2951.759521484375,0.3385564386844635,0.06144356727600098,0.0,grass,True,-0.8400522470474243,0.8019359111785889,0.0,0.0,0.0,1.0,2932.8212890625,2932.8212890625,0.3388747274875641,0.06112527847290039,0.0,grass,True,0.8399477005004883,0.8018963932991028,0.0,0.0,0.0,1.0,2932.821533203125,2932.821533203125,0.3388747274875641,0.06112527847290039,0.0,grass,648,1.888521268308113,5.76901892872927,1.888290252812157,0.6195730566978455,-9.347605555376504e-06,0.003638961843831834,-9.347605555104247e-06,-13.182108938398814,0.47187558497236637,0.0,0.0,-0.0,2951.85498046875,True,0.0,647,7.670806413036183e-05,-0.00021904900830571616,-9.409506888466985e-06,True,648,1.8886190355501697,5.769261929733305,1.8883880200542138,0.6195754408836365,-9.347606464871205e-06,0.003668840847919519,-9.347606464598947e-06,-13.18127052328927,-0.47122544022871143,0.0,0.0,-0.0,2951.858154296875,True,0.0,647,7.667618983905434e-05,-0.0002190348401840403,9.396532445766972e-06,True,648,145.08391322521135,383.60381650633644,145.0836822097154,0.6195730566978455,-6.2621011238661595e-06,47.2581183076219,-6.262101123784306e-06,276.2081937286055,2.6593430787868967e-05,1.4898114737574353,39.072,39.072,2932.736328125,True,0.0,647,0.00014187084506272183,47.254168285613574,-6.32144060439182e-06,True,648,145.07703734012063,383.5851111599153,145.07680632462467,0.6195754408836365,-6.262102033360861e-06,47.25584688135617,-6.262102033279007e-06,276.2105614972485,-0.002227564179821763,1.4898114737574353,39.072,39.072,2932.736572265625,True,0.0,647,0.0001418721475101892,47.25249879908843,0.00045815760018308877,True,648
3.450000000000,414,coast,0.0,0.0,0.0,1,-2.606876842037309e-05,1.932951807975769,0.41871142387390137,-0.0013426109217107296,0.6194561123847961,-0.008866825141012669,8.63073694290506e-07,grass,0.0,0.0,0.0,4626.577900425581,5,-0.0014946419978514314,1.2935390714119421e-06,0.1611713497442966,557.5217127799987,-0.0,5888.03917990506,5883.96082009494,1.5691330190747976e-06,0,True,-0.0,True,0,0,6.8528975134540815e-06,0.6194561123847961,0.08160858601331711,False,True,-0.8400002717971802,3.0329067707061768,1.4901161193847656e-08,0.0,0.0,1.0,2951.105224609375,2951.105224609375,0.338541179895401,0.06145882606506348,0.0,grass,True,0.8399996757507324,3.032867193222046,1.4901161193847656e-08,0.0,0.0,1.0,2951.105224609375,2951.105224609375,0.338541179895401,0.06145882606506348,0.0,grass,True,-0.8400517702102661,0.8329067230224609,0.0,0.0,0.0,1.0,2933.95556640625,2933.95556640625,0.33888164162635803,0.061118364334106445,0.0,grass,True,0.8399481773376465,0.8328673243522644,0.0,0.0,0.0,1.0,2933.95556640625,2933.95556640625,0.33888164162635803,0.061118364334106445,0.0,grass,654,1.888184428769002,5.863173538003409,1.8882754133966064,0.6194628477096558,-9.389554179506376e-06,0.0036380137841148796,-9.389554179230437e-06,-13.271714619400504,0.47371106882515845,0.0,0.0,-0.0,2951.217041015625,True,0.0,653,8.021099416930856e-05,-0.000220585727815914,-9.44815334744072e-06,True,654,1.8882834354370506,5.8634216000457995,1.888374420064655,0.6194654703140259,-9.389554179506376e-06,0.00366806338020087,-9.389554179230437e-06,-13.27149652331113,-0.4760622160597302,0.0,0.0,-0.0,2951.22021484375,True,0.0,653,8.020173766287653e-05,-0.00022058186563844728,9.495036667249164e-06,True,654,141.49058918081053,390.76080853986883,141.49068016543814,0.6194628477096558,-5.943875294178724e-06,46.07243158195782,-5.943875294108726e-06,277.99719094881925,2.5604343523012466e-05,0.9821442548397032,39.072,39.072,2933.613037109375,True,0.0,653,0.00015453224630867702,46.068480449963126,-5.9900145336148844e-06,True,654,141.48368258304913,390.74175856200407,141.48377356767674,0.6194654703140259,-5.943875294178724e-06,46.07014978209219,-5.943875294108726e-06,277.9996852506502,-0.0023163620865102627,0.9821442548397032,39.072,39.072,2933.61328125,True,0.0,653,0.00015454639628649476,46.06680440404896,0.00046150771207050835,True,654
3.500000000000,420,coast,0.0,0.0,0.0,1,-2.5723231374286115e-05,1.9639244079589844,0.4187036454677582,-0.0013378692092373967,0.6194755434989929,-0.008707590401172638,1.0205992566625355e-06,grass,0.0,0.0,0.0,4516.887452780433,5,0.001723724533803761,1.135121010520379e-06,0.16116750384630593,557.5150609016417,-0.0,5887.465077883958,5884.534922116042,1.7288093658862635e-06,0,True,-0.0,True,0,0,6.9402949520736e-06,0.6194755434989929,0.0815901979804039,False,True,-0.8400000333786011,3.063880443572998,3.725290298461914e-09,0.0,0.0,1.0,2950.391845703125,2950.391845703125,0.33853647112846375,0.06146353483200073,0.0,grass,True,0.8399999141693115,3.0638413429260254,-1.1175870895385742e-08,0.0,0.0,1.0,2950.39501953125,2950.39501953125,0.33853641152381897,0.06146359443664551,0.0,grass,True,-0.8400514125823975,0.863880455493927,-1.4901161193847656e-08,0.0,0.0,1.0,2935.771728515625,2935.771728515625,0.3388707935810089,0.061129212379455566,0.0,grass,True,0.8399485349655151,0.8638411164283752,-1.4901161193847656e-08,0.0,0.0,1.0,2935.771728515625,2935.771728515625,0.3388707935810089,0.061129212379455566,0.0,grass,660,1.8882893353442072,5.957335244687886,1.888548602510464,0.6194971203804016,-9.41582584346179e-06,0.003638360283186759,-9.415825843183527e-06,-13.37020681778707,0.4758877801582623,0.0,0.0,-0.0,2950.508056640625,True,0.0,659,8.421223746274123e-05,-0.00022227620205028664,-9.493852780360056e-06,True,660,1.8883899280605425,5.957588424489328,1.8886491952267994,0.6194999814033508,-9.41582584346179e-06,0.0036686948566282407,-9.415825843183527e-06,-13.370829932811311,-0.4811834570123617,0.0,0.0,-0.0,2950.51123046875,True,0.0,659,8.42370046786846e-05,-0.00022228632265863801,9.599489975250417e-06,True,660,137.86859571922474,397.73735926347535,137.868854986391,0.6194971203804016,-5.6194994613179006e-06,44.87713946696377,-5.619499461258748e-06,279.9867807924733,2.4628183727825544e-05,0.6474693975082711,39.072,39.072,2935.529541015625,True,0.0,659,0.00016899271831765338,44.873185459508505,-5.675149604538956e-06,True,660,137.86165700889907,397.717963076438,137.86191627606533,0.6194999814033508,-5.6194994613179006e-06,44.87484683153335,-5.619499461258748e-06,279.9894133770347,-0.0024139072496673613,0.6474693975082711,39.072,39.072,2935.52978515625,True,0.0,659,0.0001690256101262259,44.87150292867425,0.0004651675123625804,True,660
3.550000000000,426,coast,0.0,0.0,0.0,1,-2.5373978132847697e-05,1.9949027299880981,0.4186963737010956,-0.0013326455373317003,0.6196544170379639,-0.008222575299441814,1.0766581226562266e-06,grass,0.0,0.0,0.0,4405.9000557479485,5,0.004885029513388872,7.947524238716142e-08,0.16124688131309234,557.6523363590239,-0.0,5886.846118315372,5885.153881684628,1.902430085465312e-06,0,True,-0.0,True,0,0,7.009270120761357e-06,0.6196544170379639,0.08163321018218994,False,True,-0.839999794960022,3.094862461090088,-1.4901161193847656e-08,0.0,0.0,1.0,2949.924072265625,2949.924072265625,0.3385384976863861,0.06146150827407837,0.0,grass,True,0.8400001525878906,3.0948233604431152,-1.4901161193847656e-08,0.0,0.0,1.0,2949.923828125,2949.923828125,0.3385384976863861,0.06146150827407837,0.0,grass,True,-0.8400509357452393,0.894862174987793,3.725290298461914e-08,0.0,0.0,1.0,2936.7734375,2936.7734375,0.3388541638851166,0.0611458420753479,0.0,grass,True,0.8399490118026733,0.8948230743408203,3.725290298461914e-08,0.0,0.0,1.0,2936.772705078125,2936.772705078125,0.3388541638851166,0.0611458420753479,0.0,grass,666,1.8888467580737072,6.051519166890922,1.889159526927908,0.6196805834770203,-9.48254091781564e-06,0.0036388466873030767,-9.482540917531422e-06,-13.471166151829982,0.4778579659326133,0.0,0.0,-0.0,2949.9970703125,True,0.0,665,8.848159854512768e-05,-0.00022399347963486527,-9.53481315653588e-06,True,666,1.888948926743151,6.051777523744366,1.8892616955973518,0.6196837425231934,-9.482541827310342e-06,0.003669403302046459,-9.482541827026124e-06,-13.472845835131753,-0.48686496835849086,0.0,0.0,-0.0,2950.000244140625,True,0.0,665,8.855184144057584e-05,-0.00022402116915121173,9.714521536952495e-06,True,666,134.22088327996673,404.5321083238162,134.22119604882093,0.6196805834770203,-5.304971637087874e-06,43.673210898912004,-5.304971637038108e-06,282.0099876472058,2.3358925466153415e-05,0.42683813364885426,39.072,39.072,2936.6484375,True,0.0,665,0.00018528320148591116,43.669254012424844,-5.3223006321980495e-06,True,666,134.21390951021021,404.5123642597897,134.21422227906442,0.6196837425231934,-5.304973456077278e-06,43.67090639584618,-5.304973456027512e-06,282.0133109667797,-0.0025183323669195974,0.42683813364885426,39.072,39.072,2936.654296875,True,0.0,665,0.00018529912273413418,43.66756396197205,0.00046891630632919204,True,666
3.600000000000,432,coast,0.0,0.0,0.0,1,-2.5021216060849838e-05,2.0258948802948,0.4186917841434479,-0.0013269232586026192,0.6199907064437866,-0.00766558526083827,9.984225926018553e-07,grass,0.0,0.0,0.0,4293.8233395879615,5,0.008039327338337898,7.691446626267862e-07,0.16140827104106534,557.9313397407531,-0.0,5886.198123288083,5885.801876711917,2.0771367417182773e-06,0,True,-0.0,True,0,0,7.0793180384498555e-06,0.6199907064437866,0.081692174077034,False,True,-0.8399995565414429,3.1258585453033447,-1.1175870895385742e-08,0.0,0.0,1.0,2949.464111328125,2949.464111328125,0.338544636964798,0.061455368995666504,0.0,grass,True,0.8400003910064697,3.125819444656372,-2.60770320892334e-08,0.0,0.0,1.0,2949.466552734375,2949.466552734375,0.3385445773601532,0.06145542860031128,0.0,grass,True,-0.840050458908081,0.9258583188056946,7.450580596923828e-09,0.0,0.0,1.0,2937.19091796875,2937.19091796875,0.33883896470069885,0.061161041259765625,0.0,grass,True,0.8399494886398315,0.9258193969726562,7.450580596923828e-09,0.0,0.0,1.0,2937.190185546875,2937.190185546875,0.33883896470069885,0.061161041259765625,0.0,grass,672,1.8898661393099634,6.14574368153792,1.8901711120628921,0.6200160384178162,-9.518934348307084e-06,0.0036397875544718072,-9.518934348019581e-06,-13.576167317421556,0.480519819248115,0.0,0.0,-0.0,2949.5380859375,True,0.0,671,9.3108556554509e-05,-0.00022577459135220135,-9.589422251599558e-06,True,672,1.8899697251129468,6.146007278452018,1.8902746978658755,0.6200194954872131,-9.518933438812383e-06,0.0036705138000593385,-9.51893343852488e-06,-13.57847549717889,-0.491967794389223,0.0,0.0,-0.0,2949.54345703125,True,0.0,671,9.320960333505537e-05,-0.00022581256753317902,9.817864161949741e-06,True,672,130.5495451099131,411.1438273432389,130.54985008266604,0.6200160384178162,-4.957719283993356e-06,42.46133384785351,-4.957719283952737e-06,284.0914802704051,2.206212656279751e-05,0.28138904022025185,39.072,39.072,2937.15087890625,True,0.0,671,0.00020363483405239462,42.4573735511364,-4.984907256372835e-06,True,672,130.54253430173523,411.1237335786563,130.54283927448816,0.6200194954872131,-4.957718374498654e-06,42.45901682408542,-4.9577183744580355e-06,284.09435868759533,-0.002630427385022303,0.28138904022025185,39.072,39.072,2937.150390625,True,0.0,671,0.00020366311761211919,42.45567563146076,0.0004727461286298466,True,672
3.650000000000,438,coast,0.0,0.0,0.0,1,-2.466454498062376e-05,2.056908130645752,0.4186898469924927,-0.0013207144802436233,0.6204853653907776,-0.007172783371061087,9.242781402463152e-07,grass,0.0,0.0,0.0,4180.8025779422715,5,0.011215129867196083,1.3332130492926808e-06,0.16165216879199001,558.3527147769927,-0.0,5885.528281908574,5886.471718091426,2.23826828005258e-06,0,True,-0.0,True,0,0,7.17389502824517e-06,0.6204853653907776,0.08173400163650513,False,True,-0.8399993181228638,3.1568751335144043,1.4901161193847656e-08,0.0,0.0,1.0,2949.08349609375,2949.08349609375,0.3385521471500397,0.061447858810424805,0.0,grass,True,0.8400006294250488,3.15683650970459,1.4901161193847656e-08,0.0,0.0,1.0,2949.08349609375,2949.08349609375,0.3385521471500397,0.061447858810424805,0.0,grass,True,-0.8400499820709229,0.9568750858306885,3.725290298461914e-09,0.0,0.0,1.0,2937.295166015625,2937.295166015625,0.338827520608902,0.0611724853515625,0.0,grass,True,0.8399499654769897,0.9568364024162292,3.725290298461914e-09,0.0,0.0,1.0,2937.295166015625,2937.295166015625,0.338827520608902,0.0611724853515625,0.0,grass,678,1.8913583431219005,6.240029719486189,1.8916238352482462,0.6205070614814758,-9.587204658600967e-06,0.003641191748751327,-9.587204658307233e-06,-13.68478027278721,0.4833056692170673,0.0,0.0,-0.0,2949.13818359375,True,0.0,677,9.810139613142537e-05,-0.00022761177324437387,-9.646330188774023e-06,True,678,1.8914635101035024,6.240298617736059,1.891729002229848,0.6205108165740967,-9.587204658600967e-06,0.0036721417600591444,-9.587204658307233e-06,-13.687947257340737,-0.49722087819033306,0.0,0.0,-0.0,2949.13818359375,True,0.0,677,9.82467562558855e-05,-0.00022766445052668782,9.92406475869669e-06,True,678,126.8555199522938,417.5713621445768,126.85578544442015,0.6205070614814758,-4.672162503993604e-06,41.241814522775485,-4.672162503959608e-06,286.26477512557386,2.0827920760584906e-05,0.18550308820629682,39.072,39.072,2937.288330078125,True,0.0,677,0.0002245246757716469,41.237850189252114,-4.6792809400272644e-06,True,678,126.84847040748933,417.5509167877206,126.84873589961568,0.6205108165740967,-4.672162503993604e-06,41.23948441789739,-4.672162503959608e-06,286.26819092476944,-0.0027515184009730327,0.18550308820629682,39.072,39.072,2937.29150390625,True,0.0,677,0.00022456456692169743,41.236143954476326,0.00047669909733544095,True,678
3.700000000000,444,coast,0.0,0.0,0.0,1,-2.430365748296026e-05,2.0879507064819336,0.4186895191669464,-0.0013140257215127349,0.621140718460083,-0.006806143093854189,9.064133905667404e-07,grass,0.0,0.0,0.0,4066.932574083646,5,0.01446244865655899,1.3667404346051626e-06,0.16197975618738525,558.9181780815123,-0.0,5884.840311442855,5887.159688557145,2.40947883867193e-06,0,True,-0.0,True,0,0,7.2537577580078505e-06,0.621140718460083,0.08175164461135864,False,True,-0.8399990797042847,3.187920093536377,3.3527612686157227e-08,0.0,0.0,1.0,2948.85205078125,2948.85205078125,0.33855876326560974,0.061441242694854736,0.0,grass,True,0.8400008678436279,3.1878817081451416,3.3527612686157227e-08,0.0,0.0,1.0,2948.85205078125,2948.85205078125,0.33855876326560974,0.061441242694854736,0.0,grass,True,-0.8400495052337646,0.9879202246665955,-1.4901161193847656e-08,0.0,0.0,1.0,2937.256591796875,2937.256591796875,0.3388201892375946,0.06117981672286987,0.0,grass,True,0.839950442314148,0.9878815412521362,1.1175870895385742e-08,0.0,0.0,1.0,2937.259521484375,2937.259521484375,0.33882012963294983,0.06117987632751465,0.0,grass,684,1.893337102007555,6.3344001301339015,1.8935530682620276,0.6211578249931335,-9.626510291127488e-06,0.003643418669359577,-9.626510290830125e-06,-13.799997072813571,0.48608823150005837,0.0,0.0,-0.0,2948.87890625,True,0.0,683,0.00010363463187875999,-0.00022954836211297458,-9.702725515050286e-06,True,684,1.8934438563148832,6.334674395092442,1.893659822569356,0.6211618781089783,-9.626510291127488e-06,0.003674594474933235,-9.626510290830125e-06,-13.803994799912182,-0.5030760449268789,0.0,0.0,-0.0,2948.87890625,True,0.0,683,0.00010382676235268684,-0.00022961486317085722,1.0041816381639547e-05,True,684,123.13888534502841,423.8135823200887,123.13910131128289,0.6211578249931335,-4.335499397711828e-06,40.01467433886624,-4.335499397684664e-06,288.56120780759113,1.9323324537887664e-05,0.12229117277324761,39.072,39.072,2937.265380859375,True,0.0,683,0.00024843570230884875,40.01070501677211,-4.349224833976106e-06,True,684,123.13179475488268,423.7927833689103,123.13201072113715,0.6211618781089783,-4.335498488217127e-06,40.01233039100231,-4.335498488189962e-06,288.56482494349314,-0.0028834914844205117,0.12229117277324761,39.072,39.072,2937.2685546875,True,0.0,683,0.00024847479299713193,40.008990064278045,0.00048088517861079533,True,684
3.750000000000,450,coast,0.0,0.0,0.0,1,-2.3938850063132122e-05,2.1190309524536133,0.41868966817855835,-0.0013068370753899217,0.6219623684883118,-0.006574682891368866,9.024593623507826e-07,grass,0.0,0.0,0.0,3952.2683268521346,5,0.017852792516350746,9.368009159516077e-07,0.16239390186332664,559.632235765457,-0.0,5884.132667157196,5887.867332842804,2.5864082999760285e-06,0,True,-0.0,True,0,0,7.32963371774531e-06,0.6219623684883118,0.08175180852413177,False,True,-0.8399988412857056,3.2190024852752686,-1.4901161193847656e-08,0.0,0.0,1.0,2948.756591796875,2948.756591796875,0.338563472032547,0.06143653392791748,0.0,grass,True,0.840001106262207,3.218963623046875,-2.9802322387695312e-08,0.0,0.0,1.0,2948.756591796875,2948.756591796875,0.338563472032547,0.06143653392791748,0.0,grass,True,-0.8400490283966064,1.019002079963684,0.0,0.0,0.0,1.0,2937.187744140625,2937.187744140625,0.3388158977031708,0.0611841082572937,0.0,grass,True,0.8399509191513062,1.0189636945724487,2.9802322387695312e-08,0.0,0.0,1.0,2937.1904296875,2937.1904296875,0.338815838098526,0.06118416786193848,0.0,grass,690,1.8958231026035193,6.42887948219497,1.895993773053253,0.6219753623008728,-9.680579751147889e-06,0.0036462615582886215,-9.680579750845488e-06,-13.923148340636127,0.48893247073152313,0.0,0.0,-0.0,2948.762451171875,True,0.0,689,0.0001098278004269073,-0.00023160606941119433,-9.759889611715698e-06,True,690,1.8959314599201589,6.42915917921651,1.8961021303698926,0.6219796538352966,-9.680578841653187e-06,0.003677727938355857,-9.680578841350786e-06,-13.927791230013934,-0.5095590060435929,0.0,0.0,-0.0,2948.765625,True,0.0,689,0.00011006157425645736,-0.00023168305626519725,1.0171617903634078e-05,True,690,119.39909774061583,429.8693446717037,119.39926841106556,0.6219753623008728,-4.001044544565957e-06,38.77972689210235,-4.001044544544607e-06,291.0059810729802,1.7583917434656257e-05,0.08061930980698709,39.072,39.072,2937.19873046875,True,0.0,689,0.0002759796555622912,38.775751809652675,-4.006340850075602e-06,True,690,119.39196291993285,429.8481899679517,119.39213359038258,0.6219796538352966,-4.001044544565957e-06,38.77736810974255,-4.001044544544607e-06,291.0095549479047,-0.003027991414219802,0.08061930980698709,39.072,39.072,2937.19921875,True,0.0,689,0.00027601832086849817,38.77402738753077,0.00048533541528644655,True,690
3.800000000000,456,coast,0.0,0.0,0.0,1,-2.3570877601741813e-05,2.1501576900482178,0.41868963837623596,-0.0012991157127544284,0.6229568719863892,-0.006454594898968935,7.555626098110224e-07,grass,0.0,0.0,0.0,3836.8340012620492,5,0.021371856331825256,1.1404506494727684e-06,0.16289842820276276,560.5008959770201,-0.0,5883.4022620595815,5888.5977379404185,2.7735932235373184e-06,0,True,-0.0,True,0,0,7.3931946644734126e-06,0.6229568719863892,0.08174479007720947,False,True,-0.8399986028671265,3.2501296997070312,-1.1175870895385742e-08,0.0,0.0,1.0,2948.767333984375,2948.767333984375,0.33856573700904846,0.061434268951416016,0.0,grass,True,0.8400013446807861,3.250091552734375,1.4901161193847656e-08,0.0,0.0,1.0,2948.770263671875,2948.770263671875,0.3385656774044037,0.06143432855606079,0.0,grass,True,-0.8400484323501587,1.0501295328140259,-1.862645149230957e-08,0.0,0.0,1.0,2937.138671875,2937.138671875,0.33881357312202454,0.06118643283843994,0.0,grass,True,0.8399515151977539,1.0500913858413696,-1.862645149230957e-08,0.0,0.0,1.0,2937.138427734375,2937.138427734375,0.33881357312202454,0.06118643283843994,0.0,grass,696,1.898838921207696,6.523494063154513,1.898976700138062,0.6229667663574219,-9.746906471264083e-06,0.0036500776411177993,-9.746906470955424e-06,-14.054196926876198,0.4922334802149364,0.0,0.0,-0.0,2948.76171875,True,0.0,695,0.00011674601602354841,-0.0002337861408787667,-9.825791207067652e-06,True,696,1.8989491994340797,6.5237792621090005,1.8990869783644457,0.6229714155197144,-9.746906471264083e-06,0.0036818202935319233,-9.746906470955424e-06,-14.060109327316946,-0.5161219358437491,0.0,0.0,-0.0,2948.76416015625,True,0.0,695,0.00011705965151565269,-0.00023388430214854594,1.0302635560808836e-05,True,696,115.63515832482072,435.7374665332092,115.63529610375109,0.6229667663574219,-3.6563296816893853e-06,37.53663548083342,-3.656329681673092e-06,293.6211262115558,1.5566711478478268e-05,0.053147524603482973,39.072,39.072,2937.14697265625,True,0.0,695,0.00030787802557029554,37.53265352406047,-3.649465993462945e-06,True,696,115.62797582217318,435.7159537584576,115.62811360110355,0.6229714155197144,-3.6563296816893853e-06,37.534260605797435,-3.656329681673092e-06,293.6248966563725,-0.0031869454241376027,0.053147524603482973,39.072,39.072,2937.14697265625,True,0.0,695,0.000307926729293656,37.53091873064069,0.0004900877825125391,True,696
3.850000000000,462,coast,0.0,0.0,0.0,1,-2.3199261704576202e-05,2.1813392639160156,0.4186892509460449,-0.0012908701319247484,0.6241324543952942,-0.006405316758900881,6.194387083269248e-07,grass,0.0,0.0,0.0,3720.630032943048,5,0.025069721043109894,4.3124225612700684e-07,0.1634978452422331,561.5311861038207,-0.0,5882.645364434834,5889.354635565166,2.9603088478324935e-06,0,True,-0.0,True,0,0,7.463006568286801e-06,0.6241324543952942,0.08173862099647522,False,True,-0.8399983644485474,3.281311511993408,3.725290298461914e-09,0.0,0.0,1.0,2948.815673828125,2948.815673828125,0.33856627345085144,0.06143373250961304,0.0,grass,True,0.8400015830993652,3.281273603439331,3.725290298461914e-09,0.0,0.0,1.0,2948.815673828125,2948.815673828125,0.33856627345085144,0.06143373250961304,0.0,grass,True,-0.8400479555130005,1.0813112258911133,1.862645149230957e-08,0.0,0.0,1.0,2937.131103515625,2937.131103515625,0.3388122618198395,0.061187744140625,0.0,grass,True,0.8399519920349121,1.0812733173370361,3.725290298461914e-09,0.0,0.0,1.0,2937.133544921875,2937.133544921875,0.3388122022151947,0.061187803745269775,0.0,grass,702,1.9024104406976592,6.618271647581899,1.9025304537185919,0.6241406202316284,-9.814069926505908e-06,0.0036548251985991653,-9.814069926190824e-06,-14.194795749391776,0.4954993469827781,0.0,0.0,-0.0,2948.8046875,True,0.0,701,0.00012456022387401737,-0.00023612158229213698,-9.890845213531104e-06,True,702,1.9025224930134268,6.618562422212485,1.9026425060343595,0.6241455674171448,-9.81407083600061e-06,0.003686855277286072,-9.814070835685526e-06,-14.20154203782796,-0.5235506252548958,0.0,0.0,-0.0,2948.810302734375,True,0.0,701,0.00012493735972188435,-0.00023623335774392018,1.0450767141468305e-05,True,702,111.845711023834,441.4167056110111,111.84583103685493,0.6241406202316284,-3.313483830424957e-06,36.28494401763359,-3.3134838304128304e-06,296.4278910526901,1.3313209119636305e-05,0.0350370076131937,39.072,39.072,2937.132568359375,True,0.0,701,0.00034508650272720154,36.28095397201509,-3.2911738495413526e-06,True,702,111.83847812851353,441.3948323207235,111.83859814153446,0.6241455674171448,-3.313483830424957e-06,36.28255221499232,-3.3134838304128304e-06,296.4318846174482,-0.0033624834315806075,0.0350370076131937,39.072,39.072,2937.132080078125,True,0.0,701,0.0003451481372255501,36.27920838957431,0.0004951649782872799,True,702
3.900000000000,468,coast,0.0,0.0,0.0,1,-2.282373679918237e-05,2.212584972381592,0.41868871450424194,-0.0012821001000702381,0.6254991888999939,-0.006383298430591822,5.913311156291456e-07,grass,0.0,0.0,0.0,3603.638343686932,5,0.02898215875029564,1.4566586514774826e-06,0.16419780509726456,562.7319037914275,-0.0,5881.856714556001,5890.143285443999,3.1406725611304864e-06,0,True,-0.0,True,0,0,7.549571819254197e-06,0.6254991888999939,0.08173787593841553,False,True,-0.839998185634613,3.3125572204589844,1.1175870895385742e-08,0.0,0.0,1.0,2948.847412109375,2948.847412109375,0.3385661542415619,0.06143385171890259,0.0,grass,True,0.8400017619132996,3.3125193119049072,1.1175870895385742e-08,0.0,0.0,1.0,2948.84765625,2948.84765625,0.3385661542415619,0.06143385171890259,0.0,grass,True,-0.8400474786758423,1.1125571727752686,7.450580596923828e-09,0.0,0.0,1.0,2937.16796875,2937.16796875,0.3388112485408783,0.06118875741958618,0.0,grass,True,0.8399525284767151,1.1125195026397705,7.450580596923828e-09,0.0,0.0,1.0,2937.168212890625,2937.168212890625,0.3388112485408783,0.06118875741958618,0.0,grass,708,1.9065684450519584,6.713241449514507,1.906684937673559,0.6255068778991699,-9.910445442073978e-06,0.0036607089679764337,-9.91044544174952e-06,-14.34643095723547,0.49969319235154874,0.0,0.0,-0.0,2948.846923828125,True,0.0,707,0.00013346079374347005,-0.00023864059985623243,-9.974423799467556e-06,True,708,1.9066824290578666,6.713537875716717,1.9067989216794672,0.6255121827125549,-9.910444532579277e-06,0.0036930188765410543,-9.910444532254819e-06,-14.354234148594733,-0.5306483036888507,0.0,0.0,-0.0,2948.846923828125,True,0.0,707,0.00013392305362286308,-0.0002387704049026107,1.0592321653003833e-05,True,708,108.02909071714939,446.9057433639549,108.02920720977099,0.6255068778991699,-3.013802597706672e-06,35.02409305876013,-3.013802597697547e-06,299.44874175044026,1.1043380474193706e-05,0.023097818979259558,39.072,39.072,2937.157958984375,True,0.0,707,0.0003887603600068395,35.020093543779325,-2.9682287586421964e-06,True,708,108.02180430486173,446.88350695972866,108.02192079748333,0.6255121827125549,-3.01380168821197e-06,35.02168323789182,-3.0138016882028454e-06,299.45311369119526,-0.0035569631894600945,0.023097818979259558,39.072,39.072,2937.158203125,True,0.0,707,0.00038882425266350846,35.01833673649391,0.0005005671660391533,True,708
3.950000000000,474,coast,0.0,0.0,0.0,1,-2.24451650865376e-05,2.2439048290252686,0.41868817806243896,-0.0012727651046589017,0.6270683407783508,-0.006352407857775688,4.273880449545686e-07,grass,0.0,0.0,0.0,3485.8259472836526,5,0.03313063085079193,1.0325313724024454e-06,0.1650047814438026,564.113026857376,-0.0,5881.030876233005,5890.969123766995,3.3600026654312387e-06,0,True,-0.0,True,0,0,7.576541520393221e-06,0.6270683407783508,0.08174091577529907,False,True,-0.8399980068206787,3.3438773155212402,-1.4901161193847656e-08,0.0,0.0,1.0,2948.806396484375,2948.806396484375,0.33856621384620667,0.06143379211425781,0.0,grass,True,0.8400019407272339,3.3438401222229004,-1.4901161193847656e-08,0.0,0.0,1.0,2948.8056640625,2948.8056640625,0.33856621384620667,0.06143379211425781,0.0,grass,True,-0.8400468826293945,1.1438771486282349,7.450580596923828e-09,0.0,0.0,1.0,2937.250244140625,2937.250244140625,0.33881011605262756,0.061189889907836914,0.0,grass,True,0.8399530649185181,1.143839716911316,7.450580596923828e-09,0.0,0.0,1.0,2937.249267578125,2937.249267578125,0.33881011605262756,0.061189889907836914,0.0,grass,714,1.9113454131333845,6.8084341486221405,1.9114677060319798,0.6270763874053955,-9.996442713600118e-06,0.0036675989286213406,-9.99644271326714e-06,-14.509228013443598,0.503637762409854,0.0,0.0,-0.0,2948.813232421875,True,0.0,713,0.00014358797780370864,-0.0002413514286567775,-1.0053283703587077e-05,True,714,1.9114616837784388,6.80873630728016,1.9115839766770342,0.6270819902420044,-9.996441804105416e-06,0.0037003654048805013,-9.996441803772439e-06,-14.51831909052987,-0.5389969987418123,0.0,0.0,-0.0,2948.81201171875,True,0.0,713,0.00014415989947392792,-0.00024150275909706753,1.0759105699838555e-05,True,714,104.1833419384218,452.20317004238706,104.1834642313204,0.6270763874053955,-2.61817331193015e-06,33.7534264522738,-2.6181733119241676e-06,302.71074029108286,7.77132708657115e-06,0.015227020740142842,39.072,39.072,2937.23291015625,True,0.0,713,0.00044040241093955566,33.74941613712169,-2.5505826952805146e-06,True,714,104.17599794432249,452.18056774412264,104.17612023722108,0.6270819902420044,-2.618172402435448e-06,33.75099733138442,-2.618172402429466e-06,302.7152538539626,-0.0037745276274381992,0.015227020740142842,39.072,39.072,2937.231201171875,True,0.0,713,0.0004404883352383078,33.747647122536705,0.000506469755308407,True,714
4.000000000000,480,coast,0.0,0.0,0.0,1,-2.206323915743269e-05,2.2753093242645264,0.4186878502368927,-0.0012628609547391534,0.6288530826568604,-0.006290834862738848,3.50307317376064e-07,grass,0.0,0.0,0.0,3367.147132491123,5,0.03755806013941765,5.427506266642013e-07,0.16592631536565172,565.6860888004302,-0.0,5880.161626812576,5891.838373187424,3.5422854125499725e-06,0,True,-0.0,True,0,0,7.676767381781247e-06,0.6288530826568604,0.0817469134926796,False,True,-0.8399977684020996,3.375281810760498,-7.450580596923828e-09,0.0,0.0,1.0,2948.7109375,2948.7109375,0.3385670483112335,0.06143295764923096,0.0,grass,True,0.840002179145813,3.3752448558807373,-7.450580596923828e-09,0.0,0.0,1.0,2948.7109375,2948.7109375,0.3385670483112335,0.06143295764923096,0.0,grass,True,-0.8400462865829468,1.1752818822860718,-7.450580596923828e-09,0.0,0.0,1.0,2937.3662109375,2937.3662109375,0.3388086259365082,0.0611913800239563,0.0,grass,True,0.8399536609649658,1.175244927406311,2.60770320892334e-08,0.0,0.0,1.0,2937.369140625,2937.369140625,0.3388085663318634,0.061191439628601074,0.0,grass,720,1.9167812633640762,6.903881941367733,1.9169144462175365,0.6288619041442871,-1.006014190352289e-05,0.0036759127658581026,-1.0060141903183506e-05,-14.686091102046504,0.5079844233181035,0.0,0.0,-0.0,2948.7294921875,True,0.0,719,0.000155290302758085,-0.0002443004519830927,-1.0140344594235734e-05,True,720,1.9168994777483863,6.904189918905568,1.9170326606018466,0.6288678646087646,-1.0060140994028188e-05,0.0037089630482028957,-1.0060140993688804e-05,-14.6962261941498,-0.5479691608913068,0.0,0.0,-0.0,2948.732666015625,True,0.0,719,0.0001559696024304782,-0.00024446879121919896,1.0938504768769552e-05,True,720,100.30619906191507,457.3074695418871,100.30633224476853,0.6288619041442871,-2.281585693708621e-06,32.47218378628769,-2.281585693704662e-06,306.2435298498285,4.774600752967179e-06,0.010038270748806992,39.072,39.072,2937.346435546875,True,0.0,719,0.000501964748931432,32.468161020495394,-2.2223621059397362e-06,True,720,100.29879381718037,457.28449837449386,100.29892700003383,0.6288678646087646,-2.281585693708621e-06,32.46973409506076,-2.281585693704662e-06,306.248631379967,-0.004017732061221726,0.010038270748806992,39.072,39.072,2937.3466796875,True,0.0,719,0.0005020629626215712,32.466379300920096,0.0005127376859230934,True,720
