time_s,tick,phase,command.steering_deg,command.throttle,command.brake,command.direction,state.position.0,state.position.1,state.position.2,state.heading,state.speed,state.pitch,state.roll,state.surface,state.steering,state.throttle,state.brake,state.rpm,state.gear,state.acceleration,state.lateral_acceleration,state.dynamics.aerodynamic_force,state.dynamics.rolling_force,state.dynamics.grade_force,state.dynamics.front_load,state.dynamics.rear_load,state.dynamics.yaw_rate,state.dynamics.sideslip,state.dynamics.traction_limited,state.dynamics.road_grade,state.active,state.generation,state.signal,state.velocity.0,state.velocity.1,state.velocity.2,state.hazards,state.wheel_contacts.0.in_contact,state.wheel_contacts.0.contact_point.0,state.wheel_contacts.0.contact_point.1,state.wheel_contacts.0.contact_point.2,state.wheel_contacts.0.contact_normal.0,state.wheel_contacts.0.contact_normal.1,state.wheel_contacts.0.contact_normal.2,state.wheel_contacts.0.suspension_force,state.wheel_contacts.0.normal_load,state.wheel_contacts.0.suspension_length,state.wheel_contacts.0.compression,state.wheel_contacts.0.skid,state.wheel_contacts.0.surface,state.wheel_contacts.1.in_contact,state.wheel_contacts.1.contact_point.0,state.wheel_contacts.1.contact_point.1,state.wheel_contacts.1.contact_point.2,state.wheel_contacts.1.contact_normal.0,state.wheel_contacts.1.contact_normal.1,state.wheel_contacts.1.contact_normal.2,state.wheel_contacts.1.suspension_force,state.wheel_contacts.1.normal_load,state.wheel_contacts.1.suspension_length,state.wheel_contacts.1.compression,state.wheel_contacts.1.skid,state.wheel_contacts.1.surface,state.wheel_contacts.2.in_contact,state.wheel_contacts.2.contact_point.0,state.wheel_contacts.2.contact_point.1,state.wheel_contacts.2.contact_point.2,state.wheel_contacts.2.contact_normal.0,state.wheel_contacts.2.contact_normal.1,state.wheel_contacts.2.contact_normal.2,state.wheel_contacts.2.suspension_force,state.wheel_contacts.2.normal_load,state.wheel_contacts.2.suspension_length,state.wheel_contacts.2.compression,state.wheel_contacts.2.skid,state.wheel_contacts.2.surface,state.wheel_contacts.3.in_contact,state.wheel_contacts.3.contact_point.0,state.wheel_contacts.3.contact_point.1,state.wheel_contacts.3.contact_point.2,state.wheel_contacts.3.contact_normal.0,state.wheel_contacts.3.contact_normal.1,state.wheel_contacts.3.contact_normal.2,state.wheel_contacts.3.suspension_force,state.wheel_contacts.3.normal_load,state.wheel_contacts.3.suspension_length,state.wheel_contacts.3.compression,state.wheel_contacts.3.skid,state.wheel_contacts.3.surface,state.contact_tick,state.wheel_dynamics.0.omega,state.wheel_dynamics.0.rotation,state.wheel_dynamics.0.relative_omega,state.wheel_dynamics.0.longitudinal_speed,state.wheel_dynamics.0.lateral_speed,state.wheel_dynamics.0.kappa,state.wheel_dynamics.0.alpha,state.wheel_dynamics.0.fx,state.wheel_dynamics.0.fy,state.wheel_dynamics.0.drive_torque,state.wheel_dynamics.0.brake_capacity,state.wheel_dynamics.0.brake_torque,state.wheel_dynamics.0.normal_load,state.wheel_dynamics.0.road_support,state.wheel_dynamics.0.steering,state.wheel_dynamics.0.force_contact_tick,state.wheel_dynamics.0.force_residual,state.wheel_dynamics.0.force_kappa,state.wheel_dynamics.0.force_alpha,state.wheel_dynamics.0.sample_support,state.wheel_dynamics.0.sample_tick,state.wheel_dynamics.0.force_mode,state.wheel_dynamics.1.omega,state.wheel_dynamics.1.rotation,state.wheel_dynamics.1.relative_omega,state.wheel_dynamics.1.longitudinal_speed,state.wheel_dynamics.1.lateral_speed,state.wheel_dynamics.1.kappa,state.wheel_dynamics.1.alpha,state.wheel_dynamics.1.fx,state.wheel_dynamics.1.fy,state.wheel_dynamics.1.drive_torque,state.wheel_dynamics.1.brake_capacity,state.wheel_dynamics.1.brake_torque,state.wheel_dynamics.1.normal_load,state.wheel_dynamics.1.road_support,state.wheel_dynamics.1.steering,state.wheel_dynamics.1.force_contact_tick,state.wheel_dynamics.1.force_residual,state.wheel_dynamics.1.force_kappa,state.wheel_dynamics.1.force_alpha,state.wheel_dynamics.1.sample_support,state.wheel_dynamics.1.sample_tick,state.wheel_dynamics.1.force_mode,state.wheel_dynamics.2.omega,state.wheel_dynamics.2.rotation,state.wheel_dynamics.2.relative_omega,state.wheel_dynamics.2.longitudinal_speed,state.wheel_dynamics.2.lateral_speed,state.wheel_dynamics.2.kappa,state.wheel_dynamics.2.alpha,state.wheel_dynamics.2.fx,state.wheel_dynamics.2.fy,state.wheel_dynamics.2.drive_torque,state.wheel_dynamics.2.brake_capacity,state.wheel_dynamics.2.brake_torque,state.wheel_dynamics.2.normal_load,state.wheel_dynamics.2.road_support,state.wheel_dynamics.2.steering,state.wheel_dynamics.2.force_contact_tick,state.wheel_dynamics.2.force_residual,state.wheel_dynamics.2.force_kappa,state.wheel_dynamics.2.force_alpha,state.wheel_dynamics.2.sample_support,state.wheel_dynamics.2.sample_tick,state.wheel_dynamics.2.force_mode,state.wheel_dynamics.3.omega,state.wheel_dynamics.3.rotation,state.wheel_dynamics.3.relative_omega,state.wheel_dynamics.3.longitudinal_speed,state.wheel_dynamics.3.lateral_speed,state.wheel_dynamics.3.kappa,state.wheel_dynamics.3.alpha,state.wheel_dynamics.3.fx,state.wheel_dynamics.3.fy,state.wheel_dynamics.3.drive_torque,state.wheel_dynamics.3.brake_capacity,state.wheel_dynamics.3.brake_torque,state.wheel_dynamics.3.normal_load,state.wheel_dynamics.3.road_support,state.wheel_dynamics.3.steering,state.wheel_dynamics.3.force_contact_tick,state.wheel_dynamics.3.force_residual,state.wheel_dynamics.3.force_kappa,state.wheel_dynamics.3.force_alpha,state.wheel_dynamics.3.sample_support,state.wheel_dynamics.3.sample_tick,state.wheel_dynamics.3.force_mode
0.050000000000,6,held_throttle,0.0,0.15,0.0,1,0.0008804686367511749,2.0822293758392334,0.4160292446613312,0.002587646944448352,41.628807067871094,-0.0006682361708953977,0.004259479232132435,asphalt,0.0,0.15,0.0,4142.125984226709,2,-0.7511973977088928,-0.07608778029680252,728.0612306461484,176.88050830360177,-0.0,5928.152549157562,5843.847450842438,0.0008469198364764452,0.02500314286809459,False,-0.0,True,0,0,0.015951894223690033,41.628807067871094,0.061274997889995575,False,True,-0.8392000198364258,3.1821863651275635,-3.725290298461914e-09,0.0,0.0,1.0,3210.21044921875,3210.21044921875,0.33607885241508484,0.06392115354537964,0.0,asphalt,True,0.840799868106842,3.1822621822357178,0.0,0.0,0.0,1.0,3233.16357421875,3233.16357421875,0.3359539806842804,0.06404602527618408,0.0,asphalt,True,-0.83910071849823,0.9821865558624268,1.4901161193847656e-08,0.0,0.0,1.0,3205.2666015625,3205.2666015625,0.33610454201698303,0.06389546394348145,0.0,asphalt,True,0.8408992290496826,0.9822623133659363,3.725290298461914e-09,0.0,0.0,1.0,3228.22265625,3228.22265625,0.3359796106815338,0.06402039527893066,0.0,asphalt,246,126.1649698135726,6.310666207572402,126.16469730166055,41.628074645996094,0.016365349292755127,0.00015291104709967826,0.0003931324854396971,10.125612113612831,-20.937939938425774,0.0,0.0,-0.0,3245.0478515625,True,0.0,245,1.9811949083689176e-05,0.0001530540718387222,0.00037978630408886565,True,246,magic-formula,126.16931330807292,6.3108554485970165,126.16904079616087,41.629493713378906,0.016365351155400276,0.00015324900007387162,0.0003931191290729659,10.295360492668305,-21.250266430121762,0.0,0.0,-0.0,3266.43017578125,True,0.0,245,1.6212554248846918e-05,0.00015460132929940863,0.0003829283775002572,True,246,magic-formula,126.12240224542322,6.308588465789399,126.12212973351117,41.628074645996094,0.018225116655230522,-0.00018453663955768856,0.00043780827352157603,-12.18414296436184,-23.522327674688285,4.73712611618932,11.605049999999999,11.605049999999999,3240.56005859375,True,0.0,245,3.785342913419507e-05,-0.0001844255428996821,0.00042725633117041736,True,246,magic-formula,126.12677922179313,6.308773394379297,126.12650670988108,41.629493713378906,0.018225116655230522,-0.0001839217704613171,0.00043779334950242333,-12.109166547448782,-23.87137841999398,4.73712611618932,11.605049999999999,11.605049999999999,3261.9453125,True,0.0,245,4.8857443202640024e-05,-0.00018208886452683975,0.0004307538273179243,True,246,magic-formula
0.100000000000,12,held_throttle,0.0,0.15,0.0,1,0.0015749887097626925,4.162590980529785,0.4157203435897827,0.004818526562303305,41.591976165771484,-0.0015092670219019055,0.009014267474412918,asphalt,0.0,0.15,0.0,6105.57709707562,2,-0.7287653684616089,-0.06508480757474899,726.7670315788887,167.59572834373938,-0.0,5964.238826397222,5807.761173602778,0.0007354672998189926,0.022400375591369034,False,-0.0,True,0,0,0.012490822933614254,41.591976165771484,0.09095723927021027,False,True,-0.8385829329490662,5.262509346008301,1.862645149230957e-08,0.0,0.0,1.0,3062.1005859375,3062.1005859375,0.33582350611686707,0.06417649984359741,0.0,asphalt,True,0.8414170742034912,5.262650966644287,1.862645149230957e-08,0.0,0.0,1.0,3081.703125,3081.703125,0.335559219121933,0.0644407868385315,0.0,asphalt,True,-0.8383978605270386,3.062509059906006,1.4901161193847656e-08,0.0,0.0,1.0,3057.75,3057.75,0.3358815014362335,0.06411850452423096,0.0,asphalt,True,0.841602087020874,3.062650680541992,-3.725290298461914e-09,0.0,0.0,1.0,3077.35546875,3077.35546875,0.33561715483665466,0.06438285112380981,0.0,asphalt,252,126.05441456766819,12.615859036122687,126.05419748609673,41.591339111328125,0.0147786233574152,0.00015911235713440057,0.0003553293318082234,9.97918632777262,-17.970270418389898,0.0,0.0,-0.0,3075.572265625,True,0.0,251,1.778818579932977e-05,0.00015915237115818394,0.0003439175216721554,True,252,magic-formula,126.0582020220248,12.616252300547112,126.05798494045334,41.59257507324219,0.0147786233574152,0.00015944177570922276,0.00035531877286871735,10.140011578182373,-18.217237202603762,0.0,0.0,-0.0,3094.0341796875,True,0.0,251,1.4811472602328336e-05,0.0001607524259320276,0.0003465637313104839,True,252,magic-formula,126.02614211215639,12.612090934731992,126.02592503058493,41.591339111328125,0.016393663361668587,-6.521103610658747e-05,0.00039416048780734476,-4.069259119662093,-20.097101774434474,7.204792840541373,11.605049999999999,11.605049999999999,3071.396484375,True,0.0,251,1.7435414846250485e-06,-6.49866210815907e-05,0.00038514417063933884,True,252,magic-formula,126.02995460503031,12.61248155910975,126.02973752345885,41.59257507324219,0.016393661499023438,-6.467629324340177e-05,0.000394148730181266,-3.940546669152305,-20.388282260270724,7.204792840541373,11.605049999999999,11.605049999999999,3089.852783203125,True,0.0,251,4.048843483329643e-06,-6.255513408390197e-05,0.0003883905858947004,True,252,magic-formula
0.150000000000,18,held_throttle,0.0,0.15,0.0,1,0.0021099874284118414,6.2411274909973145,0.4165111184120178,0.006761448457837105,41.555519104003906,-0.0022091101855039597,0.01267488207668066,asphalt,0.0,0.15,0.0,7293.420554377308,2,-0.7315053939819336,-0.05759744346141815,725.4944930505194,163.20996724218483,-0.0,5989.385392029204,5782.614607970796,0.0006415358511731029,0.020141994732444015,False,-0.0,True,0,0,0.009471122175455093,41.555519104003906,0.10419418662786484,False,True,-0.8381118774414062,7.341012477874756,0.0,0.0,0.0,1.0,2980.5869140625,2980.5869140625,0.33665451407432556,0.06334549188613892,0.0,asphalt,True,0.8418880105018616,7.34121036529541,-3.725290298461914e-09,0.0,0.0,1.0,3003.084716796875,3003.084716796875,0.336282879114151,0.06371712684631348,0.0,asphalt,True,-0.8378522396087646,5.141012191772461,-2.60770320892334e-08,0.0,0.0,1.0,2975.018798828125,2975.018798828125,0.33673933148384094,0.06326067447662354,0.0,asphalt,True,0.8421476483345032,5.141211032867432,1.1175870895385742e-08,0.0,0.0,1.0,2997.5166015625,2997.5166015625,0.3363676965236664,0.0636323094367981,0.0,asphalt,258,125.9448998534797,18.915566535420403,125.94470570213231,41.55496597290039,0.013501117005944252,0.00016486546403095964,0.0003248977881415177,10.069547742170734,-15.944977689677065,0.0,0.0,-0.0,2993.49072265625,True,0.0,257,1.742632982205951e-05,0.0001649967346435632,0.0003135241515760362,True,258,magic-formula,125.94817110092424,18.916137171582378,125.94797694957686,41.5560417175293,0.013501117005944252,0.0001649518455655365,0.0003248893776430319,10.221749522657545,-16.182507785482404,0.0,0.0,-0.0,3015.926513671875,True,0.0,257,1.4769463783488793e-05,0.00016624477657885495,0.00031582763736961176,True,258,magic-formula,125.90576696248246,18.91014930501847,125.90557281113507,41.55496597290039,0.014909906312823296,-0.00014590013826813408,0.00035879961212642906,-8.856991349894347,-17.745780493188448,4.912807382899107,11.605049999999999,11.605049999999999,2988.15869140625,True,0.0,257,1.4671161555686049e-05,-0.0001453872909234317,0.00034955622213847076,True,258,magic-formula,125.90914670136198,18.91071869384691,125.90895255001459,41.5560417175293,0.014909905381500721,-0.00014494417251724955,0.0003587903016139515,-8.782208793492943,-18.015036057474546,4.912807382899107,11.605049999999999,11.605049999999999,3010.597412109375,True,0.0,257,1.9956894179182673e-05,-0.0001430851992275272,0.0003522151714151744,True,258,magic-formula
0.200000000000,24,held_throttle,0.0,0.15,0.0,1,0.0025036127772182226,8.31783390045166,0.4176970422267914,0.008459780365228653,41.51879119873047,-0.002976625459268689,0.014106478542089462,asphalt,0.0,0.15,0.0,8010.375159962199,2,-0.7365308403968811,-0.051793891936540604,724.2142875776455,159.4658737364084,-0.0,6007.733919183509,5764.266080816491,0.000561675988137722,0.01809137383648109,False,-0.0,True,0,0,0.0067700413055717945,41.51879119873047,0.10521967709064484,False,True,-0.8377615809440613,9.41768741607666,0.0,0.0,0.0,1.0,2917.68115234375,2917.68115234375,0.3378467261791229,0.06215327978134155,0.0,asphalt,True,0.8422383666038513,9.417936325073242,2.2351741790771484e-08,0.0,0.0,1.0,2938.203857421875,2938.203857421875,0.3374331295490265,0.06256687641143799,0.0,asphalt,True,-0.8374367356300354,7.217688083648682,1.4901161193847656e-08,0.0,0.0,1.0,2910.461669921875,2910.461669921875,0.3379610478878021,0.062038958072662354,0.0,asphalt,True,0.8425632119178772,7.217936038970947,-2.2351741790771484e-08,0.0,0.0,1.0,2930.9873046875,2930.9873046875,0.3375473916530609,0.062452614307403564,0.0,asphalt,264,125.83462092108336,25.209781487950483,125.83440350193656,41.51830291748047,0.012449696660041809,0.0001715384776490915,0.00029986043291901123,10.241553732159296,-14.401994572662367,0.0,0.0,-0.0,2926.10986328125,True,0.0,263,1.7678760482428735e-05,0.0001716793690723804,0.00028970541280476733,True,264,magic-formula,125.83745900162052,25.210505268977055,125.83724158247372,41.51924133300781,0.012449696660041809,0.0001714900681795559,0.0002998536554909951,10.373364008966607,-14.607745821920828,0.0,0.0,-0.0,2947.166015625,True,0.0,263,1.5217148176565187e-05,0.00017264662849601688,0.000291744880988011,True,264,magic-formula,125.7831175101865,25.202052100772864,125.7829000910397,41.51830291748047,0.013683130033314228,-0.00023782617364072106,0.00032956861375355826,-14.115377415296315,-15.936884000706684,3.2387222351558,11.605049999999999,11.605049999999999,2919.1845703125,True,0.0,263,5.515041914924502e-05,-0.00023717831227047835,0.0003213426272194896,True,264,magic-formula,125.78617343157676,25.20278215163641,125.78595601242996,41.51924133300781,0.013683130964636803,-0.00023613390497302338,0.00032956118729416973,-14.065758939754701,-16.15895088743485,3.2387222351558,11.605049999999999,11.605049999999999,2940.2412109375,True,0.0,263,6.355802411227762e-05,-0.00023465184194069598,0.00032348685966443567,True,264,magic-formula
0.250000000000,30,held_throttle,0.0,0.15,0.0,1,0.0027700611390173435,10.39269733428955,0.4187486171722412,0.00994938611984253,41.48188781738281,-0.0038490795996040106,0.013405811972916126,asphalt,0.0,0.15,0.0,8441.76916446201,2,-0.7392683625221252,-0.046725768595933914,722.9284325654237,157.31664317341998,-0.0,6021.1316061373545,5750.8683938626455,0.000493295316118747,0.016203374154156534,False,-0.0,True,0,0,0.004334479104727507,41.48188781738281,0.09835032373666763,False,True,-0.8375188708305359,11.492523193359375,2.60770320892334e-08,0.0,0.0,1.0,2886.354736328125,2886.354736328125,0.3388712704181671,0.06112873554229736,0.0,asphalt,True,0.8424810171127319,11.492815971374512,1.4901161193847656e-08,0.0,0.0,1.0,2903.05078125,2903.05078125,0.3384781777858734,0.061521828174591064,0.0,asphalt,True,-0.8371368646621704,9.292523384094238,2.60770320892334e-08,0.0,0.0,1.0,2877.3544921875,2877.3544921875,0.3390190303325653,0.06098097562789917,0.0,asphalt,True,0.8428630232810974,9.292816162109375,1.1175870895385742e-08,0.0,0.0,1.0,2894.05078125,2894.05078125,0.3386259377002716,0.06137406826019287,0.0,asphalt,270,125.72348099611652,31.498458216802653,125.72325142500002,41.48145294189453,0.01137594785541296,0.0001758806962269118,0.00027424178189125567,10.36988807997138,-13.042376832745823,0.0,0.0,-0.0,2889.322998046875,True,0.0,269,1.7829516601386826e-05,0.0001760436862146827,0.0002656958909122641,True,270,magic-formula,125.72597525139204,31.49931595668471,125.72574568027554,41.48228073120117,0.011375946924090385,0.0001757642451110878,0.0002742362868769607,10.486781017649111,-13.209949156423049,0.0,0.0,-0.0,2906.676025390625,True,0.0,269,1.5547535233896665e-05,0.00017696534278633866,0.0002675030541469979,True,270,magic-formula,125.663446852473,31.487905029687617,125.6632172813565,41.48145294189453,0.012459225952625275,-0.00030171268581086994,0.0003003565375449092,-17.668798014114277,-14.366637494419088,2.135097287348299,11.605049999999999,11.605049999999999,2880.607177734375,True,0.0,269,0.00010531054075125945,-0.00030086194840833345,0.0002935611037719777,True,270,magic-formula,125.66618319864924,31.48877947224012,125.66595362753273,41.48228073120117,0.012459225952625275,-0.00029989372396216156,0.0003003505438552995,-17.6314769756735,-14.53875981615994,2.135097287348299,11.605049999999999,11.605049999999999,2897.9658203125,True,0.0,269,0.00011536736883444359,-0.00029842791387016106,0.00029529863386920744,True,270,magic-formula
0.300000000000,36,held_throttle,0.0,0.15,0.0,1,0.002921877894550562,12.465682029724121,0.4193807542324066,0.011258265934884548,41.442115783691406,-0.0056381383910775185,0.011609744280576706,asphalt,0.0,0.15,0.0,8698.90354131754,2,-0.9525792002677917,-0.04199864715337753,721.6049360470697,156.84286933507474,-0.0,6032.360677680208,5739.639322319792,0.0004329014918766916,0.014468292732650536,False,-0.0,True,0,0,0.002142313402146101,41.442115783691406,0.08878545463085175,False,True,-0.8373790979385376,13.565475463867188,-2.2351741790771484e-08,0.0,0.0,1.0,2889.27734375,2889.27734375,0.3394427001476288,0.06055730581283569,0.0,asphalt,True,0.8426207900047302,13.565805435180664,7.450580596923828e-09,0.0,0.0,1.0,2902.415771484375,2902.415771484375,0.33910229802131653,0.06089770793914795,0.0,asphalt,True,-0.8369469046592712,11.365476608276367,-7.450580596923828e-09,0.0,0.0,1.0,2869.447509765625,2869.447509765625,0.339659184217453,0.060340821743011475,0.0,asphalt,True,0.8430529832839966,11.365805625915527,2.2351741790771484e-08,0.0,0.0,1.0,2882.5859375,2882.5859375,0.33931878209114075,0.06068122386932373,0.0,asphalt,276,125.60828076349651,37.781524474594484,125.60691364412276,41.44163131713867,0.010243729688227177,0.00021961815994954922,0.0002471845135922414,12.94628106107289,-11.770013679492152,0.0,0.0,-0.0,2885.4423828125,True,0.0,275,3.358276397070065e-05,0.00022007725183806988,0.0002400982899387574,True,276,magic-formula,125.61046456857133,37.78250016178524,125.60909744919758,41.44235610961914,0.010243728756904602,0.0002195144982909921,0.00024718016806730346,13.069039887402974,-11.899087866740942,0.0,0.0,-0.0,2899.10791015625,True,0.0,275,3.139472945866852e-05,0.00022111691937975946,0.00024158714745588572,True,276,magic-formula,125.2411779101266,37.7642001026744,125.23981079075284,41.44163131713867,0.011194398626685143,-0.0027036244287650464,0.0002701244617699408,-158.00001511607235,-12.89478160121206,1.4075428812507504,77.36699999999999,77.36699999999999,2870.751953125,True,0.0,275,5.556055880504926e-09,-0.0027019815738157774,0.00026461866941137,True,276,magic-formula,125.244533514186,37.765210540738494,125.24316639481225,41.44235610961914,0.011194399558007717,-0.0026943460850152733,0.00027011975998980707,-158.63799149238608,-12.750183855712613,1.4075428812507504,77.36699999999999,77.36699999999999,2884.411865234375,True,0.0,275,5.773027633645441e-09,-0.002700040188837698,0.0002604118299094843,True,276,magic-formula
0.350000000000,42,held_throttle,0.0,0.15,0.0,1,0.002970907837152481,14.536286354064941,0.4195525050163269,0.012412670068442822,41.39018249511719,-0.015214496292173862,0.00973511766642332,asphalt,0.0,0.15,0.0,8840.996386225728,2,-1.0560203790664673,-0.03754517436027527,719.8278333018314,157.76355573606864,-0.0,6057.398715710775,5714.601284289225,0.00038554647471755743,0.012889408027734063,False,-0.0,True,0,0,0.00018200850172434002,41.39018249511719,0.08091026544570923,False,True,-0.8373385667800903,15.635993003845215,7.450580596923828e-09,0.0,0.0,1.0,2935.24755859375,2935.24755859375,0.3394031822681427,0.06059682369232178,0.0,asphalt,True,0.8426613807678223,15.636357307434082,-3.725290298461914e-09,0.0,0.0,1.0,2943.938232421875,2943.938232421875,0.33911773562431335,0.06088227033615112,0.0,asphalt,True,-0.8368620276451111,13.435993194580078,7.450580596923828e-09,0.0,0.0,1.0,2868.39892578125,2868.39892578125,0.3399873673915863,0.060012638568878174,0.0,asphalt,True,0.8431378602981567,13.436357498168945,-3.725290298461914e-09,0.0,0.0,1.0,2879.481201171875,2879.481201171875,0.33970192074775696,0.06029808521270752,0.0,asphalt,282,125.45719926777556,44.05778575177622,125.45352023300975,41.389530181884766,0.00907039549201727,0.00027411706369505405,0.0002191470960640161,16.43408220072241,-10.60412521381144,0.0,0.0,-0.0,2925.844970703125,True,0.0,281,6.856679203674638e-05,0.0002755097483137828,0.00021332847246150803,True,282,magic-formula,125.4591315008492,44.0588646990145,125.45545246608339,41.390174865722656,0.00907039549201727,0.0002739425381595543,0.0002191436826793931,16.546438785243062,-10.692732790487517,0.0,0.0,-0.0,2934.472900390625,True,0.0,281,6.662432903587501e-05,0.000276577838147686,0.0002144785730406375,True,282,magic-formula,124.9626081787503,44.017070224272175,124.95892914398449,41.389530181884766,0.009917128831148148,-0.003669272935203106,0.00023960476472637975,-214.00575328834947,-11.442110896969146,0.9279094560698927,77.36699999999999,77.36699999999999,2867.953857421875,True,0.0,281,4.5839376909902974e-08,-0.003665998603029888,0.00023520916322594744,True,282,magic-formula,124.96655882706948,44.01826545560531,124.96287979230367,41.390174865722656,0.009917127899825573,-0.003653293403090975,0.00023960101019679841,-214.5239225073425,-11.157911150912865,0.9279094560698927,77.36699999999999,77.36699999999999,2879.181884765625,True,0.0,281,4.6878976263227365e-08,-0.0036605255408928717,0.00022847140347721797,True,282,magic-formula
0.400000000000,48,held_throttle,0.0,0.15,0.0,1,0.0029282746836543083,16.604251861572266,0.4194200932979584,0.013456253334879875,41.33723068237305,-0.02827305905520916,0.008490560576319695,asphalt,0.0,0.15,0.0,8921.49421150076,2,-1.0601518154144287,-0.03351052105426788,717.98879631641,159.1407510936969,-0.0,6077.548143014255,5694.451856985745,0.0003517283475957811,0.01148559465239426,False,-0.0,True,0,0,-0.0015638109762221575,41.33723068237305,0.07730898261070251,False,True,-0.8373919725418091,17.703847885131836,2.2351741790771484e-08,0.0,0.0,1.0,2976.93408203125,2976.93408203125,0.3390018045902252,0.06099820137023926,0.0,asphalt,True,0.842607855796814,17.704242706298828,2.60770320892334e-08,0.0,0.0,1.0,2985.6767578125,2985.6767578125,0.33875277638435364,0.06124722957611084,0.0,asphalt,True,-0.8368755578994751,15.503847122192383,-7.450580596923828e-09,0.0,0.0,1.0,2874.4443359375,2874.4443359375,0.3400873839855194,0.05991262197494507,0.0,asphalt,True,0.8431243300437927,15.504241943359375,1.1175870895385742e-08,0.0,0.0,1.0,2884.713623046875,2884.713623046875,0.3398384749889374,0.0601615309715271,0.0,asphalt,288,125.29654472214345,50.32607197768508,125.2930614155269,41.33662414550781,0.008014225400984287,0.00027180770156704333,0.00019387711179219322,16.592560770579784,-9.512931925002594,0.0,0.0,-0.0,2971.65869140625,True,0.0,287,7.038864299144694e-05,0.00027387782510056557,0.00018842578405437715,True,288,magic-formula,125.29829403289106,50.32724425695978,125.29481072627452,41.337215423583984,0.008014224469661713,0.00027146500205874855,0.00019387431608851175,16.70176376460861,-9.589510855733327,0.0,0.0,-0.0,2980.4287109375,True,0.0,287,6.864878321512215e-05,0.00027486920269224056,0.00018938369705017761,True,288,magic-formula,124.79825352044072,50.26046326351681,124.79477021382418,41.33662414550781,0.008786767721176147,-0.003706168244970668,0.00021256616306896707,-216.4972676866012,-10.155535017153827,0.611715614588467,77.36699999999999,77.36699999999999,2873.146240234375,True,0.0,287,4.9988829197638965e-08,-0.003702090739078326,0.00020839086978626745,True,288,magic-formula,124.80194019002487,50.26183858834475,124.79845688340832,41.337215423583984,0.008786766789853573,-0.003690987874058132,0.00021256310004139233,-217.01986232055614,-9.846493317277046,0.611715614588467,77.36699999999999,77.36699999999999,2883.547119140625,True,0.0,287,5.1254851934089154e-08,-0.0036976260209277694,0.00020131972638102376,True,288,magic-formula
0.450000000000,54,held_throttle,0.0,0.15,0.0,1,0.0028039549943059683,18.669567108154297,0.4191778898239136,0.014414235949516296,41.28419876098633,-0.0391627661883831,0.00768041517585516,asphalt,0.0,0.15,0.0,8965.735136945865,2,-1.06063711643219,-0.02993633970618248,716.1484066633592,160.05422028967038,-0.0,6092.118608106962,5679.881391893038,0.00032374492730014026,0.010253651010389369,False,-0.0,True,0,0,-0.003120515262708068,41.284202575683594,0.07682957500219345,False,True,-0.8375287055969238,19.76906967163086,-7.450580596923828e-09,0.0,0.0,1.0,2996.572509765625,2996.572509765625,0.3385387361049652,0.06146126985549927,0.0,asphalt,True,0.842471182346344,19.76949119567871,1.862645149230957e-08,0.0,0.0,1.0,3005.3427734375,3005.3427734375,0.338313490152359,0.06168651580810547,0.0,asphalt,True,-0.8369754552841187,17.569067001342773,-1.4901161193847656e-08,0.0,0.0,1.0,2886.361083984375,2886.361083984375,0.34004244208335876,0.05995756387710571,0.0,asphalt,True,0.8430244326591492,17.56949234008789,1.4901161193847656e-08,0.0,0.0,1.0,2895.131103515625,2895.131103515625,0.33981719613075256,0.060182809829711914,0.0,asphalt,294,125.13588254715523,56.58635869600711,125.1336462411864,41.28373336791992,0.007102681789547205,0.00026906172807364376,0.00017204552834815663,16.56743358699089,-8.497067920976345,0.0,0.0,-0.0,2994.540771484375,True,0.0,293,6.982472630873496e-05,0.00027137325823697254,0.00016701804096868516,True,294,magic-formula,125.13748450958172,56.58761605683238,125.13524820361289,41.28427505493164,0.007102681323885918,0.00026874235324632524,0.0001720432596759457,16.66650777428763,-8.562091658745121,0.0,0.0,-0.0,3003.3330078125,True,0.0,293,6.82665712849001e-05,0.0002721969468992697,0.0001678034570921898,True,294,magic-formula,124.63864269471061,56.4958420354163,124.63640638874178,41.28373336791992,0.007813824340701103,-0.0037056066926420693,0.00018927126037168127,-217.31304477050153,-9.070526480114438,0.4032677872647527,77.36699999999999,77.36699999999999,2884.66015625,True,0.0,293,5.171679981648784e-08,-0.003701202480370979,0.00018538337501117127,True,294,magic-formula,124.6419281853547,56.49738002534541,124.63969187938586,41.28427505493164,0.007813823409378529,-0.0036924168720839723,0.00018926875440292222,-217.8471652110585,-8.739808246460758,0.4032677872647527,77.36699999999999,77.36699999999999,2893.455322265625,True,0.0,293,5.286372805969491e-08,-0.0036990133610022243,0.0001780808142682752,True,294,magic-formula
0.500000000000,60,held_throttle,0.0,0.15,0.0,1,0.00260673719458282,20.73223114013672,0.41895219683647156,0.015295254997909069,41.23118591308594,-0.046350784599781036,0.00708924513310194,asphalt,0.0,0.15,0.0,8988.063479131844,2,-1.060196042060852,-0.026841798797249794,714.3106430283297,160.44028600705062,-0.0,6102.547014235084,5669.452985764916,0.0002974151575472206,0.009173951846349412,False,-0.0,True,0,0,-0.004511450417339802,41.2311897277832,0.0779653787612915,False,True,-0.8377384543418884,21.831668853759766,7.450580596923828e-09,0.0,0.0,1.0,3001.619873046875,3001.619873046875,0.33816638588905334,0.06183362007141113,0.0,asphalt,True,0.8422613143920898,21.832115173339844,-2.2351741790771484e-08,0.0,0.0,1.0,3009.830810546875,3009.830810546875,0.33795854449272156,0.06204146146774292,0.0,asphalt,True,-0.8371513485908508,19.631668090820312,1.1175870895385742e-08,0.0,0.0,1.0,2893.205810546875,2893.205810546875,0.33994612097740173,0.060053884983062744,0.0,asphalt,True,0.8428484797477722,19.63211441040039,7.450580596923828e-09,0.0,0.0,1.0,2901.41650390625,2901.41650390625,0.33973827958106995,0.06026172637939453,0.0,asphalt,300,124.97549910089636,62.838685141058164,124.97453824171733,41.23085403442383,0.00634209206327796,0.0002682619395352635,0.00015381907946811625,16.549199789904513,-7.60592655857991,0.0,0.0,-0.0,3001.458740234375,True,0.0,299,6.941341598968464e-05,0.0002704496581396481,0.00014915714017029195,True,300,magic-formula,124.97696503398294,62.840020501486045,124.9760041748039,41.231353759765625,0.006342092528939247,0.0002678714240890119,0.00015381722646978837,16.6459460477387,-7.659462861713238,0.0,0.0,-0.0,3009.796630859375,True,0.0,299,6.810056183807596e-05,0.00027127715665845633,0.00014979090699424941,True,300,magic-formula,124.47943253465243,62.72332609723925,124.4784716754734,41.23085403442383,0.006995446514338255,-0.0037021134187781497,0.00016966532978854448,-217.69175670752776,-8.145084381705667,0.265850510215954,77.36699999999999,77.36699999999999,2892.40185546875,True,0.0,299,5.271123615011312e-08,-0.0036977153230265004,0.00016602302361816301,True,300,magic-formula,124.4825040615551,62.7250118707206,124.48154320237607,41.231353759765625,0.006995446979999542,-0.003689605253778736,0.00016966328473315992,-218.23561748966011,-7.800126405372635,0.265850510215954,77.36699999999999,77.36699999999999,2900.73681640625,True,0.0,299,5.390004644241628e-08,-0.0036962964344469163,0.00015853459402012703,True,300,magic-formula
0.550000000000,66,held_throttle,0.0,0.15,0.0,1,0.0023442676756531,22.792245864868164,0.418793648481369,0.01610337570309639,41.1782112121582,-0.0501726008951664,0.0065193078480660915,asphalt,0.0,0.15,0.0,8997.093523300502,2,-1.0588246583938599,-0.024098621681332588,712.4762962568566,160.4707343165987,-0.0,6109.978565366558,5662.021434633442,0.00027250751736573875,0.008221654955473539,False,-0.0,True,0,0,-0.005757528357207775,41.17821502685547,0.07942423224449158,False,True,-0.8380122780799866,23.891645431518555,-2.2351741790771484e-08,0.0,0.0,1.0,2999.27490234375,2999.27490234375,0.3379261791706085,0.06207382678985596,0.0,asphalt,True,0.8419875502586365,23.89211654663086,-2.9802322387695312e-08,0.0,0.0,1.0,3006.6796875,3006.6796875,0.33773502707481384,0.062264978885650635,0.0,asphalt,True,-0.8373942375183105,21.69164276123047,3.725290298461914e-08,0.0,0.0,1.0,2896.1416015625,2896.1416015625,0.33985260128974915,0.06014740467071533,0.0,asphalt,True,0.8426056504249573,21.692115783691406,2.9802322387695312e-08,0.0,0.0,1.0,2903.546142578125,2903.546142578125,0.33966144919395447,0.06033855676651001,0.0,asphalt,306,124.81526606837906,69.08305573078415,124.81531419482235,41.1779899597168,0.005681292153894901,0.0002682948550694158,0.00013796914622117356,16.53550580195438,-6.815815539979355,0.0,0.0,-0.0,2999.945556640625,True,0.0,305,6.91058632841449e-05,0.00027036207392161965,0.00013372992304066836,True,306,magic-formula,124.81661152829336,69.08446259943607,124.81665965473665,41.17844772338867,0.005681292619556189,0.000267957671019145,0.00013796762378396756,16.629478220293194,-6.858441850297312,0.0,0.0,-0.0,3007.48388671875,True,0.0,305,6.800976149228372e-05,0.0002712170840624974,0.00013422897586631223,True,306,magic-formula,124.31984750347257,68.94289740634298,124.31989562991586,41.1779899597168,0.00627994816750288,-0.0037019845728257974,0.00015250739836886068,-217.94400655292912,-7.327553732950337,0.175259457893875,77.36699999999999,77.36699999999999,2895.833251953125,True,0.0,305,5.353634127590419e-08,-0.003697611417259521,0.00014918205777485246,True,306,magic-formula,124.32267680734792,68.94471938862692,124.3227249337912,41.17844772338867,0.006279947701841593,-0.0036903862424504975,0.0001525056916992132,-218.49159632591375,-6.969888933978886,0.175259457893875,77.36699999999999,77.36699999999999,2903.37158203125,True,0.0,305,5.4714408057583795e-08,-0.0036972753588272005,0.00014153184218073758,True,306,magic-formula
0.600000000000,72,held_throttle,0.0,0.15,0.0,1,0.0020233208779245615,24.849613189697266,0.4187037944793701,0.01684246025979519,41.125308990478516,-0.05152493342757225,0.005948382429778576,asphalt,0.0,0.15,0.0,8998.041618619713,2,-1.0579031705856323,-0.021645989269018173,710.6468121608533,160.35546808634896,-0.0,6115.209277567412,5656.790722432588,0.0002489254402462393,0.007378918185038437,False,-0.0,True,0,0,-0.006874419283121824,41.125308990478516,0.08061447739601135,False,True,-0.8383432030677795,25.948989868164062,-1.1175870895385742e-08,0.0,0.0,1.0,2994.4501953125,2994.4501953125,0.3378019630908966,0.06219804286956787,0.0,asphalt,True,0.8416566252708435,25.94948387145996,1.862645149230957e-08,0.0,0.0,1.0,3001.067626953125,3001.067626953125,0.33762750029563904,0.06237250566482544,0.0,asphalt,True,-0.8376966714859009,23.74898910522461,-1.862645149230957e-08,0.0,0.0,1.0,2897.135986328125,2897.135986328125,0.33978042006492615,0.06021958589553833,0.0,asphalt,True,0.8423031568527222,23.74948501586914,1.862645149230957e-08,0.0,0.0,1.0,2903.75341796875,2903.75341796875,0.3396059572696686,0.0603940486907959,0.0,asphalt,312,124.65520273198176,75.31946252442542,124.6559107318431,41.12516784667969,0.005096538923680782,0.0002686689307988735,0.00012392749171481713,16.52550617429197,-6.111344347538016,0.0,0.0,-0.0,2995.29052734375,True,0.0,311,6.889802277885064e-05,0.00027061842352289024,0.00012009414236163726,True,312,magic-formula,124.65643218024034,75.32093492267806,124.65714018010168,41.12558364868164,0.005096537992358208,0.00026842101237952354,0.00012392621609471572,16.612806568570498,-6.144407924250145,0.0,0.0,-0.0,3002.029541015625,True,0.0,311,6.79389200232355e-05,0.00027143737841782845,0.00012047282166608926,True,312,magic-formula,124.16019207336423,75.15452972703893,124.16090007322556,41.12516784667969,0.005643389653414488,-0.0037034368598153735,0.00013722471939885998,-218.12834584830003,-6.594984683768439,0.1155381554705463,77.36699999999999,77.36699999999999,2897.047119140625,True,0.0,311,5.434763244634543e-08,-0.0036991921440847554,0.00013421152741614225,True,312,magic-formula,124.16276952438534,75.15647538796776,124.16347752424667,41.12558364868164,0.005643388256430626,-0.003692827971314235,0.00013722329801365456,-218.6732564469125,-6.226433959346359,0.1155381554705463,77.36699999999999,77.36699999999999,2903.786376953125,True,0.0,311,5.5444418460540037e-08,-0.003699827898306633,0.00012641729121050797,True,312,magic-formula
0.650000000000,78,held_throttle,0.0,0.15,0.0,1,0.001649950398132205,26.90433692932129,0.4186646342277527,0.017516372725367546,41.072471618652344,-0.051381710916757584,0.0053934212774038315,asphalt,0.0,0.15,0.0,8994.078273871448,2,-1.0560649633407593,-0.019453732296824455,708.8217861599118,160.21533153351172,-0.0,6118.877455976976,5653.122544023024,0.0002267211675643921,0.006630622151101508,False,-0.0,True,0,0,-0.007875816896557808,41.072471618652344,0.0813804566860199,False,True,-0.8387254476547241,28.003704071044922,-2.60770320892334e-08,0.0,0.0,1.0,2989.857421875,2989.857421875,0.3377574384212494,0.06224256753921509,0.0,asphalt,True,0.8412744402885437,28.00421905517578,3.725290298461914e-09,0.0,0.0,1.0,2995.768310546875,2995.768310546875,0.3375992476940155,0.062400758266448975,0.0,asphalt,True,-0.8380530476570129,25.80370330810547,-7.450580596923828e-09,0.0,0.0,1.0,2897.36376953125,2897.36376953125,0.3397303521633148,0.06026965379714966,0.0,asphalt,True,0.8419467806816101,25.80422019958496,-2.9802322387695312e-08,0.0,0.0,1.0,2903.2744140625,2903.2744140625,0.33957216143608093,0.060427844524383545,0.0,asphalt,318,124.49522770141296,81.54789504975196,124.49628182177942,41.0723762512207,0.004575802944600582,0.0002690102510260109,0.00011140828321403148,16.518806831343912,-5.484512375942939,0.0,0.0,-0.0,2990.550537109375,True,0.0,317,6.877357141464034e-05,0.0002709374131176157,0.00010794705741864197,True,318,magic-formula,124.49634932139044,81.54942739767417,124.4974034417569,41.07275390625,0.004575802944600582,0.00026882467715814577,0.000111407258839133,16.603457967582543,-5.5093626449118736,0.0,0.0,-0.0,2996.5673828125,True,0.0,317,6.799622544650847e-05,0.00027177906966488046,0.00010821842812053819,True,318,magic-formula,124.0005937729267,81.35820676800252,124.00164789329317,41.0723762512207,0.005073869600892067,-0.0037051741351431184,0.00012353484356607524,-218.25632763700267,-5.937089432742616,0.07616744642459977,77.36699999999999,77.36699999999999,2897.354248046875,True,0.0,317,5.498976620172307e-08,-0.003700974986265395,0.00012081034965033853,True,318,magic-formula,124.00294598974304,81.36026412938351,124.0040001101095,41.07275390625,0.00507386913523078,-0.003695435908223698,0.00012353369635262373,-218.80775445054115,-5.559235412801391,0.07616744642459977,77.36699999999999,77.36699999999999,2903.370849609375,True,0.0,317,5.612220102766425e-08,-0.0037026415859785274,0.00011288734913084064,True,318,magic-formula
0.700000000000,84,held_throttle,0.0,0.15,0.0,1,0.0012295504566282034,28.9564208984375,0.4186560809612274,0.01812944933772087,41.019691467285156,-0.05052720755338669,0.004837546963244677,asphalt,0.0,0.15,0.0,8987.131448873988,2,-1.055145025253296,-0.017539596185088158,707.0013415942846,160.11972928346924,-0.0,6121.422532744869,5650.577467255131,0.00020615659013856202,0.005963167213242685,False,-0.0,True,0,0,-0.008774983696639538,41.019691467285156,0.08180856704711914,False,True,-0.8391535878181458,30.0557861328125,2.60770320892334e-08,0.0,0.0,1.0,2987.04638671875,2987.04638671875,0.33775708079338074,0.06224292516708374,0.0,asphalt,True,0.8408462405204773,30.056316375732422,-2.9802322387695312e-08,0.0,0.0,1.0,2992.910400390625,2992.910400390625,0.3376152813434601,0.062384724617004395,0.0,asphalt,True,-0.8384577035903931,27.855785369873047,1.1175870895385742e-08,0.0,0.0,1.0,2897.48291015625,2897.48291015625,0.3396971523761749,0.06030285358428955,0.0,asphalt,True,0.84154212474823,27.85631561279297,-3.725290298461914e-09,0.0,0.0,1.0,2902.486328125,2902.486328125,0.3395553529262543,0.060444653034210205,0.0,asphalt,324,124.3353651849326,87.76834456718764,124.3365606080048,41.019622802734375,0.0041225505992770195,0.00026932739841396586,0.0001005019135651848,16.513608676511012,-4.940113886538932,0.0,0.0,-0.0,2987.349365234375,True,0.0,323,6.871466575932262e-05,0.00027114234689077683,9.733629407280027e-05,True,324,magic-formula,124.33638086365967,87.76993149001802,124.33757628673187,41.01996994018555,0.0041225505992770195,0.00026903346926477684,0.00010050106305315545,16.59446160050146,-4.959110230702256,0.0,0.0,-0.0,2993.36669921875,True,0.0,323,6.807798909506825e-05,0.00027192220388861917,9.751415691087812e-05,True,324,magic-formula,123.84115515308703,87.55392037530369,123.84235057615923,41.019622802734375,0.004575439728796482,-0.003706557784473795,0.00011154270559299126,-218.34894823090426,-5.358902094756147,0.05021267538171168,77.36699999999999,77.36699999999999,2897.462158203125,True,0.0,323,5.555029512173764e-08,-0.0037024115330024253,0.00010904120769680955,True,324,magic-formula,123.84328065342989,87.55607831076898,123.84447607650209,41.01996994018555,0.004575440660119057,-0.00369788970530382,0.00011154178435078442,-218.90328163212166,-4.972780822615241,0.05021267538171168,77.36699999999999,77.36699999999999,2902.630859375,True,0.0,323,5.6673175116888866e-08,-0.0037052100809791847,0.00010100459401148766,True,324,magic-formula
0.750000000000,90,held_throttle,0.0,0.15,0.0,1,0.0007668695761822164,31.005868911743164,0.4186640977859497,0.018686579540371895,40.96699142456055,-0.04941018298268318,0.0042637609876692295,asphalt,0.0,0.15,0.0,8978.37614465813,2,-1.0533106327056885,-0.015788128599524498,705.1857324383408,160.04880489721373,-0.0,6123.151137482078,5648.848862517922,0.0001872596185421571,0.005364660021390292,False,-0.0,True,0,0,-0.00958334468305111,40.96699142456055,0.08201165497303009,False,True,-0.8396227359771729,32.1052360534668,-3.725290298461914e-09,0.0,0.0,1.0,2985.216796875,2985.216796875,0.33777812123298645,0.06222188472747803,0.0,asphalt,True,0.8403770923614502,32.10578155517578,-3.3527612686157227e-08,0.0,0.0,1.0,2990.3203125,2990.3203125,0.33765313029289246,0.06234687566757202,0.0,asphalt,True,-0.838905394077301,29.905235290527344,-1.4901161193847656e-08,0.0,0.0,1.0,2897.48876953125,2897.48876953125,0.33967533707618713,0.060324668884277344,0.0,asphalt,True,0.841094434261322,29.905780792236328,-1.4901161193847656e-08,0.0,0.0,1.0,2901.77685546875,2901.77685546875,0.33955028653144836,0.06044971942901611,0.0,asphalt,330,124.17566876622898,93.98080952047617,124.17689228974798,40.966941833496094,0.0037043169140815735,0.0002692136358211802,9.042209982481765e-05,16.49551939388108,-4.443731596137237,0.0,0.0,-0.0,2985.504150390625,True,0.0,329,6.851403462321001e-05,0.00027101268947459894,8.761005149032593e-05,True,330,magic-formula,124.17658855696925,93.9824459904422,124.17781208048825,40.96725845336914,0.0037043169140815735,0.00026889205786752036,9.042140098787587e-05,16.57281371462963,-4.456225552277433,0.0,0.0,-0.0,2990.721435546875,True,0.0,329,6.798676290558926e-05,0.00027180762925168705,8.77031034491722e-05,True,330,magic-formula,123.68195092286457,93.74167289023144,123.68317444638357,40.966941833496094,0.004115680232644081,-0.0037078195772618015,0.00010046344771170005,-218.42334097909355,-4.828586116847508,0.03310223576268992,77.36699999999999,77.36699999999999,2897.492431640625,True,0.0,329,5.610920047120311e-08,-0.0037036375988726412,9.824957144901593e-05,True,330,magic-formula,123.68384948826774,93.7439195842344,123.68507301178674,40.96725845336914,0.004115681163966656,-0.003700226179726575,0.0001004626940024589,-218.98497988157632,-4.435146786858567,0.03310223576268992,77.36699999999999,77.36699999999999,2901.872802734375,True,0.0,329,5.727512556189107e-08,-0.0037075682994819063,9.010815041454796e-05,True,330,magic-formula
0.800000000000,96,held_throttle,0.0,0.15,0.0,1,0.0002662409970071167,33.05268478393555,0.4186782240867615,0.019192183390259743,40.91436767578125,-0.048330821096897125,0.0037544858641922474,asphalt,0.0,0.15,0.0,8968.52822104292,2,-1.051935076713562,-0.01419569831341505,703.3752113274636,159.99516198394494,-0.0,6124.285551163364,5647.714448836636,0.00016982565284706652,0.004829653297143063,False,-0.0,True,0,0,-0.01030814554542303,40.91436767578125,0.08203329890966415,False,True,-0.8401293754577637,34.15205383300781,0.0,0.0,0.0,1.0,2983.867919921875,2983.867919921875,0.33780553936958313,0.06219446659088135,0.0,asphalt,True,0.8398705124855042,34.15261459350586,-7.450580596923828e-09,0.0,0.0,1.0,2988.378173828125,2988.378173828125,0.337695449590683,0.062304556369781494,0.0,asphalt,True,-0.8393925428390503,31.952049255371094,-2.9802322387695312e-08,0.0,0.0,1.0,2897.49658203125,2897.49658203125,0.33966127038002014,0.060338735580444336,0.0,asphalt,True,0.8406072854995728,31.952611923217773,-1.862645149230957e-08,0.0,0.0,1.0,2901.414306640625,2901.414306640625,0.33955124020576477,0.06044876575469971,0.0,asphalt,336,124.01617042456301,100.18529439503021,124.01732830474167,40.914329528808594,0.0033263051882386208,0.0002690184936174025,8.129927140973969e-05,16.47474718537146,-3.9927928944947344,0.0,0.0,-0.0,2984.04443359375,True,0.0,335,6.828564259775939e-05,0.0002708037831774305,7.875810127354206e-05,True,336,magic-formula,124.01700777836895,100.18697594383613,124.0181656585476,40.91461181640625,0.003326304256916046,0.0002688709477404197,8.129868772832552e-05,16.55018474303671,-3.9997556135074355,0.0,0.0,-0.0,2988.644287109375,True,0.0,335,6.790448805945959e-05,0.0002716251098943673,7.877400532890331e-05,True,336,magic-formula,123.52298443889656,99.92147092700365,123.52414231907521,40.914329528808594,0.003699367865920067,-0.003708839072283509,9.041741361627618e-05,-218.4815300244667,-4.345207471228427,0.021822338765239365,77.36699999999999,77.36699999999999,2897.493896484375,True,0.0,335,5.6628048205801416e-08,-0.0037046250657684562,8.84140520639669e-05,True,336,magic-formula,123.52471368112482,99.92379657382934,123.52587156130348,40.91461181640625,0.0036993660032749176,-0.003701765577409823,9.041674426226657e-05,-219.04588653993943,-3.9457379361856195,0.021822338765239365,77.36699999999999,77.36699999999999,2901.46142578125,True,0.0,335,5.7847899337136504e-08,-0.0037091299172629,8.017637670199004e-05,True,336,magic-formula
0.850000000000,102,held_throttle,0.0,0.15,0.0,1,-0.0002685141225811094,35.097103118896484,0.41869452595710754,0.01965080387890339,40.87215042114258,-0.04311292991042137,0.003324213670566678,asphalt,0.0,0.15,0.0,8071.216934418631,3,-0.7356274724006653,-0.012789024971425533,701.8342077826197,160.11400861153584,-0.0,6114.263388842508,5657.736611157492,0.0001537013886263594,0.0043492748023347535,False,-0.0,True,0,0,-0.010962537489831448,40.87215042114258,0.082240030169487,False,True,-0.8406698703765869,36.19649887084961,2.2351741790771484e-08,0.0,0.0,1.0,2969.59814453125,2969.59814453125,0.3379156291484833,0.0620843768119812,0.0,asphalt,True,0.8393299579620361,36.19707489013672,-7.450580596923828e-09,0.0,0.0,1.0,2973.6376953125,2973.6376953125,0.3378182351589203,0.06218177080154419,0.0,asphalt,True,-0.83991539478302,33.996498107910156,3.725290298461914e-09,0.0,0.0,1.0,2917.320068359375,2917.320068359375,0.33957114815711975,0.06042885780334473,0.0,asphalt,True,0.8400844931602478,33.99707794189453,0.0,0.0,0.0,1.0,2920.78515625,2920.78515625,0.3394736349582672,0.060526371002197266,0.0,asphalt,342,123.87787565719941,106.38220795185525,123.88152365890005,40.87234878540039,0.0029850825667381287,0.00017983261774381186,7.303427990164631e-05,10.965857496768892,-3.573124571775238,0.0,0.0,-0.0,2972.697509765625,True,0.0,341,1.874056523721522e-05,0.00018093893747238413,7.07488409552152e-05,True,342,magic-formula,123.87864920013219,106.38393066382979,123.88229720183283,40.87260818481445,0.002985081635415554,0.00017973042473711328,7.303379360109447e-05,11.02452501438608,-3.586630985119917,0.0,0.0,-0.0,2976.8056640625,True,0.0,341,1.809315536509805e-05,0.0001816559409486366,7.09182644029796e-05,True,342,magic-formula,123.80668652182966,106.1072926563394,123.8103345235303,40.87234878540039,0.0033227084204554558,-0.00039494263667983013,8.129477536467338e-05,-23.300555295402937,-3.9349681308020132,0.014386172360043973,8.20845,8.20845,2913.6875,True,0.0,341,0.00024593804518024856,-0.0003922527172328869,7.949240827877333e-05,True,342,magic-formula,123.80762020455332,106.10967820293193,123.81126820625396,40.87260818481445,0.003322707489132881,-0.0003937482344921189,8.129423663860354e-05,-23.304905328438394,-3.9260307578138174,0.014386172360043973,8.20845,8.20845,2917.197509765625,True,0.0,341,0.0002504406385730932,-0.0003918538065462207,7.921638459900052e-05,True,342,magic-formula
0.900000000000,108,held_throttle,0.0,0.15,0.0,1,-0.0008340692729689181,37.13965606689453,0.4187270998954773,0.02006084844470024,40.83601379394531,-0.030989525839686394,0.002972702495753765,asphalt,0.0,0.15,0.0,7390.504696862503,3,-0.7200606465339661,-0.011494036763906479,700.589586783346,160.09707223708799,-0.0,6096.631364998137,5675.368635001863,0.00013614969793707132,0.003914861151242013,False,-0.0,True,0,0,-0.01155114732682705,40.83601379394531,0.08258584886789322,False,True,-0.8412407636642456,38.2391357421875,-1.862645149230957e-08,0.0,0.0,1.0,2951.323974609375,2951.323974609375,0.3381757438182831,0.061824262142181396,0.0,asphalt,True,0.8387591242790222,38.239723205566406,3.725290298461914e-08,0.0,0.0,1.0,2954.981201171875,2954.981201171875,0.3380885422229767,0.06191146373748779,0.0,asphalt,True,-0.8404704928398132,36.03913116455078,2.2351741790771484e-08,0.0,0.0,1.0,2934.134033203125,2934.134033203125,0.339365690946579,0.0606343150138855,0.0,asphalt,True,0.8395293354988098,36.03972244262695,1.862645149230957e-08,0.0,0.0,1.0,2937.30859375,2937.30859375,0.3392784893512726,0.060721516609191895,0.0,asphalt,348,123.76714413651213,112.5732580393244,123.77201280035958,40.836334228515625,0.0026823170483112335,0.00016708983953351425,6.568456976191098e-05,10.084798903469768,-3.193737369562549,0.0,0.0,-0.0,2954.190185546875,True,0.0,347,1.426912282886161e-05,0.00016744369405542246,6.363300013628609e-05,True,348,magic-formula,123.76784145734632,112.57501835997878,123.77271012119377,40.83656311035156,0.002682317979633808,0.0001671191220055212,6.568422441741498e-05,10.1393501069711,-3.2047955728487754,0.0,0.0,-0.0,2957.910400390625,True,0.0,347,1.3720242544923513e-05,0.00016813771857250841,6.377301716887869e-05,True,348,magic-formula,123.71528928033734,112.29555335690037,123.72015794418479,40.836334228515625,0.002981366589665413,-0.0002519512634686099,7.300769377792328e-05,-14.956447011101645,-3.5559558716694064,0.00948394933280759,8.20845,8.20845,2931.90869140625,True,0.0,347,6.83471357162761e-05,-0.0002502179522521313,7.138864844893629e-05,True,348,magic-formula,123.71604411001923,112.29797918428102,123.72091277386667,40.83656311035156,0.002981363795697689,-0.0002514549037212092,7.30072161642077e-05,-14.970265989115266,-3.5599652411502873,0.00948394933280759,8.20845,8.20845,2935.1328125,True,0.0,347,7.076130817531495e-05,-0.00025017399326753367,7.139062110029577e-05,True,348,magic-formula
0.950000000000,114,held_throttle,0.0,0.15,0.0,1,-0.0014272377593442798,39.18040466308594,0.41877055168151855,0.02042139694094658,40.80008316040039,-0.017435956746339798,0.0026722680777311325,asphalt,0.0,0.15,0.0,6975.554407041156,3,-0.7177685499191284,-0.010311465710401535,699.356661614358,159.96173056298844,-0.0,6083.611171222008,5688.388828777992,0.00011912845366168767,0.0035168533514481396,False,-0.0,True,0,0,-0.012078209780156612,40.80008316040039,0.08257885277271271,False,True,-0.8418387174606323,40.27997970581055,2.60770320892334e-08,0.0,0.0,1.0,2937.2353515625,2937.2353515625,0.33847495913505554,0.061525046825408936,0.0,asphalt,True,0.8381611108779907,40.28057861328125,-2.9802322387695312e-08,0.0,0.0,1.0,2940.534423828125,2940.534423828125,0.3383966386318207,0.0616033673286438,0.0,asphalt,True,-0.8410546183586121,38.079978942871094,0.0,0.0,0.0,1.0,2943.4130859375,2943.4130859375,0.3391444981098175,0.06085550785064697,0.0,asphalt,True,0.8389452695846558,38.0805778503418,-1.862645149230957e-08,0.0,0.0,1.0,2946.294677734375,2946.294677734375,0.33906611800193787,0.06093388795852661,0.0,asphalt,354,123.65831576293496,118.75887190989549,123.66280587954608,40.80038070678711,0.0024084122851490974,0.00016822134652996708,5.902916199875399e-05,10.066937374782162,-2.8565069941285732,0.0,0.0,-0.0,2939.145751953125,True,0.0,353,1.4156798235307775e-05,0.0001680026891932483,5.7205238696867616e-05,True,354,magic-formula,123.65892579887377,118.76066556727234,123.66341591548489,40.80058288574219,0.002408411353826523,0.0001681992609119162,5.902884666559143e-05,10.118716928751766,-2.8638830655851075,0.0,0.0,-0.0,2942.50439453125,True,0.0,353,1.3675685842112048e-05,0.00016867408108077158,5.728748929323368e-05,True,354,magic-formula,123.60690827029435,118.47859238377279,123.61139838690548,40.80038070678711,0.0026700459420681,-0.0002475706700523729,6.544169176863458e-05,-14.769459229714384,-3.199478714136268,0.006252204734949153,8.20845,8.20845,2942.30224609375,True,0.0,353,6.619545409704405e-05,-0.0002462167979309038,6.400516984629222e-05,True,354,magic-formula,123.60756855067196,118.48105286816528,123.61205866728308,40.80058288574219,0.0026700450107455254,-0.0002471843122604927,6.544134465949075e-05,-14.789890274756427,-3.200052573768008,0.006252204734949153,8.20845,8.20845,2945.23193359375,True,0.0,353,6.844465793914737e-05,-0.00024631210685025645,6.395295930586416e-05,True,354,magic-formula
1.000000000000,120,held_throttle,0.0,0.15,0.0,1,-0.0020450972951948643,41.219364166259766,0.4188050627708435,0.020735543221235275,40.764217376708984,-0.006189743056893349,0.0024047514889389277,asphalt,0.0,0.15,0.0,6721.664905703768,3,-0.7168534994125366,-0.009231215342879295,698.1275657510097,159.84653069784233,-0.0,6074.184873865807,5697.815126134193,0.00010350756929256022,0.003150484777178503,False,-0.0,True,0,0,-0.012548992410302162,40.764217376708984,0.08218634128570557,False,True,-0.8424606919288635,42.31901550292969,7.450580596923828e-09,0.0,0.0,1.0,2929.861083984375,2929.861083984375,0.33872148394584656,0.06127852201461792,0.0,asphalt,True,0.8375391364097595,42.319618225097656,2.60770320892334e-08,0.0,0.0,1.0,2932.830078125,2932.830078125,0.33865097165107727,0.06134903430938721,0.0,asphalt,True,-0.8416644930839539,40.119014739990234,-7.450580596923828e-09,0.0,0.0,1.0,2947.274169921875,2947.274169921875,0.33895912766456604,0.06104087829589844,0.0,asphalt,True,0.8383353352546692,40.11962127685547,1.1175870895385742e-08,0.0,0.0,1.0,2949.863525390625,2949.863525390625,0.33888861536979675,0.061111390590667725,0.0,asphalt,360,123.54942007737733,124.93900277369869,123.5526387980444,40.7644157409668,0.002158069983124733,0.0001690907239178015,5.294004444518127e-05,10.077606289337266,-2.5556351255042196,0.0,0.0,-0.0,2930.6015625,True,0.0,359,1.417606885184722e-05,0.0001686710654392697,5.132910527926274e-05,True,360,magic-formula,123.54994979323152,124.940825517706,123.55316851389858,40.764591217041016,0.0021580709144473076,0.00016907356408148765,5.2939839404769254e-05,10.129968384747093,-2.559740271880929,0.0,0.0,-0.0,2933.6240234375,True,0.0,359,1.3776759847587438e-05,0.00016937279231874955,5.135858654252883e-05,True,360,magic-formula,123.49802389480084,124.65615301393758,123.5012426154679,40.7644157409668,0.002385376952588558,-0.0002469765725699759,5.8516156959627824e-05,-14.772899447451827,-2.8663935364560436,0.0041217073896100765,8.20845,8.20845,2946.923095703125,True,0.0,359,6.647674720145863e-05,-0.00024588795838409265,5.7251924688234e-05,True,360,magic-formula,123.49860009127642,124.658643732304,123.50181881194348,40.764591217041016,0.0023853760212659836,-0.0002466156686392913,5.8515882223448326e-05,-14.789473942800212,-2.8634375271948094,0.0041217073896100765,8.20845,8.20845,2949.559814453125,True,0.0,359,6.847444129943841e-05,-0.00024594374725977054,5.714174424078437e-05,True,360,magic-formula
1.050000000000,126,held_throttle,0.0,0.15,0.0,1,-0.00268497783690691,43.25653839111328,0.4188152551651001,0.021008022129535675,40.7284049987793,0.0009831596398726106,0.002160504227504134,asphalt,0.0,0.15,0.0,6565.448154547589,3,-0.7159395217895508,-0.008244888857007027,696.9013782620492,159.81195779710328,-0.0,6067.361044014328,5704.638955985672,8.969291957328096e-05,0.0028134972452238606,False,-0.0,True,0,0,-0.012968377210199833,40.7284049987793,0.08162163943052292,False,True,-0.8431040048599243,44.356231689453125,2.60770320892334e-08,0.0,0.0,1.0,2929.066162109375,2929.066162109375,0.3388657867908478,0.0611342191696167,0.0,asphalt,True,0.8368958234786987,44.35685348510742,1.862645149230957e-08,0.0,0.0,1.0,2931.7255859375,2931.7255859375,0.33880242705345154,0.06119757890701294,0.0,asphalt,True,-0.8422973155975342,42.1562385559082,-3.725290298461914e-08,0.0,0.0,1.0,2947.623046875,2947.623046875,0.33882805705070496,0.06117194890975952,0.0,asphalt,True,0.8377025127410889,42.15685272216797,-2.9802322387695312e-08,0.0,0.0,1.0,2949.931884765625,2949.931884765625,0.3387647569179535,0.061235249042510986,0.0,asphalt,366,123.44050998375765,131.11361673163128,123.44219895878355,40.72848129272461,0.0019282419234514236,0.00016909547561859054,4.7343820854798004e-05,10.076647994260668,-2.2852643219695135,0.0,0.0,-0.0,2928.8115234375,True,0.0,365,1.4161971512808646e-05,0.0001687580985402945,4.592684587866042e-05,True,366,magic-formula,123.44096892799458,131.1154647790886,123.44265790302047,40.72863006591797,0.0019282419234514236,0.00016916062016059317,4.734364791769228e-05,10.123034691593626,-2.2864983427348404,0.0,0.0,-0.0,2931.51708984375,True,0.0,365,1.3786490615002564e-05,0.00016937850112050705,4.590923496247765e-05,True,366,magic-formula,123.38913601267339,130.82819736407086,123.39082498769929,40.72848129272461,0.002125198021531105,-0.00024715894683222594,5.217965296393121e-05,-14.7814521836708,-2.5577409609996837,0.0027171969770283726,8.20845,8.20845,2947.741943359375,True,0.0,365,6.679899135701817e-05,-0.0002459619527825773,5.107285748767259e-05,True,366,magic-formula,123.38964083859767,130.83071444856938,123.39132981362357,40.72863006591797,0.002125198021531105,-0.00024672052962425935,5.2179462362539195e-05,-14.799132244013615,-2.551545925865103,0.0027171969770283726,8.20845,8.20845,2950.09423828125,True,0.0,365,6.862292768787813e-05,-0.0002460597643109312,5.090851872667251e-05,True,366,magic-formula
1.100000000000,132,held_throttle,0.0,0.15,0.0,1,-0.0033444389700889587,45.291908264160156,0.41879794001579285,0.021244194358587265,40.69192886352539,0.0037287829909473658,0.0019356543198227882,asphalt,0.0,0.15,0.0,6468.474176888073,3,-0.8006264567375183,-0.007322411052882671,695.6779639143368,159.8554269399847,-0.0,6062.40758445824,5709.59241554176,7.771915988996625e-05,0.002505029858611444,False,-0.0,True,0,0,-0.013340422883629799,40.69192886352539,0.08113501965999603,False,True,-0.8437663912773132,46.391624450683594,-1.862645149230957e-08,0.0,0.0,1.0,2935.896240234375,2935.896240234375,0.33889785408973694,0.06110215187072754,0.0,asphalt,True,0.8362334966659546,46.39224624633789,1.862645149230957e-08,0.0,0.0,1.0,2937.94580078125,2937.94580078125,0.33884111046791077,0.06115889549255371,0.0,asphalt,True,-0.8429505825042725,44.19162368774414,-3.725290298461914e-08,0.0,0.0,1.0,2943.242431640625,2943.242431640625,0.3387547433376312,0.06124526262283325,0.0,asphalt,True,0.8370492458343506,44.19224548339844,3.725290298461914e-09,0.0,0.0,1.0,2945.294921875,2945.294921875,0.3386979401111603,0.0613020658493042,0.0,asphalt,372,123.33110401328562,137.28270996043082,123.33107626403293,40.69186019897461,0.0017162533476948738,0.00018195593353180104,4.2176822054462124e-05,10.867278427382066,-2.0412825921849165,0.0,0.0,-0.0,2932.073486328125,True,0.0,371,1.809182193672574e-05,0.00018179670717628752,4.097793570890073e-05,True,372,magic-formula,123.33149989235444,137.28458003305198,123.33147214310175,40.69198989868164,0.0017162533476948738,0.0001819784634214948,4.2176687622072086e-05,10.917636724123605,-2.0383390489325164,0.0,0.0,-0.0,2934.4921875,True,0.0,371,1.781195393550328e-05,0.0001824886165706043,4.08851169970915e-05,True,372,magic-formula,123.14474964648329,136.99383467743516,123.1447218972306,40.69186019897461,0.0018869126215577126,-0.001329327668251595,4.637076336590819e-05,-79.74629366128002,-2.2745300036468827,0.248588419553616,54.72299999999999,54.72299999999999,2946.35205078125,True,0.0,371,4.949733087725255e-11,-0.0013278732771999338,4.5448446105084516e-05,True,372,magic-formula,123.14529350904607,136.99637485922517,123.14526575979338,40.69198989868164,0.0018869135528802872,-0.0013281002190110552,4.637063845307265e-05,-79.98657448528921,-2.1310149259716655,0.248588419553616,54.72299999999999,54.72299999999999,2948.4453125,True,0.0,371,5.417625907465106e-11,-0.0013309299431755316,4.255061438802705e-05,True,372,magic-formula
1.150000000000,138,held_throttle,0.0,0.15,0.0,1,-0.004021128639578819,47.3251953125,0.41876593232154846,0.021449483931064606,40.646568298339844,-0.0012920383596792817,0.001737464452162385,asphalt,0.0,0.15,0.0,6402.44125928826,3,-0.9228492975234985,-0.006533465348184109,694.1630064149682,160.10370874745158,-0.0,6070.227347500915,5701.772652499085,6.801154086133465e-05,0.0022256778382069445,False,-0.0,True,0,0,-0.013666323386132717,40.646568298339844,0.08123685419559479,False,True,-0.844445526599884,48.42487335205078,3.725290298461914e-09,0.0,0.0,1.0,2958.532958984375,2958.532958984375,0.33876660466194153,0.06123340129852295,0.0,asphalt,True,0.835554301738739,48.42550277709961,-3.725290298461914e-09,0.0,0.0,1.0,2960.372314453125,2960.372314453125,0.33871564269065857,0.06128436326980591,0.0,asphalt,True,-0.8436218500137329,46.224876403808594,-3.725290298461914e-09,0.0,0.0,1.0,2930.232421875,2930.232421875,0.33881619572639465,0.061183810234069824,0.0,asphalt,True,0.8363779783248901,46.225502014160156,2.9802322387695312e-08,0.0,0.0,1.0,2932.36181640625,2932.36181640625,0.3387652337551117,0.06123477220535278,0.0,asphalt,378,123.19906891365419,143.4456864983845,123.19658807101543,40.64628982543945,0.00152598787099123,0.00023133516261409658,3.754310360989459e-05,13.97463584149552,-1.8297510942974915,0.0,0.0,-0.0,2955.47314453125,True,0.0,377,4.0692642226057785e-05,0.00023192847663685813,3.644078400325264e-05,True,378,magic-formula,123.19940566233763,143.44757565591615,123.19692481969886,40.64640426635742,0.0015259888023138046,0.00023125298248770574,3.754302081918472e-05,14.031335102516914,-1.8179344744572843,0.0,0.0,-0.0,2957.3544921875,True,0.0,377,4.06331257549981e-05,0.00023272135140181622,3.618241048245331e-05,True,378,magic-formula,122.87442452223897,143.14175039107337,122.87194367960021,40.64628982543945,0.0016753366217017174,-0.002404394928056296,4.121745497431445e-05,-143.4715665582741,-2.0093832967788887,2.8522186243200904,54.72299999999999,54.72299999999999,2932.31640625,True,0.0,377,3.209664958401815e-09,-0.0024015621787531545,4.036193964899357e-05,True,378,magic-formula,122.87514509368792,143.14431800113115,122.87266425104916,40.64640426635742,0.0016753366217017174,-0.002401353507207898,4.1217338925589764e-05,-143.85936900358783,-1.7326812977667476,2.8522186243200904,54.72299999999999,54.72299999999999,2934.486328125,True,0.0,377,3.245032559939479e-09,-0.0024062793765036988,3.4778258518164346e-05,True,378,magic-formula
1.200000000000,144,held_throttle,0.0,0.15,0.0,1,-0.004712987691164017,49.35618591308594,0.4187500476837158,0.021631324663758278,40.6008186340332,-0.011032364331185818,0.0015479198191314936,asphalt,0.0,0.15,0.0,6359.0048186182585,3,-0.9077446460723877,-0.005804577376693487,692.5972595666898,160.14844878206762,-0.0,6077.562101242749,5694.437898757251,6.066732021281496e-05,0.0019746853157658582,False,-0.0,True,0,0,-0.013954229652881622,40.6008186340332,0.08169759809970856,False,True,-0.8451394438743591,50.455787658691406,-1.1175870895385742e-08,0.0,0.0,1.0,2971.09716796875,2971.09716796875,0.33856090903282166,0.06143909692764282,0.0,asphalt,True,0.8348603248596191,50.4564208984375,-2.9802322387695312e-08,0.0,0.0,1.0,2972.7021484375,2972.7021484375,0.33851560950279236,0.06148439645767212,0.0,asphalt,True,-0.8443089127540588,48.25578689575195,1.862645149230957e-08,0.0,0.0,1.0,2918.204833984375,2918.204833984375,0.33898451924324036,0.06101548671722412,0.0,asphalt,True,0.8356908559799194,48.25642013549805,3.725290298461914e-08,0.0,0.0,1.0,2920.08740234375,2920.08740234375,0.3389391005039215,0.06106090545654297,0.0,asphalt,384,123.05973507466855,149.6016784615927,123.05660340961198,40.60049057006836,0.0013534463942050934,0.00022714022522339172,3.33357152758528e-05,13.822371217052604,-1.6326053173816235,0.0,0.0,-0.0,2969.6298828125,True,0.0,383,3.935576164311058e-05,0.00022830780139594783,3.235947821836467e-05,True,384,magic-formula,123.06002989605754,149.60358431962507,123.05689823100097,40.600589752197266,0.001353447325527668,0.00022709309293289913,3.3335656779544045e-05,13.875555890509757,-1.6190339731272991,0.0,0.0,-0.0,2971.2724609375,True,0.0,383,3.933632769100981e-05,0.00022905958026149325,3.2072738860812966e-05,True,384,magic-formula,122.75258580925296,149.28192212716354,122.74945414419639,40.60049057006836,0.0014866795390844345,-0.0022693630476181663,3.661728017434328e-05,-134.8142988194705,-1.7779690209971946,6.433847058475256,54.72299999999999,54.72299999999999,2920.05078125,True,0.0,383,2.081663260225862e-09,-0.0022659560679682096,3.5860881749778625e-05,True,384,magic-formula,122.75323566342713,149.28451673125466,122.75010399837056,40.600589752197266,0.0014866804704070091,-0.0022665183887218376,3.6617213661584666e-05,-135.17462477752798,-1.5175089173687233,6.433847058475256,54.72299999999999,54.72299999999999,2921.968994140625,True,0.0,383,2.1402988984530802e-09,-0.0022705264550950044,3.0587493598088574e-05,True,384,magic-formula
1.250000000000,150,held_throttle,0.0,0.15,0.0,1,-0.00541823310777545,51.38491439819336,0.4187537431716919,0.021794384345412254,40.55596160888672,-0.020885758101940155,0.0013738905545324087,asphalt,0.0,0.15,0.0,6330.291589345278,3,-0.8894333243370056,-0.005151472054421902,691.0627854910086,160.04828061289498,-0.0,6081.687500847826,5690.312499152174,5.4573094530496746e-05,0.0017528276276992875,False,-0.0,True,0,0,-0.014208074659109116,40.55596160888672,0.08193310350179672,False,True,-0.8458465337753296,52.48444366455078,3.725290298461914e-09,0.0,0.0,1.0,2975.82568359375,2975.82568359375,0.3383729159832001,0.061627089977264404,0.0,asphalt,True,0.8341532945632935,52.48508071899414,0.0,0.0,0.0,1.0,2977.24365234375,2977.24365234375,0.3383326232433319,0.06166738271713257,0.0,asphalt,True,-0.8450097441673279,50.28444290161133,-1.862645149230957e-08,0.0,0.0,1.0,2909.6767578125,2909.6767578125,0.33917489647865295,0.06082510948181152,0.0,asphalt,True,0.8349900841712952,50.28507995605469,2.2351741790771484e-08,0.0,0.0,1.0,2911.340576171875,2911.340576171875,0.3391346037387848,0.06086540222167969,0.0,asphalt,390,122.92309694913313,155.75076718984872,122.92055861315787,40.555694580078125,0.0012000594288110733,0.00022012724053291114,2.9590405019232873e-05,13.443513453094862,-1.4518152674422213,0.0,0.0,-0.0,2975.453857421875,True,0.0,389,3.6070709881496134e-05,0.00022161543115507793,2.8719748073887646e-05,True,390,magic-formula,122.92337049454449,155.75268810646395,122.92083215856923,40.5557861328125,0.0012000584974884987,0.0002200951143678842,2.9590315256330704e-05,13.49187515169876,-1.4372039516030466,0.0,0.0,-0.0,2976.89990234375,True,0.0,389,3.6025313513007156e-05,0.00022230464329490253,2.841689283524937e-05,True,390,magic-formula,122.63805707620584,155.41625283331106,122.63551874023058,40.555694580078125,0.0013199187815189362,-0.0020992303500583912,3.254583097933865e-05,-124.29051956316626,-1.5752323025571269,10.018494882924228,54.72299999999999,54.72299999999999,2910.74951171875,True,0.0,389,1.1976483241771418e-09,-0.0020955618383916774,3.187046005138947e-05,True,390,magic-formula,122.63863088783886,155.41887114130637,122.6360925518636,40.5557861328125,0.0013199187815189362,-0.0020968139921438526,3.254575750869239e-05,-124.62217899399815,-1.3348199908928284,10.018494882924228,54.72299999999999,54.72299999999999,2912.448974609375,True,0.0,389,1.2180590496505004e-09,-0.0020999321775563855,2.6990683091019463e-05,True,390,magic-formula
1.300000000000,156,held_throttle,0.0,0.15,0.0,1,-0.006135275587439537,53.411434173583984,0.4187619388103485,0.021941425278782845,40.51197052001953,-0.02808203548192978,0.0012176267337054014,asphalt,0.0,0.15,0.0,6310.601436185964,3,-0.8729513883590698,-0.004575887229293585,689.5600053204003,159.94270036952088,-0.0,6083.502201277148,5688.497798722852,4.928141788695939e-05,0.0015577637240811629,False,-0.0,True,0,0,-0.014431765303015709,40.51197052001953,0.08183206617832184,False,True,-0.8465652465820312,54.51090621948242,1.4901161193847656e-08,0.0,0.0,1.0,2975.635009765625,2975.635009765625,0.3382406532764435,0.061759352684020996,0.0,asphalt,True,0.8334345817565918,54.51155090332031,-1.1175870895385742e-08,0.0,0.0,1.0,2976.888427734375,2976.888427734375,0.338204950094223,0.061795055866241455,0.0,asphalt,True,-0.8457227945327759,52.31090545654297,-1.862645149230957e-08,0.0,0.0,1.0,2906.431884765625,2906.431884765625,0.3393189609050751,0.060681045055389404,0.0,asphalt,True,0.8342770338058472,52.31155014038086,2.60770320892334e-08,0.0,0.0,1.0,2907.910888671875,2907.910888671875,0.33928313851356506,0.060716867446899414,0.0,asphalt,396,122.78941469569467,161.89315051084208,122.7880703732349,40.51181411743164,0.001064872369170189,0.00021457276937545926,2.6285477264439276e-05,13.104928610197986,-1.289536507925737,0.0,0.0,-0.0,2975.89892578125,True,0.0,395,3.326843725388411e-05,0.00021600153735171467,2.5505734707715813e-05,True,396,magic-formula,122.7896543000382,161.89508515178488,122.78830997757842,40.511898040771484,0.0010648714378476143,0.00021445251052852434,2.6285399823298127e-05,13.153633720314511,-1.2740313854892333,0.0,0.0,-0.0,2977.1796875,True,0.0,395,3.327411708444426e-05,0.00021671105972457836,2.5188214433306395e-05,True,396,magic-formula,122.52485137021989,161.54494778716273,122.52350704776012,40.51181411743164,0.0011731162667274475,-0.0019404997522746098,2.8957386677353827e-05,-114.72118957270764,-1.399379839757177,13.206982819064109,54.72299999999999,54.72299999999999,2906.60302734375,True,0.0,395,6.888427881979336e-10,-0.0019368320571867958,2.8350791094904938e-05,True,396,magic-formula,122.5253592356429,161.54758667062592,122.52401491318312,40.511898040771484,0.001173115335404873,-0.001938430357676516,2.8957303701158237e-05,-115.03330942251361,-1.1769030593938188,13.206982819064109,54.72299999999999,54.72299999999999,2908.1025390625,True,0.0,395,6.99149513543754e-10,-0.001941103960095796,2.383126626830128e-05,True,396,magic-formula
1.350000000000,162,held_throttle,0.0,0.15,0.0,1,-0.006862714886665344,55.435768127441406,0.4187602996826172,0.0220741406083107,40.468753814697266,-0.031582385301589966,0.0010793055407702923,asphalt,0.0,0.15,0.0,6296.401018260871,3,-0.8583016991615295,-0.004069993272423744,688.0857082878556,159.8967325804876,-0.0,6083.779477963925,5688.220522036075,4.4454121962189674e-05,0.0013862204856479948,False,-0.0,True,0,0,-0.014628943055868149,40.468753814697266,0.08153894543647766,False,True,-0.8472942113876343,56.53521728515625,-7.450580596923828e-09,0.0,0.0,1.0,2972.841552734375,2972.841552734375,0.3381698429584503,0.06183016300201416,0.0,asphalt,True,0.8327056765556335,56.53586196899414,2.2351741790771484e-08,0.0,0.0,1.0,2973.95556640625,2973.95556640625,0.3381381928920746,0.06186181306838989,0.0,asphalt,True,-0.8464466333389282,54.3352165222168,3.725290298461914e-09,0.0,0.0,1.0,2908.10986328125,2908.10986328125,0.3393825590610504,0.06061744689941406,0.0,asphalt,True,0.8335531949996948,54.33586502075195,1.4901161193847656e-08,0.0,0.0,1.0,2909.42041015625,2909.42041015625,0.3393508493900299,0.06064915657043457,0.0,asphalt,402,122.65822566273913,168.0289819738948,122.65814980930212,40.468711853027344,0.0009458856657147408,0.0002101034425669083,2.3373258555343247e-05,12.819113069326415,-1.1454649549606042,0.0,0.0,-0.0,2973.41357421875,True,0.0,401,3.1030930733383044e-05,0.00021146717482700366,2.2675077056275683e-05,True,402,magic-formula,122.65844430390379,168.03092890274553,122.65836845046678,40.468788146972656,0.0009458856657147408,0.0002100006870661252,2.3373214490813743e-05,12.863185548587246,-1.1291623060927511,0.0,0.0,-0.0,2974.547119140625,True,0.0,401,3.1037733030759574e-05,0.00021211335021038187,2.2343835631355655e-05,True,402,magic-formula,122.41143578318047,167.66804297639032,122.41135992974345,40.468711853027344,0.001043529249727726,-0.0018023317579932533,2.5786075259481586e-05,-106.59095764718634,-1.2463984652743254,15.89140018642184,54.72299999999999,54.72299999999999,2907.553466796875,True,0.0,401,4.144737909553412e-10,-0.0017988705418459767,2.5241647489887205e-05,True,402,magic-formula,122.41188535130449,167.67069989198103,122.41180949786748,40.468788146972656,0.0010435283184051514,-0.0018005476412473504,2.5786003632825056e-05,-106.87772820406165,-1.038806308044933,15.89140018642184,54.72299999999999,54.72299999999999,2908.887939453125,True,0.0,401,4.2417598672705647e-10,-0.0018028858197279903,2.102794503680021e-05,True,402,magic-formula
1.400000000000,168,held_throttle,0.0,0.15,0.0,1,-0.007599319331347942,57.45796203613281,0.4187440574169159,0.02219367027282715,40.42621612548828,-0.03167031705379486,0.0009638688643462956,asphalt,0.0,0.15,0.0,6285.518718088961,3,-0.8464025855064392,-0.0036172131076455116,686.6366986579206,159.95513055343187,-0.0,6083.075822336947,5688.924177663053,3.99865057261195e-05,0.0012349302752679432,False,-0.0,True,0,0,-0.014802644029259682,40.426212310791016,0.08132313191890717,False,True,-0.8480322360992432,58.557403564453125,7.450580596923828e-09,0.0,0.0,1.0,2968.978271484375,2968.978271484375,0.3381502330303192,0.061849772930145264,0.0,asphalt,True,0.8319675922393799,58.55805587768555,-7.450580596923828e-09,0.0,0.0,1.0,2970.083740234375,2970.083740234375,0.3381219804286957,0.0618780255317688,0.0,asphalt,True,-0.8471800088882446,56.35740661621094,3.725290298461914e-09,0.0,0.0,1.0,2914.892578125,2914.892578125,0.33936628699302673,0.060633718967437744,0.0,asphalt,True,0.8328198194503784,56.35805130004883,-2.60770320892334e-08,0.0,0.0,1.0,2915.9443359375,2915.9443359375,0.3393379747867584,0.060662031173706055,0.0,asphalt,408,122.5291623469811,174.15837175907532,122.53003617063128,40.426265716552734,0.0008389614522457123,0.00020674325968237484,2.075288026867526e-05,12.583800280114751,-1.0154883232919147,0.0,0.0,-0.0,2969.661376953125,True,0.0,407,2.927944913670756e-05,0.0002078476644946255,2.0127517841355224e-05,True,408,magic-formula,122.52935655468514,174.1603298061538,122.53023037833532,40.42633056640625,0.0008389633148908615,0.000206724095973057,2.0752893053013986e-05,12.62745348499134,-0.9984588313013929,0.0,0.0,-0.0,2970.715087890625,True,0.0,407,2.9304890674759775e-05,0.0002084947167143164,1.978296105858404e-05,True,408,magic-formula,122.29737590296946,173.78550832397548,122.29824972661964,40.42626190185547,0.0009267916902899742,-0.0016852375329913468,2.292548572454258e-05,-99.89040333721825,-1.11024272550429,18.096278486681168,54.72299999999999,54.72299999999999,2913.6328125,True,0.0,407,2.5893598498136356e-10,-0.0016821901614760557,2.2436262067100673e-05,True,408,magic-formula,122.29776701348241,173.78818096800396,122.2986408371326,40.426326751708984,0.0009267935529351234,-0.0016836463445669306,2.292549502369954e-05,-100.15526697588463,-0.9144595930724037,18.096278486681168,54.72299999999999,54.72299999999999,2914.689453125,True,0.0,407,2.8615576775235733e-10,-0.001686041706028266,1.8473121489594884e-05,True,408,magic-formula
1.450000000000,174,held_throttle,0.0,0.15,0.0,1,-0.008343993686139584,59.47804641723633,0.41872361302375793,0.022300848737359047,40.38418960571289,-0.02955847792327404,0.0008651806856505573,asphalt,0.0,0.15,0.0,6276.62426378542,3,-0.8363346457481384,-0.003232857445254922,685.207206607447,160.04949509429153,-0.0,6081.887162388548,5690.112837611452,3.576493327273056e-05,0.0011008063088596713,False,-0.0,True,0,0,-0.0149557925760746,40.384185791015625,0.08141274005174637,False,True,-0.8487783074378967,60.5775032043457,-1.4901161193847656e-08,0.0,0.0,1.0,2966.121826171875,2966.121826171875,0.33816882967948914,0.06183117628097534,0.0,asphalt,True,0.8312215805053711,60.578155517578125,7.450580596923828e-09,0.0,0.0,1.0,2967.18017578125,2967.18017578125,0.3381434381008148,0.06185656785964966,0.0,asphalt,True,-0.8479220271110535,58.37750244140625,-1.862645149230957e-08,0.0,0.0,1.0,2920.9912109375,2920.9912109375,0.3393038213253021,0.060696184635162354,0.0,asphalt,True,0.8320778012275696,58.37815475463867,0.0,0.0,0.0,1.0,2921.90283203125,2921.90283203125,0.3392784297466278,0.06072157621383667,0.0,asphalt,414,122.40161740420909,180.28138902442763,122.40298238130809,40.38428497314453,0.0007486706599593163,0.00020425693434850513,1.853866325407055e-05,12.410300750431984,-0.9058992511135167,0.0,0.0,-0.0,2966.65771484375,True,0.0,413,2.8046372964817168e-05,0.000205189482582796,1.797358162119462e-05,True,414,magic-formula,122.40179696782297,180.2833571820693,122.40316194492198,40.38434600830078,0.0007486715912818909,0.00020421256986823144,1.8538658297010362e-05,12.453058662293124,-0.8882291815642034,0.0,0.0,-0.0,2967.7412109375,True,0.0,413,2.808699451638894e-05,0.0002058212697447484,1.7616559303471808e-05,True,414,magic-formula,122.18224996082422,179.89728099423314,122.18361493792322,40.38428497314453,0.0008272277191281319,-0.0015883031262083338,2.0483901586038672e-05,-94.35392621862485,-0.9939286688285618,19.896449604478192,54.72299999999999,54.72299999999999,2920.157470703125,True,0.0,413,1.81756839750541e-10,-0.0015853435684328903,2.0040099894724713e-05,True,414,magic-formula,122.18260489866826,179.89996710730193,122.18396987576726,40.38434600830078,0.0008272286504507065,-0.0015869117139369173,2.048389368902929e-05,-94.60910735377897,-0.8078593834514437,19.896449604478192,54.72299999999999,54.72299999999999,2921.085205078125,True,0.0,413,1.823009297272325e-10,-0.0015891285474678204,1.628332549849261e-05,True,414,magic-formula
1.500000000000,180,held_throttle,0.0,0.15,0.0,1,-0.009095792658627033,61.49604034423828,0.41871094703674316,0.02239655889570713,40.34263610839844,-0.02642267756164074,0.0007693279185332358,asphalt,0.0,0.15,0.0,6268.905347003302,3,-0.827637255191803,-0.002883173990994692,683.7956243408331,160.06580431851,-0.0,6080.407460585367,5691.592539414633,3.189631024724804e-05,0.0009808534684711834,False,-0.0,True,0,0,-0.015090880915522575,40.34263229370117,0.08161269128322601,False,True,-0.8495312333106995,62.59552001953125,-3.725290298461914e-09,0.0,0.0,1.0,2962.71142578125,2962.71142578125,0.3382149636745453,0.06178504228591919,0.0,asphalt,True,0.8304686546325684,62.5961799621582,7.450580596923828e-09,0.0,0.0,1.0,2963.642578125,2963.642578125,0.3381924331188202,0.06180757284164429,0.0,asphalt,True,-0.8486711978912354,60.3955192565918,-7.450580596923828e-09,0.0,0.0,1.0,2924.745361328125,2924.745361328125,0.339229553937912,0.06077045202255249,0.0,asphalt,True,0.8313286304473877,60.396175384521484,-1.862645149230957e-08,0.0,0.0,1.0,2925.54248046875,2925.54248046875,0.3392069637775421,0.06079304218292236,0.0,asphalt,420,122.27544062775576,186.39808338265317,122.27695167360378,40.34274673461914,0.0006667906418442726,0.0002019860619273559,1.6528141878137533e-05,12.248520349054731,-0.8069073378989734,0.0,0.0,-0.0,2963.2802734375,True,0.0,419,2.6919238923904588e-05,0.00020274544334329155,1.602776852397574e-05,True,420,magic-formula,122.27560004218792,186.40006075699773,122.27711108803594,40.34280014038086,0.0006667915731668472,0.00020196598929184226,1.6528143083422428e-05,12.29263583910958,-0.7886289617200422,0.0,0.0,-0.0,2964.232421875,True,0.0,419,2.6992643512791375e-05,0.00020341031942693207,1.5659666177310263e-05,True,420,magic-formula,122.06616184574564,186.00328608398453,122.06767289159366,40.34274673461914,0.0007368475198745728,-0.0015098953455938886,1.826468397503356e-05,-89.82521923630438,-0.8876730772991552,21.377157591562582,54.72299999999999,54.72299999999999,2924.256591796875,True,0.0,419,1.3599789610204405e-10,-0.0015070925309761277,1.787211399177051e-05,True,420,magic-formula,122.06648664260426,186.00598422810484,122.06799768845228,40.34280014038086,0.000736849382519722,-0.0015085603406228597,1.8264705966709533e-05,-90.06884604489719,-0.7095539073710025,21.377157591562582,54.72299999999999,54.72299999999999,2925.072265625,True,0.0,419,1.3307312564592712e-10,-0.0015107607007041164,1.428195704002113e-05,True,420,magic-formula
1.550000000000,186,held_throttle,0.0,0.15,0.0,1,-0.009853862226009369,63.5119743347168,0.4187074899673462,0.02248184196650982,40.301483154296875,-0.023148788139224052,0.0006822320283390582,asphalt,0.0,0.15,0.0,6261.877864997529,3,-0.8203122019767761,-0.002568022347986698,682.399446962569,160.03901272617227,-0.0,6078.81432380947,5693.18567619053,2.8404465410858393e-05,0.0008737322867739582,False,-0.0,True,0,0,-0.015209585428237915,40.30147933959961,0.08175665140151978,False,True,-0.8502902984619141,64.6114730834961,-1.862645149230957e-08,0.0,0.0,1.0,2959.642578125,2959.642578125,0.3382730782032013,0.061726927757263184,0.0,asphalt,True,0.829709529876709,64.61213684082031,2.60770320892334e-08,0.0,0.0,1.0,2960.47021484375,2960.47021484375,0.33825305104255676,0.061746954917907715,0.0,asphalt,True,-0.8494271039962769,62.411476135253906,1.4901161193847656e-08,0.0,0.0,1.0,2926.810791015625,2926.810791015625,0.3391619622707367,0.06083804368972778,0.0,asphalt,True,0.8305727243423462,62.41213607788086,3.725290298461914e-09,0.0,0.0,1.0,2927.515869140625,2927.515869140625,0.33914193511009216,0.060858070850372314,0.0,asphalt,426,122.15045700505918,192.50850374673058,122.15186462241302,40.30158615112305,0.0005932776257395744,0.00020010777035541242,1.4720949777808843e-05,12.111387715956193,-0.7179514470572194,0.0,0.0,-0.0,2960.096923828125,True,0.0,425,2.6001060914251725e-05,0.00020069112011382508,1.427615440390671e-05,True,426,magic-formula,122.15059531226424,192.51048929827923,122.15200292961808,40.3016357421875,0.0005932776257395744,0.00020000952098488318,1.472093166371606e-05,12.156459073407937,-0.6991184725973726,0.0,0.0,-0.0,2960.941650390625,True,0.0,425,2.6102283630172173e-05,0.00020138051098247302,1.389769948656775e-05,True,426,magic-formula,121.94951003692465,192.10347162748369,121.95091765427848,40.30158615112305,0.0006556641310453415,-0.001445298919985211,1.6268941091521383e-05,-86.05438731050265,-0.791341884345179,22.61623653662508,54.72299999999999,54.72299999999999,2926.557373046875,True,0.0,425,1.0246028846025273e-10,-0.0014426573789867291,1.591972580601974e-05,True,426,magic-formula,121.94980027531489,192.10618044389966,121.95120789266872,40.3016357421875,0.0006556631997227669,-0.0014441510936653594,1.626889796382573e-05,-86.28932276771707,-0.6198523944901173,22.61623653662508,54.72299999999999,54.72299999999999,2927.2744140625,True,0.0,425,1.0263260001288369e-10,-0.0014462433858987561,1.2466767339895752e-05,True,426,magic-formula
1.600000000000,192,held_throttle,0.0,0.15,0.0,1,-0.010617430321872234,65.5258560180664,0.41870906949043274,0.02255769819021225,40.26067352294922,-0.020330112427473068,0.0006054458790458739,asphalt,0.0,0.15,0.0,6255.257098372879,3,-0.8134450316429138,-0.0022855319548398256,681.0164381579558,160.00492097243458,-0.0,6077.2231612449295,5694.7768387550705,2.524318733776454e-05,0.000778120469907501,False,-0.0,True,0,0,-0.01531356479972601,40.26066970825195,0.08179694414138794,False,True,-0.8510547876358032,66.62537384033203,1.4901161193847656e-08,0.0,0.0,1.0,2957.517578125,2957.517578125,0.33832767605781555,0.061672329902648926,0.0,asphalt,True,0.8289450407028198,66.62603759765625,7.450580596923828e-09,0.0,0.0,1.0,2958.252197265625,2958.252197265625,0.3383099138736725,0.06169009208679199,0.0,asphalt,True,-0.8501886129379272,64.42537689208984,-2.60770320892334e-08,0.0,0.0,1.0,2927.802001953125,2927.802001953125,0.33910831809043884,0.060891687870025635,0.0,asphalt,True,0.8298112154006958,64.42604064941406,7.450580596923828e-09,0.0,0.0,1.0,2928.42919921875,2928.42919921875,0.3390905559062958,0.0609094500541687,0.0,asphalt,432,122.02648520961375,198.61269422203682,122.02764608911676,40.26075744628906,0.0005276789888739586,0.00019827428468350024,1.3106534062298945e-05,11.992096091336325,-0.6387401862058633,0.0,0.0,-0.0,2957.794677734375,True,0.0,431,2.522625290139239e-05,0.00019886906749478974,1.271095794200555e-05,True,432,magic-formula,122.02661144986392,198.6146871824689,122.02777232936693,40.26080322265625,0.0005276771262288094,0.0001981717988764109,1.31064728957432e-05,12.036898661062652,-0.6194062190820484,0.0,0.0,-0.0,2958.541259765625,True,0.0,431,2.5345991843419575e-05,0.00019956167832610192,1.232309737420063e-05,True,432,magic-formula,121.8325948620877,198.19780738477,121.8337557415907,40.26075744628906,0.000583120621740818,-0.0013909609593119687,1.4483597892512851e-05,-82.8467572737,-0.7047910364832497,23.677782826968073,54.72299999999999,54.72299999999999,2927.69189453125,True,0.0,431,7.442228309573059e-11,-0.0013883193374456529,1.4172794063781387e-05,True,432,magic-formula,121.83285970994315,198.20052556470222,121.83402058944615,40.26080322265625,0.0005831187590956688,-0.0013899255329193581,1.4483535160241215e-05,-83.07505520704505,-0.5389448328479212,23.677782826968073,54.72299999999999,54.72299999999999,2928.334228515625,True,0.0,431,7.007519510031372e-11,-0.0013918413335772895,1.0835392544394067e-05,True,432,magic-formula
1.650000000000,198,held_throttle,0.0,0.15,0.0,1,-0.011385856196284294,67.53780364990234,0.4187121093273163,0.022625233978033066,40.225276947021484,-0.016270294785499573,0.0005385148106142879,asphalt,0.0,0.15,0.0,5823.764856173603,4,-0.6129460334777832,-0.002037936123088002,679.7632225864904,160.06542935567447,-0.0,6070.711990407424,5701.288009592576,2.2486847228719853e-05,0.0006922523603520921,False,-0.0,True,0,0,-0.015406835824251175,40.22527313232422,0.0818987712264061,False,True,-0.8518240451812744,68.6373519897461,3.3527612686157227e-08,0.0,0.0,1.0,2949.51171875,2949.51171875,0.33840760588645935,0.06159240007400513,0.0,asphalt,True,0.8281757831573486,68.63801574707031,-1.4901161193847656e-08,0.0,0.0,1.0,2950.165283203125,2950.165283203125,0.33839187026023865,0.06160813570022583,0.0,asphalt,True,-0.8509553074836731,66.4373550415039,1.1175870895385742e-08,0.0,0.0,1.0,2938.737548828125,2938.737548828125,0.339032381772995,0.06096762418746948,0.0,asphalt,True,0.82904452085495,66.43801879882812,2.60770320892334e-08,0.0,0.0,1.0,2939.30029296875,2939.30029296875,0.3390165865421295,0.06098341941833496,0.0,asphalt,438,121.91289661849264,204.71084887001325,121.91519228579823,40.225460052490234,0.0004686964675784111,0.0001440836625554065,1.1651736659956111e-05,8.67788431993016,-0.5665527557872492,0.0,0.0,-0.0,2951.4892578125,True,0.0,437,8.653932515966247e-06,0.0001442156243318378,1.1298488563367208e-05,True,438,magic-formula,121.91301503830849,204.712848644886,121.91531070561408,40.22549819946289,0.0004686964675784111,0.00014410668452557234,1.1651725610286136e-05,8.712423910209907,-0.5535155167147159,0.0,0.0,-0.0,2952.157958984375,True,0.0,437,8.647693792085542e-06,0.00014475683593840984,1.103599182480854e-05,True,438,magic-formula,121.9784181441391,204.29295576114157,121.98071381144469,40.225460052490234,0.0005180817097425461,0.0006816065009546334,1.2879447718878898e-05,40.896830505231215,-0.6286335464937737,19.56320831462193,6.2271,6.2271,2936.296630859375,True,0.0,437,5.783819029476451e-12,0.0006832081111903278,1.260207793911874e-05,True,438,magic-formula,121.97849043719489,204.29568151289445,121.98078610450048,40.22549819946289,0.0005180817097425461,0.0006812506006897552,1.2879435504935954e-05,41.027985190020445,-0.7196209854572254,19.56320831462193,6.2271,6.2271,2936.8701171875,True,0.0,437,2.8208548379356043e-12,0.0006852655304172604,1.4423270964359868e-05,True,438,magic-formula
1.700000000000,204,held_throttle,0.0,0.15,0.0,1,-0.012158665806055069,69.54817962646484,0.41872480511665344,0.022684933617711067,40.19472885131836,-0.008277765475213528,0.0004794069391209632,asphalt,0.0,0.15,0.0,5397.053175267041,4,-0.6166074275970459,-0.0018104559276252985,678.7323172559368,160.06509089364593,-0.0,6057.993078368926,5714.006921631074,1.9730454368982464e-05,0.0006157513261695444,False,-0.0,True,0,0,-0.015489879064261913,40.194725036621094,0.08212573081254959,False,True,-0.8525975942611694,70.64778137207031,-3.725290298461914e-08,0.0,0.0,1.0,2938.466064453125,2938.466064453125,0.3385729491710663,0.06142705678939819,0.0,asphalt,True,0.8274022340774536,70.64845275878906,-7.450580596923828e-09,0.0,0.0,1.0,2939.052490234375,2939.052490234375,0.3385588228702545,0.06144118309020996,0.0,asphalt,True,-0.8517265319824219,68.44778442382812,1.1175870895385742e-08,0.0,0.0,1.0,2948.93408203125,2948.93408203125,0.3388907015323639,0.061109304428100586,0.0,asphalt,True,0.8282732963562012,68.44844818115234,1.1175870895385742e-08,0.0,0.0,1.0,2949.431640625,2949.431640625,0.3388766944408417,0.0611233115196228,0.0,asphalt,444,121.81947540451574,210.8040477624131,121.82237547479372,40.194969177246094,0.000416814349591732,0.00013578082918871325,1.0369813887374378e-05,8.122124889544011,-0.5023914740458761,0.0,0.0,-0.0,2940.117919921875,True,0.0,443,6.924354321063493e-06,0.0001355016282690086,1.0057698267665078e-05,True,444,magic-formula,121.81958333673579,210.80605375167696,121.82248340701376,40.195003509521484,0.000416814349591732,0.00013581269124747708,1.0369805030071852e-05,8.151438569697627,-0.48996017438505923,0.0,0.0,-0.0,2940.714111328125,True,0.0,443,6.905013405619523e-06,0.0001359631015912138,9.806838662350405e-06,True,444,magic-formula,121.87838472696505,210.389499173688,121.88128479724303,40.194969177246094,0.00046014413237571716,0.0006194253450620516,1.1447804085295791e-05,37.28513545041248,-0.5610322422268783,15.123311638325996,6.2271,6.2271,2947.724365234375,True,0.0,443,0.0008913093876381246,0.0006204367368636567,1.1203027749721401e-05,True,444,magic-formula,121.87843988933427,210.39223011081558,121.88133995961225,40.195003509521484,0.00046014413237571716,0.0006190235548290224,1.144779430723563e-05,37.400898355093034,-0.6442226343546583,15.123311638325996,6.2271,6.2271,2948.232666015625,True,0.0,443,0.0009000096509763554,0.0006222558395973932,1.2862158371740885e-05,True,444,magic-formula
1.750000000000,210,held_throttle,0.0,0.15,0.0,1,-0.012935304082930088,71.5570068359375,0.4187447726726532,0.022737083956599236,40.16349411010742,-0.00011301085032755509,0.0004263978044036776,asphalt,0.0,0.15,0.0,5136.542533992172,4,-0.6294243931770325,-0.0016068473923951387,677.6815997555258,159.97647025250595,-0.0,6049.689880814736,5722.310119185264,1.7205824406119063e-05,0.0005468424481054096,False,-0.0,True,0,0,-0.015561990439891815,40.163490295410156,0.08212606608867645,False,True,-0.8533748388290405,72.65667724609375,-3.725290298461914e-09,0.0,0.0,1.0,2931.0458984375,2931.0458984375,0.33874884247779846,0.061251163482666016,0.0,asphalt,True,0.8266249299049377,72.65734100341797,1.1175870895385742e-08,0.0,0.0,1.0,2931.564697265625,2931.564697265625,0.33873632550239563,0.06126368045806885,0.0,asphalt,True,-0.8525017499923706,70.45667266845703,-3.725290298461914e-09,0.0,0.0,1.0,2953.06201171875,2953.06201171875,0.33875319361686707,0.06124681234359741,0.0,asphalt,True,0.8274980783462524,70.45734405517578,-3.3527612686157227e-08,0.0,0.0,1.0,2953.5029296875,2953.5029296875,0.338740736246109,0.06125926971435547,0.0,asphalt,450,121.7253270068296,216.8925831565982,121.72773871529817,40.163692474365234,0.00037013087421655655,0.00014105869105920368,9.215558914119195e-06,8.401560568930051,-0.44538280667177654,0.0,0.0,-0.0,2931.955322265625,True,0.0,449,7.774742193457499e-06,0.0001405536909118942,8.94122981508507e-06,True,450,magic-formula,121.72541259132431,216.8945945196537,121.72782429979289,40.16372299194336,0.00037013087421655655,0.00014100194832044772,9.215551911866461e-06,8.436999323084141,-0.431862943599372,0.0,0.0,-0.0,2932.4873046875,True,0.0,449,7.792822509780843e-06,0.00014112096014897986,8.668239699925411e-06,True,450,magic-formula,121.76550229291486,216.48044035073949,121.76791400138343,40.163692474365234,0.0004079136997461319,0.00047115394852569026,1.0156279828914144e-05,28.424298291509437,-0.49868459393131626,12.312677424434128,6.2271,6.2271,2952.6865234375,True,0.0,449,0.000386882970412993,0.0004721903514038394,9.941166479520137e-06,True,450,magic-formula,121.76556034216918,216.48317594568465,121.76797205063775,40.16372299194336,0.0004079136997461319,0.00047087071525377485,1.0156272111873989e-05,28.510920601472737,-0.5628800281159686,12.312677424434128,6.2271,6.2271,2953.1396484375,True,0.0,449,0.0003907618667848059,0.0004735566955251534,1.1219231784837667e-05,True,450,magic-formula
1.800000000000,216,held_throttle,0.0,0.15,0.0,1,-0.013715257868170738,73.56426239013672,0.41875919699668884,0.022782469168305397,40.131736755371094,0.005873553920537233,0.0003788169415201992,asphalt,0.0,0.15,0.0,4976.831762547097,4,-0.6385803818702698,-0.0014242143370211124,676.6130471564658,159.90504149146278,-0.0,6044.453749288435,5727.546250711565,1.4970441043260507e-05,0.0004847431822338802,False,-0.0,True,0,0,-0.01562431175261736,40.13173294067383,0.08188208192586899,False,True,-0.8541553020477295,74.66397094726562,3.725290298461914e-09,0.0,0.0,1.0,2928.347412109375,2928.347412109375,0.33887746930122375,0.06112253665924072,0.0,asphalt,True,0.8258444666862488,74.66464233398438,-2.9802322387695312e-08,0.0,0.0,1.0,2928.802978515625,2928.802978515625,0.3388664424419403,0.06113356351852417,0.0,asphalt,True,-0.8532806038856506,72.46398162841797,-3.725290298461914e-09,0.0,0.0,1.0,2953.48974609375,2953.48974609375,0.33865198493003845,0.061348021030426025,0.0,asphalt,True,0.8267192840576172,72.46463775634766,-1.4901161193847656e-08,0.0,0.0,1.0,2953.8837890625,2953.8837890625,0.33864083886146545,0.06135916709899902,0.0,asphalt,456,121.62927638658235,222.97632057122212,121.63070661365433,40.13185119628906,0.0003280993551015854,0.00014477306951776552,8.175535025521432e-06,8.611721131982609,-0.3947758881761651,0.0,0.0,-0.0,2928.47998046875,True,0.0,455,8.470939789588115e-06,0.00014424054914718832,7.93468279606182e-06,True,456,magic-formula,121.62935283813965,222.97833657298486,121.63078306521163,40.13187789916992,0.0003280956298112869,0.0001447362475974512,8.1754367594835e-06,8.642800748805536,-0.38035969127795854,0.0,0.0,-0.0,2928.948486328125,True,0.0,455,8.482287396791306e-06,0.00014473795908819987,7.643704752300042e-06,True,456,magic-formula,121.65736172709416,222.56583545383543,121.65879195416613,40.13185119628906,0.0003609694540500641,0.00037571587660530407,8.994587672389954e-06,22.68233777481151,-0.4418873214317692,10.53097859790384,6.2271,6.2271,2953.592529296875,True,0.0,455,0.00019215291933592036,0.00037668640521275256,8.806163013311681e-06,True,456,magic-formula,121.65741277181588,222.5685753849198,121.65884299888786,40.13187789916992,0.00036096759140491486,0.00037546998341762345,8.994535274479311e-06,22.75831604379332,-0.4935497550727635,10.53097859790384,6.2271,6.2271,2953.992431640625,True,0.0,455,0.00019436092270695086,0.00037789702944058466,9.834419781429474e-06,True,456,magic-formula
1.850000000000,222,held_throttle,0.0,0.15,0.0,1,-0.014498069882392883,75.56991577148438,0.4187588095664978,0.02282201312482357,40.09964370727539,0.008881084620952606,0.00033611871185712516,asphalt,0.0,0.15,0.0,4878.316985682381,4,-0.6440739035606384,-0.0012607723474502563,675.5330006096698,159.89021884556576,-0.0,6041.170088593411,5730.829911406589,1.3032969036430586e-05,0.00042896179138315085,False,-0.0,True,0,0,-0.015677902847528458,40.099639892578125,0.08154691755771637,False,True,-0.8549386262893677,76.66964721679688,1.1175870895385742e-08,0.0,0.0,1.0,2929.7158203125,2929.7158203125,0.3389342129230499,0.06106579303741455,0.0,asphalt,True,0.8250612020492554,76.67031860351562,-3.725290298461914e-08,0.0,0.0,1.0,2930.11865234375,2930.11865234375,0.33892443776130676,0.061075568199157715,0.0,asphalt,True,-0.8540623188018799,74.46965026855469,1.1175870895385742e-08,0.0,0.0,1.0,2951.9794921875,2951.9794921875,0.3385932147502899,0.06140679121017456,0.0,asphalt,True,0.8259375095367432,74.47032165527344,7.450580596923828e-09,0.0,0.0,1.0,2952.324462890625,2952.324462890625,0.338583379983902,0.0614166259765625,0.0,asphalt,462,121.53197534543854,229.05516742727707,121.53238738932107,40.09967041015625,0.0002903249114751816,0.00014667087729927753,7.24008223759806e-06,8.732049933087993,-0.3498264009830463,0.0,0.0,-0.0,2929.263427734375,True,0.0,461,8.88487805113818e-06,0.00014621686379032574,7.029353642478463e-06,True,462,magic-formula,121.532039852567,229.05718746658917,121.53245189644953,40.09968948364258,0.0002903249114751816,0.00014672601659249,7.24007879384048e-06,8.763071520280201,-0.3347340988752964,0.0,0.0,-0.0,2929.6826171875,True,0.0,461,8.910119615883887e-06,0.00014671532268342106,6.725127927625615e-06,True,462,magic-formula,121.55244248203987,228.6458659487384,121.5528545259224,40.09967041015625,0.00031894072890281677,0.0003151050566667253,7.953699510091522e-06,19.028195665544636,-0.3906865800500759,9.400196512877748,6.2271,6.2271,2952.31103515625,True,0.0,461,0.00011094694516666645,0.0003161383466306873,7.789158842033076e-06,True,462,magic-formula,121.55249560199402,228.6486097141479,121.55290764587656,40.09968948364258,0.00031894072890281677,0.0003150664052051646,7.95369572690066e-06,19.08709865610393,-0.4342144882026489,9.400196512877748,6.2271,6.2271,2952.665771484375,True,0.0,461,0.00011219351120420089,0.0003170788821336235,8.655957530649452e-06,True,462,magic-formula
1.900000000000,228,held_throttle,0.0,0.15,0.0,1,-0.015283330343663692,77.57395935058594,0.4187430739402771,0.02285654842853546,40.06735610961914,0.0092080757021904,0.00029953400371596217,asphalt,0.0,0.15,0.0,4816.962198221943,4,-0.6468198299407959,-0.0011116345413029194,674.4464975510781,159.95503764228678,-0.0,6039.094618795703,5732.905381204297,1.1394919965823647e-05,0.00037908178241458985,False,-0.0,True,0,0,-0.015723681077361107,40.067352294921875,0.08133313804864883,False,True,-0.8557243347167969,78.67369079589844,0.0,0.0,0.0,1.0,2934.934326171875,2934.934326171875,0.33892419934272766,0.061075806617736816,0.0,asphalt,True,0.824275553226471,78.67435455322266,-1.1175870895385742e-08,0.0,0.0,1.0,2935.256103515625,2935.256103515625,0.3389154374599457,0.0610845685005188,0.0,asphalt,True,-0.854846715927124,76.47369384765625,1.862645149230957e-08,0.0,0.0,1.0,2949.652587890625,2949.652587890625,0.3385706841945648,0.06142932176589966,0.0,asphalt,True,0.825153112411499,76.47435760498047,0.0,0.0,0.0,1.0,2949.974609375,2949.974609375,0.33856192231178284,0.06143808364868164,0.0,asphalt,468,121.43399564039687,235.1290822503225,121.43366465638651,40.067317962646484,0.00025571882724761963,0.00014726712404320965,6.382229713567209e-06,8.792514572195786,-0.3090152784636266,0.0,0.0,-0.0,2933.94775390625,True,0.0,467,9.107603596196133e-06,0.0001469942706515756,6.199388193331789e-06,True,468,magic-formula,121.43405359417922,235.13110588608103,121.43372261016886,40.06733703613281,0.00025571882724761963,0.00014726833333127278,6.382226675397463e-06,8.820332819778269,-0.2933852326352118,0.0,0.0,-0.0,2934.273193359375,True,0.0,467,9.126523934170724e-06,0.00014744298710462746,5.885168126605576e-06,True,468,magic-formula,121.44967296390854,234.7206660540656,121.44934197989818,40.067317962646484,0.0002807397395372391,0.00027638773959513937,7.006701566457975e-06,16.696540378978522,-0.34404619476879045,8.681889089749271,6.2271,6.2271,2950.07275390625,True,0.0,467,7.350508440105665e-05,0.00027760985203699695,6.864474954552751e-06,True,468,magic-formula,121.44972107797993,234.72341324323736,121.44939009396957,40.06733703613281,0.0002807397395372391,0.000276307846228442,7.006698231017279e-06,16.746606203103873,-0.3822495356537769,8.681889089749271,6.2271,6.2271,2950.398193359375,True,0.0,467,7.434857610960642e-05,0.00027841157744477424,7.625886047401162e-06,True,468,magic-formula
1.950000000000,234,held_throttle,0.0,0.15,0.0,1,-0.01607060804963112,79.57624053955078,0.41872477531433105,0.02288672886788845,40.02976608276367,0.00544405123218894,0.00026759449974633753,asphalt,0.0,0.15,0.0,4776.273630601571,4,-0.7575978636741638,-0.000985944177955389,673.2128147903143,160.09624267329255,-0.0,6043.549395768298,5728.450604231702,1.0015827683673706e-05,0.00033500240241477033,False,-0.0,True,0,0,-0.015760263428092003,40.029762268066406,0.08152846246957779,False,True,-0.8565118908882141,80.67594146728516,-1.4901161193847656e-08,0.0,0.0,1.0,2948.285400390625,2948.285400390625,0.3388332426548004,0.06116676330566406,0.0,asphalt,True,0.8234879374504089,80.6766128540039,-7.450580596923828e-09,0.0,0.0,1.0,2948.562255859375,2948.562255859375,0.33882537484169006,0.061174631118774414,0.0,asphalt,True,-0.8556330800056458,78.47594451904297,7.450580596923828e-09,0.0,0.0,1.0,2941.18701171875,2941.18701171875,0.33862414956092834,0.06137585639953613,0.0,asphalt,True,0.8243667483329773,78.47661590576172,2.9802322387695312e-08,0.0,0.0,1.0,2941.51171875,2941.51171875,0.338616281747818,0.061383724212646484,0.0,asphalt,474,121.32390620940072,241.19778140361947,121.32211908112453,40.029598236083984,0.00022662431001663208,0.00018213555317872287,5.661418550284732e-06,10.95018054838705,-0.2751295607851572,0.0,0.0,-0.0,2946.754638671875,True,0.0,473,1.8937112479358647e-05,0.0001822708813026233,5.495599872563826e-06,True,474,magic-formula,121.32395687265685,241.19980834020777,121.32216974438066,40.02961730957031,0.00022662431001663208,0.00018207664465248632,5.661415852707373e-06,10.98619430970032,-0.254570093874561,0.0,0.0,-0.0,2947.040283203125,True,0.0,473,1.906904549681214e-05,0.00018285262578862405,5.084437594809922e-06,True,474,magic-formula,121.19736903563289,240.78344753445901,121.1955819073567,40.029598236083984,0.0002486184239387512,-0.0008610242381612958,6.210864832299058e-06,-51.52605417604286,-0.3039324223444201,22.405540587875652,41.514,41.514,2942.477783203125,True,0.0,473,8.370195380106189e-12,-0.0008589958660673927,6.080264406722387e-06,True,474,magic-formula,121.19749713654576,240.78619844881217,121.19571000826957,40.02961730957031,0.000248616561293602,-0.0008604442616535657,6.21081534124399e-06,-51.66612185534117,-0.19849530375708846,22.405540587875652,41.514,41.514,2942.808349609375,True,0.0,473,5.364619612479062e-12,-0.0008612345900220402,3.970517207317041e-06,True,474,magic-formula
2.000000000000,240,held_throttle,0.0,0.15,0.0,1,-0.016859551891684532,81.57665252685547,0.4187198579311371,0.022913556545972824,39.99320983886719,-0.0002773917221929878,0.00023603858426213264,asphalt,0.0,0.15,0.0,4749.940475784433,4,-0.7141109704971313,-0.0008721096673980355,671.9718020536238,160.0719862279137,-0.0,6046.759201441356,5725.240798558644,8.94838922249619e-06,0.00029555756194206683,False,-0.0,True,0,0,-0.015791578218340874,39.99320602416992,0.08179008215665817,False,True,-0.8573010563850403,82.67631530761719,-2.60770320892334e-08,0.0,0.0,1.0,2952.73486328125,2952.73486328125,0.3387179672718048,0.06128203868865967,0.0,asphalt,True,0.8226987719535828,82.67698669433594,1.862645149230957e-08,0.0,0.0,1.0,2952.972412109375,2952.972412109375,0.33871105313301086,0.06128895282745361,0.0,asphalt,True,-0.8564212918281555,80.476318359375,-1.862645149230957e-08,0.0,0.0,1.0,2935.166748046875,2935.166748046875,0.3387286365032196,0.06127136945724487,0.0,asphalt,True,0.8235785365104675,80.47698974609375,-1.4901161193847656e-08,0.0,0.0,1.0,2935.44921875,2935.44921875,0.33872172236442566,0.06127828359603882,0.0,asphalt,480,121.21156591381087,247.26077951307371,121.20980461273949,39.993045806884766,0.00019983947277069092,0.00016930305097336218,4.996855546686706e-06,10.209967505236314,-0.2433378084732442,0.0,0.0,-0.0,2952.46533203125,True,0.0,479,1.5056012039751287e-05,0.00016962092269740534,4.851168980613937e-06,True,480,magic-formula,121.2116122306361,247.26280947857248,121.20985092956472,39.99306106567383,0.00019984133541584015,0.00016930363057150654,4.996900214414978e-06,10.243868202108272,-0.2239979516005036,0.0,0.0,-0.0,2952.706787109375,True,0.0,479,1.5159387773983876e-05,0.00017017021026466297,4.465243530401283e-06,True,480,magic-formula,121.14083783649698,246.84168337548545,121.1390765354256,39.993045806884766,0.00021949037909507751,-0.00041430504995212226,5.48821362975782e-06,-24.671280559808054,-0.2680257544541037,31.529829813657475,41.514,41.514,2935.91845703125,True,0.0,479,0.00030724456325754366,-0.0004121830624233532,5.3735623457420125e-06,True,480,magic-formula,121.14092775496574,246.8444377861888,121.13916645389436,39.99306106567383,0.00021949224174022675,-0.0004139444717157766,5.488258110015336e-06,-24.73603526433314,-0.21869512729631174,31.529829813657475,41.514,41.514,2936.205810546875,True,0.0,479,0.00030991271646703595,-0.0004132244859981926,4.384073193388135e-06,True,480,magic-formula
2.050000000000,246,held_throttle,0.0,0.15,0.0,1,-0.017649926245212555,83.5752944946289,0.4187234938144684,0.022937607020139694,39.95855712890625,-0.004649439360946417,0.00020773024880327284,asphalt,0.0,0.15,0.0,4733.055153988904,4,-0.6802363991737366,-0.000768973957747221,670.798523353996,159.988810843527,-0.0,6046.501163755308,5725.498836244692,8.041151886573061e-06,0.0002610027561586834,False,-0.0,True,0,0,-0.015818249434232712,39.958553314208984,0.08181972801685333,False,True,-0.8580917119979858,84.6749267578125,-1.862645149230957e-08,0.0,0.0,1.0,2951.83544921875,2951.83544921875,0.33863726258277893,0.06136274337768555,0.0,asphalt,True,0.8219081163406372,84.67559814453125,-7.450580596923828e-09,0.0,0.0,1.0,2952.04443359375,2952.04443359375,0.33863118290901184,0.06136882305145264,0.0,asphalt,True,-0.8572110533714294,82.47491455078125,-2.9802322387695312e-08,0.0,0.0,1.0,2933.07470703125,2933.07470703125,0.338815838098526,0.06118416786193848,0.0,asphalt,True,0.8227887749671936,82.47560119628906,-1.862645149230957e-08,0.0,0.0,1.0,2933.325927734375,2933.325927734375,0.33880969882011414,0.06119030714035034,0.0,asphalt,486,121.10533653387425,253.31834871886812,121.10434060021394,39.95846176147461,0.00017623789608478546,0.0001576460761051353,4.410527540716294e-06,9.512454988170004,-0.21469645874125295,0.0,0.0,-0.0,2952.214599609375,True,0.0,485,1.1913868191846688e-05,0.00015804634563414214,4.280538395342713e-06,True,486,magic-formula,121.10537483223074,253.3203814699844,121.10437889857043,39.95847702026367,0.00017623603343963623,0.00015758043954674104,4.4104792419671294e-06,9.548122016701795,-0.1965517544462294,0.0,0.0,-0.0,2952.42724609375,True,0.0,485,1.20098413557571e-05,0.00015862751846888504,3.918492231960422e-06,True,486,magic-formula,121.07501722013053,252.89688969036638,121.07402128647023,39.95846176147461,0.00019389577209949493,-9.274828579881827e-05,4.852433340787783e-06,-5.4213728099497125,-0.23668125755240554,37.594055842192454,41.514,41.514,2933.140869140625,True,0.0,485,4.296464317055824e-06,-9.065994428874129e-05,4.749540534147932e-06,True,486,magic-formula,121.07507536643898,252.89964699932025,121.07407943277867,39.95847702026367,0.0001938939094543457,-9.264991097957315e-05,4.85238487328976e-06,-5.431841444121178,-0.22742989575756833,37.594055842192454,41.514,41.514,2933.39404296875,True,0.0,485,4.366465966063332e-06,-9.082716757752413e-05,4.563496553577956e-06,True,486,magic-formula
2.100000000000,252,held_throttle,0.0,0.15,0.0,1,-0.018441511318087578,85.5722427368164,0.41872408986091614,0.02295919880270958,39.92521667480469,-0.006393067073076963,0.00018248242849949747,asphalt,0.0,0.15,0.0,4721.753833411617,4,-0.6582633852958679,-0.0006799515103921294,669.6736111554654,159.93655164266903,-0.0,6044.505889203123,5727.494110796877,7.216190169856418e-06,0.00023079796092065425,False,-0.0,True,0,0,-0.015840718522667885,39.92521286010742,0.08165697008371353,False,True,-0.8588835000991821,86.67185974121094,7.450580596923828e-09,0.0,0.0,1.0,2948.56689453125,2948.56689453125,0.33860400319099426,0.061396002769470215,0.0,asphalt,True,0.8211163282394409,86.67253112792969,-3.725290298461914e-09,0.0,0.0,1.0,2948.75048828125,2948.75048828125,0.3385986387729645,0.0614013671875,0.0,asphalt,True,-0.8580019474029541,84.47185516357422,1.1175870895385742e-08,0.0,0.0,1.0,2934.775146484375,2934.775146484375,0.3388494551181793,0.061150550842285156,0.0,asphalt,True,0.821997880935669,84.4725341796875,1.4901161193847656e-08,0.0,0.0,1.0,2934.991455078125,2934.991455078125,0.3388441503047943,0.061155855655670166,0.0,asphalt,492,121.0036560490344,259.37078128640735,121.00357671727492,39.92520523071289,0.00015560537576675415,0.00015031270180788334,3.8974220637509754e-06,9.053539025106486,-0.18951985785789272,0.0,0.0,-0.0,2949.187255859375,True,0.0,491,1.0116258561270316e-05,0.00015057599282714988,3.7824544580125674e-06,True,492,magic-formula,121.00369377777507,259.3728166451738,121.00361444601559,39.92521667480469,0.00015560537576675415,0.0001503378656645606,3.897420946600974e-06,9.088924836368442,-0.17212525867706857,0.0,0.0,-0.0,2949.371826171875,True,0.0,491,1.0194684790959912e-05,0.00015115506267980296,3.4350752142411562e-06,True,492,magic-formula,121.00025329434882,258.9485905290484,121.00017396258934,39.92520523071289,0.0001714508980512619,0.00012218738498736772,4.29430223487787e-06,7.421631865203869,-0.20953394380066895,41.62408558701441,41.514,41.514,2934.274658203125,True,0.0,491,5.081718359234842e-06,0.00012406182364226958,4.2031464842632275e-06,True,492,magic-formula,121.00028959099731,258.95135031052575,121.00021025923783,39.92521667480469,0.00017145276069641113,0.0001222007200152362,4.294347657317903e-06,7.446782558475293,-0.2269901718429227,41.62408558701441,41.514,41.514,2934.498046875,True,0.0,491,5.1853059171682516e-06,0.00012447277270980682,4.552963852263116e-06,True,492,magic-formula
2.150000000000,258,held_throttle,0.0,0.15,0.0,1,-0.019234107807278633,87.56755065917969,0.4187164306640625,0.02297857217490673,39.89274597167969,-0.005626554600894451,0.00016188625886570662,asphalt,0.0,0.15,0.0,4713.722088166287,4,-0.6436155438423157,-0.0006016704719513655,668.5808373593318,159.99499275293067,-0.0,6041.881386626873,5730.118613373127,6.477938768512104e-06,0.00020437180086447365,False,-0.0,True,0,0,-0.01585935615003109,39.89274215698242,0.08156741410493851,False,True,-0.8596763014793396,88.66717529296875,1.4901161193847656e-08,0.0,0.0,1.0,2945.515869140625,2945.515869140625,0.33861079812049866,0.06138920783996582,0.0,asphalt,True,0.8203235268592834,88.6678466796875,-1.1175870895385742e-08,0.0,0.0,1.0,2945.712890625,2945.712890625,0.3386060297489166,0.06139397621154785,0.0,asphalt,True,-0.8587940335273743,86.46717834472656,-1.4901161193847656e-08,0.0,0.0,1.0,2940.573486328125,2940.573486328125,0.3388268053531647,0.061173200607299805,0.0,asphalt,True,0.8212057948112488,86.46784973144531,-3.725290298461914e-08,0.0,0.0,1.0,2940.738525390625,2940.738525390625,0.3388220965862274,0.06117790937423706,0.0,asphalt,498,120.90488722653144,265.41825630155085,120.90549138299438,39.89279556274414,0.00013743527233600616,0.00014582136772262066,3.4451150990233723e-06,8.764531257414172,-0.16724469787293902,0.0,0.0,-0.0,2945.994873046875,True,0.0,497,9.079125730832879e-06,0.00014592724288749689,3.341501390887523e-06,True,498,magic-formula,120.90491706630877,265.4202940515324,120.90552122277171,39.89280319213867,0.00013743527233600616,0.00014587693211727453,3.445114440154098e-06,8.796152822313157,-0.15026138965537855,0.0,0.0,-0.0,2946.194091796875,True,0.0,497,9.145364190129685e-06,0.0001464438330100592,3.0019755839711634e-06,True,498,magic-formula,120.9192706880917,264.9964153207336,120.91987484455464,39.89279556274414,0.00015166029334068298,0.0002648038117435751,3.801696301313809e-06,15.97199004353164,-0.18573210642623605,44.30317341686447,41.514,41.514,2939.63623046875,True,0.0,497,6.447232691415048e-05,0.0002665056324238979,3.718914573351551e-06,True,498,magic-formula,120.9192934813368,264.9991772932585,120.91989763779974,39.89280319213867,0.00015166215598583221,0.00026480106327937507,3.8017422655068843e-06,16.024991784491576,-0.22101916169207267,44.30317341686447,41.514,41.514,2939.806396484375,True,0.0,497,6.522964364778022e-05,0.00026737453797697576,4.425222089906595e-06,True,498,magic-formula
2.200000000000,264,held_throttle,0.0,0.15,0.0,1,-0.020027533173561096,89.5612564086914,0.41870900988578796,0.022995954379439354,39.86086654663086,-0.0032461010850965977,0.0001432757853763178,asphalt,0.0,0.15,0.0,4707.588550214019,4,-0.6330870389938354,-0.0005334955640137196,667.5099058853519,160.03926823182127,-0.0,6039.194741323337,5732.805258676663,5.804435204481706e-06,0.0001811325363475489,False,-0.0,True,0,0,-0.01587463542819023,39.860862731933594,0.08166532963514328,False,True,-0.8604699969291687,90.66090393066406,-3.725290298461914e-09,0.0,0.0,1.0,2942.197021484375,2942.197021484375,0.3386487662792206,0.061351239681243896,0.0,asphalt,True,0.8195298314094543,90.66156768798828,0.0,0.0,0.0,1.0,2942.368408203125,2942.368408203125,0.3386445939540863,0.061355412006378174,0.0,asphalt,True,-0.8595870137214661,88.46089935302734,1.4901161193847656e-08,0.0,0.0,1.0,2945.139404296875,2945.139404296875,0.3387733995914459,0.061226606369018555,0.0,asphalt,True,0.8204128742218018,88.46157836914062,1.4901161193847656e-08,0.0,0.0,1.0,2945.284423828125,2945.284423828125,0.33876922726631165,0.06123077869415283,0.0,asphalt,504,120.80798795844152,271.46087332187346,120.80893658743429,39.86094665527344,0.00012168101966381073,0.00014273045398217706,3.0526374778742207e-06,8.559470400062564,-0.14802831098708433,0.0,0.0,-0.0,2942.779541015625,True,0.0,503,8.395987083609928e-06,0.0001426687351104168,2.960794684244438e-06,True,504,magic-formula,120.80801330602236,271.46291298562,120.80896193501513,39.86095428466797,0.00012168101966381073,0.00014274887346592895,3.052636893598804e-06,8.588884341702926,-0.13130714922626932,0.0,0.0,-0.0,2942.9560546875,True,0.0,503,8.451844755967171e-06,0.0001431504203620525,2.6261870649232363e-06,True,504,magic-formula,120.83411846450767,271.04009591083957,120.83506709350044,39.86094665527344,0.00013442710041999817,0.0003590591597804207,3.3724011018113743e-06,21.64410920353792,-0.16502448456509755,46.0858866589546,41.514,41.514,2944.501708984375,True,0.0,503,0.00016849445308059335,0.0003605539825555534,3.298836803612278e-06,True,504,magic-formula,120.83413061921306,271.042859886179,120.83507924820583,39.86095428466797,0.00013442710041999817,0.0003589683169689618,3.3724004563331364e-06,21.71491942163011,-0.2121771626798806,46.0858866589546,41.514,41.514,2944.65185546875,True,0.0,503,0.0001703037695533925,0.0003617151310364602,4.241231752458752e-06,True,504,magic-formula
2.250000000000,270,held_throttle,0.0,0.15,0.0,1,-0.02082163654267788,91.55337524414062,0.4187072217464447,0.023011500015854836,39.82941436767578,-0.000210140977287665,0.0001265692408196628,asphalt,0.0,0.15,0.0,4702.549327174634,4,-0.6266782879829407,-0.00047364714555442333,666.4552776350585,160.03166942745497,-0.0,6036.674441221467,5735.325558778533,5.191910076973727e-06,0.00016064769055222232,False,-0.0,True,0,0,-0.01588689722120762,39.829410552978516,0.08177399635314941,False,True,-0.8612642288208008,92.65303802490234,0.0,0.0,0.0,1.0,2938.868896484375,2938.868896484375,0.33870503306388855,0.06129497289657593,0.0,asphalt,True,0.8187355995178223,92.65371704101562,7.450580596923828e-09,0.0,0.0,1.0,2939.020263671875,2939.020263671875,0.3387013375759125,0.061298668384552,0.0,asphalt,True,-0.8603806495666504,90.45304107666016,0.0,0.0,0.0,1.0,2948.012451171875,2948.012451171875,0.3387130796909332,0.06128692626953125,0.0,asphalt,True,0.8196191787719727,90.4537124633789,3.725290298461914e-09,0.0,0.0,1.0,2948.139892578125,2948.139892578125,0.33870938420295715,0.061290621757507324,0.0,asphalt,510,120.71243883515098,277.4986945080755,120.71343070684787,39.829498291015625,0.00010781548917293549,0.00014076312343273343,2.706925615404806e-06,8.426869732790712,-0.131109223451208,0.0,0.0,-0.0,2939.38525390625,True,0.0,509,7.970183026574936e-06,0.00014062074639496327,2.625414932136672e-06,True,510,magic-formula,120.71246488235926,277.5007360761276,120.71345675405615,39.829505920410156,0.00010781548917293549,0.00014078735447040398,2.706925096889625e-06,8.45663822141146,-0.11451667735452196,0.0,0.0,-0.0,2939.541748046875,True,0.0,509,8.04363043757446e-06,0.00014110998751669412,2.293032102984485e-06,True,510,magic-formula,120.74634667214517,277.0794527122528,120.74733854384206,39.829498291015625,0.00011921674013137817,0.0004217002852901526,2.993177048326365e-06,25.421271328648267,-0.14660343937628648,47.274332673780634,41.514,41.514,2947.63525390625,True,0.0,509,0.0002787766472317932,0.00042302601760665676,2.9274893455551557e-06,True,510,magic-formula,120.7463513244085,277.08221856012597,120.74734319610539,39.829505920410156,0.00011921674013137817,0.0004215471986571841,2.9931764749793433e-06,25.49990430332532,-0.20165859587742607,47.274332673780634,41.514,41.514,2947.767822265625,True,0.0,509,0.00028152640357286863,0.00042431546092645524,4.0267432488674965e-06,True,510,magic-formula
2.300000000000,276,held_throttle,0.0,0.15,0.0,1,-0.021616272628307343,93.54393768310547,0.41870954632759094,0.023025430738925934,39.79826736450195,0.0027011744678020477,0.00011208131036255509,asphalt,0.0,0.15,0.0,4698.137047391922,4,-0.6207273602485657,-0.00041977185173891485,665.4118141927956,160.00503379311075,-0.0,6034.472120853304,5737.527879146696,4.6537170419469476e-06,0.00014258698191140797,False,-0.0,True,0,0,-0.015896452590823174,39.79826354980469,0.08181072771549225,False,True,-0.8620590567588806,94.64361572265625,4.0978193283081055e-08,0.0,0.0,1.0,2936.350341796875,2936.350341796875,0.33876296877861023,0.06123703718185425,0.0,asphalt,True,0.8179407715797424,94.64429473876953,-1.4901161193847656e-08,0.0,0.0,1.0,2936.48291015625,2936.48291015625,0.33875975012779236,0.06124025583267212,0.0,asphalt,True,-0.861175000667572,92.4436264038086,1.4901161193847656e-08,0.0,0.0,1.0,2949.54833984375,2949.54833984375,0.3386593163013458,0.06134068965911865,0.0,asphalt,True,0.818824827671051,92.44430541992188,3.725290298461914e-09,0.0,0.0,1.0,2949.6640625,2949.6640625,0.3386560380458832,0.0613439679145813,0.0,asphalt,516,120.61782244041835,283.5317625196694,120.61864349125692,39.798336029052734,9.548105299472809e-05,0.00013933688788591626,2.399121735261591e-06,8.32867878254773,-0.11606175312271069,0.0,0.0,-0.0,2936.69189453125,True,0.0,515,7.672279824590701e-06,0.00013910967830070513,2.326226226741176e-06,True,516,magic-formula,120.61784622319226,283.5338058799294,120.61866727403083,39.798343658447266,9.547919034957886e-05,0.00013934236192772012,2.399074473269695e-06,8.357336990841526,-0.09954363571281236,0.0,0.0,-0.0,2936.826904296875,True,0.0,515,7.737700155275666e-06,0.0001395819262296498,1.9950608569748956e-06,True,516,magic-formula,120.65690251283542,283.1143694935235,120.65772356367398,39.798336029052734,0.00010569952428340912,0.00046338118682884413,2.6558779795718113e-06,27.93564474306757,-0.13012202999739417,48.069094390386674,41.514,41.514,2949.36572265625,True,0.0,515,0.000374201422525653,0.00046459495463247163,2.5968512031923453e-06,True,516,magic-formula,120.65690246469403,283.11713705138004,120.6577235155326,39.798343658447266,0.00010569766163825989,0.00046318899751136063,2.655830668359407e-06,28.023432907337344,-0.19041626927241476,48.069094390386674,41.514,41.514,2949.48583984375,True,0.0,515,0.0003779155770707149,0.00046603600379166085,3.800063278148213e-06,True,516,magic-formula
2.350000000000,282,held_throttle,0.0,0.15,0.0,1,-0.02241131290793419,95.53295135498047,0.4187120199203491,0.023037930950522423,39.767333984375,0.004988272208720446,9.949688683263958e-05,asphalt,0.0,0.15,0.0,4694.081458530445,4,-0.6175231337547302,-0.00037279565003700554,664.3770698142089,159.9826554801648,-0.0,6032.589010278201,5739.410989721799,4.178993549430743e-06,0.00012668960379661072,False,-0.0,True,0,0,-0.015903599560260773,39.767330169677734,0.08177293092012405,False,True,-0.8628543019294739,96.63264465332031,2.60770320892334e-08,0.0,0.0,1.0,2935.005859375,2935.005859375,0.33880922198295593,0.061190783977508545,0.0,asphalt,True,0.8171455264091492,96.6333236694336,2.2351741790771484e-08,0.0,0.0,1.0,2935.126220703125,2935.126220703125,0.33880630135536194,0.06119370460510254,0.0,asphalt,True,-0.8619696497917175,94.43265533447266,1.1175870895385742e-08,0.0,0.0,1.0,2950.155029296875,2950.155029296875,0.3386177122592926,0.061382293701171875,0.0,asphalt,True,0.8180301189422607,94.4333267211914,3.725290298461914e-09,0.0,0.0,1.0,2950.257568359375,2950.257568359375,0.3386147916316986,0.06138521432876587,0.0,asphalt,522,120.5238727821051,289.56010713686544,120.52441197125147,39.76737976074219,8.475780487060547e-05,0.00013826048851041828,2.1313399419427898e-06,8.260329846282664,-0.10301470452631778,0.0,0.0,-0.0,2935.145751953125,True,0.0,521,7.467310311775005e-06,0.00013804075555576392,2.0658117881759933e-06,True,522,magic-formula,120.52389671824761,289.5621522609176,120.52443590739398,39.76738357543945,8.475780487060547e-05,0.0001383631782520102,2.1313397374934165e-06,8.289099722571953,-0.08651756892592496,0.0,0.0,-0.0,2935.268798828125,True,0.0,521,7.5379721378517125e-06,0.00013851573183916875,1.734911803824428e-06,True,522,magic-formula,120.56641232075658,289.14477182985564,120.56695150990295,39.76737976074219,9.39350575208664e-05,0.0004912645797893971,2.3621133221712307e-06,29.62465679704772,-0.11570730673297604,48.60322834856724,41.514,41.514,2950.102294921875,True,0.0,521,0.0004495118838869029,0.0004925624383236762,2.30859647675222e-06,True,522,magic-formula,120.5664084988681,289.1475409548555,120.56694768801447,39.76738357543945,9.393319487571716e-05,0.0004911368923724305,2.3620662570709357e-06,29.710515686526012,-0.17950983127892714,48.60322834856724,41.514,41.514,2950.20703125,True,0.0,521,0.00045359488731585846,0.0004939724935373609,3.5815492360631673e-06,True,522,magic-formula
2.400000000000,288,held_throttle,0.0,0.15,0.0,1,-0.023206649348139763,97.52042388916016,0.4187116324901581,0.02304920181632042,39.736541748046875,0.006443640682846308,8.821553637972102e-05,asphalt,0.0,0.15,0.0,4690.228293270859,4,-0.615234375,-0.0003315394278615713,663.3480970845558,159.97444943510024,-0.0,6031.0480638249255,5740.9519361750745,3.766643885683152e-06,0.00011268007035092058,False,-0.0,True,0,0,-0.015908630564808846,39.73653793334961,0.08169837296009064,False,True,-0.8636497259140015,98.62013244628906,-2.9802322387695312e-08,0.0,0.0,1.0,2934.79052734375,2934.79052734375,0.33883658051490784,0.06116342544555664,0.0,asphalt,True,0.8163501620292664,98.62081146240234,-7.450580596923828e-09,0.0,0.0,1.0,2934.89306640625,2934.89306640625,0.33883407711982727,0.06116592884063721,0.0,asphalt,True,-0.8627647161483765,96.42013549804688,-2.60770320892334e-08,0.0,0.0,1.0,2950.1748046875,2950.1748046875,0.33858922123908997,0.06141078472137451,0.0,asphalt,True,0.8172351121902466,96.42080688476562,-3.3527612686157227e-08,0.0,0.0,1.0,2950.26416015625,2950.26416015625,0.3385866582393646,0.061413347721099854,0.0,asphalt,528,120.43039190909221,295.5837529154886,120.43063256687637,39.7365608215332,7.52471387386322e-05,0.0001376190680362296,1.8936500085273084e-06,8.21539648652172,-0.0915365119440652,0.0,0.0,-0.0,2934.756591796875,True,0.0,527,7.339562521685569e-06,0.00013730806451487258,1.8358765601128576e-06,True,528,magic-formula,120.430414002105,295.58579958317426,120.43065465988916,39.73656463623047,7.524527609348297e-05,0.00013770653085572328,1.8936029518965238e-06,8.243298406155203,-0.07501953891839219,0.0,0.0,-0.0,2934.867919921875,True,0.0,527,7.405002322042428e-06,0.00013776917858811748,1.504550521457412e-06,True,528,magic-formula,120.47526819027176,295.1706156743966,120.47550884805592,39.7365608215332,8.351728320121765e-05,0.0005103028756704129,2.101774322548738e-06,30.762450201301807,-0.1029757206727499,48.964924043807535,41.514,41.514,2950.2001953125,True,0.0,527,0.0005059029229887292,0.0005114638091964434,2.0545028803153824e-06,True,528,magic-formula,120.4752635640306,295.1733863507904,120.47550422181476,39.73656463623047,8.351728320121765e-05,0.0005101684074911302,2.1017741207790874e-06,30.853597960886386,-0.16912298606271126,48.964924043807535,41.514,41.514,2950.29541015625,True,0.0,527,0.0005105827905079512,0.0005129627397887071,3.374224565170369e-06,True,528,magic-formula
2.450000000000,294,held_throttle,0.0,0.15,0.0,1,-0.024002201855182648,99.50638580322266,0.418707937002182,0.023059438914060593,39.7082633972168,0.00795113667845726,7.844489300623536e-05,asphalt,0.0,0.15,0.0,4480.027703673304,5,-0.4907221794128418,-0.0002978602424263954,662.3698036845672,160.02245795107032,-0.0,6027.781918766882,5744.218081233118,3.454869556662743e-06,0.0001000489153644069,False,-0.0,True,0,0,-0.015912998467683792,39.70825958251953,0.08169270306825638,False,True,-0.8644453287124634,100.6061019897461,1.862645149230957e-08,0.0,0.0,1.0,2931.88671875,2931.88671875,0.33886173367500305,0.061138272285461426,0.0,asphalt,True,0.8155544996261597,100.60678100585938,-2.60770320892334e-08,0.0,0.0,1.0,2931.981201171875,2931.981201171875,0.3388594686985016,0.06114053726196289,0.0,asphalt,True,-0.8635599613189697,98.4061050415039,0.0,0.0,0.0,1.0,2955.38427734375,2955.38427734375,0.3385564386844635,0.06144356727600098,0.0,asphalt,True,0.8164398670196533,98.40678405761719,-1.4901161193847656e-08,0.0,0.0,1.0,2955.468505859375,2955.468505859375,0.33855411410331726,0.06144589185714722,0.0,asphalt,534,120.3411067804458,301.602768937348,120.34186284557417,39.70832824707031,6.659328937530518e-05,0.00010670281686103854,1.6770610175500403e-06,6.352056352407764,-0.08089269744403338,0.0,0.0,-0.0,2932.939453125,True,0.0,533,2.9741822943477966e-06,0.00010623084596448335,1.6234055405790256e-06,True,534,magic-formula,120.34112761080411,301.6048171448758,120.34188367593248,39.70833206176758,6.65951520204544e-05,0.00010677985142221397,1.6771077646072136e-06,6.379273163135873,-0.06821348888554103,0.0,0.0,-0.0,2933.033203125,True,0.0,533,3.0093644565849162e-06,0.0001066826066501128,1.3689071202369758e-06,True,534,magic-formula,120.54293524280017,301.1949283121193,120.54369130792854,39.70832824707031,7.417984306812286e-05,0.0017840182697434182,1.8681180080531236e-06,107.4318171611762,-0.091490102830502,41.01037652572892,4.98168,4.98168,2953.798583984375,True,0.0,533,4.308763592440591e-10,0.001784664688339024,1.823807808518747e-06,True,534,magic-formula,120.54283986959311,301.19770046853995,120.54359593472148,39.70833206176758,7.41817057132721e-05,0.0017831294220067915,1.8681647367558473e-06,107.75059626116003,-0.3204472359062759,41.01037652572892,4.98168,4.98168,2953.881103515625,True,0.0,533,4.3273620662734855e-10,0.0017899142891490312,6.387785568146048e-06,True,534,magic-formula
2.500000000000,300,held_throttle,0.0,0.15,0.0,1,-0.024797968566417694,101.49107360839844,0.4187081754207611,0.023068757727742195,39.68307113647461,0.011682934127748013,6.978574674576521e-05,asphalt,0.0,0.15,0.0,4191.402740848468,5,-0.5227655172348022,-0.0002621142193675041,661.5385993502747,160.04180006052496,-0.0,6020.018659561559,5751.981340438441,3.108779310423415e-06,8.93080205596967e-05,False,-0.0,True,0,0,-0.015916628763079643,39.683067321777344,0.08183105289936066,False,True,-0.865241289138794,102.59082794189453,-1.1175870895385742e-08,0.0,0.0,1.0,2926.9208984375,2926.9208984375,0.3389334976673126,0.061066508293151855,0.0,asphalt,True,0.8147585391998291,102.59149932861328,7.450580596923828e-09,0.0,0.0,1.0,2927.00439453125,2927.00439453125,0.33893147110939026,0.06106853485107422,0.0,asphalt,True,-0.8643556237220764,100.39082336425781,7.450580596923828e-09,0.0,0.0,1.0,2960.247802734375,2960.247802734375,0.33848491311073303,0.061515092849731445,0.0,asphalt,True,0.8156442642211914,100.39149475097656,1.1175870895385742e-08,0.0,0.0,1.0,2960.322021484375,2960.322021484375,0.3384828269481659,0.061517179012298584,0.0,asphalt,540,120.2647252942811,307.61777215392726,120.26576266085294,39.68315887451172,5.9489160776138306e-05,0.00010585025789735919,1.4991034600903033e-06,6.2727695909087835,-0.07218295742630479,0.0,0.0,-0.0,2927.529052734375,True,0.0,539,2.8519943728098155e-06,0.00010509874026324955,1.451290173863783e-06,True,540,magic-formula,120.26474753402107,307.61982206812905,120.2657849005929,39.68316650390625,5.9489160776138306e-05,0.00010584292259762537,1.499103171876112e-06,6.300673561095326,-0.059602627804789844,0.0,0.0,-0.0,2927.615234375,True,0.0,539,2.8799296893444986e-06,0.00010556315791848182,1.1983180269451033e-06,True,540,magic-formula,120.4222374157015,307.2191218995496,120.42327478227334,39.68315887451172,6.631575524806976e-05,0.001415700621198765,1.6711309565278153e-06,85.43823931005525,-0.08201718038820834,29.140365533290947,4.98168,4.98168,2959.9287109375,True,0.0,539,9.301064200325618e-11,0.0014161665107101868,1.6313536201985622e-06,True,540,magic-formula,120.42216664722639,307.2218953344457,120.42320401379823,39.68316650390625,6.631575524806976e-05,0.0014149195899711379,1.6711306352400123e-06,85.68839892327962,-0.26468669812644285,29.140365533290947,4.98168,4.98168,2960.00244140625,True,0.0,539,8.219587274273191e-11,0.001420279595140114,5.264597604925913e-06,True,540,magic-formula
2.550000000000,306,held_throttle,0.0,0.15,0.0,1,-0.025593845173716545,103.47444915771484,0.41871294379234314,0.023077184334397316,39.65568161010742,0.014752100221812725,6.199523340910673e-05,asphalt,0.0,0.15,0.0,4014.710090071025,5,-0.5635073184967041,-0.0002343397936783731,660.6371283271874,159.9830735803177,-0.0,6017.23453463655,5754.76546536345,2.8055383154423907e-06,7.988356371533867e-05,False,-0.0,True,0,0,-0.015917880460619926,39.655677795410156,0.08182765543460846,False,True,-0.8660372495651245,104.57421875,-3.3527612686157227e-08,0.0,0.0,1.0,2925.484130859375,2925.484130859375,0.33899709582328796,0.061002910137176514,0.0,asphalt,True,0.8139625191688538,104.57489776611328,7.450580596923828e-09,0.0,0.0,1.0,2925.557861328125,2925.557861328125,0.3389953076839447,0.061004698276519775,0.0,asphalt,True,-0.8651511669158936,102.37422180175781,1.862645149230957e-08,0.0,0.0,1.0,2959.4677734375,2959.4677734375,0.3384306728839874,0.06156933307647705,0.0,asphalt,True,0.8148486018180847,102.3749008178711,4.470348358154297e-08,0.0,0.0,1.0,2959.536376953125,2959.536376953125,0.3384287655353546,0.06157124042510986,0.0,asphalt,546,120.18324953520975,313.62883586744266,120.18372439994316,39.65571975708008,5.3143128752708435e-05,0.00011984625593123826,1.3401125758961548e-06,7.1028145725164045,-0.064458184199721,0.0,0.0,-0.0,2925.459228515625,True,0.0,545,4.453834046837936e-06,0.00011909016697221291,1.296895539025165e-06,True,546,magic-formula,120.18327435932756,313.6308873747531,120.18374922406096,39.65572738647461,5.3143128752708435e-05,0.00011986041908044445,1.3401123180709116e-06,7.12634646055516,-0.05006301706363089,0.0,0.0,-0.0,2925.538818359375,True,0.0,545,4.492202886588422e-06,0.00011948146744086823,1.0072375614733488e-06,True,546,magic-formula,120.2898919547682,313.23659321162324,120.2903668195016,39.65571975708008,5.930289626121521e-05,0.0010072844028078236,1.495443699532982e-06,60.799240603773626,-0.07337792093940189,21.333356208102483,4.98168,4.98168,2959.845458984375,True,0.0,545,1.3670875619499666e-11,0.0010076760296439263,1.4593834653471668e-06,True,546,magic-formula,120.28984704204956,313.23936786883553,120.29032190678296,39.65572738647461,5.930289626121521e-05,0.0010067180715833252,1.49544341182347e-06,60.980736208864094,-0.20358998565500555,21.333356208102483,4.98168,4.98168,2959.9111328125,True,0.0,545,1.957546109803598e-11,0.0010106624118499726,4.049031062363075e-06,True,546,magic-formula
2.600000000000,312,held_throttle,0.0,0.15,0.0,1,-0.026389723643660545,105.45639038085938,0.4187139868736267,0.023084841668605804,39.626739501953125,0.01564202830195427,5.499631879501976e-05,asphalt,0.0,0.15,0.0,3905.9818063889575,5,-0.5886848568916321,-0.00020968879107385874,659.6802666164248,159.940712734667,-0.0,6017.396150957563,5754.603849042437,2.564921487646643e-06,7.154824924614369e-05,False,-0.0,True,0,0,-0.015917208045721054,39.62673568725586,0.08167514204978943,False,True,-0.8668333292007446,106.55616760253906,0.0,0.0,0.0,1.0,2927.7548828125,2927.7548828125,0.33901509642601013,0.060984909534454346,0.0,asphalt,True,0.8131664991378784,106.55684661865234,1.4901161193847656e-08,0.0,0.0,1.0,2927.808349609375,2927.808349609375,0.33901354670524597,0.060986459255218506,0.0,asphalt,True,-0.865946888923645,104.35616302490234,-2.9802322387695312e-08,0.0,0.0,1.0,2956.134765625,2956.134765625,0.3384145200252533,0.06158548593521118,0.0,asphalt,True,0.814052939414978,104.35684204101562,1.1175870895385742e-08,0.0,0.0,1.0,2956.191162109375,2956.191162109375,0.33841291069984436,0.06158709526062012,0.0,asphalt,552,120.0963939319022,319.6356356047795,120.09609017670802,39.626708984375,4.742667078971863e-05,0.00012872664128470233,1.1968359726364495e-06,7.643981382608752,-0.05769653829739842,0.0,0.0,-0.0,2926.9814453125,True,0.0,551,5.765334431193233e-06,0.00012809706782404022,1.1602482200807584e-06,True,552,magic-formula,120.0964167290542,319.63768870479345,120.09611297386002,39.626712799072266,4.742853343486786e-05,0.00012882021129295392,1.1968828622079297e-06,7.672279169880238,-0.042075696534799284,0.0,0.0,-0.0,2927.0537109375,True,0.0,551,5.824201092013268e-06,0.00012856810623306604,8.460994374948954e-07,True,552,magic-formula,120.16928718006645,319.2477468765222,120.16898342487227,39.626708984375,5.305930972099304e-05,0.000735760949980176,1.3389784587431389e-06,44.38920733045164,-0.06571454968926686,16.197823618035635,4.98168,4.98168,2956.771728515625,True,0.0,551,5.812240470267211e-12,0.0007364220845026737,1.3082543773496773e-06,True,552,magic-formula,120.16925843581485,319.2505228249484,120.16895468062067,39.626712799072266,5.305930972099304e-05,0.000735425239393519,1.3389783298453044e-06,44.52621761188838,-0.16086080287948776,16.197823618035635,4.98168,4.98168,2956.8310546875,True,0.0,551,2.2026832425956405e-12,0.0007386805748198092,3.2023762190353076e-06,True,552,magic-formula
2.650000000000,318,held_throttle,0.0,0.15,0.0,1,-0.02718552201986313,107.43685913085938,0.4187089800834656,0.023091880604624748,39.59676742553711,0.014333776198327541,4.94845153298229e-05,asphalt,0.0,0.15,0.0,3838.59971610055,5,-0.6060786247253418,-0.00018771890609059483,658.687678158301,160.01264918875296,-0.0,6018.921197806372,5753.078802193628,2.3702223188593052e-06,6.425346469170186e-05,False,-0.0,True,0,0,-0.01591496542096138,39.596763610839844,0.08165769279003143,False,True,-0.8676291704177856,108.53662872314453,3.3527612686157227e-08,0.0,0.0,1.0,2933.439453125,2933.439453125,0.338984876871109,0.06101512908935547,0.0,asphalt,True,0.8123706579208374,108.53730773925781,0.0,0.0,0.0,1.0,2933.490478515625,2933.490478515625,0.3389835059642792,0.0610164999961853,0.0,asphalt,True,-0.8667424917221069,106.33662414550781,-2.2351741790771484e-08,0.0,0.0,1.0,2953.254150390625,2953.254150390625,0.3384345471858978,0.06156545877456665,0.0,asphalt,True,0.8132573366165161,106.3373031616211,2.9802322387695312e-08,0.0,0.0,1.0,2953.31787109375,2953.31787109375,0.33843305706977844,0.061566948890686035,0.0,asphalt,558,120.00607746783054,325.6379571139053,120.00517690829575,39.59668731689453,4.2416155338287354e-05,0.0001343104145805346,1.0712046439342827e-06,8.007063463845107,-0.051585977238759524,0.0,0.0,-0.0,2932.58056640625,True,0.0,557,6.7705205312176416e-06,0.00013392538257874195,1.0353875709281957e-06,True,558,magic-formula,120.00609686331629,325.6400117271169,120.0051963037815,39.5966911315918,4.2416155338287354e-05,0.00013437570540663987,1.0712045407357245e-06,8.03373353580213,-0.03509904850491106,0.0,0.0,-0.0,2932.63037109375,True,0.0,557,6.842270131615595e-06,0.00013436918273305282,7.044639604864073e-07,True,558,magic-formula,120.05680145506864,325.25307149061587,120.05590089553385,39.59668731689453,4.762038588523865e-05,0.0005570456715632649,1.2026356019155605e-06,33.606278388541845,-0.05880803808246484,12.819168879807807,4.98168,4.98168,2953.8310546875,True,0.0,557,0.0006697646170748955,0.0005580605454002581,1.1718326869498963e-06,True,558,magic-formula,120.05678396615635,325.25584866851153,120.05588340662156,39.5966911315918,4.762038588523865e-05,0.000556803525994769,1.202635486055103e-06,33.70819070931921,-0.13090652267844938,12.819168879807807,4.98168,4.98168,2953.888671875,True,0.0,557,0.0006760779834839358,0.0005597420220421602,2.6086140211180377e-06,True,558,magic-formula
2.700000000000,324,held_throttle,0.0,0.15,0.0,1,-0.027981173247098923,109.41580963134766,0.4187062978744507,0.023098403587937355,39.56611251831055,0.011589320376515388,4.461192656890489e-05,asphalt,0.0,0.15,0.0,3796.380681199727,5,-0.617064893245697,-0.00016941875219345093,657.6713643882158,160.03573760830784,-0.0,6020.957374504513,5751.042625495487,2.205514419983956e-06,5.786336221219519e-05,False,-0.0,True,0,0,-0.015911469236016273,39.56610870361328,0.08175840973854065,False,True,-0.8684248924255371,110.51554870605469,2.60770320892334e-08,0.0,0.0,1.0,2937.747802734375,2937.747802734375,0.3389294445514679,0.06107056140899658,0.0,asphalt,True,0.8115749359130859,110.51622772216797,-2.2351741790771484e-08,0.0,0.0,1.0,2937.796142578125,2937.796142578125,0.33892813324928284,0.06107187271118164,0.0,asphalt,True,-0.8675379753112793,108.31555938720703,1.1175870895385742e-08,0.0,0.0,1.0,2949.482421875,2949.482421875,0.33848443627357483,0.06151556968688965,0.0,asphalt,True,0.8124618530273438,108.31623840332031,-4.0978193283081055e-08,0.0,0.0,1.0,2949.53466796875,2949.53466796875,0.33848318457603455,0.06151682138442993,0.0,asphalt,564,119.91349638029524,331.6356731017892,119.91230324490053,39.56600570678711,3.816746175289154e-05,0.0001376964546459169,9.646528900523435e-07,8.232159649898396,-0.04651697786927828,0.0,0.0,-0.0,2937.1396484375,True,0.0,563,7.463293468196373e-06,0.0001374766020277064,9.321981117187197e-07,True,564,magic-formula,119.91351203773222,331.6377291803991,119.9123189023375,39.566009521484375,3.816746175289154e-05,0.00013773061860845938,9.646527970467867e-07,8.26278739266018,-0.029472823348778748,0.0,0.0,-0.0,2937.1845703125,True,0.0,563,7.55075478184925e-06,0.00013798597450507259,5.906241727118482e-07,True,564,magic-formula,119.94966187795862,331.25290311379126,119.9484687425639,39.56600570678711,4.301033914089203e-05,0.00043933454056637475,1.0870528468203993e-06,26.49633020758571,-0.05306343937354341,10.596122232358974,4.98168,4.98168,2950.12353515625,True,0.0,563,0.0003217912008383643,0.000440544064871073,1.0587020333779471e-06,True,564,magic-formula,119.94965590217323,331.25568154111386,119.94846276677852,39.566009521484375,4.30084764957428e-05,0.0004391882437210812,1.0870056651119244e-06,26.580678561410892,-0.10995154364846169,10.596122232358974,4.98168,4.98168,2950.181640625,True,0.0,563,0.0003250124628638402,0.00044193781606087317,2.1937458570369997e-06,True,564,magic-formula
2.750000000000,330,held_throttle,0.0,0.15,0.0,1,-0.028776580467820168,111.39313507080078,0.4187098741531372,0.023104509338736534,39.53165054321289,0.006847791839390993,3.99492600990925e-05,asphalt,0.0,0.15,0.0,3768.5209200112454,5,-0.714568555355072,-0.00015426566824316978,656.5533373238392,160.06701548165137,-0.0,6026.65115149432,5745.34884850568,2.0819707060582004e-06,5.257676974841043e-05,False,-0.0,True,0,0,-0.01590539701282978,39.531646728515625,0.08193166553974152,False,True,-0.8692203760147095,112.49285125732422,-1.4901161193847656e-08,0.0,0.0,1.0,2946.741943359375,2946.741943359375,0.3388419449329376,0.061158061027526855,0.0,asphalt,True,0.8107794523239136,112.49352264404297,1.1175870895385742e-08,0.0,0.0,1.0,2946.78564453125,2946.78564453125,0.3388407528400421,0.06115925312042236,0.0,asphalt,True,-0.8683332204818726,110.2928466796875,-7.450580596923828e-09,0.0,0.0,1.0,2941.56396484375,2941.56396484375,0.3385789692401886,0.06142103672027588,0.0,asphalt,True,0.8116666078567505,110.29351806640625,1.862645149230957e-08,0.0,0.0,1.0,2941.614013671875,2941.614013671875,0.3385777771472931,0.06142222881317139,0.0,asphalt,570,119.81239319955127,337.62857053490995,119.81039034076163,39.531471252441406,3.460235893726349e-05,0.0001674236551493355,8.753116906853716e-07,10.062164241886451,-0.04228148554975211,0.0,0.0,-0.0,2945.486083984375,True,0.0,569,1.4699338224190885e-05,0.0001675615094543128,8.449194039073065e-07,True,570,magic-formula,119.8123997557077,337.6306276999127,119.81039689691806,39.53147506713867,3.460235893726349e-05,0.00016738187061416385,8.75311606219788e-07,10.09417208541072,-0.021242282450178007,0.0,0.0,-0.0,2945.526123046875,True,0.0,569,1.4851398797165583e-05,0.00016809224115300523,4.244814514309159e-07,True,570,magic-formula,119.72568647076578,337.2430966799375,119.72368361197614,39.531471252441406,3.917329013347626e-05,-0.0005563849862364285,9.909393425635315e-07,-33.270235935267635,-0.04818209224824272,19.612586302859953,33.2112,33.2112,2942.934326171875,True,0.0,569,0.0007554909767754969,-0.000554524130554332,9.637551684863348e-07,True,570,magic-formula,119.72573942534048,337.2458762348246,119.72373656655084,39.53147506713867,3.917329013347626e-05,-0.0005560393772046238,9.90939246940143e-07,-33.35929333804199,0.022105555863725646,19.612586302859953,33.2112,33.2112,2942.984130859375,True,0.0,569,0.0007614801842274524,-0.0005559991081275661,-4.4218979872440203e-07,True,570,magic-formula
2.800000000000,336,held_throttle,0.0,0.15,0.0,1,-0.029571659862995148,113.36869812011719,0.4187217354774475,0.02311027981340885,39.4969596862793,0.0008907939190976322,3.604887024266645e-05,asphalt,0.0,0.15,0.0,3750.0582963303054,5,-0.6784057021141052,-0.00013997178757563233,655.3917044516737,160.0114612533979,-0.0,6032.165775034861,5739.834224965139,1.982122512345086e-06,4.7668715900580846e-05,False,-0.0,True,0,0,-0.01589871570467949,39.49695587158203,0.08202224969863892,False,True,-0.8700155019760132,114.4683609008789,3.725290298461914e-09,0.0,0.0,1.0,2950.389404296875,2950.389404296875,0.3387393653392792,0.0612606406211853,0.0,asphalt,True,0.8099843263626099,114.46903991699219,1.862645149230957e-08,0.0,0.0,1.0,2950.4296875,2950.4296875,0.3387382924556732,0.06126171350479126,0.0,asphalt,True,-0.8691281080245972,112.26836395263672,3.725290298461914e-08,0.0,0.0,1.0,2935.489013671875,2935.489013671875,0.3387050926685333,0.06129491329193115,0.0,asphalt,True,0.8108716607093811,112.26904296875,7.450580596923828e-09,0.0,0.0,1.0,2935.53173828125,2935.53173828125,0.33870407938957214,0.061295926570892334,0.0,asphalt,576,119.70625766792163,343.6161627195067,119.70445176243611,39.49679946899414,3.120303153991699e-05,0.0001586346616494768,7.900141773362059e-07,9.564787452062069,-0.03819292481925343,0.0,0.0,-0.0,2950.173583984375,True,0.0,575,1.2438578083640561e-05,0.00015902577312328103,7.62003924493735e-07,True,576,magic-formula,119.70626669009664,343.61822093972944,119.70446078461111,39.49679946899414,3.120303153991699e-05,0.00015871004289020552,7.900141773362059e-07,9.598115750942707,-0.018130377896554157,0.0,0.0,-0.0,2950.2138671875,True,0.0,575,1.257459625489577e-05,0.00015957771791227083,3.6172095496205807e-07,True,576,magic-formula,119.66260761083657,343.2275241991134,119.66080170535105,39.49679946899414,3.555603325366974e-05,-0.00020606625163282629,9.002256823764266e-07,-12.210785026683068,-0.04364038655401527,27.261513119306922,33.2112,33.2112,2936.205078125,True,0.0,575,4.184188476913597e-05,-0.00020398436803019062,8.74834780725969e-07,True,576,magic-formula,119.66263997338615,343.23030486581354,119.66083406790062,39.49679946899414,3.555603325366974e-05,-0.00020579585905672573,9.002256823764266e-07,-12.240658908691177,-0.018108154607258224,27.261513119306922,33.2112,33.2112,2936.250732421875,True,0.0,575,4.2145995134015404e-05,-0.00020448024123910751,3.629934872772001e-07,True,576,magic-formula
2.850000000000,342,held_throttle,0.0,0.15,0.0,1,-0.030366403982043266,115.34257507324219,0.41873326897621155,0.023115787655115128,39.463836669921875,-0.003407231532037258,3.2681444281479344e-05,asphalt,0.0,0.15,0.0,3738.0824625788987,5,-0.6518551707267761,-0.0001279818534385413,654.2857353959419,159.93718542940877,-0.0,6033.9937112185635,5738.0062887814365,1.8853294250220642e-06,4.3470399243137664e-05,False,-0.0,True,0,0,-0.01589200273156166,39.46383285522461,0.0818825364112854,False,True,-0.8708104491233826,116.44220733642578,1.1175870895385742e-08,0.0,0.0,1.0,2949.57470703125,2949.57470703125,0.3386683166027069,0.06133168935775757,0.0,asphalt,True,0.8091894388198853,116.4428939819336,-2.9802322387695312e-08,0.0,0.0,1.0,2949.60986328125,2949.60986328125,0.3386673629283905,0.061332643032073975,0.0,asphalt,True,-0.8699228167533875,114.2422103881836,3.725290298461914e-09,0.0,0.0,1.0,2933.758056640625,2933.758056640625,0.3387991487979889,0.061200857162475586,0.0,asphalt,True,0.8100770711898804,114.24288940429688,7.450580596923828e-09,0.0,0.0,1.0,2933.79833984375,2933.79833984375,0.3387981951236725,0.06120181083679199,0.0,asphalt,582,119.60497845930814,349.5986052897374,119.60400201409658,39.463748931884766,2.8390437364578247e-05,0.00014935123617108438,7.194054830821021e-07,9.003877167377883,-0.03474344676997156,0.0,0.0,-0.0,2949.90283203125,True,0.0,581,1.0172427714038175e-05,0.00014971369788583378,6.932451962254405e-07,True,582,magic-formula,119.6049919217465,349.60066468888766,119.60401547653494,39.46375274658203,2.8388574719429016e-05,0.00014936713272485272,7.193582146564321e-07,9.033675478143255,-0.01583376604423907,0.0,0.0,-0.0,2949.941162109375,True,0.0,581,1.027959445750915e-05,0.0001502072247170139,3.1593019483776197e-07,True,582,magic-formula,119.59452052917752,349.2087493012155,119.59354408396595,39.463748931884766,3.2531097531318665e-05,6.190092958564365e-05,8.243286158003041e-07,3.813711512118696,-0.0398995569555609,32.31199743284534,33.2112,33.2112,2933.74560546875,True,0.0,581,3.7588801088229746e-07,6.376238688077475e-05,8.005086931951003e-07,True,582,magic-formula,119.5945401509984,349.2115311115912,119.59356370578683,39.46375274658203,3.2529234886169434e-05,6.196833998903795e-05,8.24281337232416e-07,3.829474582040427,-0.04835784168412417,32.31199743284534,33.2112,33.2112,2933.788818359375,True,0.0,581,3.8784917946274385e-07,6.402499057151946e-05,9.701938192974906e-07,True,582,magic-formula
2.900000000000,348,held_throttle,0.0,0.15,0.0,1,-0.031160805374383926,117.31482696533203,0.41873449087142944,0.023121090605854988,39.431785583496094,-0.005000189412385225,2.9645852919202298e-05,asphalt,0.0,0.15,0.0,3729.9516794734777,5,-0.633544385433197,-0.00011707647354342043,653.218484366691,159.90828674503058,-0.0,6033.836497815385,5738.163502184615,1.8316237628823728e-06,3.987512696902719e-05,False,-0.0,True,0,0,-0.01588515378534794,39.43178176879883,0.08161421865224838,False,True,-0.871604859828949,118.41445922851562,4.0978193283081055e-08,0.0,0.0,1.0,2946.72998046875,2946.72998046875,0.33863887190818787,0.06136113405227661,0.0,asphalt,True,0.8083950281143188,118.41513061523438,-2.9802322387695312e-08,0.0,0.0,1.0,2946.76123046875,2946.76123046875,0.338638037443161,0.06136196851730347,0.0,asphalt,True,-0.8707170486450195,116.21444702148438,1.1175870895385742e-08,0.0,0.0,1.0,2935.8837890625,2935.8837890625,0.3388309180736542,0.0611690878868103,0.0,asphalt,True,0.8092827796936035,116.21513366699219,2.9802322387695312e-08,0.0,0.0,1.0,2935.92236328125,2935.92236328125,0.33883002400398254,0.061169981956481934,0.0,asphalt,588,119.50736326387502,355.57613422935526,119.5073066610357,39.43177795410156,2.590753138065338e-05,0.00014333421596592606,6.570216390142468e-07,8.625429815812913,-0.03163923660015967,0.0,0.0,-0.0,2947.26904296875,True,0.0,587,8.8202376215765e-06,0.00014354914245939923,6.318700752365642e-07,True,588,magic-formula,119.50737444732573,355.57819478526284,119.50731784448641,39.43178176879883,2.590753138065338e-05,0.00014333105340779944,6.570215754528622e-07,8.654084699671131,-0.013516434113992185,0.0,0.0,-0.0,2947.30322265625,True,0.0,587,8.90175958607899e-06,0.00014402436400565123,2.699339400362437e-07,True,588,magic-formula,119.51886806174825,355.1863965936672,119.51881145890893,39.43177795410156,2.9928982257843018e-05,0.00023961654192615923,7.590066644388821e-07,14.44244138907226,-0.03670042034054262,35.64680239915693,33.2112,33.2112,2935.32080078125,True,0.0,587,4.800182686781318e-05,0.0002413379606811994,7.35929410593364e-07,True,588,magic-formula,119.51886847359255,355.1891795090032,119.51881187075323,39.43178176879883,2.993084490299225e-05,0.00023952322373093992,7.59053828165327e-07,14.489091137999251,-0.06774646116991194,35.64680239915693,33.2112,33.2112,2935.359130859375,True,0.0,587,4.850745616219015e-05,0.00024211433683627646,1.3584677954315016e-06,True,588,magic-formula
2.950000000000,354,held_throttle,0.0,0.15,0.0,1,-0.03195485845208168,119.2854995727539,0.418724000453949,0.023126212880015373,39.40048599243164,-0.004150576889514923,2.7098614737042226e-05,asphalt,0.0,0.15,0.0,3724.0737876774383,5,-0.6211852431297302,-0.00010857114102691412,652.1786207790265,159.98900330232755,-0.0,6032.692189371727,5739.307810628273,1.762768533808412e-06,3.683307007556843e-05,False,-0.0,True,0,0,-0.015878116711974144,39.400482177734375,0.08149819076061249,False,True,-0.8723989725112915,120.38512420654297,-7.450580596923828e-09,0.0,0.0,1.0,2944.030029296875,2944.030029296875,0.33864471316337585,0.06135529279708862,0.0,asphalt,True,0.8076008558273315,120.38581085205078,0.0,0.0,0.0,1.0,2944.063232421875,2944.063232421875,0.3386439383029938,0.0613560676574707,0.0,asphalt,True,-0.871510922908783,118.18513488769531,-2.60770320892334e-08,0.0,0.0,1.0,2942.048583984375,2942.048583984375,0.3388040363788605,0.061195969581604004,0.0,asphalt,True,0.8084888458251953,118.1858139038086,-1.4901161193847656e-08,0.0,0.0,1.0,2942.078369140625,2942.078369140625,0.3388032615184784,0.061196744441986084,0.0,asphalt,594,119.4122108650861,361.5488942879168,119.4127966356116,39.400535583496094,2.3812055587768555e-05,0.00013943977920497966,6.043586777470084e-07,8.373616983873454,-0.029053370286780757,0.0,0.0,-0.0,2944.452880859375,True,0.0,593,7.983280170125358e-06,0.00013949161186275612,5.807823720757939e-07,True,594,magic-formula,119.41222056723713,361.55095589487746,119.41280633776263,39.40053939819336,2.3812055587768555e-05,0.00013942420786108834,6.04358619233967e-07,8.401534026741974,-0.011444154216046923,0.0,0.0,-0.0,2944.486083984375,True,0.0,593,8.063298073684178e-06,0.00013995509004026806,2.287674675726589e-07,True,594,magic-formula,119.43810887259504,361.16015400149786,119.43869464312054,39.400535583496094,2.7682632207870483e-05,0.00035634907628389814,7.025953276498479e-07,21.465154259854742,-0.03401711044269148,37.84898548149602,33.2112,33.2112,2941.10986328125,True,0.0,593,0.00016849091894499435,0.0003579851677168058,6.807753012857504e-07,True,594,magic-formula,119.43810190550114,361.1629378869967,119.43868767602665,39.40053939819336,2.7682632207870483e-05,0.000356193870347363,7.02595259625691e-07,21.531390286424738,-0.08009315252956904,37.84898548149602,33.2112,33.2112,2941.14208984375,True,0.0,593,0.00017015000126235737,0.00035908589960705647,1.6029087353264412e-06,True,594,magic-formula
3.000000000000,360,held_throttle,0.0,0.15,0.0,1,-0.03274855017662048,121.25462341308594,0.4187130630016327,0.023131148889660835,39.36968994140625,-0.001826249761506915,2.487097845005337e-05,asphalt,0.0,0.15,0.0,3719.5063206275177,5,-0.612945556640625,-0.00010060533531941473,651.1573754482288,160.04053912355587,-0.0,6031.180978430398,5740.819021569602,1.708700892777415e-06,3.4211954478722284e-05,False,-0.0,True,0,0,-0.015870854258537292,39.369686126708984,0.0815950408577919,False,True,-0.8731926679611206,122.3542709350586,-1.1175870895385742e-08,0.0,0.0,1.0,2941.07861328125,2941.07861328125,0.33867838978767395,0.06132161617279053,0.0,asphalt,True,0.8068071603775024,122.35494995117188,0.0,0.0,0.0,1.0,2941.1123046875,2941.1123046875,0.33867761492729187,0.06132239103317261,0.0,asphalt,True,-0.8723044991493225,120.15426635742188,2.9802322387695312e-08,0.0,0.0,1.0,2946.461669921875,2946.461669921875,0.33874842524528503,0.06125158071517944,0.0,asphalt,True,0.8076953887939453,120.15494537353516,-2.9802322387695312e-08,0.0,0.0,1.0,2946.483642578125,2946.483642578125,0.3387478291988373,0.0612521767616272,0.0,asphalt,600,119.31867864055171,367.5169681078126,119.3195647319903,39.36976623535156,2.2016465663909912e-05,0.00013710307544712266,5.592226667614353e-07,8.209117554315158,-0.026835723506418434,0.0,0.0,-0.0,2941.5966796875,True,0.0,599,7.467679507196347e-06,0.00013688407928616415,5.369720365095298e-07,True,600,magic-formula,119.31868371871103,367.5190306545772,119.31956981014962,39.36977005004883,2.2016465663909912e-05,0.00013704873355752808,5.59222612576075e-07,8.234731698773537,-0.009560445889154596,0.0,0.0,-0.0,2941.63037109375,True,0.0,599,7.5492682989551405e-06,0.00013730961419838959,1.9129779520744686e-07,True,600,magic-formula,119.35400772712693,367.1298005015159,119.35489381856551,39.36976623535156,2.576783299446106e-05,0.00043323382969465406,6.545081532975802e-07,26.09490150804182,-0.03172823552446869,39.30357843471463,33.2112,33.2112,2945.865478515625,True,0.0,599,0.00031027545342146394,0.0004344966332967284,6.339355211295967e-07,True,600,magic-formula,119.35399362391597,367.13258540338774,119.35487971535456,39.36977005004883,2.576969563961029e-05,0.0004330186796054694,6.545554014373688e-07,26.175068850063223,-0.08778372549001108,39.30357843471463,33.2112,33.2112,2945.89013671875,True,0.0,599,0.0003132730565047616,0.00043582784871933414,1.7540096721074095e-06,True,600,magic-formula
3.050000000000,366,held_throttle,0.0,0.15,0.0,1,-0.03354187682271004,123.22222137451172,0.41870802640914917,0.02313585951924324,39.339210510253906,0.001037776586599648,2.318504084541928e-05,asphalt,0.0,0.15,0.0,3715.6955314280117,5,-0.6065367460250854,-9.337373194284737e-05,650.1478985994323,160.03682599600748,-0.0,6029.672657893245,5742.327342106755,1.616055101294478e-06,3.189504691311906e-05,False,-0.0,True,0,0,-0.015863364562392235,39.33920669555664,0.08171690255403519,False,True,-0.8739861249923706,124.32188415527344,1.4901161193847656e-08,0.0,0.0,1.0,2938.1240234375,2938.1240234375,0.33872827887535095,0.061271727085113525,0.0,asphalt,True,0.8060137033462524,124.32257080078125,1.1175870895385742e-08,0.0,0.0,1.0,2938.153076171875,2938.153076171875,0.3387276232242584,0.061272382736206055,0.0,asphalt,True,-0.8730977773666382,122.12188720703125,-3.725290298461914e-09,0.0,0.0,1.0,2949.0751953125,2949.0751953125,0.3386884033679962,0.06131160259246826,0.0,asphalt,True,0.8069020509719849,122.12257385253906,3.3527612686157227e-08,0.0,0.0,1.0,2949.1044921875,2949.1044921875,0.3386876881122589,0.061312317848205566,0.0,asphalt,606,119.22611991635321,373.4804025259045,119.22702310506983,39.339290618896484,2.0470470190048218e-05,0.00013546135215554802,5.203568714127614e-07,8.103103704184221,-0.024898503315300004,0.0,0.0,-0.0,2938.58154296875,True,0.0,605,7.162023261356584e-06,0.0001352549691732768,4.987202195051558e-07,True,606,magic-formula,119.22613801458584,373.4824663021945,119.22704120330246,39.339290618896484,2.0470470190048218e-05,0.0001356131702661121,5.203568714127614e-07,8.129433409691758,-0.00783484072302285,0.0,0.0,-0.0,2938.610107421875,True,0.0,605,7.235217689506289e-06,0.00013569314008576026,1.5693069883874325e-07,True,606,magic-formula,119.26764133375514,373.09518500430306,119.26854452247176,39.339290618896484,2.4020671844482422e-05,0.00048376625361844325,6.106025672191759e-07,29.15314259547835,-0.02956867629359375,40.2647967646664,33.2112,33.2112,2948.745849609375,True,0.0,605,0.00043818921599179543,0.00048494529167731373,5.902011652162332e-07,True,606,magic-formula,119.26762677789131,373.0979708964462,119.26852996660793,39.339290618896484,2.401880919933319e-05,0.0004836441508813147,6.105552190052166e-07,29.244851568729402,-0.09224836371114162,40.2647967646664,33.2112,33.2112,2948.77197265625,True,0.0,605,0.00044247991370669013,0.00048646654432299603,1.841433867727586e-06,True,606,magic-formula
3.100000000000,372,held_throttle,0.0,0.15,0.0,1,-0.03433481976389885,125.18829345703125,0.418707937002182,0.02314041741192341,39.30897521972656,0.0037216152995824814,2.1375695723691024e-05,asphalt,0.0,0.15,0.0,3712.3182796931974,5,-0.6033324003219604,-8.765685197431594e-05,649.148149084911,160.01188599006116,-0.0,6028.243557211535,5743.756442788465,1.5756753555251635e-06,2.9868880739389564e-05,False,-0.0,True,0,0,-0.015855660662055016,39.3089714050293,0.08177359402179718,False,True,-0.874779224395752,126.2879867553711,-2.2351741790771484e-08,0.0,0.0,1.0,2935.897705078125,2935.897705078125,0.3387797176837921,0.06122028827667236,0.0,asphalt,True,0.8052206635475159,126.28865814208984,2.2351741790771484e-08,0.0,0.0,1.0,2935.92626953125,2935.92626953125,0.3387790620326996,0.06122094392776489,0.0,asphalt,True,-0.8738906383514404,124.08798217773438,2.60770320892334e-08,0.0,0.0,1.0,2950.35107421875,2950.35107421875,0.3386367857456207,0.06136322021484375,0.0,asphalt,True,0.8061091899871826,124.08866119384766,3.725290298461914e-08,0.0,0.0,1.0,2950.376953125,2950.376953125,0.3386361300945282,0.06136387586593628,0.0,asphalt,612,119.1343231193907,379.439227196458,119.13505053587252,39.30904006958008,1.9138678908348083e-05,0.0001344871258493832,4.868772901721744e-07,8.032902211293518,-0.02324881840657885,0.0,0.0,-0.0,2936.198974609375,True,0.0,611,6.963850314780836e-06,0.00013419198250956178,4.6605469508961466e-07,True,612,magic-formula,119.1343353621128,379.4412921670357,119.13506277859462,39.30904006958008,1.9140541553497314e-05,0.00013458990369088076,4.86924674823286e-07,8.0620848945445,-0.0063192195252407815,0.0,0.0,-0.0,2936.2275390625,True,0.0,611,7.044731665158619e-06,0.0001346781787520217,1.2667565237630534e-07,True,612,magic-formula,119.17991726746617,379.0562075248023,119.18064468394799,39.30904006958008,2.25994735956192e-05,0.0005172507048701901,5.749179719375969e-07,31.172495404766053,-0.02782095154305918,40.90045631562309,33.2112,33.2112,2950.2109375,True,0.0,611,0.0005398336438951822,0.0005182794143617604,5.550320672835223e-07,True,612,magic-formula,119.17989904260271,379.0589943943455,119.18062645908454,39.30904006958008,2.25994735956192e-05,0.000517097706859264,5.749179719375969e-07,31.268300365152175,-0.09488699046805646,40.90045631562309,33.2112,33.2112,2950.237060546875,True,0.0,611,0.0005450051791724493,0.0005198677256538065,1.8931781320497526e-06,True,612,magic-formula
3.150000000000,378,held_throttle,0.0,0.15,0.0,1,-0.03512737900018692,127.15286254882812,0.41870900988578796,0.02314484864473343,39.2789306640625,0.0057853530161082745,1.967444950423669e-05,asphalt,0.0,0.15,0.0,3709.1886979856436,5,-0.599212646484375,-8.223901386372745e-05,648.155211023557,159.989467858053,-0.0,6026.982563695104,5745.017436304896,1.5289800785467378e-06,2.8115193328699496e-05,False,-0.0,True,0,0,-0.01584775373339653,39.278926849365234,0.08175678551197052,False,True,-0.8755717873573303,128.2525634765625,-1.1175870895385742e-08,0.0,0.0,1.0,2934.738037109375,2934.738037109375,0.33882036805152893,0.06117963790893555,0.0,asphalt,True,0.804427981376648,128.2532501220703,4.470348358154297e-08,0.0,0.0,1.0,2934.7666015625,2934.7666015625,0.3388197124004364,0.061180293560028076,0.0,asphalt,True,-0.874683141708374,126.05256652832031,-2.9802322387695312e-08,0.0,0.0,1.0,2950.750732421875,2950.750732421875,0.3385982811450958,0.06140172481536865,0.0,asphalt,True,0.805316686630249,126.05325317382812,-1.862645149230957e-08,0.0,0.0,1.0,2950.776611328125,2950.776611328125,0.3385976254940033,0.06140238046646118,0.0,asphalt,618,119.04307048699259,385.39346615023237,119.04352883317763,39.278968811035156,1.7989426851272583e-05,0.00013351800801171158,4.579913219671215e-07,7.9659036458680825,-0.02181940280010149,0.0,0.0,-0.0,2934.857177734375,True,0.0,617,6.776954149353046e-06,0.00013313358947051216,4.3760006309855765e-07,True,618,magic-formula,119.04308350149172,385.3955322910494,119.04354184767676,39.27897262573242,1.7989426851272583e-05,0.00013353021754981145,4.579912774878969e-07,7.995478804716544,-0.005012742710334001,0.0,0.0,-0.0,2934.8828125,True,0.0,617,6.8620811804666625e-06,0.00013362671095485656,1.0053185196219402e-07,True,618,magic-formula,119.09134916728628,385.01280780250113,119.09180751347132,39.278968811035156,2.1345913410186768e-05,0.0005391285670251269,5.434438341005449e-07,32.49599143963337,-0.026257930359075893,41.321319155069034,33.2112,33.2112,2950.73095703125,True,0.0,617,0.000614734232009236,0.0005401895125239146,5.237502215821047e-07,True,618,magic-formula,119.09132705972289,385.01559546042097,119.09178540590793,39.27897262573242,2.1347776055336e-05,0.0005388456612092555,5.434912022456654e-07,32.59572135269,-0.09620743178544924,41.321319155069034,33.2112,33.2112,2950.754150390625,True,0.0,617,0.0006205849570316661,0.000541843140700281,1.919196910883294e-06,True,618,magic-formula
3.200000000000,384,held_throttle,0.0,0.15,0.0,1,-0.03591953590512276,129.11593627929688,0.41870826482772827,0.02314913645386696,39.249000549316406,0.007064283359795809,1.8209435438620858e-05,asphalt,0.0,0.15,0.0,3706.200565125209,5,-0.5973817110061646,-7.774413097649813e-05,647.1674353520283,159.97985819104653,-0.0,6025.909579714256,5746.090420285744,1.4780938499825425e-06,2.657475765506114e-05,False,-0.0,True,0,0,-0.015839651226997375,39.24899673461914,0.08169998228549957,False,True,-0.87636399269104,130.2156524658203,1.4901161193847656e-08,0.0,0.0,1.0,2934.581787109375,2934.581787109375,0.3388441503047943,0.061155855655670166,0.0,asphalt,True,0.8036357760429382,130.21632385253906,4.0978193283081055e-08,0.0,0.0,1.0,2934.608154296875,2934.608154296875,0.33884355425834656,0.06115645170211792,0.0,asphalt,True,-0.8754752278327942,128.01564025878906,3.725290298461914e-09,0.0,0.0,1.0,2950.644287109375,2950.644287109375,0.3385728895664215,0.06142711639404297,0.0,asphalt,True,0.8045246601104736,128.01634216308594,3.3527612686157227e-08,0.0,0.0,1.0,2950.668701171875,2950.668701171875,0.33857229351997375,0.06142771244049072,0.0,asphalt,624,118.95222250832323,391.34314036387957,118.9524043914602,39.24901580810547,1.6922131180763245e-05,0.0001329363178610733,4.311479111602982e-07,7.930505667975171,-0.020518808256059843,0.0,0.0,-0.0,2934.550048828125,True,0.0,623,6.685337810676168e-06,0.000132555855932214,4.1155901102446144e-07,True,624,magic-formula,118.9522345945995,391.3452076935961,118.95241647773648,39.249019622802734,1.6920268535614014e-05,0.0001329407324119422,4.31100412143357e-07,7.959645365500573,-0.0037660969394232233,0.0,0.0,-0.0,2934.57666015625,True,0.0,623,6.771690162421238e-06,0.00013304171118192683,7.553781835038107e-08,True,624,magic-formula,119.00228001047569,390.96495118937213,119.00246189361266,39.24901580810547,2.0166859030723572e-05,0.0005538124945039724,5.13818209590801e-07,33.3723350163274,-0.02481053357009028,41.60047930408573,33.2112,33.2112,2950.684814453125,True,0.0,623,0.0006683762446318002,0.0005547663242475398,4.948815965326673e-07,True,624,magic-formula,119.00226201107382,390.9677397927259,119.0024438942108,39.249019622802734,2.0166859030723572e-05,0.0005535639121799822,5.138181596516958e-07,33.47419062301322,-0.09667292531969943,41.60047930408573,33.2112,33.2112,2950.70654296875,True,0.0,623,0.0006747259340922692,0.0005564554807854869,1.9285210362043034e-06,True,624,magic-formula
3.250000000000,390,held_throttle,0.0,0.15,0.0,1,-0.036711275577545166,131.0775146484375,0.4187045395374298,0.023153366521000862,39.21918869018555,0.007609895430505276,1.7064030544133857e-05,asphalt,0.0,0.15,0.0,3703.2937311082983,5,-0.59600830078125,-7.388062658719718e-05,646.1844349316988,159.98304703427624,-0.0,6024.981180347649,5747.018819652351,1.4443132840824546e-06,2.529287200846207e-05,False,-0.0,True,0,0,-0.015831371769309044,39.21918487548828,0.0816437304019928,False,True,-0.8771559000015259,132.17723083496094,3.725290298461914e-09,0.0,0.0,1.0,2935.1328125,2935.1328125,0.33885088562965393,0.06114912033081055,0.0,asphalt,True,0.8028439283370972,132.17791748046875,7.450580596923828e-09,0.0,0.0,1.0,2935.154296875,2935.154296875,0.3388504087924957,0.06114959716796875,0.0,asphalt,True,-0.8762667775154114,129.9772186279297,3.725290298461914e-09,0.0,0.0,1.0,2950.271240234375,2950.271240234375,0.33855870366096497,0.06144130229949951,0.0,asphalt,True,0.8037329912185669,129.9779052734375,3.3527612686157227e-08,0.0,0.0,1.0,2950.297119140625,2950.297119140625,0.3385581076145172,0.061441898345947266,0.0,asphalt,630,118.86172984951105,397.2882687894783,118.86168579478823,39.21918487548828,1.5992671251296997e-05,0.00013223056182412908,4.077767373816945e-07,7.895572937840397,-0.01940073854625136,0.0,0.0,-0.0,2935.009765625,True,0.0,629,6.593803299322382e-06,0.000131951294026377,3.8907222437619353e-07,True,630,magic-formula,118.8617451172285,397.29033731148917,118.86170106250567,39.21918487548828,1.5990808606147766e-05,0.00013235902820538323,4.077292441674642e-07,7.9205413468786485,-0.0026952652356080128,0.0,0.0,-0.0,2935.031005859375,True,0.0,629,6.659013691969515e-06,0.0001323676106697818,5.405131015999705e-08,True,630,magic-formula,118.91296576773995,396.9126203837128,118.91292171301713,39.21918487548828,1.9162893295288086e-05,0.0005633423523728169,4.886101880017205e-07,33.94917129545092,-0.023587827445486417,41.786166037733885,33.2112,33.2112,2950.34619140625,True,0.0,629,0.0007057846004834567,0.000564420458451429,4.7054197545609494e-07,True,630,magic-formula,118.91294241828714,396.9154098925395,118.91289836356432,39.21918487548828,1.9162893295288086e-05,0.0005631458842552228,4.886101880017205e-07,34.05419215752344,-0.09672827102934735,41.786166037733885,33.2112,33.2112,2950.36572265625,True,0.0,629,0.0007125673480935508,0.0005661627873788526,1.929853064745754e-06,True,630,magic-formula
3.300000000000,396,held_throttle,0.0,0.15,0.0,1,-0.03750259801745415,133.03759765625,0.41869881749153137,0.023157484829425812,39.18942642211914,0.007619023788720369,1.6359756045858376e-05,asphalt,0.0,0.15,0.0,3700.434609158515,5,-0.5946348309516907,-7.046305108815432e-05,645.2038143315772,160.00200090787462,-0.0,6024.25273928156,5747.74726071844,1.4065210507396841e-06,2.4150172445389573e-05,False,-0.0,True,0,0,-0.015822941437363625,39.189422607421875,0.08163486421108246,False,True,-0.8779472708702087,134.13729858398438,1.862645149230957e-08,0.0,0.0,1.0,2936.334716796875,2936.334716796875,0.33884528279304504,0.061154723167419434,0.0,asphalt,True,0.8020526170730591,134.13800048828125,-2.60770320892334e-08,0.0,0.0,1.0,2936.35595703125,2936.35595703125,0.33884480595588684,0.06115520000457764,0.0,asphalt,True,-0.8770580887794495,131.93731689453125,3.725290298461914e-09,0.0,0.0,1.0,2949.80126953125,2949.80126953125,0.3385527431964874,0.06144726276397705,0.0,asphalt,True,0.8029417395591736,131.93797302246094,7.450580596923828e-09,0.0,0.0,1.0,2949.822509765625,2949.822509765625,0.3385522663593292,0.061447739601135254,0.0,asphalt,636,118.77144320407663,403.2288692874001,118.7712675907924,39.18941116333008,1.51805579662323e-05,0.00013179820420584706,3.873637678035882e-07,7.872967034033588,-0.018435161423469747,0.0,0.0,-0.0,2936.171630859375,True,0.0,635,6.539277641001042e-06,0.00013152143697580794,3.695617697620455e-07,True,636,magic-formula,118.7714552361948,403.230938975379,118.77127962291057,39.18941116333008,1.518242061138153e-05,0.00013189952236497204,3.874112971002512e-07,7.9021350255327425,-0.0017504871451205274,0.0,0.0,-0.0,2936.19287109375,True,0.0,635,6.627805023901845e-06,0.00013200774733240534,3.5090522733442096e-08,True,636,magic-formula,118.82346252225919,402.855809116963,118.82328690897496,39.18941116333008,1.8268823623657227e-05,0.0005698342575851463,4.661673416708599e-07,34.33725197992925,-0.02248983876237319,41.91019797595187,33.2112,33.2112,2949.880859375,True,0.0,635,0.0007321500421338239,0.0005709627332511201,4.4870520844552216e-07,True,636,magic-formula,118.82344507846868,402.8585995528713,118.82326946518445,39.18941116333008,1.8270686268806458e-05,0.0005696873696708578,4.662148709675229e-07,34.43950654164406,-0.09649604039676697,41.91019797595187,33.2112,33.2112,2949.90185546875,True,0.0,635,0.00073888248141276,0.0005726590122341725,1.9255261187782675e-06,True,636,magic-formula
3.350000000000,402,held_throttle,0.0,0.15,0.0,1,-0.038293495774269104,134.99620056152344,0.41869357228279114,0.023161519318819046,39.159751892089844,0.007366443518549204,1.585197969689034e-05,asphalt,0.0,0.15,0.0,3697.6041302279295,5,-0.5928037166595459,-6.730614404659718e-05,644.2266993052737,160.01142143433572,-0.0,6023.619580964534,5748.380419035466,1.3967658105684677e-06,2.3151247307389552e-05,False,-0.0,True,0,0,-0.01581437699496746,39.15974807739258,0.08166354149580002,False,True,-0.8787382245063782,136.0959014892578,-7.450580596923828e-09,0.0,0.0,1.0,2937.015380859375,2937.015380859375,0.338835209608078,0.061164796352386475,0.0,asphalt,True,0.8012616038322449,136.09658813476562,1.1175870895385742e-08,0.0,0.0,1.0,2937.033935546875,2937.033935546875,0.3388347923755646,0.0611652135848999,0.0,asphalt,True,-0.8778489232063293,133.8959197998047,-7.450580596923828e-09,0.0,0.0,1.0,2949.42138671875,2949.42138671875,0.3385523855686188,0.0614476203918457,0.0,asphalt,True,0.8021509647369385,133.89659118652344,4.0978193283081055e-08,0.0,0.0,1.0,2949.4462890625,2949.4462890625,0.3385518491268158,0.06144815683364868,0.0,asphalt,642,118.68142048798883,409.1649571501712,118.6811987285878,39.159732818603516,1.4526769518852234e-05,0.00013115366380542118,3.709619160616533e-07,7.836671139999308,-0.01761900623497664,0.0,0.0,-0.0,2936.934814453125,True,0.0,641,6.446016429648574e-06,0.0001308810770185436,3.5310888176074166e-07,True,642,magic-formula,118.68142891166073,409.1670279113967,118.6812071522597,39.159732818603516,1.4528632164001465e-05,0.00013122465028880467,3.7100948137977893e-07,7.864064069354726,-0.0009887811564170297,0.0,0.0,-0.0,2936.955810546875,True,0.0,641,6.518979697540923e-06,0.00013133763135003432,1.9815915979524047e-08,True,642,magic-formula,118.73395852449494,408.7945168453391,118.73373676509391,39.159732818603516,1.759454607963562e-05,0.0005738929472251707,4.4930199501452774e-07,34.574730720429734,-0.02163571622419538,41.99356485351311,33.2112,33.2112,2949.4638671875,True,0.0,641,0.0007490643594736706,0.0005749929511256676,4.3172193678526946e-07,True,642,magic-formula,118.733936119966,408.7973083585364,118.73371436056497,39.159732818603516,1.759454607963562e-05,0.0005737041437268608,4.4930199501452774e-07,34.68038099831488,-0.09618669328122093,41.99356485351311,33.2112,33.2112,2949.48583984375,True,0.0,641,0.000756169307511991,0.0005767457244697755,1.9196264150635813e-06,True,642,magic-formula
3.400000000000,408,held_throttle,0.0,0.15,0.0,1,-0.03908396139740944,136.9533233642578,0.41869017481803894,0.02316548489034176,39.130157470703125,0.007044648285955191,1.530531153548509e-05,asphalt,0.0,0.15,0.0,3694.7926292046923,5,-0.5914304852485657,-6.478033901657909e-05,643.2530835737894,160.01338584140333,-0.0,6023.059151741218,5748.940848258782,1.367810227748123e-06,2.2313052921741372e-05,False,-0.0,True,0,0,-0.015805702656507492,39.13015365600586,0.08170472830533981,False,True,-0.8795287609100342,138.0530242919922,-2.9802322387695312e-08,0.0,0.0,1.0,2937.294189453125,2937.294189453125,0.33882567286491394,0.06117433309555054,0.0,asphalt,True,0.8004710674285889,138.0537109375,3.3527612686157227e-08,0.0,0.0,1.0,2937.318115234375,2937.318115234375,0.33882513642311096,0.061174869537353516,0.0,asphalt,True,-0.8786392211914062,135.85304260253906,-7.450580596923828e-09,0.0,0.0,1.0,2949.156982421875,2949.156982421875,0.33855512738227844,0.061444878578186035,0.0,asphalt,True,0.8013606071472168,135.8537139892578,-3.3527612686157227e-08,0.0,0.0,1.0,2949.17333984375,2949.17333984375,0.3385547697544098,0.06144523620605469,0.0,asphalt,648,118.59166920354649,415.09655057860226,118.59144629768737,39.1301383972168,1.3969838619232178e-05,0.0001306522328555353,3.570096910320464e-07,7.813535273974889,-0.01696579716772281,0.0,0.0,-0.0,2937.271240234375,True,0.0,647,6.39524324908618e-06,0.00013047973490484092,3.399787461624855e-07,True,648,magic-formula,118.59168764337537,415.0986226502126,118.59146473751625,39.1301383972168,1.3971701264381409e-05,0.0001308077432570167,3.57057292324184e-07,7.840173185258229,-0.00036489763464598213,0.0,0.0,-0.0,2937.28955078125,True,0.0,647,6.464464295341595e-06,0.0001309237513970338,7.3117182918610655e-09,True,648,magic-formula,118.64454860951469,414.72875096325373,118.64432570365557,39.1301383972168,1.697428524494171e-05,0.0005766052676332271,4.337905752499964e-07,34.73941775486753,-0.02089307905762028,42.05011116147771,33.2112,33.2112,2949.201171875,True,0.0,647,0.0007613614367504117,0.0005777833066655672,4.169375470749822e-07,True,648,magic-formula,118.64451853001381,414.7315431184624,118.6442956241547,39.1301383972168,1.697428524494171e-05,0.0005763515952545247,4.337905752499964e-07,34.84709248197765,-0.09584289572073382,42.05011116147771,33.2112,33.2112,2949.222900390625,True,0.0,647,0.0007686651521840807,0.0005795699357351577,1.9129374848780534e-06,True,648,magic-formula
3.450000000000,414,held_throttle,0.0,0.15,0.0,1,-0.039873987436294556,138.9089813232422,0.4186886250972748,0.023169375956058502,39.10060119628906,0.006753867957741022,1.4987534086685628e-05,asphalt,0.0,0.15,0.0,3691.9938879521387,5,-0.5909727811813354,-6.240011134650558e-05,642.2817077990217,160.00889624214236,-0.0,6022.598636693459,5749.401363306541,1.348712658000295e-06,2.155937986318609e-05,False,-0.0,True,0,0,-0.015796920284628868,39.1005973815918,0.08173596113920212,False,True,-0.8803188800811768,140.00868225097656,-3.725290298461914e-09,0.0,0.0,1.0,2937.339111328125,2937.339111328125,0.3388184607028961,0.06118154525756836,0.0,asphalt,True,0.7996809482574463,140.00938415527344,1.4901161193847656e-08,0.0,0.0,1.0,2937.358642578125,2937.358642578125,0.3388180434703827,0.06118196249008179,0.0,asphalt,True,-0.8794292211532593,137.80868530273438,0.0,0.0,0.0,1.0,2948.933349609375,2948.933349609375,0.33855918049812317,0.06144082546234131,0.0,asphalt,True,0.8005706071853638,137.80938720703125,3.725290298461914e-09,0.0,0.0,1.0,2948.955810546875,2948.955810546875,0.33855870366096497,0.06144130229949951,0.0,asphalt,654,118.50208154722196,421.0236619160011,118.50188244509474,39.100582122802734,1.3424083590507507e-05,0.00013055528852447612,3.433218346557123e-07,7.802148061047824,-0.01628336508510997,0.0,0.0,-0.0,2937.341796875,True,0.0,653,6.372411451473946e-06,0.00013028644744507735,3.2629561986770976e-07,True,654,magic-formula,118.50209260324743,421.0257351019559,118.50189350112021,39.1005859375,1.3422220945358276e-05,0.00013055102498498006,3.432741638913643e-07,7.83090919367212,0.0003170688881621232,0.0,0.0,-0.0,2937.361328125,True,0.0,653,6.446251024275521e-06,0.00013076585523301654,-6.353995840315298e-09,True,654,magic-formula,118.55516823676982,420.6585160846279,118.55496913464259,39.100582122802734,1.638568937778473e-05,0.0005785948470090646,4.1906510052258123e-07,34.855449275229816,-0.0201433632099296,42.08896780904799,33.2112,33.2112,2948.9658203125,True,0.0,653,0.0007705064507454731,0.0005797594487395596,4.0200570556963635e-07,True,654,magic-formula,118.55514447502675,420.66130897397056,118.55494537289952,39.1005859375,1.6383826732635498e-05,0.00057829668575738,4.190174223686348e-07,34.96052738513634,-0.09538568276970687,42.08896780904799,33.2112,33.2112,2948.985595703125,True,0.0,653,0.0007777071152898974,0.0005815033998508725,1.9039665364025889e-06,True,654,magic-formula
3.500000000000,420,held_throttle,0.0,0.15,0.0,1,-0.04066357761621475,140.86314392089844,0.4186882972717285,0.023173199966549873,39.07108688354492,0.0065463511273264885,1.4483232916973066e-05,asphalt,0.0,0.15,0.0,3689.203507411139,5,-0.5900573134422302,-6.072809628676623e-05,641.3123181449482,160.00334148296804,-0.0,6022.218572750829,5749.781427249171,1.3357896477828035e-06,2.087150560495801e-05,False,-0.0,True,0,0,-0.015788063406944275,39.071083068847656,0.08175035566091537,False,True,-0.8811085224151611,141.9628448486328,1.1175870895385742e-08,0.0,0.0,1.0,2937.26806640625,2937.26806640625,0.3388141691684723,0.06118583679199219,0.0,asphalt,True,0.7988913059234619,141.96353149414062,-1.1175870895385742e-08,0.0,0.0,1.0,2937.2861328125,2937.2861328125,0.33881375193595886,0.061186254024505615,0.0,asphalt,True,-0.8802188038825989,139.76283264160156,2.60770320892334e-08,0.0,0.0,1.0,2948.809814453125,2948.809814453125,0.33856281638145447,0.06143718957901001,0.0,asphalt,True,0.7997810244560242,139.76353454589844,0.0,0.0,0.0,1.0,2948.828857421875,2948.828857421875,0.33856239914894104,0.06143760681152344,0.0,asphalt,660,118.41261482482778,426.946298339785,118.4124479035917,39.07107162475586,1.3003125786781311e-05,0.0001303078524747233,3.3280699110750544e-07,7.787264799542301,-0.015789344471891863,0.0,0.0,-0.0,2937.281005859375,True,0.0,659,6.34146295015271e-06,0.00013004060558559385,3.164027018686484e-07,True,660,magic-formula,118.41262416858464,426.9483726741778,118.41245724734856,39.07107162475586,1.3003125786781311e-05,0.0001303867712152806,3.3280699110750544e-07,7.8151862820352145,0.000792769838701412,0.0,0.0,-0.0,2937.29931640625,True,0.0,659,6.41843115751755e-06,0.0001305060576951606,-1.5886627545008886e-08,True,660,magic-formula,118.46584198849118,426.5838148662273,118.46567506725509,39.07107162475586,1.593679189682007e-05,0.0005798722815649354,4.0789236727055777e-07,34.930039764677,-0.019614366405188214,42.1161571445653,33.2112,33.2112,2948.82177734375,True,0.0,659,0.0007768676075397195,0.0005810285356751738,3.9146548773920246e-07,True,660,magic-formula,118.46581760370574,426.5866086116085,118.46565068246966,39.07107162475586,1.593679189682007e-05,0.0005796663240914868,4.0789236727055777e-07,35.034901759760764,-0.09507312976564623,42.1161571445653,33.2112,33.2112,2948.84375,True,0.0,659,0.0007840967320064385,0.0005827685344238824,1.8978200078326585e-06,True,660,magic-formula
3.550000000000,426,held_throttle,0.0,0.15,0.0,1,-0.04145272076129913,142.8158416748047,0.41868841648101807,0.023176975548267365,39.0416145324707,0.006429022643715143,1.3962399862066377e-05,asphalt,0.0,0.15,0.0,3686.419018508438,5,-0.5891417860984802,-5.905547004658729e-05,640.3450368921691,159.99973122133028,-0.0,6021.8921515434495,5750.1078484565505,1.313594339080737e-06,2.0271482342110822e-05,False,-0.0,True,0,0,-0.015779130160808563,39.04161071777344,0.08175195753574371,False,True,-0.8818976879119873,143.91554260253906,-4.0978193283081055e-08,0.0,0.0,1.0,2937.17431640625,2937.17431640625,0.33881208300590515,0.061187922954559326,0.0,asphalt,True,0.798102080821991,143.9162139892578,2.9802322387695312e-08,0.0,0.0,1.0,2937.1953125,2937.1953125,0.33881160616874695,0.06118839979171753,0.0,asphalt,True,-0.8810078501701355,141.71554565429688,1.4901161193847656e-08,0.0,0.0,1.0,2948.7783203125,2948.7783203125,0.3385652005672455,0.061434805393218994,0.0,asphalt,True,0.7989919781684875,141.7162322998047,-7.450580596923828e-09,0.0,0.0,1.0,2948.79736328125,2948.79736328125,0.33856478333473206,0.06143522262573242,0.0,asphalt,666,118.32327062169163,432.86446657930816,118.32313345714313,39.041603088378906,1.2623146176338196e-05,0.0001300207055495512,3.233255086314617e-07,7.775755784862267,-0.015308742479503016,0.0,0.0,-0.0,2937.191650390625,True,0.0,665,6.315801679816694e-06,0.00012985236473675378,3.06781260080241e-07,True,666,magic-formula,118.32328578307757,432.8665420771944,118.32314861852906,39.041603088378906,1.2621283531188965e-05,0.00013014885749417128,3.232777993930625e-07,7.800814980202158,0.0012628593572094498,0.0,0.0,-0.0,2937.21044921875,True,0.0,665,6.390325118618229e-06,0.00013027001143981542,-2.5307444299366446e-08,True,666,magic-formula,118.37658880764212,432.50465082633355,118.37645164309362,39.041603088378906,1.5506520867347717e-05,0.0005806938329779879,3.971794096734353e-07,34.978601699332444,-0.019074744880099727,42.1356511232329,33.2112,33.2112,2948.778076171875,True,0.0,665,0.0007815278801094186,0.0005818449474812145,3.8069930705081275e-07,True,666,magic-formula,118.37656217383729,432.50744544658454,118.37642500928878,39.041603088378906,1.5506520867347717e-05,0.0005804687101628809,3.971794096734353e-07,35.08823843907203,-0.09468624972757766,42.1356511232329,33.2112,33.2112,2948.800048828125,True,0.0,665,0.0007891072009130548,0.0005836643929711133,1.8901260648639575e-06,True,666,magic-formula
3.600000000000,432,held_throttle,0.0,0.15,0.0,1,-0.0422414168715477,144.76707458496094,0.41868844628334045,0.023180725052952766,39.01218032836914,0.006391290575265884,1.3459397450787947e-05,asphalt,0.0,0.15,0.0,3683.639000138379,5,-0.5882262587547302,-5.738250911235809e-05,639.379735899145,159.998284462071,-0.0,6021.609011235746,5750.390988764254,1.301249767493573e-06,1.975665628143467e-05,False,-0.0,True,0,0,-0.01577012985944748,39.012176513671875,0.0817473828792572,False,True,-0.8826863765716553,145.8667755126953,-2.2351741790771484e-08,0.0,0.0,1.0,2937.087158203125,2937.087158203125,0.33881130814552307,0.061188697814941406,0.0,asphalt,True,0.7973134517669678,145.86746215820312,1.4901161193847656e-08,0.0,0.0,1.0,2937.102783203125,2937.102783203125,0.3388109505176544,0.06118905544281006,0.0,asphalt,True,-0.8817964196205139,143.66677856445312,-7.450580596923828e-09,0.0,0.0,1.0,2948.8310546875,2948.8310546875,0.3385659158229828,0.06143409013748169,0.0,asphalt,True,0.7982034087181091,143.66744995117188,1.1175870895385742e-08,0.0,0.0,1.0,2948.850341796875,2948.850341796875,0.33856549859046936,0.06143450736999512,0.0,asphalt,672,118.23405217390253,438.7781724922265,118.23393871059677,39.012168884277344,1.2263655662536621e-05,0.00012991672228036827,3.143546235256535e-07,7.76351144738538,-0.014896943149231193,0.0,0.0,-0.0,2937.099853515625,True,0.0,671,6.290895958886969e-06,0.00012965194013294572,2.985382995772374e-07,True,672,magic-formula,118.23406364788384,438.78024906396234,118.23395018457809,39.01217269897461,1.2265518307685852e-05,0.00012991598458693355,3.1440233801712443e-07,7.79254915905879,0.0016642630057191994,0.0,0.0,-0.0,2937.118408203125,True,0.0,671,6.378174055074337e-06,0.0001301360535557439,-3.335239928252119e-08,True,672,magic-formula,118.28741360723019,438.4210277107718,118.28730014392444,39.012168884277344,1.512095332145691e-05,0.0005812957022689962,3.875958131502447e-07,35.0150406055341,-0.018617776849830854,42.15006922599056,33.2112,33.2112,2948.818115234375,True,0.0,671,0.0007853588197772958,0.0005824431734538189,3.7157221863180355e-07,True,672,magic-formula,118.28738985744515,438.42382310354697,118.2872763941394,39.01217269897461,1.512281596660614e-05,0.0005809969661824597,3.8764352048002877e-07,35.120344412852475,-0.0943634269982835,42.15006922599056,33.2112,33.2112,2948.83740234375,True,0.0,671,0.0007926531007235879,0.0005841910456964222,1.883658609054319e-06,True,672,magic-formula
3.650000000000,438,held_throttle,0.0,0.15,0.0,1,-0.04302965849637985,146.71681213378906,0.41868826746940613,0.023184413090348244,38.9827880859375,0.006409764755517244,1.3059456250630319e-05,asphalt,0.0,0.15,0.0,3680.8626144642926,5,-0.5873107314109802,-5.593235255219042e-05,638.4165372656277,159.99972458481992,-0.0,6021.351475086933,5750.648524913067,1.2866814813605743e-06,1.9284791625813377e-05,False,-0.0,True,0,0,-0.01576107181608677,38.982784271240234,0.08174506574869156,False,True,-0.8834748268127441,147.81649780273438,0.0,0.0,0.0,1.0,2937.02392578125,2937.02392578125,0.3388115465641022,0.061188459396362305,0.0,asphalt,True,0.7965250015258789,147.8171844482422,-2.60770320892334e-08,0.0,0.0,1.0,2937.0439453125,2937.0439453125,0.33881112933158875,0.06118887662887573,0.0,asphalt,True,-0.8825845718383789,145.61651611328125,1.862645149230957e-08,0.0,0.0,1.0,2948.95654296875,2948.95654296875,0.3385653793811798,0.06143462657928467,0.0,asphalt,True,0.7974152565002441,145.61720275878906,1.1175870895385742e-08,0.0,0.0,1.0,2948.973388671875,2948.973388671875,0.33856502175331116,0.06143498420715332,0.0,asphalt,678,118.1449467379193,444.68742129782555,118.1448464770933,38.9827766418457,1.1904165148735046e-05,0.0001296927028598913,3.0536986264739953e-07,7.750011781085904,-0.014437354318079116,0.0,0.0,-0.0,2937.034912109375,True,0.0,677,6.269513829389754e-06,0.00012942935450452773,2.8933443627445854e-07,True,678,magic-formula,118.14495872646722,444.6894990424707,118.14485846564122,38.98278045654297,1.1902302503585815e-05,0.0001296963205805916,3.053220515364171e-07,7.779318869452488,0.00211193170033271,0.0,0.0,-0.0,2937.048583984375,True,0.0,677,6.3476589525992415e-06,0.00012991819489721246,-4.2324721613078064e-08,True,678,magic-formula,118.19833779994016,444.3329492530665,118.19823753911416,38.9827766418457,1.4729797840118408e-05,0.0005816628287635944,3.778539937123448e-07,35.03259393489365,-0.018114690267866572,42.16113889810237,33.2112,33.2112,2948.93994140625,True,0.0,677,0.0007879074132027175,0.0005827110690963957,3.615148669332715e-07,True,678,magic-formula,118.19831557209936,444.33574562824856,118.19821531127336,38.98278045654297,1.4727935194969177e-05,0.0005813767510782266,3.778061755083584e-07,35.14455605795132,-0.09395472747068799,42.16113889810237,33.2112,33.2112,2948.956298828125,True,0.0,677,0.0007956782282174671,0.000584570201715434,1.8754252073046588e-06,True,678,magic-formula
3.700000000000,444,held_throttle,0.0,0.15,0.0,1,-0.04381744936108589,148.6650848388672,0.4186880886554718,0.023188073188066483,38.953433990478516,0.006454577203840017,1.279898060602136e-05,asphalt,0.0,0.15,0.0,3678.0896633552024,5,-0.5868529677391052,-5.51140692550689e-05,637.4554378827745,160.0006371049949,-0.0,6021.112559171948,5750.887440828052,1.279404614251689e-06,1.8883181669406584e-05,False,-0.0,True,0,0,-0.01575196348130703,38.95343017578125,0.08174651116132736,False,True,-0.8842626214027405,149.76478576660156,-1.1175870895385742e-08,0.0,0.0,1.0,2936.97412109375,2936.97412109375,0.3388121426105499,0.06118786334991455,0.0,asphalt,True,0.7957371473312378,149.76547241210938,2.2351741790771484e-08,0.0,0.0,1.0,2936.9912109375,2936.9912109375,0.3388117849826813,0.0611882209777832,0.0,asphalt,True,-0.8833723068237305,147.5647735595703,7.450580596923828e-09,0.0,0.0,1.0,2949.034912109375,2949.034912109375,0.33856436610221863,0.06143563985824585,0.0,asphalt,True,0.7966275215148926,147.56546020507812,-1.862645149230957e-08,0.0,0.0,1.0,2949.054443359375,2949.054443359375,0.3385639488697052,0.06143605709075928,0.0,asphalt,684,118.05596298712543,450.5922187325067,118.05586753936721,38.95342254638672,1.1643394827842712e-05,0.00012951979658959342,2.9890556635882553e-07,7.739585889347668,-0.01412040293558035,0.0,0.0,-0.0,2936.983154296875,True,0.0,683,6.251179989626771e-06,0.00012925751383327622,2.8298750764205725e-07,True,684,magic-formula,118.055981546268,450.59429787271887,118.05588609850979,38.953426361083984,1.1643394827842712e-05,0.00012957908086626036,2.989055370870938e-07,7.766411170432296,0.0024242863433910533,0.0,0.0,-0.0,2937.0,True,0.0,683,6.323626288265113e-06,0.0001297047753121077,-4.858528528096519e-08,True,684,magic-formula,118.10937471192541,450.24042072274784,118.1092792641672,38.95342254638672,1.4452263712882996e-05,0.00058200556117178,3.7101396406624376e-07,35.054082381000384,-0.017782319178479212,42.169999190047385,33.2112,33.2112,2949.023681640625,True,0.0,683,0.0007906767238941404,0.0005830519279172078,3.548703190574941e-07,True,684,magic-formula,118.10934488221362,450.2432178423276,118.1092494344554,38.953426361083984,1.4454126358032227e-05,0.0005816548674430547,3.7106174496813475e-07,35.16228657297083,-0.0937212183615518,42.169999190047385,33.2112,33.2112,2949.0400390625,True,0.0,683,0.0007982661698490391,0.0005848484975501951,1.870711423786754e-06,True,684,magic-formula
3.750000000000,450,held_throttle,0.0,0.15,0.0,1,-0.04460477828979492,150.6118927001953,0.41868793964385986,0.023191751912236214,38.92412185668945,0.006506632547825575,1.2450579561118502e-05,asphalt,0.0,0.15,0.0,3675.319998510832,5,-0.5859374403953552,-5.388710997067392e-05,636.4963099041852,160.00071342486407,-0.0,6020.891567654638,5751.108432345362,1.2838811471738154e-06,1.856190880699641e-05,False,-0.0,True,0,0,-0.015742816030979156,38.92411804199219,0.08174863457679749,False,True,-0.8850500583648682,151.71157836914062,-3.3527612686157227e-08,0.0,0.0,1.0,2936.92236328125,2936.92236328125,0.33881309628486633,0.061186909675598145,0.0,asphalt,True,0.7949498295783997,151.7122802734375,2.9802322387695312e-08,0.0,0.0,1.0,2936.94482421875,2936.94482421875,0.33881261944770813,0.06118738651275635,0.0,asphalt,True,-0.884159505367279,149.5115966796875,-1.1175870895385742e-08,0.0,0.0,1.0,2949.0810546875,2949.0810546875,0.3385631740093231,0.06143683195114136,0.0,asphalt,True,0.7958402633666992,149.5122833251953,2.60770320892334e-08,0.0,0.0,1.0,2949.09716796875,2949.09716796875,0.33856281638145447,0.06143718957901001,0.0,asphalt,690,117.96710823268968,456.4925706958882,117.96701213670185,38.924110412597656,1.1449679732322693e-05,0.00012936208783101213,2.9415392184831314e-07,7.724243659457405,-0.01386370123886773,0.0,0.0,-0.0,2936.93359375,True,0.0,689,6.2191413748483135e-06,0.00012900346205112784,2.77847631538709e-07,True,690,magic-formula,117.96712000940836,456.49465103918754,117.96702391342053,38.92411422729492,1.1451542377471924e-05,0.00012936391514103138,2.942017462645657e-07,7.753497226523588,0.002658768395746767,0.0,0.0,-0.0,2936.9501953125,True,0.0,689,6.301058978523749e-06,0.00012949129817088688,-5.328541616715135e-08,True,690,magic-formula,118.02051750018354,456.14344702005275,118.02042140419572,38.924110412597656,1.4269724488258362e-05,0.0005821677675536798,3.6660374089472765e-07,35.064432058752246,-0.017535194541720093,42.17740108789986,33.2112,33.2112,2949.076416015625,True,0.0,689,0.0007927620070819148,0.000583213626685853,3.499313347504685e-07,True,690,magic-formula,118.02048723718514,456.14624471005754,118.02039114119731,38.92411422729492,1.4269724488258362e-05,0.0005818131362973165,3.666037049662983e-07,35.17249287802656,-0.09355562782007179,42.17740108789986,33.2112,33.2112,2949.09228515625,True,0.0,689,0.000800306841845087,0.0005850078761264715,1.8673733800429578e-06,True,690,magic-formula
3.800000000000,456,held_throttle,0.0,0.15,0.0,1,-0.04539165273308754,152.55723571777344,0.41868793964385986,0.023195378482341766,38.89484786987305,0.00655326945707202,1.2037379747198429e-05,asphalt,0.0,0.15,0.0,3672.5536218639454,5,-0.5850219130516052,-5.355352186597884e-05,635.5391505113398,160.00013936671763,-0.0,6020.6839710209315,5751.3160289790685,1.2625334875338012e-06,1.825253714012945e-05,False,-0.0,True,0,0,-0.01573365181684494,38.89484405517578,0.08174958825111389,False,True,-0.8858370184898376,153.65692138671875,-7.450580596923828e-09,0.0,0.0,1.0,2936.888916015625,2936.888916015625,0.3388139307498932,0.06118607521057129,0.0,asphalt,True,0.7941628694534302,153.65760803222656,2.60770320892334e-08,0.0,0.0,1.0,2936.9052734375,2936.9052734375,0.33881357312202454,0.06118643283843994,0.0,asphalt,True,-0.8849464058876038,151.45693969726562,1.1175870895385742e-08,0.0,0.0,1.0,2949.098876953125,2949.098876953125,0.3385622799396515,0.06143772602081299,0.0,asphalt,True,0.7950534820556641,151.45762634277344,0.0,0.0,0.0,1.0,2949.11474609375,2949.11474609375,0.33856192231178284,0.06143808364868164,0.0,asphalt,696,117.87835703645602,462.3884824445405,117.8782569739799,38.89483642578125,1.1235475540161133e-05,0.00012910187342791567,2.888680496600171e-07,7.714476562676284,-0.013651932226664727,0.0,0.0,-0.0,2936.889892578125,True,0.0,695,6.2069049668688934e-06,0.00012884225725635817,2.7360756456462907e-07,True,696,magic-formula,117.87837556835973,462.3905641811852,117.87827550588361,38.894840240478516,1.1235475540161133e-05,0.0001291610159377726,2.8886802132864586e-07,7.741335873284344,0.0028644254924247814,0.0,0.0,-0.0,2936.9091796875,True,0.0,695,6.2707911103475684e-06,0.0001292899963072218,-5.740783737649545e-08,True,696,magic-formula,117.93177167367058,462.0420333401884,117.93167161119446,38.89483642578125,1.4008954167366028e-05,0.000582293913827401,3.601751660299992e-07,35.0722582938251,-0.017271194741008144,42.183839707375995,33.2112,33.2112,2949.09765625,True,0.0,695,0.0007945975740438411,0.0005833395788036039,3.446594082991382e-07,True,696,magic-formula,117.93174139369138,462.04483159825935,117.93164133121526,38.894840240478516,1.4007091522216797e-05,0.0005819388715751653,3.6012724144419486e-07,35.18039079125644,-0.0933634163664275,42.183839707375995,33.2112,33.2112,2949.113525390625,True,0.0,695,0.0008021891783272599,0.0005851350062664189,1.8635237011649363e-06,True,696,magic-formula
3.850000000000,462,held_throttle,0.0,0.15,0.0,1,-0.04617806524038315,154.50111389160156,0.41868793964385986,0.023198965936899185,38.86561584472656,0.006584794260561466,1.1718666428350843e-05,asphalt,0.0,0.15,0.0,3669.7905680236013,5,-0.5841063857078552,-5.187836359255016e-05,634.5840814438462,159.99975776737173,-0.0,6020.480564279854,5751.519435720146,1.248448143087444e-06,1.797699561604829e-05,False,-0.0,True,0,0,-0.015724439173936844,38.8656120300293,0.0817490667104721,False,True,-0.8866234421730042,155.60081481933594,2.2351741790771484e-08,0.0,0.0,1.0,2936.879150390625,2936.879150390625,0.33881452679634094,0.061185479164123535,0.0,asphalt,True,0.7933764457702637,155.60150146484375,1.1175870895385742e-08,0.0,0.0,1.0,2936.896484375,2936.896484375,0.3388141691684723,0.06118583679199219,0.0,asphalt,True,-0.8857327103614807,153.40081787109375,2.2351741790771484e-08,0.0,0.0,1.0,2949.09326171875,2949.09326171875,0.33856168389320374,0.06143832206726074,0.0,asphalt,True,0.7942671775817871,153.40150451660156,-2.9802322387695312e-08,0.0,0.0,1.0,2949.110107421875,2949.110107421875,0.3385613262653351,0.061438679695129395,0.0,asphalt,702,117.7897366213886,468.27995991659617,117.7896308192151,38.865604400634766,1.1013820767402649e-05,0.00012887190359481154,2.8338220741068604e-07,7.700774948923416,-0.013376624112235148,0.0,0.0,-0.0,2936.882080078125,True,0.0,701,6.175259347142492e-06,0.00012861376322751146,2.6809064713259383e-07,True,702,magic-formula,117.78974884493927,468.2820429477999,117.78964304276577,38.86560821533203,1.1013820767402649e-05,0.0001288775276635157,2.8338217959644667e-07,7.7302930901841735,0.003124698886396345,0.0,0.0,-0.0,2936.896240234375,True,0.0,701,6.250715237188506e-06,0.00012910613627903434,-6.262438367706143e-08,True,702,magic-formula,117.84313612601044,467.9361849688794,117.84303032383694,38.865604400634766,1.3753771781921387e-05,0.0005822763159785417,3.5388030095052843e-07,35.077087717110004,-0.016947786513904824,42.18964142853048,33.2112,33.2112,2949.09521484375,True,0.0,701,0.0007962844442778225,0.0005834203675500923,3.382045436685952e-07,True,702,magic-formula,117.8431163771006,467.93898411529136,117.8430105749271,38.86560821533203,1.3755634427070618e-05,0.0005820104238647241,3.53928191496656e-07,35.184745676162365,-0.09310084413044847,42.18964142853048,33.2112,33.2112,2949.108642578125,True,0.0,701,0.0008038374140595894,0.0005852083877137888,1.858286169223818e-06,True,702,magic-formula
3.900000000000,468,held_throttle,0.0,0.15,0.0,1,-0.046964019536972046,156.44354248046875,0.41868793964385986,0.023202525451779366,38.836421966552734,0.006605498027056456,1.1553695912880357e-05,asphalt,0.0,0.15,0.0,3667.0310738348626,5,-0.5836486220359802,-5.172926466912031e-05,633.6310996098036,159.99971794830955,-0.0,6020.2804337803345,5751.7195662196655,1.2429902653821046e-06,1.7724120105982765e-05,False,-0.0,True,0,0,-0.015715213492512703,38.83641815185547,0.08174826204776764,False,True,-0.887409508228302,157.54324340820312,-1.1175870895385742e-08,0.0,0.0,1.0,2936.870849609375,2936.870849609375,0.3388148844242096,0.06118512153625488,0.0,asphalt,True,0.792590320110321,157.5439453125,3.725290298461914e-08,0.0,0.0,1.0,2936.887939453125,2936.887939453125,0.33881452679634094,0.061185479164123535,0.0,asphalt,True,-0.8865185379981995,155.34326171875,0.0,0.0,0.0,1.0,2949.10595703125,2949.10595703125,0.3385612666606903,0.06143873929977417,0.0,asphalt,True,0.7934812903404236,155.3439483642578,3.725290298461914e-09,0.0,0.0,1.0,2949.119384765625,2949.119384765625,0.33856096863746643,0.06143903732299805,0.0,asphalt,708,117.70123832935586,474.16700963668376,117.7011308442752,38.83641052246094,1.0848045349121094e-05,0.00012869691506648822,2.7932667317044844e-07,7.690331604392626,-0.013198413746623188,0.0,0.0,-0.0,2936.870361328125,True,0.0,707,6.1554847891244355e-06,0.0001284398567019957,2.6452006201976414e-07,True,708,magic-formula,117.70125028552502,474.169093848703,117.70114280044436,38.8364143371582,1.0846182703971863e-05,0.0001287002713912216,2.79278684427725e-07,7.7197444446726085,0.0032946148418170947,0.0,0.0,-0.0,2936.88720703125,True,0.0,707,6.239023753848469e-06,0.00012893035583544485,-6.60299726267962e-08,True,708,magic-formula,117.75462925668333,473.82590828909196,117.75452177160267,38.83641052246094,1.3576820492744446e-05,0.0005823692751285997,3.495899932588202e-07,35.08277644747314,-0.016754069498409963,42.1950213357738,33.2112,33.2112,2949.102783203125,True,0.0,707,0.0007980151196979722,0.0005835134689347129,3.343370831742025e-07,True,708,magic-formula,117.75461045480648,473.82870856973136,117.75450296972582,38.8364143371582,1.3576820492744446e-05,0.0005821112302405825,3.4958995892042894e-07,35.191026214474725,-0.09298052350600841,42.1950213357738,33.2112,33.2112,2949.118896484375,True,0.0,707,0.0008056442224106004,0.0005853107940663458,1.8558783523344803e-06,True,708,magic-formula
3.950000000000,474,held_throttle,0.0,0.15,0.0,1,-0.047749511897563934,158.384521484375,0.4186877906322479,0.023206081241369247,38.80727005004883,0.006621248554438353,1.12521311166347e-05,asphalt,0.0,0.15,0.0,3664.2752201781436,5,-0.5827330946922302,-5.0724134780466557e-05,632.6800775542727,160.00007631986918,-0.0,6020.0872332275985,5751.9127667724015,1.2473203696572455e-06,1.749577282146683e-05,False,-0.0,True,0,0,-0.01570597104728222,38.80726623535156,0.08174803853034973,False,True,-0.8881950974464417,159.48422241210938,-3.725290298461914e-09,0.0,0.0,1.0,2936.868896484375,2936.868896484375,0.3388150632381439,0.06118494272232056,0.0,asphalt,True,0.7918047308921814,159.4849090576172,0.0,0.0,0.0,1.0,2936.882568359375,2936.882568359375,0.33881476521492004,0.061185240745544434,0.0,asphalt,True,-0.8873040080070496,157.28424072265625,1.4901161193847656e-08,0.0,0.0,1.0,2949.1171875,2949.1171875,0.3385608494281769,0.0614391565322876,0.0,asphalt,True,0.7926958203315735,157.284912109375,7.450580596923828e-09,0.0,0.0,1.0,2949.133544921875,2949.133544921875,0.3385604918003082,0.06143951416015625,0.0,asphalt,714,117.6128621069262,480.04963768318316,117.61275226467538,38.80725860595703,1.0680407285690308e-05,0.0001284782668943873,2.7521674215994643e-07,7.677317482083088,-0.01299784289738894,0.0,0.0,-0.0,2936.867919921875,True,0.0,713,6.130026352993251e-06,0.00012822260769073814,2.60500479151393e-07,True,714,magic-formula,117.61287404972929,480.0517230729836,117.61276420747846,38.8072624206543,1.0680407285690308e-05,0.000128481512102539,2.752167151065423e-07,7.70674572925316,0.0034828090579516855,0.0,0.0,-0.0,2936.884521484375,True,0.0,713,6.213483541932507e-06,0.0001287133764871799,-6.980175887381683e-08,True,714,magic-formula,117.66624347237837,479.711209490047,117.66613363012755,38.80725860595703,1.3418495655059814e-05,0.0005824101144923353,3.457728305755537e-07,35.085467170249,-0.016564429851443803,42.20012112225701,33.2112,33.2112,2949.119873046875,True,0.0,713,0.0007995323716993697,0.0005835548198134839,3.305499690008742e-07,True,714,magic-formula,117.66622055177746,479.7140108171977,117.66611070952663,38.8072624206543,1.3418495655059814e-05,0.0005821168519282478,3.4577279658658904e-07,35.19167527907962,-0.09285480894462755,42.20012112225701,33.2112,33.2112,2949.13330078125,True,0.0,713,0.0008070185063913789,0.0005853187087431808,1.8533602359295363e-06,True,714,magic-formula
4.000000000000,480,held_throttle,0.0,0.15,0.0,1,-0.048534538596868515,160.32403564453125,0.4186876714229584,0.023209642618894577,38.77815628051758,0.006629444658756256,1.124817572417669e-05,asphalt,0.0,0.15,0.0,3661.5229912427735,5,-0.5818175673484802,-4.99424641020596e-05,631.7310124741355,160.00011945718654,-0.0,6019.899549690161,5752.100450309839,1.2442790193745168e-06,1.7347981559843972e-05,False,-0.0,True,0,0,-0.0156966932117939,38.77815246582031,0.0817483514547348,False,True,-0.8889801502227783,161.42373657226562,7.450580596923828e-09,0.0,0.0,1.0,2936.873046875,2936.873046875,0.3388151228427887,0.06118488311767578,0.0,asphalt,True,0.7910196781158447,161.4244384765625,0.0,0.0,0.0,1.0,2936.890380859375,2936.890380859375,0.33881476521492004,0.061185240745544434,0.0,asphalt,True,-0.8880889415740967,159.22373962402344,-1.862645149230957e-08,0.0,0.0,1.0,2949.114013671875,2949.114013671875,0.338560551404953,0.061439454555511475,0.0,asphalt,True,0.7919108867645264,159.22442626953125,-1.4901161193847656e-08,0.0,0.0,1.0,2949.12841796875,2949.12841796875,0.3385602533817291,0.06143975257873535,0.0,asphalt,720,117.52460311584356,485.9278499384656,117.52449071993534,38.77814483642578,1.054815948009491e-05,0.00012827307297907126,2.720129991929465e-07,7.665120988900462,-0.012829164268741682,0.0,0.0,-0.0,2936.872314453125,True,0.0,719,6.1068518406037496e-06,0.00012801871599993825,2.5711946920590555e-07,True,720,magic-formula,117.52461504991264,485.9299365063628,117.52450265400442,38.77814865112305,1.055002212524414e-05,0.0001282762463180329,2.720610058040598e-07,7.694569428049887,0.0036374245654282084,0.0,0.0,-0.0,2936.8896484375,True,0.0,719,6.187363534568795e-06,0.0001285097904410227,-7.29003839204374e-08,True,720,magic-formula,117.57797415061582,485.5920944001169,117.5778617547076,38.77814483642578,1.3280659914016724e-05,0.0005824578089724682,3.4247795942886823e-07,35.0883219469199,-0.016390435501208167,42.20503419910392,33.2112,33.2112,2949.1162109375,True,0.0,719,0.0008010884101020987,0.0005836030053711443,3.2707746669865046e-07,True,720,magic-formula,117.57795052434332,485.59489659231303,117.5778381284351,38.77814865112305,1.3280659914016724e-05,0.0005821583210005982,3.424779257385096e-07,35.194261370424904,-0.09273619934816503,42.20503419910392,33.2112,33.2112,2949.130615234375,True,0.0,719,0.0008085437350607669,0.0005853622336380807,1.850994696133947e-06,True,720,magic-formula
4.050000000000,486,held_throttle,0.0,0.15,0.0,1,-0.049319103360176086,162.2620849609375,0.4186876714229584,0.02321319468319416,38.749080657958984,0.006633230019360781,1.1148082194267772e-05,asphalt,0.0,0.15,0.0,3658.774442825217,5,-0.5813598036766052,-5.0016591558232903e-05,630.7840257509091,160.000109502421,-0.0,6019.7104113060495,5752.2895886939505,1.2405919278535293e-06,1.7219230397885536e-05,False,-0.0,True,0,0,-0.01568741537630558,38.74907684326172,0.08174856752157211,False,True,-0.8897647857666016,163.36178588867188,2.60770320892334e-08,0.0,0.0,1.0,2936.873291015625,2936.873291015625,0.33881518244743347,0.061184823513031006,0.0,asphalt,True,0.7902351021766663,163.36248779296875,-1.1175870895385742e-08,0.0,0.0,1.0,2936.886962890625,2936.886962890625,0.3388148844242096,0.06118512153625488,0.0,asphalt,True,-0.8888733983039856,161.1617889404297,7.450580596923828e-09,0.0,0.0,1.0,2949.111083984375,2949.111083984375,0.3385604918003082,0.06143951416015625,0.0,asphalt,True,0.7911263704299927,161.16249084472656,4.0978193283081055e-08,0.0,0.0,1.0,2949.130126953125,2949.130126953125,0.3385600745677948,0.06143993139266968,0.0,asphalt,726,117.43646291575983,491.8016524163159,117.43634981199553,38.74906921386719,1.0503455996513367e-05,0.00012809464676844616,2.7106343996397784e-07,7.654514592703226,-0.01277103157960695,0.0,0.0,-0.0,2936.876220703125,True,0.0,725,6.086682728806648e-06,0.00012784140315507628,2.5595404459089984e-07,True,726,magic-formula,117.43647485190914,491.80374016190046,117.43636174814483,38.74907302856445,1.0505318641662598e-05,0.00012809784022205933,2.711114826906489e-07,7.683976717345735,0.003683950786428142,0.0,0.0,-0.0,2936.889892578125,True,0.0,725,6.171417002289687e-06,0.00012833286650126187,-7.383283800979542e-08,True,726,magic-formula,117.48982290477439,491.46856899913837,117.48970980101008,38.74906921386719,1.3228505849838257e-05,0.0005825261139506318,3.413889963866187e-07,35.09239200852751,-0.01632596511102089,42.20982212809261,33.2112,33.2112,2949.111328125,True,0.0,725,0.0008026934500491503,0.0005836716470897903,3.2579109598259063e-07,True,726,magic-formula,117.48979917347977,491.47137204888446,117.48968606971546,38.74907302856445,1.3228505849838257e-05,0.000582225506845996,3.413889627781845e-07,35.198414402985556,-0.09273668131383106,42.20982212809261,33.2112,33.2112,2949.130615234375,True,0.0,725,0.0008101950508849245,0.0005854312879946609,1.851004443254129e-06,True,726,magic-formula
4.100000000000,492,held_throttle,0.0,0.15,0.0,1,-0.05010320246219635,164.19869995117188,0.4186876714229584,0.023216737434267998,38.720027923583984,0.006633752025663853,1.0773806025099475e-05,asphalt,0.0,0.15,0.0,3656.029346743775,5,-0.5809020400047302,-5.0090544391423464e-05,629.8384938701474,160.0000530920829,-0.0,6019.545160513285,5752.454839486715,1.237089350070164e-06,1.7075437265253016e-05,False,-0.0,True,0,0,-0.015678146854043007,38.72002410888672,0.0817486047744751,False,True,-0.8905489444732666,165.2984161376953,2.60770320892334e-08,0.0,0.0,1.0,2936.882080078125,2936.882080078125,0.33881518244743347,0.061184823513031006,0.0,asphalt,True,0.7894508838653564,165.29908752441406,-1.1175870895385742e-08,0.0,0.0,1.0,2936.895263671875,2936.895263671875,0.3388148844242096,0.06118512153625488,0.0,asphalt,True,-0.8896574974060059,163.09840393066406,7.450580596923828e-09,0.0,0.0,1.0,2949.101806640625,2949.101806640625,0.3385604918003082,0.06143951416015625,0.0,asphalt,True,0.7903423309326172,163.09910583496094,4.0978193283081055e-08,0.0,0.0,1.0,2949.12109375,2949.12109375,0.3385600745677948,0.06143993139266968,0.0,asphalt,732,117.34840241910352,497.6710501360893,117.34828796678413,38.72001647949219,1.0404735803604126e-05,0.00012800404706962741,2.6871723593182557e-07,7.649129474496925,-0.01265697051600963,0.0,0.0,-0.0,2936.880615234375,True,0.0,731,6.0837547571186695e-06,0.00012775127240277558,2.536676823249023e-07,True,732,magic-formula,117.34841435474388,497.6731390600966,117.34829990242449,38.72002029418945,1.0404735803604126e-05,0.00012800723859054733,2.6871720945779746e-07,7.678612606507452,0.003801237527442397,0.0,0.0,-0.0,2936.893798828125,True,0.0,731,6.167173029698183e-06,0.00012824310762532453,-7.618335508571857e-08,True,732,magic-formula,117.40174638164862,497.34063808005783,117.40163192932923,38.72001647949219,1.3120472431182861e-05,0.0005826398979920272,3.3885503220618554e-07,35.09917926950463,-0.016202865041804404,42.21452553307903,33.2112,33.2112,2949.106689453125,True,0.0,731,0.0008045125949568249,0.0005837854355613192,3.233344761431003e-07,True,732,magic-formula,117.40172266028289,497.34344198437867,117.40160820796349,38.72002029418945,1.3122335076332092e-05,0.000582339149943261,3.3890310430185394e-07,35.20524735177678,-0.09268502117649854,42.21452553307903,33.2112,33.2112,2949.122802734375,True,0.0,731,0.0008120262149827423,0.0005855464685618945,1.8499784083174505e-06,True,732,magic-formula
4.150000000000,498,held_throttle,0.0,0.15,0.0,1,-0.0508868433535099,166.13385009765625,0.4186876714229584,0.02322026900947094,38.691009521484375,0.0066321962513029575,1.0464011211297475e-05,asphalt,0.0,0.15,0.0,3653.287308569728,5,-0.5799865126609802,-4.8861256800591946e-05,628.894663145611,159.99999336348964,-0.0,6019.386561540431,5752.613438459569,1.2341316732999985e-06,1.692449433922034e-05,False,-0.0,True,0,0,-0.015668874606490135,38.69100570678711,0.0817486122250557,False,True,-0.8913326859474182,167.2335662841797,7.450580596923828e-09,0.0,0.0,1.0,2936.882568359375,2936.882568359375,0.3388151228427887,0.06118488311767578,0.0,asphalt,True,0.7886672019958496,167.2342529296875,-2.60770320892334e-08,0.0,0.0,1.0,2936.896728515625,2936.896728515625,0.3388148248195648,0.06118518114089966,0.0,asphalt,True,-0.8904411196708679,165.03355407714844,7.450580596923828e-09,0.0,0.0,1.0,2949.103271484375,2949.103271484375,0.3385604918003082,0.06143951416015625,0.0,asphalt,True,0.7895587682723999,165.03424072265625,1.4901161193847656e-08,0.0,0.0,1.0,2949.1171875,2949.1171875,0.33856019377708435,0.06143981218338013,0.0,asphalt,738,117.26043252261339,503.53604704758766,117.26031838419335,38.69099807739258,1.0259449481964111e-05,0.00012779859180554927,2.651637329551997e-07,7.636919019584094,-0.012511851479422015,0.0,0.0,-0.0,2936.885498046875,True,0.0,737,6.0647631979353075e-06,0.00012754712785037213,2.5075882932321733e-07,True,738,magic-formula,117.26044445669774,503.53813715040167,117.26033031827771,38.691001892089844,1.0261312127113342e-05,0.00012780177246905514,2.6521184837064066e-07,7.666424625881179,0.003934976078702394,0.0,0.0,-0.0,2936.89892578125,True,0.0,737,6.143922510917623e-06,0.00012803932794155183,-7.886355192471052e-08,True,738,magic-formula,117.31376419553513,503.20830567707435,117.3136500571151,38.69099807739258,1.2969598174095154e-05,0.0005826706018005204,3.3520970816394873e-07,35.10099116519608,-0.01604709716395125,42.21917142861632,33.2112,33.2112,2949.1005859375,True,0.0,737,0.0008060033224585937,0.0005838167585586837,3.2022600636093823e-07,True,738,magic-formula,117.31374045644867,503.21111043605055,117.31362631802864,38.691001892089844,1.2971460819244385e-05,0.0005823694770444581,3.352578166732829e-07,35.20710215614198,-0.0925869043474621,42.21917142861632,33.2112,33.2112,2949.114501953125,True,0.0,737,0.0008135331377816926,0.0005855789448621607,1.848025387818773e-06,True,738,magic-formula
4.200000000000,504,held_throttle,0.0,0.15,0.0,1,-0.05167001485824585,168.06756591796875,0.4186876714229584,0.023223796859383583,38.66202163696289,0.0066321431659162045,1.0545836630626582e-05,asphalt,0.0,0.15,0.0,3650.548457040216,5,-0.5795287489891052,-4.871143028140068e-05,627.9526552470252,160.00000995476555,-0.0,6019.229597563989,5752.770402436011,1.2382571412672405e-06,1.6846073361408685e-05,False,-0.0,True,0,0,-0.015659566968679428,38.662017822265625,0.0817485898733139,False,True,-0.8921158909797668,169.1672821044922,7.450580596923828e-09,0.0,0.0,1.0,2936.88037109375,2936.88037109375,0.3388151228427887,0.06118488311767578,0.0,asphalt,True,0.7878839373588562,169.16795349121094,-2.60770320892334e-08,0.0,0.0,1.0,2936.895263671875,2936.895263671875,0.3388148248195648,0.06118518114089966,0.0,asphalt,True,-0.891224205493927,166.96728515625,7.450580596923828e-09,0.0,0.0,1.0,2949.105224609375,2949.105224609375,0.3385604918003082,0.06143951416015625,0.0,asphalt,True,0.788775622844696,166.96795654296875,1.4901161193847656e-08,0.0,0.0,1.0,2949.1201171875,2949.1201171875,0.33856019377708435,0.06143981218338013,0.0,asphalt,744,117.17256815417826,509.3966485974832,117.17245435013942,38.662010192871094,1.0157003998756409e-05,0.00012770412048162538,2.6271277535975174e-07,7.631279276964225,-0.012377986972294112,0.0,0.0,-0.0,2936.88037109375,True,0.0,743,6.055497214077772e-06,0.00012745315854592923,2.4807639276435207e-07,True,744,magic-formula,117.17257652683524,509.3987398200651,117.1724627227964,38.66201400756836,1.0157003998756409e-05,0.0001276769049410069,2.6271274943845064e-07,7.659004470210151,0.004071776797355225,0.0,0.0,-0.0,2936.895263671875,True,0.0,743,6.1381528160483434e-06,0.00012791556064125536,-8.160535528403032e-08,True,744,magic-formula,117.22588381996316,509.0715772403506,117.22577001592431,38.662010192871094,1.2876465916633606e-05,0.000582780553943048,3.3305215772271013e-07,35.10765925856067,-0.01592867130504745,42.223777654914464,33.2112,33.2112,2949.105224609375,True,0.0,743,0.000807801565447982,0.0005839267286812669,3.1786166292369653e-07,True,744,magic-formula,117.22586010391736,509.0743828582487,117.22574629987851,38.66201400756836,1.2876465916633606e-05,0.0005824794000633644,3.330521248611744e-07,35.21386934299232,-0.09254474438957082,42.223777654914464,33.2112,33.2112,2949.119873046875,True,0.0,743,0.0008153599737416879,0.0005856904141643858,1.8471806976991163e-06,True,744,magic-formula
4.250000000000,510,held_throttle,0.0,0.15,0.0,1,-0.05245272070169449,169.99981689453125,0.4186876714229584,0.02322733961045742,38.633056640625,0.006632170174270868,1.0570610356808174e-05,asphalt,0.0,0.15,0.0,3647.812477773534,5,-0.5790709853172302,-4.878519393969327e-05,627.0120962386546,159.99999336348964,-0.0,6019.086804774754,5752.913195225246,1.2369920341370744e-06,1.6782686643060718e-05,False,-0.0,True,0,0,-0.015650266781449318,38.633052825927734,0.08174862712621689,False,True,-0.8928987383842468,171.09951782226562,7.450580596923828e-09,0.0,0.0,1.0,2936.882080078125,2936.882080078125,0.3388151228427887,0.06118488311767578,0.0,asphalt,True,0.787101149559021,171.1002197265625,-2.60770320892334e-08,0.0,0.0,1.0,2936.896484375,2936.896484375,0.3388148248195648,0.06118518114089966,0.0,asphalt,True,-0.8920068144798279,168.8995361328125,7.450580596923828e-09,0.0,0.0,1.0,2949.103515625,2949.103515625,0.3385604918003082,0.06143951416015625,0.0,asphalt,True,0.7879930138587952,168.90020751953125,1.4901161193847656e-08,0.0,0.0,1.0,2949.117919921875,2949.117919921875,0.33856019377708435,0.06143981218338013,0.0,asphalt,750,117.08476837283533,515.2528586703735,117.08465428565259,38.6330451965332,1.0129064321517944e-05,0.00012756867799012918,2.6218653668095157e-07,7.623223654421532,-0.012360320832529996,0.0,0.0,-0.0,2936.882568359375,True,0.0,749,6.0437844556385185e-06,0.00012731852256552434,2.4772214601098173e-07,True,750,magic-formula,117.08477546062404,515.2549507955085,117.0846613734413,38.63304901123047,1.0130926966667175e-05,0.0001275304668299136,2.6223472456760855e-07,7.650315923309117,0.00408493951995489,0.0,0.0,-0.0,2936.89697265625,True,0.0,749,6.120419271086414e-06,0.00012777037561495703,-8.186910841630601e-08,True,750,magic-formula,117.13807023033429,514.9304564857971,117.13795614315156,38.6330451965332,1.284480094909668e-05,0.0005828683543469614,3.3248222820003986e-07,35.11292434247722,-0.01590892478055292,42.22835601597344,33.2112,33.2112,2949.10302734375,True,0.0,749,0.0008095234873848445,0.0005840147156648285,3.174676333490825e-07,True,750,magic-formula,117.13804647360243,514.9332629608492,117.13793238641969,38.63304901123047,1.284666359424591e-05,0.000582566627133028,3.3253040914557286e-07,35.21918398238989,-0.09259376390366865,42.22835601597344,33.2112,33.2112,2949.116943359375,True,0.0,749,0.000817119776468384,0.0005857793712650829,1.8481610630773994e-06,True,750,magic-formula
4.300000000000,516,held_throttle,0.0,0.15,0.0,1,-0.05323496460914612,171.93063354492188,0.4186876714229584,0.023230871185660362,38.60413360595703,0.00663212314248085,1.0674782970454544e-05,asphalt,0.0,0.15,0.0,3645.0793694192744,5,-0.5781554579734802,-4.8896719818003476e-05,626.0734793152442,160.00000995476555,-0.0,6018.934688486712,5753.065311513288,1.2335632391113904e-06,1.6709493447210446e-05,False,-0.0,True,0,0,-0.0156409814953804,38.604129791259766,0.0817485898733139,False,True,-0.893680989742279,173.0303497314453,7.450580596923828e-09,0.0,0.0,1.0,2936.8798828125,2936.8798828125,0.3388151228427887,0.06118488311767578,0.0,asphalt,True,0.7863188982009888,173.03103637695312,-2.60770320892334e-08,0.0,0.0,1.0,2936.894775390625,2936.894775390625,0.3388148248195648,0.06118518114089966,0.0,asphalt,True,-0.8927889466285706,170.83035278320312,7.450580596923828e-09,0.0,0.0,1.0,2949.10595703125,2949.10595703125,0.3385604918003082,0.06143951416015625,0.0,asphalt,True,0.7872109413146973,170.83102416992188,1.4901161193847656e-08,0.0,0.0,1.0,2949.120361328125,2949.120361328125,0.33856019377708435,0.06143981218338013,0.0,asphalt,756,116.99708615152691,521.1046818980724,116.99697262222095,38.604122161865234,1.0056421160697937e-05,0.00012735085952833897,2.6050122622997663e-07,7.610263722336914,-0.012265242442375621,0.0,0.0,-0.0,2936.881591796875,True,0.0,755,6.0171325944577474e-06,0.00012710211522943486,2.458166926468146e-07,True,756,magic-formula,116.99709320372652,521.1067749122567,116.99697967442056,38.6041259765625,1.0056421160697937e-05,0.00012731231553436443,2.6050120048834175e-07,7.637359655543112,0.004160262686809796,0.0,0.0,-0.0,2936.896484375,True,0.0,755,6.095051204902131e-06,0.0001275540094524846,-8.337871624803328e-08,True,756,magic-formula,117.05037536158301,520.784948247372,117.05026183227704,38.604122161865234,1.2764707207679749e-05,0.0005828835418873416,3.3065658517392204e-07,35.113893733720246,-0.0158108634775603,42.232914429931675,33.2112,33.2112,2949.10400390625,True,0.0,755,0.0008109364723041222,0.0005840306238110663,3.155101772587964e-07,True,756,magic-formula,117.05035159392988,520.7877555814837,117.05023806462391,38.6041259765625,1.2764707207679749e-05,0.0005825814952529766,3.3065655249982986e-07,35.22023505152108,-0.09255119721982004,42.232914429931675,33.2112,33.2112,2949.11865234375,True,0.0,755,0.000818538857340703,0.0005857964918076075,1.8473104957111087e-06,True,756,magic-formula
4.350000000000,522,held_throttle,0.0,0.15,0.0,1,-0.05401674285531044,173.8599853515625,0.4186876714229584,0.023234393447637558,38.57524871826172,0.006634744815528393,1.0582069990050513e-05,asphalt,0.0,0.15,0.0,3642.349456552322,5,-0.5772399306297302,-4.8560992581769824e-05,625.1368016956784,160.00003318255182,-0.0,6018.7764431113,5753.2235568887,1.2305637255849433e-06,1.6630755008634675e-05,False,-0.0,True,0,0,-0.015631701797246933,38.57524490356445,0.08174867182970047,False,True,-0.8944628834724426,174.95968627929688,2.60770320892334e-08,0.0,0.0,1.0,2936.87548828125,2936.87548828125,0.33881518244743347,0.061184823513031006,0.0,asphalt,True,0.7855369448661804,174.96038818359375,-1.1175870895385742e-08,0.0,0.0,1.0,2936.88916015625,2936.88916015625,0.3388148844242096,0.06118512153625488,0.0,asphalt,True,-0.8935707211494446,172.7596893310547,-1.1175870895385742e-08,0.0,0.0,1.0,2949.1103515625,2949.1103515625,0.33856043219566345,0.061439573764801025,0.0,asphalt,True,0.7864291071891785,172.7603759765625,4.0978193283081055e-08,0.0,0.0,1.0,2949.126953125,2949.126953125,0.3385600745677948,0.06143993139266968,0.0,asphalt,762,116.90952116567355,526.9521242132162,116.90940743794495,38.57523727416992,1.0050833225250244e-05,0.00012714660618914892,2.605514297634685e-07,7.598090997403253,-0.01226933627932044,0.0,0.0,-0.0,2936.873046875,True,0.0,761,5.994126537370662e-06,0.00012689918224680915,2.4589945248053447e-07,True,762,magic-formula,116.9095282201452,526.9542181164824,116.9094144924166,38.57524108886719,1.0052695870399475e-05,0.00012710805279048985,2.605996900250211e-07,7.6252048551069045,0.004144072640005959,0.0,0.0,-0.0,2936.88671875,True,0.0,761,6.071933024771683e-06,0.00012735143110548548,-8.305451586793849e-08,True,762,magic-formula,116.96279741833098,526.6350584578151,116.96268369060238,38.57523727416992,1.2753531336784363e-05,0.000582909541670173,3.3061446248896296e-07,35.115603353206886,-0.01580816070514765,42.23745795725235,33.2112,33.2112,2949.113037109375,True,0.0,761,0.0008124176434552431,0.0005840572482069824,3.1545514384370385e-07,True,762,magic-formula,116.96277356121122,526.6378666476866,116.96265983348262,38.57524108886719,1.2753531336784363e-05,0.0005826065035016063,3.3061442979457015e-07,35.22200153914006,-0.09261070220094923,42.23745795725235,33.2112,33.2112,2949.129638671875,True,0.0,761,0.0008200246734609932,0.00058582366854794,1.8484913886222159e-06,True,762,magic-formula
4.400000000000,528,held_throttle,0.0,0.15,0.0,1,-0.05479805916547775,175.78790283203125,0.4186876714229584,0.023237906396389008,38.54640197753906,0.006636267527937889,1.0288782505085692e-05,asphalt,0.0,0.15,0.0,3639.6229217717573,5,-0.5767821669578552,-4.863424692302942e-05,624.2021841339022,160.00002322778627,-0.0,6018.608398092007,5753.391601907993,1.2277060932319728e-06,1.6552113026215476e-05,False,-0.0,True,0,0,-0.01562243141233921,38.5463981628418,0.08174867928028107,False,True,-0.8952442407608032,176.88760375976562,0.0,0.0,0.0,1.0,2936.87353515625,2936.87353515625,0.33881524205207825,0.06118476390838623,0.0,asphalt,True,0.7847556471824646,176.8883056640625,-1.1175870895385742e-08,0.0,0.0,1.0,2936.8896484375,2936.8896484375,0.3388148844242096,0.06118512153625488,0.0,asphalt,True,-0.8943519592285156,174.6876220703125,-2.2351741790771484e-08,0.0,0.0,1.0,2949.113037109375,2949.113037109375,0.3385603725910187,0.0614396333694458,0.0,asphalt,True,0.7856478691101074,174.68829345703125,4.0978193283081055e-08,0.0,0.0,1.0,2949.1259765625,2949.1259765625,0.3385600745677948,0.06143993139266968,0.0,asphalt,768,116.82207491283442,532.7951915076923,116.82196123816938,38.546390533447266,1.0011717677116394e-05,0.0001269687698475841,2.59731651616741e-07,7.587508499020601,-0.012241273658913844,0.0,0.0,-0.0,2936.872314453125,True,0.0,767,5.981070073642469e-06,0.00012672247011772007,2.453370868858593e-07,True,768,magic-formula,116.82208194590181,532.7972862997659,116.82196827123677,38.54639434814453,1.001264899969101e-05,0.00012693000437027279,2.597557869941927e-07,7.614637921764175,0.0041625829040162,0.0,0.0,-0.0,2936.888427734375,True,0.0,767,6.053227240422301e-06,0.00012717487423806627,-8.342544202995066e-08,True,768,magic-formula,116.87533839117742,532.4807930092801,116.87522471651238,38.546390533447266,1.2707896530628204e-05,0.0005829634196691913,3.296779894242216e-07,35.11888151500761,-0.015774412879514362,42.241989804881875,33.2112,33.2112,2949.114013671875,True,0.0,767,0.0008140055683740257,0.0005841115578162972,3.147813296394687e-07,True,768,magic-formula,116.87531457426735,532.4836020562185,116.8752008996023,38.54639434814453,1.270882785320282e-05,0.0005826604989521248,3.297021178795186e-07,35.2253357635471,-0.0926374729384599,42.241989804881875,33.2112,33.2112,2949.126953125,True,0.0,767,0.0008216305913481656,0.000585879637138148,1.849027514091338e-06,True,768,magic-formula
4.450000000000,534,held_throttle,0.0,0.15,0.0,1,-0.05557890981435776,177.71438598632812,0.4186876714229584,0.02324141189455986,38.51759719848633,0.006638945546001196,1.0041958375950344e-05,asphalt,0.0,0.15,0.0,3636.899893880952,5,-0.5758666396141052,-4.8186397179961205e-05,623.2695001400789,159.99998672697927,-0.0,6018.437898082175,5753.562101917825,1.2252040733073954e-06,1.6470613901440703e-05,False,-0.0,True,0,0,-0.015613166615366936,38.51759338378906,0.08174861967563629,False,True,-0.8960250616073608,178.8140869140625,0.0,0.0,0.0,1.0,2936.868896484375,2936.868896484375,0.33881524205207825,0.06118476390838623,0.0,asphalt,True,0.7839747071266174,178.81478881835938,-2.2351741790771484e-08,0.0,0.0,1.0,2936.88037109375,2936.88037109375,0.33881500363349915,0.06118500232696533,0.0,asphalt,True,-0.8951326608657837,176.61410522460938,-2.2351741790771484e-08,0.0,0.0,1.0,2949.116455078125,2949.116455078125,0.3385603725910187,0.0614396333694458,0.0,asphalt,True,0.7848671078681946,176.61477661132812,2.2351741790771484e-08,0.0,0.0,1.0,2949.130615234375,2949.130615234375,0.3385600745677948,0.06143993139266968,0.0,asphalt,774,116.73475035415584,538.633889765041,116.73463728119066,38.51758575439453,9.885057806968689e-06,0.00012674372968289496,2.566375231822693e-07,7.574113465499021,-0.012107854394342053,0.0,0.0,-0.0,2936.868896484375,True,0.0,773,5.954725961810608e-06,0.00012649890012756017,2.426634088178836e-07,True,774,magic-formula,116.73475739069166,538.6359854456153,116.73464431772648,38.5175895690918,9.885057806968689e-06,0.00012670496495361392,2.5663749776545407e-07,7.601259034369228,0.004279265361857018,0.0,0.0,-0.0,2936.882568359375,True,0.0,773,6.030981521578177e-06,0.00012695168112157124,-8.576411988288725e-08,True,774,magic-formula,116.78800093089464,538.3221578819249,116.78788785792946,38.51758575439453,1.2574717402458191e-05,0.0005829688533409929,3.2646691520698633e-07,35.119292025521965,-0.015636405012600156,42.24651200035099,33.2112,33.2112,2949.116943359375,True,0.0,773,0.0008154105006410056,0.0005841177826234415,3.120263757195585e-07,True,774,magic-formula,116.78797711657911,538.3249677894439,116.78786404361394,38.5175895690918,1.2574717402458191e-05,0.0005826657283175757,3.2646688287442187e-07,35.225834742874426,-0.09255727088602773,42.24651200035099,33.2112,33.2112,2949.130615234375,True,0.0,773,0.0008230548457935786,0.000585887185923354,1.847424552961398e-06,True,774,magic-formula
4.500000000000,540,held_throttle,0.0,0.15,0.0,1,-0.05635929852724075,179.63943481445312,0.4186876714229584,0.023244913667440414,38.48883056640625,0.00664158770814538,1.020238869386958e-05,asphalt,0.0,0.15,0.0,3634.1804450892596,5,-0.5749511122703552,-4.7626643208786845e-05,622.338746944461,160.00000663651036,-0.0,6018.266173935823,5753.733826064177,1.223114963977423e-06,1.642804128797025e-05,False,-0.0,True,0,0,-0.015603882260620594,38.488826751708984,0.0817485973238945,False,True,-0.8968055844306946,180.7391357421875,2.9802322387695312e-08,0.0,0.0,1.0,2936.86669921875,2936.86669921875,0.338815301656723,0.061184704303741455,0.0,asphalt,True,0.7831943035125732,180.73983764648438,-2.2351741790771484e-08,0.0,0.0,1.0,2936.88134765625,2936.88134765625,0.33881500363349915,0.06118500232696533,0.0,asphalt,True,-0.8959130644798279,178.5391387939453,3.725290298461914e-09,0.0,0.0,1.0,2949.118896484375,2949.118896484375,0.3385603129863739,0.061439692974090576,0.0,asphalt,True,0.7840867638587952,178.5398406982422,1.1175870895385742e-08,0.0,0.0,1.0,2949.133544921875,2949.133544921875,0.33856001496315,0.06143999099731445,0.0,asphalt,780,116.64754233660629,544.4682248985447,116.64742915562225,38.48881912231445,9.838491678237915e-06,0.00012652632314196147,2.5561947346245527e-07,7.561176824587154,-0.01203645813967983,0.0,0.0,-0.0,2936.8671875,True,0.0,779,5.924068069095937e-06,0.00012628291208718756,2.4123263758377334e-07,True,780,magic-formula,116.64754936274193,544.4703214681936,116.64743618175788,38.48882293701172,9.83942300081253e-06,0.00012648744029098845,2.556436453490633e-07,7.5883405925310425,0.004337077158340192,0.0,0.0,-0.0,2936.882080078125,True,0.0,779,6.001623876550487e-06,0.0001267359455936659,-8.692277818793913e-08,True,780,magic-formula,116.70078002247948,544.1591589876003,116.70066684149543,38.48881912231445,1.2524425983428955e-05,0.000582981905276632,3.2540426723997085e-07,35.120136778759765,-0.015558478584785006,42.25102582803226,33.2112,33.2112,2949.1181640625,True,0.0,779,0.0008168090991877779,0.000584131569294801,3.1047078078784236e-07,True,780,magic-formula,116.70075615178942,544.1619697542234,116.70064297080538,38.48882293701172,1.252535730600357e-05,0.0005826780703450633,3.25428432210081e-07,35.22674385676628,-0.09254016325637161,42.25102582803226,33.2112,33.2112,2949.133056640625,True,0.0,779,0.0008244710845082126,0.0005859017995583428,1.8470816709924946e-06,True,780,magic-formula
4.550000000000,546,held_throttle,0.0,0.15,0.0,1,-0.05713922157883644,181.5630340576172,0.4186876714229584,0.023248404264450073,38.46009826660156,0.006644248962402344,1.052664993039798e-05,asphalt,0.0,0.15,0.0,3631.464626265372,5,-0.5744933485984802,-4.769946099258959e-05,621.4099217809681,160.00002986429664,-0.0,6018.094138158367,5753.905861841633,1.2211459079480846e-06,1.63880033924135e-05,False,-0.0,True,0,0,-0.015594606287777424,38.4600944519043,0.08174867928028107,False,True,-0.8975855708122253,182.66273498535156,2.9802322387695312e-08,0.0,0.0,1.0,2936.869140625,2936.869140625,0.338815301656723,0.061184704303741455,0.0,asphalt,True,0.7824142575263977,182.66342163085938,-3.725290298461914e-09,0.0,0.0,1.0,2936.8818359375,2936.8818359375,0.3388150632381439,0.06118494272232056,0.0,asphalt,True,-0.8966929316520691,180.46273803710938,-1.4901161193847656e-08,0.0,0.0,1.0,2949.11767578125,2949.11767578125,0.3385602533817291,0.06143975257873535,0.0,asphalt,True,0.783306896686554,180.46343994140625,-7.450580596923828e-09,0.0,0.0,1.0,2949.13330078125,2949.13330078125,0.33855995535850525,0.06144005060195923,0.0,asphalt,786,116.56044610793833,550.2982028387274,116.56033217169534,38.460086822509766,9.76119190454483e-06,0.00012637499057963794,2.538005686152437e-07,7.552176632896174,-0.01195050030432749,0.0,0.0,-0.0,2936.869140625,True,0.0,785,5.913932314240607e-06,0.00012613251107942224,2.395097268168949e-07,True,786,magic-formula,116.56045313744228,550.3003002971836,116.56033920119928,38.46009063720703,9.76119190454483e-06,0.00012633610759679292,2.5380054344181537e-07,7.579356997150363,0.004415449018596045,0.0,0.0,-0.0,2936.8818359375,True,0.0,785,5.987300638220636e-06,0.00012658591700099157,-8.849348903342304e-08,True,786,magic-formula,116.61367084882598,549.9918022543502,116.61355691258298,38.460086822509766,1.2442469596862793e-05,0.0005830605039010593,3.235164198740207e-07,35.12487584531902,-0.015470775801979154,42.25553210541005,33.2112,33.2112,2949.117919921875,True,0.0,785,0.0008185080522836731,0.000584210419647641,3.087201927010669e-07,True,786,magic-formula,116.61364694425025,549.9946138803173,116.61353300800725,38.46009063720703,1.2442469596862793e-05,0.0005827561512263254,3.235163877857655e-07,35.231550062468784,-0.09252037455561744,42.25553210541005,33.2112,33.2112,2949.13330078125,True,0.0,785,0.0008262092947972421,0.0005859816688340338,1.8466866910042825e-06,True,786,magic-formula
4.600000000000,552,held_throttle,0.0,0.15,0.0,1,-0.05791868269443512,183.48521423339844,0.4186876714229584,0.02325189672410488,38.4314079284668,0.0066450005397200584,1.0950742762361187e-05,asphalt,0.0,0.15,0.0,3628.752340133936,5,-0.5735778212547302,-4.747469210997224e-05,620.4830218871869,160.00004313731736,-0.0,6017.92077864536,5754.07922135464,1.219474256686226e-06,1.635326227660923e-05,False,-0.0,True,0,0,-0.015585336834192276,38.43140411376953,0.08174876868724823,False,True,-0.8983650803565979,184.5849151611328,2.9802322387695312e-08,0.0,0.0,1.0,2936.87158203125,2936.87158203125,0.338815301656723,0.061184704303741455,0.0,asphalt,True,0.7816347479820251,184.5856170654297,-3.725290298461914e-09,0.0,0.0,1.0,2936.8837890625,2936.8837890625,0.3388150632381439,0.06118494272232056,0.0,asphalt,True,-0.8974723219871521,182.38491821289062,-1.4901161193847656e-08,0.0,0.0,1.0,2949.11474609375,2949.11474609375,0.3385602533817291,0.06143975257873535,0.0,asphalt,True,0.782527506351471,182.3856201171875,1.862645149230957e-08,0.0,0.0,1.0,2949.1328125,2949.1328125,0.3385598957538605,0.061440110206604004,0.0,asphalt,792,116.47346853281485,556.1238290666765,116.47335438419393,38.431396484375,9.76957380771637e-06,0.00012615028069239462,2.542081397351294e-07,7.53881449282087,-0.01195537590635463,0.0,0.0,-0.0,2936.87060546875,True,0.0,791,5.8891925694430464e-06,0.0001259092801818664,2.396073196992265e-07,True,792,magic-formula,116.47347555564951,556.1259274142265,116.47336140702859,38.431400299072266,9.770505130290985e-06,0.0001261113114370695,2.542323478784778e-07,7.5660114401954255,0.004392018652874932,0.0,0.0,-0.0,2936.88330078125,True,0.0,791,5.954037556215984e-06,0.00012636296393798543,-8.80238583977964e-08,True,792,magic-formula,116.52668048034546,555.8200931707134,116.52656633172454,38.431396484375,1.244712620973587e-05,0.0005830668721109722,3.2387910272258897e-07,35.12527823640277,-0.01547397830034052,42.260031396302956,33.2112,33.2112,2949.115478515625,True,0.0,791,0.0008198915459278039,0.0005842175737405056,3.087842526584493e-07,True,792,magic-formula,116.52665648612336,555.8229056538348,116.52654233750243,38.431400299072266,1.2448057532310486e-05,0.0005827615224571344,3.23903303950404e-07,35.232020264889904,-0.09258141785651011,42.260031396302956,33.2112,33.2112,2949.1337890625,True,0.0,791,0.0008276040348564475,0.0005859893699789741,1.8479048500035808e-06,True,792,magic-formula
4.650000000000,558,held_throttle,0.0,0.15,0.0,1,-0.05869767814874649,185.40594482421875,0.4186876714229584,0.023255378007888794,38.40275573730469,0.0066460128873586655,1.1055417417082936e-05,asphalt,0.0,0.15,0.0,3626.043653445528,5,-0.5726622939109802,-4.7473222366534173e-05,619.5580445043711,159.99992036187564,-0.0,6017.747005575449,5754.252994424551,1.2177625876574893e-06,1.6302775553996374e-05,False,-0.0,True,0,0,-0.015576085075736046,38.40275192260742,0.08174867182970047,False,True,-0.8991442322731018,186.50564575195312,3.725290298461914e-09,0.0,0.0,1.0,2936.864013671875,2936.864013671875,0.3388154208660126,0.061184585094451904,0.0,asphalt,True,0.780855655670166,186.50633239746094,7.450580596923828e-09,0.0,0.0,1.0,2936.878173828125,2936.878173828125,0.3388151228427887,0.06118488311767578,0.0,asphalt,True,-0.8982512354850769,184.3056640625,-1.4901161193847656e-08,0.0,0.0,1.0,2949.1181640625,2949.1181640625,0.3385602533817291,0.06143975257873535,0.0,asphalt,True,0.7817485928535461,184.30633544921875,1.862645149230957e-08,0.0,0.0,1.0,2949.135009765625,2949.135009765625,0.3385598957538605,0.061440110206604004,0.0,asphalt,798,116.38660748690037,561.9451095235356,116.38649347606426,38.40274429321289,9.785406291484833e-06,0.00012593312153186934,2.54810078591546e-07,7.5258832845653085,-0.011980784988602378,0.0,0.0,-0.0,2936.864990234375,True,0.0,797,5.85864703400485e-06,0.00012569354984978174,2.401170186298605e-07,True,798,magic-formula,116.38661449804218,561.9472087602594,116.38650048720606,38.402748107910156,9.786337614059448e-06,0.00012589402274489975,2.5483430473673465e-07,7.553097850736694,0.004351715829448757,0.0,0.0,-0.0,2936.879150390625,True,0.0,797,5.940106898519254e-06,0.0001261474664604047,-8.72162427688754e-08,True,798,magic-formula,116.43980645742374,561.6440376738877,116.43969244658763,38.40274429321289,1.2459233403205872e-05,0.0005830791040864394,3.2443601707410836e-07,35.12607091326005,-0.015496946548006194,42.26452406693868,33.2112,33.2112,2949.116455078125,True,0.0,797,0.0008213115371686396,0.0005842305421456245,3.092424601812486e-07,True,798,magic-formula,116.43978245272352,561.6468510125726,116.4396684418874,38.402748107910156,1.2460164725780487e-05,0.0005827734365707536,3.244602363030764e-07,35.2328723029156,-0.09266268046033994,42.26452406693868,33.2112,33.2112,2949.133544921875,True,0.0,797,0.0008290414228938931,0.0005860035674318696,1.8495270294003806e-06,True,798,magic-formula
4.700000000000,564,held_throttle,0.0,0.15,0.0,1,-0.05947621166706085,187.3252410888672,0.4186876714229584,0.023258861154317856,38.374141693115234,0.006647556088864803,1.0925517926807515e-05,asphalt,0.0,0.15,0.0,3623.3386085390657,5,-0.5717467665672302,-4.747165075968951e-05,618.6349868774414,159.999963499193,-0.0,6017.573501680111,5754.426498319889,1.216121859215491e-06,1.6251102901939283e-05,False,-0.0,True,0,0,-0.015566847287118435,38.37413787841797,0.08174857497215271,False,True,-0.899922788143158,188.42494201660156,1.862645149230957e-08,0.0,0.0,1.0,2936.862060546875,2936.862060546875,0.33881548047065735,0.06118452548980713,0.0,asphalt,True,0.7800770401954651,188.42564392089844,7.450580596923828e-09,0.0,0.0,1.0,2936.878662109375,2936.878662109375,0.3388151228427887,0.06118488311767578,0.0,asphalt,True,-0.8990296721458435,186.22496032714844,1.4901161193847656e-08,0.0,0.0,1.0,2949.12158203125,2949.12158203125,0.33856019377708435,0.06143981218338013,0.0,asphalt,True,0.7809701561927795,186.22564697265625,1.862645149230957e-08,0.0,0.0,1.0,2949.135498046875,2949.135498046875,0.3385598957538605,0.061440110206604004,0.0,asphalt,804,116.29986379785137,567.7620501814367,116.29975015209371,38.37413024902344,9.745359420776367e-06,0.00012573064812685536,2.5395648989397387e-07,7.513831107425685,-0.011942894100153228,0.0,0.0,-0.0,2936.86181640625,True,0.0,803,5.836082793977039e-06,0.00012549239547577487,2.393578723167051e-07,True,804,magic-formula,116.29987079354981,567.7641503069159,116.29975714779215,38.3741340637207,9.745359420776367e-06,0.00012569138739992232,2.539564646486582e-07,7.541064804359439,0.004374455602568667,0.0,0.0,-0.0,2936.878662109375,True,0.0,803,5.913272999603036e-06,0.00012594651795376046,-8.767199925619003e-08,True,804,magic-formula,116.35304968612326,567.4636417272757,116.35293604036559,38.37413024902344,1.2415461242198944e-05,0.0005831050046484962,3.2353726746717513e-07,35.12772561690522,-0.015457851124702842,42.26901033057562,33.2112,33.2112,2949.121337890625,True,0.0,803,0.0008228021963954523,0.0005842570744954778,3.0846151367594757e-07,True,804,magic-formula,116.35302573168265,567.4664559242341,116.35291208592498,38.3741340637207,1.2415461242198944e-05,0.0005827995414160044,3.2353723530497106e-07,35.23459710287842,-0.09268435309374923,42.26901033057562,33.2112,33.2112,2949.135498046875,True,0.0,803,0.0008305439063077698,0.0005860318447142401,1.8499584783980814e-06,True,804,magic-formula
4.750000000000,570,held_throttle,0.0,0.15,0.0,1,-0.0602542869746685,189.2431182861328,0.4186876714229584,0.023262333124876022,38.34556579589844,0.006648761685937643,1.0667797141650226e-05,asphalt,0.0,0.15,0.0,3620.637226099032,5,-0.5712890028953552,-4.754397377837449e-05,617.7139691426837,160.00010618416582,-0.0,6017.39479750584,5754.60520249416,1.2146821291025844e-06,1.6190414912908426e-05,False,-0.0,True,0,0,-0.015557622537016869,38.34556198120117,0.0817486122250557,False,True,-0.9007009267807007,190.34283447265625,1.862645149230957e-08,0.0,0.0,1.0,2936.864013671875,2936.864013671875,0.33881548047065735,0.06118452548980713,0.0,asphalt,True,0.7792989015579224,190.343505859375,7.450580596923828e-09,0.0,0.0,1.0,2936.88037109375,2936.88037109375,0.3388151228427887,0.06118488311767578,0.0,asphalt,True,-0.8998076915740967,188.14283752441406,4.0978193283081055e-08,0.0,0.0,1.0,2949.1259765625,2949.1259765625,0.3385600745677948,0.06143993139266968,0.0,asphalt,True,0.7801921367645264,188.14352416992188,7.450580596923828e-09,0.0,0.0,1.0,2949.13671875,2949.13671875,0.3385598361492157,0.06144016981124878,0.0,asphalt,810,116.213239064931,573.5746569823949,116.21312510718028,38.34555435180664,9.690411388874054e-06,0.00012555665713991188,2.5271277342786116e-07,7.503480521248876,-0.01190886211134754,0.0,0.0,-0.0,2936.862060546875,True,0.0,809,5.819563411816852e-06,0.00012531951403388123,2.3867578661055414e-07,True,810,magic-formula,116.21324604832117,573.576757995936,116.21313209057044,38.345558166503906,9.692274034023285e-06,0.00012551726124793478,2.527613235394131e-07,7.530726262755474,0.004398496865609673,0.0,0.0,-0.0,2936.878173828125,True,0.0,809,5.892406318380948e-06,0.00012577387006028245,-8.815384038805245e-08,True,810,magic-formula,116.26641187990587,573.2789112743449,116.26629792215515,38.34555435180664,1.2357719242572784e-05,0.0005831593502898343,3.2227254114505e-07,35.13110663934508,-0.015421102036652116,42.27349031438085,33.2112,33.2112,2949.128662109375,True,0.0,809,0.0008244128131766007,0.0005843118367389553,3.0772713592502366e-07,True,810,magic-formula,116.2663879573549,573.2817263320044,116.26627399960417,38.345558166503906,1.23586505651474e-05,0.0005828539338548906,3.222967967106724e-07,35.238027362321766,-0.09271439417230011,42.27349031438085,33.2112,33.2112,2949.138916015625,True,0.0,809,0.0008321660420767626,0.0005860881975045401,1.8505560507605553e-06,True,810,magic-formula
4.800000000000,576,held_throttle,0.0,0.15,0.0,1,-0.061031900346279144,191.15956115722656,0.4186876714229584,0.02326580509543419,38.3170280456543,0.006649046204984188,1.0609432138153352e-05,asphalt,0.0,0.15,0.0,3617.9394111717224,5,-0.5703734755516052,-4.6983317588455975e-05,616.794742685488,160.00004645557254,-0.0,6017.221487527622,5754.778512472378,1.2134643156969105e-06,1.613782566439494e-05,False,-0.0,True,0,0,-0.015548396855592728,38.31702423095703,0.08174875378608704,False,True,-0.9014785885810852,192.25926208496094,1.862645149230957e-08,0.0,0.0,1.0,2936.86474609375,2936.86474609375,0.33881548047065735,0.06118452548980713,0.0,asphalt,True,0.7785212397575378,192.25994873046875,7.450580596923828e-09,0.0,0.0,1.0,2936.8818359375,2936.8818359375,0.3388151228427887,0.06118488311767578,0.0,asphalt,True,-0.9005852341651917,190.05926513671875,4.0978193283081055e-08,0.0,0.0,1.0,2949.122802734375,2949.122802734375,0.3385600745677948,0.06143993139266968,0.0,asphalt,True,0.7794145941734314,190.05996704101562,7.450580596923828e-09,0.0,0.0,1.0,2949.13427734375,2949.13427734375,0.3385598361492157,0.06144016981124878,0.0,asphalt,816,116.12672505019336,579.3829354005459,116.1266104312327,38.3170166015625,9.626150131225586e-06,0.0001253402646465764,2.5122389436845784e-07,7.490614267086493,-0.011826283323775855,0.0,0.0,-0.0,2936.864013671875,True,0.0,815,5.794841041446209e-06,0.00012510454430058162,2.3702059572941176e-07,True,816,magic-formula,116.12673202280799,579.3850373019885,116.12661740384733,38.317020416259766,9.628012776374817e-06,0.00012530074663192275,2.5127248078738875e-07,7.517876803996566,0.004467594152445866,0.0,0.0,-0.0,2936.880859375,True,0.0,815,5.8675802898827035e-06,0.00012555915039245117,-8.953858472757627e-08,True,816,magic-formula,116.17988489749544,579.0898517874947,116.17977027853479,38.3170166015625,1.2291595339775085e-05,0.000583172088875119,3.2078685737953395e-07,35.131857652677304,-0.015334302946355134,42.27796412213666,33.2112,33.2112,2949.12353515625,True,0.0,815,0.0008258351402897921,0.0005843253214005744,3.0599511684123493e-07,True,816,magic-formula,116.17986096274606,579.0926677085855,116.17974634378541,38.317020416259766,1.2292526662349701e-05,0.0005828663399139877,3.208111311581254e-07,35.238865086987154,-0.0926867834917014,42.27796412213666,33.2112,33.2112,2949.135009765625,True,0.0,815,0.0008336275136088515,0.0005861028843081396,1.8500075188416334e-06,True,816,magic-formula
4.850000000000,582,held_throttle,0.0,0.15,0.0,1,-0.061809051781892776,193.0745849609375,0.4186876714229584,0.023269275203347206,38.28852844238281,0.006649200338870287,1.0654096513462719e-05,asphalt,0.0,0.15,0.0,3615.245203889138,5,-0.5694579482078552,-4.6757792006246746e-05,615.8774277410656,160.00002654604145,-0.0,6017.0483154519825,5754.9516845480175,1.2123674650865723e-06,1.6113562683173282e-05,False,-0.0,True,0,0,-0.015539166517555714,38.28852462768555,0.08174881339073181,False,True,-0.9022557735443115,194.17428588867188,1.862645149230957e-08,0.0,0.0,1.0,2936.860595703125,2936.860595703125,0.33881548047065735,0.06118452548980713,0.0,asphalt,True,0.7777439951896667,194.1749725341797,7.450580596923828e-09,0.0,0.0,1.0,2936.8779296875,2936.8779296875,0.3388151228427887,0.06118488311767578,0.0,asphalt,True,-0.9013622999191284,191.9742889404297,4.0978193283081055e-08,0.0,0.0,1.0,2949.1259765625,2949.1259765625,0.3385600745677948,0.06143993139266968,0.0,asphalt,True,0.7786375284194946,191.9749755859375,7.450580596923828e-09,0.0,0.0,1.0,2949.13720703125,2949.13720703125,0.3385598361492157,0.06144016981124878,0.0,asphalt,822,116.04032830442068,585.1868913553512,116.04021401048433,38.288516998291016,9.610317647457123e-06,0.0001251378361827658,2.5099738513993297e-07,7.478568941223221,-0.011805236696363937,0.0,0.0,-0.0,2936.8623046875,True,0.0,821,5.775096544975599e-06,0.0001249034413145916,2.3659891782012758e-07,True,822,magic-formula,116.04033526802695,585.1889941445037,116.0402209740906,38.28852081298828,9.612180292606354e-06,0.00012509821113245126,2.5104600774615184e-07,7.5058481916303155,0.004473858815430834,0.0,0.0,-0.0,2936.879638671875,True,0.0,821,5.8478607845709565e-06,0.00012535830711431334,-8.966417438096277e-08,True,822,magic-formula,116.09347512977273,584.8964691918137,116.09336083583638,38.288516998291016,1.2272968888282776e-05,0.0005831982088777336,3.205391550900274e-07,35.13347341663972,-0.015314330697654624,42.28243184044808,33.2112,33.2112,2949.1240234375,True,0.0,821,0.0008273154406895512,0.000584352076798847,3.0559631436546354e-07,True,822,magic-formula,116.0934511613437,584.8992859761446,116.09333686740734,38.28852081298828,1.2273900210857391e-05,0.0005828919420561192,3.205634469611948e-07,35.24054834097258,-0.0927251820796869,42.28243184044808,33.2112,33.2112,2949.135986328125,True,0.0,821,0.0008351200280714968,0.0005861306647047777,1.8507734137136087e-06,True,822,magic-formula
4.900000000000,588,held_throttle,0.0,0.15,0.0,1,-0.0625857412815094,194.98817443847656,0.4186876714229584,0.023272737860679626,38.260066986083984,0.006651091389358044,1.0762857527879532e-05,asphalt,0.0,0.15,0.0,3612.5546474370976,5,-0.5690001845359802,-4.671802162192762e-05,614.9621441826748,159.99999004523445,-0.0,6016.869849036914,5755.130150963086,1.2113206366848317e-06,1.6086441896701985e-05,False,-0.0,True,0,0,-0.015529945492744446,38.26006317138672,0.08174879103899002,False,True,-0.9030326008796692,196.087890625,1.862645149230957e-08,0.0,0.0,1.0,2936.857421875,2936.857421875,0.33881548047065735,0.06118452548980713,0.0,asphalt,True,0.7769672274589539,196.0885772705078,2.60770320892334e-08,0.0,0.0,1.0,2936.873046875,2936.873046875,0.33881518244743347,0.061184823513031006,0.0,asphalt,True,-0.9021390080451965,193.88787841796875,4.0978193283081055e-08,0.0,0.0,1.0,2949.12841796875,2949.12841796875,0.3385600745677948,0.06143993139266968,0.0,asphalt,True,0.7778608202934265,193.88856506347656,-1.1175870895385742e-08,0.0,0.0,1.0,2949.1435546875,2949.1435546875,0.3385597765445709,0.061440229415893555,0.0,asphalt,828,115.95405054399242,590.9865308378131,115.9539370566178,38.26005554199219,9.54698771238327e-06,0.00012496420764642548,2.495288513605217e-07,7.468228414133842,-0.011723841319001286,0.0,0.0,-0.0,2936.85791015625,True,0.0,827,5.754470033948924e-06,0.00012473092503977417,2.3496795477010042e-07,True,828,magic-formula,115.95405751424578,590.9886345148971,115.95394402687116,38.26005935668945,9.547919034957886e-06,0.0001249246104690579,2.495531683823254e-07,7.4955246759174035,0.004544742722611875,0.0,0.0,-0.0,2936.87255859375,True,0.0,827,5.82992134472053e-06,0.00012518619107583493,-9.10850269872551e-08,True,828,magic-formula,116.00718420094469,590.6987694705305,116.00707071357007,38.26005554199219,1.2206844985485077e-05,0.0005832517492054455,3.1904932736145885e-07,35.13677181682029,-0.015231309624487308,42.28689349808458,33.2112,33.2112,2949.12841796875,True,0.0,827,0.0008289331746827262,0.0005844060448974146,3.0393870110902183e-07,True,828,magic-formula,116.00716020644091,590.7015871180374,116.0070467190663,38.26005935668945,1.2207776308059692e-05,0.000582945029648793,3.190736374517634e-07,35.24391221700262,-0.09270674179857558,42.28689349808458,33.2112,33.2112,2949.140380859375,True,0.0,827,0.0008367632771710711,0.0005861857186765129,1.8504027296113047e-06,True,828,magic-formula
4.950000000000,594,held_throttle,0.0,0.15,0.0,1,-0.06336197257041931,196.90036010742188,0.4186876714229584,0.023276198655366898,38.23164749145508,0.006654577329754829,1.1060383258154616e-05,asphalt,0.0,0.15,0.0,3609.867752106544,5,-0.5680846571922302,-4.6715751523151994e-05,614.0487664777098,159.99989381583418,-0.0,6016.692171479002,5755.307828520998,1.210502091453236e-06,1.6068754186156038e-05,False,-0.0,True,0,0,-0.015520731918513775,38.23164367675781,0.08174867182970047,False,True,-0.9038088917732239,198.0000762939453,-3.3527612686157227e-08,0.0,0.0,1.0,2936.848388671875,2936.848388671875,0.3388156592845917,0.0611843466758728,0.0,asphalt,True,0.7761909365653992,198.00076293945312,0.0,0.0,0.0,1.0,2936.86865234375,2936.86865234375,0.33881524205207825,0.06118476390838623,0.0,asphalt,True,-0.9029151797294617,195.80006408691406,2.2351741790771484e-08,0.0,0.0,1.0,2949.13037109375,2949.13037109375,0.3385600745677948,0.06143993139266968,0.0,asphalt,True,0.7770846486091614,195.80075073242188,1.4901161193847656e-08,0.0,0.0,1.0,2949.148193359375,2949.148193359375,0.33855971693992615,0.06144028902053833,0.0,asphalt,834,115.86789487138705,596.7818597880141,115.86778153110319,38.23163604736328,9.589828550815582e-06,0.00012474643220975563,2.5083489858856726e-07,7.455250491417737,-0.011742980685155944,0.0,0.0,-0.0,2936.847900390625,True,0.0,833,5.73237137201377e-06,0.00012451459751238513,2.353523422229091e-07,True,834,magic-formula,115.86790182722153,596.7839643537952,115.86778848693767,38.23163986206055,9.590759873390198e-06,0.00012470668116151725,2.508592335561169e-07,7.482574595534212,0.0045090888990295735,0.0,0.0,-0.0,2936.86865234375,True,0.0,833,5.802139253645125e-06,0.0001249700715572431,-9.037057950015356e-08,True,834,magic-formula,115.9210153671499,596.4967585611107,115.92090202686605,38.23163604736328,1.2247823178768158e-05,0.0005832610398509101,3.2035833265399676e-07,35.13739759185262,-0.01525084786629155,42.29134909944175,33.2112,33.2112,2949.130126953125,True,0.0,833,0.0008303458451441801,0.0005844160918970545,3.043283726926947e-07,True,834,magic-formula,115.92099126290542,596.4995770681911,115.92087792262156,38.23163986206055,1.2248754501342773e-05,0.0005829531450561313,3.2038266068459953e-07,35.24460129673644,-0.09278620429769076,42.29134909944175,33.2112,33.2112,2949.1455078125,True,0.0,833,0.0008381872081788187,0.0005861961379954752,1.8519856050905461e-06,True,834,magic-formula
5.000000000000,600,held_throttle,0.0,0.15,0.0,1,-0.06413774192333221,198.8111114501953,0.4186876714229584,0.023279661312699318,38.20326232910156,0.0066574034281075,1.064949083229294e-05,asphalt,0.0,0.15,0.0,3607.184447960503,5,-0.5671691298484802,-4.671336500905454e-05,613.13716946185,159.99997013570336,-0.0,6016.520407837368,5755.479592162632,1.2093588566131075e-06,1.6027947924443608e-05,False,-0.0,True,0,0,-0.015511544421315193,38.2032585144043,0.0817485824227333,False,True,-0.9045847058296204,199.9108123779297,-3.3527612686157227e-08,0.0,0.0,1.0,2936.8515625,2936.8515625,0.3388156592845917,0.0611843466758728,0.0,asphalt,True,0.7754151225090027,199.9114990234375,1.1175870895385742e-08,0.0,0.0,1.0,2936.8671875,2936.8671875,0.338815301656723,0.061184704303741455,0.0,asphalt,True,-0.9036908745765686,197.7108154296875,1.1175870895385742e-08,0.0,0.0,1.0,2949.13330078125,2949.13330078125,0.33856001496315,0.06143999099731445,0.0,asphalt,True,0.7763089537620544,197.7115020751953,-3.725290298461914e-09,0.0,0.0,1.0,2949.14892578125,2949.14892578125,0.33855965733528137,0.061440348625183105,0.0,asphalt,840,115.78184529315693,602.5728837338214,115.78173128133857,38.203250885009766,9.608455002307892e-06,0.00012454599076785355,2.5150883183289163e-07,7.443336877674096,-0.011819718657432978,0.0,0.0,-0.0,2936.851318359375,True,0.0,839,5.707483528838612e-06,0.00012431547596766294,2.368900404775496e-07,True,840,magic-formula,115.78185224399614,602.5749891870486,115.78173823217777,38.20325469970703,9.609386324882507e-06,0.00012450616705530457,2.5153318481411993e-07,7.47066447652667,0.0044177934019750545,0.0,0.0,-0.0,2936.86669921875,True,0.0,839,5.782675155095875e-06,0.00012477123734670124,-8.85409115200525e-08,True,840,magic-formula,115.83495260989949,602.2904419898654,115.83483859808112,38.203250885009766,1.2263655662536621e-05,0.0005832874360388328,3.210107877847701e-07,35.139064246846054,-0.015326380527444469,42.29579866152653,33.2112,33.2112,2949.133544921875,True,0.0,839,0.0008318684050299886,0.0005844431124057131,3.0583545786313576e-07,True,840,magic-formula,115.8349285380258,602.293261356727,115.83481452620744,38.20325469970703,1.2265518307685852e-05,0.0005829795920936222,3.2105951192110054e-07,35.24633237368222,-0.09292501327256318,42.29579866152653,33.2112,33.2112,2949.146240234375,True,0.0,839,0.0008397021678686597,0.0005862247619104832,1.8547557415115635e-06,True,840,magic-formula
5.050000000000,606,held_throttle,0.0,0.15,0.0,1,-0.0649130567908287,200.72044372558594,0.4186876714229584,0.02328311838209629,38.1749153137207,0.006659445818513632,1.003137822408462e-05,asphalt,0.0,0.15,0.0,3604.504738923562,5,-0.5667113661766052,-4.689683555625379e-05,612.2275953601198,160.00004313731736,-0.0,6016.3429506093635,5755.6570493906365,1.2084175295967725e-06,1.5983172158689637e-05,False,-0.0,True,0,0,-0.01550237089395523,38.17491149902344,0.08174863457679749,False,True,-0.9053600430488586,201.8201446533203,-1.862645149230957e-08,0.0,0.0,1.0,2936.851806640625,2936.851806640625,0.3388156592845917,0.0611843466758728,0.0,asphalt,True,0.7746397852897644,201.82083129882812,2.9802322387695312e-08,0.0,0.0,1.0,2936.8671875,2936.8671875,0.338815301656723,0.061184704303741455,0.0,asphalt,True,-0.9044660925865173,199.62014770507812,-7.450580596923828e-09,0.0,0.0,1.0,2949.135986328125,2949.135986328125,0.33855995535850525,0.06144005060195923,0.0,asphalt,True,0.7755337357521057,199.620849609375,-3.725290298461914e-09,0.0,0.0,1.0,2949.1484375,2949.1484375,0.33855965733528137,0.061440348625183105,0.0,asphalt,846,115.69591445015145,608.3596085116267,115.69580055847369,38.174903869628906,9.56561416387558e-06,0.00012437225611069172,2.5057336611882256e-07,7.433005989839264,-0.011798690748644982,0.0,0.0,-0.0,2936.85302734375,True,0.0,845,5.689659038006011e-06,0.0001241428611202703,2.3646846114370684e-07,True,846,magic-formula,115.695921401457,608.3617148530867,115.69580750977924,38.17490768432617,9.566545486450195e-06,0.00012433240687550876,2.505977372769868e-07,7.460353365088642,0.004427762546159139,0.0,0.0,-0.0,2936.8681640625,True,0.0,845,5.764799132691585e-06,0.00012459896378644436,-8.874066512569727e-08,True,846,magic-formula,115.74900863607168,608.0798255976274,115.74889474439392,38.174903869628906,1.2218952178955078e-05,0.0005833408343555551,3.2007813878676937e-07,35.14231640956362,-0.01530620298941454,42.30024222898162,33.2112,33.2112,2949.134765625,True,0.0,845,0.000833462813364774,0.0005844969405499428,3.054324753035135e-07,True,846,magic-formula,115.74898453606264,608.0826458243232,115.74887064438488,38.17490768432617,1.2219883501529694e-05,0.0005830325185996482,3.201025029995425e-07,35.24964624942949,-0.09296779904790994,42.30024222898162,33.2112,33.2112,2949.147216796875,True,0.0,845,0.0008413482014943288,0.0005862796633387132,1.8556092133393044e-06,True,846,magic-formula
5.100000000000,612,held_throttle,0.0,0.15,0.0,1,-0.06568790972232819,202.62835693359375,0.4186876714229584,0.023286569863557816,38.1466064453125,0.006660019513219595,9.603013495507184e-06,asphalt,0.0,0.15,0.0,3601.828555313376,5,-0.5657958388328552,-4.6670640585944057e-05,611.3197966745356,160.00002986429664,-0.0,6016.170534107189,5755.829465892811,1.207558057103597e-06,1.593676522701825e-05,False,-0.0,True,0,0,-0.01549320388585329,38.146602630615234,0.08174868673086166,False,True,-0.9061350226402283,203.7280731201172,-1.862645149230957e-08,0.0,0.0,1.0,2936.85498046875,2936.85498046875,0.3388156592845917,0.0611843466758728,0.0,asphalt,True,0.7738648056983948,203.72874450683594,2.9802322387695312e-08,0.0,0.0,1.0,2936.87060546875,2936.87060546875,0.338815301656723,0.061184704303741455,0.0,asphalt,True,-0.9052407741546631,201.52806091308594,-7.450580596923828e-09,0.0,0.0,1.0,2949.131591796875,2949.131591796875,0.33855995535850525,0.06144005060195923,0.0,asphalt,True,0.7747589945793152,201.52874755859375,-3.725290298461914e-09,0.0,0.0,1.0,2949.144775390625,2949.144775390625,0.33855965733528137,0.061440348625183105,0.0,asphalt,852,115.61009433108919,614.1420395919224,115.60997987505178,38.1465950012207,9.509734809398651e-06,0.00012415598400270563,2.4929446020265084e-07,7.420148936117872,-0.011726252678765998,0.0,0.0,-0.0,2936.85546875,True,0.0,851,5.665118933478131e-06,0.00012392802458592903,2.3501646668547535e-07,True,852,magic-formula,115.6101012716,614.1441468215836,115.60998681556259,38.14659881591797,9.509734809398651e-06,0.00012411601183323073,2.492944352729605e-07,7.44751300890655,0.004483683646688818,0.0,0.0,-0.0,2936.871337890625,True,0.0,851,5.740147180960196e-06,0.00012438437582787772,-8.986132457606557e-08,True,852,magic-formula,115.66317549064678,613.8649148542781,115.66306103460937,38.1465950012207,1.2161210179328918e-05,0.0005833524772531672,3.1880198426463344e-07,35.1430192803076,-0.015233505034375618,42.30467983649002,33.2112,33.2112,2949.131103515625,True,0.0,851,0.0008348861595701634,0.0005845093343307957,3.0398175022848623e-07,True,852,magic-formula,115.66315136490462,613.8677359425888,115.66303690886721,38.14659881591797,1.2161210179328918e-05,0.0005830437100798674,3.1880195238412257e-07,35.25042313250995,-0.09295534271305833,42.30467983649002,33.2112,33.2112,2949.144287109375,True,0.0,851,0.0008427835226013799,0.000586293144593986,1.8553625413345363e-06,True,852,magic-formula
5.150000000000,618,held_throttle,0.0,0.15,0.0,1,-0.06646230071783066,204.5348663330078,0.4186876714229584,0.02329002134501934,38.11833572387695,0.006660616956651211,9.343226338387467e-06,asphalt,0.0,0.15,0.0,3599.155955404304,5,-0.5648803114891052,-4.6444343752227724e-05,610.4138931146325,160.000036500807,-0.0,6015.998002235109,5756.001997764891,1.20671313652565e-06,1.5895013847963174e-05,False,-0.0,True,0,0,-0.015484044328331947,38.11833190917969,0.08174878358840942,False,True,-0.9069094657897949,205.6345672607422,-1.862645149230957e-08,0.0,0.0,1.0,2936.85546875,2936.85546875,0.3388156592845917,0.0611843466758728,0.0,asphalt,True,0.7730903625488281,205.63525390625,2.9802322387695312e-08,0.0,0.0,1.0,2936.872314453125,2936.872314453125,0.338815301656723,0.061184704303741455,0.0,asphalt,True,-0.906015157699585,203.43458557128906,1.862645149230957e-08,0.0,0.0,1.0,2949.1318359375,2949.1318359375,0.3385598957538605,0.061440110206604004,0.0,asphalt,True,0.7739846706390381,203.43527221679688,-3.725290298461914e-09,0.0,0.0,1.0,2949.14306640625,2949.14306640625,0.33855965733528137,0.061440348625183105,0.0,asphalt,858,115.52439148879857,619.9201829071546,115.524276964811,38.118324279785156,9.432435035705566e-06,0.00012395380981841542,2.474514610472414e-07,7.408123078288738,-0.011643196111397315,0.0,0.0,-0.0,2936.855224609375,True,0.0,857,5.645534338624883e-06,0.00012372718378386773,2.333518738617972e-07,True,858,magic-formula,115.52439841866762,619.9222910248436,115.52428389468004,38.11832809448242,9.433366358280182e-06,0.00012391371589498423,2.47475868692296e-07,7.435503957481095,0.004553790168973862,0.0,0.0,-0.0,2936.871826171875,True,0.0,857,5.714914684205869e-06,0.00012418378595785927,-9.126636585665273e-08,True,858,magic-formula,115.57745942758672,619.6457156916664,115.57734490359914,38.118324279785156,1.2082047760486603e-05,0.0005833764138015266,3.16961671027431e-07,35.14451354985322,-0.015149281133983433,42.30911151318065,33.2112,33.2112,2949.13232421875,True,0.0,857,0.0008363755334948155,0.0005845339233541848,3.0230046901479984e-07,True,858,magic-formula,115.5774353284255,619.6485376427403,115.57732080443792,38.11832809448242,1.2082979083061218e-05,0.0005830676477441665,3.1698607171624113e-07,35.25198377029125,-0.0929312223427359,42.30911151318065,33.2112,33.2112,2949.143310546875,True,0.0,857,0.0008443053705397229,0.0005863192730899795,1.8548818449774549e-06,True,858,magic-formula
5.200000000000,624,held_throttle,0.0,0.15,0.0,1,-0.06723622977733612,206.43995666503906,0.4186876714229584,0.023293472826480865,38.09010314941406,0.006661583669483662,9.303424121753778e-06,asphalt,0.0,0.15,0.0,3596.4869871951532,5,-0.5644225478172302,-4.606874426826835e-05,609.5100040309262,159.99993031664118,-0.0,6015.819994545937,5756.180005454063,1.2059191476510023e-06,1.586976617189951e-05,False,-0.0,True,0,0,-0.015474884770810604,38.0900993347168,0.08174864202737808,False,True,-0.9076834321022034,207.5396728515625,-3.725290298461914e-09,0.0,0.0,1.0,2936.849609375,2936.849609375,0.33881571888923645,0.06118428707122803,0.0,asphalt,True,0.7723163366317749,207.54034423828125,3.725290298461914e-09,0.0,0.0,1.0,2936.8642578125,2936.8642578125,0.3388154208660126,0.061184585094451904,0.0,asphalt,True,-0.9067890644073486,205.3396759033203,1.862645149230957e-08,0.0,0.0,1.0,2949.135009765625,2949.135009765625,0.3385598957538605,0.061440110206604004,0.0,asphalt,True,0.7732107639312744,205.34036254882812,-3.725290298461914e-09,0.0,0.0,1.0,2949.14697265625,2949.14697265625,0.33855965733528137,0.061440348625183105,0.0,asphalt,864,115.43880762312442,625.6940444211618,115.43869375390027,38.090091705322266,9.366311132907867e-06,0.0001237804924512411,2.458988863919942e-07,7.397799472774629,-0.011569969006519132,0.0,0.0,-0.0,2936.849853515625,True,0.0,863,5.6250172966096964e-06,0.00012355498905235483,2.3188468697637653e-07,True,864,magic-formula,115.43881455382976,625.6961534266477,115.4387006846056,38.09009552001953,9.366311132907867e-06,0.00012374037607266203,2.458988617653872e-07,7.425195023202841,0.004618251493346668,0.0,0.0,-0.0,2936.864013671875,True,0.0,863,5.697092726344517e-06,0.00012401194110646082,-9.25585289649788e-08,True,864,magic-formula,115.4918623428289,625.4222340711086,115.49174847360474,38.090091705322266,1.2014061212539673e-05,0.0005834290970784836,3.1541171666070234e-07,35.14773759032449,-0.015074610398395104,42.313537247096384,33.2112,33.2112,2949.134765625,True,0.0,863,0.0008380142794562137,0.0005845870409692368,3.008097269691733e-07,True,864,magic-formula,115.4918382142566,625.4250568860122,115.49172434503245,38.09009552001953,1.2014992535114288e-05,0.0005831198473491132,3.154361355906552e-07,35.255277252838155,-0.09291953874244067,42.313537247096384,33.2112,33.2112,2949.146240234375,True,0.0,863,0.0008459435568061026,0.0005863734470849837,1.8546469328804768e-06,True,864,magic-formula
5.250000000000,630,held_throttle,0.0,0.15,0.0,1,-0.06800971180200577,208.34364318847656,0.4186876714229584,0.023296961560845375,38.06190872192383,0.006663178559392691,9.501876775175333e-06,asphalt,0.0,0.15,0.0,3593.8215701705494,5,-0.5635069608688354,-4.606611037161201e-05,608.6078824804583,159.99997013570336,-0.0,6015.6471836211,5756.3528163789,1.205267039949831e-06,1.590095848700676e-05,False,-0.0,True,0,0,-0.015465723350644112,38.06190490722656,0.08174856007099152,False,True,-0.9084570407867432,209.44334411621094,-3.725290298461914e-09,0.0,0.0,1.0,2936.84912109375,2936.84912109375,0.33881571888923645,0.06118428707122803,0.0,asphalt,True,0.7715427875518799,209.44403076171875,1.862645149230957e-08,0.0,0.0,1.0,2936.861328125,2936.861328125,0.33881548047065735,0.06118452548980713,0.0,asphalt,True,-0.9075624942779541,207.24334716796875,1.862645149230957e-08,0.0,0.0,1.0,2949.136474609375,2949.136474609375,0.3385598957538605,0.061440110206604004,0.0,asphalt,True,0.7724373936653137,207.24404907226562,-1.4901161193847656e-08,0.0,0.0,1.0,2949.1513671875,2949.1513671875,0.3385595977306366,0.06144040822982788,0.0,asphalt,870,115.35333447792117,631.4636296231573,115.35322030975702,38.06189727783203,9.373761713504791e-06,0.00012356451512723497,2.462767855496278e-07,7.3849538392859175,-0.011580648430021979,0.0,0.0,-0.0,2936.849609375,True,0.0,869,5.600589696728975e-06,0.00012334045630724906,2.320987392473723e-07,True,870,magic-formula,115.35334141261573,631.4657395169867,115.35322724445159,38.0619010925293,9.374693036079407e-06,0.00012352440364093398,2.4630122949689604e-07,7.412365277513433,0.004591195607001462,0.0,0.0,-0.0,2936.861328125,True,0.0,869,5.672532619143327e-06,0.00012379777769170287,-9.201636168235404e-08,True,870,magic-formula,115.40637597040636,631.1944754779425,115.40626180224221,38.06189727783203,1.2020580470561981e-05,0.000583438924233554,3.158166389556885e-07,35.148392497135426,-0.015086537401893845,42.317957038388386,33.2112,33.2112,2949.13623046875,True,0.0,869,0.0008394334954669503,0.0005845976207122473,3.0104751109224055e-07,True,870,magic-formula,115.40635173940555,631.1972991541902,115.4062375712414,38.0619010925293,1.2021511793136597e-05,0.000583128557361806,3.1584107593342865e-07,35.25599320597194,-0.09299171371499972,42.317957038388386,33.2112,33.2112,2949.150634765625,True,0.0,869,0.0008473937938205649,0.0005863844582717073,1.856084808365709e-06,True,870,magic-formula
5.300000000000,636,held_throttle,0.0,0.15,0.0,1,-0.0687827318906784,210.24591064453125,0.4186876714229584,0.023300442844629288,38.033748626708984,0.006664418615400791,9.821429557632655e-06,asphalt,0.0,0.15,0.0,3591.159742227272,5,-0.5630491971969604,-4.6249464503489435e-05,607.7076479115701,160.00003318255182,-0.0,6015.474369132834,5756.525630867166,1.2046594974890468e-06,1.5922225313094257e-05,False,-0.0,True,0,0,-0.015456578694283962,38.03374481201172,0.08174854516983032,False,True,-0.90923011302948,211.34561157226562,-3.725290298461914e-09,0.0,0.0,1.0,2936.848876953125,2936.848876953125,0.33881571888923645,0.06118428707122803,0.0,asphalt,True,0.7707697153091431,211.3463134765625,1.862645149230957e-08,0.0,0.0,1.0,2936.861328125,2936.861328125,0.33881548047065735,0.06118452548980713,0.0,asphalt,True,-0.9083354473114014,209.1456298828125,7.450580596923828e-09,0.0,0.0,1.0,2949.139892578125,2949.139892578125,0.3385598361492157,0.06144016981124878,0.0,asphalt,True,0.7716643810272217,209.14630126953125,1.1175870895385742e-08,0.0,0.0,1.0,2949.155029296875,2949.155029296875,0.3385595381259918,0.061440467834472656,0.0,asphalt,876,115.2679729620047,637.2289443641439,115.26785903319774,38.03373718261719,9.37189906835556e-06,0.0001234139790635829,2.4641015484112545e-07,7.375999803434706,-0.011587735138068978,0.0,0.0,-0.0,2936.850341796875,True,0.0,875,5.586485166303589e-06,0.00012319087854527843,2.3224071054477258e-07,True,876,magic-formula,115.26797989505847,637.2310551469996,115.2678659662515,38.03374099731445,9.372830390930176e-06,0.00012337382365775517,2.464346168732599e-07,7.403432871567782,0.004576253594827127,0.0,0.0,-0.0,2936.863037109375,True,0.0,875,5.661213551282232e-06,0.00012364852049814282,-9.171684156497879e-08,True,876,magic-formula,115.32100124042998,636.9624457661415,115.32088731162301,38.03373718261719,1.2017786502838135e-05,0.0005835142262815268,3.159770086524735e-07,35.15292844572977,-0.01509494696428224,42.322370903637776,33.2112,33.2112,2949.135498046875,True,0.0,875,0.0008411529459225089,0.0005846731884352617,3.0121529328306027e-07,True,876,magic-formula,115.32097693201648,636.9652703012727,115.32086300320951,38.03374099731445,1.201871782541275e-05,0.0005832029579354634,3.160014637072116e-07,35.26061167224788,-0.09306665631754549,42.322370903637776,33.2112,33.2112,2949.153564453125,True,0.0,875,0.0008491018178242502,0.000586460670614752,1.857578876308203e-06,True,876,magic-formula
5.350000000000,642,held_throttle,0.0,0.15,0.0,1,-0.06955529004335403,212.1467742919922,0.4186876714229584,0.02330392599105835,38.00563049316406,0.006666967179626226,9.940433301380835e-06,asphalt,0.0,0.15,0.0,3588.5014333937606,5,-0.5621336698532104,-4.647011519409716e-05,606.8092976168543,160.00002986429664,-0.0,6015.300451649148,5756.699548350852,1.2037581882395898e-06,1.592961445546107e-05,False,-0.0,True,0,0,-0.015447458252310753,38.0056266784668,0.08174854516983032,False,True,-0.9100027084350586,213.24649047851562,-1.4901161193847656e-08,0.0,0.0,1.0,2936.8447265625,2936.8447265625,0.338815838098526,0.06118416786193848,0.0,asphalt,True,0.7699971199035645,213.24716186523438,1.862645149230957e-08,0.0,0.0,1.0,2936.861572265625,2936.861572265625,0.33881548047065735,0.06118452548980713,0.0,asphalt,True,-0.9091079235076904,211.04647827148438,-1.1175870895385742e-08,0.0,0.0,1.0,2949.14208984375,2949.14208984375,0.3385597765445709,0.061440229415893555,0.0,asphalt,True,0.7708919048309326,211.04718017578125,1.1175870895385742e-08,0.0,0.0,1.0,2949.153564453125,2949.153564453125,0.3385595381259918,0.061440467834472656,0.0,asphalt,882,115.18273022867196,642.9899941896671,115.18261611261822,38.005619049072266,9.418465197086334e-06,0.00012319037307181247,2.4781770255932855e-07,7.362681783217158,-0.01165428676571061,0.0,0.0,-0.0,2936.84228515625,True,0.0,881,5.56085137564603e-06,0.00012296878330916186,2.3357516977663207e-07,True,882,magic-formula,115.18273713135606,642.9921058608375,115.18262301530233,38.00562286376953,9.41939651966095e-06,0.000123149924282181,2.478421825482091e-07,7.390129134519032,0.004492134458967672,0.0,0.0,-0.0,2936.859130859375,True,0.0,881,5.635421333462995e-06,0.00012342649159528926,-9.003105806182703e-08,True,882,magic-formula,115.23574504844369,642.7261504727634,115.23563093238995,38.005619049072266,1.2061558663845062e-05,0.0005835141610381273,3.173625102191063e-07,35.15308534406453,-0.01516182232402376,42.326778864106906,33.2112,33.2112,2949.144775390625,True,0.0,881,0.000842552613572038,0.0005846739355972412,3.0254899330082864e-07,True,882,magic-formula,115.23572079942647,642.7289758668722,115.23560668337274,38.00562286376953,1.2062489986419678e-05,0.0005832031781364436,3.173869832276411e-07,35.26079802401607,-0.09319479568014269,42.326778864106906,33.2112,33.2112,2949.156005859375,True,0.0,881,0.0008505296575747625,0.0005864632610963271,1.8601349597413517e-06,True,882,magic-formula
5.400000000000,648,held_throttle,0.0,0.15,0.0,1,-0.07032740116119385,214.04623413085938,0.4186876714229584,0.023307407274842262,37.97754669189453,0.006669376045465469,9.84403413895052e-06,asphalt,0.0,0.15,0.0,3585.8466877362325,5,-0.5612181425094604,-4.646711749956012e-05,605.9127071843901,160.00004977382773,-0.0,6015.131945979021,5756.868054020979,1.2030496918669087e-06,1.591687618131841e-05,False,-0.0,True,0,0,-0.015438360162079334,37.977542877197266,0.08174856007099152,False,True,-0.9107748866081238,215.14593505859375,-1.4901161193847656e-08,0.0,0.0,1.0,2936.842529296875,2936.842529296875,0.338815838098526,0.06118416786193848,0.0,asphalt,True,0.769225001335144,215.14662170410156,-3.3527612686157227e-08,0.0,0.0,1.0,2936.850341796875,2936.850341796875,0.3388156592845917,0.0611843466758728,0.0,asphalt,True,-0.9098799824714661,212.94593811035156,-1.1175870895385742e-08,0.0,0.0,1.0,2949.144287109375,2949.144287109375,0.3385597765445709,0.061440229415893555,0.0,asphalt,True,0.7701199054718018,212.94664001464844,-7.450580596923828e-09,0.0,0.0,1.0,2949.15771484375,2949.15771484375,0.33855947852134705,0.06144052743911743,0.0,asphalt,888,115.097595417749,648.7467848736628,115.09748133802412,37.977535247802734,9.394250810146332e-06,0.00012300008475964636,2.473633622837507e-07,7.351364459720939,-0.01167949857267358,0.0,0.0,-0.0,2936.842529296875,True,0.0,887,5.543317436962171e-06,0.00012277975482558309,2.3408044179896444e-07,True,888,magic-formula,115.09760231394534,648.7488974325205,115.09748823422046,37.9775390625,9.394250810146332e-06,0.00012295954970337685,2.473633374370554e-07,7.378827720717504,0.004452504707799994,0.0,0.0,-0.0,2936.859130859375,True,0.0,887,5.608125182339271e-06,0.0001232377402755311,-8.923680261006615e-08,True,888,magic-formula,115.15059694699677,648.4855953730246,115.15048286727189,37.977535247802734,1.2035481631755829e-05,0.0005835487890827574,3.169105512831237e-07,35.155197017287065,-0.01518884516267685,42.33118093081789,33.2112,33.2112,2949.144287109375,True,0.0,887,0.0008441113655856111,0.000584709132021879,3.030882660169016e-07,True,888,magic-formula,115.15057266261638,648.4884216291413,115.1504585828915,37.9775390625,1.2035481631755829e-05,0.0005832372689276886,3.169105194506816e-07,35.26299674327843,-0.09328256047515286,42.33118093081789,33.2112,33.2112,2949.15771484375,True,0.0,887,0.0008521217150921733,0.0005864994680671431,1.8618856870401015e-06,True,888,magic-formula
5.450000000000,654,held_throttle,0.0,0.15,0.0,1,-0.07109905034303665,215.9442901611328,0.4186876714229584,0.023310888558626175,37.949501037597656,0.006670736707746983,1.016599708236754e-05,asphalt,0.0,0.15,0.0,3583.1954560848735,5,-0.5607603788375854,-4.6203218516893685e-05,605.0181174203465,160.00000995476555,-0.0,6014.956549137309,5757.043450862691,1.2024466968796332e-06,1.5926306624497436e-05,False,-0.0,True,0,0,-0.015429257415235043,37.94949722290039,0.08174849301576614,False,True,-0.9115465879440308,217.04400634765625,-1.4901161193847656e-08,0.0,0.0,1.0,2936.843505859375,2936.843505859375,0.338815838098526,0.06118416786193848,0.0,asphalt,True,0.7684532403945923,217.04469299316406,-3.3527612686157227e-08,0.0,0.0,1.0,2936.853515625,2936.853515625,0.3388156592845917,0.0611843466758728,0.0,asphalt,True,-0.9106515645980835,214.843994140625,1.4901161193847656e-08,0.0,0.0,1.0,2949.145263671875,2949.145263671875,0.33855971693992615,0.06144028902053833,0.0,asphalt,True,0.7693482637405396,214.8446807861328,-2.2351741790771484e-08,0.0,0.0,1.0,2949.16064453125,2949.16064453125,0.33855941891670227,0.06144058704376221,0.0,asphalt,894,115.01257782916926,654.4993219874316,115.01246371692085,37.94948959350586,9.319745004177094e-06,0.00012282352595311652,2.4558288145650727e-07,7.340868235376397,-0.011563163240092452,0.0,0.0,-0.0,2936.844970703125,True,0.0,893,5.522338751808021e-06,0.00012260434845565415,2.3174865834378603e-07,True,894,magic-formula,115.01258475869662,654.501435435898,115.01247064644821,37.949493408203125,9.319745004177094e-06,0.00012278325079698095,2.455828567704242e-07,7.3683529795691,0.0045592076813991455,0.0,0.0,-0.0,2936.85498046875,True,0.0,893,5.600902643603627e-06,0.00012306296929948866,-9.137545493799613e-08,True,894,magic-formula,115.06556617027971,654.2407860434242,115.0654520580313,37.94948959350586,1.1960044503211975e-05,0.0005835979066826162,3.1515692651788e-07,35.15814188158652,-0.015071815604302591,42.33557712909433,33.2112,33.2112,2949.14111328125,True,0.0,893,0.0008457067016720566,0.0005847587196771323,3.007526633366318e-07,True,894,magic-formula,115.06554175684815,654.2436131581908,115.06542764459974,37.949493408203125,1.1960044503211975e-05,0.000583285034102187,3.1515689483818794e-07,35.2660138680865,-0.09322857572621,42.33557712909433,33.2112,33.2112,2949.15966796875,True,0.0,893,0.0008537244527531612,0.0005865492395448541,1.8608070991906583e-06,True,894,magic-formula
5.500000000000,660,held_throttle,0.0,0.15,0.0,1,-0.07187025249004364,217.8409423828125,0.4186876714229584,0.02331436797976494,37.92149353027344,0.006672365125268698,1.0702363397285808e-05,asphalt,0.0,0.15,0.0,3580.547769438253,5,-0.5598448514938354,-4.608824383467436e-05,604.1252823016039,160.0,-0.0,6014.786142261097,5757.213857738903,1.2016790833513369e-06,1.5940338087632932e-05,False,-0.0,True,0,0,-0.015420163050293922,37.92148971557617,0.08174846321344376,False,True,-0.9123178720474243,218.94064331054688,1.862645149230957e-08,0.0,0.0,1.0,2936.839599609375,2936.839599609375,0.33881595730781555,0.061184048652648926,0.0,asphalt,True,0.7676819562911987,218.94134521484375,-3.3527612686157227e-08,0.0,0.0,1.0,2936.85546875,2936.85546875,0.3388156592845917,0.0611843466758728,0.0,asphalt,True,-0.9114226698875427,216.74066162109375,1.4901161193847656e-08,0.0,0.0,1.0,2949.143310546875,2949.143310546875,0.33855971693992615,0.06144028902053833,0.0,asphalt,True,0.7685771584510803,216.74134826660156,-2.2351741790771484e-08,0.0,0.0,1.0,2949.158935546875,2949.158935546875,0.33855941891670227,0.06144058704376221,0.0,asphalt,900,114.92767197549021,660.2476112995412,114.92755775518656,37.92148208618164,9.348616003990173e-06,0.00012261297487180782,2.4652559683041933e-07,7.328340267654737,-0.011558501280295402,0.0,0.0,-0.0,2936.842529296875,True,0.0,899,5.498838282840073e-06,0.0001223952124048827,2.3165541318285917e-07,True,900,magic-formula,114.9276788806894,660.2497256371862,114.92756466038574,37.921485900878906,9.348616003990173e-06,0.00012257245828248725,2.465255720312719e-07,7.35584035649115,0.004547030708370395,0.0,0.0,-0.0,2936.855712890625,True,0.0,899,5.573166266025129e-06,0.0001228539579182792,-9.113138058047661e-08,True,900,magic-formula,114.98064692261497,659.9917282471756,114.98053270231131,37.92148208618164,1.198798418045044e-05,0.0005836111107420957,3.1612646766299223e-07,35.15900410858216,-0.015067420904244915,42.339967459285475,33.2112,33.2112,2949.14306640625,True,0.0,899,0.0008471636978200352,0.0005847726504203961,3.006646301204738e-07,True,900,magic-formula,114.98062253228194,659.9945562195442,114.98050831197828,37.921485900878906,1.198798418045044e-05,0.0005832982080910929,3.16126435862372e-07,35.26693246781417,-0.09328293694521786,42.339967459285475,33.2112,33.2112,2949.15869140625,True,0.0,899,0.0008552054872145109,0.0005865646890633244,1.86189280926103e-06,True,900,magic-formula
5.550000000000,666,held_throttle,0.0,0.15,0.0,1,-0.07264099270105362,219.7362060546875,0.4186876714229584,0.023317839950323105,37.89352035522461,0.006674799136817455,1.098489337891806e-05,asphalt,0.0,0.15,0.0,3577.903534356072,5,-0.5589293241500854,-4.6196611947380006e-05,603.2341994043672,160.0000199095311,-0.0,6014.6195882905495,5757.3804117094505,1.2008659950879519e-06,1.5932069126098162e-05,False,-0.0,True,0,0,-0.015411091037094593,37.893516540527344,0.08174842596054077,False,True,-0.9130886793136597,220.83590698242188,1.862645149230957e-08,0.0,0.0,1.0,2936.83642578125,2936.83642578125,0.33881595730781555,0.061184048652648926,0.0,asphalt,True,0.7669110894203186,220.8365936279297,-3.3527612686157227e-08,0.0,0.0,1.0,2936.851806640625,2936.851806640625,0.3388156592845917,0.0611843466758728,0.0,asphalt,True,-0.9121933579444885,218.63592529296875,-3.725290298461914e-09,0.0,0.0,1.0,2949.150390625,2949.150390625,0.33855965733528137,0.061440348625183105,0.0,asphalt,True,0.7678065299987793,218.63661193847656,-3.725290298461914e-08,0.0,0.0,1.0,2949.1630859375,2949.1630859375,0.33855941891670227,0.06144058704376221,0.0,asphalt,906,114.84287144253169,665.9916580913576,114.84275759009317,37.89350891113281,9.339302778244019e-06,0.00012241317935273824,2.464618095976859e-07,7.316445051148423,-0.011582150197982217,0.0,0.0,-0.0,2936.83740234375,True,0.0,905,5.477060705540508e-06,0.00012219675575256018,2.3212978633721183e-07,True,906,magic-formula,114.84287833079966,665.9937733173662,114.84276447836115,37.89351272583008,9.340234100818634e-06,0.0001223724854268802,2.4648636214851846e-07,7.343961079899264,0.004511154599432239,0.0,0.0,-0.0,2936.8525390625,True,0.0,905,5.544408556715785e-06,0.0001226556877178835,-9.041245181837074e-08,True,906,magic-formula,114.8958329312327,665.738427263836,114.89571907879419,37.89350891113281,1.1976808309555054e-05,0.0005836344220813603,3.16064905407479e-07,35.160524259456025,-0.015090989636332671,42.34435195771973,33.2112,33.2112,2949.149658203125,True,0.0,905,0.0008486716707347306,0.0005847966042971285,3.011342408883389e-07,True,906,magic-formula,114.89580858545973,665.7412560955562,114.89569473302122,37.89351272583008,1.197773963212967e-05,0.00058332167649807,3.1608945095144626e-07,35.26851471690327,-0.09336937271233982,42.34435195771973,33.2112,33.2112,2949.161865234375,True,0.0,905,0.0008567517509753531,0.0005865903510148952,1.863616076864502e-06,True,906,magic-formula
5.600000000000,672,held_throttle,0.0,0.15,0.0,1,-0.07341128587722778,221.63006591796875,0.4186876714229584,0.02332131192088127,37.86558532714844,0.006678103003650904,1.0961869520542677e-05,asphalt,0.0,0.15,0.0,3575.2628053824146,5,-0.5584715604782104,-4.6602945076301694e-05,602.3451090064644,160.00006636510363,-0.0,6014.445863954997,5757.554136045003,1.2003348501821165e-06,1.5911315943850344e-05,False,-0.0,True,0,0,-0.015402041375637054,37.86558151245117,0.0817485973238945,False,True,-0.9138590693473816,222.72976684570312,-7.450580596923828e-09,0.0,0.0,1.0,2936.833251953125,2936.833251953125,0.3388160169124603,0.06118398904800415,0.0,asphalt,True,0.7661407589912415,222.73045349121094,-3.725290298461914e-09,0.0,0.0,1.0,2936.8466796875,2936.8466796875,0.33881571888923645,0.06118428707122803,0.0,asphalt,True,-0.9129635691642761,220.52978515625,-1.4901161193847656e-08,0.0,0.0,1.0,2949.15380859375,2949.15380859375,0.3385595977306366,0.06144040822982788,0.0,asphalt,True,0.7670362591743469,220.53045654296875,3.3527612686157227e-08,0.0,0.0,1.0,2949.170166015625,2949.170166015625,0.33855924010276794,0.06144076585769653,0.0,asphalt,912,114.75818965132004,671.7314681976409,114.75807558550679,37.86557388305664,9.423121809959412e-06,0.00012224037309632336,2.488572294998464e-07,7.306152885201864,-0.01169444634533609,0.0,0.0,-0.0,2936.831787109375,True,0.0,911,5.458073910398914e-06,0.00012202509241499257,2.343808712019769e-07,True,912,magic-formula,114.75819654048821,671.7335843120085,114.75808247467496,37.865577697753906,9.424053132534027e-06,0.00012219965701147287,2.4888179992280545e-07,7.333684537081597,0.004385878466119081,0.0,0.0,-0.0,2936.84521484375,True,0.0,911,5.5307747048272625e-06,0.0001224843582539331,-8.79018983301948e-08,True,912,magic-formula,114.81113765859614,671.4808889245315,114.81102359278289,37.86557388305664,1.2058764696121216e-05,0.0005836843869933514,3.184624834516672e-07,35.163631700422194,-0.01520524725783297,42.34873065779012,33.2112,33.2112,2949.156005859375,True,0.0,911,0.0008502994774658868,0.0005848470073483131,3.034139178826366e-07,True,912,magic-formula,114.81111317933927,671.4837186141433,114.81099911352602,37.865577697753906,1.2059696018695831e-05,0.0005833702473622705,3.184870468623743e-07,35.271676176368594,-0.09354745290673437,42.34873065779012,33.2112,33.2112,2949.171875,True,0.0,911,0.0008583723039726251,0.0005866409201747767,1.8671641467335528e-06,True,912,magic-formula
5.650000000000,678,held_throttle,0.0,0.15,0.0,1,-0.07418112456798553,223.52252197265625,0.4186876714229584,0.02332478202879429,37.83768844604492,0.006679927464574575,1.0384349479863886e-05,asphalt,0.0,0.15,0.0,3572.6255410492167,5,-0.5575560331344604,-4.659935075324029e-05,601.4577656336771,160.00004313731736,-0.0,6014.276122187143,5757.723877812857,1.1994944770776783e-06,1.5868607701946966e-05,False,-0.0,True,0,0,-0.015393015928566456,37.837684631347656,0.08174861967563629,False,True,-0.9146289825439453,224.62222290039062,3.725290298461914e-09,0.0,0.0,1.0,2936.834228515625,2936.834228515625,0.3388160765171051,0.061183929443359375,0.0,asphalt,True,0.7653708457946777,224.62290954589844,-3.725290298461914e-09,0.0,0.0,1.0,2936.849609375,2936.849609375,0.33881571888923645,0.06118428707122803,0.0,asphalt,True,-0.9137333631515503,222.4222412109375,1.1175870895385742e-08,0.0,0.0,1.0,2949.153564453125,2949.153564453125,0.3385595381259918,0.061440467834472656,0.0,asphalt,True,0.7662664651870728,222.4229278564453,1.862645149230957e-08,0.0,0.0,1.0,2949.166015625,2949.166015625,0.33855924010276794,0.06144076585769653,0.0,asphalt,918,114.67361857306513,677.4670470585818,114.67350413282382,37.837677001953125,9.42125916481018e-06,0.00012202459358513175,2.489914791630489e-07,7.293326798196074,-0.011714975207466505,0.0,0.0,-0.0,2936.834228515625,True,0.0,917,5.435289464179251e-06,0.00012181077329651138,2.3479211312642048e-07,True,918,magic-formula,114.67362544943957,677.4691640613449,114.67351100919826,37.83768081665039,9.422190487384796e-06,0.00012198373592270876,2.490160676877e-07,7.320875369692348,0.00434756565702889,0.0,0.0,-0.0,2936.84912109375,True,0.0,917,5.5064474745778336e-06,0.00012227026135026265,-8.71339169990131e-08,True,918,magic-formula,114.72655324910039,677.2191186713342,114.72643880885909,37.837677001953125,1.2055039405822754e-05,0.000583692551973156,3.1859882426714734e-07,35.1641440504047,-0.01522729786000407,42.353103567573186,33.2112,33.2112,2949.15380859375,True,0.0,917,0.0008517291411437109,0.0005848559417385731,3.0385413182578445e-07,True,918,magic-formula,114.72652882985693,677.2219492190078,114.72641438961563,37.83768081665039,1.2056902050971985e-05,0.0005833787041379104,3.186480194014947e-07,35.27225543723131,-0.09362908343773081,42.353103567573186,33.2112,33.2112,2949.166015625,True,0.0,917,0.0008598469862114137,0.0005866516966279395,1.8687972093867272e-06,True,918,magic-formula
5.700000000000,684,held_throttle,0.0,0.15,0.0,1,-0.07495050877332687,225.41358947753906,0.4186876714229584,0.023328253999352455,37.8098258972168,0.006681082770228386,1.0042136636911891e-05,asphalt,0.0,0.15,0.0,3569.991821671096,5,-0.5570982694625854,-4.611148324329406e-05,600.5722880424047,159.99997345395855,-0.0,6014.105506845952,5757.894493154048,1.198786890199699e-06,1.5832809930303255e-05,False,-0.0,True,0,0,-0.015383992344141006,37.80982208251953,0.08174854516983032,False,True,-0.915398359298706,226.5133056640625,3.725290298461914e-09,0.0,0.0,1.0,2936.834716796875,2936.834716796875,0.3388160765171051,0.061183929443359375,0.0,asphalt,True,0.7646014094352722,226.5139923095703,-2.9802322387695312e-08,0.0,0.0,1.0,2936.846435546875,2936.846435546875,0.338815838098526,0.06118416786193848,0.0,asphalt,True,-0.9145026803016663,224.3133087158203,1.1175870895385742e-08,0.0,0.0,1.0,2949.151611328125,2949.151611328125,0.3385595381259918,0.061440467834472656,0.0,asphalt,True,0.7654972076416016,224.31399536132812,1.862645149230957e-08,0.0,0.0,1.0,2949.166259765625,2949.166259765625,0.33855924010276794,0.06144076585769653,0.0,asphalt,924,114.58915910590504,683.1984005568293,114.58904485203739,37.809814453125,9.282492101192474e-06,0.00012187448921177017,2.4550483083434134e-07,7.284398868458592,-0.011548052687232338,0.0,0.0,-0.0,2936.8349609375,True,0.0,923,5.421263197684854e-06,0.00012166163116905878,2.3144658916955454e-07,True,924,magic-formula,114.58916599654327,683.200518448309,114.58905174267562,37.809818267822266,9.282492101192474e-06,0.00012183372594885645,2.455048060649389e-07,7.311966133305929,0.004508919341404585,0.0,0.0,-0.0,2936.845947265625,True,0.0,923,5.492431641791186e-06,0.00012212159450057682,-9.036785048112872e-08,True,924,magic-formula,114.64208041151075,682.9531223893163,114.6419661576431,37.809814453125,1.1914409697055817e-05,0.0005837659611080586,3.151142069693677e-07,35.16855001372992,-0.015058741597252517,42.35747068440566,33.2112,33.2112,2949.151611328125,True,0.0,923,0.0008534845987365147,0.0005849296368757687,3.0049001074028837e-07,True,924,magic-formula,114.64205597865927,682.9559537985398,114.64194172479162,37.809818267822266,1.1914409697055817e-05,0.000583451763217574,3.1511417517695617e-07,35.276752761060024,-0.09352516976392604,42.35747068440566,33.2112,33.2112,2949.16552734375,True,0.0,923,0.0008615848680405166,0.00058672657280146,1.8667236574111902e-06,True,924,magic-formula
5.750000000000,690,held_throttle,0.0,0.15,0.0,1,-0.0757194459438324,227.30328369140625,0.4186876714229584,0.023331724107265472,37.78200149536133,0.006682001054286957,1.031895590131171e-05,asphalt,0.0,0.15,0.0,3567.3615558433867,5,-0.5561827421188354,-4.5772409066557884e-05,599.6885524723912,159.99999668174482,-0.0,6013.938526064574,5758.061473935426,1.1983012200289522e-06,1.5841407424289445e-05,False,-0.0,True,0,0,-0.015374951995909214,37.78199768066406,0.08174848556518555,False,True,-0.9161674380302429,228.40298461914062,3.725290298461914e-09,0.0,0.0,1.0,2936.837158203125,2936.837158203125,0.3388160765171051,0.061183929443359375,0.0,asphalt,True,0.7638324499130249,228.4036865234375,-2.9802322387695312e-08,0.0,0.0,1.0,2936.849853515625,2936.849853515625,0.338815838098526,0.06118416786193848,0.0,asphalt,True,-0.915271520614624,226.20298767089844,1.1175870895385742e-08,0.0,0.0,1.0,2949.148681640625,2949.148681640625,0.3385595381259918,0.061440467834472656,0.0,asphalt,True,0.7647282481193542,226.20367431640625,1.862645149230957e-08,0.0,0.0,1.0,2949.164306640625,2949.164306640625,0.33855924010276794,0.06144076585769653,0.0,asphalt,930,114.50480840576317,688.9255340310386,114.50469315634807,37.78199005126953,9.245239198207855e-06,0.00012166438628766187,2.44699635611095e-07,7.2719047614612515,-0.01150218643036101,0.0,0.0,-0.0,2936.835205078125,True,0.0,929,5.3979686988015265e-06,0.00012145294810778243,2.3052731490793336e-07,True,930,magic-formula,114.50481528256796,688.9276528117005,114.50470003315286,37.7819938659668,9.245239198207855e-06,0.0001216234722004436,2.4469961090474853e-07,7.29948934524137,0.00453959349721174,0.0,0.0,-0.0,2936.847900390625,True,0.0,929,5.471823014083639e-06,0.00012191313044082157,-9.098255733403587e-08,True,930,magic-formula,114.55771632887692,688.6829054166591,114.55760107946182,37.78199005126953,1.1876225471496582e-05,0.0005837791294191943,3.143356253966599e-07,35.1693755015282,-0.015011774641061187,42.36183201009593,33.2112,33.2112,2949.150634765625,True,0.0,929,0.0008549285991268525,0.0005849435376861611,2.9955257592636793e-07,True,930,magic-formula,114.55769182911722,688.6857376854829,114.55757657970211,37.7819938659668,1.1876225471496582e-05,0.0005834641157396775,3.143355936594452e-07,35.27763969414386,-0.09354017014084146,42.36183201009593,33.2112,33.2112,2949.166015625,True,0.0,929,0.0008631002655358983,0.0005867412035809274,1.8670228431415132e-06,True,930,magic-formula
5.800000000000,696,held_throttle,0.0,0.15,0.0,1,-0.07648792862892151,229.19155883789062,0.4186876714229584,0.023335186764597893,37.754215240478516,0.006682748440653086,1.067529410647694e-05,asphalt,0.0,0.15,0.0,3564.734753040538,5,-0.5552672147750854,-4.576840728987008e-05,598.806677508062,160.000036500807,-0.0,6013.769629814271,5758.230370185729,1.1977591611866956e-06,1.5847015087529248e-05,False,-0.0,True,0,0,-0.015365921892225742,37.75421142578125,0.08174850791692734,False,True,-0.916935920715332,230.291259765625,3.725290298461914e-09,0.0,0.0,1.0,2936.833740234375,2936.833740234375,0.3388160765171051,0.061183929443359375,0.0,asphalt,True,0.7630638480186462,230.29196166992188,-1.4901161193847656e-08,0.0,0.0,1.0,2936.845703125,2936.845703125,0.338815838098526,0.06118416786193848,0.0,asphalt,True,-0.9160400032997131,228.09127807617188,1.1175870895385742e-08,0.0,0.0,1.0,2949.15283203125,2949.15283203125,0.3385595381259918,0.061440467834472656,0.0,asphalt,True,0.7639598846435547,228.09194946289062,0.0,0.0,0.0,1.0,2949.17041015625,2949.17041015625,0.33855918049812317,0.06144082546234131,0.0,asphalt,936,114.42057412681149,694.6484530875065,114.42045961218079,37.75420379638672,9.270384907722473e-06,0.00012146105598737364,2.4554576644547095e-07,7.25980626587352,-0.011532700021620932,0.0,0.0,-0.0,2936.83251953125,True,0.0,935,5.378442923253229e-06,0.0001212509933768605,2.311390771929711e-07,True,936,magic-formula,114.42058099626331,694.6505727571066,114.42046648163262,37.754207611083984,9.272247552871704e-06,0.00012142004753833549,2.45595077729809e-07,7.287406266119196,0.004493128299182982,0.0,0.0,-0.0,2936.844970703125,True,0.0,935,5.449476908442873e-06,0.0001217114446415676,-9.005139302949467e-08,True,936,magic-formula,114.47346860115695,694.4084733609733,114.47335408652626,37.75420379638672,1.1900439858436584e-05,0.0005837983529979259,3.1520833872214057e-07,35.17060834375976,-0.015043271956214695,42.366187581099354,33.2112,33.2112,2949.153564453125,True,0.0,935,0.0008564248007980093,0.0005849634386861556,3.0018080735538564e-07,True,936,magic-formula,114.47344402282744,694.411306487826,114.47332950819674,37.754207611083984,1.1902302503585815e-05,0.0005834824207145157,3.152576429677499e-07,35.2789428004644,-0.09363238600298747,42.366187581099354,33.2112,33.2112,2949.171630859375,True,0.0,935,0.0008645759044267016,0.0005867617374557393,1.868859914796292e-06,True,936,magic-formula
5.850000000000,702,held_throttle,0.0,0.15,0.0,1,-0.07725595682859421,231.07846069335938,0.4186876714229584,0.023338647559285164,37.726463317871094,0.0066841645166277885,1.0672320968296845e-05,asphalt,0.0,0.15,0.0,3562.1114479033417,5,-0.5548094511032104,-4.6062530600465834e-05,597.9266604775808,160.00002986429664,-0.0,6013.599024345913,5758.400975654087,1.1969578963544336e-06,1.5828216564129702e-05,False,-0.0,True,0,0,-0.015356921590864658,37.72645950317383,0.08174853771924973,False,True,-0.9177040457725525,232.1781768798828,2.2351741790771484e-08,0.0,0.0,1.0,2936.830810546875,2936.830810546875,0.3388161361217499,0.0611838698387146,0.0,asphalt,True,0.7622957825660706,232.17884826660156,-1.4901161193847656e-08,0.0,0.0,1.0,2936.844970703125,2936.844970703125,0.338815838098526,0.06118416786193848,0.0,asphalt,True,-0.9168079495429993,229.97816467285156,-7.450580596923828e-09,0.0,0.0,1.0,2949.15625,2949.15625,0.33855947852134705,0.06144052743911743,0.0,asphalt,True,0.7631918787956238,229.97885131835938,0.0,0.0,0.0,1.0,2949.170166015625,2949.170166015625,0.33855918049812317,0.06144082546234131,0.0,asphalt,942,114.336447841176,700.3671634205696,114.33633313932036,37.7264518737793,9.28342342376709e-06,0.00012129192069520667,2.4607199889420514e-07,7.249740528281214,-0.011569173490805258,0.0,0.0,-0.0,2936.830078125,True,0.0,941,5.358817167473972e-06,0.00012108297887383899,2.318702700555955e-07,True,942,magic-formula,114.3364546983552,700.3692839789965,114.33633999649956,37.72645568847656,9.28342342376709e-06,0.00012125077474608241,2.4607197401272174e-07,7.277357593408133,0.004446194382029012,0.0,0.0,-0.0,2936.843994140625,True,0.0,941,5.432480483510932e-06,0.00012154365557150577,-8.911077402272485e-08,True,942,magic-formula,114.3893287889137,700.1298319082596,114.38921408705806,37.7264518737793,1.191161572933197e-05,0.0005838509975949224,3.1573644320393685e-07,35.173841150944746,-0.015082657285541291,42.37053738449234,33.2112,33.2112,2949.156982421875,True,0.0,941,0.0008580929212365337,0.0005850165071749316,3.0096641310241966e-07,True,942,magic-formula,114.38930424588344,700.132665892068,114.3891895440278,37.72645568847656,1.1912547051906586e-05,0.0005835351416724968,3.157610974715773e-07,35.28222712879074,-0.09373589335741664,42.37053738449234,33.2112,33.2112,2949.171142578125,True,0.0,941,0.0008662489982698685,0.0005868164378026211,1.870926237137617e-06,True,942,magic-formula
5.900000000000,708,held_throttle,0.0,0.15,0.0,1,-0.07802353799343109,232.9639892578125,0.4186876714229584,0.023342110216617584,37.698753356933594,0.006685746368020773,1.0542078598518856e-05,asphalt,0.0,0.15,0.0,3559.4916512885957,5,-0.5538939237594604,-4.6058339648880064e-05,597.048498712778,159.99999336348964,-0.0,6013.426979402449,5758.573020597551,1.196235757561226e-06,1.5809520871509844e-05,False,-0.0,True,0,0,-0.01534793246537447,37.69874954223633,0.08174852281808853,False,True,-0.9184716939926147,234.06370544433594,-3.725290298461914e-09,0.0,0.0,1.0,2936.826904296875,2936.826904296875,0.33881619572639465,0.061183810234069824,0.0,asphalt,True,0.7615281939506531,234.06439208984375,-1.4901161193847656e-08,0.0,0.0,1.0,2936.84326171875,2936.84326171875,0.338815838098526,0.06118416786193848,0.0,asphalt,True,-0.917575478553772,231.8636932373047,-2.2351741790771484e-08,0.0,0.0,1.0,2949.16064453125,2949.16064453125,0.33855941891670227,0.06144058704376221,0.0,asphalt,True,0.7624243497848511,231.86439514160156,0.0,0.0,0.0,1.0,2949.17138671875,2949.17138671875,0.33855918049812317,0.06144082546234131,0.0,asphalt,948,114.25244326659288,706.0816707560695,114.2523291654112,37.6987419128418,9.29366797208786e-06,0.00012107473359203693,2.465246186086081e-07,7.236817701881544,-0.011596496225211316,0.0,0.0,-0.0,2936.826904296875,True,0.0,947,5.333106027729809e-06,0.00012086727586213993,2.3241812167777922e-07,True,948,magic-formula,114.25245010293476,706.0837922027974,114.25233600175308,37.69874572753906,9.294599294662476e-06,0.00012103337501966137,2.4654929800151284e-07,7.26445034956964,0.004400214442098985,0.0,0.0,-0.0,2936.843505859375,True,0.0,947,5.405295810527797e-06,0.00012132810340417677,-8.818925866823704e-08,True,948,magic-formula,114.30531072378236,705.8469867847268,114.30519662260068,37.6987419128418,1.191999763250351e-05,0.0005838557174473405,3.161908601634967e-07,35.17418254091143,-0.015111143337708811,42.37488142185121,33.2112,33.2112,2949.15771484375,True,0.0,947,0.0008595060686872224,0.0005850220170192427,3.0153477032369445e-07,True,948,magic-formula,114.30528618091586,705.8498216285686,114.30517207973418,37.69874572753906,1.1920928955078125e-05,0.0005835396307921322,3.162155325069462e-07,35.28264211599893,-0.09382361757024663,42.37488142185121,33.2112,33.2112,2949.17138671875,True,0.0,947,0.0008677011176277369,0.0005868232679003991,1.8726770528359898e-06,True,948,magic-formula
5.950000000000,714,held_throttle,0.0,0.15,0.0,1,-0.07879067212343216,234.84811401367188,0.4186876714229584,0.023345571011304855,37.67107391357422,0.006688267923891544,1.0275100976286922e-05,asphalt,0.0,0.15,0.0,3556.8753630407327,5,-0.5534361600875854,-4.601705586537719e-05,596.1720688232235,160.00001327302073,-0.0,6013.259251705428,5758.740748294572,1.1955172567468253e-06,1.577965603500412e-05,False,-0.0,True,0,0,-0.01533895917236805,37.67107009887695,0.08174856752157211,False,True,-0.9192389249801636,235.94781494140625,-3.725290298461914e-09,0.0,0.0,1.0,2936.82373046875,2936.82373046875,0.33881619572639465,0.061183810234069824,0.0,asphalt,True,0.7607609033584595,235.94850158691406,1.862645149230957e-08,0.0,0.0,1.0,2936.834716796875,2936.834716796875,0.33881595730781555,0.061184048652648926,0.0,asphalt,True,-0.9183424711227417,233.74783325195312,-2.2351741790771484e-08,0.0,0.0,1.0,2949.162841796875,2949.162841796875,0.33855941891670227,0.06144058704376221,0.0,asphalt,True,0.7616573572158813,233.74850463867188,2.60770320892334e-08,0.0,0.0,1.0,2949.176513671875,2949.176513671875,0.3385591208934784,0.061440885066986084,0.0,asphalt,954,114.1685391278965,711.7919806314675,114.16842497365853,37.67106246948242,9.234994649887085e-06,0.00012092684476612854,2.451482396433132e-07,7.228016338340694,-0.011549073620210688,0.0,0.0,-0.0,2936.8251953125,True,0.0,953,5.31944405845776e-06,0.00012072034784138277,2.3146780738579723e-07,True,954,magic-formula,114.1685459706161,711.7941029662397,114.16843181637813,37.67106628417969,9.234994649887085e-06,0.00012088551168874895,2.4514821481878845e-07,7.255664815779025,0.0044416813838735695,0.0,0.0,-0.0,2936.838623046875,True,0.0,953,5.394322523578208e-06,0.00012118157177583194,-8.902048392148605e-08,True,954,magic-formula,114.2213929782667,711.5599435241553,114.22127882402874,37.67106246948242,1.1859461665153503e-05,0.00058392866841525,3.148162246488413e-07,35.17863584684212,-0.015062153292452304,42.37921967100023,33.2112,33.2112,2949.161865234375,True,0.0,953,0.0008612437725063046,0.0005850952405353178,3.005564164447957e-07,True,954,magic-formula,114.22136842156867,711.5627792294357,114.2212542673307,37.67106628417969,1.1859461665153503e-05,0.0005836122283379593,3.14816192769505e-07,35.287164377258016,-0.09384192357386036,42.37921967100023,33.2112,33.2112,2949.17529296875,True,0.0,953,0.0008694664056483163,0.0005868976837186589,1.8730400768579476e-06,True,954,magic-formula
6.000000000000,720,held_throttle,0.0,0.15,0.0,1,-0.07955735921859741,236.73085021972656,0.4186876714229584,0.023349033668637276,37.6434326171875,0.006689143367111683,1.0259179362037685e-05,asphalt,0.0,0.15,0.0,3554.262453590298,5,-0.5525206327438354,-4.590091702993959e-05,595.2973684138353,160.00001327302073,-0.0,6013.094340011512,5758.905659988488,1.195041591017798e-06,1.576365461011659e-05,False,-0.0,True,0,0,-0.015329988673329353,37.643428802490234,0.08174856752157211,False,True,-0.9200056195259094,237.83056640625,-3.725290298461914e-09,0.0,0.0,1.0,2936.8291015625,2936.8291015625,0.33881619572639465,0.061183810234069824,0.0,asphalt,True,0.7599941492080688,237.8312530517578,1.862645149230957e-08,0.0,0.0,1.0,2936.840576171875,2936.840576171875,0.33881595730781555,0.061184048652648926,0.0,asphalt,True,-0.9191091060638428,235.6305694580078,-2.2351741790771484e-08,0.0,0.0,1.0,2949.156982421875,2949.156982421875,0.33855941891670227,0.06144058704376221,0.0,asphalt,True,0.7608907222747803,235.63125610351562,1.4901161193847656e-08,0.0,0.0,1.0,2949.17431640625,2949.17431640625,0.3385590612888336,0.06144094467163086,0.0,asphalt,960,114.08474352362681,717.4980982159746,114.08462910675588,37.6434211730957,9.219162166118622e-06,0.00012071670319906526,2.4490765926205205e-07,7.215533713407921,-0.011501809391129034,0.0,0.0,-0.0,2936.830810546875,True,0.0,959,5.2976739745686835e-06,0.00012051163552537366,2.3052009024980909e-07,True,960,magic-formula,114.0847503747274,717.5002214399315,114.08463595785648,37.64342498779297,9.219162166118622e-06,0.00012067541326402553,2.449076344436786e-07,7.243202102516573,0.004473654001457613,0.0,0.0,-0.0,2936.84228515625,True,0.0,959,5.368273974036449e-06,0.00012097327260645233,-8.966116477570099e-08,True,960,magic-formula,114.13758402030967,717.2687073010077,114.13746960343875,37.6434211730957,1.1842697858810425e-05,0.0005839414410665938,3.1460206032692325e-07,35.17937125653814,-0.015014963344494425,42.38355217423678,33.2112,33.2112,2949.1552734375,True,0.0,959,0.000862736953533032,0.0005851087563301903,2.996151053827111e-07,True,960,magic-formula,114.1375593520818,717.271543864575,114.13744493521087,37.64342498779297,1.184362918138504e-05,0.0005836237909049721,3.146267690898293e-07,35.287966450302505,-0.09385293882397545,42.38355217423678,33.2112,33.2112,2949.172607421875,True,0.0,959,0.0008709522862165247,0.0005869115350378564,1.8732617372517966e-06,True,960,magic-formula
6.050000000000,726,held_throttle,0.0,0.15,0.0,1,-0.08032359927892685,238.61221313476562,0.4186876714229584,0.02335248701274395,37.61582946777344,0.0066916621290147305,1.0104970897373278e-05,asphalt,0.0,0.15,0.0,3551.652975254734,5,-0.5516051054000854,-4.600810643751174e-05,594.424515641347,159.99998672697927,-0.0,6012.92692632716,5759.07307367284,1.194348556055047e-06,1.5737035250558022e-05,False,-0.0,True,0,0,-0.015321034006774426,37.61582565307617,0.08174854516983032,False,True,-0.9207719564437866,239.7119140625,2.60770320892334e-08,0.0,0.0,1.0,2936.820068359375,2936.820068359375,0.3388163149356842,0.06118369102478027,0.0,asphalt,True,0.7592279314994812,239.71261596679688,1.862645149230957e-08,0.0,0.0,1.0,2936.83642578125,2936.83642578125,0.33881595730781555,0.061184048652648926,0.0,asphalt,True,-0.9198752641677856,237.51193237304688,3.3527612686157227e-08,0.0,0.0,1.0,2949.1708984375,2949.1708984375,0.33855924010276794,0.06144076585769653,0.0,asphalt,True,0.7601245641708374,237.51260375976562,1.4901161193847656e-08,0.0,0.0,1.0,2949.17822265625,2949.17822265625,0.3385590612888336,0.06144094467163086,0.0,asphalt,966,114.00106439894508,723.2000291714305,114.00095016179758,37.61581802368164,9.209848940372467e-06,0.00012051387443923367,2.44839788797736e-07,7.203449688484515,-0.011534832028921053,0.0,0.0,-0.0,2936.821533203125,True,0.0,965,5.278292420269338e-06,0.00012031019137211572,2.3118265881117922e-07,True,966,magic-formula,114.00107123253103,723.2021532843651,114.00095699538353,37.615821838378906,9.210780262947083e-06,0.00012047240057140193,2.448645227670997e-07,7.231133482239781,0.004421858677765456,0.0,0.0,-0.0,2936.8349609375,True,0.0,965,5.346080576742508e-06,0.00012077200770299284,-8.8623303736654e-08,True,966,magic-formula,114.05389121485646,722.9732837760986,114.05377697770896,37.61581802368164,1.1832453310489655e-05,0.0005839585146643831,3.145605740393564e-07,35.180533558533405,-0.015051613262982143,42.3878789788237,33.2112,33.2112,2949.1630859375,True,0.0,965,0.0008642179655980998,0.0005851265151770285,3.0034567827124034e-07,True,966,magic-formula,114.05386653305439,722.9761211965904,114.05375229590689,37.615821838378906,1.183338463306427e-05,0.0005836405123187328,3.1458530093819297e-07,35.28918968012709,-0.09395342565034792,42.3878789788237,33.2112,33.2112,2949.179443359375,True,0.0,965,0.0008724719203978177,0.0005869304962035209,1.8752630967466776e-06,True,966,magic-formula
6.100000000000,732,held_throttle,0.0,0.15,0.0,1,-0.08108939230442047,240.49220275878906,0.4186876714229584,0.023355938494205475,37.588260650634766,0.006693990435451269,1.0181618563365191e-05,asphalt,0.0,0.15,0.0,3549.0469639217054,5,-0.5511473417282104,-4.5407694415189326e-05,593.5535078515243,160.00004645557254,-0.0,6012.7573831637255,5759.2426168362745,1.1935527481909958e-06,1.571310546986361e-05,False,-0.0,True,0,0,-0.015312081202864647,37.5882568359375,0.08174864202737808,False,True,-0.9215378165245056,241.5919189453125,2.60770320892334e-08,0.0,0.0,1.0,2936.81982421875,2936.81982421875,0.3388163149356842,0.06118369102478027,0.0,asphalt,True,0.7584620118141174,241.59259033203125,-7.450580596923828e-09,0.0,0.0,1.0,2936.834716796875,2936.834716796875,0.3388160169124603,0.06118398904800415,0.0,asphalt,True,-0.9206410050392151,239.3919219970703,3.3527612686157227e-08,0.0,0.0,1.0,2949.168212890625,2949.168212890625,0.33855924010276794,0.06144076585769653,0.0,asphalt,True,0.759358823299408,239.39259338378906,-3.725290298461914e-09,0.0,0.0,1.0,2949.18017578125,2949.18017578125,0.33855900168418884,0.061441004276275635,0.0,asphalt,972,113.91749322740165,728.8977791451342,113.91737880405512,37.58824920654297,9.124167263507843e-06,0.00012034501726115404,2.427398843019117e-07,7.193402505592735,-0.011414223691957078,0.0,0.0,-0.0,2936.81982421875,True,0.0,971,5.2573745639714595e-06,0.00012014245542842631,2.2876554478946423e-07,True,972,magic-formula,113.91750004466579,728.8999041461572,113.91738562131926,37.588253021240234,9.125098586082458e-06,0.00012030336969685932,2.427646366253282e-07,7.221102043320526,0.00453660379880509,0.0,0.0,-0.0,2936.834716796875,True,0.0,971,5.325206226087304e-06,0.00012060447558372054,-9.092303290054609e-08,True,972,magic-formula,113.97030633162342,728.6736785837217,113.97019190827689,37.58824920654297,1.17449089884758e-05,0.000584009187875225,3.124622518047738e-07,35.18367222624082,-0.014927577525231597,42.392200071096745,33.2112,33.2112,2949.16845703125,True,0.0,971,0.0008659040006674743,0.0005851776295342026,2.9786938729729534e-07,True,972,magic-formula,113.97028174442706,728.6765168682118,113.97016732108052,37.588253021240234,1.1745840311050415e-05,0.0005836917828635804,3.1248699705231675e-07,35.29240439761389,-0.0938935764036401,42.392200071096745,33.2112,33.2112,2949.180419921875,True,0.0,971,0.0008741443156094785,0.0005869837469790006,1.874068085523811e-06,True,972,magic-formula
6.150000000000,738,held_throttle,0.0,0.15,0.0,1,-0.08185473829507828,242.37081909179688,0.4186876714229584,0.023359389975667,37.56072998046875,0.0066965618170797825,1.0480030141479801e-05,asphalt,0.0,0.15,0.0,3546.4443465108425,5,-0.5502318143844604,-4.517940396908671e-05,592.6842220215372,159.99999004523445,-0.0,6012.59063733661,5759.40936266339,1.1930980008401093e-06,1.5717914563801785e-05,False,-0.0,True,0,0,-0.015303123742341995,37.560726165771484,0.08174864947795868,False,True,-0.9223031997680664,243.4705352783203,0.0,0.0,0.0,1.0,2936.815673828125,2936.815673828125,0.338816374540329,0.0611836314201355,0.0,asphalt,True,0.7576965689659119,243.47120666503906,3.725290298461914e-09,0.0,0.0,1.0,2936.83056640625,2936.83056640625,0.3388160765171051,0.061183929443359375,0.0,asphalt,True,-0.9214063286781311,241.27053833007812,1.862645149230957e-08,0.0,0.0,1.0,2949.168701171875,2949.168701171875,0.33855924010276794,0.06144076585769653,0.0,asphalt,True,0.7585935592651367,241.27120971679688,2.2351741790771484e-08,0.0,0.0,1.0,2949.183837890625,2949.183837890625,0.33855894207954407,0.06144106388092041,0.0,asphalt,978,113.83403241987844,734.5913534192324,113.83391809430623,37.56071853637695,9.144656360149384e-06,0.0001201298153698488,2.434632966697043e-07,7.180594802207837,-0.011420111098104821,0.0,0.0,-0.0,2936.815185546875,True,0.0,977,5.2389293422380136e-06,0.00011992873312901615,2.2888389940027183e-07,True,978,magic-formula,113.83403923656685,734.5934793087316,113.83392491099464,37.56072235107422,9.145587682723999e-06,0.0001200881322431565,2.4348806706222086e-07,7.208315155016886,0.004512600631953169,0.0,0.0,-0.0,2936.83056640625,True,0.0,977,5.3011787842070905e-06,0.00012039108281475709,-9.04420866453079e-08,True,978,magic-formula,113.88683195361284,734.3698970154787,113.88671762804063,37.56071853637695,1.1764466762542725e-05,0.000584014608081625,3.1321197306565484e-07,35.184052578805385,-0.014935274377329852,42.396515473738745,33.2112,33.2112,2949.1689453125,True,0.0,977,0.0008673288429641349,0.0005851838356680006,2.980228366411723e-07,True,978,magic-formula,113.88680725538418,734.372736161065,113.88669292981197,37.56072235107422,1.176539808511734e-05,0.0005836959949184821,3.132367363744396e-07,35.292849228774145,-0.09395687289122645,42.396515473738745,33.2112,33.2112,2949.1845703125,True,0.0,977,0.000875608857971447,0.0005869902957086462,1.875328865120874e-06,True,978,magic-formula
6.200000000000,744,held_throttle,0.0,0.15,0.0,1,-0.08261963725090027,244.24806213378906,0.4186876714229584,0.023362843319773674,37.533233642578125,0.006698802579194307,1.0456649761181325e-05,asphalt,0.0,0.15,0.0,3543.845222343887,5,-0.5497740507125854,-4.569644806906581e-05,591.8167760529756,160.0000530920829,-0.0,6012.422168680761,5759.577831319239,1.1924295222343062e-06,1.5705215015190415e-05,False,-0.0,True,0,0,-0.015294195152819157,37.53322982788086,0.0817486047744751,False,True,-0.9230682253837585,245.34776306152344,1.4901161193847656e-08,0.0,0.0,1.0,2936.815185546875,2936.815185546875,0.33881643414497375,0.06118357181549072,0.0,asphalt,True,0.7569316029548645,245.3484649658203,3.725290298461914e-09,0.0,0.0,1.0,2936.831787109375,2936.831787109375,0.3388160765171051,0.061183929443359375,0.0,asphalt,True,-0.9221711158752441,243.14776611328125,0.0,0.0,0.0,1.0,2949.17138671875,2949.17138671875,0.33855918049812317,0.06144082546234131,0.0,asphalt,True,0.7578286528587341,243.14846801757812,7.450580596923828e-09,0.0,0.0,1.0,2949.18505859375,2949.18505859375,0.3385588824748993,0.061441123485565186,0.0,asphalt,984,113.75068317935856,740.2807578503113,113.75056859388914,37.53322219848633,9.182840585708618e-06,0.00011998039172300782,2.446589993565425e-07,7.171706691372867,-0.011483312719121066,0.0,0.0,-0.0,2936.81494140625,True,0.0,983,5.2210223953457475e-06,0.00011978029547229571,2.3015061284004535e-07,True,984,magic-formula,113.75068997533663,740.2828846278214,113.75057538986721,37.533226013183594,9.183771908283234e-06,0.00011993849598515921,2.4468378777399093e-07,7.199439506073441,0.004440025956518341,0.0,0.0,-0.0,2936.831787109375,True,0.0,983,5.287289369560517e-06,0.0001202427940610716,-8.898750353616366e-08,True,984,magic-formula,113.80346907596119,740.0619449267814,113.80335449049177,37.53322219848633,1.1800788342952728e-05,0.0005840851197089287,3.14409146130498e-07,35.188342568052924,-0.014999415919384581,42.40082518203424,33.2112,33.2112,2949.171630859375,True,0.0,983,0.0008690596778944923,0.000585254632933138,2.993026126366581e-07,True,984,magic-formula,113.80344439560972,740.0647849323811,113.8033298101403,37.533226013183594,1.1801719665527344e-05,0.0005837664303067126,3.1443392745887565e-07,35.29720794524298,-0.09408896164180502,42.40082518203424,33.2112,33.2112,2949.185546875,True,0.0,983,0.0008773668790157585,0.0005870625739647308,1.877964705708432e-06,True,984,magic-formula
6.250000000000,750,held_throttle,0.0,0.15,0.0,1,-0.08338408917188644,246.12393188476562,0.4186876714229584,0.0233662948012352,37.505775451660156,0.0066998740658164024,1.0236243724648375e-05,asphalt,0.0,0.15,0.0,3541.249515573421,5,-0.5488585233688354,-4.557971260510385e-05,590.9510471061072,160.00000663651036,-0.0,6012.2567260666465,5759.7432739333535,1.1918356221940485e-06,1.5676421685421428e-05,False,-0.0,True,0,0,-0.015285284258425236,37.50577163696289,0.0817485973238945,False,True,-0.9238327145576477,247.22364807128906,1.4901161193847656e-08,0.0,0.0,1.0,2936.8173828125,2936.8173828125,0.33881643414497375,0.06118357181549072,0.0,asphalt,True,0.7561671733856201,247.22433471679688,2.2351741790771484e-08,0.0,0.0,1.0,2936.83154296875,2936.83154296875,0.3388161361217499,0.0611838698387146,0.0,asphalt,True,-0.9229355454444885,245.0236358642578,0.0,0.0,0.0,1.0,2949.168701171875,2949.168701171875,0.33855918049812317,0.06144082546234131,0.0,asphalt,True,0.7570642828941345,245.0243377685547,7.450580596923828e-09,0.0,0.0,1.0,2949.182861328125,2949.182861328125,0.3385588824748993,0.061441123485565186,0.0,asphalt,990,113.66744269566841,745.9659977522598,113.66732792488763,37.50576400756836,9.132549166679382e-06,0.00011977044385255448,2.434972172500293e-07,7.159229086087333,-0.011440681562026258,0.0,0.0,-0.0,2936.817626953125,True,0.0,989,5.1980015529285325e-06,0.00011957178738181022,2.2929598024915522e-07,True,990,magic-formula,113.66744950144698,745.9681254179853,113.6673347306662,37.505767822265625,9.133480489253998e-06,0.00011972860369522334,2.4352202393338677e-07,7.186980176961637,0.004467184171168849,0.0,0.0,-0.0,2936.83154296875,True,0.0,989,5.275011793986522e-06,0.00012003471154289447,-8.9531814698503e-08,True,990,magic-formula,113.72021506358075,745.7498276311364,113.72010029279997,37.50576400756836,1.1749565601348877e-05,0.0005840959114677126,3.132735970657077e-07,35.1890030697992,-0.014957056565506248,42.405129188205514,33.2112,33.2112,2949.168701171875,True,0.0,989,0.0008705300047516818,0.0005852661766006443,2.9845734402530917e-07,True,990,magic-formula,113.7201903515334,745.7526684977892,113.72007558075262,37.505767822265625,1.1750496923923492e-05,0.0005837767098692811,3.1329839665213637e-07,35.297930627468034,-0.09410694126923184,42.405129188205514,33.2112,33.2112,2949.1826171875,True,0.0,989,0.000878855759667428,0.0005870751533707426,1.8783255254554604e-06,True,990,magic-formula
6.300000000000,756,held_throttle,0.0,0.15,0.0,1,-0.0841480940580368,247.99842834472656,0.4186876714229584,0.023369742557406425,37.47835159301758,0.006701524835079908,1.0164758350583725e-05,asphalt,0.0,0.15,0.0,3538.6571777002455,5,-0.5479429960250854,-4.523932875599712e-05,590.0870328046626,160.0000165912759,-0.0,6012.093729145326,5759.906270854674,1.1913053867829149e-06,1.5659507026727305e-05,False,-0.0,True,0,0,-0.015276373364031315,37.47834777832031,0.08174856752157211,False,True,-0.9245967864990234,249.09812927246094,1.4901161193847656e-08,0.0,0.0,1.0,2936.815185546875,2936.815185546875,0.33881643414497375,0.06118357181549072,0.0,asphalt,True,0.7554030418395996,249.0988311767578,-3.725290298461914e-09,0.0,0.0,1.0,2936.826416015625,2936.826416015625,0.33881619572639465,0.061183810234069824,0.0,asphalt,True,-0.9236994981765747,246.8981475830078,0.0,0.0,0.0,1.0,2949.17138671875,2949.17138671875,0.33855918049812317,0.06144082546234131,0.0,asphalt,True,0.7563003301620483,246.89881896972656,-7.450580596923828e-09,0.0,0.0,1.0,2949.1884765625,2949.1884765625,0.3385588228702545,0.06144118309020996,0.0,asphalt,996,113.58430749763248,751.6470783968989,113.5841928805272,37.47834014892578,9.11019742488861e-06,0.00011957107158771342,2.430789994617612e-07,7.1473670845257935,-0.011417966134391822,0.0,0.0,-0.0,2936.81494140625,True,0.0,995,5.1752234829990765e-06,0.00011937377969749927,2.288409212227651e-07,True,996,magic-formula,113.58431430665544,751.6492069512437,113.58419968955016,37.47834396362305,9.111128747463226e-06,0.00011952922940240804,2.4310382433936846e-07,7.175134078889626,0.004475855878546685,0.0,0.0,-0.0,2936.826416015625,True,0.0,995,5.2534718398032725e-06,0.00011983707042981585,-8.970576795083055e-08,True,996,magic-formula,113.63706620657554,751.4335504009681,113.63695158947026,37.47834014892578,1.172628253698349e-05,0.0005841160296096558,3.1288158681486355e-07,35.190286506140225,-0.014934225041914332,42.40942752899216,33.2112,33.2112,2949.17138671875,True,0.0,995,0.0008720699884437371,0.0005852869664623501,2.980012559047002e-07,True,996,magic-formula,113.63704142601412,751.4363921278284,113.63692680890884,37.47834396362305,1.1727213859558105e-05,0.0005837959911689195,3.1290640458768146e-07,35.29929488973543,-0.09414507885098039,42.40942752899216,33.2112,33.2112,2949.1884765625,True,0.0,995,0.0008803962534985714,0.0005870966540658423,1.8790830797801045e-06,True,996,magic-formula
6.350000000000,762,held_throttle,0.0,0.15,0.0,1,-0.08491165190935135,249.87155151367188,0.4186876714229584,0.023373184725642204,37.450958251953125,0.006703042425215244,1.0298840606992599e-05,asphalt,0.0,0.15,0.0,3536.0682782872373,5,-0.5479429960250854,-4.54957626061514e-05,589.224850795785,160.00003318255182,-0.0,6011.927914491489,5760.072085508511,1.1906423651453224e-06,1.564807355437739e-05,False,-0.0,True,0,0,-0.015267467126250267,37.45095443725586,0.08174865692853928,False,True,-0.9253603219985962,250.9712677001953,2.9802322387695312e-08,0.0,0.0,1.0,2936.8154296875,2936.8154296875,0.33881643414497375,0.06118357181549072,0.0,asphalt,True,0.7546394467353821,250.97195434570312,-3.725290298461914e-09,0.0,0.0,1.0,2936.82763671875,2936.82763671875,0.33881619572639465,0.061183810234069824,0.0,asphalt,True,-0.9244629144668579,248.77127075195312,2.60770320892334e-08,0.0,0.0,1.0,2949.172119140625,2949.172119140625,0.3385591208934784,0.061440885066986084,0.0,asphalt,True,0.7555368542671204,248.77194213867188,-7.450580596923828e-09,0.0,0.0,1.0,2949.18701171875,2949.18701171875,0.3385588228702545,0.06144118309020996,0.0,asphalt,1002,113.50128247255145,757.3240055030459,113.50116785642115,37.45094680786133,9.047798812389374e-06,0.00011952723394742627,2.415906561403669e-07,7.138702082976602,-0.011349241137812346,0.0,0.0,-0.0,2936.815673828125,True,0.0,1001,5.165993732796988e-06,0.00011922902853648079,2.2746346603028468e-07,True,1002,magic-formula,113.50128927543119,757.3261349465333,113.50117465930089,37.450950622558594,9.04873013496399e-06,0.00011948530702993738,2.416154993276274e-07,7.166487485959842,0.004537347613865539,0.0,0.0,-0.0,2936.82763671875,True,0.0,1001,5.236109892627369e-06,0.00011969260740533517,-9.09381505639715e-08,True,1002,magic-formula,113.55402750799843,757.1131189507428,113.55391289186812,37.45094680786133,1.1662021279335022e-05,0.0005842914970993476,3.113945647132924e-07,35.194734907037734,-0.014867271957574675,42.4137202182419,33.2112,33.2112,2949.172119140625,True,0.0,1001,0.0008738132660660169,0.0005853607860559932,2.9666473419213373e-07,True,1002,magic-formula,113.55400271794934,757.1159615366957,113.55388810181904,37.450950622558594,1.1662952601909637e-05,0.0005839711409493778,3.114194007904322e-07,35.303791097223254,-0.09414425699381211,42.4137202182419,33.2112,33.2112,2949.18701171875,True,0.0,1001,0.0008821989032401243,0.0005871717045566826,1.8790677499309118e-06,True,1002,magic-formula
6.400000000000,768,held_throttle,0.0,0.15,0.0,1,-0.08567476272583008,251.74330139160156,0.4186876714229584,0.023376626893877983,37.423583984375,0.006705663166940212,1.0252963875245769e-05,asphalt,0.0,0.15,0.0,3533.4824172800204,5,-0.5470274686813354,-4.560216621030122e-05,588.3636589168888,160.00001327302073,-0.0,6011.7938737354325,5760.2061262645675,1.1900802974196267e-06,1.56230898440297e-05,False,-0.0,True,0,0,-0.01525857299566269,37.423580169677734,0.08174856007099152,False,True,-0.9261236190795898,252.843017578125,-3.725290298461914e-08,0.0,0.0,1.0,2936.804931640625,2936.804931640625,0.3388166129589081,0.061183393001556396,0.0,asphalt,True,0.7538762092590332,252.8437042236328,7.450580596923828e-09,0.0,0.0,1.0,2936.820556640625,2936.820556640625,0.33881625533103943,0.06118375062942505,0.0,asphalt,True,-0.9252259731292725,250.64300537109375,1.4901161193847656e-08,0.0,0.0,1.0,2949.179931640625,2949.179931640625,0.3385590612888336,0.06144094467163086,0.0,asphalt,True,0.7547738552093506,250.64370727539062,1.862645149230957e-08,0.0,0.0,1.0,2949.19287109375,2949.19287109375,0.33855876326560974,0.061441242694854736,0.0,asphalt,1008,113.41830775736851,762.9967827058709,113.4181935723387,37.4235725402832,9.127892553806305e-06,0.00011941723745357454,2.439075677230106e-07,7.132131679243332,-0.011464613426058295,0.0,0.0,-0.0,2936.806640625,True,0.0,1007,5.155419408857609e-06,0.000119119657221243,2.2977647954071745e-07,True,1008,magic-formula,113.41831451522296,762.9989130372718,113.41820033019314,37.42357635498047,9.12882387638092e-06,0.00011937488284751612,2.4393242884617687e-07,7.159930025787321,0.00441804880074754,0.0,0.0,-0.0,2936.82568359375,True,0.0,1007,5.2214272122197785e-06,0.0001195831659150345,-8.854721433080853e-08,True,1008,magic-formula,113.47103889785834,762.7885369103143,113.47092471282852,37.4235725402832,1.1741183698177338e-05,0.0005843989369670312,3.137376498606218e-07,35.20125831485223,-0.014981966742407185,42.41800734818145,33.2112,33.2112,2949.177734375,True,0.0,1007,0.0008757392673350545,0.0005854681484751845,2.9895318266237115e-07,True,1008,magic-formula,113.47101411547295,762.7913803564322,113.47089993044314,37.42357635498047,1.1742115020751953e-05,0.0005840784140528987,3.137625038657986e-07,35.31037834410198,-0.09433348531078758,42.41800734818145,33.2112,33.2112,2949.19091796875,True,0.0,1007,0.0008841329386092891,0.0005872804651589229,1.8828421710419535e-06,True,1008,magic-formula
6.450000000000,774,held_throttle,0.0,0.15,0.0,1,-0.08643742650747299,253.61367797851562,0.4186876714229584,0.023380067199468613,37.396244049072266,0.006708262488245964,9.895453331409954e-06,asphalt,0.0,0.15,0.0,3530.8992560096394,5,-0.5465697050094604,-4.5448236051015556e-05,587.5042952936274,160.00004313731736,-0.0,6011.648243320048,5760.351756679952,1.1895446050402825e-06,1.5589983698942028e-05,False,-0.0,True,0,0,-0.01524969283491373,37.396240234375,0.08174850046634674,False,True,-0.9268863201141357,254.71337890625,-3.725290298461914e-08,0.0,0.0,1.0,2936.806640625,2936.806640625,0.3388166129589081,0.061183393001556396,0.0,asphalt,True,0.7531135082244873,254.7140655517578,2.60770320892334e-08,0.0,0.0,1.0,2936.8203125,2936.8203125,0.3388163149356842,0.06118369102478027,0.0,asphalt,True,-0.9259885549545288,252.51339721679688,-3.725290298461914e-09,0.0,0.0,1.0,2949.181396484375,2949.181396484375,0.33855900168418884,0.061441004276275635,0.0,asphalt,True,0.7540112733840942,252.51406860351562,3.725290298461914e-09,0.0,0.0,1.0,2949.19482421875,2949.19482421875,0.33855870366096497,0.06144130229949951,0.0,asphalt,1014,113.33543064893763,768.6654137322629,113.33531579339194,37.39623260498047,9.064562618732452e-06,0.00011925022544541208,2.423924012475269e-07,7.1221971726770095,-0.011396682322025927,0.0,0.0,-0.0,2936.8076171875,True,0.0,1013,5.138908170223363e-06,0.00011895369281050213,2.2841491224831596e-07,True,1014,magic-formula,113.33543743132876,768.6675449518335,113.33532257578307,37.396236419677734,9.065493941307068e-06,0.00011920805641314134,2.424172807009175e-07,7.150014647118984,0.004475297289039148,0.0,0.0,-0.0,2936.82080078125,True,0.0,1013,5.208864328425494e-06,0.00011941776007959384,-8.969474041240236e-08,True,1014,magic-formula,113.38814803907529,768.4598080039981,113.3880331835296,37.39623260498047,1.1675991117954254e-05,0.0005844505286200306,3.1222372695368397e-07,35.20442107118947,-0.014916586812245895,42.42228925792166,33.2112,33.2112,2949.180908203125,True,0.0,1013,0.0008774244801749933,0.000585520098935116,2.9764782184293734e-07,True,1014,magic-formula,113.38812322280593,768.4626523111804,113.38800836726024,37.396236419677734,1.1677853763103485e-05,0.0005841294723638827,3.122735034629921e-07,35.31359934088629,-0.0943312117372014,42.42228925792166,33.2112,33.2112,2949.19384765625,True,0.0,1013,0.0008858181810516092,0.0005873334308556481,1.8827950511219098e-06,True,1014,magic-formula
6.500000000000,780,held_throttle,0.0,0.15,0.0,1,-0.08719965815544128,255.48268127441406,0.4186876714229584,0.023383501917123795,37.368934631347656,0.0067086308263242245,9.771270924829878e-06,asphalt,0.0,0.15,0.0,3528.3189754603586,5,-0.5461119413375854,-4.5405933633446693e-05,586.6465177822756,160.0000199095311,-0.0,6011.504298928877,5760.495701071123,1.1791972838182119e-06,1.5556565431830373e-05,False,-0.0,True,0,0,-0.015240821056067944,37.36893081665039,0.08174856752157211,False,True,-0.9276486039161682,256.5823974609375,3.725290298461914e-09,0.0,0.0,1.0,2936.813232421875,2936.813232421875,0.3388165533542633,0.06118345260620117,0.0,asphalt,True,0.7523512244224548,256.5830993652344,2.60770320892334e-08,0.0,0.0,1.0,2936.82421875,2936.82421875,0.3388163149356842,0.06118369102478027,0.0,asphalt,True,-0.9267507195472717,254.38238525390625,-3.725290298461914e-09,0.0,0.0,1.0,2949.176513671875,2949.176513671875,0.33855900168418884,0.061441004276275635,0.0,asphalt,True,0.7532491683959961,254.38308715820312,3.725290298461914e-09,0.0,0.0,1.0,2949.1904296875,2949.1904296875,0.33855870366096497,0.06144130229949951,0.0,asphalt,1020,113.25265305258061,774.3299036297452,113.25253813746666,37.36892318725586,9.006820619106293e-06,0.00011914499311188758,2.4102435529043467e-07,7.115941926430994,-0.01134669081616069,0.0,0.0,-0.0,2936.81201171875,True,0.0,1019,5.130389205442567e-06,0.0001188490406519987,2.2741263107769382e-07,True,1020,magic-formula,113.25266481970316,774.3320357823154,113.2525499045892,37.368927001953125,9.008683264255524e-06,0.00011914681277006212,2.41074175444869e-07,7.140330816592331,0.004521502600170318,0.0,0.0,-0.0,2936.825927734375,True,0.0,1019,5.1956956477016195e-06,0.00011925581451852895,-9.062063256744486e-08,True,1020,magic-formula,113.30536183549741,774.1269373318772,113.30524692038345,37.36892318725586,1.1596828699111938e-05,0.0005846092580408231,3.10333499335793e-07,35.20777197003946,-0.014848277020129681,42.426566147815954,33.2112,33.2112,2949.1748046875,True,0.0,1019,0.0008791197726113203,0.0005855770208553244,2.962849174395082e-07,True,1020,magic-formula,113.30533699415393,774.1297824998788,113.30522207903998,37.368927001953125,1.1597760021686554e-05,0.0005842877457127143,3.103583900356575e-07,35.31702733586318,-0.09432889749305236,42.426566147815954,33.2112,33.2112,2949.188720703125,True,0.0,1019,0.0008875480851825701,0.000587391443626503,1.882752266419172e-06,True,1020,magic-formula
6.550000000000,786,held_throttle,0.0,0.15,0.0,1,-0.08796144276857376,257.3503112792969,0.4186876714229584,0.02338690496981144,37.341644287109375,0.006712213158607483,9.82579786068527e-06,asphalt,0.0,0.15,0.0,3525.741498755328,5,-0.5456541776657104,-4.536328196991235e-05,585.7899652719498,160.00004645557254,-0.0,6011.376228231082,5760.623771768918,1.1766143188651768e-06,1.548577368833789e-05,False,-0.0,True,0,0,-0.015231955796480179,37.34164047241211,0.08174864947795868,False,True,-0.9284104108810425,258.4500427246094,3.725290298461914e-08,0.0,0.0,1.0,2936.800537109375,2936.800537109375,0.3388166129589081,0.061183393001556396,0.0,asphalt,True,0.7515893578529358,258.4507141113281,0.0,0.0,0.0,1.0,2936.812255859375,2936.812255859375,0.338816374540329,0.0611836314201355,0.0,asphalt,True,-0.9275124073028564,256.2500305175781,2.2351741790771484e-08,0.0,0.0,1.0,2949.189697265625,2949.189697265625,0.33855894207954407,0.06144106388092041,0.0,asphalt,True,0.7524873614311218,256.2507019042969,-1.4901161193847656e-08,0.0,0.0,1.0,2949.204833984375,2949.204833984375,0.3385586440563202,0.06144136190414429,0.0,asphalt,1026,113.16993265417128,779.9902563087967,113.16981942478029,37.34163284301758,8.9230015873909e-06,0.00011903423928009194,2.389558492233748e-07,7.109322678510629,-0.01122817817064906,0.0,0.0,-0.0,2936.801513671875,True,0.0,1025,5.122297079148857e-06,0.00011873891142777028,2.2503818380068818e-07,True,1026,magic-formula,113.16994614060874,779.9923896210848,113.16983291121775,37.341636657714844,8.9230015873909e-06,0.00011905125441592149,2.389558248124409e-07,7.134627259997022,0.004636344631611423,0.0,0.0,-0.0,2936.813232421875,True,0.0,1025,5.1899461692102464e-06,0.00011916107012042273,-9.29227060804763e-08,True,1026,magic-formula,113.222629077578,779.7899289799444,113.22251584818702,37.34163284301758,1.1506490409374237e-05,0.0005847294539839679,3.0814106222260295e-07,35.215148048680234,-0.014721326429105626,42.430838098389685,33.2112,33.2112,2949.1884765625,True,0.0,1025,0.0008811154362673044,0.0005856969646100163,2.9374961369634565e-07,True,1026,magic-formula,113.22260424984437,779.7927750089016,113.22249102045338,37.341636657714844,1.1507421731948853e-05,0.0005844078269474571,3.081659713372803e-07,35.32446363932975,-0.09427444600636388,42.430838098389685,33.2112,33.2112,2949.2001953125,True,0.0,1025,0.0008895591022393225,0.0005875128177556117,1.8816583321311774e-06,True,1026,magic-formula
6.600000000000,792,held_throttle,0.0,0.15,0.0,1,-0.08872278034687042,259.21661376953125,0.4186876714229584,0.023390308022499084,37.31439208984375,0.006719701457768679,1.0127152563654818e-05,asphalt,0.0,0.15,0.0,3523.1665992387566,5,-0.5447386503219604,-4.546897253021598e-05,584.9351147816853,160.00012277544172,-0.0,6011.239732018795,5760.760267981205,1.1774938002417912e-06,1.544811265021124e-05,False,-0.0,True,0,0,-0.015223080292344093,37.314388275146484,0.08174888044595718,False,True,-0.9291718006134033,260.31634521484375,-1.862645149230957e-08,0.0,0.0,1.0,2936.78857421875,2936.78857421875,0.3388167917728424,0.06118321418762207,0.0,asphalt,True,0.7508280277252197,260.3170166015625,3.725290298461914e-09,0.0,0.0,1.0,2936.80029296875,2936.80029296875,0.3388165533542633,0.06118345260620117,0.0,asphalt,True,-0.9282737374305725,258.1163330078125,-7.450580596923828e-09,0.0,0.0,1.0,2949.19970703125,2949.19970703125,0.3385588228702545,0.06144118309020996,0.0,asphalt,True,0.7517260909080505,258.11700439453125,-1.862645149230957e-08,0.0,0.0,1.0,2949.216796875,2949.216796875,0.33855846524238586,0.06144154071807861,0.0,asphalt,1032,113.08731685606148,785.6464758208539,113.08720430463694,37.31438064575195,8.931383490562439e-06,0.0001188259505209746,2.3935499761749523e-07,7.096903261868314,-0.01123079998171029,0.0,0.0,-0.0,2936.788818359375,True,0.0,1031,5.100912123680167e-06,0.00011853199597621625,2.2509170096924e-07,True,1032,magic-formula,113.08733034522716,785.6486103105002,113.08721779380262,37.31438446044922,8.931383490562439e-06,0.00011884300223274947,2.3935497314792755e-07,7.12224207334366,0.004619507505728919,0.0,0.0,-0.0,2936.806640625,True,0.0,1031,5.167112481581837e-06,0.00011895448182076945,-9.25854593679169e-08,True,1032,magic-formula,113.13999920585866,785.4487867747046,113.13988665443412,37.31438064575195,1.1516734957695007e-05,0.0005847368173826773,3.086406569903971e-07,35.21575691098861,-0.01472805892802962,42.43510532480194,33.2112,33.2112,2949.19921875,True,0.0,1031,0.0008825865546904082,0.0005857049342399423,2.938827923629152e-07,True,1032,magic-formula,113.139974299916,785.4516336637923,113.13986174849147,37.31438446044922,1.1516734957695007e-05,0.000584414263785601,3.086406254376679e-07,35.32515165190898,-0.09434445744938513,42.43510532480194,33.2112,33.2112,2949.21435546875,True,0.0,1031,0.0008910772109887199,0.0005875214155603337,1.883046727758732e-06,True,1032,magic-formula
6.650000000000,798,held_throttle,0.0,0.15,0.0,1,-0.08948367089033127,261.08154296875,0.4186876714229584,0.023393720388412476,37.28717041015625,0.006728010252118111,9.837021025305148e-06,asphalt,0.0,0.15,0.0,3520.5945172242737,5,-0.5442808866500854,-4.564978007692844e-05,584.081963953035,160.00013936671763,-0.0,6011.097476100713,5760.902523899287,1.1781049806813826e-06,1.5380162901342872e-05,False,-0.0,True,0,0,-0.015214241109788418,37.287166595458984,0.08174902200698853,False,True,-0.9299328327178955,262.1812744140625,-1.1175870895385742e-08,0.0,0.0,1.0,2936.780517578125,2936.780517578125,0.33881697058677673,0.061183035373687744,0.0,asphalt,True,0.7500669956207275,262.18194580078125,3.725290298461914e-08,0.0,0.0,1.0,2936.796875,2936.796875,0.3388166129589081,0.061183393001556396,0.0,asphalt,True,-0.9290345311164856,259.98126220703125,-1.4901161193847656e-08,0.0,0.0,1.0,2949.208251953125,2949.208251953125,0.3385586440563202,0.06144136190414429,0.0,asphalt,True,0.7509652376174927,259.98193359375,3.725290298461914e-08,0.0,0.0,1.0,2949.223388671875,2949.223388671875,0.33855828642845154,0.06144171953201294,0.0,asphalt,1038,113.00480054720384,791.2985672729377,113.00468777494672,37.28715896606445,8.985400199890137e-06,0.00011867931576233865,2.409784078231248e-07,7.088158111042972,-0.011298406648583212,0.0,0.0,-0.0,2936.780517578125,True,0.0,1037,5.086096354254745e-06,0.00011838626933120708,2.264473340968027e-07,True,1038,magic-formula,113.00481403327024,791.3007029394366,113.00470126101311,37.28716278076172,8.986331522464752e-06,0.0001186963525082706,2.410033601993732e-07,7.113509589189676,0.004544115763291441,0.0,0.0,-0.0,2936.796875,True,0.0,1037,5.15361004350511e-06,0.00011880902804601777,-9.107474409055249e-08,True,1038,magic-formula,113.05746884318233,791.1035158077359,113.05735607092521,37.28715896606445,1.1572614312171936e-05,0.0005848059436645779,3.1036460360801306e-07,35.2200333132526,-0.014801107552256464,42.439367900932034,33.2112,33.2112,2949.20849609375,True,0.0,1037,0.0008843559729926538,0.0005857741942976264,2.953396695778651e-07,True,1038,magic-formula,113.05744390771984,791.1063635567548,113.05733113546272,37.28716278076172,1.1573545634746552e-05,0.0005844828933209505,3.103895488856433e-07,35.329501235866445,-0.09448471484097765,42.439367900932034,33.2112,33.2112,2949.224365234375,True,0.0,1037,0.0008928549727210725,0.0005875917407980573,1.8858397983744527e-06,True,1038,magic-formula
6.700000000000,804,held_throttle,0.0,0.15,0.0,1,-0.09024412930011749,262.9450988769531,0.4186876714229584,0.023397130891680717,37.259986877441406,0.006734469439834356,9.348796993435826e-06,asphalt,0.0,0.15,0.0,3518.025393106843,5,-0.5433653593063354,-4.474954039324075e-05,583.2305104305213,160.0000199095311,-0.0,6010.950815733942,5761.049184266058,1.178387833533634e-06,1.5316829101168458e-05,False,-0.0,True,0,0,-0.015205403789877892,37.25998306274414,0.08174896240234375,False,True,-0.9306933283805847,264.0448303222656,1.862645149230957e-08,0.0,0.0,1.0,2936.77685546875,2936.77685546875,0.3388170897960663,0.06118291616439819,0.0,asphalt,True,0.7493065595626831,264.0455017089844,-1.862645149230957e-08,0.0,0.0,1.0,2936.790771484375,2936.790771484375,0.3388167917728424,0.06118321418762207,0.0,asphalt,True,-0.92979496717453,261.8448181152344,0.0,0.0,0.0,1.0,2949.208251953125,2949.208251953125,0.33855852484703064,0.06144148111343384,0.0,asphalt,True,0.750204861164093,261.8454895019531,3.725290298461914e-09,0.0,0.0,1.0,2949.22265625,2949.22265625,0.33855822682380676,0.061441779136657715,0.0,asphalt,1044,112.92239278540112,796.9465358224453,112.92227919646868,37.25997543334961,8.842907845973969e-06,0.00011846990722400857,2.3732994300524798e-07,7.075699584074104,-0.01113671467148477,0.0,0.0,-0.0,2936.779296875,True,0.0,1043,5.064626657202369e-06,0.00011817823590781118,2.2320673142918156e-07,True,1044,magic-formula,112.92240629348716,796.9486726664053,112.92229270455472,37.259979248046875,8.843839168548584e-06,0.00011848715144197904,2.3735491395937913e-07,7.101069412789439,0.004688888970875833,0.0,0.0,-0.0,2936.79052734375,True,0.0,1043,5.130685173988273e-06,0.00011860150951536036,-9.397652907211198e-08,True,1044,magic-formula,112.9750472330837,796.7541212427694,112.97493364415126,37.25997543334961,1.1430121958255768e-05,0.0005848139542386657,3.0676676045322503e-07,35.22055684657652,-0.014640708961763907,42.44362577252359,33.2112,33.2112,2949.208740234375,True,0.0,1043,0.0008858374992185983,0.0005857828294185502,2.921381956528788e-07,True,1044,magic-formula,112.97502232043536,796.7569698535385,112.97490873150292,37.259979248046875,1.1431053280830383e-05,0.0005844908702663617,3.067917242983764e-07,35.330094945412476,-0.09438430167301412,42.44362577252359,33.2112,33.2112,2949.222900390625,True,0.0,1043,0.0008943488968980635,0.0005876018833273854,1.8838367449080972e-06,True,1044,magic-formula
6.750000000000,810,held_throttle,0.0,0.15,0.0,1,-0.0910041406750679,264.80731201171875,0.4186876714229584,0.02340054325759411,37.23284149169922,0.006739375647157431,9.320808203483466e-06,asphalt,0.0,0.15,0.0,3515.459431875781,5,-0.5424498319625854,-4.463149525690824e-05,582.3808711830122,159.99996681744818,-0.0,6010.79647969695,5761.20352030305,1.1787743687818875e-06,1.529654627791118e-05,False,-0.0,True,0,0,-0.01519655529409647,37.23283767700195,0.081748828291893,False,True,-0.9314534068107605,265.90704345703125,-7.450580596923828e-09,0.0,0.0,1.0,2936.775634765625,2936.775634765625,0.33881714940071106,0.06118285655975342,0.0,asphalt,True,0.7485464811325073,265.90771484375,-2.9802322387695312e-08,0.0,0.0,1.0,2936.784912109375,2936.784912109375,0.33881697058677673,0.061183035373687744,0.0,asphalt,True,-0.9305549263954163,263.70703125,7.450580596923828e-09,0.0,0.0,1.0,2949.211181640625,2949.211181640625,0.3385584056377411,0.06144160032272339,0.0,asphalt,True,0.7494449019432068,263.70770263671875,1.4901161193847656e-08,0.0,0.0,1.0,2949.22607421875,2949.22607421875,0.3385581076145172,0.061441898345947266,0.0,asphalt,1050,112.84010145755848,802.5903870791469,112.83998721210911,37.23283004760742,8.760020136833191e-06,0.00011826749084735522,2.3527677390174502e-07,7.06365107638128,-0.011067164970715353,0.0,0.0,-0.0,2936.775634765625,True,0.0,1049,5.045599663923004e-06,0.00011797714851837353,2.2181306297080316e-07,True,1050,magic-formula,112.84011496796721,802.5925251008157,112.84000072251784,37.23283386230469,8.760951459407806e-06,0.00011828476824455873,2.3530176327183676e-07,7.089033690406772,0.004743287224486042,0.0,0.0,-0.0,2936.783935546875,True,0.0,1049,5.102100124685875e-06,0.00011840075523044409,-9.506700733545325e-08,True,1050,magic-formula,112.89274203811918,802.400608694802,112.89262779266981,37.23283004760742,1.1349096894264221e-05,0.0005848286295740706,3.048142426926035e-07,35.221512490028545,-0.014574675661598922,42.447878811342065,33.2112,33.2112,2949.2119140625,True,0.0,1049,0.0008873679201129741,0.0005857980693158255,2.9081982656409817e-07,True,1050,magic-formula,112.8927170502437,802.4034581666198,112.89260280479434,37.23283386230469,1.1350028216838837e-05,0.0005845046433000113,3.0483922493822034e-07,35.33108989793928,-0.09437780557530265,42.447878811342065,33.2112,33.2112,2949.22607421875,True,0.0,1049,0.0008958893795747035,0.0005876177748874576,1.8837051729307748e-06,True,1050,magic-formula
6.800000000000,816,held_throttle,0.0,0.15,0.0,1,-0.0917637050151825,266.6681823730469,0.4186876714229584,0.0234039556235075,37.20573043823242,0.006742475554347038,9.78251136984909e-06,asphalt,0.0,0.15,0.0,3512.8967842511456,5,-0.5419920682907104,-4.4588567106984556e-05,581.533043600278,159.99997677221373,-0.0,6010.636307077317,5761.363692922683,1.1788052916017477e-06,1.5290065607387755e-05,False,-0.0,True,0,0,-0.015187709592282772,37.205726623535156,0.08174870163202286,False,True,-0.9322129487991333,267.7679138183594,2.2351741790771484e-08,0.0,0.0,1.0,2936.7724609375,2936.7724609375,0.3388172686100006,0.06118273735046387,0.0,asphalt,True,0.7477868795394897,267.7685852050781,-1.1175870895385742e-08,0.0,0.0,1.0,2936.78857421875,2936.78857421875,0.33881697058677673,0.061183035373687744,0.0,asphalt,True,-0.9313144087791443,265.5679016113281,3.725290298461914e-08,0.0,0.0,1.0,2949.21337890625,2949.21337890625,0.33855828642845154,0.06144171953201294,0.0,asphalt,True,0.7486854791641235,265.5685729980469,0.0,0.0,0.0,1.0,2949.2265625,2949.2265625,0.33855804800987244,0.06144195795059204,0.0,asphalt,1056,112.75791807981453,808.2301267155597,112.75780322902732,37.205718994140625,8.725561201572418e-06,0.00011809937603584371,2.3452204224158148e-07,7.05364075447641,-0.010978550744189903,0.0,0.0,-0.0,2936.77197265625,True,0.0,1055,5.024847223023354e-06,0.0001178101026323263,2.200372919561233e-07,True,1056,magic-formula,112.75793155434845,808.2322659151612,112.75781670356123,37.20572280883789,8.726492524147034e-06,0.00011811634784466267,2.3454704989830148e-07,7.079042467330391,0.004820897027660614,0.0,0.0,-0.0,2936.788330078125,True,0.0,1055,5.092150164206835e-06,0.0001182337047894136,-9.662234475471126e-08,True,1056,magic-formula,112.81054476259484,808.0429838354296,112.81042991180763,37.205718994140625,1.1314637959003448e-05,0.0005848772205988181,3.0411018157678916e-07,35.22447437947269,-0.014487907089533217,42.45212681847773,33.2112,33.2112,2949.213623046875,True,0.0,1055,0.0008890415838626815,0.0005858469688873805,2.890877471970496e-07,True,1056,magic-formula,112.81051984045617,808.0458341685711,112.81040498966895,37.20572280883789,1.1315569281578064e-05,0.0005845535812969798,3.0413518209864754e-07,35.33412481050079,-0.09435578321027631,42.45212681847773,33.2112,33.2112,2949.224365234375,True,0.0,1055,0.0008975778291985394,0.0005876685687209874,1.883266859618568e-06,True,1056,magic-formula
6.850000000000,822,held_throttle,0.0,0.15,0.0,1,-0.09252283722162247,268.52764892578125,0.4186876714229584,0.02340736612677574,37.178653717041016,0.0067435563541948795,1.0167637810809538e-05,asphalt,0.0,0.15,0.0,3510.3374190666036,5,-0.5410765409469604,-4.4470332795754075e-05,580.6867867803169,160.0000199095311,-0.0,6010.481942741478,5761.518057258522,1.1789899190262076e-06,1.527777917222663e-05,False,-0.0,True,0,0,-0.015178875997662544,37.17864990234375,0.08174870908260345,False,True,-0.932972252368927,269.62738037109375,2.2351741790771484e-08,0.0,0.0,1.0,2936.77880859375,2936.77880859375,0.3388172686100006,0.06118273735046387,0.0,asphalt,True,0.747027575969696,269.6280517578125,-1.1175870895385742e-08,0.0,0.0,1.0,2936.7939453125,2936.7939453125,0.33881697058677673,0.061183035373687744,0.0,asphalt,True,-0.9320735335350037,267.4273681640625,3.725290298461914e-08,0.0,0.0,1.0,2949.2080078125,2949.2080078125,0.33855828642845154,0.06144171953201294,0.0,asphalt,True,0.7479263544082642,267.42803955078125,0.0,0.0,0.0,1.0,2949.22021484375,2949.22021484375,0.33855804800987244,0.06144195795059204,0.0,asphalt,1062,112.67583647579751,813.865759898811,112.67572072812483,37.17864227294922,8.733943104743958e-06,0.00011791081642454277,2.3491829100759067e-07,7.042441739047163,-0.011023368384916021,0.0,0.0,-0.0,2936.779052734375,True,0.0,1061,5.009397606468934e-06,0.00011762277230175826,2.209350117903754e-07,True,1062,magic-formula,112.67584994280223,813.8679002752971,112.67573419512955,37.178646087646484,8.735805749893188e-06,0.00011792773378348463,2.3496836676889407e-07,7.067855783592121,0.004762235842483941,0.0,0.0,-0.0,2936.794677734375,True,0.0,1061,5.073738708502889e-06,0.00011804660992751451,-9.544642973459388e-08,True,1062,magic-formula,112.7284494243062,813.6812518327189,112.72833367663353,37.17864227294922,1.1323019862174988e-05,0.0005849067029446291,3.0455711047880694e-07,35.22620604576844,-0.014536722963868272,42.45636965084626,33.2112,33.2112,2949.207763671875,True,0.0,1061,0.0008906018782834933,0.000585876910875102,2.900624860516733e-07,True,1062,magic-formula,112.72842444527173,813.6841030284935,112.72830869759905,37.178646087646484,1.1323951184749603e-05,0.0005845823229267552,3.045821291623611e-07,35.335923209435116,-0.09446502183163084,42.45636965084626,33.2112,33.2112,2949.219970703125,True,0.0,1061,0.0008991983320693466,0.0005876993313158738,1.8854500201226889e-06,True,1062,magic-formula
6.900000000000,828,held_throttle,0.0,0.15,0.0,1,-0.09328152239322662,270.38580322265625,0.4186876714229584,0.023410778492689133,37.151611328125,0.006741762161254883,1.0479839147592429e-05,asphalt,0.0,0.15,0.0,3507.7813220876774,5,-0.5406187772750854,-4.442727367859334e-05,579.8423367622859,160.0000165912759,-0.0,6010.321749844836,5761.678250155164,1.1789662721639615e-06,1.5267017292744823e-05,False,-0.0,True,0,0,-0.015170054510235786,37.151607513427734,0.08174869418144226,False,True,-0.9337310194969177,271.48553466796875,2.2351741790771484e-08,0.0,0.0,1.0,2936.7841796875,2936.7841796875,0.3388172686100006,0.06118273735046387,0.0,asphalt,True,0.7462688088417053,271.4862060546875,-2.9802322387695312e-08,0.0,0.0,1.0,2936.79931640625,2936.79931640625,0.33881697058677673,0.061183035373687744,0.0,asphalt,True,-0.9328320622444153,269.2855224609375,3.725290298461914e-08,0.0,0.0,1.0,2949.20263671875,2949.20263671875,0.33855828642845154,0.06144171953201294,0.0,asphalt,True,0.7471677660942078,269.28619384765625,1.4901161193847656e-08,0.0,0.0,1.0,2949.2119140625,2949.2119140625,0.3385581076145172,0.061441898345947266,0.0,asphalt,1068,112.59386125146357,819.4972918654767,112.59374468051628,37.1515998840332,8.705072104930878e-06,0.00011774268035365567,2.3431217315278887e-07,7.032442808387283,-0.011021342304987726,0.0,0.0,-0.0,2936.780517578125,True,0.0,1067,4.988690750363932e-06,0.00011745571137782213,2.2089429197249432e-07,True,1068,magic-formula,112.59387471414615,819.4994334189217,112.59375814319887,37.15160369873047,8.704140782356262e-06,0.00011775957165252014,2.3428708092764074e-07,7.05787167202543,0.004753246990706396,0.0,0.0,-0.0,2936.795654296875,True,0.0,1067,5.05580097486574e-06,0.00011787981673578077,-9.526623929719111e-08,True,1068,magic-formula,112.64646047169155,819.315417932021,112.64634390074427,37.1515998840332,1.1293217539787292e-05,0.000584956548112209,3.0397661406340883e-07,35.22920482254216,-0.014535774274333613,42.46060723013091,33.2112,33.2112,2949.206298828125,True,0.0,1067,0.0008922838962217285,0.000585927054507075,2.9004355565381234e-07,True,1068,magic-formula,112.64643546517807,819.3182699902651,112.64631889423079,37.15160369873047,1.1293217539787292e-05,0.0005846316878923179,3.039765828513307e-07,35.338989635900134,-0.0945322257026296,42.46060723013091,33.2112,33.2112,2949.21875,True,0.0,1067,0.0009008872447662787,0.0005877505521677122,1.8867922194599062e-06,True,1068,magic-formula
6.950000000000,834,held_throttle,0.0,0.15,0.0,1,-0.09403976798057556,272.2425842285156,0.4186876714229584,0.023414190858602524,37.124603271484375,0.0067405421286821365,1.0675903467927128e-05,asphalt,0.0,0.15,0.0,3505.2284902589467,5,-0.5397032499313354,-4.45323676103726e-05,578.9994529972496,159.99995354442746,-0.0,6010.167370979883,5761.832629020117,1.1789453537858208e-06,1.5257741557371091e-05,False,-0.0,True,0,0,-0.015161244198679924,37.12459945678711,0.08174847811460495,False,True,-0.9344893097877502,273.3423156738281,3.725290298461914e-09,0.0,0.0,1.0,2936.7822265625,2936.7822265625,0.33881720900535583,0.06118279695510864,0.0,asphalt,True,0.7455105781555176,273.3429870605469,-2.9802322387695312e-08,0.0,0.0,1.0,2936.793701171875,2936.793701171875,0.33881697058677673,0.061183035373687744,0.0,asphalt,True,-0.9335902333259583,271.1423034667969,7.450580596923828e-09,0.0,0.0,1.0,2949.204833984375,2949.204833984375,0.3385584056377411,0.06144160032272339,0.0,asphalt,True,0.7464095950126648,271.1429748535156,1.4901161193847656e-08,0.0,0.0,1.0,2949.21923828125,2949.21923828125,0.3385581076145172,0.061441898345947266,0.0,asphalt,1074,112.511987836947,825.1247278322907,112.51187229225899,37.12459182739258,8.748844265937805e-06,0.0001175543914454632,2.3566169580030943e-07,7.021242081805781,-0.011068679650034541,0.0,0.0,-0.0,2936.780029296875,True,0.0,1073,4.97052208779927e-06,0.00011726865613064754,2.2184307959096907e-07,True,1074,magic-formula,112.51200129673015,825.1268705627351,112.51188575204213,37.124595642089844,8.748844265937805e-06,0.00011757126927893047,2.3566167158514935e-07,7.0466862337668585,0.004693193531121766,0.0,0.0,-0.0,2936.794677734375,True,0.0,1073,5.037442142296763e-06,0.00011769303743280402,-9.406266045767667e-08,True,1074,magic-formula,112.56457326223557,824.9454873471806,112.56445771754755,37.12459182739258,1.133698970079422e-05,0.0005849855332049456,3.0537681743422725e-07,35.2309444642125,-0.014585627704086281,42.46483950606167,33.2112,33.2112,2949.20361328125,True,0.0,1073,0.000893875584457007,0.0005859564982287972,2.9103869525635867e-07,True,1074,magic-formula,112.56454818268827,824.9483402666847,112.56443263800026,37.124595642089844,1.1337921023368835e-05,0.0005846597874504063,3.0540187245875795e-07,35.34079611623398,-0.09464329765406305,42.46483950606167,33.2112,33.2112,2949.21826171875,True,0.0,1073,0.0009024935792446148,0.0005877806710199184,1.8890094762027864e-06,True,1074,magic-formula
7.000000000000,840,held_throttle,0.0,0.15,0.0,1,-0.09479757398366928,274.0980224609375,0.4186876714229584,0.023417603224515915,37.09762954711914,0.006741441786289215,1.0649893738445826e-05,asphalt,0.0,0.15,0.0,3502.678920177639,5,-0.5392454862594604,-4.460092168301344e-05,578.1583711836199,159.9999834087241,-0.0,6010.0071676726775,5761.9928323273225,1.1787034281951492e-06,1.5241523650386348e-05,False,-0.0,True,0,0,-0.015152448788285255,37.097625732421875,0.08174838125705719,False,True,-0.9352471828460693,275.19775390625,2.2351741790771484e-08,0.0,0.0,1.0,2936.778076171875,2936.778076171875,0.3388172686100006,0.06118273735046387,0.0,asphalt,True,0.7447526454925537,275.19842529296875,-2.9802322387695312e-08,0.0,0.0,1.0,2936.7919921875,2936.7919921875,0.33881697058677673,0.061183035373687744,0.0,asphalt,True,-0.9343479871749878,272.99774169921875,7.450580596923828e-09,0.0,0.0,1.0,2949.20751953125,2949.20751953125,0.3385584056377411,0.06144160032272339,0.0,asphalt,True,0.7456518411636353,272.9984130859375,1.4901161193847656e-08,0.0,0.0,1.0,2949.2216796875,2949.2216796875,0.3385581076145172,0.061441898345947266,0.0,asphalt,1080,112.43022081620809,830.7480730807648,112.43010557231544,37.097618103027344,8.753500878810883e-06,0.00011738668259599407,2.359585689437132e-07,7.011262382531995,-0.011066697280869564,0.0,0.0,-0.0,2936.77880859375,True,0.0,1079,4.9540144047191255e-06,0.00011710202366170236,2.218034382377318e-07,True,1080,magic-formula,112.43023427389683,830.7502169885768,112.43011903000418,37.09762191772461,8.753500878810883e-06,0.00011740355408777874,2.3595854468041917e-07,7.036722514716406,0.004684176960090854,0.0,0.0,-0.0,2936.79296875,True,0.0,1079,5.016832007216494e-06,0.00011752669247565954,-9.388200078940085e-08,True,1080,magic-formula,112.48279224240244,830.5714653473643,112.48267699850979,37.097618103027344,1.1341646313667297e-05,0.0005850331658811994,3.0572438052947153e-07,35.23386329093399,-0.014585844225212216,42.46906644699754,33.2112,33.2112,2949.20654296875,True,0.0,1079,0.0008955562845123322,0.000586004438869657,2.9104258954414753e-07,True,1080,magic-formula,112.48276714992073,830.5743191271604,112.48265190602808,37.09762191772461,1.1341646313667297e-05,0.0005847070682141833,3.057243490922554e-07,35.3437788558752,-0.09470700811159607,42.46906644699754,33.2112,33.2112,2949.220458984375,True,0.0,1079,0.0009042075936148559,0.0005878298181898994,1.890279761093811e-06,True,1080,magic-formula
7.050000000000,846,held_throttle,0.0,0.15,0.0,1,-0.09555494040250778,275.9521179199219,0.4186876714229584,0.023421013727784157,37.0706901550293,0.00674342131242156,1.0671186828403734e-05,asphalt,0.0,0.15,0.0,3500.1325922534393,5,-0.5383299589157104,-4.448230902198702e-05,577.3188511246481,160.00006968335882,-0.0,6009.852781348231,5762.147218651769,1.1783805575760198e-06,1.5220960259666559e-05,False,-0.0,True,0,0,-0.015143665485084057,37.07068634033203,0.08174857497215271,False,True,-0.936004638671875,277.05181884765625,2.2351741790771484e-08,0.0,0.0,1.0,2936.77392578125,2936.77392578125,0.3388172686100006,0.06118273735046387,0.0,asphalt,True,0.743995189666748,277.0525207519531,-1.1175870895385742e-08,0.0,0.0,1.0,2936.788818359375,2936.788818359375,0.33881697058677673,0.061183035373687744,0.0,asphalt,True,-0.9351053237915039,274.8518371582031,3.725290298461914e-08,0.0,0.0,1.0,2949.21484375,2949.21484375,0.33855828642845154,0.06144171953201294,0.0,asphalt,True,0.7448945641517639,274.8525085449219,0.0,0.0,0.0,1.0,2949.226806640625,2949.226806640625,0.33855804800987244,0.06144195795059204,0.0,asphalt,1086,112.34855558271092,836.3673327478355,112.34844036028962,37.0706787109375,8.686445653438568e-06,0.00011719859220772403,2.3432119279962148e-07,7.000064721909049,-0.010997397582210746,0.0,0.0,-0.0,2936.774658203125,True,0.0,1085,4.9331079142669746e-06,0.00011691516529754621,2.2041481538523026e-07,True,1086,magic-formula,112.34856903295943,836.3694778329525,112.34845381053813,37.070682525634766,8.686445653438568e-06,0.00011721540974722238,2.3432116868718674e-07,7.025540082001353,0.004739452841219041,0.0,0.0,-0.0,2936.7890625,True,0.0,1085,5.004009681875139e-06,0.00011734008005269753,-9.498998095345835e-08,True,1086,magic-formula,112.40111291516367,836.1933570666837,112.40099769274237,37.0706787109375,1.1273659765720367e-05,0.0005850594545524657,3.0411258055531065e-07,35.235572566004336,-0.014517739782790667,42.47328804069087,33.2112,33.2112,2949.21484375,True,0.0,1085,0.0008971445229068715,0.0005860311943561692,2.896823747151921e-07,True,1086,magic-formula,112.40108784960047,836.1962117085711,112.40097262717917,37.070682525634766,1.1273659765720367e-05,0.0005847333595328171,3.0411254926110857e-07,35.34555556510809,-0.0947008303019795,42.47328804069087,33.2112,33.2112,2949.2265625,True,0.0,1085,0.0009058158980986759,0.0005878581277761125,1.8901526654487937e-06,True,1086,magic-formula
7.100000000000,852,held_throttle,0.0,0.15,0.0,1,-0.09631186723709106,277.80487060546875,0.4186876714229584,0.023424426093697548,37.04378890991211,0.006745512597262859,1.0848553756659385e-05,asphalt,0.0,0.15,0.0,3497.5895619909593,5,-0.5378721952438354,-4.45507321273908e-05,576.481246894343,159.99999336348964,-0.0,6009.687501459783,5762.312498540217,1.1782286719608237e-06,1.5202996864301609e-05,False,-0.0,True,0,0,-0.015134894289076328,37.043785095214844,0.08174864202737808,False,True,-0.9367615580558777,278.90460205078125,-3.725290298461914e-09,0.0,0.0,1.0,2936.7705078125,2936.7705078125,0.3388173282146454,0.06118267774581909,0.0,asphalt,True,0.7432382106781006,278.9052734375,0.0,0.0,0.0,1.0,2936.78515625,2936.78515625,0.3388170301914215,0.06118297576904297,0.0,asphalt,True,-0.9358621835708618,276.70458984375,3.725290298461914e-08,0.0,0.0,1.0,2949.21484375,2949.21484375,0.33855828642845154,0.06144171953201294,0.0,asphalt,True,0.744137704372406,276.70526123046875,-1.4901161193847656e-08,0.0,0.0,1.0,2949.229248046875,2949.229248046875,0.33855798840522766,0.061442017555236816,0.0,asphalt,1092,112.26700752672559,841.9825123439532,112.2668926749343,37.04377746582031,8.701346814632416e-06,0.00011702418855992785,2.348936153355539e-07,6.989680612313526,-0.011003121343584828,0.0,0.0,-0.0,2936.7705078125,True,0.0,1091,4.9210211125693225e-06,0.00011674189427297665,2.2052984285913222e-07,True,1092,magic-formula,112.26702097224792,841.9846586062401,112.26690612045662,37.04378128051758,8.701346814632416e-06,0.00011704097622765778,2.3489359114666167e-07,7.015172803484074,0.004720841386411681,0.0,0.0,-0.0,2936.785400390625,True,0.0,1091,4.98647159916815e-06,0.00011716707219564769,-9.461708043178353e-08,True,1092,magic-formula,112.3195509445864,841.8111680182183,112.3194360927951,37.04377746582031,1.1288560926914215e-05,0.0005851008556889616,3.047356856986207e-07,35.23807904929816,-0.01452628297379281,42.47750427322074,33.2112,33.2112,2949.21435546875,True,0.0,1091,0.0008987967326874211,0.0005860729557476772,2.89852796131501e-07,True,1092,magic-formula,112.31952579132364,841.8140235221584,112.31941093953235,37.04378128051758,1.1288560926914215e-05,0.0005847737425936211,3.047356543175265e-07,35.34813254732417,-0.09477233769011659,42.47750427322074,33.2112,33.2112,2949.229248046875,True,0.0,1091,0.0009074756429377209,0.0005879004291331712,1.891578243572001e-06,True,1092,magic-formula
7.150000000000,858,held_throttle,0.0,0.15,0.0,1,-0.09706835448741913,279.6562805175781,0.4186876714229584,0.02342783845961094,37.01692581176758,0.006747889798134565,1.068013625626918e-05,asphalt,0.0,0.15,0.0,3495.0499404409024,5,-0.5369566679000854,-4.465544770937413e-05,575.6453183889167,159.99997345395855,-0.0,6009.5243436973515,5762.4756563026485,1.1777993904615869e-06,1.5180263842569265e-05,False,-0.0,True,0,0,-0.015126138925552368,37.01692199707031,0.08174854516983032,False,True,-0.9375181198120117,280.7560119628906,1.1175870895385742e-08,0.0,0.0,1.0,2936.771728515625,2936.771728515625,0.33881738781929016,0.061182618141174316,0.0,asphalt,True,0.7424816489219666,280.7566833496094,0.0,0.0,0.0,1.0,2936.7880859375,2936.7880859375,0.3388170301914215,0.06118297576904297,0.0,asphalt,True,-0.9366186261177063,278.5559997558594,2.2351741790771484e-08,0.0,0.0,1.0,2949.212890625,2949.212890625,0.33855828642845154,0.06144171953201294,0.0,asphalt,True,0.7433812022209167,278.5566711425781,-1.4901161193847656e-08,0.0,0.0,1.0,2949.22607421875,2949.22607421875,0.33855798840522766,0.061442017555236816,0.0,asphalt,1098,112.18557116791166,847.5936176151954,112.18545583829368,37.01691436767578,8.740462362766266e-06,0.00011681464565405596,2.3612077106022978e-07,6.97721708142328,-0.011063870685458627,0.0,0.0,-0.0,2936.769775390625,True,0.0,1097,4.89440233382935e-06,0.00011653375662033617,2.2174746108300747e-07,True,1098,magic-formula,112.18558459797379,847.5957650545001,112.1854692683558,37.01691818237305,8.741393685340881e-06,0.00011683130770086733,2.3614590610363809e-07,7.002721860819358,0.00464405823916287,0.0,0.0,-0.0,2936.785888671875,True,0.0,1097,4.9596781375221305e-06,0.0001169590973334728,-9.307814814953389e-08,True,1098,magic-formula,112.23810061981729,847.4249039487586,112.2379852901993,37.01691436767578,1.132674515247345e-05,0.0005851064907463221,3.059883662903014e-07,35.23846020107795,-0.014587073656907631,42.4817150637324,33.2112,33.2112,2949.214599609375,True,0.0,1097,0.0009002841582667005,0.0005860792224124377,2.9106594032326326e-07,True,1098,magic-formula,112.23807546376192,847.4277603132356,112.23796013414393,37.01691818237305,1.1327676475048065e-05,0.0005847791153693011,3.06013494133658e-07,35.348571545919306,-0.0948972741333434,42.4817150637324,33.2112,33.2112,2949.227783203125,True,0.0,1097,0.0009089748653673223,0.0005879079983226103,1.8940728249070474e-06,True,1098,magic-formula
7.200000000000,864,held_throttle,0.0,0.15,0.0,1,-0.09782440960407257,281.50634765625,0.4186876714229584,0.02343124710023403,36.99009323120117,0.006749235559254885,1.0242831194773316e-05,asphalt,0.0,0.15,0.0,3492.5136798597346,5,-0.5364989042282104,-4.461195203475654e-05,574.8110632835856,160.00000995476555,-0.0,6009.362983943804,5762.637016056196,1.1773519190683146e-06,1.5153525589631471e-05,False,-0.0,True,0,0,-0.015117394737899303,36.990089416503906,0.0817486047744751,False,True,-0.9382742047309875,282.6060791015625,1.1175870895385742e-08,0.0,0.0,1.0,2936.773193359375,2936.773193359375,0.33881738781929016,0.061182618141174316,0.0,asphalt,True,0.7417255640029907,282.6067199707031,1.862645149230957e-08,0.0,0.0,1.0,2936.78662109375,2936.78662109375,0.3388170897960663,0.06118291616439819,0.0,asphalt,True,-0.9373745322227478,280.40606689453125,3.725290298461914e-09,0.0,0.0,1.0,2949.213623046875,2949.213623046875,0.33855822682380676,0.061441779136657715,0.0,asphalt,True,0.7426252365112305,280.4067077636719,1.1175870895385742e-08,0.0,0.0,1.0,2949.22705078125,2949.22705078125,0.3385579288005829,0.06144207715988159,0.0,asphalt,1104,112.10423437898096,853.20065376953,112.1041179755626,36.990081787109375,8.695758879184723e-06,0.00011666797546379786,2.3508352669322663e-07,6.968495286221787,-0.01103605541200782,0.0,0.0,-0.0,2936.771728515625,True,0.0,1103,4.8837040739472016e-06,0.00011638800704922386,2.2118982579215054e-07,True,1104,magic-formula,112.10424781700415,853.202802385812,112.10413141358579,36.99008560180664,8.695758879184723e-06,0.00011668472063555398,2.3508350244963617e-07,6.99401520490733,0.00466267370260711,0.0,0.0,-0.0,2936.78466796875,True,0.0,1103,4.946302561367936e-06,0.00011681372741781558,-9.345128323490668e-08,True,1104,magic-formula,112.1567498564835,853.034570066969,112.15663345306514,36.990081787109375,1.1281110346317291e-05,0.0005851748491597831,3.049766262006017e-07,35.24259531118302,-0.014561057796938361,42.48592036331538,33.2112,33.2112,2949.2158203125,True,0.0,1103,0.0009020619466148539,0.00058614773197371,2.9054643421420876e-07,True,1104,magic-formula,112.15672469578213,853.0374272933668,112.15660829236377,36.99008560180664,1.1281110346317291e-05,0.0005848471948496273,3.0497659474910646e-07,35.35277765426969,-0.0949352838470299,42.48592036331538,33.2112,33.2112,2949.228515625,True,0.0,1103,0.0009108017252474356,0.0005879777843639021,1.894831107501754e-06,True,1104,magic-formula
7.250000000000,870,held_throttle,0.0,0.15,0.0,1,-0.0985800251364708,283.3550720214844,0.4186876714229584,0.023434650152921677,36.96329879760742,0.006746478378772736,9.964274795493111e-06,asphalt,0.0,0.15,0.0,3489.9807049295773,5,-0.5355833768844604,-4.438110045157373e-05,573.9784792565359,159.99999668174482,-0.0,6009.202635080769,5762.797364919231,1.1769917591664125e-06,1.5116471081209413e-05,False,-0.0,True,0,0,-0.01510866079479456,36.963294982910156,0.0817486122250557,False,True,-0.9390299320220947,284.4548034667969,-3.725290298461914e-09,0.0,0.0,1.0,2936.78515625,2936.78515625,0.3388173282146454,0.06118267774581909,0.0,asphalt,True,0.7409698963165283,284.4554443359375,0.0,0.0,0.0,1.0,2936.798828125,2936.798828125,0.3388170301914215,0.06118297576904297,0.0,asphalt,True,-0.9381300806999207,282.2547912597656,2.2351741790771484e-08,0.0,0.0,1.0,2949.201904296875,2949.201904296875,0.33855828642845154,0.06144171953201294,0.0,asphalt,True,0.7418696880340576,282.2554626464844,-1.4901161193847656e-08,0.0,0.0,1.0,2949.216064453125,2949.216064453125,0.33855798840522766,0.061442017555236816,0.0,asphalt,1110,112.02300617234982,858.8036259595328,112.02288879011871,36.963287353515625,8.663162589073181e-06,0.00011645834740427332,2.343720813091874e-07,6.956053629448975,-0.010989898789634123,0.0,0.0,-0.0,2936.782470703125,True,0.0,1109,4.858537368955577e-06,0.00011617978077901036,2.2026392588899563e-07,True,1110,magic-formula,112.02301959814531,858.8057757529699,112.0229022159142,36.96329116821289,8.662231266498566e-06,0.00011647499556987546,2.3434686124344947e-07,6.981586792690611,0.004692449075790207,0.0,0.0,-0.0,2936.7958984375,True,0.0,1109,4.92365377074759e-06,0.00011660570228111305,-9.404769003520544e-08,True,1110,magic-formula,112.07550798499797,858.6401715330428,112.07539060276686,36.963287353515625,1.1247582733631134e-05,0.0005851828417434543,3.0429064996463347e-07,35.24297264178665,-0.014513077316097172,42.490120177000165,33.2112,33.2112,2949.203857421875,True,0.0,1109,0.0009035593876952175,0.0005861563612484817,2.895898652311598e-07,True,1110,magic-formula,112.0754828056581,858.6430296219154,112.07536542342699,36.96329116821289,1.1246651411056519e-05,0.0005848547835175381,3.042654226831373e-07,35.353235278781,-0.09494912015659311,42.490120177000165,33.2112,33.2112,2949.217529296875,True,0.0,1109,0.0009122924662336243,0.0005879875620055937,1.8951144223935464e-06,True,1110,magic-formula
7.300000000000,876,held_throttle,0.0,0.15,0.0,1,-0.0993352010846138,285.20245361328125,0.4186876714229584,0.023438051342964172,36.9365348815918,0.006740599405020475,9.926566235662904e-06,asphalt,0.0,0.15,0.0,3487.4510159362253,5,-0.5351256132125854,-4.400212492328137e-05,573.147563988925,160.00005972859327,-0.0,6009.043287991587,5762.956712008413,1.1765160934373853e-06,1.509938260786877e-05,False,-0.0,True,0,0,-0.015099922195076942,36.93653106689453,0.08174877613782883,False,True,-0.9397851824760437,286.30218505859375,3.725290298461914e-09,0.0,0.0,1.0,2936.79345703125,2936.79345703125,0.33881720900535583,0.06118279695510864,0.0,asphalt,True,0.7402146458625793,286.3028564453125,-2.9802322387695312e-08,0.0,0.0,1.0,2936.805419921875,2936.805419921875,0.33881697058677673,0.061183035373687744,0.0,asphalt,True,-0.9388852715492249,284.1021728515625,7.450580596923828e-09,0.0,0.0,1.0,2949.193115234375,2949.193115234375,0.3385584056377411,0.06144160032272339,0.0,asphalt,True,0.7411145567893982,284.10284423828125,1.4901161193847656e-08,0.0,0.0,1.0,2949.2080078125,2949.2080078125,0.3385581076145172,0.061441898345947266,0.0,asphalt,1116,111.94187750169013,864.4025394020093,111.94175994071784,36.9365234375,8.570961654186249e-06,0.00011631138120013128,2.3204570589024036e-07,6.9473313897265285,-0.010884739538995276,0.0,0.0,-0.0,2936.791748046875,True,0.0,1115,4.8491997891049254e-06,0.00011603373524628236,2.1815559443821268e-07,True,1116,magic-formula,111.94189092367469,864.404690372962,111.9417733627024,36.936527252197266,8.570030331611633e-06,0.00011632800739614864,2.320204677905032e-07,6.972884325251073,0.004790080446604361,0.0,0.0,-0.0,2936.806396484375,True,0.0,1115,4.9103296026904486e-06,0.00011645993795930246,-9.600410057230675e-08,True,1116,magic-formula,111.9943655329538,864.2417135687701,111.99424797198151,36.9365234375,1.1154450476169586e-05,0.0005852523833579838,3.0198972285639183e-07,35.24710321149131,-0.014407786561181942,42.49431452394643,33.2112,33.2112,2949.19873046875,True,0.0,1115,0.0009053484656235364,0.0005862260571727784,2.8748876315424534e-07,True,1116,magic-formula,111.99434037629918,864.2445725199678,111.99422281532689,36.936527252197266,1.115351915359497e-05,0.0005849242900921754,3.0196447753303977e-07,35.35739848823606,-0.09490872738163539,42.49431452394643,33.2112,33.2112,2949.20751953125,True,0.0,1115,0.0009141065379510029,0.0005880587770355269,1.8943148131815779e-06,True,1116,magic-formula
7.350000000000,882,held_throttle,0.0,0.15,0.0,1,-0.10008993744850159,287.0484924316406,0.4186876714229584,0.023441452533006668,36.90980911254883,0.006737350486218929,1.020605668600183e-05,asphalt,0.0,0.15,0.0,3484.924603550147,5,-0.5342100858688354,-4.3994601583108306e-05,572.3183151648799,160.00002986429664,-0.0,6008.88438126559,5763.11561873441,1.1763814882215229e-06,1.5104936388280391e-05,False,-0.0,True,0,0,-0.0150911845266819,36.90980529785156,0.08174867928028107,False,True,-0.9405400156974792,288.1482238769531,-7.450580596923828e-09,0.0,0.0,1.0,2936.787353515625,2936.787353515625,0.33881714940071106,0.06118285655975342,0.0,asphalt,True,0.7394598126411438,288.1488952636719,-3.725290298461914e-09,0.0,0.0,1.0,2936.802001953125,2936.802001953125,0.3388168513774872,0.061183154582977295,0.0,asphalt,True,-0.9396399855613708,285.94818115234375,-1.862645149230957e-08,0.0,0.0,1.0,2949.197265625,2949.197265625,0.33855846524238586,0.06144154071807861,0.0,asphalt,True,0.7403598427772522,285.9488830566406,3.3527612686157227e-08,0.0,0.0,1.0,2949.21484375,2949.21484375,0.3385581076145172,0.061441898345947266,0.0,asphalt,1122,111.86085751979633,869.9973994068322,111.86074110429988,36.90979766845703,8.616596460342407e-06,0.00011610231825836266,2.3345011364573152e-07,6.934889838718457,-0.0109102242720489,0.0,0.0,-0.0,2936.7880859375,True,0.0,1121,4.822736220365821e-06,0.00011582608158602819,2.1866663716349e-07,True,1122,magic-formula,111.86087094466087,869.999551555702,111.86075452916442,36.9098014831543,8.616596460342407e-06,0.00011611898226401264,2.334500895182241e-07,6.9604635133549655,0.004748086010229339,0.0,0.0,-0.0,2936.80322265625,True,0.0,1121,4.887744871693614e-06,0.00011625261284848206,-9.51625401516514e-08,True,1122,magic-formula,111.91333165922697,869.8392014780821,111.91321524373052,36.90979766845703,1.1200085282325745e-05,0.0005852586698499989,3.034447759082936e-07,35.247491429982475,-0.01443947177772244,42.49850342017564,33.2112,33.2112,2949.1962890625,True,0.0,1121,0.0009068441966646641,0.0005862329751346859,2.8812127232016995e-07,True,1122,magic-formula,111.91330630952166,869.8420612889552,111.91318989402521,36.9098014831543,1.1199153959751129e-05,0.0005849286130055557,3.034195121548432e-07,35.35787643778574,-0.09499814300748333,42.49850342017564,33.2112,33.2112,2949.214599609375,True,0.0,1121,0.0009156242687613665,0.0005880652899688804,1.8960949737967707e-06,True,1122,magic-formula
7.400000000000,888,held_throttle,0.0,0.15,0.0,1,-0.10084424167871475,288.8932189941406,0.4186876714229584,0.023444855585694313,36.883113861083984,0.006738879717886448,9.918326213664841e-06,asphalt,0.0,0.15,0.0,3482.401471572463,5,-0.5337523221969604,-4.428604734130204e-05,571.4907304714984,159.99997677221373,-0.0,6008.726067512747,5763.273932487253,1.1758057780753006e-06,1.5082840892536225e-05,False,-0.0,True,0,0,-0.015082476660609245,36.88311004638672,0.08174866437911987,False,True,-0.9412944316864014,289.992919921875,-7.450580596923828e-09,0.0,0.0,1.0,2936.7783203125,2936.7783203125,0.33881714940071106,0.06118285655975342,0.0,asphalt,True,0.7387054562568665,289.9936218261719,-2.9802322387695312e-08,0.0,0.0,1.0,2936.785888671875,2936.785888671875,0.33881697058677673,0.061183035373687744,0.0,asphalt,True,-0.9403941631317139,287.7929382324219,7.450580596923828e-09,0.0,0.0,1.0,2949.2109375,2949.2109375,0.3385584056377411,0.06144160032272339,0.0,asphalt,True,0.739605724811554,287.7936096191406,1.4901161193847656e-08,0.0,0.0,1.0,2949.224365234375,2949.224365234375,0.3385581076145172,0.061441898345947266,0.0,asphalt,1128,111.77993712095297,875.5882112152826,111.77982218720528,36.88310241699219,8.585862815380096e-06,0.00011595643104912444,2.3278580847972272e-07,6.926183106260933,-0.010958284501151177,0.0,0.0,-0.0,2936.7763671875,True,0.0,1127,4.809459932329405e-06,0.00011568112356511535,2.196307507874732e-07,True,1128,magic-formula,111.77995055295003,875.5903645417123,111.77983561920234,36.88310623168945,8.585862815380096e-06,0.00011597317094686373,2.3278578440345915e-07,6.951760698793445,0.004690669444145867,0.0,0.0,-0.0,2936.783935546875,True,0.0,1127,4.871751532046193e-06,0.00011610802197468724,-9.401240037599727e-08,True,1128,magic-formula,111.83239690010856,875.4326404857748,111.83228196636088,36.88310241699219,1.1167488992214203e-05,0.0005853238645590039,3.027806301638269e-07,35.251599607173155,-0.014489773976818617,42.50268687575108,33.2112,33.2112,2949.211181640625,True,0.0,1127,0.0009086309640683438,0.0005862983187363645,2.8912362769481267e-07,True,1128,magic-formula,111.8323715641923,875.4355011541568,111.83225663044462,36.88310623168945,1.1167488992214203e-05,0.0005849936921925003,3.0278059884823125e-07,35.36204021911324,-0.09511615039388147,42.50268687575108,33.2112,33.2112,2949.226806640625,True,0.0,1127,0.0009174380527719584,0.0005881320839998758,1.8984425101554913e-06,True,1128,magic-formula
7.450000000000,894,held_throttle,0.0,0.15,0.0,1,-0.1015981137752533,290.736572265625,0.4186876714229584,0.02344825677573681,36.8564567565918,0.0067437696270644665,1.0121354534931015e-05,asphalt,0.0,0.15,0.0,3479.881580128219,5,-0.5328367948532104,-4.3719541281461716e-05,570.6648075988484,160.00013273020727,-0.0,6008.567901204592,5763.432098795408,1.175251895801921e-06,1.5081333709261462e-05,False,-0.0,True,0,0,-0.015073760412633419,36.85645294189453,0.08174872398376465,False,True,-0.9420483708381653,291.8363037109375,2.2351741790771484e-08,0.0,0.0,1.0,2936.766845703125,2936.766845703125,0.3388172686100006,0.06118273735046387,0.0,asphalt,True,0.7379514575004578,291.83697509765625,-1.1175870895385742e-08,0.0,0.0,1.0,2936.78173828125,2936.78173828125,0.33881697058677673,0.061183035373687744,0.0,asphalt,True,-0.9411479830741882,289.6362609863281,3.725290298461914e-08,0.0,0.0,1.0,2949.224365234375,2949.224365234375,0.33855828642845154,0.06144171953201294,0.0,asphalt,True,0.7388518452644348,289.6369934082031,0.0,0.0,0.0,1.0,2949.23681640625,2949.23681640625,0.33855804800987244,0.06144195795059204,0.0,asphalt,1134,111.6991253520722,881.1749800108519,111.6990121171151,36.8564453125,8.519738912582397e-06,0.000115747833185137,2.3116008178066875e-07,6.913756619106845,-0.010848173777000215,0.0,0.0,-0.0,2936.767333984375,True,0.0,1133,4.785705293192275e-06,0.00011547393112838387,2.1742453250356146e-07,True,1134,magic-formula,111.69913875847745,881.1771345154389,111.69902552352035,36.856449127197266,8.521601557731628e-06,0.00011576435607160574,2.312105956903803e-07,6.93935655850251,0.004787191727035192,0.0,0.0,-0.0,2936.7822265625,True,0.0,1133,4.845259272260355e-06,0.00011590091560842974,-9.594698833751514e-08,True,1134,magic-formula,111.75157077147595,881.022035765579,111.75145753651886,36.8564453125,1.1100433766841888e-05,0.000585326173052107,3.011802595915781e-07,35.251930450285585,-0.01437505483476584,42.50686491062022,33.2112,33.2112,2949.223876953125,True,0.0,1133,0.0009101333387192186,0.000586301272837324,2.8683264236324186e-07,True,1134,magic-formula,111.75154549739015,881.0248972949269,111.75143226243306,36.856449127197266,1.110229641199112e-05,0.000584996315490854,3.0123076625409716e-07,35.362445458374104,-0.09505789542163066,42.50686491062022,33.2112,33.2112,2949.236328125,True,0.0,1133,0.0009189746553047618,0.0005881369000674219,1.8972738074066408e-06,True,1134,magic-formula
7.500000000000,900,held_throttle,0.0,0.15,0.0,1,-0.10235154628753662,292.57861328125,0.4186876714229584,0.023451657965779305,36.829830169677734,0.006752301938831806,1.0339143955206964e-05,asphalt,0.0,0.15,0.0,3477.364941108479,5,-0.5323790311813354,-4.412260022945702e-05,569.8405442399683,160.00010618416582,-0.0,6008.410117984317,5763.589882015683,1.1749717714337748e-06,1.5082529381956622e-05,False,-0.0,True,0,0,-0.015065059997141361,36.82982635498047,0.08174899220466614,False,True,-0.942801833152771,293.6783142089844,2.60770320892334e-08,0.0,0.0,1.0,2936.755615234375,2936.755615234375,0.33881744742393494,0.06118255853652954,0.0,asphalt,True,0.737197995185852,293.67901611328125,-7.450580596923828e-09,0.0,0.0,1.0,2936.77001953125,2936.77001953125,0.33881714940071106,0.06118285655975342,0.0,asphalt,True,-0.9419012665748596,291.47833251953125,3.3527612686157227e-08,0.0,0.0,1.0,2949.236328125,2949.236328125,0.3385581076145172,0.061441898345947266,0.0,asphalt,True,0.7380985021591187,291.4790344238281,-7.450580596923828e-09,0.0,0.0,1.0,2949.247802734375,2949.247802734375,0.3385578691959381,0.06144213676452637,0.0,asphalt,1140,111.6184131142092,886.757711000068,111.61830041658158,36.82981872558594,8.556991815567017e-06,0.00011560203797974861,2.3233868945497306e-07,6.90506256541409,-0.010904210857632783,0.0,0.0,-0.0,2936.758544921875,True,0.0,1139,4.77384581558471e-06,0.00011532906736972679,2.1854830643388633e-07,True,1140,magic-formula,111.61842651820895,886.7598666818242,111.61831382058132,36.8298225402832,8.557923138141632e-06,0.00011561855127306477,2.3236395257623393e-07,6.930671117141269,0.00472226488701336,0.0,0.0,-0.0,2936.77001953125,True,0.0,1139,4.8358910637127605e-06,0.00011575633238301598,-9.464609264505769e-08,True,1140,magic-formula,111.67084421339248,886.6073925212345,111.67073151576486,36.82981872558594,1.1136755347251892e-05,0.000585391554441901,3.0238420205730663e-07,35.2559570878279,-0.01443430418236309,42.511037541528346,33.2112,33.2112,2949.23095703125,True,0.0,1139,0.0009119247052383456,0.0005863668125283533,2.8801432837444793e-07,True,1140,magic-formula,111.67081883282931,886.6102549115142,111.67070613520168,36.8298225402832,1.1137686669826508e-05,0.0005850605043480915,3.024094579235115e-07,35.3665532269712,-0.09518583779061494,42.511037541528346,33.2112,33.2112,2949.248291015625,True,0.0,1139,0.0009207619963191166,0.000588202810764244,1.899819763998575e-06,True,1140,magic-formula
7.550000000000,906,held_throttle,0.0,0.15,0.0,1,-0.10310454666614532,294.4193420410156,0.4186876714229584,0.0234550591558218,36.80324172973633,0.006761266849935055,1.0248403668811079e-05,asphalt,0.0,0.15,0.0,3474.8515206906795,5,-0.5314635038375854,-4.400293983053416e-05,569.0179380908667,159.99999004523445,-0.0,6008.252331819358,5763.747668180642,1.1744497214749572e-06,1.506882476040435e-05,False,-0.0,True,0,0,-0.015056377276778221,36.80323791503906,0.0817490816116333,False,True,-0.9435548782348633,295.5190734863281,-1.1175870895385742e-08,0.0,0.0,1.0,2936.74853515625,2936.74853515625,0.33881762623786926,0.061182379722595215,0.0,asphalt,True,0.7364450097084045,295.5197448730469,-3.725290298461914e-09,0.0,0.0,1.0,2936.762451171875,2936.762451171875,0.3388173282146454,0.06118267774581909,0.0,asphalt,True,-0.9426541924476624,293.31903076171875,-1.4901161193847656e-08,0.0,0.0,1.0,2949.23828125,2949.23828125,0.33855798840522766,0.061442017555236816,0.0,asphalt,True,0.7373456358909607,293.31976318359375,-1.1175870895385742e-08,0.0,0.0,1.0,2949.251708984375,2949.251708984375,0.3385576903820038,0.06144231557846069,0.0,asphalt,1146,111.53780951362795,892.3364093338145,111.53769613235134,36.80323028564453,8.596107363700867e-06,0.00011539350811682376,2.3356937141068587e-07,6.892638094697282,-0.010951022811918716,0.0,0.0,-0.0,2936.748291015625,True,0.0,1145,4.754144802078453e-06,0.0001151219540623256,2.1948730013931613e-07,True,1146,magic-formula,111.5378229016435,892.3385661927344,111.53770952036689,36.8032341003418,8.597038686275482e-06,0.00011540989003780307,2.3359465265568831e-07,6.918268587141353,0.004658869302512361,0.0,0.0,-0.0,2936.76513671875,True,0.0,1145,4.820182792710871e-06,0.00011554937642899483,-9.337564272363176e-08,True,1146,magic-formula,111.59022633871655,892.1887159065831,111.59011295743994,36.80323028564453,1.1174939572811127e-05,0.0005853944331710993,3.0364018283388785e-07,35.25623173564609,-0.014481444862081487,42.51520478983164,33.2112,33.2112,2949.236083984375,True,0.0,1145,0.000913433077338274,0.0005863703363637931,2.8895455620954183e-07,True,1146,magic-formula,111.5902009698814,892.1915791576525,111.59008758860479,36.8032341003418,1.1175870895385742e-05,0.0005850632490709037,3.036654568159706e-07,35.36687032802478,-0.0952923656969302,42.51520478983164,33.2112,33.2112,2949.249755859375,True,0.0,1145,0.000922295046937813,0.0005882077675635578,1.9019450383453091e-06,True,1146,magic-formula
7.600000000000,912,held_throttle,0.0,0.15,0.0,1,-0.1038571149110794,296.25872802734375,0.4186876714229584,0.023458460345864296,36.77668380737305,0.006767975632101297,9.959994713426568e-06,asphalt,0.0,0.15,0.0,3472.341330381492,5,-0.5310057401657104,-4.407057713251561e-05,568.1969868505225,159.99993695315155,-0.0,6008.094820983585,5763.905179016415,1.173849454971787e-06,1.5051720031772035e-05,False,-0.0,True,0,0,-0.015047707594931126,36.77667999267578,0.08174897730350494,False,True,-0.9443074464797974,297.35845947265625,-2.2351741790771484e-08,0.0,0.0,1.0,2936.74560546875,2936.74560546875,0.3388177454471588,0.061182260513305664,0.0,asphalt,True,0.7356923222541809,297.359130859375,2.60770320892334e-08,0.0,0.0,1.0,2936.75927734375,2936.75927734375,0.33881744742393494,0.06118255853652954,0.0,asphalt,True,-0.9434067606925964,295.158447265625,-7.450580596923828e-09,0.0,0.0,1.0,2949.239501953125,2949.239501953125,0.3385578691959381,0.06144213676452637,0.0,asphalt,True,0.7365931272506714,295.15911865234375,-4.0978193283081055e-08,0.0,0.0,1.0,2949.25,2949.25,0.338557630777359,0.06144237518310547,0.0,asphalt,1152,111.45730540582659,897.9110801649873,111.45719113794544,36.77667236328125,8.56444239616394e-06,0.00011524752972918619,2.3287703442997575e-07,6.883949768426694,-0.010939651146147797,0.0,0.0,-0.0,2936.74658203125,True,0.0,1151,4.738333860741027e-06,0.00011497690684761107,2.1925950821132771e-07,True,1152,magic-formula,111.45731878391605,897.9132382010343,111.4572045160349,36.776676177978516,8.565373718738556e-06,0.00011526383442778534,2.3290233400339903e-07,6.9095926970535215,0.0046576142776260055,0.0,0.0,-0.0,2936.76318359375,True,0.0,1151,4.802937463886817e-06,0.00011540454761861935,-9.33505496841612e-08,True,1152,magic-formula,111.50970805743465,897.7660110814094,111.5095937895535,36.77667236328125,1.1142343282699585e-05,0.0005854606816923582,3.0297312308832046e-07,35.26024362532207,-0.014473924048422432,42.51936667353931,33.2112,33.2112,2949.237548828125,True,0.0,1151,0.0009152144110018679,0.0005864367471214595,2.888041628070473e-07,True,1152,magic-formula,111.50968272811166,897.7688751942981,111.50956846023051,36.776676177978516,1.11432746052742e-05,0.0005851296129696117,3.0299841539095734e-07,35.37094499417532,-0.09535210417770093,42.51936667353931,33.2112,33.2112,2949.248046875,True,0.0,1151,0.0009240975344904594,0.0005882758541110066,1.9031385599092232e-06,True,1152,magic-formula
7.650000000000,918,held_throttle,0.0,0.15,0.0,1,-0.10460925102233887,298.0967712402344,0.4186876714229584,0.023461852222681046,36.75016403198242,0.006771988235414028,9.884508472168818e-06,asphalt,0.0,0.15,0.0,3469.8343583065734,5,-0.5300902128219604,-4.406238440424204e-05,567.3776882208851,159.99995686268264,-0.0,6007.937229990649,5764.062770009351,1.1734074405467254e-06,1.5024952591380538e-05,False,-0.0,True,0,0,-0.0150390500202775,36.750160217285156,0.08174876868724823,False,True,-0.9450597167015076,299.1965026855469,-7.450580596923828e-09,0.0,0.0,1.0,2936.74560546875,2936.74560546875,0.3388178050518036,0.06118220090866089,0.0,asphalt,True,0.7349401712417603,299.1971740722656,0.0,0.0,0.0,1.0,2936.759765625,2936.759765625,0.3388175070285797,0.061182498931884766,0.0,asphalt,True,-0.9441588521003723,296.9964904785156,-1.862645149230957e-08,0.0,0.0,1.0,2949.238525390625,2949.238525390625,0.33855780959129333,0.06144219636917114,0.0,asphalt,True,0.7358409762382507,296.9971923828125,2.9802322387695312e-08,0.0,0.0,1.0,2949.252685546875,2949.252685546875,0.33855751156806946,0.06144249439239502,0.0,asphalt,1158,111.37690992010482,903.4817286917374,111.3767952620068,36.750152587890625,8.531846106052399e-06,0.00011503859021699139,2.3215811378327542e-07,6.871521440707012,-0.010876785879542536,0.0,0.0,-0.0,2936.7451171875,True,0.0,1157,4.716011126293536e-06,0.00011476938361312202,2.1799962999756094e-07,True,1158,magic-formula,111.37692330526896,903.483887905282,111.37680864717093,36.75015640258789,8.532777428627014e-06,0.00011505497023060235,2.3218343168808924e-07,6.897181003690602,0.004704255146805305,0.0,0.0,-0.0,2936.75927734375,True,0.0,1157,4.784515009897922e-06,0.00011519739929450222,-9.42854726289426e-08,True,1158,magic-formula,111.42929848962531,903.3392832494138,111.42918383152728,36.750152587890625,1.1108815670013428e-05,0.0005854646081883744,3.022794434239575e-07,35.26054050183139,-0.014412232562331593,42.52352320606104,33.2112,33.2112,2949.2392578125,True,0.0,1157,0.0009167148427860364,0.0005864413204001897,2.875726072818805e-07,True,1158,magic-formula,111.42927307237696,903.3421482243648,111.42915841427893,36.75015640258789,1.1109746992588043e-05,0.0005851325110277999,3.023047540501181e-07,35.37131452210688,-0.09534704473148999,42.52352320606104,33.2112,33.2112,2949.253173828125,True,0.0,1157,0.0009256114076074454,0.0005882809526971276,1.9030343773824941e-06,True,1158,magic-formula
7.700000000000,924,held_throttle,0.0,0.15,0.0,1,-0.10536094754934311,299.9335021972656,0.4186876714229584,0.023465244099497795,36.72367477416992,0.006775076035410166,9.733912520459853e-06,asphalt,0.0,0.15,0.0,3467.3306323208144,5,-0.5296324491500854,-4.412980342749506e-05,566.5600399068743,159.99998672697927,-0.0,6007.779859001743,5764.220140998257,1.1728290019163978e-06,1.4992355067276545e-05,False,-0.0,True,0,0,-0.01503040548413992,36.723670959472656,0.08174862712621689,False,True,-0.94581139087677,301.0332336425781,1.1175870895385742e-08,0.0,0.0,1.0,2936.743408203125,2936.743408203125,0.33881786465644836,0.06118214130401611,0.0,asphalt,True,0.7341883778572083,301.03387451171875,-1.1175870895385742e-08,0.0,0.0,1.0,2936.754150390625,2936.754150390625,0.33881762623786926,0.061182379722595215,0.0,asphalt,True,-0.94491046667099,298.8332214355469,7.450580596923828e-09,0.0,0.0,1.0,2949.2421875,2949.2421875,0.33855774998664856,0.06144225597381592,0.0,asphalt,True,0.7350893616676331,298.83392333984375,1.1175870895385742e-08,0.0,0.0,1.0,2949.25634765625,2949.25634765625,0.3385574519634247,0.061442553997039795,0.0,asphalt,1164,111.2966139553471,909.0483601461946,111.29649884836614,36.723663330078125,8.493661880493164e-06,0.00011489254621736809,2.3128580076967347e-07,6.862833395797531,-0.010858632015325399,0.0,0.0,-0.0,2936.7451171875,True,0.0,1163,4.702837244831649e-06,0.00011462427399229803,2.1763577718406885e-07,True,1164,magic-formula,111.29662733324301,909.0505205368913,111.29651222626205,36.72366714477539,8.493661880493164e-06,0.00011490887274874811,2.3128577674469501e-07,6.888506309367201,0.004713051851176909,0.0,0.0,-0.0,2936.7587890625,True,0.0,1163,4.767289469232877e-06,0.00011505253254887641,-9.446179521334396e-08,True,1164,magic-formula,111.34898836610219,908.9085376398074,111.34887325912123,36.723663330078125,1.1068768799304962e-05,0.0005855306575035412,3.0140698927056306e-07,35.2645376122108,-0.014395551805890435,42.52767438793075,33.2112,33.2112,2949.240478515625,True,0.0,1163,0.0009185133508480586,0.0005865075334922601,2.872394228535611e-07,True,1164,magic-formula,111.34896293067459,908.9114034766365,111.34884782369363,36.72366714477539,1.1068768799304962e-05,0.0005851981574307479,3.014069579616958e-07,35.375384139336155,-0.09540053480405296,42.52767438793075,33.2112,33.2112,2949.254638671875,True,0.0,1163,0.0009274321786247218,0.0005883483217235155,1.9041011417846576e-06,True,1164,magic-formula
7.750000000000,930,held_throttle,0.0,0.15,0.0,1,-0.10611221939325333,301.7689208984375,0.4186876714229584,0.023468635976314545,36.69722366333008,0.006776923313736916,9.60137003858108e-06,asphalt,0.0,0.15,0.0,3464.830131820641,5,-0.5287169218063354,-4.3897918658331037e-05,565.7440396163798,160.00005972859327,-0.0,6007.622368213466,5764.377631786534,1.1723988109224592e-06,1.496985823739084e-05,False,-0.0,True,0,0,-0.015021765604615211,36.69721984863281,0.08174873143434525,False,True,-0.9465628266334534,302.8686218261719,1.1175870895385742e-08,0.0,0.0,1.0,2936.750244140625,2936.750244140625,0.33881786465644836,0.06118214130401611,0.0,asphalt,True,0.7334370017051697,302.86932373046875,-1.1175870895385742e-08,0.0,0.0,1.0,2936.7607421875,2936.7607421875,0.33881762623786926,0.061182379722595215,0.0,asphalt,True,-0.945661723613739,300.6686096191406,-1.1175870895385742e-08,0.0,0.0,1.0,2949.23828125,2949.23828125,0.3385576903820038,0.06144231557846069,0.0,asphalt,True,0.734338104724884,300.6693420410156,4.0978193283081055e-08,0.0,0.0,1.0,2949.254638671875,2949.254638671875,0.33855733275413513,0.061442673206329346,0.0,asphalt,1170,111.21642662054418,914.6109797294911,111.21631002528792,36.69721221923828,8.489936590194702e-06,0.00011468352190227807,2.3135099580517332e-07,6.850415135323756,-0.010849143081418294,0.0,0.0,-0.0,2936.75,True,0.0,1169,4.680620530885621e-06,0.0001144166713204147,2.174452298050808e-07,True,1170,magic-formula,111.21644000820443,914.6131412980864,111.21632341294817,36.69721603393555,8.489005267620087e-06,0.00011469994802937127,2.3132559319403889e-07,6.876104789908557,0.00470714821750544,0.0,0.0,-0.0,2936.7607421875,True,0.0,1169,4.744950994225166e-06,0.00011484532430584427,-9.434340662051622e-08,True,1170,magic-formula,111.26878692278179,914.47377945361,111.26867032752553,36.69721221923828,1.1064112186431885e-05,0.0005855339950986102,3.0149734863596145e-07,35.26475575429962,-0.014386453641010074,42.53182022006143,33.2112,33.2112,2949.238525390625,True,0.0,1169,0.0009200111572389506,0.0005865115254829263,2.8705790333239663e-07,True,1170,magic-formula,111.26876140039634,914.4766461496786,111.26864480514008,36.69721603393555,1.106318086385727e-05,0.0005852004733926094,3.0147193873307224e-07,35.375663914386756,-0.09544788430151303,42.53182022006143,33.2112,33.2112,2949.255126953125,True,0.0,1169,0.0009289771011041473,0.0005883528522174217,1.9050459431016396e-06,True,1170,magic-formula
7.800000000000,936,held_throttle,0.0,0.15,0.0,1,-0.10686305910348892,303.60302734375,0.4186876714229584,0.023472027853131294,36.67080307006836,0.0067771258763968945,9.404938282386865e-06,asphalt,0.0,0.15,0.0,3462.3328770854046,5,-0.5282591581344604,-4.3965206714347005e-05,564.9296850602623,160.00002322778627,-0.0,6007.465069024334,5764.534930975666,1.1718776704583433e-06,1.4944484608698976e-05,False,-0.0,True,0,0,-0.015013138763606548,36.670799255371094,0.08174881339073181,False,True,-0.9473137259483337,304.7027282714844,1.1175870895385742e-08,0.0,0.0,1.0,2936.74560546875,2936.74560546875,0.33881786465644836,0.06118214130401611,0.0,asphalt,True,0.7326861023902893,304.70343017578125,-1.1175870895385742e-08,0.0,0.0,1.0,2936.756591796875,2936.756591796875,0.33881762623786926,0.061182379722595215,0.0,asphalt,True,-0.9464125037193298,302.50274658203125,-1.1175870895385742e-08,0.0,0.0,1.0,2949.24169921875,2949.24169921875,0.3385576903820038,0.06144231557846069,0.0,asphalt,True,0.733587384223938,302.5034484863281,4.0978193283081055e-08,0.0,0.0,1.0,2949.258056640625,2949.258056640625,0.33855733275413513,0.061442673206329346,0.0,asphalt,1176,111.13633880972785,920.1695926342718,111.13622319981087,36.67079162597656,8.472241461277008e-06,0.00011453751193777871,2.3103513956528166e-07,6.841723646109123,-0.01082380350141278,0.0,0.0,-0.0,2936.74755859375,True,0.0,1175,4.667434003854405e-06,0.0001142715994153777,2.1693753760744647e-07,True,1176,magic-formula,111.13635219197582,920.1717553809826,111.13623658205884,36.67079544067383,8.473172783851624e-06,0.00011455390120963808,2.3106051237856045e-07,6.867429382487922,0.0047247305052693376,0.0,0.0,-0.0,2936.758544921875,True,0.0,1175,4.731746159811196e-06,0.0001147005123484377,-9.46958694638155e-08,True,1176,magic-formula,111.18868500536202,920.0350138907894,111.18856939544504,36.67079162597656,1.1045485734939575e-05,0.0005856002786067706,3.012066346316595e-07,35.26876392994813,-0.014361152104506936,42.53596070449727,33.2112,33.2112,2949.239501953125,True,0.0,1175,0.0009218289614491287,0.0005865779708585251,2.8655268370479084e-07,True,1176,magic-formula,111.18865945624785,920.0378814448311,111.18854384633087,36.67079544067383,1.104641705751419e-05,0.0005852662760665653,3.012320001453145e-07,35.37973697026789,-0.0954899897347223,42.53596070449727,33.2112,33.2112,2949.256103515625,True,0.0,1175,0.0009307754435614271,0.0005884203761623762,1.9058858043342591e-06,True,1176,magic-formula
7.850000000000,942,held_throttle,0.0,0.15,0.0,1,-0.1076134592294693,305.435791015625,0.4186876714229584,0.023475419729948044,36.6444206237793,0.006776656024158001,9.032256457430776e-06,asphalt,0.0,0.15,0.0,3459.8388504865557,5,-0.5273436307907104,-4.384487692732364e-05,564.116973952352,160.00002654604145,-0.0,6007.307629682844,5764.692370317156,1.171286498902191e-06,1.4916307655115963e-05,False,-0.0,True,0,0,-0.015004524029791355,36.64441680908203,0.081748828291893,False,True,-0.9480641484260559,306.5355224609375,1.1175870895385742e-08,0.0,0.0,1.0,2936.750244140625,2936.750244140625,0.33881786465644836,0.06118214130401611,0.0,asphalt,True,0.7319356799125671,306.53619384765625,-1.1175870895385742e-08,0.0,0.0,1.0,2936.760498046875,2936.760498046875,0.33881762623786926,0.061182379722595215,0.0,asphalt,True,-0.9471627473831177,304.33551025390625,-1.1175870895385742e-08,0.0,0.0,1.0,2949.237548828125,2949.237548828125,0.3385576903820038,0.06144231557846069,0.0,asphalt,True,0.7328370213508606,304.336181640625,4.0978193283081055e-08,0.0,0.0,1.0,2949.25341796875,2949.25341796875,0.33855733275413513,0.061442673206329346,0.0,asphalt,1182,111.05635963488476,925.7242040866246,111.05624335812627,36.6444091796875,8.463859558105469e-06,0.00011432848607073,2.3097273902281803e-07,6.829307247627785,-0.010833527657774728,0.0,0.0,-0.0,2936.753173828125,True,0.0,1181,4.647876791763485e-06,0.00011406400011593744,2.171320171806111e-07,True,1182,magic-formula,111.05637301329556,925.7263680112812,111.05625673653707,36.644412994384766,8.462928235530853e-06,0.00011434485260845907,2.3094729984697875e-07,6.855027463250237,0.004696217532882249,0.0,0.0,-0.0,2936.763427734375,True,0.0,1181,4.70282708214578e-06,0.00011449318354325491,-9.412423873136368e-08,True,1182,magic-formula,111.1086917874725,925.5922461697342,111.108575510714,36.6444091796875,1.103617250919342e-05,0.0005856039341008554,3.011693395048811e-07,35.268969103958156,-0.014370906408539155,42.540095837669945,33.2112,33.2112,2949.23486328125,True,0.0,1181,0.0009233293843856681,0.000586582281329693,2.8674768906585425e-07,True,1182,magic-formula,111.10866623097915,925.5951145820678,111.10854995422066,36.644412994384766,1.1035241186618805e-05,0.0005852696246394434,3.0114389302154915e-07,35.3800057493165,-0.09555978530642183,42.540095837669945,33.2112,33.2112,2949.25048828125,True,0.0,1181,0.0009323024885573786,0.000588425941893287,1.9072825366974231e-06,True,1182,magic-formula
7.900000000000,948,held_throttle,0.0,0.15,0.0,1,-0.10836343467235565,307.2672424316406,0.4186876714229584,0.023478809744119644,36.61806869506836,0.006777285598218441,8.71906740940176e-06,asphalt,0.0,0.15,0.0,3457.3480787514304,5,-0.5268858671188354,-4.357675788924098e-05,563.3059040094504,160.00002322778627,-0.0,6007.150367356947,5764.849632643053,1.1708190186254797e-06,1.4903355268482343e-05,False,-0.0,True,0,0,-0.014995908364653587,36.618064880371094,0.0817488357424736,False,True,-0.9488142132759094,308.366943359375,1.1175870895385742e-08,0.0,0.0,1.0,2936.749755859375,2936.749755859375,0.33881786465644836,0.06118214130401611,0.0,asphalt,True,0.7311856150627136,308.36761474609375,-1.1175870895385742e-08,0.0,0.0,1.0,2936.76025390625,2936.76025390625,0.33881762623786926,0.061182379722595215,0.0,asphalt,True,-0.9479125738143921,306.1669616699219,-1.1175870895385742e-08,0.0,0.0,1.0,2949.23779296875,2949.23779296875,0.3385576903820038,0.06144231557846069,0.0,asphalt,True,0.7320871949195862,306.16766357421875,4.0978193283081055e-08,0.0,0.0,1.0,2949.254150390625,2949.254150390625,0.33855733275413513,0.061442673206329346,0.0,asphalt,1188,110.97648001274861,931.2748193178671,110.97636342120309,36.61805725097656,8.450821042060852e-06,0.00011418282520632349,2.3078288900308408e-07,6.820628832060197,-0.010807281220852238,0.0,0.0,-0.0,2936.747314453125,True,0.0,1187,4.63077078899075e-06,0.00011391927908954546,2.1660640161184898e-07,True,1188,magic-formula,110.9764933847874,931.2769844207149,110.97637679324188,36.61806106567383,8.449889719486237e-06,0.00011419914611300532,2.3075743153989947e-07,6.84636515424179,0.004713401379581796,0.0,0.0,-0.0,2936.758056640625,True,0.0,1187,4.6896608767571815e-06,0.00011434871380979637,-9.446881741780457e-08,True,1188,magic-formula,111.02879786854163,931.1454815224105,111.02868127699611,36.61805725097656,1.1021271347999573e-05,0.0005856685813556387,3.009791391296521e-07,35.27292880069045,-0.014346923514714211,42.54422561710075,33.2112,33.2112,2949.239990234375,True,0.0,1187,0.0009250937106979519,0.000586647095639879,2.862683838336447e-07,True,1188,magic-formula,111.02877229223472,931.1483507935579,111.0286557006892,36.61806106567383,1.1020340025424957e-05,0.0005853338527452203,3.009536743537525e-07,35.38404296826051,-0.09560194012220331,42.54422561710075,33.2112,33.2112,2949.25634765625,True,0.0,1187,0.0009341242282644898,0.0005884918950484361,1.9081202247647285e-06,True,1188,magic-formula
7.950000000000,954,held_throttle,0.0,0.15,0.0,1,-0.10911297798156738,309.0973815917969,0.4186876714229584,0.023482199758291245,36.59175109863281,0.0067767184227705,8.563059964217246e-06,asphalt,0.0,0.15,0.0,3454.8605161574,5,-0.5259703397750854,-4.334445111453533e-05,562.4963556846571,159.999963499193,-0.0,6006.998621632362,5765.001378367638,1.1702796882673283e-06,1.4892455013234716e-05,False,-0.0,True,0,0,-0.014987301081418991,36.59174728393555,0.08174875378608704,False,True,-0.9495638012886047,310.1971130371094,1.1175870895385742e-08,0.0,0.0,1.0,2936.748291015625,2936.748291015625,0.33881786465644836,0.06118214130401611,0.0,asphalt,True,0.7304360270500183,310.19775390625,-1.1175870895385742e-08,0.0,0.0,1.0,2936.760009765625,2936.760009765625,0.33881762623786926,0.061182379722595215,0.0,asphalt,True,-0.9486621022224426,307.9970703125,-1.1175870895385742e-08,0.0,0.0,1.0,2949.23876953125,2949.23876953125,0.3385576903820038,0.06144231557846069,0.0,asphalt,True,0.7313377261161804,307.997802734375,4.0978193283081055e-08,0.0,0.0,1.0,2949.25634765625,2949.25634765625,0.33855733275413513,0.061442673206329346,0.0,asphalt,1194,110.89670038359456,936.8214433901853,110.89658399326565,36.591739654541016,8.384697139263153e-06,0.00011400037507306236,2.2914180135795948e-07,6.809781621328636,-0.01070902853503806,0.0,0.0,-0.0,2936.748779296875,True,0.0,1193,4.609719619122674e-06,0.00011373805010312968,2.1463705222885975e-07,True,1194,magic-formula,110.8967137466159,936.8236096711844,110.89659735628699,36.59174346923828,8.383765816688538e-06,0.00011401662641405236,2.2911632575628442e-07,6.8355336258756445,0.00479950115434195,0.0,0.0,-0.0,2936.76025390625,True,0.0,1193,4.671240111057899e-06,0.00011416771867788724,-9.61944014209475e-08,True,1194,magic-formula,110.94900410964364,936.6947250113328,110.94888771931473,36.591739654541016,1.0955147445201874e-05,0.0005856978062186889,2.9938853819545087e-07,35.27469444786571,-0.014248584310167513,42.548350046953296,33.2112,33.2112,2949.23828125,True,0.0,1193,0.0009267655293112712,0.000586676776640133,2.8430572312861505e-07,True,1194,magic-formula,110.94897859475617,936.6975951429428,110.94886220442726,36.59174346923828,1.0954216122627258e-05,0.0005853633907677766,2.993630552705381e-07,35.38586516114723,-0.09556536227225562,42.548350046953296,33.2112,33.2112,2949.25,True,0.0,1193,0.0009357810857064288,0.0005885234434950649,1.9073944200113755e-06,True,1194,magic-formula
8.000000000000,960,held_throttle,0.0,0.15,0.0,1,-0.10986208915710449,310.92620849609375,0.4186876714229584,0.0234855804592371,36.56546401977539,0.006776520516723394,8.682792213221546e-06,asphalt,0.0,0.15,0.0,3452.3760333103824,5,-0.5255125761032104,-4.341137537267059e-05,561.6884441358634,159.99995686268264,-0.0,6006.844842994284,5765.155157005716,1.1698731441356358e-06,1.4890623401070955e-05,False,-0.0,True,0,0,-0.01497869472950697,36.565460205078125,0.0817486047744751,False,True,-0.9503129720687866,312.02593994140625,1.1175870895385742e-08,0.0,0.0,1.0,2936.749267578125,2936.749267578125,0.33881786465644836,0.06118214130401611,0.0,asphalt,True,0.7296869158744812,312.026611328125,-1.1175870895385742e-08,0.0,0.0,1.0,2936.761474609375,2936.761474609375,0.33881762623786926,0.061182379722595215,0.0,asphalt,True,-0.949411153793335,309.8258972167969,-1.1175870895385742e-08,0.0,0.0,1.0,2949.23876953125,2949.23876953125,0.3385576903820038,0.06144231557846069,0.0,asphalt,True,0.7305887341499329,309.8266296386719,1.1175870895385742e-08,0.0,0.0,1.0,2949.2509765625,2949.2509765625,0.3385574519634247,0.061442553997039795,0.0,asphalt,1200,110.81701520598003,942.3640809184238,110.81689914442981,36.565452575683594,8.351169526576996e-06,0.00011383538276198363,2.2838961200579984e-07,6.799964640328015,-0.010711961672577352,0.0,0.0,-0.0,2936.7470703125,True,0.0,1199,4.600533070275507e-06,0.00011357415096127299,2.146959628496997e-07,True,1200,magic-formula,110.81702854711787,942.3662483769713,110.81691248556766,36.56545639038086,8.352100849151611e-06,0.0001138514483066113,2.2841505818996484e-07,6.825730481219757,0.004784415656207613,0.0,0.0,-0.0,2936.76171875,True,0.0,1199,4.661916362524907e-06,0.00011400392831264873,-9.589200065726994e-08,True,1200,magic-formula,110.86930470911582,942.2399812469932,110.86918864756561,36.565452575683594,1.0919757187366486e-05,0.0005857435589043187,2.986359095313896e-07,35.277463141594716,-0.014252137809862142,42.552469184843524,33.2112,33.2112,2949.238037109375,True,0.0,1199,0.0009284655793828398,0.0005867228499188307,2.843765296211566e-07,True,1200,magic-formula,110.86927916507086,942.2428522410052,110.86916310352065,36.56545639038086,1.0920688509941101e-05,0.000585408639892055,2.98661348387098e-07,35.388700495972195,-0.09563704291796646,42.552469184843524,33.2112,33.2112,2949.25,True,0.0,1199,0.0009375166263649187,0.0005885705759322608,1.9088251747551776e-06,True,1200,magic-formula
