time_s,tick,phase,command.steering_deg,command.throttle,command.brake,command.direction,state.position.0,state.position.1,state.position.2,state.heading,state.speed,state.pitch,state.roll,state.surface,state.steering,state.throttle,state.brake,state.rpm,state.gear,state.acceleration,state.lateral_acceleration,state.dynamics.aerodynamic_force,state.dynamics.rolling_force,state.dynamics.grade_force,state.dynamics.front_load,state.dynamics.rear_load,state.dynamics.yaw_rate,state.dynamics.sideslip,state.dynamics.traction_limited,state.dynamics.road_grade,state.active,state.generation,state.signal,state.velocity.0,state.velocity.1,state.velocity.2,state.hazards,state.wheel_contacts.0.in_contact,state.wheel_contacts.0.contact_point.0,state.wheel_contacts.0.contact_point.1,state.wheel_contacts.0.contact_point.2,state.wheel_contacts.0.contact_normal.0,state.wheel_contacts.0.contact_normal.1,state.wheel_contacts.0.contact_normal.2,state.wheel_contacts.0.suspension_force,state.wheel_contacts.0.normal_load,state.wheel_contacts.0.suspension_length,state.wheel_contacts.0.compression,state.wheel_contacts.0.skid,state.wheel_contacts.0.surface,state.wheel_contacts.1.in_contact,state.wheel_contacts.1.contact_point.0,state.wheel_contacts.1.contact_point.1,state.wheel_contacts.1.contact_point.2,state.wheel_contacts.1.contact_normal.0,state.wheel_contacts.1.contact_normal.1,state.wheel_contacts.1.contact_normal.2,state.wheel_contacts.1.suspension_force,state.wheel_contacts.1.normal_load,state.wheel_contacts.1.suspension_length,state.wheel_contacts.1.compression,state.wheel_contacts.1.skid,state.wheel_contacts.1.surface,state.wheel_contacts.2.in_contact,state.wheel_contacts.2.contact_point.0,state.wheel_contacts.2.contact_point.1,state.wheel_contacts.2.contact_point.2,state.wheel_contacts.2.contact_normal.0,state.wheel_contacts.2.contact_normal.1,state.wheel_contacts.2.contact_normal.2,state.wheel_contacts.2.suspension_force,state.wheel_contacts.2.normal_load,state.wheel_contacts.2.suspension_length,state.wheel_contacts.2.compression,state.wheel_contacts.2.skid,state.wheel_contacts.2.surface,state.wheel_contacts.3.in_contact,state.wheel_contacts.3.contact_point.0,state.wheel_contacts.3.contact_point.1,state.wheel_contacts.3.contact_point.2,state.wheel_contacts.3.contact_normal.0,state.wheel_contacts.3.contact_normal.1,state.wheel_contacts.3.contact_normal.2,state.wheel_contacts.3.suspension_force,state.wheel_contacts.3.normal_load,state.wheel_contacts.3.suspension_length,state.wheel_contacts.3.compression,state.wheel_contacts.3.skid,state.wheel_contacts.3.surface,state.contact_tick,state.wheel_dynamics.0.omega,state.wheel_dynamics.0.rotation,state.wheel_dynamics.0.relative_omega,state.wheel_dynamics.0.longitudinal_speed,state.wheel_dynamics.0.lateral_speed,state.wheel_dynamics.0.kappa,state.wheel_dynamics.0.alpha,state.wheel_dynamics.0.fx,state.wheel_dynamics.0.fy,state.wheel_dynamics.0.drive_torque,state.wheel_dynamics.0.brake_capacity,state.wheel_dynamics.0.brake_torque,state.wheel_dynamics.0.normal_load,state.wheel_dynamics.0.road_support,state.wheel_dynamics.0.steering,state.wheel_dynamics.0.force_contact_tick,state.wheel_dynamics.0.force_residual,state.wheel_dynamics.0.force_kappa,state.wheel_dynamics.0.force_alpha,state.wheel_dynamics.0.sample_support,state.wheel_dynamics.0.sample_tick,state.wheel_dynamics.0.force_mode,state.wheel_dynamics.1.omega,state.wheel_dynamics.1.rotation,state.wheel_dynamics.1.relative_omega,state.wheel_dynamics.1.longitudinal_speed,state.wheel_dynamics.1.lateral_speed,state.wheel_dynamics.1.kappa,state.wheel_dynamics.1.alpha,state.wheel_dynamics.1.fx,state.wheel_dynamics.1.fy,state.wheel_dynamics.1.drive_torque,state.wheel_dynamics.1.brake_capacity,state.wheel_dynamics.1.brake_torque,state.wheel_dynamics.1.normal_load,state.wheel_dynamics.1.road_support,state.wheel_dynamics.1.steering,state.wheel_dynamics.1.force_contact_tick,state.wheel_dynamics.1.force_residual,state.wheel_dynamics.1.force_kappa,state.wheel_dynamics.1.force_alpha,state.wheel_dynamics.1.sample_support,state.wheel_dynamics.1.sample_tick,state.wheel_dynamics.1.force_mode,state.wheel_dynamics.2.omega,state.wheel_dynamics.2.rotation,state.wheel_dynamics.2.relative_omega,state.wheel_dynamics.2.longitudinal_speed,state.wheel_dynamics.2.lateral_speed,state.wheel_dynamics.2.kappa,state.wheel_dynamics.2.alpha,state.wheel_dynamics.2.fx,state.wheel_dynamics.2.fy,state.wheel_dynamics.2.drive_torque,state.wheel_dynamics.2.brake_capacity,state.wheel_dynamics.2.brake_torque,state.wheel_dynamics.2.normal_load,state.wheel_dynamics.2.road_support,state.wheel_dynamics.2.steering,state.wheel_dynamics.2.force_contact_tick,state.wheel_dynamics.2.force_residual,state.wheel_dynamics.2.force_kappa,state.wheel_dynamics.2.force_alpha,state.wheel_dynamics.2.sample_support,state.wheel_dynamics.2.sample_tick,state.wheel_dynamics.2.force_mode,state.wheel_dynamics.3.omega,state.wheel_dynamics.3.rotation,state.wheel_dynamics.3.relative_omega,state.wheel_dynamics.3.longitudinal_speed,state.wheel_dynamics.3.lateral_speed,state.wheel_dynamics.3.kappa,state.wheel_dynamics.3.alpha,state.wheel_dynamics.3.fx,state.wheel_dynamics.3.fy,state.wheel_dynamics.3.drive_torque,state.wheel_dynamics.3.brake_capacity,state.wheel_dynamics.3.brake_torque,state.wheel_dynamics.3.normal_load,state.wheel_dynamics.3.road_support,state.wheel_dynamics.3.steering,state.wheel_dynamics.3.force_contact_tick,state.wheel_dynamics.3.force_residual,state.wheel_dynamics.3.force_kappa,state.wheel_dynamics.3.force_alpha,state.wheel_dynamics.3.sample_support,state.wheel_dynamics.3.sample_tick,state.wheel_dynamics.3.force_mode
0.050000000000,6,full_throttle,0.0,1.0,0.0,1,1.321767584272493e-08,0.0007096858462318778,0.4160292446613312,8.065921974775847e-07,0.031273242086172104,0.009465816430747509,-3.1287049750972074e-07,grass,0.0,1.0,0.0,1174.9648484640759,1,1.0261579751968384,-7.261074642883614e-06,0.0002168642576239097,22.608505622173926,-0.0,5854.643374727882,5917.356625272118,1.0131046224159945e-07,0,False,-0.0,True,0,0,1.4442039741879853e-07,0.031273242086172104,0.06127484142780304,False,True,-0.8399999737739563,1.100778579711914,-3.725290298461914e-09,0.0,0.0,1.0,3170.489990234375,3170.489990234375,0.3362109959125519,0.0637890100479126,0.0,grass,True,0.8399999737739563,1.100778579711914,-3.725290298461914e-09,0.0,0.0,1.0,3170.490966796875,3170.490966796875,0.3362109959125519,0.0637890100479126,0.0,grass,True,-0.8399999737739563,-1.0992215871810913,-2.2351741790771484e-08,0.0,0.0,1.0,3267.93603515625,3267.93603515625,0.33584752678871155,0.06415247917175293,0.0,grass,True,0.8399999737739563,-1.0992215871810913,-2.2351741790771484e-08,0.0,0.0,1.0,3267.9365234375,3267.9365234375,0.33584752678871155,0.06415247917175293,0.0,grass,246,0.09657078851629998,0.0019162879163795812,0.10253093634416367,0.03178590536117554,7.308095018032645e-09,8.245484920346019e-05,7.308095018032645e-09,-35.33485056343838,8.385115181601883,0.0,0.0,-0.0,3217.477783203125,True,0.0,245,7.456076890220473e-12,-1.915134717478395e-15,-7.228014860207027e-21,True,246,sticking,0.09685007598285923,0.0019207728817015402,0.10281022381072293,0.03178607299923897,7.308097238478695e-09,0.00017445207510458083,7.308097238478695e-09,-35.68534247996479,-8.082286985878367,0.0,0.0,-0.0,3217.47802734375,True,0.0,245,2.01263114890841e-11,-5.169475958410885e-15,-7.877406409464993e-19,True,246,sticking,0.09731862589187068,0.0020690111538054314,0.10327877371973437,0.03178590536117554,2.2977488356445974e-07,0.0003292411831417874,2.297748835644557e-07,636.388824880189,150.997002428164,218.20457893337488,0.0,-0.0,3289.513671875,True,0.0,245,2.64879830410805e-09,6.803585472781037e-13,-1.817709362804818e-19,True,246,sticking,0.09218067669207611,0.0020686303034206936,0.0981408245199398,0.03178607299923897,2.2977489777531446e-07,-0.001366449690853852,2.297748977753104e-07,649.7907224140116,-154.17688294723627,218.20457893337488,0.0,-0.0,3289.51416015625,True,0.0,245,9.891998725078647e-10,-2.54081478079371e-13,4.9525526321446003e-20,True,246,sticking
0.100000000000,12,full_throttle,0.0,1.0,0.0,1,9.989542526511741e-09,0.004287348128855228,0.4157365560531616,4.3336967792129144e-07,0.10534578561782837,0.04781101644039154,2.3622249045729404e-07,grass,0.0,1.0,0.0,1339.3527951745725,1,1.7715507745742798,-6.660046892648097e-06,0.0034464531348583627,85.88016285899768,-0.0,5774.05334163069,5997.94665836931,-2.8051002232132305e-07,0,False,-0.0,True,0,0,-2.1405945460628573e-07,0.10534578561782837,0.09243546426296234,False,True,-0.8399999737739563,1.1046346426010132,4.0978193283081055e-08,0.0,0.0,1.0,2965.849609375,2965.849609375,0.33665451407432556,0.06334549188613892,0.0,grass,True,0.8399999737739563,1.1046346426010132,4.0978193283081055e-08,0.0,0.0,1.0,2965.850830078125,2965.850830078125,0.33665451407432556,0.06334549188613892,0.0,grass,True,-0.8399999737739563,-1.0953662395477295,-2.2351741790771484e-08,0.0,0.0,1.0,3199.774169921875,3199.774169921875,0.3348188102245331,0.0651811957359314,0.0,grass,True,0.8400000333786011,-1.09536612033844,7.450580596923828e-09,0.0,0.0,1.0,3199.779052734375,3199.779052734375,0.3348187506198883,0.06518125534057617,0.0,grass,252,0.32402356032814245,0.012529183992098021,0.3402348390647338,0.10673592239618301,3.9157733056072175e-08,0.00019185251210400434,3.9157733056072155e-08,-62.278875150753755,14.792738658450553,0.0,0.0,-0.0,2995.21435546875,True,0.0,251,5.846001408398515e-11,1.5015766408055242e-14,-4.3368086939809856e-20,True,252,sticking,0.3245135835057593,0.012544647495574832,0.34072486224235066,0.10673544555902481,3.9157729503358496e-08,0.00035403699787577014,3.9157729503358476e-08,-62.88107768707459,-14.645495236274428,0.0,0.0,-0.0,2995.21533203125,True,0.0,251,6.424126722547087e-11,1.650068970349139e-14,-7.5174174068819155e-19,True,252,sticking,0.325343435205877,0.013052382663931095,0.34155471394246834,0.10673592239618301,-5.768960704699566e-07,0.0006274112217563993,-5.768960704698927e-07,1121.0474995337436,266.0439475555652,384.3826824309598,0.0,-0.0,3205.0322265625,True,0.0,251,2.053124764019394e-11,-5.2735593669694936e-15,9.467061431154088e-20,True,252,sticking,0.3162894363245123,0.013050478077567217,0.3325007150611036,0.10673545300960541,-5.768960136265378e-07,-0.0023599390225163552,-5.768960136264738e-07,1144.6534488283958,-271.64610067035034,384.3826824309598,0.0,-0.0,3205.0341796875,True,0.0,251,1.2992332837338546e-08,3.337150000781719e-12,-5.992188187306823e-19,True,252,sticking
0.150000000000,18,full_throttle,0.0,1.0,0.0,1,-2.8682538868451957e-06,0.012462382204830647,0.41662362217903137,-0.00019748220802284777,0.20760461688041687,0.12116007506847382,0.00012671796139329672,grass,0.0,1.0,0.0,1434.9994039657026,1,2.192927837371826,0.0027467221952974796,0.015055729985493918,173.9186658144275,-0.0,5676.7898284658295,6095.2101715341705,-0.00010767461208160967,0,False,-0.0,True,0,0,-9.727662109071389e-05,0.20760461688041687,0.10640944540500641,False,True,-0.8399999737739563,1.1133487224578857,2.9802322387695312e-08,0.0,0.0,1.0,2773.85107421875,2773.85107421875,0.33895251154899597,0.061047494411468506,0.0,grass,True,0.8399999737739563,1.1133428812026978,3.3527612686157227e-08,0.0,0.0,1.0,2774.2587890625,2774.2587890625,0.3389488160610199,0.06105118989944458,0.0,grass,True,-0.8400075435638428,-1.0866563320159912,3.725290298461914e-08,0.0,0.0,1.0,3205.504150390625,3205.504150390625,0.3343002498149872,0.0656997561454773,0.0,grass,True,0.839992344379425,-1.0866620540618896,4.0978193283081055e-08,0.0,0.0,1.0,3206.1220703125,3206.1220703125,0.3342965543270111,0.06570345163345337,0.0,grass,258,0.637311652778877,0.03740942181358952,0.6634657126956117,0.2099604606628418,5.416641215560958e-06,0.00035238475418764015,5.416641215507983e-06,-78.92827433729515,18.74827753234474,0.0,0.0,-0.0,2806.168212890625,True,0.0,257,1.2372761309085784e-10,-3.1780134079895106e-14,0.0,True,258,sticking,0.6373865913353329,0.037425610554443156,0.6635406512520676,0.20977988839149475,5.416637577582151e-06,0.0005576867491651205,5.416637577529176e-06,-79.8956525151258,-24.017459672321554,0.0,0.0,-0.0,2806.740966796875,True,0.0,257,1.3161597185449186e-10,-3.3806291099836017e-14,7.792703114739563e-19,True,258,sticking,0.8940623394578395,0.04266187038554114,0.9202163993745742,0.2099604606628418,-0.00023105803120415658,0.08508011135824528,-0.00023105802709226232,1439.013886997957,3.150482777744971,507.094709204115,0.0,-0.0,3200.61669921875,True,0.0,257,0.0004449426928666382,0.084166036359724,-0.000221125996881483,True,258,magic-formula,0.8836181673419362,0.04199074552154202,0.9097722272586709,0.20977988839149475,-0.00023105801665224135,0.08181410683134421,-0.00023105801254034788,1439.1088349353918,-30.88691008221099,507.094709204115,0.0,-0.0,3201.58203125,True,0.0,257,0.00048596255819657793,0.08418848825743136,0.002168290029456686,True,258,magic-formula
0.200000000000,24,full_throttle,0.0,1.0,0.0,1,-6.094335731177125e-06,0.02577122487127781,0.4179195165634155,-0.0003118857857771218,0.3043411374092102,0.21818049252033234,0.00010857640154426917,grass,0.0,1.0,0.0,1488.2602305057133,1,1.702920913696289,0.00046131876297295094,0.03535804503249233,260.17719125313795,-0.0,5605.9851175469,6166.0148824531,-1.5638121112715453e-05,0,True,-0.0,True,0,0,-5.666874858434312e-05,0.3043411374092102,0.10734470933675766,False,True,-0.8400008678436279,1.1273752450942993,-3.725290298461914e-09,0.0,0.0,1.0,2599.463134765625,2599.463134765625,0.3421129286289215,0.05788707733154297,0.0,grass,True,0.8399990200996399,1.1273661851882935,-3.725290298461914e-09,0.0,0.0,1.0,2599.523193359375,2599.523193359375,0.34210970997810364,0.05789029598236084,0.0,grass,True,-0.840012788772583,-1.0726407766342163,2.2351741790771484e-08,0.0,0.0,1.0,3246.92431640625,3246.92431640625,0.33373531699180603,0.06626468896865845,0.0,grass,True,0.8399871587753296,-1.0726498365402222,-3.725290298461914e-09,0.0,0.0,1.0,3246.8955078125,3246.8955078125,0.33373215794563293,0.06626784801483154,0.0,grass,264,0.9282199018245977,0.07830924222438868,0.9573176041787904,0.30691251158714294,-3.251107409596443e-05,-0.0005999439850257193,-3.2511074084510026e-05,-60.66628181944723,1.4503046269998965,0.0,0.0,-0.0,2625.184326171875,True,0.0,263,9.116562543514555e-10,-0.0011345574655320378,-3.2547647067472776e-05,True,264,magic-formula,0.9285258370708493,0.07832700731952719,0.9576235394250421,0.3068862855434418,-3.2511070457985625e-05,-0.00047275931006146577,-3.251107044653122e-05,-61.14854791465625,-2.6616823163979797,0.0,0.0,-0.0,2625.275146484375,True,0.0,263,1.2982857218459665e-09,-0.0011435552288514006,5.973219310714046e-05,True,264,magic-formula,4.520531397071175,0.16678843812125332,4.549629099425368,0.30691251158714294,-6.685710104648024e-05,1.184862849446345,-6.6857100946866e-05,1164.5622194151586,0.05154680158582403,595.4664995782324,0.0,-0.0,3239.20751953125,True,0.0,263,1.3985208647015424e-05,1.183901799312935,-6.288497572967333e-05,True,264,magic-formula,4.490476627991964,0.16501327234326604,4.519574330346157,0.3068862855434418,-6.685710104648024e-05,1.1749710016939066,-6.6857100946866e-05,1165.9574154857985,-1.5548803612106035,595.4664995782324,0.0,-0.0,3239.238525390625,True,0.0,263,1.4163813528702774e-05,1.176694189654396,0.0018830379968161608,True,264,magic-formula
0.250000000000,30,full_throttle,0.0,1.0,0.0,1,-8.200032425520476e-06,0.043055493384599686,0.41907167434692383,-0.00031766959000378847,0.3709413707256317,0.31460466980934143,2.8235026547918096e-05,grass,0.0,1.0,0.0,1516.739954913145,1,1.0836565494537354,0.0004461253702174872,0.05500877434213784,319.988091517403,-0.0,5593.280203530616,6178.719796469384,4.415334842633456e-06,0,True,-0.0,True,0,0,-3.213595482520759e-05,0.3709413707256317,0.10014902055263519,False,True,-0.8400022983551025,1.1453778743743896,3.725290298461914e-09,0.0,0.0,1.0,2483.578125,2483.578125,0.3451184332370758,0.05488157272338867,0.0,grass,True,0.8399975895881653,1.1453685760498047,1.1175870895385742e-08,0.0,0.0,1.0,2483.480712890625,2483.480712890625,0.3451176583766937,0.05488234758377075,0.0,grass,True,-0.8400144577026367,-1.0546553134918213,3.725290298461914e-08,0.0,0.0,1.0,3291.5673828125,3291.5673828125,0.3330383002758026,0.06696170568466187,0.0,grass,True,0.8399854898452759,-1.0546646118164062,2.9802322387695312e-08,0.0,0.0,1.0,3291.346923828125,3291.346923828125,0.33303752541542053,0.06696248054504395,0.0,grass,270,1.1300015222175892,0.1315673713377858,1.1538905441655691,0.3730655014514923,-2.8729600671795197e-05,-0.00016499911968786973,-2.872960066389082e-05,-42.861138638994994,1.1400175172077724,0.0,0.0,-0.0,2498.0556640625,True,0.0,269,1.4957984785977032e-06,-0.0008420171894592543,-2.6875096840408528e-05,True,270,magic-formula,1.1302987692596136,0.13159379317028255,1.1541877912075935,0.37307292222976685,-2.87296024907846e-05,-7.432837409432347e-05,-2.8729602482880224e-05,-43.15476196109718,-1.5987706574748684,0.0,0.0,-0.0,2497.974853515625,True,0.0,269,1.7821388627429273e-06,-0.0008478191461310791,3.769137013375707e-05,True,270,magic-formula,13.238210415309327,0.6103964040611233,13.262099437257307,0.3730655014514923,-1.90016162378015e-05,3.995543935600586,-1.9001616235514582e-05,815.4741140869629,0.0026255628890678815,657.7877321843671,0.0,-0.0,3284.64892578125,True,0.0,269,1.6996897363572008e-07,3.994566382892041,-1.543348401602454e-05,True,270,magic-formula,13.193496475578286,0.6066846743273806,13.217385497526266,0.37307292222976685,-1.9001618056790903e-05,3.980780914711068,-1.9001618054503985e-05,816.4982437551162,-0.22957813345740294,657.7877321843671,0.0,-0.0,3284.442626953125,True,0.0,269,1.732944095625372e-07,3.9817295670546606,0.0013434701480961387,True,270,magic-formula
0.300000000000,36,full_throttle,0.0,1.0,0.0,1,-9.257646524929442e-06,0.06289908289909363,0.41978123784065247,-0.0002935534866992384,0.4128371775150299,0.39016255736351013,-3.693912731250748e-05,grass,0.0,1.0,0.0,1771.2075363560177,1,0.6932768225669861,0.0002830581506714225,0.06958899694735132,358.5433851719219,-0.0,5618.333349115494,6153.666650884506,9.9699118436547e-06,0,True,-0.0,True,0,0,-1.4450866729021072e-05,0.4128371775150299,0.0899139866232872,False,True,-0.8400033116340637,1.1657874584197998,-2.9802322387695312e-08,0.0,0.0,1.0,2435.376953125,2435.376953125,0.3472811281681061,0.0527188777923584,0.0,grass,True,0.8399966955184937,1.1657788753509521,0.0,0.0,0.0,1.0,2435.24951171875,2435.24951171875,0.34728214144706726,0.05271786451339722,0.0,grass,True,-0.840014636516571,-1.0342634916305542,4.470348358154297e-08,0.0,0.0,1.0,3326.879638671875,3326.879638671875,0.33229967951774597,0.0677003264427185,0.0,grass,True,0.8399853110313416,-1.0342720746994019,-1.4901161193847656e-08,0.0,0.0,1.0,3326.6748046875,3326.6748046875,0.3323008120059967,0.06769919395446777,0.0,grass,276,1.2551390444631527,0.1924231149722408,1.2690882356609057,0.4140811860561371,-2.2336957044899464e-05,0.00011469861670332371,-2.2336957041184533e-05,-31.757256234556106,0.8478258917378098,0.0,0.0,-0.0,2439.2607421875,True,0.0,275,1.0802248879442216e-09,-0.0006387789649742182,-2.0464236892514478e-05,True,276,magic-formula,1.2553953379596654,0.19245917614586555,1.2693445291574184,0.41409793496131897,-2.2336957044899464e-05,0.00018252656537065537,-2.2336957041184533e-05,-31.93735710340136,-1.1380339359980092,0.0,0.0,-0.0,2439.130615234375,True,0.0,275,1.0270197123049032e-09,-0.0006424381234780285,2.747064074537193e-05,True,276,magic-formula,26.045881398210387,1.6062951885431191,26.05983058940814,0.4140811860561371,-3.970772013417445e-07,8.181059675353291,-3.9707720134172365e-07,600.3375798320627,-0.00015622907442138477,712.2690792534079,0.0,-0.0,3321.591552734375,True,0.0,275,1.0065764741376497e-09,8.180083642603044,2.5544962035977043e-06,True,276,magic-formula,25.99382335294499,1.6001234157039406,26.007772544142743,0.41409793496131897,-3.9707583709969185e-07,8.163863771510528,-3.97075837099671e-07,600.8294063634368,-0.06136417122735459,712.2690792534079,0.0,-0.0,3321.37890625,True,0.0,275,1.015914571582219e-09,8.16435111061089,0.0010006137526141668,True,276,magic-formula
0.350000000000,42,full_throttle,0.0,1.0,0.0,1,-9.647584192862269e-06,0.08439798653125763,0.4199891686439514,-0.0002625709166750312,0.44080281257629395,0.437837690114975,-6.179847696330398e-05,grass,0.0,1.0,0.0,2570.309917905954,1,0.4779691696166992,0.00016261741984635592,0.0801371248437377,386.3936016919361,-0.0,5655.945323161018,6116.054676838982,1.1087265193054918e-05,0,True,-0.0,True,0,0,-3.856537205138011e-06,0.44080281257629395,0.08083733171224594,False,True,-0.8400040864944458,1.1876434087753296,-2.60770320892334e-08,0.0,0.0,1.0,2436.37841796875,2436.37841796875,0.348406583070755,0.05159342288970947,0.0,grass,True,0.8399958610534668,1.1876357793807983,-7.450580596923828e-09,0.0,0.0,1.0,2436.274658203125,2436.274658203125,0.34840843081474304,0.051591575145721436,0.0,grass,True,-0.8400142192840576,-1.0124207735061646,-7.450580596923828e-09,0.0,0.0,1.0,3355.88818359375,3355.88818359375,0.3315945565700531,0.06840544939041138,0.0,grass,True,0.839985728263855,-1.0124284029006958,-4.0978193283081055e-08,0.0,0.0,1.0,3355.7734375,3355.7734375,0.33159634470939636,0.06840366125106812,0.0,grass,282,1.3376620930262069,0.2578349488697952,1.3418842886217097,0.4411734640598297,-1.7948354070540518e-05,0.00025502663881860066,-1.7948354068613203e-05,-25.940480011052156,0.6932914184836744,0.0,0.0,-0.0,2434.006103515625,True,0.0,281,4.157733205382722e-10,-0.0005228538958467754,-1.6768700606614355e-05,True,282,magic-formula,1.3378879422626837,0.2578803403505051,1.3421101378581866,0.44119206070899963,-1.7948354070540518e-05,0.0003109602376860088,-1.7948354068613203e-05,-26.062149633421626,-0.9279345377952642,0.0,0.0,-0.0,2433.89892578125,True,0.0,281,4.359587202391775e-10,-0.000525330422928405,2.2445066886781893e-05,True,282,magic-formula,42.11558469121693,3.3318241555442905,42.119806886812434,0.4411734640598297,6.433166163333226e-06,13.456969484041759,6.433166163244479e-06,484.51837507869897,-0.000253892300034992,786.1898927274378,0.0,-0.0,3351.27587890625,True,0.0,281,1.4611195083594792e-11,13.456009895063373,8.461294696592793e-06,True,282,magic-formula,42.060102825593766,3.3229462000246475,42.06432502118927,0.44119206070899963,6.4331643443438224e-06,13.438641871736944,6.433164344255075e-06,484.7643071783652,-0.024430737699768806,786.1898927274378,0.0,-0.0,3351.140869140625,True,0.0,281,1.3815649555609166e-11,13.43890500997499,0.0008127387750018592,True,282,magic-formula
0.400000000000,48,full_throttle,0.0,1.0,0.0,1,-9.657445843913592e-06,0.10704763978719711,0.41981029510498047,-0.00023026230337563902,0.46091800928115845,0.4585368037223816,-5.698305903933942e-05,grass,0.0,1.0,0.0,3188.6248751397247,2,0.35808318853378296,8.159490243997425e-05,0.08807346965459822,407.9440931377161,-0.0,5693.949249801066,6078.050750198934,1.148624960478628e-05,0,True,-0.0,True,0,0,1.8928201370727038e-06,0.46091800928115845,0.07516908645629883,False,True,-0.8400047421455383,1.2104461193084717,2.9802322387695312e-08,0.0,0.0,1.0,2486.357666015625,2486.357666015625,0.3486262857913971,0.05137372016906738,0.0,grass,True,0.8399952054023743,1.2104394435882568,3.725290298461914e-09,0.0,0.0,1.0,2486.314697265625,2486.314697265625,0.3486279547214508,0.05137205123901367,0.0,grass,True,-0.8400135636329651,-0.989624559879303,-1.1175870895385742e-08,0.0,0.0,1.0,3353.443603515625,3353.443603515625,0.33101943135261536,0.06898057460784912,0.0,grass,True,0.8399863243103027,-0.9896312355995178,-3.725290298461914e-08,0.0,0.0,1.0,3353.39794921875,3353.39794921875,0.33102115988731384,0.06897884607315063,0.0,grass,288,1.3958607700202277,0.32623517241837857,1.3896372646573594,0.460349440574646,-1.4849860235699452e-05,0.0002846135320291876,-1.4849860234607896e-05,-22.332574758388624,0.6049989228160023,0.0,0.0,-0.0,2465.995849609375,True,0.0,287,6.844672871403445e-11,-0.0004442698424613756,-1.4442550168182054e-05,True,288,magic-formula,1.3960663311865988,0.3262894896774414,1.3898428258237305,0.46036872267723083,-1.4849862054688856e-05,0.0003331666143467915,-1.48498620535973e-05,-22.41968768917574,-0.8079268543888412,0.0,0.0,-0.0,2465.9443359375,True,0.0,287,6.955957193710954e-11,-0.0004460126591704916,1.9287276951916943e-05,True,288,magic-formula,58.51406891494374,5.903708625143142,58.507845409580874,0.460349440574646,1.0386282156105153e-05,18.84929330135679,1.0386282155731681e-05,422.98615097825376,-0.0002154704739221063,641.6492764088372,0.0,-0.0,3360.18994140625,True,0.0,287,2.8447384071796295e-13,18.848408010499448,1.1521725891685379e-05,True,288,magic-formula,58.456767418548196,5.892003244951587,58.45054391318533,0.46036872267723083,1.038628033711575e-05,18.830364525443674,1.0386280336742278e-05,423.1357398429434,-0.01335381733748081,641.6492764088372,0.0,-0.0,3360.138427734375,True,0.0,287,1.2506157116970259e-12,18.830537805299237,0.0007131314968144917,True,288,magic-formula
0.450000000000,54,full_throttle,0.0,1.0,0.0,1,-9.47492299019359e-06,0.13056530058383942,0.41944655776023865,-0.0001963126560440287,0.4766105115413666,0.4389691650867462,-4.162559343967587e-05,grass,0.0,1.0,0.0,3754.32547237949,2,0.2868138253688812,4.2025098082376644e-05,0.0944525951539117,427.5746041738598,-0.0,5727.358241340639,6044.641758659361,1.2245120160514489e-05,0,True,-0.0,True,0,0,4.657511908590095e-06,0.4766105115413666,0.07459788024425507,False,True,-0.8400053381919861,1.2338141202926636,-1.862645149230957e-08,0.0,0.0,1.0,2615.54638671875,2615.54638671875,0.34788599610328674,0.052114009857177734,0.0,grass,True,0.8399946093559265,1.2338083982467651,1.4901161193847656e-08,0.0,0.0,1.0,2615.54150390625,2615.54150390625,0.34788718819618225,0.05211281776428223,0.0,grass,True,-0.8400129079818726,-0.9662505388259888,-2.60770320892334e-08,0.0,0.0,1.0,3292.40380859375,3292.40380859375,0.3310305178165436,0.0689694881439209,0.0,grass,True,0.83998703956604,-0.9662562012672424,-7.450580596923828e-09,0.0,0.0,1.0,3292.376708984375,3292.376708984375,0.3310316503047943,0.06896835565567017,0.0,grass,294,1.4396044595213946,0.3964799530430842,1.4204892462166365,0.47489044070243835,-1.308824084844673e-05,0.00017903093962190475,-1.3088240847699383e-05,-20.17641127586105,0.5734035615969757,0.0,0.0,-0.0,2594.251220703125,True,0.0,293,1.6183775753116952e-11,-0.000381518994007346,-1.301109579760753e-05,True,294,magic-formula,1.4398006419186793,0.39654294646429483,1.4206854286139212,0.47491100430488586,-1.308824084844673e-05,0.00022320752827831303,-1.3088240847699383e-05,-20.246011563671832,-0.7605945157527252,0.0,0.0,-0.0,2594.23876953125,True,0.0,293,1.4337903657453333e-11,-0.0003828372148296788,1.7258740670829536e-05,True,294,magic-formula,69.47653843236765,9.144673741721157,69.45742321906289,0.47489044070243835,1.3804040463583078e-05,22.452367241978887,1.3804040462706284e-05,389.2596291877772,-0.00021022728432913796,456.68833961670003,0.0,-0.0,3302.448974609375,True,0.0,293,2.842248813527351e-13,22.45166537491959,1.4550553777911522e-05,True,294,magic-formula,69.41800428854643,9.130068253933215,69.39888907524167,0.4749109745025635,1.3804040463583078e-05,22.433030440717758,1.3804040462706284e-05,389.3713335392995,-0.00955294957546397,456.68833961670003,0.0,-0.0,3302.415283203125,True,0.0,293,2.2738367048364064e-13,22.433276246272264,0.0006604613349977666,True,294,magic-formula
0.500000000000,60,full_throttle,0.0,1.0,0.0,1,-9.195374332193751e-06,0.15478014945983887,0.4191587567329407,-0.00015994772547855973,0.489454060792923,0.382101833820343,-2.502689676475711e-05,grass,0.0,1.0,0.0,4355.913113707638,2,0.2380845844745636,2.1309300791472197e-05,0.09980540314857905,442.6747167270634,-0.0,5755.2034924530435,6016.7965075469565,1.3148262951290235e-05,0,True,-0.0,True,0,0,6.123342245700769e-06,0.489454060792923,0.07839679718017578,False,True,-0.8400058746337891,1.257602334022522,2.9802322387695312e-08,0.0,0.0,1.0,2730.348876953125,2730.348876953125,0.3465036451816559,0.053496360778808594,0.0,grass,True,0.8399940729141235,1.2575976848602295,3.725290298461914e-09,0.0,0.0,1.0,2730.36279296875,2730.36279296875,0.3465043604373932,0.05349564552307129,0.0,grass,True,-0.8400120139122009,-0.9424466490745544,7.450580596923828e-09,0.0,0.0,1.0,3210.270263671875,3210.270263671875,0.3318317234516144,0.0681682825088501,0.0,grass,True,0.8399878740310669,-0.9424514174461365,-1.862645149230957e-08,0.0,0.0,1.0,3210.258544921875,3210.258544921875,0.33183249831199646,0.06816750764846802,0.0,grass,300,1.475584641603375,0.46808003276403876,1.4469687943734175,0.4868916869163513,-1.197509845951572e-05,5.124481276247428e-05,-1.1975098458943299e-05,-18.78933261215094,0.5572118730587672,0.0,0.0,-0.0,2713.06982421875,True,0.0,299,0.0007539270575359085,-0.0003397096290507218,-1.2089502444569027e-05,True,300,magic-formula,1.4757767721214838,0.4681516477527234,1.4471609248915263,0.4869137406349182,-1.197509845951572e-05,9.2594165171489e-05,-1.1975098458943299e-05,-18.84877333173586,-0.7322722013871875,0.0,0.0,-0.0,2713.079833984375,True,0.0,299,0.000768239470921048,-0.0003407830365594333,1.588761554769384e-05,True,300,magic-formula,76.61000080926621,12.823111981711477,76.58138496203625,0.4868916869163513,1.6895002772798762e-05,24.7944085801415,1.6895002771191252e-05,367.08515115124493,-0.00021479009816075727,333.9669303299614,0.0,-0.0,3225.8876953125,True,0.0,299,4.547479072519526e-13,24.793886089002825,1.7408978411421723e-05,True,300,magic-formula,76.55048583557378,12.805552448673506,76.52186998834382,0.4869137406349182,1.6895002772798762e-05,24.77474658510443,1.6895002771191252e-05,367.18010725202566,-0.0077492165541418875,333.9669303299614,0.0,-0.0,3225.8740234375,True,0.0,299,1.3073988160993962e-12,24.775098768915342,0.0006274443844568503,True,300,magic-formula
0.550000000000,66,full_throttle,0.0,1.0,0.0,1,-8.866313692124095e-06,0.17957326769828796,0.4190831780433655,-0.00012073423567926511,0.5001822113990784,0.3022412061691284,-1.2472876733227167e-05,grass,0.0,1.0,0.0,4888.472578077073,2,0.19994033873081207,1.1144986274302937e-05,0.1043789525513396,452.2042365516518,-0.0,5778.003818497347,5993.996181502653,1.4166917935654055e-05,0,True,-0.0,True,0,0,6.847000804555137e-06,0.5001822113990784,0.08256808668375015,False,True,-0.840006411075592,1.2818011045455933,-1.1175870895385742e-08,0.0,0.0,1.0,2816.478271484375,2816.478271484375,0.3448914587497711,0.05510854721069336,0.0,grass,True,0.8399935364723206,1.2817976474761963,0.0,0.0,0.0,1.0,2816.492919921875,2816.492919921875,0.34489181637763977,0.05510818958282471,0.0,grass,True,-0.8400110602378845,-0.9182295799255371,-1.4901161193847656e-08,0.0,0.0,1.0,3111.880615234375,3111.880615234375,0.3332861363887787,0.06671386957168579,0.0,grass,True,0.8399888873100281,-0.9182331562042236,-7.450580596923828e-09,0.0,0.0,1.0,3111.880126953125,3111.880126953125,0.33328649401664734,0.06671351194381714,0.0,grass,306,1.5067150760273544,0.5409721296032067,1.474374512193641,0.4972893297672272,-1.1194497346878052e-05,-7.335467820018815e-05,-1.1194497346410432e-05,-17.703138073427386,0.5420448280750201,0.0,0.0,-0.0,2804.20556640625,True,0.0,305,0.0005158009451364994,-0.0003096681866681661,-1.1378120311742502e-05,True,306,magic-formula,1.5069054522336707,0.5410523836727249,1.4745648883999571,0.49731308221817017,-1.1194499165867455e-05,-3.4282981058841866e-05,-1.1194499165399836e-05,-17.75573552025254,-0.7048343719151561,0.0,0.0,-0.0,2804.22021484375,True,0.0,305,0.0005251614399232853,-0.00031058661735450244,1.4795169615295011e-05,True,306,magic-formula,81.21543836875226,16.785158738751115,81.18309780491855,0.4972893297672272,1.9911873096134514e-05,26.30380533192102,1.991187309350294e-05,348.8462854883836,-0.00022454206103345717,251.68139321063924,0.0,-0.0,3128.18994140625,True,0.0,305,5.115908773748387e-13,26.303445125173823,2.0316901829458435e-05,True,306,magic-formula,81.15506661162534,16.76459979148432,81.12272604779163,0.49731308221817017,1.9911874915123917e-05,26.283858899618195,1.9911874912492345e-05,348.9316125965422,-0.0066526215677590594,251.68139321063924,0.0,-0.0,3128.187744140625,True,0.0,305,1.7053059208655046e-13,26.284317115596096,0.0006013542627147722,True,306,magic-formula
0.600000000000,72,full_throttle,0.0,1.0,0.0,1,-8.509178769600112e-06,0.20485372841358185,0.41917797923088074,-7.863511564210057e-05,0.5092933177947998,0.21704432368278503,-5.257383691059658e-06,grass,0.0,1.0,0.0,5319.053543225584,2,0.17116843163967133,8.516817615600303e-06,0.10833035340992501,458.3997140857009,-0.0,5796.526703691421,5975.473296308579,1.5128342056414112e-05,0,True,-0.0,True,0,0,7.338255272770766e-06,0.5092933177947998,0.08464334905147552,False,True,-0.840006947517395,1.3064508438110352,-2.60770320892334e-08,0.0,0.0,1.0,2873.88525390625,2873.88525390625,0.3433479368686676,0.056652069091796875,0.0,grass,True,0.8399930000305176,1.3064484596252441,7.450580596923828e-09,0.0,0.0,1.0,2873.898681640625,2873.898681640625,0.3433479964733124,0.0566520094871521,0.0,grass,True,-0.8400099277496338,-0.8935650587081909,-1.1175870895385742e-08,0.0,0.0,1.0,3023.724853515625,3023.724853515625,0.33501389622688293,0.06498610973358154,0.0,grass,True,0.8399900197982788,-0.8935674428939819,-3.725290298461914e-09,0.0,0.0,1.0,3023.724853515625,3023.724853515625,0.33501407504081726,0.06498593091964722,0.0,grass,312,1.5345350326326597,0.6152586780430951,1.5041299210217702,0.5065691471099854,-1.0682443644327577e-05,-0.00017258634120764782,-1.0682443643921237e-05,-16.87447435084617,0.5289194626192967,0.0,0.0,-0.0,2866.1376953125,True,0.0,311,0.00037947219376012806,-0.00028879414697746686,-1.0862631247354752e-05,True,312,magic-formula,1.5347251697521824,0.6153476274858467,1.504320058141293,0.5065945386886597,-1.0682441825338174e-05,-0.00013523267043946685,-1.0682441824931833e-05,-16.922315875215713,-0.6782765838448567,0.0,0.0,-0.0,2866.147705078125,True,0.0,311,0.0003861313620511469,-0.00028961192160403826,1.3929986306637049e-05,True,312,magic-formula,84.12571021242726,20.92883189807674,84.09530510081638,0.5065691471099854,2.2536383767146617e-05,27.254915222991013,2.2536383763331293e-05,334.6626957317868,-0.00023436082416094877,195.31699588232803,0.0,-0.0,3036.84130859375,True,0.0,311,3.979039796980254e-13,27.25468089595351,2.2903405335680328e-05,True,312,magic-formula,84.06455817461799,20.905232926422855,84.0341530630071,0.5065945386886597,2.253638558613602e-05,27.234709658935277,2.2536385582320696e-05,334.7419079816536,-0.005958107289976948,195.31699588232803,0.0,-0.0,3036.842529296875,True,0.0,311,5.684342191972184e-13,27.23525161252938,0.000581715748177364,True,312,magic-formula
0.650000000000,78,full_throttle,0.0,1.0,0.0,1,-8.130696187436115e-06,0.2305539846420288,0.4193224608898163,-3.388128970982507e-05,0.5172383189201355,0.14148831367492676,-2.2750361949874787e-06,grass,0.0,1.0,0.0,5647.124790702223,2,0.15125373005867004,6.452685738622677e-06,0.11181769112105748,463.4232221864044,-0.0,5811.392277703312,5960.607722296688,1.6022680938476697e-05,0,True,-0.0,True,0,0,7.72528255765792e-06,0.5172383189201355,0.0842021033167839,False,True,-0.8400073647499084,1.33159339427948,3.725290298461914e-09,0.0,0.0,1.0,2907.388427734375,2907.388427734375,0.342040091753006,0.057959914207458496,0.0,grass,True,0.8399925827980042,1.331592321395874,3.725290298461914e-09,0.0,0.0,1.0,2907.393310546875,2907.393310546875,0.342040091753006,0.057959914207458496,0.0,grass,True,-0.8400086760520935,-0.868413507938385,3.3527612686157227e-08,0.0,0.0,1.0,2962.74462890625,2962.74462890625,0.3366072475910187,0.0633927583694458,0.0,grass,True,0.8399912714958191,-0.8684144020080566,7.450580596923828e-09,0.0,0.0,1.0,2962.7412109375,2962.7412109375,0.3366073668003082,0.06339263916015625,0.0,grass,318,1.560011234064825,0.6910562882080679,1.5355537570316866,0.5150402784347534,-1.0400297469459474e-05,-0.00023657119336117916,-1.0400297469084488e-05,-16.31070671583376,0.518680321652077,0.0,0.0,-0.0,2903.21533203125,True,0.0,317,0.0003050431558626968,-0.0002755802186290568,-1.0516262919225602e-05,True,318,magic-formula,1.5602022974891128,0.6911540236034818,1.5357448204559745,0.5150671601295471,-1.0400294740975369e-05,-0.00020040195813986195,-1.0400294740600382e-05,-16.35507733584342,-0.6577189292618314,0.0,0.0,-0.0,2903.221923828125,True,0.0,317,0.0003102243379993689,-0.0002763292800210815,1.3335243423636739e-05,True,318,magic-formula,85.8756584465211,25.18504125505115,85.85120096948796,0.5150402784347534,2.4783883418422192e-05,27.82392700891721,2.4783883413347767e-05,325.1466735433724,-0.00026620965578255055,156.4912579590801,0.0,-0.0,2970.6591796875,True,0.0,317,0.000875799482286527,27.823773817559033,2.5183751261222688e-05,True,318,magic-formula,85.81377421649837,25.158364664606772,85.78931673946524,0.5150671601295471,2.4783879780443385e-05,27.803478331314917,2.4783879775368963e-05,325.22224652184667,-0.0055286774953009965,156.4912579590801,0.0,-0.0,2970.65966796875,True,0.0,317,0.0008779113151757123,27.804072946283295,0.0005693549864113833,True,318,magic-formula
0.700000000000,84,full_throttle,0.0,1.0,0.0,1,-7.735584404144902e-06,0.2566264569759369,0.41940122842788696,1.3345613297133241e-05,0.5243600010871887,0.09041167050600052,-1.6033515066737891e-06,grass,0.0,1.0,0.0,5909.1970584514,2,0.13680733740329742,3.986309366155183e-06,0.11497845894564306,468.09044482682356,-0.0,5823.161632110469,5948.838367889531,1.686751602392178e-05,0,True,-0.0,True,0,0,8.00445195636712e-06,0.5243600010871887,0.08174701780080795,False,True,-0.8400079607963562,1.357289433479309,-3.725290298461914e-09,0.0,0.0,1.0,2895.66748046875,2895.66748046875,0.34113749861717224,0.058862507343292236,0.0,grass,True,0.8399919867515564,1.3572899103164673,1.1175870895385742e-08,0.0,0.0,1.0,2895.66455078125,2895.66455078125,0.341137558221817,0.05886244773864746,0.0,grass,True,-0.840007483959198,-0.8427132964134216,-7.450580596923828e-09,0.0,0.0,1.0,2952.4697265625,2952.4697265625,0.33766594529151917,0.06233406066894531,0.0,grass,True,0.8399925231933594,-0.8427127599716187,-7.450580596923828e-09,0.0,0.0,1.0,2952.4697265625,2952.4697265625,0.33766594529151917,0.06233406066894531,0.0,grass,324,1.584679575027229,0.7685163483532246,1.5716052179646507,0.5231769680976868,-1.0418202691653278e-05,-0.00023270833870125962,-1.0418202691276351e-05,-16.33130050903623,0.5179458456514751,0.0,0.0,-0.0,2900.925537109375,True,0.0,323,0.0003075746176051019,-0.00027614598887226727,-1.0509662262022915e-05,True,324,magic-formula,1.584875010368237,0.7686230524314229,1.5718006533056588,0.5232052803039551,-1.041820360114798e-05,-0.000196526882436876,-1.0418203600771053e-05,-16.375066323898018,-0.6573694375498403,0.0,0.0,-0.0,2900.92626953125,True,0.0,323,0.00031271776845458605,-0.0002768859728045081,1.3338706949470252e-05,True,324,magic-formula,89.40797432323092,29.560092171146458,89.39489996616834,0.5231769680976868,2.6621542929206043e-05,28.98145455856852,2.6621542922917088e-05,318.64283049584685,-0.0002659642788783991,279.52690461575855,0.0,-0.0,2949.99072265625,True,0.0,323,0.0007469250276204188,28.981296756954105,2.704917051233249e-05,True,324,magic-formula,89.34539716691012,29.530302372352228,89.33232280984754,0.5232052803039551,2.6621542929206043e-05,28.960775784776384,2.6621542922917088e-05,318.713245431613,-0.005128595722304798,279.52690461575855,0.0,-0.0,2949.9912109375,True,0.0,323,0.0007486819461471782,28.961375409925637,0.0005612279794331394,True,324,magic-formula
0.750000000000,90,full_throttle,0.0,1.0,0.0,1,-7.328608262469061e-06,0.2830376923084259,0.41932952404022217,6.283216498559341e-05,0.5309292674064636,0.07700013369321823,-1.8602765976538649e-06,grass,0.0,1.0,0.0,6205.149421348316,2,0.1282678097486496,3.7693357626267243e-06,0.1179155828770365,473.6736291388503,-0.0,5832.365512664986,5939.634487335014,1.7604403183213435e-05,0,True,-0.0,True,0,0,8.227082616940606e-06,0.5309292674064636,0.07844987511634827,False,True,-0.8400084972381592,1.383601427078247,-7.450580596923828e-09,0.0,0.0,1.0,2853.342529296875,2853.342529296875,0.3408081829547882,0.05919182300567627,0.0,grass,True,0.8399914503097534,1.3836032152175903,-7.450580596923828e-09,0.0,0.0,1.0,2853.34130859375,2853.34130859375,0.3408081829547882,0.05919182300567627,0.0,grass,True,-0.8400061130523682,-0.8164007663726807,7.450580596923828e-09,0.0,0.0,1.0,3001.234619140625,3001.234619140625,0.33785155415534973,0.062148451805114746,0.0,grass,True,0.8399938344955444,-0.8163988590240479,-2.60770320892334e-08,0.0,0.0,1.0,3001.23046875,3001.23046875,0.3378516137599945,0.06214839220046997,0.0,grass,330,1.6081251356347595,0.847822007200038,1.6072555653347764,0.530836820602417,-1.0504954843781888e-05,-0.00015552584294631355,-1.0504954843395467e-05,-16.280765813068754,0.5144954916371441,0.0,0.0,-0.0,2860.44091796875,True,0.0,329,0.00030330360837195876,-0.00027918816962080317,-1.058742065145393e-05,True,330,magic-formula,1.60832414503843,0.8479379283970545,1.607454574738447,0.5308663249015808,-1.0504953024792485e-05,-0.00011935703889887073,-1.0504953024406063e-05,-16.320873278033392,-0.640755544809243,0.0,0.0,-0.0,2860.43701171875,True,0.0,329,0.000307978154401819,-0.0002798763469444854,1.3185648543839097e-05,True,330,magic-formula,95.26690806707427,34.18494356592036,95.26603849677429,0.530836820602417,2.8152966478955932e-05,30.907242841532092,2.8152966471518017e-05,316.05507490436344,-0.0002587479820261073,323.26993967658666,0.0,-0.0,2986.062255859375,True,0.0,329,0.0006229488707726821,30.907005256532074,2.8550829619126075e-05,True,330,magic-formula,95.20369638420212,34.15200742186685,95.20282681390213,0.5308663249015808,2.815296465996653e-05,30.88635348188512,2.8152964652528614e-05,316.11885544378123,-0.0047496022450846985,323.26993967658666,0.0,-0.0,2986.06103515625,True,0.0,329,0.0006243246803438175,30.886875977279427,0.0005587004435327225,True,330,magic-formula
0.800000000000,96,full_throttle,0.0,1.0,0.0,1,-6.9128172981436364e-06,0.3097696006298065,0.4191388487815857,0.00011427936988184229,0.5372608304023743,0.09005998075008392,-2.200468088631169e-06,grass,0.0,1.0,0.0,6549.049941019696,2,0.12486293166875839,2.908996293626842e-06,0.1207635874088251,482.7689256465344,-0.0,5839.313598236094,5932.686401763906,1.825222534534987e-05,0,True,-0.0,True,0,0,8.385730325244367e-06,0.5372608304023743,0.07781312614679337,False,True,-0.8400090932846069,1.4104281663894653,-3.725290298461914e-09,0.0,0.0,1.0,2830.8857421875,2830.8857421875,0.34086838364601135,0.059131622314453125,0.0,grass,True,0.8399908542633057,1.4104313850402832,-3.725290298461914e-09,0.0,0.0,1.0,2830.88525390625,2830.88525390625,0.34086838364601135,0.059131622314453125,0.0,grass,True,-0.8400046825408936,-0.7895745038986206,-2.2351741790771484e-08,0.0,0.0,1.0,3060.917724609375,3060.917724609375,0.3374103009700775,0.06258970499038696,0.0,grass,True,0.839995265007019,-0.7895711064338684,-3.725290298461914e-09,0.0,0.0,1.0,3060.913818359375,3060.913818359375,0.3374103605747223,0.06258964538574219,0.0,grass,336,1.6288215827069616,0.9286955036647017,1.6327561654023266,0.5375962257385254,-1.0566644959908444e-05,-8.510344522805191e-05,-1.0566644959515176e-05,-16.121270223245304,0.5129325156544121,0.0,0.0,-0.0,2832.868408203125,True,0.0,335,0.0002860475251754282,-0.0002791440645688592,-1.0657996495423378e-05,True,336,magic-formula,1.6290230102250005,0.9288208919642016,1.6329575929203655,0.5376268625259399,-1.0566644050413743e-05,-4.926915168979029e-05,-1.0566644050020474e-05,-16.155822101652316,-0.619185715085837,0.0,0.0,-0.0,2832.8681640625,True,0.0,335,0.00028989681023222457,-0.0002797423819023148,1.2865784109355129e-05,True,336,magic-formula,100.27646939162454,39.094165058749326,100.28040397431991,0.5375962257385254,2.951383066829294e-05,32.553638673497574,2.951383065972344e-05,318.28021130128843,-0.0002572677454831739,245.06698503976662,0.0,-0.0,3055.2119140625,True,0.0,335,0.0005597690562637174,32.553331842933844,2.9841899264744027e-05,True,336,magic-formula,100.21267416571747,39.05805233794859,100.21660874841284,0.5376268625259399,2.9513827030314133e-05,32.53255561216083,2.9513827021744636e-05,318.3401537313366,-0.004581241035337898,245.06698503976662,0.0,-0.0,3055.21142578125,True,0.0,335,0.0005609511989935412,32.53299850883799,0.000563560128100505,True,336,magic-formula
0.850000000000,102,full_throttle,0.0,1.0,0.0,1,-6.488477083621547e-06,0.3368108570575714,0.41895952820777893,0.0001674223894951865,0.5433251261711121,0.10539879649877548,-2.557051175244851e-06,grass,0.0,1.0,0.0,6866.572325369714,2,0.11847996711730957,3.8011801279935753e-06,0.1235348459941938,489.0570783077846,-0.0,5844.61307737324,5927.38692262676,1.8810887922882102e-05,0,True,-0.0,True,0,0,8.563860319554806e-06,0.5433251261711121,0.07870129495859146,False,True,-0.8400096893310547,1.437580943107605,-4.0978193283081055e-08,0.0,0.0,1.0,2829.03662109375,2829.03662109375,0.34098371863365173,0.059016287326812744,0.0,grass,True,0.8399902582168579,1.4375860691070557,-2.2351741790771484e-08,0.0,0.0,1.0,2829.033447265625,2829.033447265625,0.3409837782382965,0.05901622772216797,0.0,grass,True,-0.840003252029419,-0.7624229192733765,0.0,0.0,0.0,1.0,3068.000732421875,3068.000732421875,0.3369366228580475,0.06306338310241699,0.0,grass,True,0.8399966955184937,-0.7624179124832153,-2.9802322387695312e-08,0.0,0.0,1.0,3067.994140625,3067.994140625,0.33693674206733704,0.06306326389312744,0.0,grass,342,1.6466796586067052,1.0105824280682985,1.6485799748227568,0.5434784293174744,-1.0528452548896894e-05,-7.414197726163252e-05,-1.0528452548507874e-05,-15.822530912665767,0.5090555485304401,0.0,0.0,-0.0,2828.117431640625,True,0.0,341,0.00025413189063819795,-0.00027443151005890343,-1.0595195359690938e-05,True,342,magic-formula,1.6468820150018073,1.0107174470478724,1.6487823312178589,0.5435099601745605,-1.0528456186875701e-05,-3.889522396416378e-05,-1.052845618648668e-05,-15.852696663252235,-0.5988975588904468,0.0,0.0,-0.0,2828.114013671875,True,0.0,341,0.0002571896881755533,-0.00027495506566976857,1.2465130522939147e-05,True,342,magic-formula,102.7370066226896,44.183862212386245,102.73890693890566,0.5434784293174744,3.077906512771733e-05,33.359733756170094,3.0779065117997804e-05,317.4214391059287,-0.000259756543001301,161.55811365893848,0.0,-0.0,3069.3759765625,True,0.0,341,0.0005225830045400157,33.35942283771586,3.108202927772485e-05,True,342,magic-formula,102.67265544294857,44.14454455705697,102.67455575916462,0.5435099601745605,3.0779061489738524e-05,33.33846633599847,3.0779061480019004e-05,317.4792258296983,-0.004455247122625179,161.55811365893848,0.0,-0.0,3069.372314453125,True,0.0,341,0.0005236585219156212,33.33888691584422,0.0005631043385340978,True,342,magic-formula
0.900000000000,108,full_throttle,0.0,1.0,0.0,1,-6.055480753275333e-06,0.36414480209350586,0.418824702501297,0.00022208310838323087,0.5490174293518066,0.10973532497882843,-2.836677367668017e-06,grass,0.0,1.0,0.0,7103.706561177057,2,0.11035002768039703,2.8082979497412452e-06,0.12617286303389655,494.22253741702974,-0.0,5848.87780083103,5923.12219916897,1.9335426259203814e-05,0,True,-0.0,True,0,0,8.71938573254738e-06,0.5490174293518066,0.07957717776298523,False,True,-0.8400102853775024,1.464945673942566,-1.862645149230957e-08,0.0,0.0,1.0,2850.051513671875,2850.051513671875,0.3409322202205658,0.05906778573989868,0.0,grass,True,0.8399896621704102,1.4649521112442017,-3.725290298461914e-09,0.0,0.0,1.0,2850.047607421875,2850.047607421875,0.34093227982521057,0.059067726135253906,0.0,grass,True,-0.8400017023086548,-0.7350583672523499,0.0,0.0,0.0,1.0,3047.338134765625,3047.338134765625,0.3367186486721039,0.0632813572883606,0.0,grass,True,0.8399982452392578,-0.7350518703460693,3.3527612686157227e-08,0.0,0.0,1.0,3047.334228515625,3047.334228515625,0.33671870827674866,0.06328129768371582,0.0,grass,348,1.6627121666411737,1.0931326289468735,1.660441563088713,0.5487995147705078,-1.0387335350969806e-05,-0.0001044997789204638,-1.0387335350596219e-05,-15.551956904362301,0.5062095146433706,0.0,0.0,-0.0,2845.305419921875,True,0.0,347,0.000227133874092722,-0.00026810886883543716,-1.0472293907358677e-05,True,348,magic-formula,1.6629157263850112,1.0932773879813629,1.6606451228325505,0.5488319396972656,-1.0387333531980403e-05,-6.97499902119203e-05,-1.0387333531606817e-05,-15.57982867040143,-0.5876503704049689,0.0,0.0,-0.0,2845.301513671875,True,0.0,347,0.00022971219095132924,-0.0002685897518772684,1.2157131346637062e-05,True,348,magic-formula,103.38358790751803,49.34414503147712,103.38131730396557,0.5487995147705078,3.207192639820278e-05,33.567784494710445,3.207192638720629e-05,315.02605741774755,-0.00026568725476534924,106.5056726625135,0.0,-0.0,3051.843994140625,True,0.0,347,0.0005030066192455052,33.56751214429001,3.233230979571331e-05,True,348,magic-formula,103.3186921127214,49.30159502749851,103.31642150916893,0.5488319396972656,3.2071930036181584e-05,33.54633645750079,3.20719300251851e-05,315.0836971667705,-0.004372087791134899,106.5056726625135,0.0,-0.0,3051.84326171875,True,0.0,347,0.0005040632202291767,33.54677957218183,0.0005602383874776279,True,348,magic-formula
0.950000000000,114,full_throttle,0.0,1.0,0.0,1,-5.615176178253023e-06,0.39175131916999817,0.41873809695243835,0.0002782186202239245,0.5543021559715271,0.1016819104552269,-3.0091568987700157e-06,grass,0.0,1.0,0.0,7249.218796276498,2,0.10284688323736191,2.8882891456305515e-06,0.12864681539341838,499.4809727171858,-0.0,5852.469118836987,5919.530881163013,1.98409707081737e-05,0,True,-0.0,True,0,0,8.86497764440719e-06,0.5543021559715271,0.08075805753469467,False,True,-0.8400108814239502,1.4924921989440918,0.0,0.0,0.0,1.0,2878.64892578125,2878.64892578125,0.34069082140922546,0.059309184551239014,0.0,grass,True,0.8399890661239624,1.4925003051757812,3.3527612686157227e-08,0.0,0.0,1.0,2878.64306640625,2878.64306640625,0.340690940618515,0.05930906534194946,0.0,grass,True,-0.8400001525878906,-0.7075114846229553,1.862645149230957e-08,0.0,0.0,1.0,3024.431640625,3024.431640625,0.3367864787578583,0.0632135272026062,0.0,grass,True,0.839999794960022,-0.7075033783912659,7.450580596923828e-09,0.0,0.0,1.0,3024.426025390625,3024.426025390625,0.3367865979671478,0.06321340799331665,0.0,grass,354,1.6776845878076754,1.1762484102638657,1.671974793457707,0.5537788271903992,-1.0305992873327341e-05,-0.0001429132138662803,-1.0305992872962463e-05,-15.367847147082141,0.5066248844010306,0.0,0.0,-0.0,2874.08642578125,True,0.0,353,0.00020972090853294217,-0.0002622815197538264,-1.0375912316845274e-05,True,354,magic-formula,1.677889660228074,1.1764030011745117,1.6721798658781055,0.5538120865821838,-1.0305993782822043e-05,-0.00010849870691942431,-1.0305993782457165e-05,-15.394524012289947,-0.5827967556304158,0.0,0.0,-0.0,2874.086181640625,True,0.0,353,0.00021203104671962237,-0.000262736849843237,1.1935948166749825e-05,True,354,magic-formula,102.8444509471315,54.502430897885084,102.83874115278154,0.5537788271903992,3.3263535442529246e-05,33.384889985362996,3.3263535430260957e-05,313.095392407077,-0.0002747473101143062,70.21286676595757,0.0,-0.0,3028.225341796875,True,0.0,353,0.0005005840606600302,33.38466314203458,3.352459029476081e-05,True,354,magic-formula,102.77901087947976,54.45662133640527,102.77330108512979,0.5538120865821838,3.326353908050805e-05,33.363261503646136,3.3263539068239764e-05,313.1528982598717,-0.004353986431691436,70.21286676595757,0.0,-0.0,3028.216796875,True,0.0,353,0.0005016398079371608,33.36373880111962,0.0005582918787804312,True,354,magic-formula
1.000000000000,120,full_throttle,0.0,1.0,0.0,1,-5.1681727200048044e-06,0.419612318277359,0.4187183082103729,0.0003358074463903904,0.5592620968818665,0.08457382768392563,-2.7062988010584377e-06,grass,0.0,1.0,0.0,7311.04604853841,2,0.09679581969976425,1.4197588598108268e-06,0.130986593529959,503.9550311197706,-0.0,5855.477474445054,5916.522525554946,2.036026126006618e-05,0,True,-0.0,True,0,0,8.982360668596812e-06,0.5592620968818665,0.08213496208190918,False,True,-0.8400115966796875,1.5202265977859497,-1.862645149230957e-08,0.0,0.0,1.0,2902.660888671875,2902.660888671875,0.3403424322605133,0.05965757369995117,0.0,grass,True,0.8399883508682251,1.5202363729476929,-7.450580596923828e-09,0.0,0.0,1.0,2902.6591796875,2902.6591796875,0.3403424918651581,0.059657514095306396,0.0,grass,True,-0.839998722076416,-0.6797758340835571,7.450580596923828e-09,0.0,0.0,1.0,2998.03271484375,2998.03271484375,0.3370949923992157,0.06290501356124878,0.0,grass,True,0.8400012254714966,-0.679766058921814,2.60770320892334e-08,0.0,0.0,1.0,2998.032958984375,2998.032958984375,0.3370949923992157,0.06290501356124878,0.0,grass,360,1.6920440586916772,1.2599441156018323,1.6842730882279244,0.5585556030273438,-1.0165173080167733e-05,-0.00018106365909020816,-1.0165173079817609e-05,-15.24427679502087,0.5069575373943774,0.0,0.0,-0.0,2899.09423828125,True,0.0,359,0.00019854889483384455,-0.0002579280304915166,-1.0293148581651585e-05,True,360,magic-formula,1.6922508403265635,1.2601086436252114,1.6844798698628107,0.5585897564888,-1.0165173080167733e-05,-0.00014697918103412366,-1.0165173079817609e-05,-15.269703159455347,-0.5810208052161594,0.0,0.0,-0.0,2899.095703125,True,0.0,359,0.00020065125947661827,-0.00025835812090435617,1.1796905762442095e-05,True,360,magic-formula,101.52275361855851,59.6110846450835,101.51498264809476,0.5585556030273438,3.454425313975662e-05,32.943953091096965,3.4544253126016004e-05,311.68618678283633,-0.00028685166060024884,46.28717453496965,0.0,-0.0,3002.65673828125,True,0.0,359,0.0005104436888361976,32.94376965863849,3.474195232063533e-05,True,360,magic-formula,101.45675816459153,59.56198806534403,101.44898719412778,0.5585897564888,3.454425677773543e-05,32.92214043782641,3.454425676399481e-05,311.7455706978453,-0.004385316145206402,46.28717453496965,0.0,-0.0,3002.65185546875,True,0.0,359,0.0005115374572496312,32.92265344844841,0.0005573933128284573,True,360,magic-formula
1.050000000000,126,full_throttle,0.0,1.0,0.0,1,-4.717839146906044e-06,0.4477132558822632,0.41875752806663513,0.0003949814126826823,0.563956618309021,0.06312710046768188,-2.5364010980410967e-06,grass,0.0,1.0,0.0,7303.639204949096,2,0.0920708179473877,1.7743557236826746e-06,0.13321658831415711,507.4984596946336,-0.0,5857.990001014647,5914.009998985353,2.0932666302542202e-05,0,True,-0.0,True,0,0,9.026216503116302e-06,0.563956618309021,0.08293873071670532,False,True,-0.8400121927261353,1.548169493675232,3.725290298461914e-09,0.0,0.0,1.0,2920.15380859375,2920.15380859375,0.339969664812088,0.060030341148376465,0.0,grass,True,0.8399876952171326,1.5481810569763184,1.4901161193847656e-08,0.0,0.0,1.0,2920.151123046875,2920.151123046875,0.3399697244167328,0.06003028154373169,0.0,grass,True,-0.8399971127510071,-0.651831865310669,-7.450580596923828e-09,0.0,0.0,1.0,2971.465576171875,2971.465576171875,0.337545782327652,0.0624542236328125,0.0,grass,True,0.8400028347969055,-0.6518202424049377,7.450580596923828e-09,0.0,0.0,1.0,2971.465576171875,2971.465576171875,0.337545782327652,0.0624542236328125,0.0,grass,366,1.7060675529991853,1.3442773302204936,1.697932062879728,0.5632169842720032,-1.0110139555763453e-05,-0.0002146917822719585,-1.0110139555418984e-05,-15.158084832503832,0.5075261690499213,0.0,0.0,-0.0,2917.698486328125,True,0.0,365,0.00019103761810614571,-0.0002548341706744006,-1.023897755461372e-05,True,366,magic-formula,1.7062766901245168,1.344451910668039,1.6981412000050595,0.5632520914077759,-1.0110139555763453e-05,-0.00018078366668528023,-1.0110139555418984e-05,-15.183325399195704,-0.5792998548608335,0.0,0.0,-0.0,2917.69580078125,True,0.0,365,0.00019305917821840028,-0.0002552587591417854,1.1686970870417551e-05,True,366,magic-formula,99.68795961933989,64.63881666449865,99.67982412922044,0.5632169842720032,3.585625017876737e-05,32.333809690110165,3.585625016340092e-05,310.6211855163853,-0.0003019254077321239,30.514386110631325,0.0,-0.0,2975.59765625,True,0.0,365,0.0005291621926693946,32.333663580225355,3.604906819358804e-05,True,366,magic-formula,99.62139038327166,64.58640480309963,99.6132548931522,0.5632520914077759,3.585625017876737e-05,32.311806735071876,3.585625016340092e-05,310.682643498305,-0.004451482535853581,30.514386110631325,0.0,-0.0,2975.59228515625,True,0.0,365,0.0005303482639225276,32.312351694085514,0.0005572398775482219,True,366,magic-formula
1.100000000000,132,full_throttle,0.0,1.0,0.0,1,-4.2659303289838135e-06,0.476043164730072,0.4188201129436493,0.0004558477085083723,0.5684657096862793,0.042136210948228836,-2.5981023554777494e-06,grass,0.0,1.0,0.0,7242.097348349678,2,0.0891021341085434,1.763056843628874e-06,0.13537002391405764,510.7560305598773,-0.0,5860.0470072933385,5911.9529927066615,2.1536678104894236e-05,0,True,-0.0,True,0,0,9.055532245838549e-06,0.5684657096862793,0.08294320851564407,False,True,-0.8400130271911621,1.5763447284698486,1.4901161193847656e-08,0.0,0.0,1.0,2931.34033203125,2931.34033203125,0.3396291434764862,0.06037086248397827,0.0,grass,True,0.8399869203567505,1.5763580799102783,-1.1175870895385742e-08,0.0,0.0,1.0,2931.33447265625,2931.33447265625,0.33962926268577576,0.06037074327468872,0.0,grass,True,-0.8399955034255981,-0.6236557364463806,-1.1175870895385742e-08,0.0,0.0,1.0,2951.07861328125,2951.07861328125,0.3380112946033478,0.0619887113571167,0.0,grass,True,0.8400044441223145,-0.6236423254013062,7.450580596923828e-09,0.0,0.0,1.0,2951.07568359375,2951.07568359375,0.33801135420799255,0.061988651752471924,0.0,grass,372,1.719939954641001,1.4293184155117487,1.7128646607200668,0.5678192377090454,-1.0124856999027543e-05,-0.00023905267751500592,-1.0124856998681567e-05,-15.128997918158868,0.5086276637354973,0.0,0.0,-0.0,2929.87890625,True,0.0,371,0.0001884298763699017,-0.0002532876712124654,-1.0218535134955054e-05,True,372,magic-formula,1.7201519785113892,1.4295031878003621,1.713076684590455,0.5678553581237793,-1.0124857908522245e-05,-0.00020520521502087608,-1.0124857908176269e-05,-15.154254896994345,-0.5791595544068963,0.0,0.0,-0.0,2929.872802734375,True,0.0,371,0.00019042967764309855,-0.0002537110634593942,1.163557334712485e-05,True,372,magic-formula,97.51244416400546,69.5650453476414,97.50536887008452,0.5678192377090454,3.716795617947355e-05,31.611287336412758,3.716795616235824e-05,310.48429974470974,-0.00032005292559656557,20.11632312975226,0.0,-0.0,2953.88134765625,True,0.0,371,0.0005587940622002671,31.611167358178804,3.739500410104807e-05,True,372,magic-formula,97.44527695452985,69.50928889079363,97.43820166060891,0.5678553581237793,3.716795617947355e-05,31.589086036871073,3.716795616235824e-05,310.54882451827854,-0.0045628599386734236,20.11632312975226,0.0,-0.0,2953.878662109375,True,0.0,371,0.0005600847871253142,31.589654848032332,0.0005586862344989118,True,372,magic-formula
1.150000000000,138,full_throttle,0.0,1.0,0.0,1,-3.8119992495921906e-06,0.5045954585075378,0.41886910796165466,0.0005184743204154074,0.5728825330734253,0.025131838396191597,-2.5223891952919075e-06,grass,0.0,1.0,0.0,7139.566605623298,2,0.0880342498421669,8.675150411363575e-07,0.13748881331982865,514.1984712435641,-0.0,5861.657856861691,5910.342143138309,2.2170637748786248e-05,0,True,-0.0,True,0,0,9.089563718589488e-06,0.5728825330734253,0.08235058188438416,False,True,-0.8400137424468994,1.6047717332839966,-3.3527612686157227e-08,0.0,0.0,1.0,2937.234619140625,2937.234619140625,0.339351624250412,0.06064838171005249,0.0,grass,True,0.8399862051010132,1.6047868728637695,-3.3527612686157227e-08,0.0,0.0,1.0,2937.23486328125,2937.23486328125,0.339351624250412,0.06064838171005249,0.0,grass,True,-0.8399938344955444,-0.5952285528182983,3.725290298461914e-09,0.0,0.0,1.0,2939.795166015625,2939.795166015625,0.3383866250514984,0.061613380908966064,0.0,grass,True,0.8400061130523682,-0.5952132940292358,-2.2351741790771484e-08,0.0,0.0,1.0,2939.792724609375,2939.792724609375,0.3383866846561432,0.06161332130432129,0.0,grass,378,1.7337931578653927,1.5151233833313573,1.728623822112667,0.5724045634269714,-1.0101801308337599e-05,-0.00025282133139181706,-1.0101801307993981e-05,-15.167108710381328,0.51077332581684,0.0,0.0,-0.0,2936.57080078125,True,0.0,377,0.00019134698514048637,-0.00025334703261359337,-1.0238257477257178e-05,True,378,magic-formula,1.734008616263742,1.5153185060509038,1.7288392805110164,0.5724417567253113,-1.0101795851369388e-05,-0.0002189133582763958,-1.0101795851025771e-05,-15.192369935570621,-0.5813118884689185,0.0,0.0,-0.0,2936.565673828125,True,0.0,377,0.00019337114002777,-0.00025376944631805287,1.1652196329919191e-05,True,378,magic-formula,95.10368292349447,74.37591533111308,95.09851358774175,0.5724045634269714,3.8583006244152784e-05,30.811810801326207,3.858300622500727e-05,311.58681988179137,-0.0003416416641157204,13.261497537373641,0.0,-0.0,2941.0244140625,True,0.0,377,0.0006014816239809745,30.81170427907681,3.8769882363516746e-05,True,378,magic-formula,95.03588820368124,74.31678361600027,95.03071886792851,0.5724417567253113,3.8583006244152784e-05,30.7894013504895,3.858300622500727e-05,311.6551571588836,-0.004727056280520519,13.261497537373641,0.0,-0.0,2941.024658203125,True,0.0,377,0.0006029174322580951,30.789984672748236,0.0005621895413701363,True,378,magic-formula
1.200000000000,144,full_throttle,0.0,1.0,0.0,1,-3.3582111882424215e-06,0.5333682298660278,0.4188823699951172,0.0005830420413985848,0.5772979855537415,0.013842175714671612,-2.628041784191737e-06,grass,0.0,1.0,0.0,6568.786484196199,3,0.08870929479598999,1.0878750345000299e-06,0.139616376938001,518.0392756283087,-0.0,5862.829580527547,5909.170419472453,2.2872831323184073e-05,0,True,-0.0,True,0,0,9.078380571736488e-06,0.5772979855537415,0.0815422534942627,False,True,-0.8400144577026367,1.6334608793258667,1.1175870895385742e-08,0.0,0.0,1.0,2939.11279296875,2939.11279296875,0.33914807438850403,0.06085193157196045,0.0,grass,True,0.8399854898452759,1.6334779262542725,-1.4901161193847656e-08,0.0,0.0,1.0,2939.109619140625,2939.109619140625,0.3391481339931488,0.060851871967315674,0.0,grass,True,-0.8399920463562012,-0.5665392875671387,1.1175870895385742e-08,0.0,0.0,1.0,2937.29296875,2937.29296875,0.33861657977104187,0.06138342618942261,0.0,grass,True,0.8400079011917114,-0.5665221214294434,2.2351741790771484e-08,0.0,0.0,1.0,2937.2900390625,2937.2900390625,0.33861663937568665,0.06138336658477783,0.0,grass,384,1.7477291834843316,1.6017226442939068,1.7446826271084108,0.5770080089569092,-1.0177275726164225e-05,-0.0002573784070797336,-1.0177275725812849e-05,-15.270158517557753,0.5148181023975148,0.0,0.0,-0.0,2939.022216796875,True,0.0,383,0.00019977346497626744,-0.0002548556175097083,-1.0310729888093205e-05,True,384,magic-formula,1.7479491272584997,1.6019283173000052,1.744902570882579,0.5770463943481445,-1.0177274816669524e-05,-0.00022318235283957932,-1.0177274816318147e-05,-15.29586256494239,-0.5849689709533995,0.0,0.0,-0.0,2939.01611328125,True,0.0,383,0.00020190663686851833,-0.0002552851566571812,1.1715729168234978e-05,True,384,magic-formula,92.52780305613541,79.06171500275313,92.52475649975949,0.5770080089569092,4.0049500967143103e-05,29.95716699956778,4.004950094573047e-05,313.93357715411315,-0.00036763337939342734,8.742517993939831,0.0,-0.0,2937.186767578125,True,0.0,383,0.0006590028935262045,29.95706278109278,4.02421556913299e-05,True,384,magic-formula,92.45934543101266,78.999175714464,92.45629887463674,0.5770463943481445,4.0049497329164296e-05,29.934537597886035,4.004949730775167e-05,314.0058400388452,-0.004946983618183636,8.742517993939831,0.0,-0.0,2937.183837890625,True,0.0,383,0.00066064497650092,29.93512755658474,0.0005677965375947528,True,384,magic-formula
1.250000000000,150,full_throttle,0.0,1.0,0.0,1,-2.90501702693291e-06,0.5623636245727539,0.4188567101955414,0.0006497160065919161,0.5817849636077881,0.008621935732662678,-2.834089400494122e-06,grass,0.0,1.0,0.0,5824.800955381006,3,0.09057814627885818,5.902053317186073e-07,0.14179032521504836,522.2371128341823,-0.0,5863.587003259903,5908.412996740097,2.3637940103071742e-05,0,True,-0.0,True,0,0,9.059816875378601e-06,0.5817849636077881,0.08084559440612793,False,True,-0.8400152921676636,1.6624170541763306,3.725290298461914e-09,0.0,0.0,1.0,2936.36083984375,2936.36083984375,0.3390221893787384,0.060977816581726074,0.0,grass,True,0.839984655380249,1.6624361276626587,-7.450580596923828e-09,0.0,0.0,1.0,2936.354248046875,2936.354248046875,0.33902230858802795,0.06097769737243652,0.0,grass,True,-0.8399903774261475,-0.5375829935073853,-7.450580596923828e-09,0.0,0.0,1.0,2942.33056640625,2942.33056640625,0.3386911451816559,0.061308860778808594,0.0,grass,True,0.8400095701217651,-0.5375639200210571,-3.3527612686157227e-08,0.0,0.0,1.0,2942.324462890625,2942.324462890625,0.33869126439094543,0.06130874156951904,0.0,grass,390,1.7619014061933234,1.6891272515373095,1.7609546860625818,0.5816810131072998,-1.0341362212784588e-05,-0.00025354906350305573,-1.0341362212415941e-05,-15.457196072358984,0.5205193005754699,0.0,0.0,-0.0,2937.282958984375,True,0.0,389,0.00021598519095073374,-0.0002581300706513412,-1.0431094649664351e-05,True,390,magic-formula,1.7621263744626328,1.6893437014483088,1.7611796543318912,0.5817206501960754,-1.0341364031773992e-05,-0.00021894662340660176,-1.0341364031405343e-05,-15.483526408081095,-0.5920773994873693,0.0,0.0,-0.0,2937.28271484375,True,0.0,389,0.00021831215644289433,-0.00025856981357741393,1.1865104187380693e-05,True,390,magic-formula,90.00252376506718,83.61827817224948,90.00157704493644,0.5816810131072998,4.156553404754959e-05,29.11915182936487,4.156553402361209e-05,317.1840935105921,-0.00039726675627300983,19.17928839341056,0.0,-0.0,2940.95361328125,True,0.0,389,0.0007283109362056174,29.11903920459095,4.1809786304335776e-05,True,390,magic-formula,89.93335904130099,83.55229698299632,89.93241232117025,0.5817206501960754,4.156553040957078e-05,29.09628783343325,4.156553038563329e-05,317.2607940941809,-0.005206124259904435,19.17928839341056,0.0,-0.0,2940.947509765625,True,0.0,389,0.0007301708424734521,29.096878544288742,0.0005749261117435172,True,390,magic-formula
1.300000000000,156,full_throttle,0.0,1.0,0.0,1,-2.452219632687047e-06,0.591586709022522,0.4188046455383301,0.0007186568109318614,0.5863986611366272,0.009566878899931908,-2.9685265872103628e-06,grass,0.0,1.0,0.0,5325.9408144301815,3,0.09358426928520203,3.157202286274696e-07,0.14403873617460683,527.0182527408972,-0.0,5863.975317873113,5908.024682126887,2.4465902242809534e-05,0,True,-0.0,True,0,0,9.033969945448916e-06,0.5863986611366272,0.08064665645360947,False,True,-0.8400161266326904,1.6916462182998657,-1.4901161193847656e-08,0.0,0.0,1.0,2928.29541015625,2928.29541015625,0.3389882743358612,0.06101173162460327,0.0,grass,True,0.8399838209152222,1.691667079925537,0.0,0.0,0.0,1.0,2928.2919921875,2928.2919921875,0.338988333940506,0.061011672019958496,0.0,grass,True,-0.8399885892868042,-0.5083538889884949,7.450580596923828e-09,0.0,0.0,1.0,2958.4716796875,2958.4716796875,0.3386209309101105,0.061379075050354004,0.0,grass,True,0.8400113582611084,-0.5083329081535339,2.60770320892334e-08,0.0,0.0,1.0,2958.4677734375,2958.4677734375,0.33862099051475525,0.06137901544570923,0.0,grass,396,1.776403853465826,1.7773509586315435,1.7772201539771861,0.5864506363868713,-1.0462996215210296e-05,-0.0002373647431487269,-1.0462996214828486e-05,-15.693838818863021,0.5274261537493257,0.0,0.0,-0.0,2929.67529296875,True,0.0,395,0.00023816024149079655,-0.0002627626286372253,-1.0596966082831036e-05,True,396,magic-formula,1.7766347414628743,1.7775784500774323,1.7774510419742344,0.5864916443824768,-1.0462989848747384e-05,-0.00020217969972824434,-1.0462989848365575e-05,-15.720778436252829,-0.5996602172636979,0.0,0.0,-0.0,2929.67138671875,True,0.0,395,0.00024073721782686623,-0.0002632140435979702,1.204829750902343e-05,True,396,magic-formula,87.82815898768857,88.0582405009656,87.82897528819993,0.5864506363868713,4.326200723880902e-05,28.396841829550358,4.326200721181928e-05,321.38745653425605,-0.0004294416211165993,32.34490216726703,0.0,-0.0,2955.896728515625,True,0.0,395,0.0008051844456323317,28.39670667088631,4.346821400504226e-05,True,396,magic-formula,87.75824136576543,87.98878083163623,87.75905766627679,0.5864916443824768,4.326200723880902e-05,28.373728006320118,4.326200721181928e-05,321.4693621828351,-0.0054908458487920395,32.34490216726703,0.0,-0.0,2955.89306640625,True,0.0,395,0.0008073482948861419,28.374308020300823,0.0005836498365407171,True,396,magic-formula
1.350000000000,162,full_throttle,0.0,1.0,0.0,1,-2.0002760265924735e-06,0.6210448145866394,0.4187559485435486,0.000790050660725683,0.5911506414413452,0.014999949373304844,-3.2070365705294535e-06,grass,0.0,1.0,0.0,4982.223194126339,3,0.09598296880722046,1.5323063280447968e-06,0.14637591149446144,531.8587867954426,-0.0,5864.068413849771,5907.931586150229,2.533243241487071e-05,0,True,-0.0,True,0,0,9.045033948495984e-06,0.5911506414413452,0.08103907108306885,False,True,-0.8400170803070068,1.7211428880691528,0.0,0.0,0.0,1.0,2920.89453125,2920.89453125,0.3390439450740814,0.06095606088638306,0.0,grass,True,0.8399828672409058,1.7211660146713257,1.862645149230957e-08,0.0,0.0,1.0,2920.89111328125,2920.89111328125,0.3390440046787262,0.06095600128173828,0.0,grass,True,-0.8399868011474609,-0.4788571000099182,2.60770320892334e-08,0.0,0.0,1.0,2971.55224609375,2971.55224609375,0.33846786618232727,0.06153213977813721,0.0,grass,True,0.8400131464004517,-0.47883397340774536,1.862645149230957e-08,0.0,0.0,1.0,2971.543212890625,2971.543212890625,0.3384680449962616,0.06153196096420288,0.0,grass,402,1.7911317734730203,1.8663784104817622,1.793026922711428,0.5912976264953613,-1.0656168342393357e-05,-0.00022414124926461998,-1.0656168341990007e-05,-15.904813354486764,0.5343173061579423,0.0,0.0,-0.0,2922.35693359375,True,0.0,401,0.00025947210447069773,-0.00026696197936015853,-1.0762318462339388e-05,True,402,magic-formula,1.7913684035512876,1.8666172301473265,1.7932635527896952,0.5913400650024414,-1.0656166523403954e-05,-0.00018849183051650176,-1.0656166523000603e-05,-15.932174747637887,-0.6053189081124105,0.0,0.0,-0.0,2922.35107421875,True,0.0,401,0.00026227793613423247,-0.0002674217878774199,1.2192469829646687e-05,True,402,magic-formula,85.92808811497567,92.39732401304364,85.92998326421407,0.5912976264953613,4.497171175898984e-05,27.76497145144661,4.4971711728672085e-05,325.26394442275017,-0.00046249520257810956,42.30379583659701,0.0,-0.0,2969.663818359375,True,0.0,401,0.0008812433816938787,27.764817430445873,4.520677357346758e-05,True,402,magic-formula,85.85737094486271,92.3243469539849,85.85926609410112,0.5913400650024414,4.497171175898984e-05,27.741592346802253,4.4971711728672085e-05,325.3507256659021,-0.005762651812176725,42.30379583659701,0.0,-0.0,2969.660400390625,True,0.0,401,0.0008836866538143404,27.742163906492856,0.0005918256497282321,True,402,magic-formula
1.400000000000,168,full_throttle,0.0,1.0,0.0,1,-1.5471093774976907e-06,0.6507436633110046,0.41873201727867126,0.0008639870793558657,0.5960049033164978,0.022950122132897377,-3.387134256627178e-06,grass,0.0,1.0,0.0,4737.422897610973,3,0.09778658300638199,3.208223461115267e-06,0.1487855012689397,536.2461513258653,-0.0,5863.996861513217,5908.003138486783,2.6236519261146896e-05,0,True,-0.0,True,0,0,9.082255928660743e-06,0.5960049033164978,0.08158235251903534,False,True,-0.8400180339813232,1.750898838043213,7.450580596923828e-09,0.0,0.0,1.0,2911.394287109375,2911.394287109375,0.3391725718975067,0.060827434062957764,0.0,grass,True,0.8399819135665894,1.7509241104125977,-3.725290298461914e-09,0.0,0.0,1.0,2911.388671875,2911.388671875,0.33917269110679626,0.06082731485366821,0.0,grass,True,-0.8399848937988281,-0.4491013288497925,7.450580596923828e-09,0.0,0.0,1.0,2980.576416015625,2980.576416015625,0.33829137682914734,0.06170862913131714,0.0,grass,True,0.8400150537490845,-0.4490760564804077,3.725290298461914e-08,0.0,0.0,1.0,2980.573486328125,2980.573486328125,0.3382914364337921,0.06170856952667236,0.0,grass,408,1.8059881280582002,1.9561848742569654,1.8083045862089446,0.5961884260177612,-1.0771932466013823e-05,-0.00021234375855516685,-1.0771932465597184e-05,-16.07815394753778,0.5399764148228785,0.0,0.0,-0.0,2913.002197265625,True,0.0,407,0.00027823931792924034,-0.00027073828116130905,-1.091124449275862e-05,True,408,magic-formula,1.8062303430185538,1.9564353093822775,1.8085468011692982,0.5962324738502502,-1.077193064702442e-05,-0.0001764606541274638,-1.077193064660778e-05,-16.105479498740998,-0.6087317820166409,0.0,0.0,-0.0,2912.993408203125,True,0.0,407,0.00028120503148490277,-0.0002711992423569676,1.2300613217878591e-05,True,408,magic-formula,84.23038424794267,96.64717944833563,84.23270070609341,0.5961884260177612,4.6841254516039044e-05,27.19983837580332,4.6841254481780864e-05,328.5432874875034,-0.0004962757807436374,49.767661718998,0.0,-0.0,2979.32470703125,True,0.0,407,0.0009541896798016347,27.19966762807596,4.704060443380227e-05,True,408,magic-formula,84.15882369241535,96.57064383264776,84.1611401505661,0.5962324738502502,4.684125815401785e-05,27.17617934464682,4.6841258119759664e-05,328.6344716378873,-0.006013704414893314,49.767661718998,0.0,-0.0,2979.318359375,True,0.0,407,0.0009568990312525808,27.176742918956073,0.000599044845982643,True,408,magic-formula
1.450000000000,174,full_throttle,0.0,1.0,0.0,1,-1.0919022770394804e-06,0.6806873679161072,0.41873204708099365,0.0009405906312167645,0.6009314656257629,0.03154483810067177,-3.5874295463145245e-06,grass,0.0,1.0,0.0,4556.158916282305,3,0.09897957742214203,3.255999217799399e-06,0.15125375967964635,540.4023074326965,-0.0,5863.8461842107745,5908.1538157892255,2.718538416957017e-05,0,True,-0.0,True,0,0,9.127908015216235e-06,0.6009314656257629,0.08193060010671616,False,True,-0.8400190472602844,1.7809040546417236,2.60770320892334e-08,0.0,0.0,1.0,2902.4541015625,2902.4541015625,0.33933761715888977,0.06066238880157471,0.0,grass,True,0.8399809002876282,1.780931830406189,-3.725290298461914e-09,0.0,0.0,1.0,2902.447998046875,2902.447998046875,0.3393377363681793,0.060662269592285156,0.0,grass,True,-0.8399829268455505,-0.41909608244895935,2.60770320892334e-08,0.0,0.0,1.0,2986.29248046875,2986.29248046875,0.33812639117240906,0.06187361478805542,0.0,grass,True,0.8400170207023621,-0.41906842589378357,1.1175870895385742e-08,0.0,0.0,1.0,2986.283447265625,2986.283447265625,0.3381265699863434,0.061873435974121094,0.0,grass,414,1.8208985729362377,2.046742847209547,1.823056337445558,0.6011001467704773,-1.0923256922978908e-05,-0.00020361770151877678,-1.0923256922544463e-05,-16.2221711655744,0.5441996193836365,0.0,0.0,-0.0,2903.812744140625,True,0.0,413,0.0002947177353127787,-0.0002740279440914817,-1.1031392459974626e-05,True,414,magic-formula,1.821146891000291,2.047005186947434,1.8233046555096113,0.6011457443237305,-1.0923265108431224e-05,-0.00016727029363439172,-1.0923265107996777e-05,-16.24992089209153,-0.6116719070560813,0.0,0.0,-0.0,2903.806640625,True,0.0,413,0.0002978739596173054,-0.00027449728487449754,1.2399138960484981e-05,True,414,magic-formula,82.680767696892,100.81636006378929,82.68292546140133,0.6011001467704773,4.877362880506553e-05,26.683553193203885,4.8773628766390206e-05,331.3374860387785,-0.0005070971941339815,55.34272322540869,0.0,-0.0,2985.53173828125,True,0.0,413,2.8421717205323744e-13,26.68336934635294,4.900524311875308e-05,True,414,magic-formula,82.6083198860111,100.73622250241908,82.61047765052042,0.6011457443237305,4.877362516708672e-05,26.659599818059935,4.8773625128411406e-05,331.43333981386826,-0.006273515249119816,55.34272322540869,0.0,-0.0,2985.525390625,True,0.0,413,3.9790398467782563e-13,26.66015748357278,0.0006055620747154074,True,414,magic-formula
1.500000000000,180,full_throttle,0.0,1.0,0.0,1,-6.34673710919742e-07,0.7108779549598694,0.4187455475330353,0.0010199698153883219,0.6058608293533325,0.042414311319589615,-3.4931942991534015e-06,grass,0.0,1.0,0.0,4424.717915854724,3,0.09785374999046326,-5.693797220374108e-07,0.15375359236359742,544.9516534033912,-0.0,5863.713349249838,5908.286650750162,2.8187354473629966e-05,0,True,-0.0,True,0,0,9.125555152422749e-06,0.6058608293533325,0.08221332728862762,False,True,-0.8400201797485352,1.811173439025879,-1.862645149230957e-08,0.0,0.0,1.0,2884.48583984375,2884.48583984375,0.339559942483902,0.0604400634765625,0.0,grass,True,0.8399797677993774,1.8112032413482666,-2.9802322387695312e-08,0.0,0.0,1.0,2884.480224609375,2884.480224609375,0.33956006169319153,0.06043994426727295,0.0,grass,True,-0.839980959892273,-0.3888271450996399,-7.450580596923828e-09,0.0,0.0,1.0,3007.0234375,3007.0234375,0.337931364774704,0.0620686411857605,0.0,grass,True,0.8400189876556396,-0.3887973725795746,7.450580596923828e-09,0.0,0.0,1.0,3007.020751953125,3007.020751953125,0.33793142437934875,0.06206858158111572,0.0,grass,420,1.8363968569440792,2.1380796229990513,1.8403695419086168,0.6061897277832031,-1.1093110515503213e-05,-0.00017876499165692117,-1.1093110515048183e-05,-16.613733303058392,0.5520897801074136,0.0,0.0,-0.0,2889.125,True,0.0,419,0.0003430931030951797,-0.00028206921763107573,-1.1248251353957582e-05,True,420,magic-formula,1.8366527005004931,2.1383541872441767,1.8406253854650307,0.60623699426651,-1.1093105968029704e-05,-0.00014160310134725407,-1.1093105967574676e-05,-16.642953475243715,-0.627886563270208,0.0,0.0,-0.0,2889.12255859375,True,0.0,419,0.0003468431047812681,-0.00028256556731032223,1.2792541137695284e-05,True,420,magic-formula,82.86735527026843,104.9401191653904,82.87132795523297,0.6061897277832031,5.0803981139324605e-05,26.74003751140538,5.0803981095615496e-05,332.85394766643566,-0.000529217626827321,171.43067406607872,0.0,-0.0,3001.317138671875,True,0.0,419,4.547474010968545e-13,26.73981804133817,5.1017630282202186e-05,True,420,magic-formula,82.79398740682005,104.8563342978712,82.79796009178459,0.60623699426651,5.080398477730341e-05,26.71577884998411,5.080398473359429e-05,332.95159128104996,-0.006334663541589298,171.43067406607872,0.0,-0.0,3001.315185546875,True,0.0,419,3.9790399593126173e-13,26.71632663307262,0.0006099586500781372,True,420,magic-formula
1.550000000000,186,full_throttle,0.0,1.0,0.0,1,-1.8079651908919914e-07,0.7413116693496704,0.418782114982605,0.0011022320250049233,0.6106576323509216,0.06491098552942276,-3.464254177742987e-06,grass,0.0,1.0,0.0,4379.999016534724,3,0.09426049888134003,-9.717044804347097e-07,0.15621656391795832,549.7747896981876,-0.0,5863.767792232721,5908.232207767279,2.916840821853839e-05,0,True,-0.0,True,0,0,9.039446013048291e-06,0.6106576323509216,0.08292082697153091,False,True,-0.8400213122367859,1.8417706489562988,0.0,0.0,0.0,1.0,2845.92822265625,2845.92822265625,0.3400284945964813,0.059971511363983154,0.0,grass,True,0.8399786353111267,1.8418030738830566,-1.1175870895385742e-08,0.0,0.0,1.0,2845.919677734375,2845.919677734375,0.34002867341041565,0.05997133255004883,0.0,grass,True,-0.8399789929389954,-0.3582308292388916,-1.1175870895385742e-08,0.0,0.0,1.0,3049.861083984375,3049.861083984375,0.3375360667705536,0.06246393918991089,0.0,grass,True,0.8400209546089172,-0.3581984043121338,-1.862645149230957e-08,0.0,0.0,1.0,3049.8525390625,3049.8525390625,0.3375362455844879,0.06246376037597656,0.0,grass,426,1.8521743601076641,2.230378586031849,1.8600786093511024,0.6113349199295044,-1.1354360140103381e-05,-0.00011738109397518848,-1.1354360139615441e-05,-16.849685195053542,0.5555749431402962,0.0,0.0,-0.0,2853.37060546875,True,0.0,425,0.0003766996340911669,-0.0002896603218788263,-1.1461122437094117e-05,True,426,magic-formula,1.8524369005362973,2.230665736486332,1.8603411497797355,0.611383855342865,-1.135436468757689e-05,-7.967816588683174e-05,-1.135436468708895e-05,-16.87821653984546,-0.6286015806999599,0.0,0.0,-0.0,2853.370849609375,True,0.0,425,0.0003806530822038092,-0.00029015078248806336,1.2967608470696639e-05,True,426,magic-formula,86.20421430079162,109.16390278376903,86.21211855003506,0.6113349199295044,5.269739995128475e-05,27.83605579933173,5.2697399902504246e-05,332.92699517357397,-0.0005503366426204372,266.53569539804107,0.0,-0.0,3042.173095703125,True,0.0,425,0.0009390857722056502,27.835765722069986,5.2954541395627434e-05,True,426,magic-formula,86.12994508638435,109.07642486020302,86.13784933562779,0.611383855342865,5.2697396313305944e-05,27.811498023163974,5.2697396264525446e-05,333.0196650856789,-0.006080873008895518,266.53569539804107,0.0,-0.0,3042.167724609375,True,0.0,425,0.0009418118501442659,27.811993699836417,0.000611682534719245,True,426,magic-formula
1.600000000000,192,full_throttle,0.0,1.0,0.0,1,2.676529788914195e-07,0.771978497505188,0.4188566505908966,0.0011870968155562878,0.6152085065841675,0.09951221197843552,-3.2457442102895584e-06,grass,0.0,1.0,0.0,4440.939303311677,3,0.08843822777271271,-1.567257186252391e-06,0.15858168400448108,553.725115813175,-0.0,5864.106143157322,5907.893856842678,3.003020719916094e-05,0,True,-0.0,True,0,0,8.901302862796001e-06,0.6152085065841675,0.08362306654453278,False,True,-0.8400225043296814,1.8726903200149536,-3.725290298461914e-09,0.0,0.0,1.0,2797.580810546875,2797.580810546875,0.3407677114009857,0.05923229455947876,0.0,grass,True,0.8399774432182312,1.8727251291275024,-1.4901161193847656e-08,0.0,0.0,1.0,2797.575439453125,2797.575439453125,0.34076783061027527,0.05923217535018921,0.0,grass,True,-0.839976966381073,-0.32731306552886963,-1.1175870895385742e-08,0.0,0.0,1.0,3094.796875,3094.796875,0.3369467556476593,0.06305325031280518,0.0,grass,True,0.8400229811668396,-0.3272782266139984,3.725290298461914e-09,0.0,0.0,1.0,3094.79736328125,3094.79736328125,0.3369467556476593,0.06305325031280518,0.0,grass,432,1.8669058669902343,2.3236330058627823,1.8774842246048111,0.6161232590675354,-1.1411939340177923e-05,-4.432296075806974e-05,-1.1411939339682523e-05,-16.8892604912099,0.5528463998114709,0.0,0.0,-0.0,2805.77880859375,True,0.0,431,0.0003849789487432957,-0.00029526599490803385,-1.1598310146252413e-05,True,432,magic-formula,1.8671730398739081,2.3239330572413164,1.877751397488485,0.6161736249923706,-1.1411940249672625e-05,-6.521833980865921e-06,-1.1411940249177224e-05,-16.914967806957065,-0.6168832084814987,0.0,0.0,-0.0,2805.7705078125,True,0.0,431,0.00038861757276342616,-0.00029571630509217517,1.2941792345723138e-05,True,432,magic-formula,91.6351790734138,113.61490474822749,91.64575743102837,0.6161232590675354,5.453203630167991e-05,29.62348583515902,5.453203624762515e-05,331.19171483626684,-0.0005289116970334643,329.10715775110566,0.0,-0.0,3087.68310546875,True,0.0,431,0.0007950025911984268,29.623116881459005,5.468414671106123e-05,True,432,magic-formula,91.56007053061327,113.52369028872022,91.57064888822785,0.6161736249923706,5.4532039939658716e-05,29.598649650110012,5.4532039885603954e-05,331.2768814458191,-0.005669401918561984,329.10715775110566,0.0,-0.0,3087.68115234375,True,0.0,431,0.0007972052537848786,29.59907465143501,0.000609958050431762,True,432,magic-formula
1.650000000000,198,full_throttle,0.0,1.0,0.0,1,7.051959869386337e-07,0.8028630614280701,0.41895589232444763,0.0012742656981572509,0.619408905506134,0.14010827243328094,-3.191675887137535e-06,grass,0.0,1.0,0.0,4601.134144203148,3,0.0805845558643341,-3.31159253619262e-06,0.16079104528963775,556.7809203384334,-0.0,5864.785616049263,5907.214383950737,3.078334702877328e-05,0,True,-0.0,True,0,0,8.639494808448944e-06,0.619408905506134,0.0837414413690567,False,True,-0.8400236964225769,1.9038722515106201,-7.450580596923828e-09,0.0,0.0,1.0,2751.7578125,2751.7578125,0.3416469991207123,0.0583530068397522,0.0,grass,True,0.8399762511253357,1.903909683227539,1.1175870895385742e-08,0.0,0.0,1.0,2751.755126953125,2751.755126953125,0.34164705872535706,0.05835294723510742,0.0,grass,True,-0.8399748206138611,-0.29613441228866577,-1.1175870895385742e-08,0.0,0.0,1.0,3131.739990234375,3131.739990234375,0.33626726269721985,0.06373274326324463,0.0,grass,True,0.8400251269340515,-0.2960969805717468,7.450580596923828e-09,0.0,0.0,1.0,3131.737548828125,3131.737548828125,0.3362673223018646,0.06373268365859985,0.0,grass,438,1.8798885317952867,2.4176700775080455,1.890660029879355,0.6203413009643555,-1.1458459084678907e-05,2.191452808919525e-05,-1.1458459084177423e-05,-16.78115121689409,0.5459293208570257,0.0,0.0,-0.0,2758.76171875,True,0.0,437,0.00037234902326331533,-0.00029837650786534997,-1.1648409399317933e-05,True,438,magic-formula,1.880158945916618,2.417983285246788,1.8909304440006862,0.620392918586731,-1.145846090366831e-05,5.9533565752944995e-05,-1.1458460903166826e-05,-16.803247063789097,-0.5994039218330637,0.0,0.0,-0.0,2758.755859375,True,0.0,437,0.00037540667089849524,-0.0002987700254857284,1.278941498079299e-05,True,438,magic-formula,98.44691044918021,118.377366228515,98.45768194726428,0.6203413009643555,5.613951725536026e-05,31.867139147265114,5.6139517196382976e-05,327.80651871579346,-0.0004983709092136846,368.97782200574,0.0,-0.0,3126.370849609375,True,0.0,437,0.0006445408208281264,31.866701619347623,5.6256650698180916e-05,True,438,magic-formula,98.37104188315855,118.28237533268988,98.38181338124262,0.620392918586731,5.6139513617381454e-05,31.842050902855597,5.613951355840418e-05,327.8821969102283,-0.0051769476266072725,368.97782200574,0.0,-0.0,3126.36474609375,True,0.0,437,0.0006461994753628568,31.84240761259937,0.0006052022748884917,True,438,magic-formula
1.700000000000,204,full_throttle,0.0,1.0,0.0,1,1.1273278914814e-06,0.833945095539093,0.41904470324516296,0.001363346935249865,0.6231678128242493,0.17900069057941437,-3.1863303320278646e-06,grass,0.0,1.0,0.0,4844.160726740576,3,0.0710439383983612,-5.5683517530269455e-06,0.1627919928874917,559.3551487884138,-0.0,5865.830855092656,5906.169144907344,3.1397830753121525e-05,0,True,-0.0,True,0,0,8.292173333757091e-06,0.6231678128242493,0.08308381587266922,False,True,-0.840025007724762,1.935239553451538,1.4901161193847656e-08,0.0,0.0,1.0,2718.09619140625,2718.09619140625,0.342483252286911,0.05751675367355347,0.0,grass,True,0.8399749398231506,1.9352794885635376,-4.0978193283081055e-08,0.0,0.0,1.0,2718.087646484375,2718.087646484375,0.34248343110084534,0.05751657485961914,0.0,grass,True,-0.8399726748466492,-0.2647711932659149,-3.725290298461914e-09,0.0,0.0,1.0,3156.52734375,3156.52734375,0.33561012148857117,0.06438988447189331,0.0,grass,True,0.8400273323059082,-0.26473113894462585,-1.4901161193847656e-08,0.0,0.0,1.0,3156.521728515625,3156.521728515625,0.3356102406978607,0.06438976526260376,0.0,grass,444,1.8908355595718498,2.5122647128192024,1.8994150186132068,0.6239054203033447,-1.1474622624518815e-05,7.031435536575259e-05,-1.1474622624015205e-05,-16.569945299973085,0.5376277550838826,0.0,0.0,-0.0,2722.593017578125,True,0.0,443,0.0003455552246515641,-0.0002985355287304925,-1.1623680431860475e-05,True,444,magic-formula,1.891107791279735,2.5125912711213254,1.899687250321092,0.6239581108093262,-1.1474616258055903e-05,0.00010746031298636272,-1.1474616257552294e-05,-16.588237037298093,-0.5803294619653117,0.0,0.0,-0.0,2722.587158203125,True,0.0,443,0.00034794730224722365,-0.0002988657378036885,1.2546931171840008e-05,True,444,magic-formula,106.10156378334813,123.50515401605801,106.11014324238948,0.6239054203033447,5.747347677242942e-05,34.38961062820154,5.7473476709147285e-05,323.1894807845937,-0.0004642158591202636,390.8169444448983,0.0,-0.0,3153.299560546875,True,0.0,443,0.0005113192127603134,34.38912603614979,5.759786562485813e-05,True,444,magic-formula,106.02502177259383,123.40635106539845,106.03360123163519,0.6239581108093262,5.7473473134450614e-05,34.364299074146636,5.7473473071168485e-05,323.2565910477874,-0.0046758565050949,390.8169444448983,0.0,-0.0,3153.29638671875,True,0.0,443,0.0005125432527215354,34.364602858908064,0.0005981774182868164,True,444,magic-formula
1.750000000000,210,full_throttle,0.0,1.0,0.0,1,1.5310968137782766e-06,0.865200400352478,0.41908758878707886,0.001453923643566668,0.6264132261276245,0.20984798669815063,-2.815173957060324e-06,grass,0.0,1.0,0.0,5150.328404642186,3,0.060255132615566254,-8.397564670303836e-06,0.16454074613857755,561.8231983791552,-0.0,5867.235385659929,5904.764614340071,3.186758840456605e-05,0,True,-0.0,True,0,0,7.89680052548647e-06,0.6264132261276245,0.08187303692102432,False,True,-0.8400263786315918,1.9667214155197144,2.2351741790771484e-08,0.0,0.0,1.0,2701.366455078125,2701.366455078125,0.3431191146373749,0.0568808913230896,0.0,grass,True,0.8399735689163208,1.966763973236084,-3.725290298461914e-09,0.0,0.0,1.0,2701.361572265625,2701.361572265625,0.34311923384666443,0.05688077211380005,0.0,grass,True,-0.839970588684082,-0.23329341411590576,2.9802322387695312e-08,0.0,0.0,1.0,3168.626953125,3168.626953125,0.3350614607334137,0.06493854522705078,0.0,grass,True,0.8400293588638306,-0.23325073719024658,1.862645149230957e-08,0.0,0.0,1.0,3168.622802734375,3168.622802734375,0.33506157994270325,0.06493842601776123,0.0,grass,450,1.8997337523284643,2.607207841877824,1.9045527440863936,0.6268157958984375,-1.1354148227837868e-05,9.634236995570422e-05,-1.1354148227349955e-05,-16.296033917386826,0.5296043401170766,0.0,0.0,-0.0,2702.933349609375,True,0.0,449,0.00031173343147231005,-0.00029573620156519986,-1.153348926871621e-05,True,450,magic-formula,1.9000067204006688,2.607547879878365,1.904825712158598,0.626869261264801,-1.1354146408848464e-05,0.00013295646741973144,-1.1354146408360551e-05,-16.310739284821825,-0.5627755422634502,0.0,0.0,-0.0,2702.931396484375,True,0.0,449,0.00031350698165345017,-0.00029600329363166367,1.2255885627931034e-05,True,450,magic-formula,114.18176636850943,129.02851110587184,114.18658536026736,0.6268157958984375,5.862551915924996e-05,37.053167105709676,5.862551909208561e-05,317.781303456273,-0.00043010237421167035,399.1320536806521,0.0,-0.0,3167.436279296875,True,0.0,449,0.0004030783962713808,37.05266124576019,5.868986581448393e-05,True,450,magic-formula,114.10463140133703,128.92586465758438,114.10945039309496,0.626869261264801,5.862551915924996e-05,37.02765910117642,5.862551909208561e-05,317.8405945723699,-0.004207633411532212,399.1320536806521,0.0,-0.0,3167.43505859375,True,0.0,449,0.00040400000919215974,37.02793134306632,0.0005897137871431442,True,450,magic-formula
1.800000000000,216,full_throttle,0.0,1.0,0.0,1,1.9112635527562816e-06,0.896601676940918,0.4190656542778015,0.0015457147965207696,0.6290969848632812,0.22913214564323425,-2.3836641958041582e-06,grass,0.0,1.0,0.0,5500.326289197676,3,0.04875871166586876,-8.416202035732567e-06,0.1660053766270213,564.3272146082899,-0.0,5868.964599007847,5903.035400992153,3.225001637474634e-05,0,True,-0.0,True,0,0,7.392965926555917e-06,0.6290969848632812,0.08055104315280914,False,True,-0.8400278091430664,1.9982635974884033,0.0,0.0,0.0,1.0,2701.294921875,2701.294921875,0.34346798062324524,0.05653202533721924,0.0,grass,True,0.8399721384048462,1.9983090162277222,1.862645149230957e-08,0.0,0.0,1.0,2701.29296875,2701.29296875,0.34346804022789,0.05653196573257446,0.0,grass,True,-0.8399684429168701,-0.2017538994550705,1.862645149230957e-08,0.0,0.0,1.0,3169.70263671875,3169.70263671875,0.33466991782188416,0.06533008813858032,0.0,grass,True,0.8400315046310425,-0.2017085999250412,-1.1175870895385742e-08,0.0,0.0,1.0,3169.70166015625,3169.70166015625,0.33466997742652893,0.06533002853393555,0.0,grass,456,1.9067258971047794,2.70234259087534,1.9072699766841923,0.6291183829307556,-1.1201971574337222e-05,0.0001011631138215785,-1.1201971573868665e-05,-15.989690678779867,0.5238287644251156,0.0,0.0,-0.0,2700.286865234375,True,0.0,455,0.00027629358970671834,-0.00029046105327212857,-1.1418875052972417e-05,True,456,magic-formula,1.9069990240535588,2.702696190595821,1.9075431036329717,0.6291725039482117,-1.1201975212316029e-05,0.00013717398946277992,-1.1201975211847472e-05,-16.001286211018556,-0.5463297098585175,0.0,0.0,-0.0,2700.279052734375,True,0.0,455,0.00027756492440670293,-0.00029067254091974526,1.1909404683731018e-05,True,456,magic-formula,122.37607507682073,134.95984979304723,122.37661915640014,0.6291183829307556,5.961707211099565e-05,39.754986392420086,5.961707204036541e-05,311.9792566806873,-0.0003985104108670089,397.43532371460077,0.0,-0.0,3170.18017578125,True,0.0,455,0.0003190586641064478,39.75448305167787,5.9611801582153385e-05,True,456,magic-formula,122.29841709586746,134.85333213330742,122.29896117544688,0.6291725039482117,5.961707211099565e-05,39.72930513768805,5.961707204036541e-05,312.031603154493,-0.003791357500451063,397.43532371460077,0.0,-0.0,3170.1787109375,True,0.0,455,0.0003197361444959261,39.72956675855996,0.000580613354431238,True,456,magic-formula
1.850000000000,222,full_throttle,0.0,1.0,0.0,1,2.264339400426252e-06,0.9281201958656311,0.4189828336238861,0.0016384489135816693,0.6312007904052734,0.23633135855197906,-1.8274803323947708e-06,grass,0.0,1.0,0.0,5876.96099303147,3,0.037167321890592575,-1.2068083378835581e-05,0.16716967438962207,566.8385846623237,-0.0,5870.955468926404,5901.044531073596,3.255249248468317e-05,0,True,-0.0,True,0,0,6.811510957049904e-06,0.6312007904052734,0.07959024608135223,False,True,-0.840029239654541,2.0298335552215576,-7.450580596923828e-09,0.0,0.0,1.0,2716.70458984375,2716.70458984375,0.34352365136146545,0.05647635459899902,0.0,grass,True,0.8399707078933716,2.029881715774536,-7.450580596923828e-09,0.0,0.0,1.0,2716.706298828125,2716.706298828125,0.34352365136146545,0.05647635459899902,0.0,grass,True,-0.8399662971496582,-0.17018496990203857,1.4901161193847656e-08,0.0,0.0,1.0,3162.4423828125,3162.4423828125,0.33444902300834656,0.06555098295211792,0.0,grass,True,0.8400336503982544,-0.17013680934906006,2.60770320892334e-08,0.0,0.0,1.0,3162.44091796875,3162.44091796875,0.33444908261299133,0.06555092334747314,0.0,grass,462,1.9120238597494528,2.797572745605254,1.9087288171973988,0.6308802962303162,-1.1005216947523877e-05,8.757748700327639e-05,-1.100521694707958e-05,-15.673308140262868,0.5180138471191413,0.0,0.0,-0.0,2711.9033203125,True,0.0,461,0.00024272054289405,-0.00028349392321280753,-1.1243722217752571e-05,True,462,magic-formula,1.9122966211824846,2.7979399514925904,1.9090015786304306,0.6309348940849304,-1.1005224223481491e-05,0.00012299090528955503,-1.1005224223037192e-05,-15.681984267182061,-0.5343092864715749,0.0,0.0,-0.0,2711.9052734375,True,0.0,461,0.00024357631105573053,-0.00028365065616331453,1.1597413721181482e-05,True,462,magic-formula,130.45350919805506,141.29832684009622,130.450214155503,0.6308802962303162,6.047771603334695e-05,42.418777739127854,6.0477715959613444e-05,306.1166120237466,-0.00037055402772935244,388.43004519182074,0.0,-0.0,3164.113037109375,True,0.0,461,0.00025531028120233943,42.41829721960141,6.043087490421909e-05,True,462,magic-formula,130.37538774694556,141.18791347408816,130.3720927043935,0.6309348940849304,6.0477712395368144e-05,42.392943062407106,6.047771232163465e-05,306.1632328677937,-0.0034323412433495733,388.43004519182074,0.0,-0.0,3164.112548828125,True,0.0,461,0.00025582491723357277,42.393212689614835,0.0005715049397653978,True,462,magic-formula
1.900000000000,228,full_throttle,0.0,1.0,0.0,1,2.5856552383629605e-06,0.9597266912460327,0.4188726842403412,0.0017319661565124989,0.6327168941497803,0.23332838714122772,-1.5879369357207906e-06,grass,0.0,1.0,0.0,6264.929903861928,3,0.025675732642412186,-1.1611429727054201e-05,0.1680253629414676,569.5969883486823,-0.0,5873.146123636864,5898.853876363136,3.2795989682199433e-05,0,True,-0.0,True,0,0,6.159434178698575e-06,0.6327168941497803,0.0796763002872467,False,True,-0.8400307297706604,2.0614163875579834,-4.842877388000488e-08,0.0,0.0,1.0,2744.494873046875,2744.494873046875,0.3433557450771332,0.0566442608833313,0.0,grass,True,0.8399692177772522,2.061466932296753,-3.3527612686157227e-08,0.0,0.0,1.0,2744.492431640625,2744.492431640625,0.34335580468177795,0.05664420127868652,0.0,grass,True,-0.8399642109870911,-0.13860206305980682,1.862645149230957e-08,0.0,0.0,1.0,3147.574462890625,3147.574462890625,0.33439651131629944,0.06560349464416504,0.0,grass,True,0.8400357365608215,-0.138551265001297,1.862645149230957e-08,0.0,0.0,1.0,3147.57470703125,3147.57470703125,0.33439651131629944,0.06560349464416504,0.0,grass,468,1.9157544787777134,2.8928556026680323,1.9095588600066968,0.6321387887001038,-1.0817153452080674e-05,6.018929654172389e-05,-1.0817153451658766e-05,-15.28737853896116,0.5139797334694096,0.0,0.0,-0.0,2739.406982421875,True,0.0,467,0.0002060395339606851,-0.0002737366373941619,-1.1044117318800536e-05,True,468,magic-formula,1.9160259612665376,2.893236426479459,1.909830342495521,0.6321937441825867,-1.0817147995112464e-05,9.482303537078351e-05,-1.0817147994690557e-05,-15.29291439260642,-0.5199162335395019,0.0,0.0,-0.0,2739.404296875,True,0.0,467,0.00020651876687819857,-0.00027383603495512165,1.1171688737254893e-05,True,468,magic-formula,137.98264241426781,148.0299385826841,137.9764467954968,0.6321387887001038,6.120076432125643e-05,44.90213320800828,6.120076424484659e-05,300.40983997644685,-0.00034681003526040193,346.8980882326244,0.0,-0.0,3150.153076171875,True,0.0,467,0.00020836597663136987,44.90169257767864,6.113298832223962e-05,True,468,magic-formula,137.90410626867853,147.91560770116675,137.89791064990752,0.6321937441825867,6.120076432125643e-05,44.87616132448133,6.120076424484659e-05,300.45156313059994,-0.00313344651397288,346.8980882326244,0.0,-0.0,3150.150390625,True,0.0,467,0.00020874963443217549,44.87645006157427,0.0005627010771545616,True,468,magic-formula
1.950000000000,234,full_throttle,0.0,1.0,0.0,1,2.875357495213393e-06,0.9913933873176575,0.41878992319107056,0.0018260153010487556,0.6337071061134338,0.2187454104423523,-1.4738913023393252e-06,grass,0.0,1.0,0.0,6633.584996538756,3,0.0157869141548872,-1.30451344375615e-05,0.16859609445545382,571.9426114020722,-0.0,5875.413187276398,5896.586812723602,3.2950047170743346e-05,0,True,-0.0,True,0,0,5.531578608497512e-06,0.6337071061134338,0.08088592439889908,False,True,-0.8400322198867798,2.092973470687866,-2.2351741790771484e-08,0.0,0.0,1.0,2784.73779296875,2784.73779296875,0.3429925739765167,0.057007431983947754,0.0,grass,True,0.8399677276611328,2.093027114868164,-2.2351741790771484e-08,0.0,0.0,1.0,2784.73779296875,2784.73779296875,0.3429925739765167,0.057007431983947754,0.0,grass,True,-0.8399621248245239,-0.10704268515110016,2.2351741790771484e-08,0.0,0.0,1.0,3120.58203125,3120.58203125,0.334593266248703,0.06540673971176147,0.0,grass,True,0.8400378227233887,-0.10698904097080231,3.725290298461914e-08,0.0,0.0,1.0,3120.58203125,3120.58203125,0.334593266248703,0.06540673971176147,0.0,grass,474,1.917486020128019,2.988093318205194,1.9070739501591398,0.6327549815177917,-1.0499725249246694e-05,1.540512445452613e-05,-1.0499725248860849e-05,-14.76474827165768,0.5069818445576053,0.0,0.0,-0.0,2776.9521484375,True,0.0,473,0.00016380488789024603,-0.0002608032525974746,-1.0746420109735547e-05,True,474,magic-formula,1.9177548131020445,2.9884877184437157,1.9073427431331653,0.6328102350234985,-1.0499728887225501e-05,4.885330017623257e-05,-1.0499728886839656e-05,-14.766535241109624,-0.5013172295978254,0.0,0.0,-0.0,2776.95263671875,True,0.0,473,0.00016393560166812391,-0.00026083477238125763,1.0626346432427853e-05,True,474,magic-formula,143.19457932758337,155.0822767764659,143.1841672576145,0.6327549815177917,6.18561971350573e-05,46.621456196584724,6.185619705616613e-05,295.44928413636967,-0.00033125784730039624,240.04052387164947,0.0,-0.0,3126.840087890625,True,0.0,473,0.00017979466454336583,46.62107696959588,6.173195724431169e-05,True,474,magic-formula,143.11566584952487,154.96400872937207,143.105253779556,0.6328102350234985,6.18561971350573e-05,46.59535949531971,6.185619705616613e-05,295.4883472764811,-0.0029287330881887894,240.04052387164947,0.0,-0.0,3126.84033203125,True,0.0,473,0.00018012435577404695,46.595677938530905,0.0005551964565367624,True,474,magic-formula
2.000000000000,240,full_throttle,0.0,1.0,0.0,1,3.132841129627195e-06,1.0230951309204102,0.4187833368778229,0.0019204533891752362,0.6342015266418457,0.1888749748468399,-1.5804532722540898e-06,grass,0.0,1.0,0.0,6660.608773542357,4,0.005970274563878775,-1.2619874723895919e-05,0.16890285726534193,572.7934174673488,-0.0,5877.683216767972,5894.316783232028,3.306691360194236e-05,0,True,-0.0,True,0,0,4.891342541668564e-06,0.6342015266418457,0.082644023001194,False,True,-0.840033769607544,2.124453544616699,-7.450580596923828e-09,0.0,0.0,1.0,2833.616455078125,2833.616455078125,0.34241172671318054,0.057588279247283936,0.0,grass,True,0.8399661779403687,2.124509811401367,-7.450580596923828e-09,0.0,0.0,1.0,2833.616455078125,2833.616455078125,0.34241172671318054,0.057588279247283936,0.0,grass,True,-0.839959979057312,-0.07555847615003586,-1.862645149230957e-08,0.0,0.0,1.0,3072.83642578125,3072.83642578125,0.33515939116477966,0.06484061479568481,0.0,grass,True,0.8400399684906006,-0.07550220936536789,0.0,0.0,0.0,1.0,3072.833740234375,3072.833740234375,0.33515945076942444,0.06484055519104004,0.0,grass,480,1.9176224651008336,3.0831304764898144,1.902927027475783,0.6328690648078918,-1.0217627277597785e-05,-5.3651324616765805e-05,-1.0217627277242212e-05,-14.297970704736498,0.5013681446492877,0.0,0.0,-0.0,2825.543701171875,True,0.0,479,0.0001322269413338712,-0.0002482141502913038,-1.0444623811222227e-05,True,480,magic-formula,1.9178888290741862,3.083538373110294,1.9031933914491357,0.6329245567321777,-1.0217623639618978e-05,-2.1243137696247416e-05,-1.0217623639263405e-05,-14.297684833428177,-0.487713086526119,0.0,0.0,-0.0,2825.5439453125,True,0.0,479,0.00013221386687373268,-0.0002482091650995999,1.0160157620649162e-05,True,480,magic-formula,145.7810399822103,162.32015038408122,145.76634454458525,0.6328690648078918,6.23950400040485e-05,47.47487412932151,6.23950399230776e-05,289.91018962874193,-0.0003216378934431398,158.24446623079083,0.0,-0.0,3081.66064453125,True,0.0,479,0.00016203785575682865,47.474579799043894,6.226571093563903e-05,True,480,magic-formula,145.70176976600305,162.19792690401786,145.687074328378,0.6329245567321777,6.23950400040485e-05,47.44865946604883,6.23950399230776e-05,289.94734490027804,-0.0027800074185358992,158.24446623079083,0.0,-0.0,3081.658203125,True,0.0,479,0.00016233385850741183,47.44903491996045,0.0005468691765342034,True,480,magic-formula
2.050000000000,246,full_throttle,0.0,1.0,0.0,1,3.3583307867957046e-06,1.0548079013824463,0.41885796189308167,0.002015175763517618,0.634238600730896,0.14759208261966705,-1.6012068044801708e-06,grass,0.0,1.0,0.0,6276.105542813535,4,-0.0026103833224624395,-1.3960654541733675e-05,0.16896039442481914,572.0302695927726,-0.0,5879.9156604823465,5892.0843395176535,3.31717892549932e-05,0,True,-0.0,True,0,0,4.225890279485611e-06,0.634238600730896,0.08390067517757416,False,True,-0.8400353789329529,2.1558609008789062,-1.862645149230957e-08,0.0,0.0,1.0,2877.430419921875,2877.430419921875,0.3416929543018341,0.05830705165863037,0.0,grass,True,0.8399645686149597,2.1559200286865234,-1.862645149230957e-08,0.0,0.0,1.0,2877.43017578125,2877.43017578125,0.3416929543018341,0.05830705165863037,0.0,grass,True,-0.8399580121040344,-0.04414629936218262,-3.725290298461914e-09,0.0,0.0,1.0,3018.636962890625,3018.636962890625,0.33602574467658997,0.06397426128387451,0.0,grass,True,0.8400419354438782,-0.04408717155456543,-3.3527612686157227e-08,0.0,0.0,1.0,3018.630859375,3018.630859375,0.3360258638858795,0.06397414207458496,0.0,grass,486,1.9169871836964392,3.17797156816521,1.9003336682979368,0.6327309608459473,-9.949539162334986e-06,-0.00012519022612234032,-9.949539162006673e-06,-13.918402302802157,0.49519915305172324,0.0,0.0,-0.0,2870.87744140625,True,0.0,485,0.00011041555466004293,-0.0002378087845059662,-1.0153177090525664e-05,True,486,magic-formula,1.9172517573435917,3.1783928736227853,1.9005982419450893,0.6327866315841675,-9.94954098132439e-06,-9.355166078217625e-05,-9.949540980996076e-06,-13.91770196386179,-0.4793363369976319,0.0,0.0,-0.0,2870.877197265625,True,0.0,485,0.00011038340328681368,-0.00023779683749902691,9.827939292506455e-06,True,486,magic-formula,146.65227187727157,169.63729360412057,146.63561836187307,0.632731020450592,6.289340672083199e-05,47.76251869904903,6.289340663790535e-05,284.3994203047825,-0.0003159806684990011,107.21642310066066,0.0,-0.0,3027.45263671875,True,0.0,485,0.00015058514055157476,47.76230894880081,6.278113492734467e-05,True,486,magic-formula,146.57265740476788,169.5110972455797,146.55600388936938,0.6327866315841675,6.289340672083199e-05,47.73619031198923,6.289340663790535e-05,284.43562266959975,-0.002670528959990849,107.21642310066066,0.0,-0.0,3027.449462890625,True,0.0,485,0.0001508654591600257,47.7366283560679,0.0005387321679950127,True,486,magic-formula
2.100000000000,252,full_throttle,0.0,1.0,0.0,1,3.5498730994731886e-06,1.0865116119384766,0.41897305846214294,0.002110194182023406,0.6339163780212402,0.10345818102359772,-1.55610553065344e-06,grass,0.0,1.0,0.0,6048.790175947886,4,-0.008775745518505573,-1.4104915862844791e-05,0.16881587156202535,570.3739480829006,-0.0,5882.003879452352,5889.996120547648,3.3274431189056486e-05,0,True,-0.0,True,0,0,3.540008947311435e-06,0.6339163780212402,0.08402584493160248,False,True,-0.840036928653717,2.187239170074463,4.0978193283081055e-08,0.0,0.0,1.0,2908.745361328125,2908.745361328125,0.34095993638038635,0.059040069580078125,0.0,grass,True,0.8399630188941956,2.1873011589050293,-3.3527612686157227e-08,0.0,0.0,1.0,2908.740234375,2908.740234375,0.3409600555896759,0.059039950370788574,0.0,grass,True,-0.8399558663368225,-0.012764694169163704,7.450580596923828e-09,0.0,0.0,1.0,2972.647216796875,2972.647216796875,0.3369874060153961,0.06301259994506836,0.0,grass,True,0.8400440812110901,-0.012702705338597298,1.862645149230957e-08,0.0,0.0,1.0,2972.64453125,2972.64453125,0.3369874656200409,0.06301254034042358,0.0,grass,492,1.9161249278349608,3.2727366174180115,1.9005546448988646,0.6325031518936157,-9.731373211252503e-06,-0.00018192570807862296,-9.731373210945318e-06,-13.651223656009149,0.4902364666048587,0.0,0.0,-0.0,2904.509521484375,True,0.0,491,9.693900768638136e-05,-0.00023054262882904464,-9.935016573830848e-06,True,492,magic-formula,1.9163880805958373,3.2731712583079844,1.9008177976597411,0.6325589418411255,-9.731378668220714e-06,-0.00015087524449919343,-9.731378667913527e-06,-13.650099100509227,-0.4738093831586033,0.0,0.0,-0.0,2904.5068359375,True,0.0,491,9.689068865311698e-05,-0.00023052384891697475,9.602118188571332e-06,True,492,magic-formula,146.58171518044065,176.96981286658817,146.56614489750456,0.6325031518936157,6.33367890259251e-05,47.7394628576518,6.333678894123223e-05,279.9043327877906,-0.0003131636770615055,80.92137845201282,0.0,-0.0,2979.259765625,True,0.0,491,0.00014375345505637094,47.73931900554426,6.322260456900426e-05,True,492,magic-formula,146.50176311431636,176.83962662072938,146.48619283138027,0.6325589418411255,6.333678174996749e-05,47.71302288588328,6.333678166527464e-05,279.9402101600729,-0.0025981019620907137,80.92137845201282,0.0,-0.0,2979.257080078125,True,0.0,491,0.0001440046165525793,47.713511868766176,0.0005322641962555945,True,492,magic-formula
2.150000000000,258,full_throttle,0.0,1.0,0.0,1,3.705565859490889e-06,1.1181920766830444,0.4190702438354492,0.0022055506706237793,0.6333715915679932,0.0650349035859108,-1.3841029158356832e-06,grass,0.0,1.0,0.0,5906.200206350901,4,-0.012038853019475937,-1.6053767467383295e-05,0.1685402686224436,568.734416345302,-0.0,5883.815134294084,5888.184865705916,3.340556213515811e-05,0,True,-0.0,True,0,0,2.798091827571625e-06,0.6333715915679932,0.08305701613426208,False,True,-0.8400385975837708,2.2186362743377686,-1.4901161193847656e-08,0.0,0.0,1.0,2926.3779296875,2926.3779296875,0.34031906723976135,0.059680938720703125,0.0,grass,True,0.8399613499641418,2.218700647354126,-2.2351741790771484e-08,0.0,0.0,1.0,2926.372802734375,2926.372802734375,0.3403191864490509,0.059680819511413574,0.0,grass,True,-0.8399539589881897,0.018634770065546036,1.1175870895385742e-08,0.0,0.0,1.0,2943.9169921875,2943.9169921875,0.3378218710422516,0.06217813491821289,0.0,grass,True,0.8400459885597229,0.01869938150048256,2.60770320892334e-08,0.0,0.0,1.0,2943.91455078125,2943.91455078125,0.33782193064689636,0.062178075313568115,0.0,grass,498,1.915291552108575,3.3675665808091377,1.9031451927990208,0.6322616934776306,-9.577897799317725e-06,-0.00021548128180082227,-9.577897799024845e-06,-13.493535684672235,0.486078451297653,0.0,0.0,-0.0,2924.290771484375,True,0.0,497,8.965894953769679e-05,-0.0002263378949660666,-9.784104279721722e-06,True,498,magic-formula,1.9155543260735899,3.3680145161321953,1.9034079667640358,0.6323177218437195,-9.577886885381304e-06,-0.00018479423943473794,-9.577886885088425e-06,-13.492825884800235,-0.47155419627959366,0.0,0.0,-0.0,2924.28857421875,True,0.0,497,8.963141639458283e-05,-0.00022632615786255528,9.491757847312987e-06,True,498,magic-formula,146.04127112059163,184.2849579361762,146.02912476128208,0.6322616934776306,6.377802492352203e-05,47.56135777631761,6.377802483704675e-05,277.15458992773125,-0.0003133497019427868,67.11279146419227,0.0,-0.0,2947.35888671875,True,0.0,497,0.00014092736673998476,47.56125269953204,6.366777396608794e-05,True,498,magic-formula,145.96098161182618,184.15076493733676,145.94883525251663,0.6323177218437195,6.377802492352203e-05,47.534806210058925,6.377802483704675e-05,277.1907785755534,-0.0025647248119519146,67.11279146419227,0.0,-0.0,2947.359130859375,True,0.0,497,0.000141188494577613,47.535325324050696,0.0005286498133232761,True,498,magic-formula
2.200000000000,264,full_throttle,0.0,1.0,0.0,1,3.823055521934293e-06,1.149842381477356,0.4191046953201294,0.0023013122845441103,0.6327444911003113,0.03761213645339012,-1.0543029702603235e-06,grass,0.0,1.0,0.0,5809.400945268143,4,-0.01260918378829956,-1.7204496543854475e-05,0.1682093099820336,567.730450175326,-0.0,5885.244014684303,5886.755985315697,3.3562966564204544e-05,0,True,-0.0,True,0,0,2.008142928389134e-06,0.6327444911003113,0.08153560012578964,False,True,-0.8400403261184692,2.2500839233398438,1.4901161193847656e-08,0.0,0.0,1.0,2933.15185546875,2933.15185546875,0.33982691168785095,0.060173094272613525,0.0,grass,True,0.8399596214294434,2.2501513957977295,1.4901161193847656e-08,0.0,0.0,1.0,2933.15283203125,2933.15283203125,0.33982691168785095,0.060173094272613525,0.0,grass,True,-0.8399519920349121,0.050083473324775696,2.2351741790771484e-08,0.0,0.0,1.0,2933.939208984375,2933.939208984375,0.33838263154029846,0.061617374420166016,0.0,grass,True,0.8400479555130005,0.05015094578266144,2.2351741790771484e-08,0.0,0.0,1.0,2933.939453125,2933.939453125,0.33838263154029846,0.061617374420166016,0.0,grass,504,1.9145412014426495,3.462553859761696,1.9067848825456406,0.6320252418518066,-9.46633554121945e-06,-0.0002266453757322484,-9.466335540936686e-06,-13.435398849246667,0.48422490777943816,0.0,0.0,-0.0,2932.626708984375,True,0.0,503,8.70861970989724e-05,-0.00022472204906809345,-9.719085330657626e-06,True,504,magic-formula,1.9148045093933168,3.4630150862696967,1.907048190496308,0.6320815086364746,-9.466333722230047e-06,-0.0001960205366799972,-9.466333721947284e-06,-13.434912155682172,-0.4710102340479248,0.0,0.0,-0.0,2932.62451171875,True,0.0,503,8.706833372941051e-05,-0.0002247140760367472,9.45385515400343e-06,True,504,magic-formula,145.22019548112183,191.56521148255752,145.21243916222483,0.6320252418518066,6.423499144148082e-05,47.290639266918404,6.423499135313342e-05,276.3157868969667,-0.00031621681736533283,58.354638277442746,0.0,-0.0,2934.421142578125,True,0.0,503,0.00014174444951961737,47.29054744710702,6.408304518101674e-05,True,504,magic-formula,145.13956609761868,191.42699481783237,145.13180977872167,0.6320815086364746,6.423499144148082e-05,47.263975303577695,6.423499135313342e-05,276.3523958882937,-0.002568754906861997,58.354638277442746,0.0,-0.0,2934.421630859375,True,0.0,503,0.0001420067039052154,47.26450403663559,0.0005280631197553073,True,504,magic-formula
2.250000000000,270,full_throttle,0.0,1.0,0.0,1,3.89856086258078e-06,1.181462049484253,0.4190629720687866,0.002397616161033511,0.6321491003036499,0.022493066266179085,-9.444742090636282e-07,grass,0.0,1.0,0.0,5736.780609367627,4,-0.011203350499272346,-1.675726889516227e-05,0.16788678020383463,567.492732730475,-0.0,5886.244411667175,5885.755588332825,3.375908636371605e-05,0,True,-0.0,True,0,0,1.15724674287776e-06,0.6321491003036499,0.0801246166229248,False,True,-0.8400421142578125,2.2815914154052734,-1.4901161193847656e-08,0.0,0.0,1.0,2932.578369140625,2932.578369140625,0.3394947946071625,0.060505211353302,0.0,grass,True,0.8399578332901001,2.2816617488861084,0.0,0.0,0.0,1.0,2932.57568359375,2932.57568359375,0.33949485421180725,0.06050515174865723,0.0,grass,True,-0.8399500846862793,0.08159135282039642,1.4901161193847656e-08,0.0,0.0,1.0,2938.749267578125,2938.749267578125,0.33863112330436707,0.06136888265609741,0.0,grass,True,0.8400498628616333,0.08166168630123138,2.9802322387695312e-08,0.0,0.0,1.0,2938.749267578125,2938.749267578125,0.33863112330436707,0.06136888265609741,0.0,grass,510,1.9138660564958954,3.5577226504285058,1.910230964788785,0.6317970156669617,-9.498411600361578e-06,-0.00022121702331612259,-9.49841160007593e-06,-13.45612035171053,0.4848432194575575,0.0,0.0,-0.0,2933.041259765625,True,0.0,509,8.796900617676033e-05,-0.00022503683884045333,-9.730121085683521e-06,True,510,magic-formula,1.914130432992737,3.5581972087274822,1.9104953412856267,0.6318536400794983,-9.498409781372175e-06,-0.00019059719189506996,-9.498409781086526e-06,-13.455856598063457,-0.47152794231000866,0.0,0.0,-0.0,2933.038330078125,True,0.0,509,8.796058572093623e-05,-0.00022503265189310895,9.462911787254155e-06,True,510,magic-formula,144.2094534803724,198.79920372716316,144.20581838866528,0.6317970156669617,6.463359750341624e-05,46.95732263285593,6.463359741341392e-05,277.04713082374076,-0.000321429843552064,52.77777484423261,0.0,-0.0,2937.1826171875,True,0.0,509,0.00014552252006389885,46.957224831403586,6.45034502274166e-05,True,510,magic-formula,144.12847831105654,198.65694623056592,144.12484321934943,0.6318536400794983,6.463359750341624e-05,46.93054420256916,6.463359741341392e-05,277.0841096927702,-0.0026030716644393948,52.77777484423261,0.0,-0.0,2937.1796875,True,0.0,509,0.00014580881172565488,46.931067548339556,0.0005299483217469879,True,510,magic-formula
2.300000000000,276,full_throttle,0.0,1.0,0.0,1,3.930746515834471e-06,1.2130547761917114,0.4189622700214386,0.002494503278285265,0.6316638588905334,0.01904808171093464,-7.129690970941738e-07,grass,0.0,1.0,0.0,5678.5062606352285,4,-0.008255213499069214,-1.9781451555900276e-05,0.16761617535193274,568.1135217079635,-0.0,5886.832664524734,5885.167335475266,3.398777698748745e-05,0,True,-0.0,True,0,0,2.4813436994008953e-07,0.6316638588905334,0.0794215202331543,False,True,-0.8400439023971558,2.313157320022583,-1.1175870895385742e-08,0.0,0.0,1.0,2919.982421875,2919.982421875,0.33932802081108093,0.060671985149383545,0.0,grass,True,0.8399560451507568,2.3132309913635254,-1.1175870895385742e-08,0.0,0.0,1.0,2919.98291015625,2919.98291015625,0.33932802081108093,0.060671985149383545,0.0,grass,True,-0.8399481773376465,0.11315745860338211,7.450580596923828e-09,0.0,0.0,1.0,2963.915283203125,2963.915283203125,0.3385966122150421,0.06140339374542236,0.0,grass,True,0.8400517702102661,0.11323065310716629,7.450580596923828e-09,0.0,0.0,1.0,2963.916259765625,2963.916259765625,0.3385966122150421,0.06140339374542236,0.0,grass,516,1.9135548406395178,3.653061946250955,1.9139021401408176,0.6316662430763245,-9.594503353582695e-06,-0.00019314566528361166,-9.59450335328829e-06,-13.70890207541337,0.48948749121606416,0.0,0.0,-0.0,2923.91455078125,True,0.0,515,9.94739939422665e-05,-0.0002299801288856429,-9.854000988249424e-06,True,516,magic-formula,1.9138219064461237,3.653549917312091,1.9141692059474236,0.6317232251167297,-9.59452154347673e-06,-0.0001619959895088341,-9.594521543182324e-06,-13.709508888444919,-0.4832383695144858,0.0,0.0,-0.0,2923.9150390625,True,0.0,515,9.950423911175858e-05,-0.00022999027040426778,9.728196753838534e-06,True,516,magic-formula,143.76482701178006,205.98947758222863,143.76517431128136,0.6316662430763245,6.503968324977905e-05,46.8107266708111,6.503968315806961e-05,279.171584241135,-0.0003269791240967768,107.67735217961355,0.0,-0.0,2957.470703125,True,0.0,515,0.00015011642243358304,46.81059413887121,6.490327487655308e-05,True,516,magic-formula,143.68350008304375,205.84316181245177,143.68384738254505,0.6317232251167297,6.503968324977905e-05,46.783831802287715,6.503968315806961e-05,279.2092360955229,-0.0026513017248322966,107.67735217961355,0.0,-0.0,2957.46826171875,True,0.0,515,0.00015039724453953028,46.78433567324315,0.0005339942977976138,True,516,magic-formula
2.350000000000,282,full_throttle,0.0,1.0,0.0,1,3.913958153134445e-06,1.2446287870407104,0.41885313391685486,0.0025921587366610765,0.6313743591308594,0.029402848333120346,-6.570850814568985e-07,grass,0.0,1.0,0.0,5650.204276672916,4,-0.004214583896100521,-1.8788465240504593e-05,0.16744478714496755,569.4768755611527,-0.0,5887.009018758997,5884.990981241003,3.425980685278773e-05,0,True,-0.0,True,0,0,-7.428913022522465e-07,0.6313743591308594,0.08006612956523895,False,True,-0.8400458097457886,2.344805955886841,3.725290298461914e-09,0.0,0.0,1.0,2896.255859375,2896.255859375,0.3394176661968231,0.06058233976364136,0.0,grass,True,0.839954137802124,2.344882011413574,3.725290298461914e-09,0.0,0.0,1.0,2896.256103515625,2896.256103515625,0.3394176661968231,0.06058233976364136,0.0,grass,True,-0.8399462699890137,0.14480553567409515,3.725290298461914e-09,0.0,0.0,1.0,3004.447509765625,3004.447509765625,0.33828863501548767,0.06171137094497681,0.0,grass,True,0.8400536775588989,0.14488159120082855,3.725290298461914e-09,0.0,0.0,1.0,3004.44775390625,3004.44775390625,0.33828863501548767,0.06171137094497681,0.0,grass,522,1.9139525728224203,3.748628489939253,1.9184982260613128,0.6317495107650757,-9.815277735469863e-06,-0.00014516173367695728,-9.815277735154663e-06,-14.012072742377908,0.4960965037518616,0.0,0.0,-0.0,2900.70849609375,True,0.0,521,0.00011502692357314965,-0.00023694699725040902,-1.006696651822362e-05,True,522,magic-formula,1.9142230115079686,3.7491300229072753,1.9187686647468611,0.6318069696426392,-9.815279554459266e-06,-0.00011337584500947795,-9.815279554144067e-06,-14.013726089838734,-0.49199598864893573,0.0,0.0,-0.0,2900.70556640625,True,0.0,521,0.00011511674068170563,-0.00023697519581178383,9.983767622549225e-06,True,522,magic-formula,145.21369851213763,213.21067696067558,145.21824416537652,0.6317495107650757,6.541625043610111e-05,47.288770998240345,6.541625034278949e-05,282.2874613581555,-0.00032928880330411296,168.086796137442,0.0,-0.0,2997.809326171875,True,0.0,521,0.00015114389216188816,47.28858140158739,6.529637611467847e-05,True,522,magic-formula,145.13201553121286,213.0602851665482,145.13656118445175,0.6318069696426392,6.541625043610111e-05,47.2617581556576,6.541625034278949e-05,282.32496955347483,-0.0026811879911079455,168.086796137442,0.0,-0.0,2997.80615234375,True,0.0,521,0.00015143181239283383,47.26222349963376,0.0005395094533275696,True,522,magic-formula
2.400000000000,288,full_throttle,0.0,1.0,0.0,1,3.848419510177337e-06,1.2761934995651245,0.41879934072494507,0.002690538763999939,0.6312624216079712,0.051672887057065964,-6.135952617114526e-07,grass,0.0,1.0,0.0,5665.053991428842,4,-0.0008813534514047205,-1.9169878214597702e-05,0.16737075685656955,569.923958159014,-0.0,5886.898348283477,5885.101651716523,3.4503529604990035e-05,0,True,-0.0,True,0,0,-1.715568259896827e-06,0.6312624216079712,0.08155507594347,False,True,-0.8400477170944214,2.3765320777893066,3.3527612686157227e-08,0.0,0.0,1.0,2863.65234375,2863.65234375,0.33979150652885437,0.06020849943161011,0.0,grass,True,0.8399521708488464,2.3766112327575684,3.3527612686157227e-08,0.0,0.0,1.0,2863.65234375,2863.65234375,0.33979150652885437,0.06020849943161011,0.0,grass,True,-0.8399444222450256,0.1765313446521759,-1.1175870895385742e-08,0.0,0.0,1.0,3040.325439453125,3040.325439453125,0.33780744671821594,0.062192559242248535,0.0,grass,True,0.840055525302887,0.17661026120185852,3.725290298461914e-09,0.0,0.0,1.0,3040.322998046875,3040.322998046875,0.3378075063228607,0.06219249963760376,0.0,grass,528,1.9145415016439387,3.8444156089065817,1.9219561331894823,0.6318919062614441,-9.985105862142518e-06,-9.321071894430322e-05,-9.985105861810673e-06,-14.206404628464044,0.49844907932605476,0.0,0.0,-0.0,2869.5341796875,True,0.0,527,0.00012623442122019753,-0.00024284338451707743,-1.0224609239372722e-05,True,528,magic-formula,1.9148146517436049,3.844930850305872,1.9222292832891485,0.631949782371521,-9.98511677607894e-06,-6.094729613137506e-05,-9.985116775747092e-06,-14.208058112475108,-0.4948080424623765,0.0,0.0,-0.0,2869.5341796875,True,0.0,527,0.00012633110791538955,-0.00024287164986602772,1.0149921342627727e-05,True,528,magic-formula,147.96599773213305,220.54201960779764,147.9734123636786,0.6318919062614441,6.578168540727347e-05,48.19688734534246,6.57816853123893e-05,284.4875100674994,-0.0003274424833370889,207.94400266538776,0.0,-0.0,3034.918212890625,True,0.0,527,0.0001472169729374557,48.196638587166944,6.567619357229419e-05,True,528,magic-formula,147.88396299924375,220.38753408094726,147.8913776307893,0.631949782371521,6.578168540727347e-05,48.16975800737892,6.57816853123893e-05,284.52429578869294,-0.002669796550455347,207.94400266538776,0.0,-0.0,3034.915283203125,True,0.0,527,0.000147480885799297,48.17017665069365,0.0005432931526235304,True,528,magic-formula
2.450000000000,294,full_throttle,0.0,1.0,0.0,1,3.734841584446258e-06,1.3077569007873535,0.41881653666496277,0.0027895516250282526,0.6312902569770813,0.08048000186681747,-5.194627306082111e-07,grass,0.0,1.0,0.0,5722.599584175933,4,0.001446459675207734,-1.8761456885840744e-05,0.1673752133835333,569.2740818660241,-0.0,5886.628521789767,5885.371478210233,3.471154923317954e-05,0,True,-0.0,True,0,0,-2.670996991582797e-06,0.6312902569770813,0.0827064961194992,False,True,-0.8400498628616333,2.4083056449890137,1.1175870895385742e-08,0.0,0.0,1.0,2828.668212890625,2828.668212890625,0.3403620421886444,0.05963796377182007,0.0,grass,True,0.8399500846862793,2.4083871841430664,1.1175870895385742e-08,0.0,0.0,1.0,2828.66845703125,2828.66845703125,0.3403620421886444,0.05963796377182007,0.0,grass,True,-0.8399426937103271,0.20830315351486206,-2.9802322387695312e-08,0.0,0.0,1.0,3067.201171875,3067.201171875,0.3372717797756195,0.06272822618484497,0.0,grass,True,0.8400572538375854,0.2083849310874939,-1.1175870895385742e-08,0.0,0.0,1.0,3067.198486328125,3067.198486328125,0.3372718393802643,0.0627281665802002,0.0,grass,534,1.9149757571326518,3.9403336525386243,1.9231619670795226,0.6319882273674011,-1.0103605745825917e-05,-4.6227513626040384e-05,-1.0103605745482114e-05,-14.300899890682127,0.4976758803738762,0.0,0.0,-0.0,2834.243408203125,True,0.0,533,0.00013228648912244886,-0.00024750288882013916,-1.0335879370097007e-05,True,534,magic-formula,1.9152503997652777,3.940862710918627,1.9234366097121485,0.6320464015007019,-1.010360210784711e-05,-1.3769578160238716e-05,-1.0103602107503309e-05,-14.30168464057659,-0.49217436913717777,0.0,0.0,-0.0,2834.243408203125,True,0.0,533,0.00013233551166107486,-0.0002475164705083577,1.0221622487695168e-05,True,534,magic-formula,151.56892726872937,228.03563333022552,151.57711347867624,0.6319882273674011,6.612010474782437e-05,49.385757771313294,6.612010465146825e-05,285.51593923871883,-0.0003222633563917527,233.54363145220535,0.0,-0.0,3063.397705078125,True,0.0,533,0.00013961558885675171,49.38545672568623,6.60160376928272e-05,True,534,magic-formula,151.48655056701102,227.8770367384727,151.4947367769579,0.6320464611053467,6.612010474782437e-05,49.35851522600829,6.612010465146825e-05,285.55152066469316,-0.0026230295939175963,233.54363145220535,0.0,-0.0,3063.394775390625,True,0.0,533,0.0001398677262945713,49.35888885942564,0.0005449594487033939,True,534,magic-formula
2.500000000000,300,full_throttle,0.0,1.0,0.0,1,3.573511776266969e-06,1.3393241167068481,0.4188739061355591,0.002889110939577222,0.6313914656639099,0.10953866690397263,-4.0438206383441866e-07,grass,0.0,1.0,0.0,5816.682918626848,4,0.002234742045402527,-1.9325989342178218e-05,0.1674252822742065,568.2845174276713,-0.0,5886.326064936821,5885.673935063179,3.489352820906788e-05,0,True,-0.0,True,0,0,-3.6324213397165295e-06,0.6313914656639099,0.08298351615667343,False,True,-0.8400519490242004,2.440084457397461,-2.60770320892334e-08,0.0,0.0,1.0,2800.22509765625,2800.22509765625,0.3409776985645294,0.05902230739593506,0.0,grass,True,0.8399479985237122,2.440169334411621,-2.60770320892334e-08,0.0,0.0,1.0,2800.225341796875,2800.225341796875,0.3409776985645294,0.05902230739593506,0.0,grass,True,-0.8399409651756287,0.24008062481880188,1.1175870895385742e-08,0.0,0.0,1.0,3084.51806640625,3084.51806640625,0.336771696805954,0.0632283091545105,0.0,grass,True,0.8400589823722839,0.24016526341438293,1.1175870895385742e-08,0.0,0.0,1.0,3084.51806640625,3084.51806640625,0.336771696805954,0.0632283091545105,0.0,grass,540,1.915070274186902,4.036263254271012,1.9220721230782793,0.6319844722747803,-1.0133149771718308e-05,-1.1281793102613236e-05,-1.0133149771371482e-05,-14.3175466035963,0.4949396895853841,0.0,0.0,-0.0,2804.249267578125,True,0.0,539,0.00013370855959775812,-0.00025044159312326286,-1.0389008443534009e-05,True,540,magic-formula,1.9153460323291616,4.036806206634932,1.922347881220539,0.6320430040359497,-1.0133153409697115e-05,2.118663267358656e-05,-1.013315340935029e-05,-14.3177147888397,-0.48760897547677473,0.0,0.0,-0.0,2804.249267578125,True,0.0,539,0.00013372100350129515,-0.00025044453468181516,1.0235133557498939e-05,True,540,magic-formula,155.70895796720038,235.72499612769846,155.71595981609175,0.6319844722747803,6.64901381242089e-05,50.75197165690135,6.649013802622596e-05,285.46726616330983,-0.00031500637360657943,249.10716194969768,0.0,-0.0,3082.258056640625,True,0.0,539,0.00012991640666341683,50.75163263960124,6.635735660942613e-05,True,540,magic-formula,155.62625161557168,235.5622717070065,155.63325346446305,0.6320430040359497,6.649014540016651e-05,50.7246200291027,6.649014530218354e-05,285.50167147652303,-0.0025513337823477706,249.10716194969768,0.0,-0.0,3082.25830078125,True,0.0,539,0.00013012580010227486,50.724958557331995,0.000544801936718398,True,540,magic-formula
2.550000000000,306,full_throttle,0.0,1.0,0.0,1,3.36375592269178e-06,1.370896577835083,0.4189271330833435,0.0029891477897763252,0.6314862966537476,0.1337549090385437,-4.4999933379585855e-07,grass,0.0,1.0,0.0,5939.47649802303,4,0.0014015819178894162,-1.8857028408092447e-05,0.16747912100615145,567.5260567643793,-0.0,5886.102994446222,5885.897005553778,3.5039389331359416e-05,0,True,-0.0,True,0,0,-4.587860985338921e-06,0.6314862966537476,0.08245551586151123,False,True,-0.8400540947914124,2.4718337059020996,1.862645149230957e-08,0.0,0.0,1.0,2783.31396484375,2783.31396484375,0.34149619936943054,0.058503806591033936,0.0,grass,True,0.8399458527565002,2.471921682357788,1.862645149230957e-08,0.0,0.0,1.0,2783.31396484375,2783.31396484375,0.34149619936943054,0.058503806591033936,0.0,grass,True,-0.839939296245575,0.2718276083469391,-7.450580596923828e-09,0.0,0.0,1.0,3093.4140625,3093.4140625,0.336360365152359,0.06363964080810547,0.0,grass,True,0.8400606513023376,0.27191534638404846,-7.450580596923828e-09,0.0,0.0,1.0,3093.4140625,3093.4140625,0.336360365152359,0.06363964080810547,0.0,grass,546,1.914748998898058,4.1320988203295785,1.919265939461975,0.6318585872650146,-1.015167435980402e-05,8.582371344489914e-06,-1.0151674359455287e-05,-14.280303088274712,0.4923991329608519,0.0,0.0,-0.0,2785.257080078125,True,0.0,545,0.00013171383081561196,-0.0002514935318366218,-1.040616272260102e-05,True,546,magic-formula,1.9150253141648585,4.132655720633103,1.9195422547287757,0.6319173574447632,-1.015168527374044e-05,4.099622964015559e-05,-1.0151685273391707e-05,-14.280025184139081,-0.48215494758280886,0.0,0.0,-0.0,2785.257080078125,True,0.0,545,0.00013170030238750564,-0.0002514886367914748,1.0189666431073692e-05,True,546,magic-formula,160.16550728844354,243.63059369651322,160.17002422900745,0.6318585872650146,6.67919812258333e-05,52.22275881792135,6.679198112650986e-05,284.5611374094318,-0.0003063559081409162,257.5379324562606,0.0,-0.0,3092.448974609375,True,0.0,545,0.00011933605471365998,52.222399094274614,6.665258246625273e-05,True,546,magic-formula,160.08248670057367,243.46372536011208,160.08700364113758,0.6319173574447632,6.67919812258333e-05,52.19530325374455,6.679198112650986e-05,284.5939298376008,-0.002464532092150819,257.5379324562606,0.0,-0.0,3092.448974609375,True,0.0,545,0.00011954461567488844,52.19562072556763,0.0005432216243565826,True,546,magic-formula
2.600000000000,312,full_throttle,0.0,1.0,0.0,1,3.1065253551787464e-06,1.4024717807769775,0.4189436435699463,0.003089544363319874,0.6314985156059265,0.1501622498035431,-4.709085601461993e-07,grass,0.0,1.0,0.0,6083.2494165928865,4,-0.0008318055770359933,-1.9211820472264662e-05,0.16749540394777798,567.2140094138673,-0.0,5886.037664882365,5885.962335117635,3.515650314511731e-05,0,True,-0.0,True,0,0,-5.542910912481602e-06,0.6314985156059265,0.08152007311582565,False,True,-0.8400562405586243,2.503528356552124,-3.3527612686157227e-08,0.0,0.0,1.0,2778.977294921875,2778.977294921875,0.34182795882225037,0.05817204713821411,0.0,grass,True,0.8399437069892883,2.5036189556121826,-3.3527612686157227e-08,0.0,0.0,1.0,2778.977294921875,2778.977294921875,0.34182795882225037,0.05817204713821411,0.0,grass,True,-0.8399376273155212,0.30352070927619934,-2.60770320892334e-08,0.0,0.0,1.0,3095.0771484375,3095.0771484375,0.33606216311454773,0.06393784284591675,0.0,grass,True,0.8400623798370361,0.3036113381385803,-2.60770320892334e-08,0.0,0.0,1.0,3095.0771484375,3095.0771484375,0.33606216311454773,0.06393784284591675,0.0,grass,552,1.9139798576413478,4.227769491236794,1.9154482562496151,0.6315996646881104,-1.011687345453538e-05,1.3688333534433994e-05,-1.0116873454190223e-05,-14.191175591647394,0.48975792000675755,0.0,0.0,-0.0,2778.80419921875,True,0.0,551,0.0001265184321101478,-0.000250504244180938,-1.0374377266172244e-05,True,552,magic-formula,1.914256396734534,4.228340368105487,1.9157247953428014,0.6316586136817932,-1.0116869816556573e-05,4.599724060305732e-05,-1.0116869816211415e-05,-14.19006188431477,-0.47687080704140367,0.0,0.0,-0.0,2778.803955078125,True,0.0,551,0.00012645766212824228,-0.0002504846053289489,1.010139491748847e-05,True,552,magic-formula,164.7326025692573,251.7631666334775,164.73407096786556,0.6315996646881104,6.708399450872093e-05,53.7301591831668,6.708399440808908e-05,283.03405707731014,-0.0002972451468643723,255.15858322065264,0.0,-0.0,3095.384765625,True,0.0,551,0.00010893711980533559,53.729795924958864,6.693347931344574e-05,True,552,magic-formula,164.6492820123678,251.59213906630413,164.65075041097606,0.6316586136817932,6.708399450872093e-05,53.70260445039958,6.708399440808908e-05,283.06523940867015,-0.0023715472385297926,255.15858322065264,0.0,-0.0,3095.384521484375,True,0.0,551,0.00010913425883731371,53.70291458023456,0.0005406951643193822,True,552,magic-formula
2.650000000000,318,full_throttle,0.0,1.0,0.0,1,2.802078370223171e-06,1.434043526649475,0.41891157627105713,0.0031902140472084284,0.6313660144805908,0.15689893066883087,-5.776507805421716e-07,grass,0.0,1.0,0.0,6237.912900409358,4,-0.00421114731580019,-1.8952141545014456e-05,0.1674400767884973,567.1608144651615,-0.0,5886.168208964087,5885.831791035913,3.5235752875451e-05,0,True,-0.0,True,0,0,-6.476398539234651e-06,0.6313660144805908,0.08055649697780609,False,True,-0.8400585055351257,2.5351481437683105,2.2351741790771484e-08,0.0,0.0,1.0,2788.60498046875,2788.60498046875,0.34192535281181335,0.05807465314865112,0.0,grass,True,0.8399414420127869,2.5352416038513184,-3.725290298461914e-09,0.0,0.0,1.0,2788.6015625,2788.6015625,0.34192541241645813,0.05807459354400635,0.0,grass,True,-0.8399358987808228,0.33513984084129333,-2.2351741790771484e-08,0.0,0.0,1.0,3086.799072265625,3086.799072265625,0.3359008729457855,0.06409913301467896,0.0,grass,True,0.8400640487670898,0.33523327112197876,-7.450580596923828e-09,0.0,0.0,1.0,3086.795654296875,3086.795654296875,0.3359009325504303,0.06409907341003418,0.0,grass,558,1.912602587800217,4.323222167470654,1.9105894474421863,0.6311574578285217,-1.0062736691907048e-05,1.3961455499478248e-06,-1.0062736691567402e-05,-14.011258649537611,0.486638031764679,0.0,0.0,-0.0,2785.625244140625,True,0.0,557,0.00011630304224836301,-0.00024672252675372874,-1.0283036626941073e-05,True,558,magic-formula,1.9128781063680462,4.323807017507747,1.9108649660100154,0.6312165856361389,-1.0062736691907048e-05,3.318946531638556e-05,-1.0062736691567402e-05,-14.00887497574932,-0.4693012067701015,0.0,0.0,-0.0,2785.625,True,0.0,557,0.0001161783662363746,-0.00024668057183074854,9.916697151431998e-06,True,558,magic-formula,168.83298108983385,260.114230662127,168.83096794947582,0.6311574578285217,6.731257599312812e-05,55.083726301816654,6.731257589146408e-05,280.9183091266168,-0.00028870286415580426,227.08634641064796,0.0,-0.0,3088.983154296875,True,0.0,557,9.972071984308897e-05,55.08338042357838,6.718507839444293e-05,True,558,magic-formula,168.7493749390206,259.9390292631349,168.74736179866258,0.6312165856361389,6.731257599312812e-05,55.05607714424067,6.731257589146408e-05,280.9480938735475,-0.0022815948146204944,227.08634641064796,0.0,-0.0,3088.98291015625,True,0.0,557,9.987942959856474e-05,55.0563945874002,0.0005372876153005303,True,558,magic-formula
2.700000000000,324,full_throttle,0.0,1.0,0.0,1,2.45199794335349e-06,1.4656026363372803,0.41884323954582214,0.0032910387963056564,0.631015419960022,0.15267197787761688,-6.975322435209819e-07,grass,0.0,1.0,0.0,6387.471272402358,4,-0.009033642709255219,-1.8860346244764514e-05,0.16727579320735117,568.1937034108084,-0.0,5886.53175843734,5885.46824156266,3.527599619701505e-05,0,True,-0.0,True,0,0,-7.379841918009333e-06,0.631015419960022,0.08039592951536179,False,True,-0.8400607109069824,2.56667423248291,-1.4901161193847656e-08,0.0,0.0,1.0,2820.002197265625,2820.002197265625,0.3417758643627167,0.0582241415977478,0.0,grass,True,0.8399391770362854,2.5667710304260254,-1.4901161193847656e-08,0.0,0.0,1.0,2820.001708984375,2820.001708984375,0.3417758643627167,0.0582241415977478,0.0,grass,True,-0.8399344086647034,0.3666665256023407,-7.450580596923828e-09,0.0,0.0,1.0,3070.830810546875,3070.830810546875,0.33591362833976746,0.06408637762069702,0.0,grass,True,0.840065598487854,0.36676308512687683,-7.450580596923828e-09,0.0,0.0,1.0,3070.83056640625,3070.83056640625,0.33591362833976746,0.06408637762069702,0.0,grass,564,1.9105280376185543,4.418406716086844,1.9051400999684698,0.6305071711540222,-9.883853635983542e-06,-3.2918739899301386e-05,-9.883853635661688e-06,-13.778454331761782,0.48480260496077565,0.0,0.0,-0.0,2814.605712890625,True,0.0,563,0.00010390620662157338,-0.00024012457586852776,-1.0138752406733272e-05,True,564,magic-formula,1.910802198847437,4.41900550544919,1.9054142611973526,0.6305662989616394,-9.883864549919963e-06,-1.5733419851393649e-06,-9.883864549598109e-06,-13.774397312467052,-0.4628418225341385,0.0,0.0,-0.0,2814.60546875,True,0.0,563,0.00010371131792170113,-0.00024005388875658618,9.679484064660346e-06,True,564,magic-formula,171.85680576556223,268.6429470300992,171.85141782791214,0.6305071711540222,6.757939991075546e-05,56.08223873148152,6.757939980787764e-05,278.4402623238758,-0.0002818469282300486,180.59040264307083,0.0,-0.0,3073.590576171875,True,0.0,563,9.258564825967085e-05,56.081935444562816,6.740268857003277e-05,True,564,magic-formula,171.77292652670423,268.463557877484,171.76753858905414,0.6305662989616394,6.757939991075546e-05,56.054499454850756,6.757939980787764e-05,278.4690060763889,-0.002205166746786372,180.59040264307083,0.0,-0.0,3073.59033203125,True,0.0,563,9.274630472075036e-05,56.05484489102281,0.0005333915597022124,True,564,magic-formula
2.750000000000,330,full_throttle,0.0,1.0,0.0,1,2.057204255834222e-06,1.497137188911438,0.418791800737381,0.003391939913854003,0.6304270029067993,0.13775935769081116,-7.891429731898825e-07,grass,0.0,1.0,0.0,6514.611859554569,4,-0.013656840659677982,-1.7266569557250477e-05,0.16698456049021423,568.7349529487179,-0.0,5887.10302452677,5884.89697547323,3.528696470311843e-05,0,True,-0.0,True,0,0,-8.253879968833644e-06,0.6304270029067993,0.08130422234535217,False,True,-0.8400630950927734,2.598097801208496,-2.60770320892334e-08,0.0,0.0,1.0,2853.287353515625,2853.287353515625,0.34143778681755066,0.05856221914291382,0.0,grass,True,0.8399368524551392,2.5981969833374023,-7.450580596923828e-09,0.0,0.0,1.0,2853.28759765625,2853.28759765625,0.34143778681755066,0.05856221914291382,0.0,grass,True,-0.8399327397346497,0.39809125661849976,-3.725290298461914e-09,0.0,0.0,1.0,3046.3310546875,3046.3310546875,0.3361481726169586,0.06385183334350586,0.0,grass,True,0.8400671482086182,0.3981906771659851,-3.725290298461914e-09,0.0,0.0,1.0,3046.331298828125,3046.331298828125,0.3361481726169586,0.06385183334350586,0.0,grass,570,1.9077835364532676,4.513296967509458,1.8992929358300772,0.6296434998512268,-9.71904955804348e-06,-7.493282164849902e-05,-9.71904955773746e-06,-13.520002064147114,0.4827485469170499,0.0,0.0,-0.0,2847.675537109375,True,0.0,569,9.146347014524756e-05,-0.00023288375776653325,-9.978532040325042e-06,True,570,magic-formula,1.9080562774235967,4.513909648390604,1.8995656768004063,0.6297026872634888,-9.719038644107059e-06,-4.411571370177558e-05,-9.71903864380104e-06,-13.515089945365949,-0.45523508614475255,0.0,0.0,-0.0,2847.66943359375,True,0.0,569,9.125155733697201e-05,-0.00023279964012556942,9.409842239990374e-06,True,570,magic-formula,173.44371322257618,277.2846578958117,173.435222621953,0.6296434998512268,6.776819645892829e-05,56.60678186359891,6.776819635518583e-05,275.8703937127401,-0.0002772575208038638,125.38335472759337,0.0,-0.0,3051.27001953125,True,0.0,569,8.785526764156052e-05,56.6065295883148,6.75706165446584e-05,True,570,magic-formula,173.359568544075,277.1010675566815,173.3510779434518,0.6297026872634888,6.776819645892829e-05,56.57895493228126,6.776819635518583e-05,275.89853096737016,-0.0021485770954202117,125.38335472759337,0.0,-0.0,3051.269775390625,True,0.0,569,8.79822208828666e-05,56.579335110748204,0.0005294384882832456,True,570,magic-formula
2.800000000000,336,full_throttle,0.0,1.0,0.0,1,1.6186481843760703e-06,1.5286356210708618,0.4187934994697571,0.0034928666427731514,0.6296098828315735,0.11370481550693512,-8.749805715524417e-07,grass,0.0,1.0,0.0,6498.056518260655,5,-0.018092550337314606,-1.8389226170256734e-05,0.16657153493145074,568.0109349132831,-0.0,5887.811639115443,5884.188360884557,3.52990064129699e-05,0,True,-0.0,True,0,0,-9.136366315942723e-06,0.6296098828315735,0.08241389691829681,False,True,-0.8400654792785645,2.629417657852173,-4.0978193283081055e-08,0.0,0.0,1.0,2885.040283203125,2885.040283203125,0.34097734093666077,0.05902266502380371,0.0,grass,True,0.8399344682693481,2.6295201778411865,-4.0978193283081055e-08,0.0,0.0,1.0,2885.040283203125,2885.040283203125,0.34097734093666077,0.05902266502380371,0.0,grass,True,-0.8399313688278198,0.42941322922706604,-1.1175870895385742e-08,0.0,0.0,1.0,3012.7958984375,3012.7958984375,0.3366113007068634,0.06338870525360107,0.0,grass,True,0.8400685787200928,0.4295157194137573,7.450580596923828e-09,0.0,0.0,1.0,3012.79296875,3012.79296875,0.3366113603115082,0.0633886456489563,0.0,grass,576,1.9046022974126817,4.60789160537027,1.8940337279983641,0.6286418437957764,-9.546416549710557e-06,-0.00012308564959140345,-9.546416549420555e-06,-13.276056603946879,0.4788700959259785,0.0,0.0,-0.0,2880.110595703125,True,0.0,575,8.089114024818565e-05,-0.00022610605969530795,-9.78687109862948e-06,True,576,magic-formula,1.9048734347293657,4.608518109642503,1.894304865315048,0.6287010312080383,-9.546416549710557e-06,-9.279774734760604e-05,-9.546416549420555e-06,-13.27071266262787,-0.45032366926094136,0.0,0.0,-0.0,2880.1103515625,True,0.0,575,8.068288785035534e-05,-0.0002260150606516742,9.203456502510526e-06,True,576,magic-formula,173.68162383736157,285.9673605071111,173.67105526794725,0.6286418437957764,6.796740490244702e-05,56.686294022533545,6.7967404797787e-05,272.83740944988085,-0.00027462082973292196,82.66620751177638,0.0,-0.0,3018.62353515625,True,0.0,575,8.467614661678855e-05,56.686098436877195,6.77850587569008e-05,True,576,magic-formula,173.59721765539283,285.77955581749416,173.5866490859785,0.6287010908126831,6.79673976264894e-05,56.65838073546695,6.796739752182941e-05,272.86500913651463,-0.0021037530305426685,82.66620751177638,0.0,-0.0,3018.620361328125,True,0.0,575,8.480443266167677e-05,56.65880270502336,0.0005248826528119637,True,576,magic-formula
2.850000000000,342,full_throttle,0.0,1.0,0.0,1,1.136564264925255e-06,1.5600873231887817,0.41884225606918335,0.0035938068758696318,0.6285971403121948,0.08506392687559128,-8.629939998172631e-07,grass,0.0,1.0,0.0,6062.681423175622,5,-0.021563688293099403,-1.9586472262744792e-05,0.1660513679724855,566.3834542904809,-0.0,5888.582431671265,5883.417568328735,3.530304093146697e-05,0,True,-0.0,True,0,0,-1.000503652903717e-05,0.6285971403121948,0.08301696926355362,False,True,-0.8400679230690002,2.6606578826904297,1.1175870895385742e-08,0.0,0.0,1.0,2909.514892578125,2909.514892578125,0.34047582745552063,0.05952417850494385,0.0,grass,True,0.8399320244789124,2.6607630252838135,1.1175870895385742e-08,0.0,0.0,1.0,2909.514892578125,2909.514892578125,0.34047582745552063,0.05952417850494385,0.0,grass,True,-0.8399298787117004,0.460655152797699,3.725290298461914e-09,0.0,0.0,1.0,2979.880615234375,2979.880615234375,0.337209552526474,0.06279045343399048,0.0,grass,True,0.8400700688362122,0.46076053380966187,1.862645149230957e-08,0.0,0.0,1.0,2979.8779296875,2979.8779296875,0.3372096121311188,0.0627903938293457,0.0,grass,582,1.9013517596624845,4.702254317484168,1.8905946775205487,0.6276118755340576,-9.38384619075805e-06,-0.0001657948454376612,-9.383846190482613e-06,-13.095456223557472,0.47516616492780495,0.0,0.0,-0.0,2906.13330078125,True,0.0,581,7.37353457950549e-05,-0.00022103287297048357,-9.624200338694276e-06,True,582,magic-formula,1.9016218022215645,4.702894572263958,1.8908647200796287,0.6276710629463196,-9.383838914800435e-06,-0.0001358682132032163,-9.383838914524999e-06,-13.090342299450677,-0.44784056911828457,0.0,0.0,-0.0,2906.1337890625,True,0.0,581,7.3550845991532e-05,-0.00022094651545212507,9.070735592566478e-06,True,582,magic-formula,173.09280025148894,294.63712269976475,173.082043169347,0.6276118755340576,6.813871004851535e-05,56.4930122074573,6.813870994306198e-05,269.985335417113,-0.00027333301464831767,60.79629863822525,0.0,-0.0,2984.90283203125,True,0.0,581,8.278058697416352e-05,56.492865615580826,6.796017699843377e-05,True,582,magic-formula,173.0081343516419,294.44509066129234,172.99737726949996,0.6276710629463196,6.813871004851535e-05,56.46501327309551,6.813870994306198e-05,270.01323375297346,-0.0020721034882614795,60.79629863822525,0.0,-0.0,2984.9033203125,True,0.0,581,8.292122526832584e-05,56.46547362539253,0.0005206581038021429,True,582,magic-formula
2.900000000000,348,full_throttle,0.0,1.0,0.0,1,6.097837967899977e-07,1.5914843082427979,0.4189048409461975,0.003694807179272175,0.6274598240852356,0.0579385869204998,-8.825013537716586e-07,grass,0.0,1.0,0.0,5789.156278296867,5,-0.023348752409219742,-1.9261398847447708e-05,0.16545897393246944,564.4516565177412,-0.0,5889.311757145545,5882.688242854455,3.533493145368993e-05,0,True,-0.0,True,0,0,-1.091492231353186e-05,0.6274598240852356,0.08283232152462006,False,True,-0.840070366859436,2.691854476928711,-3.725290298461914e-09,0.0,0.0,1.0,2923.949462890625,2923.949462890625,0.3400173485279083,0.05998265743255615,0.0,grass,True,0.8399295806884766,2.691962480545044,-2.9802322387695312e-08,0.0,0.0,1.0,2923.943603515625,2923.943603515625,0.3400174677371979,0.0599825382232666,0.0,grass,True,-0.8399285078048706,0.4918532371520996,7.450580596923828e-09,0.0,0.0,1.0,2956.138916015625,2956.138916015625,0.33779266476631165,0.06220734119415283,0.0,grass,True,0.840071439743042,0.49196144938468933,-1.862645149230957e-08,0.0,0.0,1.0,2956.133056640625,2956.133056640625,0.3377927839756012,0.06220722198486328,0.0,grass,588,1.8982772928576528,4.796491258424547,1.8892261468719302,0.6266254782676697,-9.334806236438453e-06,-0.00019397162464418471,-9.334806236167313e-06,-12.984895052747156,0.47261926413818195,0.0,0.0,-0.0,2922.182373046875,True,0.0,587,6.96248638205181e-05,-0.0002179629068397304,-9.52003182152019e-06,True,588,magic-formula,1.898546589481649,4.797145212770518,1.8894954434959264,0.6266847848892212,-9.334795322502032e-06,-0.00016441036027703415,-9.334795322230892e-06,-12.98019675728967,-0.4463075915512039,0.0,0.0,-0.0,2922.18212890625,True,0.0,587,6.946351073628853e-05,-0.00021788405586919968,8.990033125004127e-06,True,588,magic-formula,172.15329879687323,303.26678190216194,172.1442476508875,0.6266255378723145,6.825792661402375e-05,56.18396306509585,6.825792650801589e-05,267.97927391089587,-0.00027347981258140063,51.26662143474583,0.0,-0.0,2959.263427734375,True,0.0,587,8.214835496666529e-05,56.18384861651984,6.813795678152345e-05,True,588,magic-formula,172.0683721882908,303.0705095001785,172.05932104230507,0.6266847848892212,6.825792661402375e-05,56.155878037246744,6.825792650801589e-05,268.0070095572788,-0.0020568494303807735,51.26662143474583,0.0,-0.0,2959.260498046875,True,0.0,587,8.22829406068392e-05,56.156364334652466,0.000517841907415464,True,588,magic-formula
2.950000000000,354,full_throttle,0.0,1.0,0.0,1,3.821082117383412e-08,1.6228229999542236,0.41894426941871643,0.003795878030359745,0.626284122467041,0.03696660324931145,-6.514684969260998e-07,grass,0.0,1.0,0.0,5610.644963374217,5,-0.02342943660914898,-2.034542922046967e-05,0.16484003479716336,562.8110495585934,-0.0,5889.899479985005,5882.100520014995,3.536951408023015e-05,0,True,-0.0,True,0,0,-1.1824616194644477e-05,0.626284122467041,0.08204890042543411,False,True,-0.8400728106498718,2.7230377197265625,1.862645149230957e-08,0.0,0.0,1.0,2930.16064453125,2930.16064453125,0.33965399861335754,0.060346007347106934,0.0,grass,True,0.8399271368980408,2.723149299621582,-7.450580596923828e-09,0.0,0.0,1.0,2930.158447265625,2930.158447265625,0.3396540582180023,0.06034594774246216,0.0,grass,True,-0.8399270176887512,0.5230374336242676,-3.725290298461914e-09,0.0,0.0,1.0,2944.70556640625,2944.70556640625,0.33823463320732117,0.06176537275314331,0.0,grass,True,0.8400729298591614,0.523148775100708,-3.725290298461914e-09,0.0,0.0,1.0,2944.70556640625,2944.70556640625,0.33823463320732117,0.06176537275314331,0.0,grass,594,1.895413607527339,4.890691309904627,1.8891008106813068,0.6256929636001587,-9.209848940372467e-06,-0.0002064731161368627,-9.20984894011207e-06,-12.934787954194904,0.4706473041696531,0.0,0.0,-0.0,2929.583251953125,True,0.0,593,6.782660465397405e-05,-0.00021657324153834256,-9.456356964327794e-06,True,594,magic-formula,1.8956827200525517,4.891358936415961,1.8893699232065195,0.6257522702217102,-9.209859854308888e-06,-0.00017697260436810858,-9.20985985404849e-06,-12.930302480420302,-0.44644739779125225,0.0,0.0,-0.0,2929.583740234375,True,0.0,593,6.76757050377949e-05,-0.0002164980991747889,8.970125237708334e-06,True,594,magic-formula,171.0253021598455,311.84412066419446,171.01898936299946,0.6256929636001587,6.845852476544678e-05,55.81265674914886,6.845852465850157e-05,267.13584702703827,-0.0002750188184834169,45.418884651277324,0.0,-0.0,2945.766845703125,True,0.0,593,8.281837244142173e-05,55.81255644681151,6.828371759943877e-05,True,594,magic-formula,170.94011317190242,311.6435948359563,170.9338003750564,0.6257522702217102,6.845852476544678e-05,55.784485076506094,6.845852465850157e-05,267.1639033082054,-0.0020601366193364716,45.418884651277324,0.0,-0.0,2945.763916015625,True,0.0,593,8.2965860377428e-05,55.78498247879366,0.000516867804201793,True,594,magic-formula
3.000000000000,360,full_throttle,0.0,1.0,0.0,1,-5.805693490401609e-07,1.6541037559509277,0.4189392030239105,0.003897119779139757,0.625146210193634,0.024051593616604805,-4.853777113567048e-07,grass,0.0,1.0,0.0,5487.874868385695,5,-0.022137640044093132,-2.1311008822522126e-05,0.16423612506835844,561.7184026203665,-0.0,5890.283836394579,5881.716163605421,3.543768252711743e-05,0,True,-0.0,True,0,0,-1.2782496924046427e-05,0.625146210193634,0.0810975506901741,False,True,-0.8400753736495972,2.7542223930358887,2.2351741790771484e-08,0.0,0.0,1.0,2930.7197265625,2930.7197265625,0.339400976896286,0.06059902906417847,0.0,grass,True,0.8399245738983154,2.7543368339538574,2.2351741790771484e-08,0.0,0.0,1.0,2930.7197265625,2930.7197265625,0.339400976896286,0.06059902906417847,0.0,grass,True,-0.8399257659912109,0.5542224645614624,-7.450580596923828e-09,0.0,0.0,1.0,2944.3681640625,2944.3681640625,0.3384774625301361,0.06152254343032837,0.0,grass,True,0.8400741815567017,0.554336667060852,-7.450580596923828e-09,0.0,0.0,1.0,2944.3681640625,2944.3681640625,0.3384774625301361,0.06152254343032837,0.0,grass,600,1.892737877505765,4.984895935434481,1.8892903616157628,0.6248098611831665,-9.184517693938687e-06,-0.0002063616062639717,-9.184517693680432e-06,-12.939667979088796,0.47004602858852007,0.0,0.0,-0.0,2930.917724609375,True,0.0,599,6.798837947293329e-05,-0.00021655630173511575,-9.43997584868848e-06,True,600,magic-formula,1.8930075000496038,4.985577236062021,1.8895599841596016,0.6248692870140076,-9.184524969896302e-06,-0.00017681199763830424,-9.184524969638046e-06,-12.935812980296168,-0.44767018578005313,0.0,0.0,-0.0,2930.918212890625,True,0.0,599,6.785862180993972e-05,-0.00021649174560167683,8.99059834909929e-06,True,600,magic-formula,169.77580212611412,320.3617059350466,169.7723546102241,0.6248098611831665,6.86335115460679e-05,55.401204840434495,6.863351143830049e-05,267.3822026612025,-0.00027803862728971375,41.84074026029374,0.0,-0.0,2943.79541015625,True,0.0,599,8.469231508757584e-05,55.401104350790874,6.845609583846563e-05,True,600,magic-formula,169.69034577644285,320.1569134297235,169.68689826055285,0.6248692870140076,6.863351882202551e-05,55.37294481921214,6.863351871425808e-05,267.41104636524017,-0.0020804638107067472,41.84074026029374,0.0,-0.0,2943.7958984375,True,0.0,599,8.484232158574143e-05,55.373441970835266,0.0005176442771817719,True,600,magic-formula
3.050000000000,366,coast,0.0,0.0,0.0,1,-1.247799218617729e-06,1.6853300333023071,0.4188908338546753,0.003998580388724804,0.6240978240966797,0.01787734590470791,-5.181034339329926e-07,grass,0.0,0.0,0.0,5395.931121192816,5,-0.02010871283710003,-2.0941255570505746e-05,0.1636770473598208,561.2120029300643,-0.0,5890.449586962954,5881.550413037046,3.5516859497874975e-05,0,True,-0.0,True,0,0,-1.3749186109635048e-05,0.6240978240966797,0.08043289184570312,False,True,-0.8400779962539673,2.785402297973633,-7.450580596923828e-09,0.0,0.0,1.0,2931.724365234375,2931.724365234375,0.3392340838909149,0.06076592206954956,0.0,grass,True,0.8399219512939453,2.785519599914551,-7.450580596923828e-09,0.0,0.0,1.0,2931.723876953125,2931.723876953125,0.3392340838909149,0.06076592206954956,0.0,grass,True,-0.8399244546890259,0.5854021310806274,7.450580596923828e-09,0.0,0.0,1.0,2948.742431640625,2948.742431640625,0.33854761719703674,0.061452388763427734,0.0,grass,True,0.8400754928588867,0.5855193734169006,2.60770320892334e-08,0.0,0.0,1.0,2948.7392578125,2948.7392578125,0.3385476768016815,0.06145232915878296,0.0,grass,606,1.8900685864808042,5.079088966545678,1.8884647297980268,0.6239254474639893,-9.201332431985065e-06,-0.00020281392532384146,-9.20133243172539e-06,-12.93212530603927,0.4700871694023963,0.0,0.0,-0.0,2931.560546875,True,0.0,605,6.772317718265349e-05,-0.00021638260282141886,-9.438731482284004e-06,True,606,magic-formula,1.8903384132856722,5.07978395934576,1.8887345566028948,0.6239850521087646,-9.20133970794268e-06,-0.00017337572449283023,-9.201339707683003e-06,-12.927847675643243,-0.4469835268651802,0.0,0.0,-0.0,2931.560302734375,True,0.0,605,6.757946897044067e-05,-0.00021631104307984206,8.974841515406599e-06,True,606,magic-formula,168.0752493466046,328.80590498015533,168.07364548992183,0.623925507068634,6.879063585074618e-05,54.84090677731089,6.879063574223694e-05,268.3421191866118,-0.0002826445220070828,27.583115977249122,5.8608,5.8608,2947.872802734375,True,0.0,605,8.795488390035759e-05,54.84080309291002,6.862892491742666e-05,True,606,magic-formula,167.98952024796807,328.59683228591103,167.9879163912853,0.6239850521087646,6.879062857478857e-05,54.8125566297207,6.879062846627937e-05,268.3716010904004,-0.0021169026087810845,27.583115977249122,5.8608,5.8608,2947.87255859375,True,0.0,605,8.810078259459228e-05,54.813048795503796,0.0005195245082275929,True,606,magic-formula
3.100000000000,372,coast,0.0,0.0,0.0,1,-1.9623864773166133e-06,1.716507077217102,0.4188208281993866,0.004100245423614979,0.6231580376625061,0.014829828403890133,-4.686024794864352e-07,grass,0.0,0.0,0.0,5316.318743184849,5,-0.01798774115741253,-1.9839015294564888e-05,0.16317537273906624,561.0931182998611,-0.0,5890.427629763006,5881.572370236994,3.558155003702268e-05,0,True,-0.0,True,0,0,-1.4677041690447368e-05,0.6231580376625061,0.08036242425441742,False,True,-0.8400806784629822,2.8165552616119385,1.862645149230957e-08,0.0,0.0,1.0,2937.4970703125,2937.4970703125,0.3391055762767792,0.0608944296836853,0.0,grass,True,0.8399192690849304,2.8166754245758057,1.862645149230957e-08,0.0,0.0,1.0,2937.497314453125,2937.497314453125,0.3391055762767792,0.0608944296836853,0.0,grass,True,-0.8399232029914856,0.616555392742157,-1.1175870895385742e-08,0.0,0.0,1.0,2950.67578125,2950.67578125,0.3385361135005951,0.061463892459869385,0.0,grass,True,0.840076744556427,0.616675615310669,7.450580596923828e-09,0.0,0.0,1.0,2950.6728515625,2950.6728515625,0.33853617310523987,0.06146383285522461,0.0,grass,612,1.8872866544078646,5.173208489533231,1.8859477012555657,0.6230092644691467,-9.175924787996337e-06,-0.00020466851455136492,-9.175924787738807e-06,-12.874920431828636,0.4698307324166819,0.0,0.0,-0.0,2935.822998046875,True,0.0,611,6.574366022708558e-05,-0.00021511261342199717,-9.419882883471112e-06,True,612,magic-formula,1.8875564927823805,5.173917189176402,1.8862175396300815,0.6230689287185669,-9.175924787996337e-06,-0.0001752861003813111,-9.175924787738807e-06,-12.870220999052078,-0.4437836995383614,0.0,0.0,-0.0,2935.820068359375,True,0.0,611,6.558975407776377e-05,-0.0002150343064089011,8.897661147156296e-06,True,612,magic-formula,165.59002165031663,337.14913377538807,165.58868269716433,0.6230092644691467,6.895805563544855e-05,54.02169788013534,6.895805552614512e-05,269.54688259994845,-0.00028892778818532226,18.183910759733635,39.072,39.072,2951.395263671875,True,0.0,611,9.276497307534199e-05,54.021597625497215,6.878136489312306e-05,True,612,magic-formula,165.50401236351092,336.9357670797864,165.50267341035863,0.6230689287185669,6.895805563544855e-05,53.99325515124004,6.895805552614512e-05,269.5773932493936,-0.0021678390565441465,18.183910759733635,39.072,39.072,2951.395263671875,True,0.0,611,9.291197549036846e-05,53.99374513913633,0.0005217439670861418,True,612,magic-formula
3.150000000000,378,coast,0.0,0.0,0.0,1,-2.7241308089287486e-06,1.7476396560668945,0.4187588393688202,0.0042021432891488075,0.6223028302192688,0.010487306863069534,-4.862493483415165e-07,grass,0.0,0.0,0.0,5232.288733021222,5,-0.01640603505074978,-2.0367506294860505e-05,0.16272102417026624,560.766652417839,-0.0,5890.297660121302,5881.702339878698,3.567879684851505e-05,0,True,-0.0,True,0,0,-1.563692421768792e-05,0.6223028302192688,0.08077899366617203,False,True,-0.8400834202766418,2.8476545810699463,-2.2351741790771484e-08,0.0,0.0,1.0,2945.259521484375,2945.259521484375,0.338960200548172,0.06103980541229248,0.0,grass,True,0.839916467666626,2.847778081893921,-2.2351741790771484e-08,0.0,0.0,1.0,2945.25927734375,2945.25927734375,0.338960200548172,0.06103980541229248,0.0,grass,True,-0.8399219512939453,0.64765465259552,2.9802322387695312e-08,0.0,0.0,1.0,2947.06201171875,2947.06201171875,0.33855751156806946,0.06144249439239502,0.0,grass,True,0.8400779366493225,0.6477779150009155,2.9802322387695312e-08,0.0,0.0,1.0,2947.06201171875,2947.06201171875,0.33855751156806946,0.06144249439239502,0.0,grass,618,1.8845710629113293,5.267170326991448,1.8828777489699697,0.6221226453781128,-9.15786949917674e-06,-0.00021419461737415268,-9.157869498920728e-06,-12.905965172660807,0.4709988025187911,0.0,0.0,-0.0,2944.229736328125,True,0.0,617,6.675140894183883e-05,-0.00021501558676317867,-9.416337906662594e-06,True,618,magic-formula,1.8848415940701078,5.267892747358376,1.8831482801287482,0.6221824288368225,-9.157880413113162e-06,-0.00018470279368687503,-9.157880412857148e-06,-12.901907606709457,-0.4473194011653143,0.0,0.0,-0.0,2944.2294921875,True,0.0,617,6.661720955336988e-05,-0.0002149480013242666,8.942933551106897e-06,True,618,magic-formula,162.42886635402047,345.3436486346864,162.4271730400791,0.6221226453781128,6.918964209035039e-05,52.979403251448645,6.918964197994202e-05,270.37706862726174,-0.0002965618557015003,11.987572788755429,39.072,39.072,2947.7705078125,True,0.0,617,9.857959481961276e-05,52.97931245087821,6.900636623046814e-05,True,618,magic-formula,162.34256582206183,345.12597362961816,162.34087250812047,0.6221824288368225,6.918964209035039e-05,52.95086429244358,6.918964197994202e-05,270.4087853822909,-0.002224377546042516,11.987572788755429,39.072,39.072,2947.770263671875,True,0.0,617,9.874917536857066e-05,52.9513643247735,0.0005234198441125554,True,618,magic-formula
3.200000000000,384,coast,0.0,0.0,0.0,1,-3.5337163808435434e-06,1.7787322998046875,0.41872158646583557,0.004304341971874237,0.6215367317199707,0.005391208920627832,-6.169723860693921e-07,grass,0.0,0.0,0.0,5141.78315973127,5,-0.01451160665601492,-1.9522474758559838e-05,0.16231246840332325,560.0825482027478,-0.0,5890.091681836609,5881.908318163391,3.578246105462313e-05,0,True,-0.0,True,0,0,-1.6581609088461846e-05,0.6215367317199707,0.08131002634763718,False,True,-0.8400861024856567,2.878708839416504,4.0978193283081055e-08,0.0,0.0,1.0,2949.63916015625,2949.63916015625,0.3388250172138214,0.061174988746643066,0.0,grass,True,0.8399138450622559,2.8788344860076904,4.0978193283081055e-08,0.0,0.0,1.0,2949.638916015625,2949.638916015625,0.3388250172138214,0.061174988746643066,0.0,grass,True,-0.8399208784103394,0.6787086129188538,-2.2351741790771484e-08,0.0,0.0,1.0,2942.29638671875,2942.29638671875,0.33861806988716125,0.06138193607330322,0.0,grass,True,0.8400790691375732,0.6788347959518433,-2.2351741790771484e-08,0.0,0.0,1.0,2942.29638671875,2942.29638671875,0.33861806988716125,0.06138193607330322,0.0,grass,624,1.8822152559385203,5.360993954045514,1.880482839487543,0.621353030204773,-9.168241376755759e-06,-0.00022199574506120978,-9.168241376498876e-06,-12.941809946582701,0.4722423860109851,0.0,0.0,-0.0,2949.09814453125,True,0.0,623,6.79579401463525e-05,-0.00021525682958778436,-9.425614750857687e-06,True,624,magic-formula,1.8824864754531923,5.3617301166976095,1.880754059002215,0.6214130520820618,-9.168219548882917e-06,-0.00019251518250829047,-9.168219548626035e-06,-12.938388822664244,-0.4500310404428849,0.0,0.0,-0.0,2949.097900390625,True,0.0,623,6.784338555118253e-05,-0.00021519994193930359,8.982293221095392e-06,True,624,magic-formula,159.12410937217282,353.37597452475103,159.12237695572185,0.621353030204773,6.940694584045559e-05,51.88960306261226,6.940694572900367e-05,271.210068958396,-0.00030479287286169147,7.902695039832819,39.072,39.072,2943.1171875,True,0.0,623,0.00010508358421288323,51.88951956506178,6.92301463587541e-05,True,624,magic-formula,159.03750640940407,353.1539763324099,159.0357739929531,0.6214130520820618,6.940693128854036e-05,51.860964063021285,6.940693117708851e-05,271.242889088052,-0.0022854084242642553,7.902695039832819,39.072,39.072,2943.1142578125,True,0.0,623,0.00010528531464159077,51.86147252574141,0.0005251118687246183,True,624,magic-formula
3.250000000000,390,coast,0.0,0.0,0.0,1,-4.389980404084781e-06,1.8097891807556152,0.4187083840370178,0.00440684799104929,0.6208723783493042,0.000438467861386016,-6.44198792087991e-07,grass,0.0,0.0,0.0,5045.874982155594,5,-0.012373877689242363,-1.9557741325115785e-05,0.16195643714308972,559.2474192270541,-0.0,5889.814101980307,5882.185898019693,3.589635161915794e-05,0,True,-0.0,True,0,0,-1.751369381963741e-05,0.6208723783493042,0.08168860524892807,False,True,-0.840088963508606,2.9097278118133545,-3.725290298461914e-09,0.0,0.0,1.0,2951.696533203125,2951.696533203125,0.3387167751789093,0.061283230781555176,0.0,grass,True,0.8399109840393066,2.9098570346832275,-3.725290298461914e-09,0.0,0.0,1.0,2951.696533203125,2951.696533203125,0.3387167751789093,0.061283230781555176,0.0,grass,True,-0.8399198055267334,0.7097277641296387,2.60770320892334e-08,0.0,0.0,1.0,2937.72265625,2937.72265625,0.33869996666908264,0.061300039291381836,0.0,grass,True,0.8400801420211792,0.7098569869995117,2.60770320892334e-08,0.0,0.0,1.0,2937.72265625,2937.72265625,0.33869996666908264,0.061300039291381836,0.0,grass,630,1.8802443189502174,5.454713381899724,1.8787377035201007,0.6207086443901062,-9.174389560939744e-06,-0.00022801913653447414,-9.174389560682343e-06,-12.98355566611416,0.4730152009450655,0.0,0.0,-0.0,2951.47314453125,True,0.0,629,6.940458957779541e-05,-0.0002157774143254354,-9.433443735416674e-06,True,630,magic-formula,1.8805163991105593,5.455463309142041,1.8790097836804427,0.6207688450813293,-9.174385922960937e-06,-0.0001984333748447087,-9.174385922703536e-06,-12.980968799093551,-0.453099406618791,0.0,0.0,-0.0,2951.47314453125,True,0.0,629,6.931709564370087e-05,-0.0002157344200109934,9.036258828210053e-06,True,630,magic-formula,155.72179056324566,361.2402760608268,155.72028394781555,0.6207086443901062,6.965087231947109e-05,50.76748224148096,6.965087220683997e-05,272.1261374048189,-0.00031380689435978314,5.209777658341308,39.072,39.072,2938.419677734375,True,0.0,629,0.00011244419483323701,50.767403890872906,6.948049951104771e-05,True,630,magic-formula,155.6348721677599,361.0139392163583,155.6333655523298,0.6207688450813293,6.965087231947109e-05,50.73873897027944,6.965087220683997e-05,272.16041552176057,-0.002352058285427744,5.209777658341308,39.072,39.072,2938.41650390625,True,0.0,629,0.00011265848464360608,50.73925406322694,0.0005269705311305306,True,630,magic-formula
3.300000000000,396,coast,0.0,0.0,0.0,1,-5.293299636832671e-06,1.8408163785934448,0.418709397315979,0.004509729333221912,0.6203229427337646,-0.0036911494098603725,-7.115146445357823e-07,grass,0.0,0.0,0.0,4945.676102003188,5,-0.00995644275099039,-2.0000901713501662e-05,0.16165946837879916,558.478063955406,-0.0,5889.46851500178,5882.53148499822,3.604147786973044e-05,0,True,-0.0,True,0,0,-1.8461223589838482e-05,0.6203229427337646,0.08184213936328888,False,True,-0.8400918841362,2.940723419189453,1.4901161193847656e-08,0.0,0.0,1.0,2952.35791015625,2952.35791015625,0.3386385142803192,0.061361491680145264,0.0,grass,True,0.8399080634117126,2.9408555030822754,1.4901161193847656e-08,0.0,0.0,1.0,2952.357421875,2952.357421875,0.3386385142803192,0.061361491680145264,0.0,grass,True,-0.8399186730384827,0.740723192691803,2.2351741790771484e-08,0.0,0.0,1.0,2934.441162109375,2934.441162109375,0.3387801945209503,0.06121981143951416,0.0,grass,True,0.8400812745094299,0.7408555150032043,-7.450580596923828e-09,0.0,0.0,1.0,2934.438232421875,2934.438232421875,0.3387802541255951,0.061219751834869385,0.0,grass,636,1.8786736181353785,5.5483598043306275,1.8775633670737601,0.6201942563056946,-9.207557013724e-06,-0.00023196232101962977,-9.207557013463796e-06,-13.037094380799516,0.47386125931051487,0.0,0.0,-0.0,2952.316162109375,True,0.0,635,7.131015560051451e-05,-0.00021660534997391956,-9.447620388418378e-06,True,636,magic-formula,1.878946574917972,5.549123532338441,1.8778363238563536,0.6202546954154968,-9.207549737766385e-06,-0.00020232569256606325,-9.207549737506183e-06,-13.035123782568538,-0.45660396962906813,0.0,0.0,-0.0,2952.31591796875,True,0.0,635,7.12423870227229e-05,-0.00021657262535290656,9.10355357065663e-06,True,636,magic-formula,152.2510772232892,368.93253202327105,152.24996697222758,0.6201942563056946,6.993638089625165e-05,49.622661227379744,6.993638078222977e-05,273.2320639931856,-0.00032391031129234754,3.4344971066891152,39.072,39.072,2934.87255859375,True,0.0,635,0.00012084894601929639,49.6225856884675,6.979370664581566e-05,True,636,magic-formula,152.16382761238776,368.7018403385783,152.16271736132614,0.6202546954154968,6.993638089625165e-05,49.593808416672466,6.993638078222977e-05,273.26824482681826,-0.0024262759140922206,3.4344971066891152,39.072,39.072,2934.872314453125,True,0.0,635,0.00012108030065855887,49.59432845811245,0.0005292019122680651,True,636,magic-formula
3.350000000000,402,coast,0.0,0.0,0.0,1,-6.243962616281351e-06,1.8718196153640747,0.4187140464782715,0.004613057244569063,0.6199010014533997,-0.006621390115469694,-8.829547368804924e-07,grass,0.0,0.0,0.0,4842.149463590351,5,-0.00730974180623889,-1.8887525584432296e-05,0.161428167191227,557.9008084001676,-0.0,5889.057375758843,5882.942624241157,3.62042264896445e-05,0,True,-0.0,True,0,0,-1.9405471903155558e-05,0.6199010014533997,0.08181887865066528,False,True,-0.840094804763794,2.97170352935791,4.470348358154297e-08,0.0,0.0,1.0,2952.25341796875,2952.25341796875,0.33858683705329895,0.06141316890716553,0.0,grass,True,0.8399051427841187,2.97183895111084,1.862645149230957e-08,0.0,0.0,1.0,2952.247314453125,2952.247314453125,0.3385869562625885,0.06141304969787598,0.0,grass,True,-0.8399176597595215,0.7717036008834839,1.862645149230957e-08,0.0,0.0,1.0,2932.867919921875,2932.867919921875,0.33884111046791077,0.06115889549255371,0.0,grass,True,0.8400822877883911,0.7718387246131897,-7.450580596923828e-09,0.0,0.0,1.0,2932.864990234375,2932.864990234375,0.33884117007255554,0.061158835887908936,0.0,grass,642,1.8775110355329667,5.641959670355351,1.8768586710778032,0.6198127865791321,-9.270930604543537e-06,-0.00023414485325301548,-9.270930604277924e-06,-13.102996260205655,0.4755618188343761,0.0,0.0,-0.0,2952.303955078125,True,0.0,641,7.372128787362452e-05,-0.0002177012197701611,-9.481567251188302e-06,True,642,magic-formula,1.877785388953785,5.642737243399861,1.8771330244986215,0.6198734641075134,-9.270937880501151e-06,-0.0002042857527643216,-9.270937880235538e-06,-13.10188393935386,-0.45975675997135157,0.0,0.0,-0.0,2952.30322265625,True,0.0,641,7.368307845117449e-05,-0.00021768279163170146,9.166454475033685e-06,True,642,magic-formula,148.7300403811745,376.449854153208,148.72938801671933,0.6198127865791321,7.023036596365273e-05,48.46110053920845,7.023036584818688e-05,274.57933289599976,-0.00033500587232144206,2.2641600370353325,39.072,39.072,2933.01318359375,True,0.0,641,0.00013048753508702082,48.461025589659215,7.012328745222754e-05,True,642,magic-formula,148.64244397288033,376.2147906487646,148.64179160842517,0.6198734641075134,7.023037323961034e-05,48.432133046943,7.023037312414447e-05,274.617036799854,-0.002509057974029056,2.2641600370353325,39.072,39.072,2933.010009765625,True,0.0,641,0.0001307362868769512,48.43265635290775,0.0005318400217921774,True,642,magic-formula
3.400000000000,408,coast,0.0,0.0,0.0,1,-7.240914328576764e-06,1.9028058052062988,0.4187154173851013,0.004716856405138969,0.6196174025535583,-0.008284617215394974,-9.012850341605372e-07,grass,0.0,0.0,0.0,4736.056180631729,5,-0.004470007959753275,-1.8784012354444712e-05,0.16126819465216613,557.5572916001098,-0.0,5888.584841625134,5883.415158374866,3.6378118238644674e-05,0,True,-0.0,True,0,0,-2.0329762264736928e-05,0.6196174025535583,0.08171254396438599,False,True,-0.8400977253913879,3.002676248550415,1.4901161193847656e-08,0.0,0.0,1.0,2951.756591796875,2951.756591796875,0.33855631947517395,0.06144368648529053,0.0,grass,True,0.8399022221565247,3.002814292907715,-1.4901161193847656e-08,0.0,0.0,1.0,2951.753662109375,2951.753662109375,0.3385563790798187,0.06144362688064575,0.0,grass,True,-0.8399166464805603,0.8026760816574097,1.1175870895385742e-08,0.0,0.0,1.0,2932.8408203125,2932.8408203125,0.3388744294643402,0.06112557649612427,0.0,grass,True,0.8400833606719971,0.8028143048286438,-1.4901161193847656e-08,0.0,0.0,1.0,2932.838134765625,2932.838134765625,0.338874489068985,0.06112551689147949,0.0,grass,648,1.8767624341915474,5.735534390950674,1.8765328007782922,0.6195665001869202,-9.28910230868496e-06,-0.00023489690370948058,-9.289102308417782e-06,-13.181317613483774,0.47733900539357754,0.0,0.0,-0.0,2951.8525390625,True,0.0,647,7.667672756197723e-05,-0.0002190360396854274,-9.518458846610641e-06,True,648,magic-formula,1.877038202622078,5.736325861007338,1.8768085692088228,0.6196275353431702,-9.289091394748539e-06,-0.00020492847788444735,-9.289091394481363e-06,-13.180842218914082,-0.46374895995838344,0.0,0.0,-0.0,2951.85205078125,True,0.0,647,7.666131792469368e-05,-0.00021902817531993524,9.247465885541005e-06,True,648,magic-formula,145.16972038973077,383.7900484606797,145.16949075631751,0.6195665597915649,7.05940619809553e-05,47.28644116881959,7.059406186368629e-05,276.16495863919556,-0.00034718734508035643,1.4926262896898326,39.072,39.072,2932.757080078125,True,0.0,647,0.00014154794754488344,47.28636511749545,7.04758902739699e-05,True,648,magic-formula,145.08175969320558,383.5505953356638,145.08153005979233,0.6196275353431702,7.059406925691292e-05,47.25735316341468,7.059406913964388e-05,276.20466146345115,-0.0026009646210817063,1.4926262896898326,39.072,39.072,2932.754150390625,True,0.0,647,0.00014183334745961483,47.25787875563677,0.0005348848574995549,True,648,magic-formula
3.450000000000,414,coast,0.0,0.0,0.0,1,-8.283516763185617e-06,1.9337821006774902,0.41871124505996704,0.004821174778044224,0.6194808483123779,-0.008859755471348763,-6.425494802897447e-07,grass,0.0,0.0,0.0,4627.965701716469,5,-0.0014731856063008308,-1.9885424990206957e-05,0.1611841283800359,557.4339198668428,-0.0,5888.056666612868,5883.943333387132,3.6570592783391476e-05,0,True,-0.0,True,0,0,-2.1242913135210983e-05,0.6194808483123779,0.08160962164402008,False,True,-0.8401008248329163,3.033646821975708,-3.725290298461914e-09,0.0,0.0,1.0,2951.10107421875,2951.10107421875,0.3385411202907562,0.06145888566970825,0.0,grass,True,0.8398991227149963,3.0337882041931152,1.4901161193847656e-08,0.0,0.0,1.0,2951.098876953125,2951.098876953125,0.338541179895401,0.06145882606506348,0.0,grass,True,-0.8399156928062439,0.8336465358734131,3.3527612686157227e-08,0.0,0.0,1.0,2933.972412109375,2933.972412109375,0.3388812243938446,0.06111878156661987,0.0,grass,True,0.8400842547416687,0.8337879776954651,4.842877388000488e-08,0.0,0.0,1.0,2933.97021484375,2933.97021484375,0.3388812839984894,0.0611187219619751,0.0,grass,654,1.8764346853286802,5.829101424953926,1.8765257910427713,0.6194582581520081,-9.31994873099029e-06,-0.00023481199354358218,-9.319948730720443e-06,-13.269985979147283,0.4790556380094115,0.0,0.0,-0.0,2951.21240234375,True,0.0,653,8.014119643386176e-05,-0.00022055734243775493,-9.554765520384205e-06,True,654,magic-formula,1.8767118614563818,5.829906850912064,1.876802967170473,0.6195195913314819,-9.31994873099029e-06,-0.00020467705087590105,-9.319948730720443e-06,-13.270343028113835,-0.4686673706965042,0.0,0.0,-0.0,2951.213623046875,True,0.0,653,8.015743973910225e-05,-0.00022056318537277964,9.347567753680724e-06,True,654,magic-formula,141.57686860657034,390.9513436647842,141.57695971228443,0.6194582581520081,7.098585774656385e-05,46.10090838201621,7.098585762733147e-05,277.9508000589817,-0.0003605976143434042,0.9839998958688752,39.072,39.072,2933.62646484375,True,0.0,653,0.00015416804340957112,46.10083010344664,7.087318951644224e-05,True,654,magic-formula,141.48852413052757,390.7074821979346,141.48861523624166,0.6195195913314819,7.098585774656385e-05,46.07169337174262,7.098585762733147e-05,277.99301887729126,-0.0027021394361724177,0.9839998958688752,39.072,39.072,2933.627197265625,True,0.0,653,0.00015448928267452328,46.07222059920711,0.0005382955405368508,True,654,magic-formula
3.500000000000,420,coast,0.0,0.0,0.0,1,-9.373349712404888e-06,1.964755892753601,0.41870349645614624,0.0049261427484452724,0.6194985508918762,-0.008701040409505367,-5.473310125125863e-07,grass,0.0,0.0,0.0,4518.288230062316,5,0.0016593531472608447,-1.9474908185657114e-05,0.16117975505205073,557.5402510806902,-0.0,5887.479088210703,5884.520911789297,3.6818259104620665e-05,0,True,-0.0,True,0,0,-2.2202590116648935e-05,0.6194985508918762,0.08159144222736359,False,True,-0.8401039242744446,3.064620018005371,-1.1175870895385742e-08,0.0,0.0,1.0,2950.39111328125,2950.39111328125,0.33853641152381897,0.06146359443664551,0.0,grass,True,0.839896023273468,3.0647644996643066,-1.1175870895385742e-08,0.0,0.0,1.0,2950.390625,2950.390625,0.33853641152381897,0.06146359443664551,0.0,grass,True,-0.8399147391319275,0.8646199107170105,7.450580596923828e-09,0.0,0.0,1.0,2935.7744140625,2935.7744140625,0.3388705551624298,0.06112945079803467,0.0,grass,True,0.8400852084159851,0.864764392375946,7.450580596923828e-09,0.0,0.0,1.0,2935.77392578125,2935.77392578125,0.3388705551624298,0.06112945079803467,0.0,grass,660,1.8765341665268778,5.922675570128794,1.8767929438174604,0.6194906234741211,-9.348223102279007e-06,-0.00023434852025139286,-9.348223102006697e-06,-13.368626880765701,0.48163818621458604,0.0,0.0,-0.0,2950.5068359375,True,0.0,659,8.414567439570629e-05,-0.0002222500272959227,-9.608575924470427e-06,True,660,magic-formula,1.8768132850439119,5.923495025414726,1.8770720623344945,0.6195523738861084,-9.348215826321393e-06,-0.00020398982161740076,-9.348215826049082e-06,-13.369822101431582,-0.47325231317120886,0.0,0.0,-0.0,2950.5068359375,True,0.0,659,8.419685488697025e-05,-0.00022226989785867346,9.441279730485505e-06,True,660,magic-formula,137.95535853042506,397.9322213686333,137.95561730771564,0.6194906234741211,7.150147575885057e-05,44.90577769156615,7.150147563700108e-05,279.9369566833018,-0.00037563450281236565,0.6486927114697681,39.072,39.072,2935.535400390625,True,0.0,659,0.0001685983777408532,44.905696554019656,7.13710095483771e-05,True,660,magic-formula,137.86660796905312,397.6839317646912,137.8668667463437,0.6195523738861084,7.150147575885057e-05,44.87642825590142,7.150147563700108e-05,279.9814913123083,-0.0028136909101971444,0.6486927114697681,39.072,39.072,2935.535400390625,True,0.0,659,0.00016895798383509498,44.876956964687345,0.0005421325143273242,True,660,magic-formula
3.550000000000,426,coast,0.0,0.0,0.0,1,-1.0510929314477835e-05,1.9957351684570312,0.4186962842941284,0.005031856242567301,0.6196724772453308,-0.008217771537601948,-7.035857834125636e-07,grass,0.0,0.0,0.0,4407.312367825391,5,0.0047777434810996056,-1.7857071725302376e-05,0.1612567467010664,557.7307504962137,-0.0,5886.862218466153,5885.137781533847,3.707561700139195e-05,0,True,-0.0,True,0,0,-2.3132924980018288e-05,0.6196724772453308,0.08163426071405411,False,True,-0.8401070833206177,3.0956015586853027,-1.4901161193847656e-08,0.0,0.0,1.0,2949.92333984375,2949.92333984375,0.3385384976863861,0.06146150827407837,0.0,grass,True,0.8398928642272949,3.0957489013671875,-1.4901161193847656e-08,0.0,0.0,1.0,2949.9228515625,2949.9228515625,0.3385384976863861,0.06146150827407837,0.0,grass,True,-0.8399138450622559,0.8956012725830078,3.3527612686157227e-08,0.0,0.0,1.0,2936.77197265625,2936.77197265625,0.33885398507118225,0.06114602088928223,0.0,grass,True,0.8400861024856567,0.8957488536834717,3.3527612686157227e-08,0.0,0.0,1.0,2936.771728515625,2936.771728515625,0.33885398507118225,0.06114602088928223,0.0,grass,666,1.8770733634673227,6.016271240695327,1.8773854179971088,0.6196690797805786,-9.408606274519116e-06,-0.0002348698363621171,-9.408606274241494e-06,-13.46942628568305,0.4847355206538664,0.0,0.0,-0.0,2949.9990234375,True,0.0,665,8.840504065569054e-05,-0.00022396440080652003,-9.67203608690436e-06,True,666,magic-formula,1.877354585202672,6.01710480972055,1.8776666397324582,0.6197312474250793,-9.408598998561502e-06,-0.0002042343081974929,-9.40859899828388e-06,-13.471683103263684,-0.4773929876917314,0.0,0.0,-0.0,2949.99609375,True,0.0,665,8.850391746904409e-05,-0.0002240021497499356,9.525538515499176e-06,True,666,magic-formula,134.3081468790933,404.7313220368333,134.3084589336231,0.6196690797805786,7.200623804237694e-05,43.70201939032021,7.200623791792859e-05,281.9568061816963,-0.00039172550435265924,0.42764459191576454,39.072,39.072,2936.650146484375,True,0.0,665,0.00018480860611939194,43.701936283896686,7.187837125382315e-05,True,666,magic-formula,134.21896855675337,404.47858339465284,134.21928061128315,0.6197312474250793,7.200623076641932e-05,43.67252837630353,7.200623064197102e-05,282.0039129033306,-0.0029328798190828283,0.42764459191576454,39.072,39.072,2936.64990234375,True,0.0,665,0.00018521150484949921,43.673059514872534,0.0005460304186131644,True,666,magic-formula
3.600000000000,432,coast,0.0,0.0,0.0,1,-1.1694482964230701e-05,2.0267276763916016,0.4186917245388031,0.005138341337442398,0.6200031042098999,-0.007662844378501177,-7.974571758495586e-07,grass,0.0,0.0,0.0,4295.246427043471,5,0.007924889214336872,-1.8621332856127992e-05,0.1614152236905116,558.0083864070749,-0.0,5886.216935624965,5885.783064375035,3.736581857083365e-05,0,True,-0.0,True,0,0,-2.406233033980243e-05,0.6200031042098999,0.08169286698102951,False,True,-0.8401103019714355,3.126596212387085,-2.60770320892334e-08,0.0,0.0,1.0,2949.466796875,2949.466796875,0.3385445773601532,0.06145542860031128,0.0,grass,True,0.839889645576477,3.1267471313476562,-1.1175870895385742e-08,0.0,0.0,1.0,2949.4638671875,2949.4638671875,0.338544636964798,0.061455368995666504,0.0,grass,True,-0.839913010597229,0.9265962243080139,1.862645149230957e-08,0.0,0.0,1.0,2937.1884765625,2937.1884765625,0.3388388454914093,0.061161160469055176,0.0,grass,True,0.8400869369506836,0.9267469644546509,1.862645149230957e-08,0.0,0.0,1.0,2937.18798828125,2937.18798828125,0.3388388454914093,0.061161160469055176,0.0,grass,672,1.8780692934444392,6.109906415703627,1.8783735863318884,0.6199987530708313,-9.470801160205156e-06,-0.00023588623416637144,-9.47080115992199e-06,-13.573945650693235,0.4871112728646222,0.0,0.0,-0.0,2949.5380859375,True,0.0,671,9.300709434871136e-05,-0.00022573764358346793,-9.720963449558882e-06,True,672,magic-formula,1.8783526565781623,6.110754186101807,1.8786569494656116,0.6200613975524902,-9.470812074141577e-06,-0.00020502088169660482,-9.470812073858412e-06,-13.576854720573136,-0.4828430720817845,0.0,0.0,-0.0,2949.537841796875,True,0.0,671,9.313893152838537e-05,-0.00022578604221357157,9.635786702946558e-06,True,672,magic-formula,130.63733230763614,411.3474182753893,130.6376366005236,0.6199987530708313,7.258127152454108e-05,42.4903209084491,7.258127139708738e-05,284.03463871045835,-0.0004094603593668743,0.2819206902763602,39.072,39.072,2937.148193359375,True,0.0,671,0.00020311701268507207,42.49023631664215,7.247728589773352e-05,True,672,magic-formula,130.54770041167856,411.0902085301882,130.548004704566,0.6200613975524902,7.258126424858347e-05,42.46067973830144,7.25812641211298e-05,284.08458043537706,-0.003061357032061159,0.2819206902763602,39.072,39.072,2937.14794921875,True,0.0,671,0.0002035738055427223,42.46121390822266,0.0005501155504842717,True,672,magic-formula
3.650000000000,438,coast,0.0,0.0,0.0,1,-1.2924565453431569e-05,2.057741641998291,0.4186898469924927,0.005245720501989126,0.620492696762085,-0.007171907927840948,-1.0365783964516595e-06,grass,0.0,0.0,0.0,4182.236128528222,5,0.011136454530060291,-1.7190501239383593e-05,0.16165633108938016,558.4002473956269,-0.0,5885.548721353655,5886.451278646345,3.768869646592066e-05,0,True,-0.0,True,0,0,-2.4985212803585455e-05,0.620492696762085,0.08173437416553497,False,True,-0.840113639831543,3.1576125621795654,1.4901161193847656e-08,0.0,0.0,1.0,2949.08447265625,2949.08447265625,0.3385521471500397,0.061447858810424805,0.0,grass,True,0.8398863077163696,3.157766342163086,1.4901161193847656e-08,0.0,0.0,1.0,2949.083984375,2949.083984375,0.3385521471500397,0.061447858810424805,0.0,grass,True,-0.8399121761322021,0.9576123356819153,3.725290298461914e-09,0.0,0.0,1.0,2937.289794921875,2937.289794921875,0.338827520608902,0.0611724853515625,0.0,grass,True,0.8400877714157104,0.9577661156654358,3.725290298461914e-09,0.0,0.0,1.0,2937.2890625,2937.2890625,0.338827520608902,0.0611724853515625,0.0,grass,678,1.8795370741819148,6.203601909300559,1.87980203079778,0.6204845905303955,-9.525650966679677e-06,-0.00023735605036356855,-9.525650966391564e-06,-13.68320768237864,0.4904121301360336,0.0,0.0,-0.0,2949.138671875,True,0.0,677,9.802597397319178e-05,-0.00022758557893343134,-9.78816674986422e-06,True,678,magic-formula,1.8798225707472758,6.204463976984623,1.880087527363141,0.6205477714538574,-9.525658242637292e-06,-0.0002063231072564342,-9.525658242349178e-06,-13.686743606382526,-0.48745425897531225,0.0,0.0,-0.0,2949.138427734375,True,0.0,677,9.819256925444443e-05,-0.00022764441081857267,9.72913140139744e-06,True,678,magic-formula,126.94385673569498,417.7793571774578,126.94412169231084,0.6204845905303955,7.32354455976747e-05,41.27098813224895,7.323544546674362e-05,286.2046691378958,-0.00042881291659278625,0.1858535735243318,39.072,39.072,2937.28857421875,True,0.0,677,0.00022392644912031727,41.27090249942475,7.312501053774243e-05,True,678,magic-formula,126.85374343007858,417.5176528882978,126.85400838669445,0.6205477714538574,7.32354455976747e-05,41.24118756047208,7.323544546674362e-05,286.2573871924255,-0.0032005061865135907,0.1858535735243318,39.072,39.072,2937.284912109375,True,0.0,677,0.00022446388119636842,41.241725504332514,0.0005544054425437463,True,678,magic-formula
3.700000000000,444,coast,0.0,0.0,0.0,1,-1.4200106306816451e-05,2.0887844562530518,0.4186895489692688,0.0053540621884167194,0.6211438179016113,-0.006806601770222187,-1.2501271839937544e-06,grass,0.0,0.0,0.0,4068.3765831854334,5,0.01439092680811882,-1.7932066839421168e-05,0.1619816839701673,558.934984965552,-0.0,5884.860495196606,5887.139504803394,3.8046029658289626e-05,0,True,-0.0,True,0,0,-2.5899782485794276e-05,0.6211438179016113,0.08175166696310043,False,True,-0.8401169776916504,3.1886563301086426,3.3527612686157227e-08,0.0,0.0,1.0,2948.853271484375,2948.853271484375,0.33855876326560974,0.061441242694854736,0.0,grass,True,0.8398829698562622,3.1888132095336914,-3.3527612686157227e-08,0.0,0.0,1.0,2948.843994140625,2948.843994140625,0.33855894207954407,0.06144106388092041,0.0,grass,True,-0.8399113416671753,0.988656222820282,-1.4901161193847656e-08,0.0,0.0,1.0,2937.254150390625,2937.254150390625,0.3388201892375946,0.06117981672286987,0.0,grass,True,0.8400886058807373,0.9888131022453308,0.0,0.0,0.0,1.0,2937.25,2937.25,0.3388202488422394,0.0611797571182251,0.0,grass,684,1.8814906011273067,6.297380533071762,1.8817061957840722,0.6211310625076294,-9.64854916674085e-06,-0.00023916413561819727,-9.64854916644144e-06,-13.79757716908719,0.49315536165291757,0.0,0.0,-0.0,2948.8798828125,True,0.0,683,0.00010351411000793971,-0.00022950803254928598,-9.843787864413475e-06,True,684,magic-formula,1.8817787411566445,6.298257002061137,1.88199433581341,0.6211948394775391,-9.648538252804428e-06,-0.00020785489584640437,-9.64853825250502e-06,-13.802370696297587,-0.49329158209855434,0.0,0.0,-0.0,2948.879638671875,True,0.0,683,0.00010374941447468682,-0.00022958778949255798,9.84650795811989e-06,True,684,magic-formula,123.22780307717024,424.0260097702297,123.228018671827,0.6211310625076294,7.389717939076945e-05,40.04404395295855,7.389717925625706e-05,288.496907240607,-0.00045027047047699933,0.12252222693518497,39.072,39.072,2937.2626953125,True,0.0,683,0.0002477466813723991,40.04395728548562,7.386596747457739e-05,True,684,magic-formula,123.13717752846217,423.7597860615471,123.13739312311894,0.6211948394775391,7.389718666672707e-05,40.01407374491498,7.389718653221463e-05,288.5533117850241,-0.0033523617857757213,0.12252222693518497,39.072,39.072,2937.26171875,True,0.0,683,0.00024835490460270026,40.01461564361267,0.000558995521158543,True,684,magic-formula
3.750000000000,450,coast,0.0,0.0,0.0,1,-1.5520468878094107e-05,2.1198647022247314,0.41868969798088074,0.005463467910885811,0.6219621896743774,-0.006576200947165489,-1.3596886674349662e-06,grass,0.0,0.0,0.0,3953.7230078036805,5,0.017788421362638474,-1.569731830386445e-05,0.1623940886607918,559.6289132609066,-0.0,5884.151460814802,5887.848539185198,3.842363366857171e-05,0,True,-0.0,True,0,0,-2.677573502296582e-05,0.6219621896743774,0.08175162225961685,False,True,-0.8401203751564026,3.2197368144989014,-2.9802322387695312e-08,0.0,0.0,1.0,2948.7578125,2948.7578125,0.338563472032547,0.06143653392791748,0.0,grass,True,0.83987957239151,3.2198970317840576,-1.4901161193847656e-08,0.0,0.0,1.0,2948.757568359375,2948.757568359375,0.338563472032547,0.06143653392791748,0.0,grass,True,-0.839910626411438,1.0197365283966064,-2.60770320892334e-08,0.0,0.0,1.0,2937.183349609375,2937.183349609375,0.33881595730781555,0.061184048652648926,0.0,grass,True,0.8400893807411194,1.0198967456817627,-2.60770320892334e-08,0.0,0.0,1.0,2937.183349609375,2937.183349609375,0.33881595730781555,0.061184048652648926,0.0,grass,690,1.8839511691427426,6.391266866927178,1.8841215583330588,0.6219450831413269,-9.651732398197055e-06,-0.00024119732422178686,-9.65173239789735e-06,-13.920301804930554,0.4972350847068859,0.0,0.0,-0.0,2948.76708984375,True,0.0,689,0.00010967907146779624,-0.00023155835297239413,-9.925607486436372e-06,True,690,magic-formula,1.8842419802408665,6.39215785254947,1.8844123694311827,0.6220095157623291,-9.651728760218248e-06,-0.00020966228284313715,-9.651728759918542e-06,-13.925728130219614,-0.4980636958684022,0.0,0.0,-0.0,2948.763916015625,True,0.0,689,0.00010995817022299784,-0.0002316488699911634,9.942158819165551e-06,True,690,magic-formula,119.48862976026606,430.0862344832942,119.48880014945638,0.6219450831413269,7.472322613466531e-05,38.80930273774648,7.472322599559143e-05,290.93752800137116,-0.00047360116030337656,0.08077163009831309,39.072,39.072,2937.19775390625,True,0.0,689,0.0002751864994546381,38.80921521730353,7.461780753413302e-05,True,690,magic-formula,119.39745893414415,429.8154648453638,119.39762932333447,0.6220095157623291,7.472322613466531e-05,38.77915193250524,7.472322599559143e-05,290.99750223055116,-0.0035183787349722957,0.08077163009831309,39.072,39.072,2937.194580078125,True,0.0,689,0.000275873165487724,38.77969844513763,0.0005638479136267924,True,690,magic-formula
3.800000000000,456,coast,0.0,0.0,0.0,1,-1.688597876636777e-05,2.150991439819336,0.41868963837623596,0.005574079230427742,0.6229536533355713,-0.006456762086600065,-1.596030870132381e-06,grass,0.0,0.0,0.0,3838.299731438325,5,0.021307485178112984,-1.5415793313877657e-05,0.16289702505059872,560.4898451851241,-0.0,5883.419683949465,5888.580316050535,3.886665581376292e-05,0,True,-0.0,True,0,0,-2.768013655440882e-05,0.6229536533355713,0.08174468576908112,False,True,-0.8401238918304443,3.2508625984191895,-3.725290298461914e-09,0.0,0.0,1.0,2948.774169921875,2948.774169921875,0.3385656177997589,0.061434388160705566,0.0,grass,True,0.839876115322113,3.251026153564453,1.4901161193847656e-08,0.0,0.0,1.0,2948.770751953125,2948.770751953125,0.3385656774044037,0.06143432855606079,0.0,grass,True,-0.8399098515510559,1.050862431526184,-1.862645149230957e-08,0.0,0.0,1.0,2937.138916015625,2937.138916015625,0.33881357312202454,0.06118643283843994,0.0,grass,True,0.8400900959968567,1.0510259866714478,-1.862645149230957e-08,0.0,0.0,1.0,2937.138427734375,2937.138427734375,0.33881357312202454,0.06118643283843994,0.0,grass,696,1.8869389959613394,6.485287094486827,1.8870766761715125,0.6229332685470581,-9.74346767179668e-06,-0.00024339987981603084,-9.743467671488348e-06,-14.051319352908747,0.500897629507987,0.0,0.0,-0.0,2948.768310546875,True,0.0,695,0.00011658795982059305,-0.00023373774989088325,-9.998719307136832e-06,True,696,magic-formula,1.8872329895652815,6.486192728903465,1.8873706697754546,0.6229984760284424,-9.74346767179668e-06,-0.00021158947189947597,-9.743467671488348e-06,-14.057993046244462,-0.5041354484400838,0.0,0.0,-0.0,2948.76513671875,True,0.0,695,0.00011694838070017206,-0.00023384901943501735,1.0063362446576048e-05,True,696,magic-formula,115.7253448712613,435.95885049078095,115.72548255147147,0.6229332685470581,7.560432277387008e-05,37.56643053896917,7.56043226298183e-05,293.5477024549128,-0.0005000205708726388,0.05324794032832905,39.072,39.072,2937.144287109375,True,0.0,695,0.00030695098172486504,37.566342128285655,7.552793317882474e-05,True,696,magic-formula,115.63359091525594,435.6835066395599,115.63372859546611,0.6229984760284424,7.560432277387008e-05,37.53608652600602,7.56043226298183e-05,293.61185759333284,-0.0037016429076630964,0.05324794032832905,39.072,39.072,2937.140869140625,True,0.0,695,0.0003077642304207539,37.53663785091143,0.0005691454704198603,True,696,magic-formula
3.850000000000,462,coast,0.0,0.0,0.0,1,-1.8296432244824246e-05,2.1821725368499756,0.4186892509460449,0.005686038639396429,0.6241265535354614,-0.006407663691788912,-2.001598204515176e-06,grass,0.0,0.0,0.0,3722.1073265927284,5,0.025012502446770668,-1.5369685570476577e-05,0.16349500254722935,561.5206447474211,-0.0,5882.661387643833,5889.338612356167,3.936551365768537e-05,0,True,-0.0,True,0,0,-2.8585604013642296e-05,0.6241265535354614,0.08173869550228119,False,True,-0.8401273488998413,3.2820427417755127,-1.4901161193847656e-08,0.0,0.0,1.0,2948.81884765625,2948.81884765625,0.33856621384620667,0.06143379211425781,0.0,grass,True,0.8398725986480713,3.2822091579437256,-1.4901161193847656e-08,0.0,0.0,1.0,2948.818115234375,2948.818115234375,0.33856621384620667,0.06143379211425781,0.0,grass,True,-0.8399090766906738,1.0820424556732178,1.862645149230957e-08,0.0,0.0,1.0,2937.13134765625,2937.13134765625,0.3388122618198395,0.061187744140625,0.0,grass,True,0.8400908708572388,1.0822089910507202,1.862645149230957e-08,0.0,0.0,1.0,2937.129638671875,2937.129638671875,0.3388122618198395,0.061187744140625,0.0,grass,702,1.8904799828838532,6.579468851443455,1.8906000294178467,0.6241042017936707,-9.80119511950761e-06,-0.00024580744199909077,-9.801195119193765e-06,-14.192085232562075,0.5047980979009209,0.0,0.0,-0.0,2948.810546875,True,0.0,701,0.0001244027159950597,-0.0002360760244750626,-1.0076440736517133e-05,True,702,magic-formula,1.8907773674459132,6.580389278839687,1.8908974139799066,0.624170184135437,-9.801180567592382e-06,-0.00021365287828567503,-9.801180567278538e-06,-14.199607537458684,-0.5107162430347542,0.0,0.0,-0.0,2948.809814453125,True,0.0,701,0.00012483049176898036,-0.0002362012160058713,1.0194577564047238e-05,True,702,magic-formula,111.93659596718209,441.6426176023397,111.93671601371608,0.6241042017936707,7.664204895263538e-05,36.31497246737642,7.664204880257016e-05,296.3494057811601,-0.0005296852842765097,0.03510320573892326,39.072,39.072,2937.1328125,True,0.0,701,0.0003440023003385623,36.31488320426929,7.655636668350998e-05,True,702,magic-formula,111.84421705916535,441.36266926330865,111.84433710569934,0.624170184135437,7.664205622859299e-05,36.28442144538913,7.664205607852773e-05,296.4181287901716,-0.0039044929102987607,0.03510320573892326,39.072,39.072,2937.128173828125,True,0.0,701,0.00034496037032115883,36.2849780951994,0.0005748842972186069,True,702,magic-formula
3.900000000000,468,coast,0.0,0.0,0.0,1,-1.9750890714931302e-05,2.2134177684783936,0.41868871450424194,0.005799476522952318,0.6254898309707642,-0.006385617423802614,-2.410719616818824e-06,grass,0.0,0.0,0.0,3605.127850019795,5,0.02891063503921032,-1.229576810146682e-05,0.16419320324459477,562.724729990519,-0.0,5881.872565696712,5890.127434303288,3.988024400314316e-05,0,True,-0.0,True,0,0,-2.941796265076846e-05,0.6254898309707642,0.08173792064189911,False,True,-0.8401309847831726,3.313286304473877,4.0978193283081055e-08,0.0,0.0,1.0,2948.8525390625,2948.8525390625,0.33856603503227234,0.06143397092819214,0.0,grass,True,0.83986896276474,3.3134562969207764,-2.9802322387695312e-08,0.0,0.0,1.0,2948.84423828125,2948.84423828125,0.33856621384620667,0.06143379211425781,0.0,grass,True,-0.8399083018302917,1.1132861375808716,7.450580596923828e-09,0.0,0.0,1.0,2937.16796875,2937.16796875,0.3388112485408783,0.06118875741958618,0.0,grass,True,0.8400916457176208,1.113456130027771,2.2351741790771484e-08,0.0,0.0,1.0,2937.1650390625,2937.1650390625,0.33881130814552307,0.061188697814941406,0.0,grass,708,1.8946013618655184,6.673841142479443,1.894717917831606,0.6254667043685913,-9.952935215551406e-06,-0.00024825495297020606,-9.952935215222757e-06,-14.343196597547164,0.5101533648535249,0.0,0.0,-0.0,2948.855224609375,True,0.0,707,0.00013326227524139395,-0.0002385861263205502,-1.0183191340446319e-05,True,708,magic-formula,1.8949022890517455,6.674776523960435,1.8950188450178331,0.6255335807800293,-9.952935215551406e-06,-0.00021582539295328385,-9.952935215222757e-06,-14.35177393436921,-0.5161955081278864,0.0,0.0,-0.0,2948.846435546875,True,0.0,707,0.00013377850634867648,-0.000238729518834635,1.030382981113736e-05,True,708,magic-formula,108.12072523531276,447.13621967619747,108.12084179127885,0.6254667639732361,7.762057794025168e-05,35.054372563679976,7.762057778436487e-05,299.3642506117308,-0.0005622158507333364,0.023141459473383603,39.072,39.072,2937.158203125,True,0.0,707,0.0003874807056160594,35.05428220444549,7.758412334171845e-05,True,708,magic-formula,108.02767725507125,446.851634434923,108.02779381103734,0.6255335807800293,7.762057794025168e-05,35.02359991339348,7.762057778436487e-05,299.4383774006322,-0.004129113702105033,0.023141459473383603,39.072,39.072,2937.155029296875,True,0.0,707,0.00038860552979226077,35.02416205779673,0.0005809815338481438,True,708,magic-formula
3.950000000000,474,coast,0.0,0.0,0.0,1,-2.124658931279555e-05,2.244737148284912,0.41868817806243896,0.005914490669965744,0.627055287361145,-0.006354514509439468,-2.449050271025044e-06,grass,0.0,0.0,0.0,3487.3284535538814,5,0.03305910527706146,-1.2486375453590881e-05,0.16499822263486405,564.1063427216284,-0.0,5881.047011140725,5890.952988859275,4.047605398227461e-05,0,True,-0.0,True,0,0,-3.0266124667832628e-05,0.627055287361145,0.08174103498458862,False,True,-0.8401347398757935,3.344604253768921,4.0978193283081055e-08,0.0,0.0,1.0,2948.813720703125,2948.813720703125,0.33856603503227234,0.06143397092819214,0.0,grass,True,0.8398652076721191,3.3447773456573486,-1.4901161193847656e-08,0.0,0.0,1.0,2948.805419921875,2948.805419921875,0.33856621384620667,0.06143379211425781,0.0,grass,True,-0.8399075865745544,1.1446040868759155,7.450580596923828e-09,0.0,0.0,1.0,2937.249755859375,2937.249755859375,0.33881011605262756,0.061189889907836914,0.0,grass,True,0.8400923609733582,1.1447774171829224,-3.725290298461914e-09,0.0,0.0,1.0,2937.244140625,2937.244140625,0.3388102352619171,0.06118977069854736,0.0,grass,714,1.899337152490647,6.768434356578438,1.899459599086571,0.6270322203636169,-1.0059542546514422e-05,-0.00025096004170344077,-1.0059542546175099e-05,-14.505976016677456,0.5146772618859178,0.0,0.0,-0.0,2948.82080078125,True,0.0,713,0.00014337589089445603,-0.00024129671351069693,-1.0273620194801266e-05,True,714,magic-formula,1.8996423336278248,6.769384861155191,1.8997647802237487,0.6271000504493713,-1.0059527994599193e-05,-0.0002180803521891761,-1.0059527994259872e-05,-14.51603898609741,-0.5237583915290975,0.0,0.0,-0.0,2948.81201171875,True,0.0,713,0.0001440183354629213,-0.00024146482907427824,1.0454922705135639e-05,True,714,magic-formula,104.27578513049698,452.43824972805567,104.27590757709291,0.6270322203636169,7.882231147959828e-05,33.78397687270039,7.882231131635842e-05,302.61940226216217,-0.0005995776385642597,0.01525579032699143,39.072,39.072,2937.232421875,True,0.0,713,0.00043889998829585946,33.78388522313362,7.881523698786923e-05,True,714,magic-formula,104.18201374136387,452.14899269986614,104.1821361879598,0.6271001100540161,7.88223187555559e-05,33.752964424596065,7.882231859231598e-05,302.6994517380064,-0.004380624573119653,0.01525579032699143,39.072,39.072,2937.229248046875,True,0.0,713,0.0004402347314273574,33.75353258225547,0.0005876861295200682,True,714,magic-formula
4.000000000000,480,coast,0.0,0.0,0.0,1,-2.2784126485930756e-05,2.2761406898498535,0.4186878502368927,0.006031319033354521,0.6288359761238098,-0.006292656064033508,-2.4376570308959344e-06,grass,0.0,0.0,0.0,3368.6635567578905,5,0.03747938573360443,-1.4066159565118141e-05,0.16591762984658295,565.678755978801,-0.0,5880.178415662819,5891.821584337181,4.1152030462399125e-05,0,True,-0.0,True,0,0,-3.111608020844869e-05,0.6288359761238098,0.08174694329500198,False,True,-0.8401384949684143,3.3760061264038086,2.2351741790771484e-08,0.0,0.0,1.0,2948.713623046875,2948.713623046875,0.33856698870658875,0.06143301725387573,0.0,grass,True,0.8398614525794983,3.376183032989502,-7.450580596923828e-09,0.0,0.0,1.0,2948.71044921875,2948.71044921875,0.3385670483112335,0.06143295764923096,0.0,grass,True,-0.8399068713188171,1.1760060787200928,-7.450580596923828e-09,0.0,0.0,1.0,2937.366943359375,2937.366943359375,0.3388086259365082,0.0611913800239563,0.0,grass,True,0.8400930762290955,1.1761831045150757,1.1175870895385742e-08,0.0,0.0,1.0,2937.36328125,2937.36328125,0.33880868554115295,0.06119132041931152,0.0,grass,720,1.9047259109743098,6.863280472357304,1.9048592074491242,0.6288132667541504,-1.0099269275087863e-05,-0.00025371613262814563,-1.0099269274744505e-05,-14.682069708021897,0.519152092448591,0.0,0.0,-0.0,2948.735107421875,True,0.0,719,0.00015501188607190932,-0.0002442330904737222,-1.0363252608245155e-05,True,720,magic-formula,1.9050357291062683,6.864246293213854,1.9051690255810827,0.6288822889328003,-1.0099276551045477e-05,-0.00022049832773174405,-1.0099276550702117e-05,-14.693400546097317,-0.5324919680484481,0.0,0.0,-0.0,2948.732177734375,True,0.0,719,0.0001557814839075877,-0.0002444218253923047,1.0629552487739094e-05,True,720,magic-formula,100.39951755307926,457.5471948034146,100.39965084955408,0.6288133263587952,8.026699651964009e-05,32.50302746615736,8.026699634725894e-05,306.1443349358424,-0.0006423554703743947,0.010057236829371662,39.072,39.072,2937.34423828125,True,0.0,719,0.0005001558852264079,32.502934430138914,8.022630192056963e-05,True,720,magic-formula,100.30496350849299,457.2532282538346,100.3050968049678,0.6288822889328003,8.026698196772486e-05,32.47175566886989,8.02669817953438e-05,306.23139943615297,-0.004663441167958172,0.010057236829371662,39.072,39.072,2937.343994140625,True,0.0,719,0.0005017522532565494,32.472330155741595,0.0005950242671997207,True,720,magic-formula
