tests/test_abs_integration.py::test_abs_reduces_observed_wheel_lock[asphalt]
tests/test_abs_integration.py::test_abs_reduces_observed_wheel_lock[asphalt-strong-brake]
tests/test_abs_integration.py::test_abs_reduces_observed_wheel_lock[low-mu]
tests/test_abs_integration.py::test_abs_reduces_observed_wheel_lock[split-mu]
tests/test_abs_integration.py::test_independent_requests_reach_physical_brake_torque
tests/test_abs_integration.py::test_render_interpolation_preserves_latest_physical_abs_feedback
tests/test_abs_integration.py::test_airborne_brakes_slow_real_wheels_without_ground_force_or_abs
tests/test_appearance.py::test_vehicle_catalog_separates_selection_from_asset_quality
tests/test_appearance.py::test_appearance_round_trip_and_removed_skin
tests/test_appearance.py::test_bad_settings_and_failed_save_keep_applied_appearance
tests/test_appearance.py::test_paint_slots_change_without_touching_trim_or_adding_geometry
tests/test_appearance.py::test_appearance_choices_do_not_advance_traffic_randomness
tests/test_appearance.py::test_start_grid_uses_depth_priority_without_lifting_geometry
tests/test_appearance.py::test_rail_receives_local_unshadowed_sun
tests/test_audio_settings.py::test_audio_defaults_save_reload_and_separate_appearance
tests/test_audio_settings.py::test_damaged_audio_settings_fall_back_and_out_of_range_values_are_limited
tests/test_audio_settings.py::test_failed_save_keeps_new_runtime_values_and_reports_notice
tests/test_audio_upgrade.py::test_rpm_band_boundaries_keep_equal_power_and_matching_firing_rate
tests/test_audio_upgrade.py::test_load_changes_timbre_and_shift_releases_after_short_cut
tests/test_audio_upgrade.py::test_default_engine_leaves_headroom_for_collision_and_radio
tests/test_audio_upgrade.py::test_music_format_headroom_and_distinct_licensed_sources
tests/test_audio_upgrade.py::test_surface_and_braking_are_speed_gated
tests/test_audio_upgrade.py::test_radio_switch_pause_resume_and_independent_volume
tests/test_audio_upgrade.py::test_home_bgm_radio_preview_pause_and_driving_use_separate_tracks
tests/test_audio_upgrade.py::test_collision_materials_choose_different_weight_and_attack_layers
tests/test_audio_upgrade.py::test_standalone_collision_finishes_without_baked_in_sliding_tail
tests/test_audio_upgrade.py::test_wider_current_chassis_corner_keeps_head_on_contact_zone
tests/test_audio_upgrade.py::test_audio_settings_migrate_old_file_and_save_radio
tests/test_audio_upgrade.py::test_upgrade_manifest_matches_actual_assets
tests/test_audio_upgrade.py::test_radio_preloads_samples_and_never_overlaps_during_rapid_switches
tests/test_audio_upgrade.py::test_recorded_engine_loops_have_signal_and_no_seam_spike
tests/test_brake_lifecycle.py::test_abs_choice_survives_mode_changes_and_reuses_world_on_restart
tests/test_brake_lifecycle.py::test_player_and_recycled_npc_reset_independent_brake_memory
tests/test_brake_lifecycle.py::test_both_modes_and_abs_variants_isolate_previous_scores
tests/test_core.py::test_render_rates_use_identical_simulation
tests/test_core.py::test_headless_ten_thousand_steps_without_renderer_imports
tests/test_core.py::test_headless_cli_from_another_directory
tests/test_core.py::test_seed_repeatability_and_restart
tests/test_core.py::test_stepper_drop_and_fractional_remainder
tests/test_core.py::test_invalid_frame_time[-1]
tests/test_core.py::test_invalid_frame_time[inf]
tests/test_core.py::test_invalid_frame_time[nan]
tests/test_core.py::test_snapshot_has_no_mutable_state_and_interpolation_does_not_write_back
tests/test_core.py::test_forward_matches_real_panda_heading[0]
tests/test_core.py::test_forward_matches_real_panda_heading[30]
tests/test_core.py::test_forward_matches_real_panda_heading[-30]
tests/test_core.py::test_forward_matches_real_panda_heading[90]
tests/test_core.py::test_forward_matches_real_panda_heading[-90]
tests/test_core.py::test_forward_matches_real_panda_heading[180]
tests/test_core.py::test_right_steering_and_reverse_direction
tests/test_core.py::test_brake_stops_before_reverse_and_beats_throttle
tests/test_core.py::test_aliases_opposed_directions_and_priority
tests/test_core.py::test_pause_focus_and_resume_drop_wall_time
tests/test_core.py::test_countdown_freezes_car_and_pauses
tests/test_core.py::test_twenty_restarts_reset_all_owned_state
tests/test_core.py::test_switching_controller_clears_keyboard_input
tests/test_core.py::test_menu_result_states_freeze_simulation
tests/test_core.py::test_control_boundary[control0]
tests/test_core.py::test_control_boundary[control1]
tests/test_core.py::test_control_boundary[control2]
tests/test_core.py::test_fixed_step_contract_and_closed_world
tests/test_core.py::test_angle_interpolation_takes_short_arc
tests/test_core.py::test_resource_root_ignores_working_directory
tests/test_curve_mesh.py::test_curve_mesh_support[False-0]
tests/test_curve_mesh.py::test_curve_mesh_support[False-1]
tests/test_curve_mesh.py::test_curve_mesh_support[False-2]
tests/test_curve_mesh.py::test_curve_mesh_support[False-3]
tests/test_curve_mesh.py::test_curve_mesh_support[False-4]
tests/test_curve_mesh.py::test_curve_mesh_support[False-5]
tests/test_curve_mesh.py::test_curve_mesh_support[False-6]
tests/test_curve_mesh.py::test_curve_mesh_support[False-7]
tests/test_curve_mesh.py::test_curve_mesh_support[False-8]
tests/test_curve_mesh.py::test_curve_mesh_support[False-9]
tests/test_curve_mesh.py::test_curve_mesh_support[True-0]
tests/test_curve_mesh.py::test_curve_mesh_support[True-1]
tests/test_curve_mesh.py::test_curve_mesh_support[True-2]
tests/test_curve_mesh.py::test_curve_mesh_support[True-3]
tests/test_curve_mesh.py::test_curve_mesh_support[True-4]
tests/test_curve_mesh.py::test_curve_mesh_support[True-5]
tests/test_curve_mesh.py::test_curve_mesh_support[True-6]
tests/test_curve_mesh.py::test_curve_mesh_support[True-7]
tests/test_curve_mesh.py::test_curve_mesh_support[True-8]
tests/test_curve_mesh.py::test_curve_mesh_support[True-9]
tests/test_curved_boundaries.py::test_hilly_segment_seam_stays_supported_when_parked
tests/test_curved_boundaries.py::test_hilly_reset_after_far_origin_shift_returns_to_spawn
tests/test_curved_boundaries.py::test_hilly_session_restart_after_far_origin_shift_reloads_spawn
tests/test_curved_boundaries.py::test_high_speed_pedals_cross_hilly_segment_seam_without_jump
tests/test_curved_driving.py::test_sensing_projects_speed_and_relative_heading_on_slope
tests/test_curved_driving.py::test_curve_yield_matches_straight_road_decision
tests/test_curved_driving.py::test_curved_rebase_preserves_road_coordinates_and_support
tests/test_curved_driving.py::test_negative_curve_segments_can_reload
tests/test_curved_driving.py::test_reverse_over_hill_segment_join_keeps_wheel_support
tests/test_driving_mode_ui.py::test_mode_store_roundtrip_and_invalid_user_data
tests/test_driving_mode_ui.py::test_mode_store_save_failure_reports_notice
tests/test_driving_mode_ui.py::test_menu_mode_selection_and_hud_text[700]
tests/test_driving_mode_ui.py::test_menu_mode_selection_and_hud_text[1080]
tests/test_driving_modes.py::test_reference_mode_has_a_coherent_vehicle_profile
tests/test_driving_modes.py::test_game_and_simulation_inputs_have_distinct_mapping
tests/test_driving_modes.py::test_explicit_vehicle_commands_use_same_physics_in_both_input_modes
tests/test_driving_modes.py::test_baseline_comparator_only_tolerates_float32_geometry_and_ignores_ids
tests/test_driving_response.py::test_short_throttle_tap_does_not_leave_power_latched
tests/test_driving_response.py::test_held_throttle_builds_speed_and_changes_gears
tests/test_driving_response.py::test_steering_tap_and_reversal_are_continuous[0]
tests/test_driving_response.py::test_steering_tap_and_reversal_are_continuous[27.77777777777778]
tests/test_driving_response.py::test_light_pedal_is_distinct_from_full_pedal
tests/test_driving_response.py::test_lifting_off_coasts_and_slows_without_stopping_instantly
tests/test_driving_response.py::test_camera_lags_heading_without_changing_the_vehicle
tests/test_endless.py::test_idm_reacts_to_speed_difference_and_stopped_leader
tests/test_endless.py::test_fast_rear_car_and_reserved_gap_block_lane_change
tests/test_endless.py::test_two_drivers_do_not_reserve_the_same_middle_gap
tests/test_endless.py::test_forward_preview_is_not_current_path_deviation
tests/test_endless.py::test_rear_yield_finishes_physically_without_rear_braking_or_contact
tests/test_endless.py::test_cut_in_cancels_before_leaving_original_lane
tests/test_endless.py::test_driver_variation_is_seeded_and_smooth
tests/test_endless.py::test_rebase_preserves_motion_and_interpolation
tests/test_endless.py::test_reverse_reload_and_occupied_segment_retention
tests/test_endless.py::test_lane_change_uses_vehicle_steering_and_finishes
tests/test_endless.py::test_headless_transform_cache_stays_bounded
tests/test_endless.py::test_endless_session_reset_pause_and_restart
tests/test_environment.py::test_exported_models_have_ground_pivot_and_measured_bounds[pine_tall_a]
tests/test_environment.py::test_exported_models_have_ground_pivot_and_measured_bounds[pine_tall_b]
tests/test_environment.py::test_exported_models_have_ground_pivot_and_measured_bounds[bush_round_a]
tests/test_environment.py::test_exported_models_have_ground_pivot_and_measured_bounds[bush_round_b]
tests/test_environment.py::test_exported_models_have_ground_pivot_and_measured_bounds[rock_coastal_a]
tests/test_environment.py::test_exported_models_have_ground_pivot_and_measured_bounds[rock_coastal_b]
tests/test_environment.py::test_exported_models_have_ground_pivot_and_measured_bounds[flowers_coastal_a]
tests/test_environment.py::test_exported_models_have_ground_pivot_and_measured_bounds[cliff_coastal_a]
tests/test_environment.py::test_exported_models_have_ground_pivot_and_measured_bounds[lighthouse_coastal_a]
tests/test_environment.py::test_exported_models_have_ground_pivot_and_measured_bounds[coastal_house_a]
tests/test_environment.py::test_exported_models_have_ground_pivot_and_measured_bounds[road_chevron_sign_a]
tests/test_environment.py::test_exported_models_have_ground_pivot_and_measured_bounds[coastal_lamp_a]
tests/test_environment.py::test_decorations_keep_full_footprints_outside_rails_and_do_not_use_global_rng
tests/test_environment.py::test_road_signs_point_into_the_actual_bend
tests/test_environment.py::test_existing_collision_prop_palette_preserves_geometry[tree_pineTallA.glb]
tests/test_environment.py::test_existing_collision_prop_palette_preserves_geometry[tree_pineTallB.glb]
tests/test_environment.py::test_existing_collision_prop_palette_preserves_geometry[rock_largeA.glb]
tests/test_environment.py::test_sky_water_and_surface_assets_exist_and_are_packaged
tests/test_environment.py::test_visual_ground_keeps_original_tree_roots_and_road_edge
tests/test_environment.py::test_near_road_shore_preserves_existing_collision_rock_contacts
tests/test_environment.py::test_terrain_export_and_texture_coordinate_binding
tests/test_environment.py::test_replaced_canopy_keeps_original_collidable_trunk[tree_pineTallA.glb-a]
tests/test_environment.py::test_replaced_canopy_keeps_original_collidable_trunk[tree_pineTallB.glb-b]
tests/test_environment.py::test_new_trees_and_rocks_are_embedded_in_final_ground
tests/test_environment.py::test_baked_water_contact_matches_final_shoreline
tests/test_esc_integration.py::test_split_mu_stability_changes_real_pressures_and_reduces_yaw
tests/test_esc_integration.py::test_coast_correction_uses_right_wheel_contact_force_and_preserves_memory_until_reset
tests/test_esc_probe.py::test_pair_changes_only_esc_switch[asphalt-brake-game]
tests/test_esc_probe.py::test_pair_changes_only_esc_switch[asphalt-brake-simulation]
tests/test_esc_probe.py::test_pair_changes_only_esc_switch[low-mu-brake-game]
tests/test_esc_probe.py::test_pair_changes_only_esc_switch[low-mu-brake-simulation]
tests/test_esc_probe.py::test_pair_changes_only_esc_switch[split-mu-brake-game]
tests/test_esc_probe.py::test_pair_changes_only_esc_switch[split-mu-brake-simulation]
tests/test_esc_probe.py::test_pair_changes_only_esc_switch[corner-brake-game]
tests/test_esc_probe.py::test_pair_changes_only_esc_switch[corner-brake-simulation]
tests/test_esc_probe.py::test_pair_changes_only_esc_switch[steering-step-game]
tests/test_esc_probe.py::test_pair_changes_only_esc_switch[steering-step-simulation]
tests/test_esc_probe.py::test_pair_changes_only_esc_switch[steering-saturation-game]
tests/test_esc_probe.py::test_pair_changes_only_esc_switch[steering-saturation-simulation]
tests/test_esc_probe.py::test_pair_changes_only_esc_switch[reverse-game]
tests/test_esc_probe.py::test_pair_changes_only_esc_switch[reverse-simulation]
tests/test_esc_probe.py::test_pair_changes_only_esc_switch[airborne-recontact-game]
tests/test_esc_probe.py::test_pair_changes_only_esc_switch[airborne-recontact-simulation]
tests/test_esc_probe.py::test_pair_changes_only_esc_switch[coast-disturbance-game]
tests/test_esc_probe.py::test_pair_changes_only_esc_switch[coast-disturbance-simulation]
tests/test_esc_probe.py::test_commands_switch_at_exact_interval_boundaries
tests/test_esc_probe.py::test_completed_yaw_observation_and_all_tick_requests_retained
tests/test_esc_probe.py::test_contact_moment_uses_real_tangent_lateral_and_cumulative_impulse
tests/test_esc_probe.py::test_stability_source_is_in_hash_account
tests/test_esc_probe.py::test_dynamic_contact_gzip_after_real_landing
tests/test_esc_probe.py::test_failure_records_failed_and_unrun_trials
tests/test_esc_probe.py::test_invalid_duration_rejected[0]
tests/test_esc_probe.py::test_invalid_duration_rejected[-0.1]
tests/test_esc_probe.py::test_invalid_duration_rejected[nan]
tests/test_esc_probe.py::test_invalid_duration_rejected[inf]
tests/test_esc_settings.py::test_store_preserves_omitted_switches_and_validates_esc
tests/test_esc_settings.py::test_all_electronic_score_variants_are_independent
tests/test_esc_settings.py::test_session_preserves_esc_across_mode_toggle_restart_and_npcs
tests/test_expressway.py::test_kit_clearance_uses_serialized_geometry
tests/test_expressway.py::test_collision_tree_roots_and_trunks_survive
tests/test_expressway.py::test_scope_spacing_and_global_boundary
tests/test_expressway.py::test_scene_segment_unload_reload_and_rebase
tests/test_expressway.py::test_build_is_presentation_only
tests/test_expressway.py::test_shadow_grid_stays_world_aligned_across_rebase
tests/test_expressway.py::test_landscape_has_real_color_detail_and_matching_shore
tests/test_expressway_route.py::test_speed_limit_and_triangle_warnings_have_separate_mileage_slots
tests/test_expressway_route.py::test_static_rail_coordinates_preserve_existing_geometry_and_material_channels
tests/test_expressway_route.py::test_all_shapes_keep_physical_surfaces_and_stream_lifetime[None]
tests/test_expressway_route.py::test_all_shapes_keep_physical_surfaces_and_stream_lifetime[curve1]
tests/test_expressway_route.py::test_all_shapes_keep_physical_surfaces_and_stream_lifetime[curve2]
tests/test_expressway_route.py::test_facilities_are_global_and_never_double_owned
tests/test_expressway_route.py::test_mountain_matches_terrain_edge_and_preserves_tree_band[-400]
tests/test_expressway_route.py::test_mountain_matches_terrain_edge_and_preserves_tree_band[0]
tests/test_expressway_route.py::test_mountain_matches_terrain_edge_and_preserves_tree_band[200]
tests/test_expressway_route.py::test_mountain_matches_terrain_edge_and_preserves_tree_band[800]
tests/test_expressway_route.py::test_mountain_matches_terrain_edge_and_preserves_tree_band[2000]
tests/test_expressway_route.py::test_mountain_matches_terrain_edge_and_preserves_tree_band[8400]
tests/test_expressway_route.py::test_mountain_matches_terrain_edge_and_preserves_tree_band[100000]
tests/test_expressway_route.py::test_far_segment_build_does_not_depend_on_history
tests/test_expressway_route.py::test_indexed_surface_preserves_triangle_attributes
tests/test_expressway_route.py::test_mountain_caches_are_bounded_and_repeatable
tests/test_expressway_route.py::test_partial_segment_stays_detached_and_is_cancelled_on_unload
tests/test_expressway_route.py::test_budgeted_completion_attaches_whole_segment_at_current_origin[None]
tests/test_expressway_route.py::test_budgeted_completion_attaches_whole_segment_at_current_origin[curve1]
tests/test_expressway_route.py::test_budgeted_completion_attaches_whole_segment_at_current_origin[curve2]
tests/test_finite_powertrain.py::test_idle_and_driver_requests_share_available_engine_curve[0.0--600.0-DrivingMode.GAME]
tests/test_finite_powertrain.py::test_idle_and_driver_requests_share_available_engine_curve[0.0--600.0-DrivingMode.SIMULATION]
tests/test_finite_powertrain.py::test_idle_and_driver_requests_share_available_engine_curve[0.0-0.0-DrivingMode.GAME]
tests/test_finite_powertrain.py::test_idle_and_driver_requests_share_available_engine_curve[0.0-0.0-DrivingMode.SIMULATION]
tests/test_finite_powertrain.py::test_idle_and_driver_requests_share_available_engine_curve[0.0-600.0-DrivingMode.GAME]
tests/test_finite_powertrain.py::test_idle_and_driver_requests_share_available_engine_curve[0.0-600.0-DrivingMode.SIMULATION]
tests/test_finite_powertrain.py::test_idle_and_driver_requests_share_available_engine_curve[0.0-899.0-DrivingMode.GAME]
tests/test_finite_powertrain.py::test_idle_and_driver_requests_share_available_engine_curve[0.0-899.0-DrivingMode.SIMULATION]
tests/test_finite_powertrain.py::test_idle_and_driver_requests_share_available_engine_curve[0.0-900.0-DrivingMode.GAME]
tests/test_finite_powertrain.py::test_idle_and_driver_requests_share_available_engine_curve[0.0-900.0-DrivingMode.SIMULATION]
tests/test_finite_powertrain.py::test_idle_and_driver_requests_share_available_engine_curve[0.0-3200.0-DrivingMode.GAME]
tests/test_finite_powertrain.py::test_idle_and_driver_requests_share_available_engine_curve[0.0-3200.0-DrivingMode.SIMULATION]
tests/test_finite_powertrain.py::test_idle_and_driver_requests_share_available_engine_curve[0.0-6500.0-DrivingMode.GAME]
tests/test_finite_powertrain.py::test_idle_and_driver_requests_share_available_engine_curve[0.0-6500.0-DrivingMode.SIMULATION]
tests/test_finite_powertrain.py::test_idle_and_driver_requests_share_available_engine_curve[0.05--600.0-DrivingMode.GAME]
tests/test_finite_powertrain.py::test_idle_and_driver_requests_share_available_engine_curve[0.05--600.0-DrivingMode.SIMULATION]
tests/test_finite_powertrain.py::test_idle_and_driver_requests_share_available_engine_curve[0.05-0.0-DrivingMode.GAME]
tests/test_finite_powertrain.py::test_idle_and_driver_requests_share_available_engine_curve[0.05-0.0-DrivingMode.SIMULATION]
tests/test_finite_powertrain.py::test_idle_and_driver_requests_share_available_engine_curve[0.05-600.0-DrivingMode.GAME]
tests/test_finite_powertrain.py::test_idle_and_driver_requests_share_available_engine_curve[0.05-600.0-DrivingMode.SIMULATION]
tests/test_finite_powertrain.py::test_idle_and_driver_requests_share_available_engine_curve[0.05-899.0-DrivingMode.GAME]
tests/test_finite_powertrain.py::test_idle_and_driver_requests_share_available_engine_curve[0.05-899.0-DrivingMode.SIMULATION]
tests/test_finite_powertrain.py::test_idle_and_driver_requests_share_available_engine_curve[0.05-900.0-DrivingMode.GAME]
tests/test_finite_powertrain.py::test_idle_and_driver_requests_share_available_engine_curve[0.05-900.0-DrivingMode.SIMULATION]
tests/test_finite_powertrain.py::test_idle_and_driver_requests_share_available_engine_curve[0.05-3200.0-DrivingMode.GAME]
tests/test_finite_powertrain.py::test_idle_and_driver_requests_share_available_engine_curve[0.05-3200.0-DrivingMode.SIMULATION]
tests/test_finite_powertrain.py::test_idle_and_driver_requests_share_available_engine_curve[0.05-6500.0-DrivingMode.GAME]
tests/test_finite_powertrain.py::test_idle_and_driver_requests_share_available_engine_curve[0.05-6500.0-DrivingMode.SIMULATION]
tests/test_finite_powertrain.py::test_idle_and_driver_requests_share_available_engine_curve[0.5--600.0-DrivingMode.GAME]
tests/test_finite_powertrain.py::test_idle_and_driver_requests_share_available_engine_curve[0.5--600.0-DrivingMode.SIMULATION]
tests/test_finite_powertrain.py::test_idle_and_driver_requests_share_available_engine_curve[0.5-0.0-DrivingMode.GAME]
tests/test_finite_powertrain.py::test_idle_and_driver_requests_share_available_engine_curve[0.5-0.0-DrivingMode.SIMULATION]
tests/test_finite_powertrain.py::test_idle_and_driver_requests_share_available_engine_curve[0.5-600.0-DrivingMode.GAME]
tests/test_finite_powertrain.py::test_idle_and_driver_requests_share_available_engine_curve[0.5-600.0-DrivingMode.SIMULATION]
tests/test_finite_powertrain.py::test_idle_and_driver_requests_share_available_engine_curve[0.5-899.0-DrivingMode.GAME]
tests/test_finite_powertrain.py::test_idle_and_driver_requests_share_available_engine_curve[0.5-899.0-DrivingMode.SIMULATION]
tests/test_finite_powertrain.py::test_idle_and_driver_requests_share_available_engine_curve[0.5-900.0-DrivingMode.GAME]
tests/test_finite_powertrain.py::test_idle_and_driver_requests_share_available_engine_curve[0.5-900.0-DrivingMode.SIMULATION]
tests/test_finite_powertrain.py::test_idle_and_driver_requests_share_available_engine_curve[0.5-3200.0-DrivingMode.GAME]
tests/test_finite_powertrain.py::test_idle_and_driver_requests_share_available_engine_curve[0.5-3200.0-DrivingMode.SIMULATION]
tests/test_finite_powertrain.py::test_idle_and_driver_requests_share_available_engine_curve[0.5-6500.0-DrivingMode.GAME]
tests/test_finite_powertrain.py::test_idle_and_driver_requests_share_available_engine_curve[0.5-6500.0-DrivingMode.SIMULATION]
tests/test_finite_powertrain.py::test_idle_and_driver_requests_share_available_engine_curve[0.9--600.0-DrivingMode.GAME]
tests/test_finite_powertrain.py::test_idle_and_driver_requests_share_available_engine_curve[0.9--600.0-DrivingMode.SIMULATION]
tests/test_finite_powertrain.py::test_idle_and_driver_requests_share_available_engine_curve[0.9-0.0-DrivingMode.GAME]
tests/test_finite_powertrain.py::test_idle_and_driver_requests_share_available_engine_curve[0.9-0.0-DrivingMode.SIMULATION]
tests/test_finite_powertrain.py::test_idle_and_driver_requests_share_available_engine_curve[0.9-600.0-DrivingMode.GAME]
tests/test_finite_powertrain.py::test_idle_and_driver_requests_share_available_engine_curve[0.9-600.0-DrivingMode.SIMULATION]
tests/test_finite_powertrain.py::test_idle_and_driver_requests_share_available_engine_curve[0.9-899.0-DrivingMode.GAME]
tests/test_finite_powertrain.py::test_idle_and_driver_requests_share_available_engine_curve[0.9-899.0-DrivingMode.SIMULATION]
tests/test_finite_powertrain.py::test_idle_and_driver_requests_share_available_engine_curve[0.9-900.0-DrivingMode.GAME]
tests/test_finite_powertrain.py::test_idle_and_driver_requests_share_available_engine_curve[0.9-900.0-DrivingMode.SIMULATION]
tests/test_finite_powertrain.py::test_idle_and_driver_requests_share_available_engine_curve[0.9-3200.0-DrivingMode.GAME]
tests/test_finite_powertrain.py::test_idle_and_driver_requests_share_available_engine_curve[0.9-3200.0-DrivingMode.SIMULATION]
tests/test_finite_powertrain.py::test_idle_and_driver_requests_share_available_engine_curve[0.9-6500.0-DrivingMode.GAME]
tests/test_finite_powertrain.py::test_idle_and_driver_requests_share_available_engine_curve[0.9-6500.0-DrivingMode.SIMULATION]
tests/test_finite_powertrain.py::test_idle_and_driver_requests_share_available_engine_curve[1.0--600.0-DrivingMode.GAME]
tests/test_finite_powertrain.py::test_idle_and_driver_requests_share_available_engine_curve[1.0--600.0-DrivingMode.SIMULATION]
tests/test_finite_powertrain.py::test_idle_and_driver_requests_share_available_engine_curve[1.0-0.0-DrivingMode.GAME]
tests/test_finite_powertrain.py::test_idle_and_driver_requests_share_available_engine_curve[1.0-0.0-DrivingMode.SIMULATION]
tests/test_finite_powertrain.py::test_idle_and_driver_requests_share_available_engine_curve[1.0-600.0-DrivingMode.GAME]
tests/test_finite_powertrain.py::test_idle_and_driver_requests_share_available_engine_curve[1.0-600.0-DrivingMode.SIMULATION]
tests/test_finite_powertrain.py::test_idle_and_driver_requests_share_available_engine_curve[1.0-899.0-DrivingMode.GAME]
tests/test_finite_powertrain.py::test_idle_and_driver_requests_share_available_engine_curve[1.0-899.0-DrivingMode.SIMULATION]
tests/test_finite_powertrain.py::test_idle_and_driver_requests_share_available_engine_curve[1.0-900.0-DrivingMode.GAME]
tests/test_finite_powertrain.py::test_idle_and_driver_requests_share_available_engine_curve[1.0-900.0-DrivingMode.SIMULATION]
tests/test_finite_powertrain.py::test_idle_and_driver_requests_share_available_engine_curve[1.0-3200.0-DrivingMode.GAME]
tests/test_finite_powertrain.py::test_idle_and_driver_requests_share_available_engine_curve[1.0-3200.0-DrivingMode.SIMULATION]
tests/test_finite_powertrain.py::test_idle_and_driver_requests_share_available_engine_curve[1.0-6500.0-DrivingMode.GAME]
tests/test_finite_powertrain.py::test_idle_and_driver_requests_share_available_engine_curve[1.0-6500.0-DrivingMode.SIMULATION]
tests/test_finite_powertrain.py::test_native_insufficient_engine_torque_cannot_manufacture_idle_speed[DrivingMode.GAME]
tests/test_finite_powertrain.py::test_native_insufficient_engine_torque_cannot_manufacture_idle_speed[DrivingMode.SIMULATION]
tests/test_finite_powertrain.py::test_explicit_gear_uses_actual_game_limits_without_direction_signal[-1-0.0-DrivingMode.GAME]
tests/test_finite_powertrain.py::test_explicit_gear_uses_actual_game_limits_without_direction_signal[-1-0.0-DrivingMode.SIMULATION]
tests/test_finite_powertrain.py::test_explicit_gear_uses_actual_game_limits_without_direction_signal[-1--7.0-DrivingMode.GAME]
tests/test_finite_powertrain.py::test_explicit_gear_uses_actual_game_limits_without_direction_signal[-1--7.0-DrivingMode.SIMULATION]
tests/test_finite_powertrain.py::test_explicit_gear_uses_actual_game_limits_without_direction_signal[0-60.0-DrivingMode.GAME]
tests/test_finite_powertrain.py::test_explicit_gear_uses_actual_game_limits_without_direction_signal[0-60.0-DrivingMode.SIMULATION]
tests/test_finite_powertrain.py::test_game_speed_cut_only_reduces_drive_request_and_keeps_idle_losses_supplied[-1--7.0-DrivingMode.GAME]
tests/test_finite_powertrain.py::test_game_speed_cut_only_reduces_drive_request_and_keeps_idle_losses_supplied[-1--7.0-DrivingMode.SIMULATION]
tests/test_finite_powertrain.py::test_game_speed_cut_only_reduces_drive_request_and_keeps_idle_losses_supplied[1-60.0-DrivingMode.GAME]
tests/test_finite_powertrain.py::test_game_speed_cut_only_reduces_drive_request_and_keeps_idle_losses_supplied[1-60.0-DrivingMode.SIMULATION]
tests/test_finite_powertrain.py::test_native_game_speed_cut_does_not_starve_unloaded_idle[-1--7.0]
tests/test_finite_powertrain.py::test_native_game_speed_cut_does_not_starve_unloaded_idle[1-60.0]
tests/test_finite_powertrain.py::test_explicit_gear_overrides_automatic_direction_for_native_tcs[-1-0-DrivingMode.GAME]
tests/test_finite_powertrain.py::test_explicit_gear_overrides_automatic_direction_for_native_tcs[-1-0-DrivingMode.SIMULATION]
tests/test_finite_powertrain.py::test_explicit_gear_overrides_automatic_direction_for_native_tcs[-1-1-DrivingMode.GAME]
tests/test_finite_powertrain.py::test_explicit_gear_overrides_automatic_direction_for_native_tcs[-1-1-DrivingMode.SIMULATION]
tests/test_finite_powertrain.py::test_explicit_gear_overrides_automatic_direction_for_native_tcs[1-0-DrivingMode.GAME]
tests/test_finite_powertrain.py::test_explicit_gear_overrides_automatic_direction_for_native_tcs[1-0-DrivingMode.SIMULATION]
tests/test_finite_powertrain.py::test_explicit_gear_overrides_automatic_direction_for_native_tcs[1--1-DrivingMode.GAME]
tests/test_finite_powertrain.py::test_explicit_gear_overrides_automatic_direction_for_native_tcs[1--1-DrivingMode.SIMULATION]
tests/test_finite_powertrain.py::test_manual_neutral_does_not_apply_tcs_to_unloaded_engine[-1-DrivingMode.GAME]
tests/test_finite_powertrain.py::test_manual_neutral_does_not_apply_tcs_to_unloaded_engine[-1-DrivingMode.SIMULATION]
tests/test_finite_powertrain.py::test_manual_neutral_does_not_apply_tcs_to_unloaded_engine[1-DrivingMode.GAME]
tests/test_finite_powertrain.py::test_manual_neutral_does_not_apply_tcs_to_unloaded_engine[1-DrivingMode.SIMULATION]
tests/test_finite_powertrain.py::test_shifting_releases_to_zero_before_ratio_change_without_resetting_engine[-1]
tests/test_finite_powertrain.py::test_shifting_releases_to_zero_before_ratio_change_without_resetting_engine[0]
tests/test_finite_powertrain.py::test_shifting_releases_to_zero_before_ratio_change_without_resetting_engine[2]
tests/test_finite_powertrain.py::test_shifting_releases_to_zero_before_ratio_change_without_resetting_engine[4]
tests/test_finite_powertrain.py::test_interrupted_forward_reverse_request_uses_latest_direction
tests/test_finite_powertrain.py::test_gear_request_boundary_rejects_nonexistent_ratios[-2]
tests/test_finite_powertrain.py::test_gear_request_boundary_rejects_nonexistent_ratios[6]
tests/test_finite_powertrain.py::test_gear_request_boundary_rejects_nonexistent_ratios[1.5]
tests/test_finite_powertrain.py::test_redline_cuts_request_without_clamping_true_omega
tests/test_finite_powertrain.py::test_native_start_neutral_shift_and_snapshot_report_one_true_engine[True-True-DrivingMode.GAME]
tests/test_finite_powertrain.py::test_native_start_neutral_shift_and_snapshot_report_one_true_engine[True-True-DrivingMode.SIMULATION]
tests/test_finite_powertrain.py::test_native_start_neutral_shift_and_snapshot_report_one_true_engine[True-False-DrivingMode.GAME]
tests/test_finite_powertrain.py::test_native_start_neutral_shift_and_snapshot_report_one_true_engine[True-False-DrivingMode.SIMULATION]
tests/test_finite_powertrain.py::test_native_start_neutral_shift_and_snapshot_report_one_true_engine[False-True-DrivingMode.GAME]
tests/test_finite_powertrain.py::test_native_start_neutral_shift_and_snapshot_report_one_true_engine[False-True-DrivingMode.SIMULATION]
tests/test_finite_powertrain.py::test_native_start_neutral_shift_and_snapshot_report_one_true_engine[False-False-DrivingMode.GAME]
tests/test_finite_powertrain.py::test_native_start_neutral_shift_and_snapshot_report_one_true_engine[False-False-DrivingMode.SIMULATION]
tests/test_h1_vehicle.py::test_idle_car_has_four_ground_contacts_and_can_start
tests/test_h1_vehicle.py::test_acceleration_and_braking_distances
tests/test_h1_vehicle.py::test_car_can_restart_after_braking_and_waiting
tests/test_h1_vehicle.py::test_low_speed_turn_is_substantial_and_returns_to_center[-1]
tests/test_h1_vehicle.py::test_low_speed_turn_is_substantial_and_returns_to_center[1]
tests/test_h1_vehicle.py::test_speed_limit_and_high_speed_turn_stay_upright
tests/test_h1_vehicle.py::test_collision_wall_stops_car_without_tunneling
tests/test_h1_vehicle.py::test_shallow_ramp_has_real_height_and_body_pitch
tests/test_h1_vehicle.py::test_grass_slows_coasting_more_than_asphalt
tests/test_h1_vehicle.py::test_reset_clears_body_wheel_and_control_state
tests/test_h2_map.py::test_road_and_both_shoulders_have_continuous_support
tests/test_h2_map.py::test_both_rails_are_continuous_including_previously_invisible_sections
tests/test_h2_map.py::test_raised_shoulders_support_the_vehicle[-4.95]
tests/test_h2_map.py::test_raised_shoulders_support_the_vehicle[4.95]
tests/test_h2_map.py::test_sea_has_no_invisible_floor_and_old_test_obstacles_are_absent
tests/test_h2_map.py::test_projection_is_continuous_between_samples_and_at_loop_seam
tests/test_h2_map.py::test_r_recovers_near_the_current_bend_and_clears_motion
tests/test_h2_map.py::test_falling_into_sea_recovers_at_nearby_road
tests/test_h2_map.py::test_camera_cannot_sweep_through_rails_and_does_not_change_physics
tests/test_h2_map.py::test_camera_query_ignores_player_body
tests/test_h2_map.py::test_water_recovery_is_not_interpolated_through_the_scenery
tests/test_h2_map.py::test_oblique_guardrail_impact_does_not_tunnel[60]
tests/test_h2_map.py::test_oblique_guardrail_impact_does_not_tunnel[120]
tests/test_h2_map.py::test_guardrail_side_contact_has_horizontal_normal_and_counts_solver_contact
tests/test_h3_review.py::test_slow_forward_backward_motion_cannot_farm_a_lap
tests/test_h3_review.py::test_gates_must_be_crossed_on_road_and_in_order
tests/test_h3_review.py::test_airborne_shortcut_is_invalid
tests/test_h3_review.py::test_reversing_to_adjust_position_keeps_attempt_valid
tests/test_h3_review.py::test_pause_reset_invalid_finish_and_restart
tests/test_h3_review.py::test_actual_physics_lap_records_and_reloads
tests/test_h3_review.py::test_invalid_map_mode_does_not_destroy_existing_session
tests/test_h3_review.py::test_course_records_are_separate_and_bad_times_rejected
tests/test_h3_review.py::test_score_write_failure_keeps_race_alive
tests/test_h3_review.py::test_rules_accept_another_course_definition
tests/test_h3_review.py::test_props_have_clearance_and_solid_trunks_posts_and_rocks[coastal]
tests/test_h3_review.py::test_props_have_clearance_and_solid_trunks_posts_and_rocks[highway]
tests/test_h3_review.py::test_highway_guardrails_and_end_of_drive
tests/test_h3_review.py::test_free_drive_removes_checkpoint_collision_and_time_trial_restores_it
tests/test_h3_review.py::test_highway_recovery_chooses_a_free_lane_when_player_is_in_traffic
tests/test_h3_review.py::test_traffic_reacts_to_player_and_has_real_collision
tests/test_h3_review.py::test_side_collision_covers_visible_vehicle_footprint[0-0]
tests/test_h3_review.py::test_side_collision_covers_visible_vehicle_footprint[30-30]
tests/test_h3_review.py::test_side_collision_covers_visible_vehicle_footprint[90-90]
tests/test_h3_review.py::test_side_collision_covers_visible_vehicle_footprint[0-30]
tests/test_h3_review.py::test_side_collision_covers_visible_vehicle_footprint[0--30]
tests/test_h3_review.py::test_side_approach_resolves_before_visible_bodies_cross
tests/test_h3_review.py::test_highway_traffic_stays_grounded_and_retires_beyond_finish
tests/test_h3_review.py::test_rear_end_crash_transfers_momentum_without_passing_through
tests/test_h3_review.py::test_car_hits_solid_roadside_objects[tree]
tests/test_h3_review.py::test_car_hits_solid_roadside_objects[checkpoint]
tests/test_h3_review.py::test_road_load_parameters_have_physical_effects
tests/test_h3_review.py::test_checkpoint_frames_do_not_change_follow_camera
tests/test_h3_review.py::test_headwind_increases_actual_drag_and_no_thrust_when_airborne
tests/test_h4a_traffic.py::test_npcs_are_four_wheel_bullet_vehicles
tests/test_h4a_traffic.py::test_eight_coastal_npcs_accumulate_route_progress
tests/test_h4a_traffic.py::test_eight_and_sixteen_npc_physics_have_bounded_cost
tests/test_h4a_traffic.py::test_static_player_front_queue_keeps_two_metre_net_gaps
tests/test_h4a_traffic.py::test_position_clear_uses_rotated_width_and_high_speed_stopping_distance
tests/test_h4a_traffic.py::test_interpolate_does_not_fly_across_active_or_generation_change
tests/test_highway_curve.py::test_projection_round_trip_across_signed_cells_and_seams[False]
tests/test_highway_curve.py::test_projection_round_trip_across_signed_cells_and_seams[True]
tests/test_highway_curve.py::test_cell_joins_are_continuous_and_flat
tests/test_highway_curve.py::test_arc_length_and_grade_bounds
tests/test_highway_curve.py::test_samples_are_independent_of_query_order
tests/test_highway_curve.py::test_asphalt_query_matches_projection_at_inner_lane_and_edges[False]
tests/test_highway_curve.py::test_asphalt_query_matches_projection_at_inner_lane_and_edges[True]
tests/test_highway_curve.py::test_cached_samples_are_exact_and_bounded
tests/test_highway_curve.py::test_sample_cache_does_not_retain_closed_road
tests/test_highway_run.py::test_reverse_adjustment_does_not_fail_or_earn_repeat_distance
tests/test_highway_run.py::test_challenge_failure_takes_priority_over_finish[1-False-\u53d1\u751f\u78b0\u649e]
tests/test_highway_run.py::test_challenge_failure_takes_priority_over_finish[0-True-\u8f66\u8f86\u590d\u4f4d]
tests/test_highway_run.py::test_free_drive_continues_after_collision_and_recovery
tests/test_highway_run.py::test_menu_density_applies_to_new_run_and_restart[light]
tests/test_highway_run.py::test_menu_density_applies_to_new_run_and_restart[normal]
tests/test_highway_run.py::test_menu_density_applies_to_new_run_and_restart[busy]
tests/test_highway_run.py::test_contact_episode_counts_traffic_and_guardrail_but_not_floor
tests/test_highway_run.py::test_mileage_stays_continuous_when_world_origin_moves[straight]
tests/test_highway_run.py::test_mileage_stays_continuous_when_world_origin_moves[hills]
tests/test_highway_segments.py::test_public_constants_and_segment_determinism
tests/test_highway_segments.py::test_segment_is_independent_of_other_load_order
tests/test_highway_segments.py::test_segment_index_uses_floor_at_negative_boundaries[-400.0]
tests/test_highway_segments.py::test_segment_index_uses_floor_at_negative_boundaries[-200.0]
tests/test_highway_segments.py::test_segment_index_uses_floor_at_negative_boundaries[-0.001]
tests/test_highway_segments.py::test_segment_index_uses_floor_at_negative_boundaries[0.0]
tests/test_highway_segments.py::test_segment_index_uses_floor_at_negative_boundaries[199.999]
tests/test_highway_segments.py::test_segment_index_uses_floor_at_negative_boundaries[200.0]
tests/test_highway_segments.py::test_segment_index_uses_floor_at_negative_boundaries[401.0]
tests/test_highway_segments.py::test_indices_around_is_contiguous_and_inclusive
tests/test_highway_segments.py::test_surface_meshes_are_short_strips_and_closed_rails
tests/test_highway_surface.py::test_highway_surface_queries_match_the_flat_road
tests/test_highway_surface.py::test_high_speed_crosses_short_slab_seams_without_bouncing
tests/test_impact_assets.py::test_impact_bank_has_distinct_verified_variants_and_fast_transients
tests/test_impact_audio.py::test_severity_curve_is_monotone_and_not_linear_volume
tests/test_impact_audio.py::test_same_source_cluster_upgrades_and_second_hit_plays
tests/test_impact_audio.py::test_multiple_contact_points_are_one_event_but_distinct_sources_play
tests/test_impact_audio.py::test_major_collision_rejects_weak_tail_but_allows_later_second_hit
tests/test_impact_audio.py::test_tiny_solver_pulse_does_not_sound_like_another_impact
tests/test_impact_audio.py::test_variant_bag_never_repeats_consecutively
tests/test_impact_audio.py::test_complex_accident_has_fixed_voice_budget_and_one_scrape
tests/test_impact_audio.py::test_mute_and_epoch_change_do_not_queue_old_hit
tests/test_impact_audio.py::test_low_impulse_contact_cannot_start_scrape
tests/test_impact_audio.py::test_same_source_low_impulse_contact_maintains_one_loop_at_real_load
tests/test_impact_audio.py::test_new_low_impulse_source_cannot_borrow_playing_loop_qualification
tests/test_impact_audio.py::test_same_source_scrape_ends_on_missing_contact_or_actual_speed_exit[False]
tests/test_impact_audio.py::test_same_source_scrape_ends_on_missing_contact_or_actual_speed_exit[True]
tests/test_impact_audio.py::test_overlapping_rail_source_sets_continue_single_scrape_but_material_must_match
tests/test_impact_delivery.py::test_render_frame_collects_all_physics_ticks_once_and_does_not_interpolate_events
tests/test_impact_delivery.py::test_epoch_change_discards_prior_frame_events_and_reset_clears_contact_history
tests/test_impact_delivery.py::test_rebase_preserves_contact_epoch
tests/test_impact_delivery.py::test_real_challenge_impact_failure_frame_is_delivered_once
tests/test_impact_events.py::test_bullet_post_solve_rail_manifold_is_one_real_event[False-4]
tests/test_impact_events.py::test_bullet_post_solve_rail_manifold_is_one_real_event[True-8]
tests/test_impact_events.py::test_contact_zone_matches_actual_chassis_face
tests/test_impact_events.py::test_moving_npc_contact_emits_audio_events_without_changing_episode_count
tests/test_impact_events.py::test_five_second_rail_scrape_stays_contact_without_repeated_impacts
tests/test_impact_events.py::test_rotational_velocity_contributes_at_contact_point
tests/test_impact_events.py::test_four_contact_points_and_adjacent_rail_bodies_aggregate_by_real_surface
tests/test_impact_events.py::test_sustained_contact_does_not_repeat_but_reimpact_can_fire
tests/test_impact_events.py::test_large_solved_impulse_rise_can_emit_upgrade_during_same_contact
tests/test_impact_events.py::test_barrier_segment_identity_switch_does_not_create_new_impact
tests/test_impact_events.py::test_static_support_load_is_contact_without_impact
tests/test_impact_events.py::test_other_body_and_opposite_normals_remain_separate_clusters
tests/test_impact_integration.py::test_real_wall_severity_and_layers_increase_without_wrong_contact_zone
tests/test_impact_integration.py::test_moving_npc_uses_vehicle_recipe_while_gameplay_counts_one_episode
tests/test_impact_integration.py::test_sustained_real_rail_contact_plays_one_hit_and_one_scrape_loop[False-8]
tests/test_impact_integration.py::test_sustained_real_rail_contact_plays_one_hit_and_one_scrape_loop[True-16]
tests/test_mode_lifecycle.py::test_switch_mode_restart_track_and_pause_keep_selected_configuration
tests/test_mode_lifecycle.py::test_stream_recycle_and_reset_preserve_reference_configuration
tests/test_mode_lifecycle.py::test_normal_legacy_times_and_reference_times_are_separate
tests/test_performance_baseline.py::test_startup_trace_keeps_process_and_stage_durations
tests/test_performance_baseline.py::test_transition_trace_without_process_start_has_only_stage_gaps
tests/test_performance_diagnostics.py::test_startup_summary_uses_medians_and_keeps_nested_scene_cost_separate
tests/test_phase3_map.py::test_coastal_loop_is_long_and_has_real_grade
tests/test_phase3_map.py::test_two_complete_ordered_laps[60]
tests/test_phase3_map.py::test_two_complete_ordered_laps[90]
tests/test_phase3_map.py::test_every_sampled_map_point_supports_the_car[0]
tests/test_phase3_map.py::test_every_sampled_map_point_supports_the_car[32]
tests/test_phase3_map.py::test_every_sampled_map_point_supports_the_car[64]
tests/test_phase3_map.py::test_every_sampled_map_point_supports_the_car[96]
tests/test_phase3_map.py::test_every_sampled_map_point_supports_the_car[128]
tests/test_phase3_map.py::test_every_sampled_map_point_supports_the_car[160]
tests/test_phase3_map.py::test_every_sampled_map_point_supports_the_car[192]
tests/test_phase3_map.py::test_every_sampled_map_point_supports_the_car[224]
tests/test_physics_config_io.py::test_json_brakes_and_sequences_can_drive_real_vehicle[False]
tests/test_physics_config_io.py::test_json_brakes_and_sequences_can_drive_real_vehicle[True]
tests/test_physics_config_io.py::test_null_inertia_and_unknown_json_fields
tests/test_physics_config_io.py::test_export_contains_complete_brake_metadata_and_source
tests/test_physics_testbed.py::test_same_case_reproduces_summary_and_samples
tests/test_physics_testbed.py::test_steering_step_produces_yaw
tests/test_physics_testbed.py::test_split_mu_assigns_different_surfaces_to_each_side
tests/test_physics_testbed.py::test_report_records_exact_tick_rate_inputs_and_split_mu
tests/test_physics_testbed.py::test_compare_allows_parameter_changes_and_rejects_condition_changes
tests/test_physics_testbed.py::test_reference_actuator_testbed_records_real_config_and_commands
tests/test_powertrain_config.py::test_powertrain_instances_use_their_own_curves_and_dynamics
tests/test_powertrain_config.py::test_default_construction_matches_explicit_default_config
tests/test_powertrain_config.py::test_reference_curve_drives_past_game_speed_limit
tests/test_powertrain_config.py::test_reverse_force_limit_applies_only_to_game_profile
tests/test_powertrain_config.py::test_steering_racks_are_configured_per_instance
tests/test_race.py::test_valid_lap_records_time_and_best
tests/test_race.py::test_reverse_and_recross_a_checkpoint_keeps_lap_valid
tests/test_race.py::test_large_progress_jump_cannot_skip_checkpoints
tests/test_race.py::test_reset_invalidates_current_attempt
tests/test_race.py::test_free_drive_does_not_write_a_time
tests/test_reference_ab.py::test_reference_parameter_changes_have_the_expected_physical_direction[B1-wheel-inertia-changes0]
tests/test_reference_ab.py::test_reference_parameter_changes_have_the_expected_physical_direction[B2-cg-height-changes1]
tests/test_reference_ab.py::test_reference_parameter_changes_have_the_expected_physical_direction[B3-asphalt-mu-changes2]
tests/test_results_keyboard.py::test_results_horizontal_keys_and_selected_action[GameMode.TIME_TRIAL-coastal]
tests/test_results_keyboard.py::test_results_horizontal_keys_and_selected_action[GameMode.FREE_DRIVE-coastal]
tests/test_results_keyboard.py::test_results_horizontal_keys_and_selected_action[GameMode.DISTANCE_CHALLENGE-endless]
tests/test_results_keyboard.py::test_pause_immediate_enter_uses_pause_actions
tests/test_road_loads.py::test_contact_grade_uses_heading_and_support_only
tests/test_road_loads.py::test_flat_acceleration_does_not_count_body_pitch_as_road_grade
tests/test_road_loads.py::test_actual_slope_grade_force_has_direction_of_travel_sign[6-0]
tests/test_road_loads.py::test_actual_slope_grade_force_has_direction_of_travel_sign[6-180]
tests/test_road_loads.py::test_actual_slope_grade_force_has_direction_of_travel_sign[-6-0]
tests/test_road_loads.py::test_reset_in_air_does_not_reuse_ground_support
tests/test_rotor_lifecycle.py::test_player_npc_rotor_rebase_recycle_and_mode_rebuild[DrivingMode.GAME]
tests/test_rotor_lifecycle.py::test_player_npc_rotor_rebase_recycle_and_mode_rebuild[DrivingMode.SIMULATION]
tests/test_rotor_transport.py::test_contact_virtual_power_uses_real_axis_and_raycast_point[-60.0--30.0--20.0]
tests/test_rotor_transport.py::test_contact_virtual_power_uses_real_axis_and_raycast_point[-60.0--30.0-0.0]
tests/test_rotor_transport.py::test_contact_virtual_power_uses_real_axis_and_raycast_point[-60.0--30.0-20.0]
tests/test_rotor_transport.py::test_contact_virtual_power_uses_real_axis_and_raycast_point[-60.0-0.0--20.0]
tests/test_rotor_transport.py::test_contact_virtual_power_uses_real_axis_and_raycast_point[-60.0-0.0-0.0]
tests/test_rotor_transport.py::test_contact_virtual_power_uses_real_axis_and_raycast_point[-60.0-0.0-20.0]
tests/test_rotor_transport.py::test_contact_virtual_power_uses_real_axis_and_raycast_point[-60.0-30.0--20.0]
tests/test_rotor_transport.py::test_contact_virtual_power_uses_real_axis_and_raycast_point[-60.0-30.0-0.0]
tests/test_rotor_transport.py::test_contact_virtual_power_uses_real_axis_and_raycast_point[-60.0-30.0-20.0]
tests/test_rotor_transport.py::test_contact_virtual_power_uses_real_axis_and_raycast_point[0.0--30.0--20.0]
tests/test_rotor_transport.py::test_contact_virtual_power_uses_real_axis_and_raycast_point[0.0--30.0-0.0]
tests/test_rotor_transport.py::test_contact_virtual_power_uses_real_axis_and_raycast_point[0.0--30.0-20.0]
tests/test_rotor_transport.py::test_contact_virtual_power_uses_real_axis_and_raycast_point[0.0-0.0--20.0]
tests/test_rotor_transport.py::test_contact_virtual_power_uses_real_axis_and_raycast_point[0.0-0.0-0.0]
tests/test_rotor_transport.py::test_contact_virtual_power_uses_real_axis_and_raycast_point[0.0-0.0-20.0]
tests/test_rotor_transport.py::test_contact_virtual_power_uses_real_axis_and_raycast_point[0.0-30.0--20.0]
tests/test_rotor_transport.py::test_contact_virtual_power_uses_real_axis_and_raycast_point[0.0-30.0-0.0]
tests/test_rotor_transport.py::test_contact_virtual_power_uses_real_axis_and_raycast_point[0.0-30.0-20.0]
tests/test_rotor_transport.py::test_contact_virtual_power_uses_real_axis_and_raycast_point[60.0--30.0--20.0]
tests/test_rotor_transport.py::test_contact_virtual_power_uses_real_axis_and_raycast_point[60.0--30.0-0.0]
tests/test_rotor_transport.py::test_contact_virtual_power_uses_real_axis_and_raycast_point[60.0--30.0-20.0]
tests/test_rotor_transport.py::test_contact_virtual_power_uses_real_axis_and_raycast_point[60.0-0.0--20.0]
tests/test_rotor_transport.py::test_contact_virtual_power_uses_real_axis_and_raycast_point[60.0-0.0-0.0]
tests/test_rotor_transport.py::test_contact_virtual_power_uses_real_axis_and_raycast_point[60.0-0.0-20.0]
tests/test_rotor_transport.py::test_contact_virtual_power_uses_real_axis_and_raycast_point[60.0-30.0--20.0]
tests/test_rotor_transport.py::test_contact_virtual_power_uses_real_axis_and_raycast_point[60.0-30.0-0.0]
tests/test_rotor_transport.py::test_contact_virtual_power_uses_real_axis_and_raycast_point[60.0-30.0-20.0]
tests/test_rotor_transport.py::test_joint_energy_transport_and_dry_brake_with_steering_work[False-0.004166666666666667-20.0-spins0-drives0-brakes0-loads0--20.0--30.0]
tests/test_rotor_transport.py::test_joint_energy_transport_and_dry_brake_with_steering_work[False-0.004166666666666667-20.0-spins0-drives0-brakes0-loads0-0.0-0.0]
tests/test_rotor_transport.py::test_joint_energy_transport_and_dry_brake_with_steering_work[False-0.004166666666666667-20.0-spins0-drives0-brakes0-loads0-20.0-30.0]
tests/test_rotor_transport.py::test_joint_energy_transport_and_dry_brake_with_steering_work[False-0.004166666666666667--12.0-spins1-drives1-brakes1-loads1--20.0--30.0]
tests/test_rotor_transport.py::test_joint_energy_transport_and_dry_brake_with_steering_work[False-0.004166666666666667--12.0-spins1-drives1-brakes1-loads1-0.0-0.0]
tests/test_rotor_transport.py::test_joint_energy_transport_and_dry_brake_with_steering_work[False-0.004166666666666667--12.0-spins1-drives1-brakes1-loads1-20.0-30.0]
tests/test_rotor_transport.py::test_joint_energy_transport_and_dry_brake_with_steering_work[False-0.004166666666666667-0.0-spins2-drives2-brakes2-loads2--20.0--30.0]
tests/test_rotor_transport.py::test_joint_energy_transport_and_dry_brake_with_steering_work[False-0.004166666666666667-0.0-spins2-drives2-brakes2-loads2-0.0-0.0]
tests/test_rotor_transport.py::test_joint_energy_transport_and_dry_brake_with_steering_work[False-0.004166666666666667-0.0-spins2-drives2-brakes2-loads2-20.0-30.0]
tests/test_rotor_transport.py::test_joint_energy_transport_and_dry_brake_with_steering_work[False-0.004166666666666667-20.0-spins3-drives3-brakes3-loads3--20.0--30.0]
tests/test_rotor_transport.py::test_joint_energy_transport_and_dry_brake_with_steering_work[False-0.004166666666666667-20.0-spins3-drives3-brakes3-loads3-0.0-0.0]
tests/test_rotor_transport.py::test_joint_energy_transport_and_dry_brake_with_steering_work[False-0.004166666666666667-20.0-spins3-drives3-brakes3-loads3-20.0-30.0]
tests/test_rotor_transport.py::test_joint_energy_transport_and_dry_brake_with_steering_work[False-0.004166666666666667-0.0-spins4-drives4-brakes4-loads4--20.0--30.0]
tests/test_rotor_transport.py::test_joint_energy_transport_and_dry_brake_with_steering_work[False-0.004166666666666667-0.0-spins4-drives4-brakes4-loads4-0.0-0.0]
tests/test_rotor_transport.py::test_joint_energy_transport_and_dry_brake_with_steering_work[False-0.004166666666666667-0.0-spins4-drives4-brakes4-loads4-20.0-30.0]
tests/test_rotor_transport.py::test_joint_energy_transport_and_dry_brake_with_steering_work[False-0.0010416666666666667-20.0-spins0-drives0-brakes0-loads0--20.0--30.0]
tests/test_rotor_transport.py::test_joint_energy_transport_and_dry_brake_with_steering_work[False-0.0010416666666666667-20.0-spins0-drives0-brakes0-loads0-0.0-0.0]
tests/test_rotor_transport.py::test_joint_energy_transport_and_dry_brake_with_steering_work[False-0.0010416666666666667-20.0-spins0-drives0-brakes0-loads0-20.0-30.0]
tests/test_rotor_transport.py::test_joint_energy_transport_and_dry_brake_with_steering_work[False-0.0010416666666666667--12.0-spins1-drives1-brakes1-loads1--20.0--30.0]
tests/test_rotor_transport.py::test_joint_energy_transport_and_dry_brake_with_steering_work[False-0.0010416666666666667--12.0-spins1-drives1-brakes1-loads1-0.0-0.0]
tests/test_rotor_transport.py::test_joint_energy_transport_and_dry_brake_with_steering_work[False-0.0010416666666666667--12.0-spins1-drives1-brakes1-loads1-20.0-30.0]
tests/test_rotor_transport.py::test_joint_energy_transport_and_dry_brake_with_steering_work[False-0.0010416666666666667-0.0-spins2-drives2-brakes2-loads2--20.0--30.0]
tests/test_rotor_transport.py::test_joint_energy_transport_and_dry_brake_with_steering_work[False-0.0010416666666666667-0.0-spins2-drives2-brakes2-loads2-0.0-0.0]
tests/test_rotor_transport.py::test_joint_energy_transport_and_dry_brake_with_steering_work[False-0.0010416666666666667-0.0-spins2-drives2-brakes2-loads2-20.0-30.0]
tests/test_rotor_transport.py::test_joint_energy_transport_and_dry_brake_with_steering_work[False-0.0010416666666666667-20.0-spins3-drives3-brakes3-loads3--20.0--30.0]
tests/test_rotor_transport.py::test_joint_energy_transport_and_dry_brake_with_steering_work[False-0.0010416666666666667-20.0-spins3-drives3-brakes3-loads3-0.0-0.0]
tests/test_rotor_transport.py::test_joint_energy_transport_and_dry_brake_with_steering_work[False-0.0010416666666666667-20.0-spins3-drives3-brakes3-loads3-20.0-30.0]
tests/test_rotor_transport.py::test_joint_energy_transport_and_dry_brake_with_steering_work[False-0.0010416666666666667-0.0-spins4-drives4-brakes4-loads4--20.0--30.0]
tests/test_rotor_transport.py::test_joint_energy_transport_and_dry_brake_with_steering_work[False-0.0010416666666666667-0.0-spins4-drives4-brakes4-loads4-0.0-0.0]
tests/test_rotor_transport.py::test_joint_energy_transport_and_dry_brake_with_steering_work[False-0.0010416666666666667-0.0-spins4-drives4-brakes4-loads4-20.0-30.0]
tests/test_rotor_transport.py::test_joint_energy_transport_and_dry_brake_with_steering_work[True-0.004166666666666667-20.0-spins0-drives0-brakes0-loads0--20.0--30.0]
tests/test_rotor_transport.py::test_joint_energy_transport_and_dry_brake_with_steering_work[True-0.004166666666666667-20.0-spins0-drives0-brakes0-loads0-0.0-0.0]
tests/test_rotor_transport.py::test_joint_energy_transport_and_dry_brake_with_steering_work[True-0.004166666666666667-20.0-spins0-drives0-brakes0-loads0-20.0-30.0]
tests/test_rotor_transport.py::test_joint_energy_transport_and_dry_brake_with_steering_work[True-0.004166666666666667--12.0-spins1-drives1-brakes1-loads1--20.0--30.0]
tests/test_rotor_transport.py::test_joint_energy_transport_and_dry_brake_with_steering_work[True-0.004166666666666667--12.0-spins1-drives1-brakes1-loads1-0.0-0.0]
tests/test_rotor_transport.py::test_joint_energy_transport_and_dry_brake_with_steering_work[True-0.004166666666666667--12.0-spins1-drives1-brakes1-loads1-20.0-30.0]
tests/test_rotor_transport.py::test_joint_energy_transport_and_dry_brake_with_steering_work[True-0.004166666666666667-0.0-spins2-drives2-brakes2-loads2--20.0--30.0]
tests/test_rotor_transport.py::test_joint_energy_transport_and_dry_brake_with_steering_work[True-0.004166666666666667-0.0-spins2-drives2-brakes2-loads2-0.0-0.0]
tests/test_rotor_transport.py::test_joint_energy_transport_and_dry_brake_with_steering_work[True-0.004166666666666667-0.0-spins2-drives2-brakes2-loads2-20.0-30.0]
tests/test_rotor_transport.py::test_joint_energy_transport_and_dry_brake_with_steering_work[True-0.004166666666666667-20.0-spins3-drives3-brakes3-loads3--20.0--30.0]
tests/test_rotor_transport.py::test_joint_energy_transport_and_dry_brake_with_steering_work[True-0.004166666666666667-20.0-spins3-drives3-brakes3-loads3-0.0-0.0]
tests/test_rotor_transport.py::test_joint_energy_transport_and_dry_brake_with_steering_work[True-0.004166666666666667-20.0-spins3-drives3-brakes3-loads3-20.0-30.0]
tests/test_rotor_transport.py::test_joint_energy_transport_and_dry_brake_with_steering_work[True-0.004166666666666667-0.0-spins4-drives4-brakes4-loads4--20.0--30.0]
tests/test_rotor_transport.py::test_joint_energy_transport_and_dry_brake_with_steering_work[True-0.004166666666666667-0.0-spins4-drives4-brakes4-loads4-0.0-0.0]
tests/test_rotor_transport.py::test_joint_energy_transport_and_dry_brake_with_steering_work[True-0.004166666666666667-0.0-spins4-drives4-brakes4-loads4-20.0-30.0]
tests/test_rotor_transport.py::test_joint_energy_transport_and_dry_brake_with_steering_work[True-0.0010416666666666667-20.0-spins0-drives0-brakes0-loads0--20.0--30.0]
tests/test_rotor_transport.py::test_joint_energy_transport_and_dry_brake_with_steering_work[True-0.0010416666666666667-20.0-spins0-drives0-brakes0-loads0-0.0-0.0]
tests/test_rotor_transport.py::test_joint_energy_transport_and_dry_brake_with_steering_work[True-0.0010416666666666667-20.0-spins0-drives0-brakes0-loads0-20.0-30.0]
tests/test_rotor_transport.py::test_joint_energy_transport_and_dry_brake_with_steering_work[True-0.0010416666666666667--12.0-spins1-drives1-brakes1-loads1--20.0--30.0]
tests/test_rotor_transport.py::test_joint_energy_transport_and_dry_brake_with_steering_work[True-0.0010416666666666667--12.0-spins1-drives1-brakes1-loads1-0.0-0.0]
tests/test_rotor_transport.py::test_joint_energy_transport_and_dry_brake_with_steering_work[True-0.0010416666666666667--12.0-spins1-drives1-brakes1-loads1-20.0-30.0]
tests/test_rotor_transport.py::test_joint_energy_transport_and_dry_brake_with_steering_work[True-0.0010416666666666667-0.0-spins2-drives2-brakes2-loads2--20.0--30.0]
tests/test_rotor_transport.py::test_joint_energy_transport_and_dry_brake_with_steering_work[True-0.0010416666666666667-0.0-spins2-drives2-brakes2-loads2-0.0-0.0]
tests/test_rotor_transport.py::test_joint_energy_transport_and_dry_brake_with_steering_work[True-0.0010416666666666667-0.0-spins2-drives2-brakes2-loads2-20.0-30.0]
tests/test_rotor_transport.py::test_joint_energy_transport_and_dry_brake_with_steering_work[True-0.0010416666666666667-20.0-spins3-drives3-brakes3-loads3--20.0--30.0]
tests/test_rotor_transport.py::test_joint_energy_transport_and_dry_brake_with_steering_work[True-0.0010416666666666667-20.0-spins3-drives3-brakes3-loads3-0.0-0.0]
tests/test_rotor_transport.py::test_joint_energy_transport_and_dry_brake_with_steering_work[True-0.0010416666666666667-20.0-spins3-drives3-brakes3-loads3-20.0-30.0]
tests/test_rotor_transport.py::test_joint_energy_transport_and_dry_brake_with_steering_work[True-0.0010416666666666667-0.0-spins4-drives4-brakes4-loads4--20.0--30.0]
tests/test_rotor_transport.py::test_joint_energy_transport_and_dry_brake_with_steering_work[True-0.0010416666666666667-0.0-spins4-drives4-brakes4-loads4-0.0-0.0]
tests/test_rotor_transport.py::test_joint_energy_transport_and_dry_brake_with_steering_work[True-0.0010416666666666667-0.0-spins4-drives4-brakes4-loads4-20.0-30.0]
tests/test_rotor_transport.py::test_world_inverse_tensor_transport_is_rotation_equivariant
tests/test_rotor_transport.py::test_native_free_world_transport_refines_and_preserves_zero_spin_control
tests/test_rotor_transport.py::test_real_supported_rotor_has_independent_compliance_switch_and_reset[False]
tests/test_rotor_transport.py::test_real_supported_rotor_has_independent_compliance_switch_and_reset[True]
tests/test_rotor_transport.py::test_feedback_uses_effective_contact_radius_instead_of_nominal_hardware[-1]
tests/test_rotor_transport.py::test_feedback_uses_effective_contact_radius_instead_of_nominal_hardware[1]
tests/test_scene_lifecycle.py::test_gameplay_scene_is_reused_for_restart_and_closed_on_menu
tests/test_soundscape.py::test_volume_levels_multiply_loops_and_all_impact_layers
tests/test_soundscape.py::test_idle_and_revs_select_neighboring_rpm_bands
tests/test_soundscape.py::test_mute_consumes_impact_without_replay
tests/test_soundscape.py::test_pause_resume_reset_and_close_stop_all_voices
tests/test_soundscape.py::test_countdown_rejects_impacts_without_starting_scrape
tests/test_soundscape.py::test_results_accepts_final_impact_once_then_rejects_new_impacts
tests/test_soundscape.py::test_only_physical_event_triggers_sound_and_scrape_is_loop
tests/test_soundscape.py::test_audio_log_reports_severity_layers_and_scrape
tests/test_soundscape.py::test_new_impact_clips_are_playable_mono_pcm
tests/test_stage4.py::test_track_catalog_keeps_map_and_lane_rules_separate
tests/test_stage4.py::test_time_trial_timer_starts_after_countdown
tests/test_stage4.py::test_session_can_switch_to_seeded_highway_and_back
tests/test_stage4.py::test_highway_traffic_is_repeatable_and_uses_lanes
tests/test_steering_geometry.py::test_front_wheel_axes_meet_on_same_rear_axle_center[-26]
tests/test_steering_geometry.py::test_front_wheel_axes_meet_on_same_rear_axle_center[-20]
tests/test_steering_geometry.py::test_front_wheel_axes_meet_on_same_rear_axle_center[-5]
tests/test_steering_geometry.py::test_front_wheel_axes_meet_on_same_rear_axle_center[5]
tests/test_steering_geometry.py::test_front_wheel_axes_meet_on_same_rear_axle_center[20]
tests/test_steering_geometry.py::test_front_wheel_axes_meet_on_same_rear_axle_center[26]
tests/test_steering_geometry.py::test_straight_wheels_are_parallel
tests/test_steering_geometry.py::test_right_steering_turns_forward_right_and_reverse_left[-1]
tests/test_steering_geometry.py::test_right_steering_turns_forward_right_and_reverse_left[1]
tests/test_tcs_integration.py::test_tcs_reduces_real_excess_drive_slip_with_torque_and_pressure[low-mu]
tests/test_tcs_integration.py::test_tcs_reduces_real_excess_drive_slip_with_torque_and_pressure[split-mu]
tests/test_tcs_integration.py::test_disabled_controller_and_releasing_driver_requests_reach_actuators
tests/test_tcs_integration.py::test_actual_tcs_interpolation_reset_and_origin_shift
tests/test_tcs_probe.py::test_pair_only_changes_tcs_switch[asphalt]
tests/test_tcs_probe.py::test_pair_only_changes_tcs_switch[low-mu]
tests/test_tcs_probe.py::test_pair_only_changes_tcs_switch[split-mu]
tests/test_tcs_probe.py::test_pair_only_changes_tcs_switch[reverse]
tests/test_tcs_probe.py::test_pair_only_changes_tcs_switch[airborne-recontact]
tests/test_tcs_probe.py::test_pair_only_changes_tcs_switch[lift-off]
tests/test_tcs_probe.py::test_pair_only_changes_tcs_switch[driver-brake]
tests/test_tcs_probe.py::test_lift_and_brake_boundaries_preserve_explicit_priority_request
tests/test_tcs_probe.py::test_every_tick_retains_force_request_and_completed_feedback[low-mu]
tests/test_tcs_probe.py::test_every_tick_retains_force_request_and_completed_feedback[airborne-recontact]
tests/test_tcs_probe.py::test_invalid_duration_rejected[0]
tests/test_tcs_probe.py::test_invalid_duration_rejected[-0.1]
tests/test_tcs_probe.py::test_invalid_duration_rejected[nan]
tests/test_tcs_probe.py::test_invalid_duration_rejected[inf]
tests/test_tcs_probe.py::test_airborne_trial_falls_and_recontacts_without_runtime_reposition
tests/test_tcs_probe.py::test_matrix_preserves_dynamic_contact_fields_after_real_landing
tests/test_tcs_probe.py::test_matrix_records_failure_and_unrun_trials
tests/test_tire_compliance.py::test_linear_relaxation_time_and_steady_force[0-60000.0]
tests/test_tire_compliance.py::test_linear_relaxation_time_and_steady_force[1-50000.0]
tests/test_tire_compliance.py::test_coupled_momentum_and_elastic_energy_ledger[0.0-20.0-60.0-0.3-150.0-0.0-deformation0]
tests/test_tire_compliance.py::test_coupled_momentum_and_elastic_energy_ledger[0.0-20.0-60.0-0.3-150.0-0.0-deformation1]
tests/test_tire_compliance.py::test_coupled_momentum_and_elastic_energy_ledger[0.0-20.0-60.0-0.3-150.0-0.0-deformation2]
tests/test_tire_compliance.py::test_coupled_momentum_and_elastic_energy_ledger[0.0--12.0--34.0--0.4--100.0-120.0-deformation0]
tests/test_tire_compliance.py::test_coupled_momentum_and_elastic_energy_ledger[0.0--12.0--34.0--0.4--100.0-120.0-deformation1]
tests/test_tire_compliance.py::test_coupled_momentum_and_elastic_energy_ledger[0.0--12.0--34.0--0.4--100.0-120.0-deformation2]
tests/test_tire_compliance.py::test_coupled_momentum_and_elastic_energy_ledger[0.0-0.0-0.0-0.0-40.0-0.0-deformation0]
tests/test_tire_compliance.py::test_coupled_momentum_and_elastic_energy_ledger[0.0-0.0-0.0-0.0-40.0-0.0-deformation1]
tests/test_tire_compliance.py::test_coupled_momentum_and_elastic_energy_ledger[0.0-0.0-0.0-0.0-40.0-0.0-deformation2]
tests/test_tire_compliance.py::test_coupled_momentum_and_elastic_energy_ledger[0.0-0.0-0.0-0.0-0.0-1000.0-deformation0]
tests/test_tire_compliance.py::test_coupled_momentum_and_elastic_energy_ledger[0.0-0.0-0.0-0.0-0.0-1000.0-deformation1]
tests/test_tire_compliance.py::test_coupled_momentum_and_elastic_energy_ledger[0.0-0.0-0.0-0.0-0.0-1000.0-deformation2]
tests/test_tire_compliance.py::test_coupled_momentum_and_elastic_energy_ledger[29.43-20.0-60.0-0.3-150.0-0.0-deformation0]
tests/test_tire_compliance.py::test_coupled_momentum_and_elastic_energy_ledger[29.43-20.0-60.0-0.3-150.0-0.0-deformation1]
tests/test_tire_compliance.py::test_coupled_momentum_and_elastic_energy_ledger[29.43-20.0-60.0-0.3-150.0-0.0-deformation2]
tests/test_tire_compliance.py::test_coupled_momentum_and_elastic_energy_ledger[29.43--12.0--34.0--0.4--100.0-120.0-deformation0]
tests/test_tire_compliance.py::test_coupled_momentum_and_elastic_energy_ledger[29.43--12.0--34.0--0.4--100.0-120.0-deformation1]
tests/test_tire_compliance.py::test_coupled_momentum_and_elastic_energy_ledger[29.43--12.0--34.0--0.4--100.0-120.0-deformation2]
tests/test_tire_compliance.py::test_coupled_momentum_and_elastic_energy_ledger[29.43-0.0-0.0-0.0-40.0-0.0-deformation0]
tests/test_tire_compliance.py::test_coupled_momentum_and_elastic_energy_ledger[29.43-0.0-0.0-0.0-40.0-0.0-deformation1]
tests/test_tire_compliance.py::test_coupled_momentum_and_elastic_energy_ledger[29.43-0.0-0.0-0.0-40.0-0.0-deformation2]
tests/test_tire_compliance.py::test_coupled_momentum_and_elastic_energy_ledger[29.43-0.0-0.0-0.0-0.0-1000.0-deformation0]
tests/test_tire_compliance.py::test_coupled_momentum_and_elastic_energy_ledger[29.43-0.0-0.0-0.0-0.0-1000.0-deformation1]
tests/test_tire_compliance.py::test_coupled_momentum_and_elastic_energy_ledger[29.43-0.0-0.0-0.0-0.0-1000.0-deformation2]
tests/test_tire_compliance.py::test_coupled_momentum_and_elastic_energy_ledger[2943.0-20.0-60.0-0.3-150.0-0.0-deformation0]
tests/test_tire_compliance.py::test_coupled_momentum_and_elastic_energy_ledger[2943.0-20.0-60.0-0.3-150.0-0.0-deformation1]
tests/test_tire_compliance.py::test_coupled_momentum_and_elastic_energy_ledger[2943.0-20.0-60.0-0.3-150.0-0.0-deformation2]
tests/test_tire_compliance.py::test_coupled_momentum_and_elastic_energy_ledger[2943.0--12.0--34.0--0.4--100.0-120.0-deformation0]
tests/test_tire_compliance.py::test_coupled_momentum_and_elastic_energy_ledger[2943.0--12.0--34.0--0.4--100.0-120.0-deformation1]
tests/test_tire_compliance.py::test_coupled_momentum_and_elastic_energy_ledger[2943.0--12.0--34.0--0.4--100.0-120.0-deformation2]
tests/test_tire_compliance.py::test_coupled_momentum_and_elastic_energy_ledger[2943.0-0.0-0.0-0.0-40.0-0.0-deformation0]
tests/test_tire_compliance.py::test_coupled_momentum_and_elastic_energy_ledger[2943.0-0.0-0.0-0.0-40.0-0.0-deformation1]
tests/test_tire_compliance.py::test_coupled_momentum_and_elastic_energy_ledger[2943.0-0.0-0.0-0.0-40.0-0.0-deformation2]
tests/test_tire_compliance.py::test_coupled_momentum_and_elastic_energy_ledger[2943.0-0.0-0.0-0.0-0.0-1000.0-deformation0]
tests/test_tire_compliance.py::test_coupled_momentum_and_elastic_energy_ledger[2943.0-0.0-0.0-0.0-0.0-1000.0-deformation1]
tests/test_tire_compliance.py::test_coupled_momentum_and_elastic_energy_ledger[2943.0-0.0-0.0-0.0-0.0-1000.0-deformation2]
tests/test_tire_compliance.py::test_coupled_momentum_and_elastic_energy_ledger[5886.0-20.0-60.0-0.3-150.0-0.0-deformation0]
tests/test_tire_compliance.py::test_coupled_momentum_and_elastic_energy_ledger[5886.0-20.0-60.0-0.3-150.0-0.0-deformation1]
tests/test_tire_compliance.py::test_coupled_momentum_and_elastic_energy_ledger[5886.0-20.0-60.0-0.3-150.0-0.0-deformation2]
tests/test_tire_compliance.py::test_coupled_momentum_and_elastic_energy_ledger[5886.0--12.0--34.0--0.4--100.0-120.0-deformation0]
tests/test_tire_compliance.py::test_coupled_momentum_and_elastic_energy_ledger[5886.0--12.0--34.0--0.4--100.0-120.0-deformation1]
tests/test_tire_compliance.py::test_coupled_momentum_and_elastic_energy_ledger[5886.0--12.0--34.0--0.4--100.0-120.0-deformation2]
tests/test_tire_compliance.py::test_coupled_momentum_and_elastic_energy_ledger[5886.0-0.0-0.0-0.0-40.0-0.0-deformation0]
tests/test_tire_compliance.py::test_coupled_momentum_and_elastic_energy_ledger[5886.0-0.0-0.0-0.0-40.0-0.0-deformation1]
tests/test_tire_compliance.py::test_coupled_momentum_and_elastic_energy_ledger[5886.0-0.0-0.0-0.0-40.0-0.0-deformation2]
tests/test_tire_compliance.py::test_coupled_momentum_and_elastic_energy_ledger[5886.0-0.0-0.0-0.0-0.0-1000.0-deformation0]
tests/test_tire_compliance.py::test_coupled_momentum_and_elastic_energy_ledger[5886.0-0.0-0.0-0.0-0.0-1000.0-deformation1]
tests/test_tire_compliance.py::test_coupled_momentum_and_elastic_energy_ledger[5886.0-0.0-0.0-0.0-0.0-1000.0-deformation2]
tests/test_tire_compliance.py::test_airborne_free_relaxation_loses_energy_without_contact_impulse
tests/test_tire_compliance.py::test_stored_contact_energy_can_return_to_mechanical_motion
tests/test_tire_compliance.py::test_static_contact_has_zero_patch_slip_and_finite_deflection
tests/test_tire_compliance.py::test_large_steady_slip_keeps_original_magic_formula_curve
tests/test_tire_compliance.py::test_tangent_frame_rotation_preserves_energy_and_normal_projection_dissipates
tests/test_tire_compliance_config.py::test_compliance_json_preserves_explicit_selection_and_reset[False-False-DrivingMode.GAME]
tests/test_tire_compliance_config.py::test_compliance_json_preserves_explicit_selection_and_reset[False-False-DrivingMode.SIMULATION]
tests/test_tire_compliance_config.py::test_compliance_json_preserves_explicit_selection_and_reset[False-True-DrivingMode.GAME]
tests/test_tire_compliance_config.py::test_compliance_json_preserves_explicit_selection_and_reset[False-True-DrivingMode.SIMULATION]
tests/test_tire_compliance_config.py::test_compliance_json_preserves_explicit_selection_and_reset[True-False-DrivingMode.GAME]
tests/test_tire_compliance_config.py::test_compliance_json_preserves_explicit_selection_and_reset[True-False-DrivingMode.SIMULATION]
tests/test_tire_compliance_config.py::test_compliance_json_preserves_explicit_selection_and_reset[True-True-DrivingMode.GAME]
tests/test_tire_compliance_config.py::test_compliance_json_preserves_explicit_selection_and_reset[True-True-DrivingMode.SIMULATION]
tests/test_tire_compliance_config.py::test_mode_electronics_preserve_compliance_hardware[DrivingMode.GAME]
tests/test_tire_compliance_config.py::test_mode_electronics_preserve_compliance_hardware[DrivingMode.SIMULATION]
tests/test_tire_compliance_integration.py::test_real_strain_energy_shift_and_reset_lifecycle
tests/test_tire_compliance_integration.py::test_airborne_contact_force_zero_but_previous_strain_relaxes
tests/test_tire_compliance_integration.py::test_real_five_degree_slope_parking_balances_force_with_finite_strain
tests/test_tire_compliance_integration.py::test_single_precision_contact_axes_do_not_create_deformation_energy
tests/test_tire_compliance_integration.py::test_real_low_speed_braking_settles_after_elastic_recoil[-0.1]
tests/test_tire_compliance_integration.py::test_real_low_speed_braking_settles_after_elastic_recoil[0.1]
tests/test_tire_compliance_lifecycle.py::test_real_npc_shift_rebase_preserve_elastic_memory_then_reset_and_recycle_clear[DrivingMode.GAME]
tests/test_tire_compliance_lifecycle.py::test_real_npc_shift_rebase_preserve_elastic_memory_then_reset_and_recycle_clear[DrivingMode.SIMULATION]
tests/test_tire_compliance_lifecycle.py::test_mode_rebuild_creates_true_compliance_cars_without_previous_elastic_energy
tests/test_tire_compliance_probe.py::test_pair_only_changes_compliance_bool[asphalt-brake-game]
tests/test_tire_compliance_probe.py::test_pair_only_changes_compliance_bool[asphalt-brake-simulation]
tests/test_tire_compliance_probe.py::test_pair_only_changes_compliance_bool[low-mu-brake-game]
tests/test_tire_compliance_probe.py::test_pair_only_changes_compliance_bool[low-mu-brake-simulation]
tests/test_tire_compliance_probe.py::test_pair_only_changes_compliance_bool[split-mu-brake-game]
tests/test_tire_compliance_probe.py::test_pair_only_changes_compliance_bool[split-mu-brake-simulation]
tests/test_tire_compliance_probe.py::test_pair_only_changes_compliance_bool[corner-brake-game]
tests/test_tire_compliance_probe.py::test_pair_only_changes_compliance_bool[corner-brake-simulation]
tests/test_tire_compliance_probe.py::test_pair_only_changes_compliance_bool[steering-step-game]
tests/test_tire_compliance_probe.py::test_pair_only_changes_compliance_bool[steering-step-simulation]
tests/test_tire_compliance_probe.py::test_pair_only_changes_compliance_bool[steering-saturation-game]
tests/test_tire_compliance_probe.py::test_pair_only_changes_compliance_bool[steering-saturation-simulation]
tests/test_tire_compliance_probe.py::test_pair_only_changes_compliance_bool[reverse-game]
tests/test_tire_compliance_probe.py::test_pair_only_changes_compliance_bool[reverse-simulation]
tests/test_tire_compliance_probe.py::test_pair_only_changes_compliance_bool[airborne-recontact-game]
tests/test_tire_compliance_probe.py::test_pair_only_changes_compliance_bool[airborne-recontact-simulation]
tests/test_tire_compliance_probe.py::test_pair_only_changes_compliance_bool[coast-disturbance-game]
tests/test_tire_compliance_probe.py::test_pair_only_changes_compliance_bool[coast-disturbance-simulation]
tests/test_tire_compliance_probe.py::test_pair_only_changes_compliance_bool[acceleration-game]
tests/test_tire_compliance_probe.py::test_pair_only_changes_compliance_bool[acceleration-simulation]
tests/test_tire_compliance_probe.py::test_pair_only_changes_compliance_bool[constant-turn-game]
tests/test_tire_compliance_probe.py::test_pair_only_changes_compliance_bool[constant-turn-simulation]
tests/test_tire_compliance_probe.py::test_real_short_trial_energy_and_control_account[acceleration]
tests/test_tire_compliance_probe.py::test_real_short_trial_energy_and_control_account[constant-turn]
tests/test_tire_compliance_probe.py::test_compressed_raw_rows_and_mode_energy_preserved
tests/test_tire_compliance_probe.py::test_failure_and_unrun_trials_recorded
tests/test_tire_compliance_substeps.py::test_substep_pair_only_changes_substep_count[asphalt-brake-game]
tests/test_tire_compliance_substeps.py::test_substep_pair_only_changes_substep_count[asphalt-brake-simulation]
tests/test_tire_compliance_substeps.py::test_substep_pair_only_changes_substep_count[constant-turn-game]
tests/test_tire_compliance_substeps.py::test_substep_pair_only_changes_substep_count[constant-turn-simulation]
tests/test_tire_compliance_substeps.py::test_substep_pair_only_changes_substep_count[steering-step-game]
tests/test_tire_compliance_substeps.py::test_substep_pair_only_changes_substep_count[steering-step-simulation]
tests/test_tire_compliance_substeps.py::test_substep_pair_only_changes_substep_count[airborne-recontact-game]
tests/test_tire_compliance_substeps.py::test_substep_pair_only_changes_substep_count[airborne-recontact-simulation]
tests/test_tire_compliance_substeps.py::test_synthetic_schedule_keeps_all_sixteen_trials_and_energy
tests/test_tire_compliance_substeps.py::test_failed_trial_and_all_unrun_are_saved
tests/test_tire_coupling.py::test_total_four_wheel_energy_momentum_and_brake_constraints[loads0-20.0-0.3-0.1-61.212121212121204-300.0-0.0]
tests/test_tire_coupling.py::test_total_four_wheel_energy_momentum_and_brake_constraints[loads0--12.0--0.4--0.1--36.36363636363636--200.0-500.0]
tests/test_tire_coupling.py::test_total_four_wheel_energy_momentum_and_brake_constraints[loads0-0.0-0.0-0.0-0.0-300.0-0.0]
tests/test_tire_coupling.py::test_total_four_wheel_energy_momentum_and_brake_constraints[loads0-0.0-0.0-0.0-0.0-0.0-1200.0]
tests/test_tire_coupling.py::test_total_four_wheel_energy_momentum_and_brake_constraints[loads1-20.0-0.3-0.1-61.212121212121204-300.0-0.0]
tests/test_tire_coupling.py::test_total_four_wheel_energy_momentum_and_brake_constraints[loads1--12.0--0.4--0.1--36.36363636363636--200.0-500.0]
tests/test_tire_coupling.py::test_total_four_wheel_energy_momentum_and_brake_constraints[loads1-0.0-0.0-0.0-0.0-300.0-0.0]
tests/test_tire_coupling.py::test_total_four_wheel_energy_momentum_and_brake_constraints[loads1-0.0-0.0-0.0-0.0-0.0-1200.0]
tests/test_tire_coupling.py::test_total_four_wheel_energy_momentum_and_brake_constraints[loads2-20.0-0.3-0.1-61.212121212121204-300.0-0.0]
tests/test_tire_coupling.py::test_total_four_wheel_energy_momentum_and_brake_constraints[loads2--12.0--0.4--0.1--36.36363636363636--200.0-500.0]
tests/test_tire_coupling.py::test_total_four_wheel_energy_momentum_and_brake_constraints[loads2-0.0-0.0-0.0-0.0-300.0-0.0]
tests/test_tire_coupling.py::test_total_four_wheel_energy_momentum_and_brake_constraints[loads2-0.0-0.0-0.0-0.0-0.0-1200.0]
tests/test_tire_drivetrain.py::test_shared_energy_momentum_steering_and_braking[0.02-False-True-0.004166666666666667--20.0-20.0-spins0-760.0-150.0-300.0-12.0-brakes0-loads0]
tests/test_tire_drivetrain.py::test_shared_energy_momentum_steering_and_braking[0.02-False-True-0.004166666666666667--20.0-20.0-spins1-500.0-0.0-300.0-12.0-brakes1-loads1]
tests/test_tire_drivetrain.py::test_shared_energy_momentum_steering_and_braking[0.02-False-True-0.004166666666666667--20.0--12.0-spins2-500.0-120.0-300.0--12.0-brakes2-loads2]
tests/test_tire_drivetrain.py::test_shared_energy_momentum_steering_and_braking[0.02-False-True-0.004166666666666667--20.0-0.0-spins3-100.0-0.0-300.0-0.0-brakes3-loads3]
tests/test_tire_drivetrain.py::test_shared_energy_momentum_steering_and_braking[0.02-False-True-0.004166666666666667--20.0-0.0-spins4-250.0-120.0-300.0-12.0-brakes4-loads4]
tests/test_tire_drivetrain.py::test_shared_energy_momentum_steering_and_braking[0.02-False-True-0.004166666666666667--20.0-20.0-spins5-800.0-150.0-0.0-12.0-brakes5-loads5]
tests/test_tire_drivetrain.py::test_shared_energy_momentum_steering_and_braking[0.02-False-True-0.004166666666666667-0.0-20.0-spins0-760.0-150.0-300.0-12.0-brakes0-loads0]
tests/test_tire_drivetrain.py::test_shared_energy_momentum_steering_and_braking[0.02-False-True-0.004166666666666667-0.0-20.0-spins1-500.0-0.0-300.0-12.0-brakes1-loads1]
tests/test_tire_drivetrain.py::test_shared_energy_momentum_steering_and_braking[0.02-False-True-0.004166666666666667-0.0--12.0-spins2-500.0-120.0-300.0--12.0-brakes2-loads2]
tests/test_tire_drivetrain.py::test_shared_energy_momentum_steering_and_braking[0.02-False-True-0.004166666666666667-0.0-0.0-spins3-100.0-0.0-300.0-0.0-brakes3-loads3]
tests/test_tire_drivetrain.py::test_shared_energy_momentum_steering_and_braking[0.02-False-True-0.004166666666666667-0.0-0.0-spins4-250.0-120.0-300.0-12.0-brakes4-loads4]
tests/test_tire_drivetrain.py::test_shared_energy_momentum_steering_and_braking[0.02-False-True-0.004166666666666667-0.0-20.0-spins5-800.0-150.0-0.0-12.0-brakes5-loads5]
tests/test_tire_drivetrain.py::test_shared_energy_momentum_steering_and_braking[0.02-False-True-0.004166666666666667-20.0-20.0-spins0-760.0-150.0-300.0-12.0-brakes0-loads0]
tests/test_tire_drivetrain.py::test_shared_energy_momentum_steering_and_braking[0.02-False-True-0.004166666666666667-20.0-20.0-spins1-500.0-0.0-300.0-12.0-brakes1-loads1]
tests/test_tire_drivetrain.py::test_shared_energy_momentum_steering_and_braking[0.02-False-True-0.004166666666666667-20.0--12.0-spins2-500.0-120.0-300.0--12.0-brakes2-loads2]
tests/test_tire_drivetrain.py::test_shared_energy_momentum_steering_and_braking[0.02-False-True-0.004166666666666667-20.0-0.0-spins3-100.0-0.0-300.0-0.0-brakes3-loads3]
tests/test_tire_drivetrain.py::test_shared_energy_momentum_steering_and_braking[0.02-False-True-0.004166666666666667-20.0-0.0-spins4-250.0-120.0-300.0-12.0-brakes4-loads4]
tests/test_tire_drivetrain.py::test_shared_energy_momentum_steering_and_braking[0.02-False-True-0.004166666666666667-20.0-20.0-spins5-800.0-150.0-0.0-12.0-brakes5-loads5]
tests/test_tire_drivetrain.py::test_shared_energy_momentum_steering_and_braking[0.02-False-True-0.0010416666666666667--20.0-20.0-spins0-760.0-150.0-300.0-12.0-brakes0-loads0]
tests/test_tire_drivetrain.py::test_shared_energy_momentum_steering_and_braking[0.02-False-True-0.0010416666666666667--20.0-20.0-spins1-500.0-0.0-300.0-12.0-brakes1-loads1]
tests/test_tire_drivetrain.py::test_shared_energy_momentum_steering_and_braking[0.02-False-True-0.0010416666666666667--20.0--12.0-spins2-500.0-120.0-300.0--12.0-brakes2-loads2]
tests/test_tire_drivetrain.py::test_shared_energy_momentum_steering_and_braking[0.02-False-True-0.0010416666666666667--20.0-0.0-spins3-100.0-0.0-300.0-0.0-brakes3-loads3]
tests/test_tire_drivetrain.py::test_shared_energy_momentum_steering_and_braking[0.02-False-True-0.0010416666666666667--20.0-0.0-spins4-250.0-120.0-300.0-12.0-brakes4-loads4]
tests/test_tire_drivetrain.py::test_shared_energy_momentum_steering_and_braking[0.02-False-True-0.0010416666666666667--20.0-20.0-spins5-800.0-150.0-0.0-12.0-brakes5-loads5]
tests/test_tire_drivetrain.py::test_shared_energy_momentum_steering_and_braking[0.02-False-True-0.0010416666666666667-0.0-20.0-spins0-760.0-150.0-300.0-12.0-brakes0-loads0]
tests/test_tire_drivetrain.py::test_shared_energy_momentum_steering_and_braking[0.02-False-True-0.0010416666666666667-0.0-20.0-spins1-500.0-0.0-300.0-12.0-brakes1-loads1]
tests/test_tire_drivetrain.py::test_shared_energy_momentum_steering_and_braking[0.02-False-True-0.0010416666666666667-0.0--12.0-spins2-500.0-120.0-300.0--12.0-brakes2-loads2]
tests/test_tire_drivetrain.py::test_shared_energy_momentum_steering_and_braking[0.02-False-True-0.0010416666666666667-0.0-0.0-spins3-100.0-0.0-300.0-0.0-brakes3-loads3]
tests/test_tire_drivetrain.py::test_shared_energy_momentum_steering_and_braking[0.02-False-True-0.0010416666666666667-0.0-0.0-spins4-250.0-120.0-300.0-12.0-brakes4-loads4]
tests/test_tire_drivetrain.py::test_shared_energy_momentum_steering_and_braking[0.02-False-True-0.0010416666666666667-0.0-20.0-spins5-800.0-150.0-0.0-12.0-brakes5-loads5]
tests/test_tire_drivetrain.py::test_shared_energy_momentum_steering_and_braking[0.02-False-True-0.0010416666666666667-20.0-20.0-spins0-760.0-150.0-300.0-12.0-brakes0-loads0]
tests/test_tire_drivetrain.py::test_shared_energy_momentum_steering_and_braking[0.02-False-True-0.0010416666666666667-20.0-20.0-spins1-500.0-0.0-300.0-12.0-brakes1-loads1]
tests/test_tire_drivetrain.py::test_shared_energy_momentum_steering_and_braking[0.02-False-True-0.0010416666666666667-20.0--12.0-spins2-500.0-120.0-300.0--12.0-brakes2-loads2]
tests/test_tire_drivetrain.py::test_shared_energy_momentum_steering_and_braking[0.02-False-True-0.0010416666666666667-20.0-0.0-spins3-100.0-0.0-300.0-0.0-brakes3-loads3]
tests/test_tire_drivetrain.py::test_shared_energy_momentum_steering_and_braking[0.02-False-True-0.0010416666666666667-20.0-0.0-spins4-250.0-120.0-300.0-12.0-brakes4-loads4]
tests/test_tire_drivetrain.py::test_shared_energy_momentum_steering_and_braking[0.02-False-True-0.0010416666666666667-20.0-20.0-spins5-800.0-150.0-0.0-12.0-brakes5-loads5]
tests/test_tire_drivetrain.py::test_shared_energy_momentum_steering_and_braking[0.02-False-False-0.004166666666666667--20.0-20.0-spins0-760.0-150.0-300.0-12.0-brakes0-loads0]
tests/test_tire_drivetrain.py::test_shared_energy_momentum_steering_and_braking[0.02-False-False-0.004166666666666667--20.0-20.0-spins1-500.0-0.0-300.0-12.0-brakes1-loads1]
tests/test_tire_drivetrain.py::test_shared_energy_momentum_steering_and_braking[0.02-False-False-0.004166666666666667--20.0--12.0-spins2-500.0-120.0-300.0--12.0-brakes2-loads2]
tests/test_tire_drivetrain.py::test_shared_energy_momentum_steering_and_braking[0.02-False-False-0.004166666666666667--20.0-0.0-spins3-100.0-0.0-300.0-0.0-brakes3-loads3]
tests/test_tire_drivetrain.py::test_shared_energy_momentum_steering_and_braking[0.02-False-False-0.004166666666666667--20.0-0.0-spins4-250.0-120.0-300.0-12.0-brakes4-loads4]
tests/test_tire_drivetrain.py::test_shared_energy_momentum_steering_and_braking[0.02-False-False-0.004166666666666667--20.0-20.0-spins5-800.0-150.0-0.0-12.0-brakes5-loads5]
tests/test_tire_drivetrain.py::test_shared_energy_momentum_steering_and_braking[0.02-False-False-0.004166666666666667-0.0-20.0-spins0-760.0-150.0-300.0-12.0-brakes0-loads0]
tests/test_tire_drivetrain.py::test_shared_energy_momentum_steering_and_braking[0.02-False-False-0.004166666666666667-0.0-20.0-spins1-500.0-0.0-300.0-12.0-brakes1-loads1]
tests/test_tire_drivetrain.py::test_shared_energy_momentum_steering_and_braking[0.02-False-False-0.004166666666666667-0.0--12.0-spins2-500.0-120.0-300.0--12.0-brakes2-loads2]
tests/test_tire_drivetrain.py::test_shared_energy_momentum_steering_and_braking[0.02-False-False-0.004166666666666667-0.0-0.0-spins3-100.0-0.0-300.0-0.0-brakes3-loads3]
tests/test_tire_drivetrain.py::test_shared_energy_momentum_steering_and_braking[0.02-False-False-0.004166666666666667-0.0-0.0-spins4-250.0-120.0-300.0-12.0-brakes4-loads4]
tests/test_tire_drivetrain.py::test_shared_energy_momentum_steering_and_braking[0.02-False-False-0.004166666666666667-0.0-20.0-spins5-800.0-150.0-0.0-12.0-brakes5-loads5]
tests/test_tire_drivetrain.py::test_shared_energy_momentum_steering_and_braking[0.02-False-False-0.004166666666666667-20.0-20.0-spins0-760.0-150.0-300.0-12.0-brakes0-loads0]
tests/test_tire_drivetrain.py::test_shared_energy_momentum_steering_and_braking[0.02-False-False-0.004166666666666667-20.0-20.0-spins1-500.0-0.0-300.0-12.0-brakes1-loads1]
tests/test_tire_drivetrain.py::test_shared_energy_momentum_steering_and_braking[0.02-False-False-0.004166666666666667-20.0--12.0-spins2-500.0-120.0-300.0--12.0-brakes2-loads2]
tests/test_tire_drivetrain.py::test_shared_energy_momentum_steering_and_braking[0.02-False-False-0.004166666666666667-20.0-0.0-spins3-100.0-0.0-300.0-0.0-brakes3-loads3]
tests/test_tire_drivetrain.py::test_shared_energy_momentum_steering_and_braking[0.02-False-False-0.004166666666666667-20.0-0.0-spins4-250.0-120.0-300.0-12.0-brakes4-loads4]
tests/test_tire_drivetrain.py::test_shared_energy_momentum_steering_and_braking[0.02-False-False-0.004166666666666667-20.0-20.0-spins5-800.0-150.0-0.0-12.0-brakes5-loads5]
tests/test_tire_drivetrain.py::test_shared_energy_momentum_steering_and_braking[0.02-False-False-0.0010416666666666667--20.0-20.0-spins0-760.0-150.0-300.0-12.0-brakes0-loads0]
tests/test_tire_drivetrain.py::test_shared_energy_momentum_steering_and_braking[0.02-False-False-0.0010416666666666667--20.0-20.0-spins1-500.0-0.0-300.0-12.0-brakes1-loads1]
tests/test_tire_drivetrain.py::test_shared_energy_momentum_steering_and_braking[0.02-False-False-0.0010416666666666667--20.0--12.0-spins2-500.0-120.0-300.0--12.0-brakes2-loads2]
tests/test_tire_drivetrain.py::test_shared_energy_momentum_steering_and_braking[0.02-False-False-0.0010416666666666667--20.0-0.0-spins3-100.0-0.0-300.0-0.0-brakes3-loads3]
tests/test_tire_drivetrain.py::test_shared_energy_momentum_steering_and_braking[0.02-False-False-0.0010416666666666667--20.0-0.0-spins4-250.0-120.0-300.0-12.0-brakes4-loads4]
tests/test_tire_drivetrain.py::test_shared_energy_momentum_steering_and_braking[0.02-False-False-0.0010416666666666667--20.0-20.0-spins5-800.0-150.0-0.0-12.0-brakes5-loads5]
tests/test_tire_drivetrain.py::test_shared_energy_momentum_steering_and_braking[0.02-False-False-0.0010416666666666667-0.0-20.0-spins0-760.0-150.0-300.0-12.0-brakes0-loads0]
tests/test_tire_drivetrain.py::test_shared_energy_momentum_steering_and_braking[0.02-False-False-0.0010416666666666667-0.0-20.0-spins1-500.0-0.0-300.0-12.0-brakes1-loads1]
tests/test_tire_drivetrain.py::test_shared_energy_momentum_steering_and_braking[0.02-False-False-0.0010416666666666667-0.0--12.0-spins2-500.0-120.0-300.0--12.0-brakes2-loads2]
tests/test_tire_drivetrain.py::test_shared_energy_momentum_steering_and_braking[0.02-False-False-0.0010416666666666667-0.0-0.0-spins3-100.0-0.0-300.0-0.0-brakes3-loads3]
tests/test_tire_drivetrain.py::test_shared_energy_momentum_steering_and_braking[0.02-False-False-0.0010416666666666667-0.0-0.0-spins4-250.0-120.0-300.0-12.0-brakes4-loads4]
tests/test_tire_drivetrain.py::test_shared_energy_momentum_steering_and_braking[0.02-False-False-0.0010416666666666667-0.0-20.0-spins5-800.0-150.0-0.0-12.0-brakes5-loads5]
tests/test_tire_drivetrain.py::test_shared_energy_momentum_steering_and_braking[0.02-False-False-0.0010416666666666667-20.0-20.0-spins0-760.0-150.0-300.0-12.0-brakes0-loads0]
tests/test_tire_drivetrain.py::test_shared_energy_momentum_steering_and_braking[0.02-False-False-0.0010416666666666667-20.0-20.0-spins1-500.0-0.0-300.0-12.0-brakes1-loads1]
tests/test_tire_drivetrain.py::test_shared_energy_momentum_steering_and_braking[0.02-False-False-0.0010416666666666667-20.0--12.0-spins2-500.0-120.0-300.0--12.0-brakes2-loads2]
tests/test_tire_drivetrain.py::test_shared_energy_momentum_steering_and_braking[0.02-False-False-0.0010416666666666667-20.0-0.0-spins3-100.0-0.0-300.0-0.0-brakes3-loads3]
tests/test_tire_drivetrain.py::test_shared_energy_momentum_steering_and_braking[0.02-False-False-0.0010416666666666667-20.0-0.0-spins4-250.0-120.0-300.0-12.0-brakes4-loads4]
tests/test_tire_drivetrain.py::test_shared_energy_momentum_steering_and_braking[0.02-False-False-0.0010416666666666667-20.0-20.0-spins5-800.0-150.0-0.0-12.0-brakes5-loads5]
tests/test_tire_drivetrain.py::test_shared_energy_momentum_steering_and_braking[0.02-True-True-0.004166666666666667--20.0-20.0-spins0-760.0-150.0-300.0-12.0-brakes0-loads0]
tests/test_tire_drivetrain.py::test_shared_energy_momentum_steering_and_braking[0.02-True-True-0.004166666666666667--20.0-20.0-spins1-500.0-0.0-300.0-12.0-brakes1-loads1]
tests/test_tire_drivetrain.py::test_shared_energy_momentum_steering_and_braking[0.02-True-True-0.004166666666666667--20.0--12.0-spins2-500.0-120.0-300.0--12.0-brakes2-loads2]
tests/test_tire_drivetrain.py::test_shared_energy_momentum_steering_and_braking[0.02-True-True-0.004166666666666667--20.0-0.0-spins3-100.0-0.0-300.0-0.0-brakes3-loads3]
tests/test_tire_drivetrain.py::test_shared_energy_momentum_steering_and_braking[0.02-True-True-0.004166666666666667--20.0-0.0-spins4-250.0-120.0-300.0-12.0-brakes4-loads4]
tests/test_tire_drivetrain.py::test_shared_energy_momentum_steering_and_braking[0.02-True-True-0.004166666666666667--20.0-20.0-spins5-800.0-150.0-0.0-12.0-brakes5-loads5]
tests/test_tire_drivetrain.py::test_shared_energy_momentum_steering_and_braking[0.02-True-True-0.004166666666666667-0.0-20.0-spins0-760.0-150.0-300.0-12.0-brakes0-loads0]
tests/test_tire_drivetrain.py::test_shared_energy_momentum_steering_and_braking[0.02-True-True-0.004166666666666667-0.0-20.0-spins1-500.0-0.0-300.0-12.0-brakes1-loads1]
tests/test_tire_drivetrain.py::test_shared_energy_momentum_steering_and_braking[0.02-True-True-0.004166666666666667-0.0--12.0-spins2-500.0-120.0-300.0--12.0-brakes2-loads2]
tests/test_tire_drivetrain.py::test_shared_energy_momentum_steering_and_braking[0.02-True-True-0.004166666666666667-0.0-0.0-spins3-100.0-0.0-300.0-0.0-brakes3-loads3]
tests/test_tire_drivetrain.py::test_shared_energy_momentum_steering_and_braking[0.02-True-True-0.004166666666666667-0.0-0.0-spins4-250.0-120.0-300.0-12.0-brakes4-loads4]
tests/test_tire_drivetrain.py::test_shared_energy_momentum_steering_and_braking[0.02-True-True-0.004166666666666667-0.0-20.0-spins5-800.0-150.0-0.0-12.0-brakes5-loads5]
tests/test_tire_drivetrain.py::test_shared_energy_momentum_steering_and_braking[0.02-True-True-0.004166666666666667-20.0-20.0-spins0-760.0-150.0-300.0-12.0-brakes0-loads0]
tests/test_tire_drivetrain.py::test_shared_energy_momentum_steering_and_braking[0.02-True-True-0.004166666666666667-20.0-20.0-spins1-500.0-0.0-300.0-12.0-brakes1-loads1]
tests/test_tire_drivetrain.py::test_shared_energy_momentum_steering_and_braking[0.02-True-True-0.004166666666666667-20.0--12.0-spins2-500.0-120.0-300.0--12.0-brakes2-loads2]
tests/test_tire_drivetrain.py::test_shared_energy_momentum_steering_and_braking[0.02-True-True-0.004166666666666667-20.0-0.0-spins3-100.0-0.0-300.0-0.0-brakes3-loads3]
tests/test_tire_drivetrain.py::test_shared_energy_momentum_steering_and_braking[0.02-True-True-0.004166666666666667-20.0-0.0-spins4-250.0-120.0-300.0-12.0-brakes4-loads4]
tests/test_tire_drivetrain.py::test_shared_energy_momentum_steering_and_braking[0.02-True-True-0.004166666666666667-20.0-20.0-spins5-800.0-150.0-0.0-12.0-brakes5-loads5]
tests/test_tire_drivetrain.py::test_shared_energy_momentum_steering_and_braking[0.02-True-True-0.0010416666666666667--20.0-20.0-spins0-760.0-150.0-300.0-12.0-brakes0-loads0]
tests/test_tire_drivetrain.py::test_shared_energy_momentum_steering_and_braking[0.02-True-True-0.0010416666666666667--20.0-20.0-spins1-500.0-0.0-300.0-12.0-brakes1-loads1]
tests/test_tire_drivetrain.py::test_shared_energy_momentum_steering_and_braking[0.02-True-True-0.0010416666666666667--20.0--12.0-spins2-500.0-120.0-300.0--12.0-brakes2-loads2]
tests/test_tire_drivetrain.py::test_shared_energy_momentum_steering_and_braking[0.02-True-True-0.0010416666666666667--20.0-0.0-spins3-100.0-0.0-300.0-0.0-brakes3-loads3]
tests/test_tire_drivetrain.py::test_shared_energy_momentum_steering_and_braking[0.02-True-True-0.0010416666666666667--20.0-0.0-spins4-250.0-120.0-300.0-12.0-brakes4-loads4]
tests/test_tire_drivetrain.py::test_shared_energy_momentum_steering_and_braking[0.02-True-True-0.0010416666666666667--20.0-20.0-spins5-800.0-150.0-0.0-12.0-brakes5-loads5]
tests/test_tire_drivetrain.py::test_shared_energy_momentum_steering_and_braking[0.02-True-True-0.0010416666666666667-0.0-20.0-spins0-760.0-150.0-300.0-12.0-brakes0-loads0]
tests/test_tire_drivetrain.py::test_shared_energy_momentum_steering_and_braking[0.02-True-True-0.0010416666666666667-0.0-20.0-spins1-500.0-0.0-300.0-12.0-brakes1-loads1]
tests/test_tire_drivetrain.py::test_shared_energy_momentum_steering_and_braking[0.02-True-True-0.0010416666666666667-0.0--12.0-spins2-500.0-120.0-300.0--12.0-brakes2-loads2]
tests/test_tire_drivetrain.py::test_shared_energy_momentum_steering_and_braking[0.02-True-True-0.0010416666666666667-0.0-0.0-spins3-100.0-0.0-300.0-0.0-brakes3-loads3]
tests/test_tire_drivetrain.py::test_shared_energy_momentum_steering_and_braking[0.02-True-True-0.0010416666666666667-0.0-0.0-spins4-250.0-120.0-300.0-12.0-brakes4-loads4]
tests/test_tire_drivetrain.py::test_shared_energy_momentum_steering_and_braking[0.02-True-True-0.0010416666666666667-0.0-20.0-spins5-800.0-150.0-0.0-12.0-brakes5-loads5]
tests/test_tire_drivetrain.py::test_shared_energy_momentum_steering_and_braking[0.02-True-True-0.0010416666666666667-20.0-20.0-spins0-760.0-150.0-300.0-12.0-brakes0-loads0]
tests/test_tire_drivetrain.py::test_shared_energy_momentum_steering_and_braking[0.02-True-True-0.0010416666666666667-20.0-20.0-spins1-500.0-0.0-300.0-12.0-brakes1-loads1]
tests/test_tire_drivetrain.py::test_shared_energy_momentum_steering_and_braking[0.02-True-True-0.0010416666666666667-20.0--12.0-spins2-500.0-120.0-300.0--12.0-brakes2-loads2]
tests/test_tire_drivetrain.py::test_shared_energy_momentum_steering_and_braking[0.02-True-True-0.0010416666666666667-20.0-0.0-spins3-100.0-0.0-300.0-0.0-brakes3-loads3]
tests/test_tire_drivetrain.py::test_shared_energy_momentum_steering_and_braking[0.02-True-True-0.0010416666666666667-20.0-0.0-spins4-250.0-120.0-300.0-12.0-brakes4-loads4]
tests/test_tire_drivetrain.py::test_shared_energy_momentum_steering_and_braking[0.02-True-True-0.0010416666666666667-20.0-20.0-spins5-800.0-150.0-0.0-12.0-brakes5-loads5]
tests/test_tire_drivetrain.py::test_shared_energy_momentum_steering_and_braking[0.02-True-False-0.004166666666666667--20.0-20.0-spins0-760.0-150.0-300.0-12.0-brakes0-loads0]
tests/test_tire_drivetrain.py::test_shared_energy_momentum_steering_and_braking[0.02-True-False-0.004166666666666667--20.0-20.0-spins1-500.0-0.0-300.0-12.0-brakes1-loads1]
tests/test_tire_drivetrain.py::test_shared_energy_momentum_steering_and_braking[0.02-True-False-0.004166666666666667--20.0--12.0-spins2-500.0-120.0-300.0--12.0-brakes2-loads2]
tests/test_tire_drivetrain.py::test_shared_energy_momentum_steering_and_braking[0.02-True-False-0.004166666666666667--20.0-0.0-spins3-100.0-0.0-300.0-0.0-brakes3-loads3]
tests/test_tire_drivetrain.py::test_shared_energy_momentum_steering_and_braking[0.02-True-False-0.004166666666666667--20.0-0.0-spins4-250.0-120.0-300.0-12.0-brakes4-loads4]
tests/test_tire_drivetrain.py::test_shared_energy_momentum_steering_and_braking[0.02-True-False-0.004166666666666667--20.0-20.0-spins5-800.0-150.0-0.0-12.0-brakes5-loads5]
tests/test_tire_drivetrain.py::test_shared_energy_momentum_steering_and_braking[0.02-True-False-0.004166666666666667-0.0-20.0-spins0-760.0-150.0-300.0-12.0-brakes0-loads0]
tests/test_tire_drivetrain.py::test_shared_energy_momentum_steering_and_braking[0.02-True-False-0.004166666666666667-0.0-20.0-spins1-500.0-0.0-300.0-12.0-brakes1-loads1]
tests/test_tire_drivetrain.py::test_shared_energy_momentum_steering_and_braking[0.02-True-False-0.004166666666666667-0.0--12.0-spins2-500.0-120.0-300.0--12.0-brakes2-loads2]
tests/test_tire_drivetrain.py::test_shared_energy_momentum_steering_and_braking[0.02-True-False-0.004166666666666667-0.0-0.0-spins3-100.0-0.0-300.0-0.0-brakes3-loads3]
tests/test_tire_drivetrain.py::test_shared_energy_momentum_steering_and_braking[0.02-True-False-0.004166666666666667-0.0-0.0-spins4-250.0-120.0-300.0-12.0-brakes4-loads4]
tests/test_tire_drivetrain.py::test_shared_energy_momentum_steering_and_braking[0.02-True-False-0.004166666666666667-0.0-20.0-spins5-800.0-150.0-0.0-12.0-brakes5-loads5]
tests/test_tire_drivetrain.py::test_shared_energy_momentum_steering_and_braking[0.02-True-False-0.004166666666666667-20.0-20.0-spins0-760.0-150.0-300.0-12.0-brakes0-loads0]
tests/test_tire_drivetrain.py::test_shared_energy_momentum_steering_and_braking[0.02-True-False-0.004166666666666667-20.0-20.0-spins1-500.0-0.0-300.0-12.0-brakes1-loads1]
tests/test_tire_drivetrain.py::test_shared_energy_momentum_steering_and_braking[0.02-True-False-0.004166666666666667-20.0--12.0-spins2-500.0-120.0-300.0--12.0-brakes2-loads2]
tests/test_tire_drivetrain.py::test_shared_energy_momentum_steering_and_braking[0.02-True-False-0.004166666666666667-20.0-0.0-spins3-100.0-0.0-300.0-0.0-brakes3-loads3]
tests/test_tire_drivetrain.py::test_shared_energy_momentum_steering_and_braking[0.02-True-False-0.004166666666666667-20.0-0.0-spins4-250.0-120.0-300.0-12.0-brakes4-loads4]
tests/test_tire_drivetrain.py::test_shared_energy_momentum_steering_and_braking[0.02-True-False-0.004166666666666667-20.0-20.0-spins5-800.0-150.0-0.0-12.0-brakes5-loads5]
tests/test_tire_drivetrain.py::test_shared_energy_momentum_steering_and_braking[0.02-True-False-0.0010416666666666667--20.0-20.0-spins0-760.0-150.0-300.0-12.0-brakes0-loads0]
tests/test_tire_drivetrain.py::test_shared_energy_momentum_steering_and_braking[0.02-True-False-0.0010416666666666667--20.0-20.0-spins1-500.0-0.0-300.0-12.0-brakes1-loads1]
tests/test_tire_drivetrain.py::test_shared_energy_momentum_steering_and_braking[0.02-True-False-0.0010416666666666667--20.0--12.0-spins2-500.0-120.0-300.0--12.0-brakes2-loads2]
tests/test_tire_drivetrain.py::test_shared_energy_momentum_steering_and_braking[0.02-True-False-0.0010416666666666667--20.0-0.0-spins3-100.0-0.0-300.0-0.0-brakes3-loads3]
tests/test_tire_drivetrain.py::test_shared_energy_momentum_steering_and_braking[0.02-True-False-0.0010416666666666667--20.0-0.0-spins4-250.0-120.0-300.0-12.0-brakes4-loads4]
tests/test_tire_drivetrain.py::test_shared_energy_momentum_steering_and_braking[0.02-True-False-0.0010416666666666667--20.0-20.0-spins5-800.0-150.0-0.0-12.0-brakes5-loads5]
tests/test_tire_drivetrain.py::test_shared_energy_momentum_steering_and_braking[0.02-True-False-0.0010416666666666667-0.0-20.0-spins0-760.0-150.0-300.0-12.0-brakes0-loads0]
tests/test_tire_drivetrain.py::test_shared_energy_momentum_steering_and_braking[0.02-True-False-0.0010416666666666667-0.0-20.0-spins1-500.0-0.0-300.0-12.0-brakes1-loads1]
tests/test_tire_drivetrain.py::test_shared_energy_momentum_steering_and_braking[0.02-True-False-0.0010416666666666667-0.0--12.0-spins2-500.0-120.0-300.0--12.0-brakes2-loads2]
tests/test_tire_drivetrain.py::test_shared_energy_momentum_steering_and_braking[0.02-True-False-0.0010416666666666667-0.0-0.0-spins3-100.0-0.0-300.0-0.0-brakes3-loads3]
tests/test_tire_drivetrain.py::test_shared_energy_momentum_steering_and_braking[0.02-True-False-0.0010416666666666667-0.0-0.0-spins4-250.0-120.0-300.0-12.0-brakes4-loads4]
tests/test_tire_drivetrain.py::test_shared_energy_momentum_steering_and_braking[0.02-True-False-0.0010416666666666667-0.0-20.0-spins5-800.0-150.0-0.0-12.0-brakes5-loads5]
tests/test_tire_drivetrain.py::test_shared_energy_momentum_steering_and_braking[0.02-True-False-0.0010416666666666667-20.0-20.0-spins0-760.0-150.0-300.0-12.0-brakes0-loads0]
tests/test_tire_drivetrain.py::test_shared_energy_momentum_steering_and_braking[0.02-True-False-0.0010416666666666667-20.0-20.0-spins1-500.0-0.0-300.0-12.0-brakes1-loads1]
tests/test_tire_drivetrain.py::test_shared_energy_momentum_steering_and_braking[0.02-True-False-0.0010416666666666667-20.0--12.0-spins2-500.0-120.0-300.0--12.0-brakes2-loads2]
tests/test_tire_drivetrain.py::test_shared_energy_momentum_steering_and_braking[0.02-True-False-0.0010416666666666667-20.0-0.0-spins3-100.0-0.0-300.0-0.0-brakes3-loads3]
tests/test_tire_drivetrain.py::test_shared_energy_momentum_steering_and_braking[0.02-True-False-0.0010416666666666667-20.0-0.0-spins4-250.0-120.0-300.0-12.0-brakes4-loads4]
tests/test_tire_drivetrain.py::test_shared_energy_momentum_steering_and_braking[0.02-True-False-0.0010416666666666667-20.0-20.0-spins5-800.0-150.0-0.0-12.0-brakes5-loads5]
tests/test_tire_drivetrain.py::test_shared_energy_momentum_steering_and_braking[0.2-False-True-0.004166666666666667--20.0-20.0-spins0-760.0-150.0-300.0-12.0-brakes0-loads0]
tests/test_tire_drivetrain.py::test_shared_energy_momentum_steering_and_braking[0.2-False-True-0.004166666666666667--20.0-20.0-spins1-500.0-0.0-300.0-12.0-brakes1-loads1]
tests/test_tire_drivetrain.py::test_shared_energy_momentum_steering_and_braking[0.2-False-True-0.004166666666666667--20.0--12.0-spins2-500.0-120.0-300.0--12.0-brakes2-loads2]
tests/test_tire_drivetrain.py::test_shared_energy_momentum_steering_and_braking[0.2-False-True-0.004166666666666667--20.0-0.0-spins3-100.0-0.0-300.0-0.0-brakes3-loads3]
tests/test_tire_drivetrain.py::test_shared_energy_momentum_steering_and_braking[0.2-False-True-0.004166666666666667--20.0-0.0-spins4-250.0-120.0-300.0-12.0-brakes4-loads4]
tests/test_tire_drivetrain.py::test_shared_energy_momentum_steering_and_braking[0.2-False-True-0.004166666666666667--20.0-20.0-spins5-800.0-150.0-0.0-12.0-brakes5-loads5]
tests/test_tire_drivetrain.py::test_shared_energy_momentum_steering_and_braking[0.2-False-True-0.004166666666666667-0.0-20.0-spins0-760.0-150.0-300.0-12.0-brakes0-loads0]
tests/test_tire_drivetrain.py::test_shared_energy_momentum_steering_and_braking[0.2-False-True-0.004166666666666667-0.0-20.0-spins1-500.0-0.0-300.0-12.0-brakes1-loads1]
tests/test_tire_drivetrain.py::test_shared_energy_momentum_steering_and_braking[0.2-False-True-0.004166666666666667-0.0--12.0-spins2-500.0-120.0-300.0--12.0-brakes2-loads2]
tests/test_tire_drivetrain.py::test_shared_energy_momentum_steering_and_braking[0.2-False-True-0.004166666666666667-0.0-0.0-spins3-100.0-0.0-300.0-0.0-brakes3-loads3]
tests/test_tire_drivetrain.py::test_shared_energy_momentum_steering_and_braking[0.2-False-True-0.004166666666666667-0.0-0.0-spins4-250.0-120.0-300.0-12.0-brakes4-loads4]
tests/test_tire_drivetrain.py::test_shared_energy_momentum_steering_and_braking[0.2-False-True-0.004166666666666667-0.0-20.0-spins5-800.0-150.0-0.0-12.0-brakes5-loads5]
tests/test_tire_drivetrain.py::test_shared_energy_momentum_steering_and_braking[0.2-False-True-0.004166666666666667-20.0-20.0-spins0-760.0-150.0-300.0-12.0-brakes0-loads0]
tests/test_tire_drivetrain.py::test_shared_energy_momentum_steering_and_braking[0.2-False-True-0.004166666666666667-20.0-20.0-spins1-500.0-0.0-300.0-12.0-brakes1-loads1]
tests/test_tire_drivetrain.py::test_shared_energy_momentum_steering_and_braking[0.2-False-True-0.004166666666666667-20.0--12.0-spins2-500.0-120.0-300.0--12.0-brakes2-loads2]
tests/test_tire_drivetrain.py::test_shared_energy_momentum_steering_and_braking[0.2-False-True-0.004166666666666667-20.0-0.0-spins3-100.0-0.0-300.0-0.0-brakes3-loads3]
tests/test_tire_drivetrain.py::test_shared_energy_momentum_steering_and_braking[0.2-False-True-0.004166666666666667-20.0-0.0-spins4-250.0-120.0-300.0-12.0-brakes4-loads4]
tests/test_tire_drivetrain.py::test_shared_energy_momentum_steering_and_braking[0.2-False-True-0.004166666666666667-20.0-20.0-spins5-800.0-150.0-0.0-12.0-brakes5-loads5]
tests/test_tire_drivetrain.py::test_shared_energy_momentum_steering_and_braking[0.2-False-True-0.0010416666666666667--20.0-20.0-spins0-760.0-150.0-300.0-12.0-brakes0-loads0]
tests/test_tire_drivetrain.py::test_shared_energy_momentum_steering_and_braking[0.2-False-True-0.0010416666666666667--20.0-20.0-spins1-500.0-0.0-300.0-12.0-brakes1-loads1]
tests/test_tire_drivetrain.py::test_shared_energy_momentum_steering_and_braking[0.2-False-True-0.0010416666666666667--20.0--12.0-spins2-500.0-120.0-300.0--12.0-brakes2-loads2]
tests/test_tire_drivetrain.py::test_shared_energy_momentum_steering_and_braking[0.2-False-True-0.0010416666666666667--20.0-0.0-spins3-100.0-0.0-300.0-0.0-brakes3-loads3]
tests/test_tire_drivetrain.py::test_shared_energy_momentum_steering_and_braking[0.2-False-True-0.0010416666666666667--20.0-0.0-spins4-250.0-120.0-300.0-12.0-brakes4-loads4]
tests/test_tire_drivetrain.py::test_shared_energy_momentum_steering_and_braking[0.2-False-True-0.0010416666666666667--20.0-20.0-spins5-800.0-150.0-0.0-12.0-brakes5-loads5]
tests/test_tire_drivetrain.py::test_shared_energy_momentum_steering_and_braking[0.2-False-True-0.0010416666666666667-0.0-20.0-spins0-760.0-150.0-300.0-12.0-brakes0-loads0]
tests/test_tire_drivetrain.py::test_shared_energy_momentum_steering_and_braking[0.2-False-True-0.0010416666666666667-0.0-20.0-spins1-500.0-0.0-300.0-12.0-brakes1-loads1]
tests/test_tire_drivetrain.py::test_shared_energy_momentum_steering_and_braking[0.2-False-True-0.0010416666666666667-0.0--12.0-spins2-500.0-120.0-300.0--12.0-brakes2-loads2]
tests/test_tire_drivetrain.py::test_shared_energy_momentum_steering_and_braking[0.2-False-True-0.0010416666666666667-0.0-0.0-spins3-100.0-0.0-300.0-0.0-brakes3-loads3]
tests/test_tire_drivetrain.py::test_shared_energy_momentum_steering_and_braking[0.2-False-True-0.0010416666666666667-0.0-0.0-spins4-250.0-120.0-300.0-12.0-brakes4-loads4]
tests/test_tire_drivetrain.py::test_shared_energy_momentum_steering_and_braking[0.2-False-True-0.0010416666666666667-0.0-20.0-spins5-800.0-150.0-0.0-12.0-brakes5-loads5]
tests/test_tire_drivetrain.py::test_shared_energy_momentum_steering_and_braking[0.2-False-True-0.0010416666666666667-20.0-20.0-spins0-760.0-150.0-300.0-12.0-brakes0-loads0]
tests/test_tire_drivetrain.py::test_shared_energy_momentum_steering_and_braking[0.2-False-True-0.0010416666666666667-20.0-20.0-spins1-500.0-0.0-300.0-12.0-brakes1-loads1]
tests/test_tire_drivetrain.py::test_shared_energy_momentum_steering_and_braking[0.2-False-True-0.0010416666666666667-20.0--12.0-spins2-500.0-120.0-300.0--12.0-brakes2-loads2]
tests/test_tire_drivetrain.py::test_shared_energy_momentum_steering_and_braking[0.2-False-True-0.0010416666666666667-20.0-0.0-spins3-100.0-0.0-300.0-0.0-brakes3-loads3]
tests/test_tire_drivetrain.py::test_shared_energy_momentum_steering_and_braking[0.2-False-True-0.0010416666666666667-20.0-0.0-spins4-250.0-120.0-300.0-12.0-brakes4-loads4]
tests/test_tire_drivetrain.py::test_shared_energy_momentum_steering_and_braking[0.2-False-True-0.0010416666666666667-20.0-20.0-spins5-800.0-150.0-0.0-12.0-brakes5-loads5]
tests/test_tire_drivetrain.py::test_shared_energy_momentum_steering_and_braking[0.2-False-False-0.004166666666666667--20.0-20.0-spins0-760.0-150.0-300.0-12.0-brakes0-loads0]
tests/test_tire_drivetrain.py::test_shared_energy_momentum_steering_and_braking[0.2-False-False-0.004166666666666667--20.0-20.0-spins1-500.0-0.0-300.0-12.0-brakes1-loads1]
tests/test_tire_drivetrain.py::test_shared_energy_momentum_steering_and_braking[0.2-False-False-0.004166666666666667--20.0--12.0-spins2-500.0-120.0-300.0--12.0-brakes2-loads2]
tests/test_tire_drivetrain.py::test_shared_energy_momentum_steering_and_braking[0.2-False-False-0.004166666666666667--20.0-0.0-spins3-100.0-0.0-300.0-0.0-brakes3-loads3]
tests/test_tire_drivetrain.py::test_shared_energy_momentum_steering_and_braking[0.2-False-False-0.004166666666666667--20.0-0.0-spins4-250.0-120.0-300.0-12.0-brakes4-loads4]
tests/test_tire_drivetrain.py::test_shared_energy_momentum_steering_and_braking[0.2-False-False-0.004166666666666667--20.0-20.0-spins5-800.0-150.0-0.0-12.0-brakes5-loads5]
tests/test_tire_drivetrain.py::test_shared_energy_momentum_steering_and_braking[0.2-False-False-0.004166666666666667-0.0-20.0-spins0-760.0-150.0-300.0-12.0-brakes0-loads0]
tests/test_tire_drivetrain.py::test_shared_energy_momentum_steering_and_braking[0.2-False-False-0.004166666666666667-0.0-20.0-spins1-500.0-0.0-300.0-12.0-brakes1-loads1]
tests/test_tire_drivetrain.py::test_shared_energy_momentum_steering_and_braking[0.2-False-False-0.004166666666666667-0.0--12.0-spins2-500.0-120.0-300.0--12.0-brakes2-loads2]
tests/test_tire_drivetrain.py::test_shared_energy_momentum_steering_and_braking[0.2-False-False-0.004166666666666667-0.0-0.0-spins3-100.0-0.0-300.0-0.0-brakes3-loads3]
tests/test_tire_drivetrain.py::test_shared_energy_momentum_steering_and_braking[0.2-False-False-0.004166666666666667-0.0-0.0-spins4-250.0-120.0-300.0-12.0-brakes4-loads4]
tests/test_tire_drivetrain.py::test_shared_energy_momentum_steering_and_braking[0.2-False-False-0.004166666666666667-0.0-20.0-spins5-800.0-150.0-0.0-12.0-brakes5-loads5]
tests/test_tire_drivetrain.py::test_shared_energy_momentum_steering_and_braking[0.2-False-False-0.004166666666666667-20.0-20.0-spins0-760.0-150.0-300.0-12.0-brakes0-loads0]
tests/test_tire_drivetrain.py::test_shared_energy_momentum_steering_and_braking[0.2-False-False-0.004166666666666667-20.0-20.0-spins1-500.0-0.0-300.0-12.0-brakes1-loads1]
tests/test_tire_drivetrain.py::test_shared_energy_momentum_steering_and_braking[0.2-False-False-0.004166666666666667-20.0--12.0-spins2-500.0-120.0-300.0--12.0-brakes2-loads2]
tests/test_tire_drivetrain.py::test_shared_energy_momentum_steering_and_braking[0.2-False-False-0.004166666666666667-20.0-0.0-spins3-100.0-0.0-300.0-0.0-brakes3-loads3]
tests/test_tire_drivetrain.py::test_shared_energy_momentum_steering_and_braking[0.2-False-False-0.004166666666666667-20.0-0.0-spins4-250.0-120.0-300.0-12.0-brakes4-loads4]
tests/test_tire_drivetrain.py::test_shared_energy_momentum_steering_and_braking[0.2-False-False-0.004166666666666667-20.0-20.0-spins5-800.0-150.0-0.0-12.0-brakes5-loads5]
tests/test_tire_drivetrain.py::test_shared_energy_momentum_steering_and_braking[0.2-False-False-0.0010416666666666667--20.0-20.0-spins0-760.0-150.0-300.0-12.0-brakes0-loads0]
tests/test_tire_drivetrain.py::test_shared_energy_momentum_steering_and_braking[0.2-False-False-0.0010416666666666667--20.0-20.0-spins1-500.0-0.0-300.0-12.0-brakes1-loads1]
tests/test_tire_drivetrain.py::test_shared_energy_momentum_steering_and_braking[0.2-False-False-0.0010416666666666667--20.0--12.0-spins2-500.0-120.0-300.0--12.0-brakes2-loads2]
tests/test_tire_drivetrain.py::test_shared_energy_momentum_steering_and_braking[0.2-False-False-0.0010416666666666667--20.0-0.0-spins3-100.0-0.0-300.0-0.0-brakes3-loads3]
tests/test_tire_drivetrain.py::test_shared_energy_momentum_steering_and_braking[0.2-False-False-0.0010416666666666667--20.0-0.0-spins4-250.0-120.0-300.0-12.0-brakes4-loads4]
tests/test_tire_drivetrain.py::test_shared_energy_momentum_steering_and_braking[0.2-False-False-0.0010416666666666667--20.0-20.0-spins5-800.0-150.0-0.0-12.0-brakes5-loads5]
tests/test_tire_drivetrain.py::test_shared_energy_momentum_steering_and_braking[0.2-False-False-0.0010416666666666667-0.0-20.0-spins0-760.0-150.0-300.0-12.0-brakes0-loads0]
tests/test_tire_drivetrain.py::test_shared_energy_momentum_steering_and_braking[0.2-False-False-0.0010416666666666667-0.0-20.0-spins1-500.0-0.0-300.0-12.0-brakes1-loads1]
tests/test_tire_drivetrain.py::test_shared_energy_momentum_steering_and_braking[0.2-False-False-0.0010416666666666667-0.0--12.0-spins2-500.0-120.0-300.0--12.0-brakes2-loads2]
tests/test_tire_drivetrain.py::test_shared_energy_momentum_steering_and_braking[0.2-False-False-0.0010416666666666667-0.0-0.0-spins3-100.0-0.0-300.0-0.0-brakes3-loads3]
tests/test_tire_drivetrain.py::test_shared_energy_momentum_steering_and_braking[0.2-False-False-0.0010416666666666667-0.0-0.0-spins4-250.0-120.0-300.0-12.0-brakes4-loads4]
tests/test_tire_drivetrain.py::test_shared_energy_momentum_steering_and_braking[0.2-False-False-0.0010416666666666667-0.0-20.0-spins5-800.0-150.0-0.0-12.0-brakes5-loads5]
tests/test_tire_drivetrain.py::test_shared_energy_momentum_steering_and_braking[0.2-False-False-0.0010416666666666667-20.0-20.0-spins0-760.0-150.0-300.0-12.0-brakes0-loads0]
tests/test_tire_drivetrain.py::test_shared_energy_momentum_steering_and_braking[0.2-False-False-0.0010416666666666667-20.0-20.0-spins1-500.0-0.0-300.0-12.0-brakes1-loads1]
tests/test_tire_drivetrain.py::test_shared_energy_momentum_steering_and_braking[0.2-False-False-0.0010416666666666667-20.0--12.0-spins2-500.0-120.0-300.0--12.0-brakes2-loads2]
tests/test_tire_drivetrain.py::test_shared_energy_momentum_steering_and_braking[0.2-False-False-0.0010416666666666667-20.0-0.0-spins3-100.0-0.0-300.0-0.0-brakes3-loads3]
tests/test_tire_drivetrain.py::test_shared_energy_momentum_steering_and_braking[0.2-False-False-0.0010416666666666667-20.0-0.0-spins4-250.0-120.0-300.0-12.0-brakes4-loads4]
tests/test_tire_drivetrain.py::test_shared_energy_momentum_steering_and_braking[0.2-False-False-0.0010416666666666667-20.0-20.0-spins5-800.0-150.0-0.0-12.0-brakes5-loads5]
tests/test_tire_drivetrain.py::test_shared_energy_momentum_steering_and_braking[0.2-True-True-0.004166666666666667--20.0-20.0-spins0-760.0-150.0-300.0-12.0-brakes0-loads0]
tests/test_tire_drivetrain.py::test_shared_energy_momentum_steering_and_braking[0.2-True-True-0.004166666666666667--20.0-20.0-spins1-500.0-0.0-300.0-12.0-brakes1-loads1]
tests/test_tire_drivetrain.py::test_shared_energy_momentum_steering_and_braking[0.2-True-True-0.004166666666666667--20.0--12.0-spins2-500.0-120.0-300.0--12.0-brakes2-loads2]
tests/test_tire_drivetrain.py::test_shared_energy_momentum_steering_and_braking[0.2-True-True-0.004166666666666667--20.0-0.0-spins3-100.0-0.0-300.0-0.0-brakes3-loads3]
tests/test_tire_drivetrain.py::test_shared_energy_momentum_steering_and_braking[0.2-True-True-0.004166666666666667--20.0-0.0-spins4-250.0-120.0-300.0-12.0-brakes4-loads4]
tests/test_tire_drivetrain.py::test_shared_energy_momentum_steering_and_braking[0.2-True-True-0.004166666666666667--20.0-20.0-spins5-800.0-150.0-0.0-12.0-brakes5-loads5]
tests/test_tire_drivetrain.py::test_shared_energy_momentum_steering_and_braking[0.2-True-True-0.004166666666666667-0.0-20.0-spins0-760.0-150.0-300.0-12.0-brakes0-loads0]
tests/test_tire_drivetrain.py::test_shared_energy_momentum_steering_and_braking[0.2-True-True-0.004166666666666667-0.0-20.0-spins1-500.0-0.0-300.0-12.0-brakes1-loads1]
tests/test_tire_drivetrain.py::test_shared_energy_momentum_steering_and_braking[0.2-True-True-0.004166666666666667-0.0--12.0-spins2-500.0-120.0-300.0--12.0-brakes2-loads2]
tests/test_tire_drivetrain.py::test_shared_energy_momentum_steering_and_braking[0.2-True-True-0.004166666666666667-0.0-0.0-spins3-100.0-0.0-300.0-0.0-brakes3-loads3]
tests/test_tire_drivetrain.py::test_shared_energy_momentum_steering_and_braking[0.2-True-True-0.004166666666666667-0.0-0.0-spins4-250.0-120.0-300.0-12.0-brakes4-loads4]
tests/test_tire_drivetrain.py::test_shared_energy_momentum_steering_and_braking[0.2-True-True-0.004166666666666667-0.0-20.0-spins5-800.0-150.0-0.0-12.0-brakes5-loads5]
tests/test_tire_drivetrain.py::test_shared_energy_momentum_steering_and_braking[0.2-True-True-0.004166666666666667-20.0-20.0-spins0-760.0-150.0-300.0-12.0-brakes0-loads0]
tests/test_tire_drivetrain.py::test_shared_energy_momentum_steering_and_braking[0.2-True-True-0.004166666666666667-20.0-20.0-spins1-500.0-0.0-300.0-12.0-brakes1-loads1]
tests/test_tire_drivetrain.py::test_shared_energy_momentum_steering_and_braking[0.2-True-True-0.004166666666666667-20.0--12.0-spins2-500.0-120.0-300.0--12.0-brakes2-loads2]
tests/test_tire_drivetrain.py::test_shared_energy_momentum_steering_and_braking[0.2-True-True-0.004166666666666667-20.0-0.0-spins3-100.0-0.0-300.0-0.0-brakes3-loads3]
tests/test_tire_drivetrain.py::test_shared_energy_momentum_steering_and_braking[0.2-True-True-0.004166666666666667-20.0-0.0-spins4-250.0-120.0-300.0-12.0-brakes4-loads4]
tests/test_tire_drivetrain.py::test_shared_energy_momentum_steering_and_braking[0.2-True-True-0.004166666666666667-20.0-20.0-spins5-800.0-150.0-0.0-12.0-brakes5-loads5]
tests/test_tire_drivetrain.py::test_shared_energy_momentum_steering_and_braking[0.2-True-True-0.0010416666666666667--20.0-20.0-spins0-760.0-150.0-300.0-12.0-brakes0-loads0]
tests/test_tire_drivetrain.py::test_shared_energy_momentum_steering_and_braking[0.2-True-True-0.0010416666666666667--20.0-20.0-spins1-500.0-0.0-300.0-12.0-brakes1-loads1]
tests/test_tire_drivetrain.py::test_shared_energy_momentum_steering_and_braking[0.2-True-True-0.0010416666666666667--20.0--12.0-spins2-500.0-120.0-300.0--12.0-brakes2-loads2]
tests/test_tire_drivetrain.py::test_shared_energy_momentum_steering_and_braking[0.2-True-True-0.0010416666666666667--20.0-0.0-spins3-100.0-0.0-300.0-0.0-brakes3-loads3]
tests/test_tire_drivetrain.py::test_shared_energy_momentum_steering_and_braking[0.2-True-True-0.0010416666666666667--20.0-0.0-spins4-250.0-120.0-300.0-12.0-brakes4-loads4]
tests/test_tire_drivetrain.py::test_shared_energy_momentum_steering_and_braking[0.2-True-True-0.0010416666666666667--20.0-20.0-spins5-800.0-150.0-0.0-12.0-brakes5-loads5]
tests/test_tire_drivetrain.py::test_shared_energy_momentum_steering_and_braking[0.2-True-True-0.0010416666666666667-0.0-20.0-spins0-760.0-150.0-300.0-12.0-brakes0-loads0]
tests/test_tire_drivetrain.py::test_shared_energy_momentum_steering_and_braking[0.2-True-True-0.0010416666666666667-0.0-20.0-spins1-500.0-0.0-300.0-12.0-brakes1-loads1]
tests/test_tire_drivetrain.py::test_shared_energy_momentum_steering_and_braking[0.2-True-True-0.0010416666666666667-0.0--12.0-spins2-500.0-120.0-300.0--12.0-brakes2-loads2]
tests/test_tire_drivetrain.py::test_shared_energy_momentum_steering_and_braking[0.2-True-True-0.0010416666666666667-0.0-0.0-spins3-100.0-0.0-300.0-0.0-brakes3-loads3]
tests/test_tire_drivetrain.py::test_shared_energy_momentum_steering_and_braking[0.2-True-True-0.0010416666666666667-0.0-0.0-spins4-250.0-120.0-300.0-12.0-brakes4-loads4]
tests/test_tire_drivetrain.py::test_shared_energy_momentum_steering_and_braking[0.2-True-True-0.0010416666666666667-0.0-20.0-spins5-800.0-150.0-0.0-12.0-brakes5-loads5]
tests/test_tire_drivetrain.py::test_shared_energy_momentum_steering_and_braking[0.2-True-True-0.0010416666666666667-20.0-20.0-spins0-760.0-150.0-300.0-12.0-brakes0-loads0]
tests/test_tire_drivetrain.py::test_shared_energy_momentum_steering_and_braking[0.2-True-True-0.0010416666666666667-20.0-20.0-spins1-500.0-0.0-300.0-12.0-brakes1-loads1]
tests/test_tire_drivetrain.py::test_shared_energy_momentum_steering_and_braking[0.2-True-True-0.0010416666666666667-20.0--12.0-spins2-500.0-120.0-300.0--12.0-brakes2-loads2]
tests/test_tire_drivetrain.py::test_shared_energy_momentum_steering_and_braking[0.2-True-True-0.0010416666666666667-20.0-0.0-spins3-100.0-0.0-300.0-0.0-brakes3-loads3]
tests/test_tire_drivetrain.py::test_shared_energy_momentum_steering_and_braking[0.2-True-True-0.0010416666666666667-20.0-0.0-spins4-250.0-120.0-300.0-12.0-brakes4-loads4]
tests/test_tire_drivetrain.py::test_shared_energy_momentum_steering_and_braking[0.2-True-True-0.0010416666666666667-20.0-20.0-spins5-800.0-150.0-0.0-12.0-brakes5-loads5]
tests/test_tire_drivetrain.py::test_shared_energy_momentum_steering_and_braking[0.2-True-False-0.004166666666666667--20.0-20.0-spins0-760.0-150.0-300.0-12.0-brakes0-loads0]
tests/test_tire_drivetrain.py::test_shared_energy_momentum_steering_and_braking[0.2-True-False-0.004166666666666667--20.0-20.0-spins1-500.0-0.0-300.0-12.0-brakes1-loads1]
tests/test_tire_drivetrain.py::test_shared_energy_momentum_steering_and_braking[0.2-True-False-0.004166666666666667--20.0--12.0-spins2-500.0-120.0-300.0--12.0-brakes2-loads2]
tests/test_tire_drivetrain.py::test_shared_energy_momentum_steering_and_braking[0.2-True-False-0.004166666666666667--20.0-0.0-spins3-100.0-0.0-300.0-0.0-brakes3-loads3]
tests/test_tire_drivetrain.py::test_shared_energy_momentum_steering_and_braking[0.2-True-False-0.004166666666666667--20.0-0.0-spins4-250.0-120.0-300.0-12.0-brakes4-loads4]
tests/test_tire_drivetrain.py::test_shared_energy_momentum_steering_and_braking[0.2-True-False-0.004166666666666667--20.0-20.0-spins5-800.0-150.0-0.0-12.0-brakes5-loads5]
tests/test_tire_drivetrain.py::test_shared_energy_momentum_steering_and_braking[0.2-True-False-0.004166666666666667-0.0-20.0-spins0-760.0-150.0-300.0-12.0-brakes0-loads0]
tests/test_tire_drivetrain.py::test_shared_energy_momentum_steering_and_braking[0.2-True-False-0.004166666666666667-0.0-20.0-spins1-500.0-0.0-300.0-12.0-brakes1-loads1]
tests/test_tire_drivetrain.py::test_shared_energy_momentum_steering_and_braking[0.2-True-False-0.004166666666666667-0.0--12.0-spins2-500.0-120.0-300.0--12.0-brakes2-loads2]
tests/test_tire_drivetrain.py::test_shared_energy_momentum_steering_and_braking[0.2-True-False-0.004166666666666667-0.0-0.0-spins3-100.0-0.0-300.0-0.0-brakes3-loads3]
tests/test_tire_drivetrain.py::test_shared_energy_momentum_steering_and_braking[0.2-True-False-0.004166666666666667-0.0-0.0-spins4-250.0-120.0-300.0-12.0-brakes4-loads4]
tests/test_tire_drivetrain.py::test_shared_energy_momentum_steering_and_braking[0.2-True-False-0.004166666666666667-0.0-20.0-spins5-800.0-150.0-0.0-12.0-brakes5-loads5]
tests/test_tire_drivetrain.py::test_shared_energy_momentum_steering_and_braking[0.2-True-False-0.004166666666666667-20.0-20.0-spins0-760.0-150.0-300.0-12.0-brakes0-loads0]
tests/test_tire_drivetrain.py::test_shared_energy_momentum_steering_and_braking[0.2-True-False-0.004166666666666667-20.0-20.0-spins1-500.0-0.0-300.0-12.0-brakes1-loads1]
tests/test_tire_drivetrain.py::test_shared_energy_momentum_steering_and_braking[0.2-True-False-0.004166666666666667-20.0--12.0-spins2-500.0-120.0-300.0--12.0-brakes2-loads2]
tests/test_tire_drivetrain.py::test_shared_energy_momentum_steering_and_braking[0.2-True-False-0.004166666666666667-20.0-0.0-spins3-100.0-0.0-300.0-0.0-brakes3-loads3]
tests/test_tire_drivetrain.py::test_shared_energy_momentum_steering_and_braking[0.2-True-False-0.004166666666666667-20.0-0.0-spins4-250.0-120.0-300.0-12.0-brakes4-loads4]
tests/test_tire_drivetrain.py::test_shared_energy_momentum_steering_and_braking[0.2-True-False-0.004166666666666667-20.0-20.0-spins5-800.0-150.0-0.0-12.0-brakes5-loads5]
tests/test_tire_drivetrain.py::test_shared_energy_momentum_steering_and_braking[0.2-True-False-0.0010416666666666667--20.0-20.0-spins0-760.0-150.0-300.0-12.0-brakes0-loads0]
tests/test_tire_drivetrain.py::test_shared_energy_momentum_steering_and_braking[0.2-True-False-0.0010416666666666667--20.0-20.0-spins1-500.0-0.0-300.0-12.0-brakes1-loads1]
tests/test_tire_drivetrain.py::test_shared_energy_momentum_steering_and_braking[0.2-True-False-0.0010416666666666667--20.0--12.0-spins2-500.0-120.0-300.0--12.0-brakes2-loads2]
tests/test_tire_drivetrain.py::test_shared_energy_momentum_steering_and_braking[0.2-True-False-0.0010416666666666667--20.0-0.0-spins3-100.0-0.0-300.0-0.0-brakes3-loads3]
tests/test_tire_drivetrain.py::test_shared_energy_momentum_steering_and_braking[0.2-True-False-0.0010416666666666667--20.0-0.0-spins4-250.0-120.0-300.0-12.0-brakes4-loads4]
tests/test_tire_drivetrain.py::test_shared_energy_momentum_steering_and_braking[0.2-True-False-0.0010416666666666667--20.0-20.0-spins5-800.0-150.0-0.0-12.0-brakes5-loads5]
tests/test_tire_drivetrain.py::test_shared_energy_momentum_steering_and_braking[0.2-True-False-0.0010416666666666667-0.0-20.0-spins0-760.0-150.0-300.0-12.0-brakes0-loads0]
tests/test_tire_drivetrain.py::test_shared_energy_momentum_steering_and_braking[0.2-True-False-0.0010416666666666667-0.0-20.0-spins1-500.0-0.0-300.0-12.0-brakes1-loads1]
tests/test_tire_drivetrain.py::test_shared_energy_momentum_steering_and_braking[0.2-True-False-0.0010416666666666667-0.0--12.0-spins2-500.0-120.0-300.0--12.0-brakes2-loads2]
tests/test_tire_drivetrain.py::test_shared_energy_momentum_steering_and_braking[0.2-True-False-0.0010416666666666667-0.0-0.0-spins3-100.0-0.0-300.0-0.0-brakes3-loads3]
tests/test_tire_drivetrain.py::test_shared_energy_momentum_steering_and_braking[0.2-True-False-0.0010416666666666667-0.0-0.0-spins4-250.0-120.0-300.0-12.0-brakes4-loads4]
tests/test_tire_drivetrain.py::test_shared_energy_momentum_steering_and_braking[0.2-True-False-0.0010416666666666667-0.0-20.0-spins5-800.0-150.0-0.0-12.0-brakes5-loads5]
tests/test_tire_drivetrain.py::test_shared_energy_momentum_steering_and_braking[0.2-True-False-0.0010416666666666667-20.0-20.0-spins0-760.0-150.0-300.0-12.0-brakes0-loads0]
tests/test_tire_drivetrain.py::test_shared_energy_momentum_steering_and_braking[0.2-True-False-0.0010416666666666667-20.0-20.0-spins1-500.0-0.0-300.0-12.0-brakes1-loads1]
tests/test_tire_drivetrain.py::test_shared_energy_momentum_steering_and_braking[0.2-True-False-0.0010416666666666667-20.0--12.0-spins2-500.0-120.0-300.0--12.0-brakes2-loads2]
tests/test_tire_drivetrain.py::test_shared_energy_momentum_steering_and_braking[0.2-True-False-0.0010416666666666667-20.0-0.0-spins3-100.0-0.0-300.0-0.0-brakes3-loads3]
tests/test_tire_drivetrain.py::test_shared_energy_momentum_steering_and_braking[0.2-True-False-0.0010416666666666667-20.0-0.0-spins4-250.0-120.0-300.0-12.0-brakes4-loads4]
tests/test_tire_drivetrain.py::test_shared_energy_momentum_steering_and_braking[0.2-True-False-0.0010416666666666667-20.0-20.0-spins5-800.0-150.0-0.0-12.0-brakes5-loads5]
tests/test_tire_drivetrain.py::test_neutral_free_engine_does_not_lock_to_a_stationary_input_shaft[True]
tests/test_tire_drivetrain.py::test_neutral_free_engine_does_not_lock_to_a_stationary_input_shaft[False]
tests/test_tire_drivetrain.py::test_independent_body_balance_detects_missing_engine_reaction_or_gyro[reaction]
tests/test_tire_drivetrain.py::test_independent_body_balance_detects_missing_engine_reaction_or_gyro[gyro]
tests/test_tire_drivetrain.py::test_open_differential_outputs_equal_torque_without_forcing_equal_wheel_speed[True]
tests/test_tire_drivetrain.py::test_open_differential_outputs_equal_torque_without_forcing_equal_wheel_speed[False]
tests/test_tire_drivetrain.py::test_force_warm_initial_preserves_physical_solution[-12.0-True]
tests/test_tire_drivetrain.py::test_force_warm_initial_preserves_physical_solution[-12.0-False]
tests/test_tire_drivetrain.py::test_force_warm_initial_preserves_physical_solution[0.0-True]
tests/test_tire_drivetrain.py::test_force_warm_initial_preserves_physical_solution[0.0-False]
tests/test_tire_drivetrain.py::test_force_warm_initial_preserves_physical_solution[12.0-True]
tests/test_tire_drivetrain.py::test_force_warm_initial_preserves_physical_solution[12.0-False]
tests/test_tire_drivetrain.py::test_full_world_tensor_and_engine_axis_rotation_covariance[True]
tests/test_tire_drivetrain.py::test_full_world_tensor_and_engine_axis_rotation_covariance[False]
tests/test_tire_forces.py::test_small_slips_have_configured_longitudinal_and_lateral_stiffness
tests/test_tire_forces.py::test_slip_state_uses_signed_forward_and_reverse_wheel_slip
tests/test_tire_forces.py::test_lateral_force_opposes_lateral_velocity
tests/test_tire_forces.py::test_combined_slip_respects_budget_and_reduces_longitudinal_share
tests/test_tire_forces.py::test_force_is_centrally_symmetric
tests/test_tire_forces.py::test_zero_normal_load_produces_no_force
tests/test_tire_forces.py::test_locked_wheel_slip_is_past_the_braking_force_peak
tests/test_tire_jacobian.py::test_contact_target_derivative_matches_independent_difference[20.0-gradient0-True-3000.0-slip0-force0-previous0]
tests/test_tire_jacobian.py::test_contact_target_derivative_matches_independent_difference[20.0-gradient0-True-3000.0-slip1-force1-previous1]
tests/test_tire_jacobian.py::test_contact_target_derivative_matches_independent_difference[20.0-gradient0-True-500.0-slip2-force2-previous2]
tests/test_tire_jacobian.py::test_contact_target_derivative_matches_independent_difference[20.0-gradient0-True-3000.0-slip3-force3-previous3]
tests/test_tire_jacobian.py::test_contact_target_derivative_matches_independent_difference[20.0-gradient0-True-0.0-slip4-force4-previous4]
tests/test_tire_jacobian.py::test_contact_target_derivative_matches_independent_difference[20.0-gradient0-False-3000.0-slip5-force5-previous5]
tests/test_tire_jacobian.py::test_contact_target_derivative_matches_independent_difference[20.0-gradient0-False-500.0-slip6-force6-previous6]
tests/test_tire_jacobian.py::test_contact_target_derivative_matches_independent_difference[20.0-gradient0-False-0.0-slip7-force7-previous7]
tests/test_tire_jacobian.py::test_contact_target_derivative_matches_independent_difference[1.0-gradient1-True-3000.0-slip0-force0-previous0]
tests/test_tire_jacobian.py::test_contact_target_derivative_matches_independent_difference[1.0-gradient1-True-3000.0-slip1-force1-previous1]
tests/test_tire_jacobian.py::test_contact_target_derivative_matches_independent_difference[1.0-gradient1-True-500.0-slip2-force2-previous2]
tests/test_tire_jacobian.py::test_contact_target_derivative_matches_independent_difference[1.0-gradient1-True-3000.0-slip3-force3-previous3]
tests/test_tire_jacobian.py::test_contact_target_derivative_matches_independent_difference[1.0-gradient1-True-0.0-slip4-force4-previous4]
tests/test_tire_jacobian.py::test_contact_target_derivative_matches_independent_difference[1.0-gradient1-False-3000.0-slip5-force5-previous5]
tests/test_tire_jacobian.py::test_contact_target_derivative_matches_independent_difference[1.0-gradient1-False-500.0-slip6-force6-previous6]
tests/test_tire_jacobian.py::test_contact_target_derivative_matches_independent_difference[1.0-gradient1-False-0.0-slip7-force7-previous7]
tests/test_tire_jacobian.py::test_full_force_residual_derivative_includes_brake_and_speed_denominator[60.0-20.0-0.8-120.0-0.0-2943.0]
tests/test_tire_jacobian.py::test_full_force_residual_derivative_includes_brake_and_speed_denominator[-25.0--8.0-0.4--100.0-80.0-2943.0]
tests/test_tire_jacobian.py::test_full_force_residual_derivative_includes_brake_and_speed_denominator[0.0-0.0-0.0-40.0-200.0-2943.0]
tests/test_tire_jacobian.py::test_full_force_residual_derivative_includes_brake_and_speed_denominator[0.0-0.0-0.3-40.0-2.0-2943.0]
tests/test_tire_jacobian.py::test_full_force_residual_derivative_includes_brake_and_speed_denominator[0.1-0.4-0.05-10.0-0.0-2943.0]
tests/test_tire_jacobian.py::test_full_force_residual_derivative_includes_brake_and_speed_denominator[10.0-3.0-0.2-0.0-100.0-0.0]
tests/test_tire_load_config.py::test_modes_preserve_load_exponents_through_electronics_and_saved_selection[DrivingMode.GAME]
tests/test_tire_load_config.py::test_modes_preserve_load_exponents_through_electronics_and_saved_selection[DrivingMode.SIMULATION]
tests/test_tire_load_config.py::test_custom_load_exponents_json_and_reset_use_same_config[False]
tests/test_tire_load_config.py::test_custom_load_exponents_json_and_reset_use_same_config[True]
tests/test_tire_load_config.py::test_load_exponent_json_errors_remain_explicit
tests/test_tire_load_probe.py::test_pair_changes_only_three_load_exponents[asphalt-brake-game]
tests/test_tire_load_probe.py::test_pair_changes_only_three_load_exponents[asphalt-brake-simulation]
tests/test_tire_load_probe.py::test_pair_changes_only_three_load_exponents[low-mu-brake-game]
tests/test_tire_load_probe.py::test_pair_changes_only_three_load_exponents[low-mu-brake-simulation]
tests/test_tire_load_probe.py::test_pair_changes_only_three_load_exponents[split-mu-brake-game]
tests/test_tire_load_probe.py::test_pair_changes_only_three_load_exponents[split-mu-brake-simulation]
tests/test_tire_load_probe.py::test_pair_changes_only_three_load_exponents[corner-brake-game]
tests/test_tire_load_probe.py::test_pair_changes_only_three_load_exponents[corner-brake-simulation]
tests/test_tire_load_probe.py::test_pair_changes_only_three_load_exponents[steering-step-game]
tests/test_tire_load_probe.py::test_pair_changes_only_three_load_exponents[steering-step-simulation]
tests/test_tire_load_probe.py::test_pair_changes_only_three_load_exponents[steering-saturation-game]
tests/test_tire_load_probe.py::test_pair_changes_only_three_load_exponents[steering-saturation-simulation]
tests/test_tire_load_probe.py::test_pair_changes_only_three_load_exponents[reverse-game]
tests/test_tire_load_probe.py::test_pair_changes_only_three_load_exponents[reverse-simulation]
tests/test_tire_load_probe.py::test_pair_changes_only_three_load_exponents[airborne-recontact-game]
tests/test_tire_load_probe.py::test_pair_changes_only_three_load_exponents[airborne-recontact-simulation]
tests/test_tire_load_probe.py::test_pair_changes_only_three_load_exponents[coast-disturbance-game]
tests/test_tire_load_probe.py::test_pair_changes_only_three_load_exponents[coast-disturbance-simulation]
tests/test_tire_load_probe.py::test_pair_changes_only_three_load_exponents[acceleration-game]
tests/test_tire_load_probe.py::test_pair_changes_only_three_load_exponents[acceleration-simulation]
tests/test_tire_load_probe.py::test_pair_changes_only_three_load_exponents[constant-turn-game]
tests/test_tire_load_probe.py::test_pair_changes_only_three_load_exponents[constant-turn-simulation]
tests/test_tire_load_probe.py::test_load_cases_extend_without_changing_esc_matrix
tests/test_tire_load_probe.py::test_real_pair_retains_same_inputs_and_actual_load_feedback[acceleration]
tests/test_tire_load_probe.py::test_real_pair_retains_same_inputs_and_actual_load_feedback[constant-turn]
tests/test_tire_load_probe.py::test_matrix_compresses_every_tick_and_refuses_overwrite
tests/test_tire_load_probe.py::test_failure_and_not_run_account_preserved
tests/test_tire_load_probe.py::test_explicit_override_rejects_esc_label_conflict
tests/test_tire_load_probe.py::test_acceleration_initial_rest_is_not_a_braking_stop
tests/test_tire_load_probe.py::test_braking_stop_still_records_first_low_speed_tick
tests/test_tire_loads.py::test_force_budget_symmetry_and_loaded_small_slip_slope[0.01]
tests/test_tire_loads.py::test_force_budget_symmetry_and_loaded_small_slip_slope[0.5]
tests/test_tire_loads.py::test_force_budget_symmetry_and_loaded_small_slip_slope[1]
tests/test_tire_loads.py::test_force_budget_symmetry_and_loaded_small_slip_slope[1.5]
tests/test_tire_loads.py::test_force_budget_symmetry_and_loaded_small_slip_slope[2]
tests/test_tire_loads.py::test_force_budget_symmetry_and_loaded_small_slip_slope[2.038735983690112]
tests/test_tire_loads.py::test_load_transfer_reduces_capacity_at_fixed_total_axle_load
tests/test_tire_loads.py::test_nominal_curve_and_linear_disable_preserve_frozen_forces[0.45]
tests/test_tire_loads.py::test_nominal_curve_and_linear_disable_preserve_frozen_forces[1.1]
tests/test_tire_loads.py::test_no_support_or_friction_has_no_tangent_force
tests/test_tire_warm_start.py::test_force_solver_accepts_initial_force_without_changing_solution
tests/test_tire_warm_start.py::test_warm_and_zero_force_initials_reach_same_wheel_solution[airborne]
tests/test_tire_warm_start.py::test_warm_and_zero_force_initials_reach_same_wheel_solution[static-drive]
tests/test_tire_warm_start.py::test_warm_and_zero_force_initials_reach_same_wheel_solution[forward-sliding]
tests/test_tire_warm_start.py::test_warm_and_zero_force_initials_reach_same_wheel_solution[reverse-braking]
tests/test_tire_warm_start.py::test_rigid_wheel_branch_ignores_force_initial_and_keeps_default_solution
tests/test_traction_lifecycle.py::test_tcs_choice_persists_and_rebuilds_player_and_traffic_from_same_config
tests/test_traction_lifecycle.py::test_player_reset_and_npc_recycle_clear_tcs_controller_memory
tests/test_traction_lifecycle.py::test_mode_abs_tcs_variants_get_distinct_score_keys
tests/test_traction_lifecycle.py::test_store_reads_old_abs_only_file_and_reports_invalid_tcs
tests/test_traffic_behavior.py::test_diagonal_intrusion_is_seen_before_lane_overlap_with_reaction_delay
tests/test_traffic_behavior.py::test_side_yield_does_not_swerve_into_another_car
tests/test_traffic_behavior.py::test_fast_follower_prompts_safe_yield_but_not_into_an_occupied_lane
tests/test_traffic_behavior.py::test_cruising_returns_right_after_a_clear_interval
tests/test_traffic_behavior.py::test_pace_changes_are_visible_but_bounded_and_repeatable
tests/test_traffic_behavior.py::test_world_velocity_distinguishes_oncoming_and_sliding_cars
tests/test_traffic_gap_diagnostic.py::test_measure_counts_only_active_cars_in_road_frame
tests/test_traffic_gap_diagnostic.py::test_sparse_interval_uses_both_sides_and_retains_events
tests/test_traffic_impacts.py::test_side_impact_is_resolved_by_physics
tests/test_traffic_impacts.py::test_blocked_reset_leaves_player_and_race_untouched
tests/test_traffic_recovery.py::test_recovery_waits_for_nearby_and_approaching_traffic
tests/test_traffic_recovery.py::test_unrecoverable_pose_waits_instead_of_forcing_through_barrier[car0]
tests/test_traffic_recovery.py::test_unrecoverable_pose_waits_instead_of_forcing_through_barrier[car1]
tests/test_traffic_recovery.py::test_unrecoverable_pose_waits_instead_of_forcing_through_barrier[car2]
tests/test_traffic_recovery.py::test_displaced_car_returns_with_physical_controls[straight-90]
tests/test_traffic_recovery.py::test_displaced_car_returns_with_physical_controls[hills--60]
tests/test_transmission_ports.py::test_three_ports_recover_all_directed_physical_modes[-1-0.004166666666666667-0.88--1--1--1]
tests/test_transmission_ports.py::test_three_ports_recover_all_directed_physical_modes[-1-0.004166666666666667-0.88--1--1-0]
tests/test_transmission_ports.py::test_three_ports_recover_all_directed_physical_modes[-1-0.004166666666666667-0.88--1--1-1]
tests/test_transmission_ports.py::test_three_ports_recover_all_directed_physical_modes[-1-0.004166666666666667-0.88--1-0--1]
tests/test_transmission_ports.py::test_three_ports_recover_all_directed_physical_modes[-1-0.004166666666666667-0.88--1-0-0]
tests/test_transmission_ports.py::test_three_ports_recover_all_directed_physical_modes[-1-0.004166666666666667-0.88--1-0-1]
tests/test_transmission_ports.py::test_three_ports_recover_all_directed_physical_modes[-1-0.004166666666666667-0.88--1-1--1]
tests/test_transmission_ports.py::test_three_ports_recover_all_directed_physical_modes[-1-0.004166666666666667-0.88--1-1-0]
tests/test_transmission_ports.py::test_three_ports_recover_all_directed_physical_modes[-1-0.004166666666666667-0.88--1-1-1]
tests/test_transmission_ports.py::test_three_ports_recover_all_directed_physical_modes[-1-0.004166666666666667-0.88-0--1--1]
tests/test_transmission_ports.py::test_three_ports_recover_all_directed_physical_modes[-1-0.004166666666666667-0.88-0--1-0]
tests/test_transmission_ports.py::test_three_ports_recover_all_directed_physical_modes[-1-0.004166666666666667-0.88-0--1-1]
tests/test_transmission_ports.py::test_three_ports_recover_all_directed_physical_modes[-1-0.004166666666666667-0.88-0-0--1]
tests/test_transmission_ports.py::test_three_ports_recover_all_directed_physical_modes[-1-0.004166666666666667-0.88-0-0-0]
tests/test_transmission_ports.py::test_three_ports_recover_all_directed_physical_modes[-1-0.004166666666666667-0.88-0-0-1]
tests/test_transmission_ports.py::test_three_ports_recover_all_directed_physical_modes[-1-0.004166666666666667-0.88-0-1--1]
tests/test_transmission_ports.py::test_three_ports_recover_all_directed_physical_modes[-1-0.004166666666666667-0.88-0-1-0]
tests/test_transmission_ports.py::test_three_ports_recover_all_directed_physical_modes[-1-0.004166666666666667-0.88-0-1-1]
tests/test_transmission_ports.py::test_three_ports_recover_all_directed_physical_modes[-1-0.004166666666666667-0.88-1--1--1]
tests/test_transmission_ports.py::test_three_ports_recover_all_directed_physical_modes[-1-0.004166666666666667-0.88-1--1-0]
tests/test_transmission_ports.py::test_three_ports_recover_all_directed_physical_modes[-1-0.004166666666666667-0.88-1--1-1]
tests/test_transmission_ports.py::test_three_ports_recover_all_directed_physical_modes[-1-0.004166666666666667-0.88-1-0--1]
tests/test_transmission_ports.py::test_three_ports_recover_all_directed_physical_modes[-1-0.004166666666666667-0.88-1-0-0]
tests/test_transmission_ports.py::test_three_ports_recover_all_directed_physical_modes[-1-0.004166666666666667-0.88-1-0-1]
tests/test_transmission_ports.py::test_three_ports_recover_all_directed_physical_modes[-1-0.004166666666666667-0.88-1-1--1]
tests/test_transmission_ports.py::test_three_ports_recover_all_directed_physical_modes[-1-0.004166666666666667-0.88-1-1-0]
tests/test_transmission_ports.py::test_three_ports_recover_all_directed_physical_modes[-1-0.004166666666666667-0.88-1-1-1]
tests/test_transmission_ports.py::test_three_ports_recover_all_directed_physical_modes[-1-0.004166666666666667-1.0--1--1--1]
tests/test_transmission_ports.py::test_three_ports_recover_all_directed_physical_modes[-1-0.004166666666666667-1.0--1--1-0]
tests/test_transmission_ports.py::test_three_ports_recover_all_directed_physical_modes[-1-0.004166666666666667-1.0--1--1-1]
tests/test_transmission_ports.py::test_three_ports_recover_all_directed_physical_modes[-1-0.004166666666666667-1.0--1-0--1]
tests/test_transmission_ports.py::test_three_ports_recover_all_directed_physical_modes[-1-0.004166666666666667-1.0--1-0-0]
tests/test_transmission_ports.py::test_three_ports_recover_all_directed_physical_modes[-1-0.004166666666666667-1.0--1-0-1]
tests/test_transmission_ports.py::test_three_ports_recover_all_directed_physical_modes[-1-0.004166666666666667-1.0--1-1--1]
tests/test_transmission_ports.py::test_three_ports_recover_all_directed_physical_modes[-1-0.004166666666666667-1.0--1-1-0]
tests/test_transmission_ports.py::test_three_ports_recover_all_directed_physical_modes[-1-0.004166666666666667-1.0--1-1-1]
tests/test_transmission_ports.py::test_three_ports_recover_all_directed_physical_modes[-1-0.004166666666666667-1.0-0--1--1]
tests/test_transmission_ports.py::test_three_ports_recover_all_directed_physical_modes[-1-0.004166666666666667-1.0-0--1-0]
tests/test_transmission_ports.py::test_three_ports_recover_all_directed_physical_modes[-1-0.004166666666666667-1.0-0--1-1]
tests/test_transmission_ports.py::test_three_ports_recover_all_directed_physical_modes[-1-0.004166666666666667-1.0-0-0--1]
tests/test_transmission_ports.py::test_three_ports_recover_all_directed_physical_modes[-1-0.004166666666666667-1.0-0-0-0]
tests/test_transmission_ports.py::test_three_ports_recover_all_directed_physical_modes[-1-0.004166666666666667-1.0-0-0-1]
tests/test_transmission_ports.py::test_three_ports_recover_all_directed_physical_modes[-1-0.004166666666666667-1.0-0-1--1]
tests/test_transmission_ports.py::test_three_ports_recover_all_directed_physical_modes[-1-0.004166666666666667-1.0-0-1-0]
tests/test_transmission_ports.py::test_three_ports_recover_all_directed_physical_modes[-1-0.004166666666666667-1.0-0-1-1]
tests/test_transmission_ports.py::test_three_ports_recover_all_directed_physical_modes[-1-0.004166666666666667-1.0-1--1--1]
tests/test_transmission_ports.py::test_three_ports_recover_all_directed_physical_modes[-1-0.004166666666666667-1.0-1--1-0]
tests/test_transmission_ports.py::test_three_ports_recover_all_directed_physical_modes[-1-0.004166666666666667-1.0-1--1-1]
tests/test_transmission_ports.py::test_three_ports_recover_all_directed_physical_modes[-1-0.004166666666666667-1.0-1-0--1]
tests/test_transmission_ports.py::test_three_ports_recover_all_directed_physical_modes[-1-0.004166666666666667-1.0-1-0-0]
tests/test_transmission_ports.py::test_three_ports_recover_all_directed_physical_modes[-1-0.004166666666666667-1.0-1-0-1]
tests/test_transmission_ports.py::test_three_ports_recover_all_directed_physical_modes[-1-0.004166666666666667-1.0-1-1--1]
tests/test_transmission_ports.py::test_three_ports_recover_all_directed_physical_modes[-1-0.004166666666666667-1.0-1-1-0]
tests/test_transmission_ports.py::test_three_ports_recover_all_directed_physical_modes[-1-0.004166666666666667-1.0-1-1-1]
tests/test_transmission_ports.py::test_three_ports_recover_all_directed_physical_modes[-1-0.0010416666666666667-0.88--1--1--1]
tests/test_transmission_ports.py::test_three_ports_recover_all_directed_physical_modes[-1-0.0010416666666666667-0.88--1--1-0]
tests/test_transmission_ports.py::test_three_ports_recover_all_directed_physical_modes[-1-0.0010416666666666667-0.88--1--1-1]
tests/test_transmission_ports.py::test_three_ports_recover_all_directed_physical_modes[-1-0.0010416666666666667-0.88--1-0--1]
tests/test_transmission_ports.py::test_three_ports_recover_all_directed_physical_modes[-1-0.0010416666666666667-0.88--1-0-0]
tests/test_transmission_ports.py::test_three_ports_recover_all_directed_physical_modes[-1-0.0010416666666666667-0.88--1-0-1]
tests/test_transmission_ports.py::test_three_ports_recover_all_directed_physical_modes[-1-0.0010416666666666667-0.88--1-1--1]
tests/test_transmission_ports.py::test_three_ports_recover_all_directed_physical_modes[-1-0.0010416666666666667-0.88--1-1-0]
tests/test_transmission_ports.py::test_three_ports_recover_all_directed_physical_modes[-1-0.0010416666666666667-0.88--1-1-1]
tests/test_transmission_ports.py::test_three_ports_recover_all_directed_physical_modes[-1-0.0010416666666666667-0.88-0--1--1]
tests/test_transmission_ports.py::test_three_ports_recover_all_directed_physical_modes[-1-0.0010416666666666667-0.88-0--1-0]
tests/test_transmission_ports.py::test_three_ports_recover_all_directed_physical_modes[-1-0.0010416666666666667-0.88-0--1-1]
tests/test_transmission_ports.py::test_three_ports_recover_all_directed_physical_modes[-1-0.0010416666666666667-0.88-0-0--1]
tests/test_transmission_ports.py::test_three_ports_recover_all_directed_physical_modes[-1-0.0010416666666666667-0.88-0-0-0]
tests/test_transmission_ports.py::test_three_ports_recover_all_directed_physical_modes[-1-0.0010416666666666667-0.88-0-0-1]
tests/test_transmission_ports.py::test_three_ports_recover_all_directed_physical_modes[-1-0.0010416666666666667-0.88-0-1--1]
tests/test_transmission_ports.py::test_three_ports_recover_all_directed_physical_modes[-1-0.0010416666666666667-0.88-0-1-0]
tests/test_transmission_ports.py::test_three_ports_recover_all_directed_physical_modes[-1-0.0010416666666666667-0.88-0-1-1]
tests/test_transmission_ports.py::test_three_ports_recover_all_directed_physical_modes[-1-0.0010416666666666667-0.88-1--1--1]
tests/test_transmission_ports.py::test_three_ports_recover_all_directed_physical_modes[-1-0.0010416666666666667-0.88-1--1-0]
tests/test_transmission_ports.py::test_three_ports_recover_all_directed_physical_modes[-1-0.0010416666666666667-0.88-1--1-1]
tests/test_transmission_ports.py::test_three_ports_recover_all_directed_physical_modes[-1-0.0010416666666666667-0.88-1-0--1]
tests/test_transmission_ports.py::test_three_ports_recover_all_directed_physical_modes[-1-0.0010416666666666667-0.88-1-0-0]
tests/test_transmission_ports.py::test_three_ports_recover_all_directed_physical_modes[-1-0.0010416666666666667-0.88-1-0-1]
tests/test_transmission_ports.py::test_three_ports_recover_all_directed_physical_modes[-1-0.0010416666666666667-0.88-1-1--1]
tests/test_transmission_ports.py::test_three_ports_recover_all_directed_physical_modes[-1-0.0010416666666666667-0.88-1-1-0]
tests/test_transmission_ports.py::test_three_ports_recover_all_directed_physical_modes[-1-0.0010416666666666667-0.88-1-1-1]
tests/test_transmission_ports.py::test_three_ports_recover_all_directed_physical_modes[-1-0.0010416666666666667-1.0--1--1--1]
tests/test_transmission_ports.py::test_three_ports_recover_all_directed_physical_modes[-1-0.0010416666666666667-1.0--1--1-0]
tests/test_transmission_ports.py::test_three_ports_recover_all_directed_physical_modes[-1-0.0010416666666666667-1.0--1--1-1]
tests/test_transmission_ports.py::test_three_ports_recover_all_directed_physical_modes[-1-0.0010416666666666667-1.0--1-0--1]
tests/test_transmission_ports.py::test_three_ports_recover_all_directed_physical_modes[-1-0.0010416666666666667-1.0--1-0-0]
tests/test_transmission_ports.py::test_three_ports_recover_all_directed_physical_modes[-1-0.0010416666666666667-1.0--1-0-1]
tests/test_transmission_ports.py::test_three_ports_recover_all_directed_physical_modes[-1-0.0010416666666666667-1.0--1-1--1]
tests/test_transmission_ports.py::test_three_ports_recover_all_directed_physical_modes[-1-0.0010416666666666667-1.0--1-1-0]
tests/test_transmission_ports.py::test_three_ports_recover_all_directed_physical_modes[-1-0.0010416666666666667-1.0--1-1-1]
tests/test_transmission_ports.py::test_three_ports_recover_all_directed_physical_modes[-1-0.0010416666666666667-1.0-0--1--1]
tests/test_transmission_ports.py::test_three_ports_recover_all_directed_physical_modes[-1-0.0010416666666666667-1.0-0--1-0]
tests/test_transmission_ports.py::test_three_ports_recover_all_directed_physical_modes[-1-0.0010416666666666667-1.0-0--1-1]
tests/test_transmission_ports.py::test_three_ports_recover_all_directed_physical_modes[-1-0.0010416666666666667-1.0-0-0--1]
tests/test_transmission_ports.py::test_three_ports_recover_all_directed_physical_modes[-1-0.0010416666666666667-1.0-0-0-0]
tests/test_transmission_ports.py::test_three_ports_recover_all_directed_physical_modes[-1-0.0010416666666666667-1.0-0-0-1]
tests/test_transmission_ports.py::test_three_ports_recover_all_directed_physical_modes[-1-0.0010416666666666667-1.0-0-1--1]
tests/test_transmission_ports.py::test_three_ports_recover_all_directed_physical_modes[-1-0.0010416666666666667-1.0-0-1-0]
tests/test_transmission_ports.py::test_three_ports_recover_all_directed_physical_modes[-1-0.0010416666666666667-1.0-0-1-1]
tests/test_transmission_ports.py::test_three_ports_recover_all_directed_physical_modes[-1-0.0010416666666666667-1.0-1--1--1]
tests/test_transmission_ports.py::test_three_ports_recover_all_directed_physical_modes[-1-0.0010416666666666667-1.0-1--1-0]
tests/test_transmission_ports.py::test_three_ports_recover_all_directed_physical_modes[-1-0.0010416666666666667-1.0-1--1-1]
tests/test_transmission_ports.py::test_three_ports_recover_all_directed_physical_modes[-1-0.0010416666666666667-1.0-1-0--1]
tests/test_transmission_ports.py::test_three_ports_recover_all_directed_physical_modes[-1-0.0010416666666666667-1.0-1-0-0]
tests/test_transmission_ports.py::test_three_ports_recover_all_directed_physical_modes[-1-0.0010416666666666667-1.0-1-0-1]
tests/test_transmission_ports.py::test_three_ports_recover_all_directed_physical_modes[-1-0.0010416666666666667-1.0-1-1--1]
tests/test_transmission_ports.py::test_three_ports_recover_all_directed_physical_modes[-1-0.0010416666666666667-1.0-1-1-0]
tests/test_transmission_ports.py::test_three_ports_recover_all_directed_physical_modes[-1-0.0010416666666666667-1.0-1-1-1]
tests/test_transmission_ports.py::test_three_ports_recover_all_directed_physical_modes[1-0.004166666666666667-0.88--1--1--1]
tests/test_transmission_ports.py::test_three_ports_recover_all_directed_physical_modes[1-0.004166666666666667-0.88--1--1-0]
tests/test_transmission_ports.py::test_three_ports_recover_all_directed_physical_modes[1-0.004166666666666667-0.88--1--1-1]
tests/test_transmission_ports.py::test_three_ports_recover_all_directed_physical_modes[1-0.004166666666666667-0.88--1-0--1]
tests/test_transmission_ports.py::test_three_ports_recover_all_directed_physical_modes[1-0.004166666666666667-0.88--1-0-0]
tests/test_transmission_ports.py::test_three_ports_recover_all_directed_physical_modes[1-0.004166666666666667-0.88--1-0-1]
tests/test_transmission_ports.py::test_three_ports_recover_all_directed_physical_modes[1-0.004166666666666667-0.88--1-1--1]
tests/test_transmission_ports.py::test_three_ports_recover_all_directed_physical_modes[1-0.004166666666666667-0.88--1-1-0]
tests/test_transmission_ports.py::test_three_ports_recover_all_directed_physical_modes[1-0.004166666666666667-0.88--1-1-1]
tests/test_transmission_ports.py::test_three_ports_recover_all_directed_physical_modes[1-0.004166666666666667-0.88-0--1--1]
tests/test_transmission_ports.py::test_three_ports_recover_all_directed_physical_modes[1-0.004166666666666667-0.88-0--1-0]
tests/test_transmission_ports.py::test_three_ports_recover_all_directed_physical_modes[1-0.004166666666666667-0.88-0--1-1]
tests/test_transmission_ports.py::test_three_ports_recover_all_directed_physical_modes[1-0.004166666666666667-0.88-0-0--1]
tests/test_transmission_ports.py::test_three_ports_recover_all_directed_physical_modes[1-0.004166666666666667-0.88-0-0-0]
tests/test_transmission_ports.py::test_three_ports_recover_all_directed_physical_modes[1-0.004166666666666667-0.88-0-0-1]
tests/test_transmission_ports.py::test_three_ports_recover_all_directed_physical_modes[1-0.004166666666666667-0.88-0-1--1]
tests/test_transmission_ports.py::test_three_ports_recover_all_directed_physical_modes[1-0.004166666666666667-0.88-0-1-0]
tests/test_transmission_ports.py::test_three_ports_recover_all_directed_physical_modes[1-0.004166666666666667-0.88-0-1-1]
tests/test_transmission_ports.py::test_three_ports_recover_all_directed_physical_modes[1-0.004166666666666667-0.88-1--1--1]
tests/test_transmission_ports.py::test_three_ports_recover_all_directed_physical_modes[1-0.004166666666666667-0.88-1--1-0]
tests/test_transmission_ports.py::test_three_ports_recover_all_directed_physical_modes[1-0.004166666666666667-0.88-1--1-1]
tests/test_transmission_ports.py::test_three_ports_recover_all_directed_physical_modes[1-0.004166666666666667-0.88-1-0--1]
tests/test_transmission_ports.py::test_three_ports_recover_all_directed_physical_modes[1-0.004166666666666667-0.88-1-0-0]
tests/test_transmission_ports.py::test_three_ports_recover_all_directed_physical_modes[1-0.004166666666666667-0.88-1-0-1]
tests/test_transmission_ports.py::test_three_ports_recover_all_directed_physical_modes[1-0.004166666666666667-0.88-1-1--1]
tests/test_transmission_ports.py::test_three_ports_recover_all_directed_physical_modes[1-0.004166666666666667-0.88-1-1-0]
tests/test_transmission_ports.py::test_three_ports_recover_all_directed_physical_modes[1-0.004166666666666667-0.88-1-1-1]
tests/test_transmission_ports.py::test_three_ports_recover_all_directed_physical_modes[1-0.004166666666666667-1.0--1--1--1]
tests/test_transmission_ports.py::test_three_ports_recover_all_directed_physical_modes[1-0.004166666666666667-1.0--1--1-0]
tests/test_transmission_ports.py::test_three_ports_recover_all_directed_physical_modes[1-0.004166666666666667-1.0--1--1-1]
tests/test_transmission_ports.py::test_three_ports_recover_all_directed_physical_modes[1-0.004166666666666667-1.0--1-0--1]
tests/test_transmission_ports.py::test_three_ports_recover_all_directed_physical_modes[1-0.004166666666666667-1.0--1-0-0]
tests/test_transmission_ports.py::test_three_ports_recover_all_directed_physical_modes[1-0.004166666666666667-1.0--1-0-1]
tests/test_transmission_ports.py::test_three_ports_recover_all_directed_physical_modes[1-0.004166666666666667-1.0--1-1--1]
tests/test_transmission_ports.py::test_three_ports_recover_all_directed_physical_modes[1-0.004166666666666667-1.0--1-1-0]
tests/test_transmission_ports.py::test_three_ports_recover_all_directed_physical_modes[1-0.004166666666666667-1.0--1-1-1]
tests/test_transmission_ports.py::test_three_ports_recover_all_directed_physical_modes[1-0.004166666666666667-1.0-0--1--1]
tests/test_transmission_ports.py::test_three_ports_recover_all_directed_physical_modes[1-0.004166666666666667-1.0-0--1-0]
tests/test_transmission_ports.py::test_three_ports_recover_all_directed_physical_modes[1-0.004166666666666667-1.0-0--1-1]
tests/test_transmission_ports.py::test_three_ports_recover_all_directed_physical_modes[1-0.004166666666666667-1.0-0-0--1]
tests/test_transmission_ports.py::test_three_ports_recover_all_directed_physical_modes[1-0.004166666666666667-1.0-0-0-0]
tests/test_transmission_ports.py::test_three_ports_recover_all_directed_physical_modes[1-0.004166666666666667-1.0-0-0-1]
tests/test_transmission_ports.py::test_three_ports_recover_all_directed_physical_modes[1-0.004166666666666667-1.0-0-1--1]
tests/test_transmission_ports.py::test_three_ports_recover_all_directed_physical_modes[1-0.004166666666666667-1.0-0-1-0]
tests/test_transmission_ports.py::test_three_ports_recover_all_directed_physical_modes[1-0.004166666666666667-1.0-0-1-1]
tests/test_transmission_ports.py::test_three_ports_recover_all_directed_physical_modes[1-0.004166666666666667-1.0-1--1--1]
tests/test_transmission_ports.py::test_three_ports_recover_all_directed_physical_modes[1-0.004166666666666667-1.0-1--1-0]
tests/test_transmission_ports.py::test_three_ports_recover_all_directed_physical_modes[1-0.004166666666666667-1.0-1--1-1]
tests/test_transmission_ports.py::test_three_ports_recover_all_directed_physical_modes[1-0.004166666666666667-1.0-1-0--1]
tests/test_transmission_ports.py::test_three_ports_recover_all_directed_physical_modes[1-0.004166666666666667-1.0-1-0-0]
tests/test_transmission_ports.py::test_three_ports_recover_all_directed_physical_modes[1-0.004166666666666667-1.0-1-0-1]
tests/test_transmission_ports.py::test_three_ports_recover_all_directed_physical_modes[1-0.004166666666666667-1.0-1-1--1]
tests/test_transmission_ports.py::test_three_ports_recover_all_directed_physical_modes[1-0.004166666666666667-1.0-1-1-0]
tests/test_transmission_ports.py::test_three_ports_recover_all_directed_physical_modes[1-0.004166666666666667-1.0-1-1-1]
tests/test_transmission_ports.py::test_three_ports_recover_all_directed_physical_modes[1-0.0010416666666666667-0.88--1--1--1]
tests/test_transmission_ports.py::test_three_ports_recover_all_directed_physical_modes[1-0.0010416666666666667-0.88--1--1-0]
tests/test_transmission_ports.py::test_three_ports_recover_all_directed_physical_modes[1-0.0010416666666666667-0.88--1--1-1]
tests/test_transmission_ports.py::test_three_ports_recover_all_directed_physical_modes[1-0.0010416666666666667-0.88--1-0--1]
tests/test_transmission_ports.py::test_three_ports_recover_all_directed_physical_modes[1-0.0010416666666666667-0.88--1-0-0]
tests/test_transmission_ports.py::test_three_ports_recover_all_directed_physical_modes[1-0.0010416666666666667-0.88--1-0-1]
tests/test_transmission_ports.py::test_three_ports_recover_all_directed_physical_modes[1-0.0010416666666666667-0.88--1-1--1]
tests/test_transmission_ports.py::test_three_ports_recover_all_directed_physical_modes[1-0.0010416666666666667-0.88--1-1-0]
tests/test_transmission_ports.py::test_three_ports_recover_all_directed_physical_modes[1-0.0010416666666666667-0.88--1-1-1]
tests/test_transmission_ports.py::test_three_ports_recover_all_directed_physical_modes[1-0.0010416666666666667-0.88-0--1--1]
tests/test_transmission_ports.py::test_three_ports_recover_all_directed_physical_modes[1-0.0010416666666666667-0.88-0--1-0]
tests/test_transmission_ports.py::test_three_ports_recover_all_directed_physical_modes[1-0.0010416666666666667-0.88-0--1-1]
tests/test_transmission_ports.py::test_three_ports_recover_all_directed_physical_modes[1-0.0010416666666666667-0.88-0-0--1]
tests/test_transmission_ports.py::test_three_ports_recover_all_directed_physical_modes[1-0.0010416666666666667-0.88-0-0-0]
tests/test_transmission_ports.py::test_three_ports_recover_all_directed_physical_modes[1-0.0010416666666666667-0.88-0-0-1]
tests/test_transmission_ports.py::test_three_ports_recover_all_directed_physical_modes[1-0.0010416666666666667-0.88-0-1--1]
tests/test_transmission_ports.py::test_three_ports_recover_all_directed_physical_modes[1-0.0010416666666666667-0.88-0-1-0]
tests/test_transmission_ports.py::test_three_ports_recover_all_directed_physical_modes[1-0.0010416666666666667-0.88-0-1-1]
tests/test_transmission_ports.py::test_three_ports_recover_all_directed_physical_modes[1-0.0010416666666666667-0.88-1--1--1]
tests/test_transmission_ports.py::test_three_ports_recover_all_directed_physical_modes[1-0.0010416666666666667-0.88-1--1-0]
tests/test_transmission_ports.py::test_three_ports_recover_all_directed_physical_modes[1-0.0010416666666666667-0.88-1--1-1]
tests/test_transmission_ports.py::test_three_ports_recover_all_directed_physical_modes[1-0.0010416666666666667-0.88-1-0--1]
tests/test_transmission_ports.py::test_three_ports_recover_all_directed_physical_modes[1-0.0010416666666666667-0.88-1-0-0]
tests/test_transmission_ports.py::test_three_ports_recover_all_directed_physical_modes[1-0.0010416666666666667-0.88-1-0-1]
tests/test_transmission_ports.py::test_three_ports_recover_all_directed_physical_modes[1-0.0010416666666666667-0.88-1-1--1]
tests/test_transmission_ports.py::test_three_ports_recover_all_directed_physical_modes[1-0.0010416666666666667-0.88-1-1-0]
tests/test_transmission_ports.py::test_three_ports_recover_all_directed_physical_modes[1-0.0010416666666666667-0.88-1-1-1]
tests/test_transmission_ports.py::test_three_ports_recover_all_directed_physical_modes[1-0.0010416666666666667-1.0--1--1--1]
tests/test_transmission_ports.py::test_three_ports_recover_all_directed_physical_modes[1-0.0010416666666666667-1.0--1--1-0]
tests/test_transmission_ports.py::test_three_ports_recover_all_directed_physical_modes[1-0.0010416666666666667-1.0--1--1-1]
tests/test_transmission_ports.py::test_three_ports_recover_all_directed_physical_modes[1-0.0010416666666666667-1.0--1-0--1]
tests/test_transmission_ports.py::test_three_ports_recover_all_directed_physical_modes[1-0.0010416666666666667-1.0--1-0-0]
tests/test_transmission_ports.py::test_three_ports_recover_all_directed_physical_modes[1-0.0010416666666666667-1.0--1-0-1]
tests/test_transmission_ports.py::test_three_ports_recover_all_directed_physical_modes[1-0.0010416666666666667-1.0--1-1--1]
tests/test_transmission_ports.py::test_three_ports_recover_all_directed_physical_modes[1-0.0010416666666666667-1.0--1-1-0]
tests/test_transmission_ports.py::test_three_ports_recover_all_directed_physical_modes[1-0.0010416666666666667-1.0--1-1-1]
tests/test_transmission_ports.py::test_three_ports_recover_all_directed_physical_modes[1-0.0010416666666666667-1.0-0--1--1]
tests/test_transmission_ports.py::test_three_ports_recover_all_directed_physical_modes[1-0.0010416666666666667-1.0-0--1-0]
tests/test_transmission_ports.py::test_three_ports_recover_all_directed_physical_modes[1-0.0010416666666666667-1.0-0--1-1]
tests/test_transmission_ports.py::test_three_ports_recover_all_directed_physical_modes[1-0.0010416666666666667-1.0-0-0--1]
tests/test_transmission_ports.py::test_three_ports_recover_all_directed_physical_modes[1-0.0010416666666666667-1.0-0-0-0]
tests/test_transmission_ports.py::test_three_ports_recover_all_directed_physical_modes[1-0.0010416666666666667-1.0-0-0-1]
tests/test_transmission_ports.py::test_three_ports_recover_all_directed_physical_modes[1-0.0010416666666666667-1.0-0-1--1]
tests/test_transmission_ports.py::test_three_ports_recover_all_directed_physical_modes[1-0.0010416666666666667-1.0-0-1-0]
tests/test_transmission_ports.py::test_three_ports_recover_all_directed_physical_modes[1-0.0010416666666666667-1.0-0-1-1]
tests/test_transmission_ports.py::test_three_ports_recover_all_directed_physical_modes[1-0.0010416666666666667-1.0-1--1--1]
tests/test_transmission_ports.py::test_three_ports_recover_all_directed_physical_modes[1-0.0010416666666666667-1.0-1--1-0]
tests/test_transmission_ports.py::test_three_ports_recover_all_directed_physical_modes[1-0.0010416666666666667-1.0-1--1-1]
tests/test_transmission_ports.py::test_three_ports_recover_all_directed_physical_modes[1-0.0010416666666666667-1.0-1-0--1]
tests/test_transmission_ports.py::test_three_ports_recover_all_directed_physical_modes[1-0.0010416666666666667-1.0-1-0-0]
tests/test_transmission_ports.py::test_three_ports_recover_all_directed_physical_modes[1-0.0010416666666666667-1.0-1-0-1]
tests/test_transmission_ports.py::test_three_ports_recover_all_directed_physical_modes[1-0.0010416666666666667-1.0-1-1--1]
tests/test_transmission_ports.py::test_three_ports_recover_all_directed_physical_modes[1-0.0010416666666666667-1.0-1-1-0]
tests/test_transmission_ports.py::test_three_ports_recover_all_directed_physical_modes[1-0.0010416666666666667-1.0-1-1-1]
tests/test_transmission_ports.py::test_three_ports_random_free_speeds_and_zero_capacities[0.88-0.0-0.0]
tests/test_transmission_ports.py::test_three_ports_random_free_speeds_and_zero_capacities[0.88-0.0-600.0]
tests/test_transmission_ports.py::test_three_ports_random_free_speeds_and_zero_capacities[0.88-300.0-0.0]
tests/test_transmission_ports.py::test_three_ports_random_free_speeds_and_zero_capacities[0.88-300.0-600.0]
tests/test_transmission_ports.py::test_three_ports_random_free_speeds_and_zero_capacities[1.0-0.0-0.0]
tests/test_transmission_ports.py::test_three_ports_random_free_speeds_and_zero_capacities[1.0-0.0-600.0]
tests/test_transmission_ports.py::test_three_ports_random_free_speeds_and_zero_capacities[1.0-300.0-0.0]
tests/test_transmission_ports.py::test_three_ports_random_free_speeds_and_zero_capacities[1.0-300.0-600.0]
tests/test_transmission_ports.py::test_two_ports_match_independent_elimination[0.88-0.0]
tests/test_transmission_ports.py::test_two_ports_match_independent_elimination[0.88-50.0]
tests/test_transmission_ports.py::test_two_ports_match_independent_elimination[0.88-300.0]
tests/test_transmission_ports.py::test_two_ports_match_independent_elimination[1.0-0.0]
tests/test_transmission_ports.py::test_two_ports_match_independent_elimination[1.0-50.0]
tests/test_transmission_ports.py::test_two_ports_match_independent_elimination[1.0-300.0]
tests/test_ui.py::test_driving_radio_keys_defer_disk_save_and_leave_panel_intact
tests/test_ui.py::test_ui_modes_results_and_existing_keys
tests/test_ui.py::test_keyboard_navigation_for_secondary_menus
tests/test_ui.py::test_radio_key_repeat_does_not_skip_station_or_desync_label
tests/test_ui_assets.py::test_menu_navigation_and_overlay_lifecycle
tests/test_ui_assets.py::test_hud_consumes_snapshots_and_keeps_critical_notices
tests/test_ui_theme.py::test_font_covers_current_interface_and_matches_pinned_source
tests/test_ui_theme.py::test_frozen_resource_location_and_missing_font_are_explicit
tests/test_ui_theme.py::test_distribution_includes_font_license_and_icon
tests/test_ui_theme.py::test_icon_contains_valid_native_sizes
tests/test_ui_theme.py::test_text_palette_retains_readable_contrast
tests/test_validation_runner.py::test_small_tiers_require_scope_and_cannot_silently_run_the_full_suite
tests/test_validation_runner.py::test_t3_has_long_runs_without_claiming_a_human_gate
tests/test_validation_runner.py::test_zero_exit_does_not_hide_false_missing_or_malformed_evidence[{"passed":false}]
tests/test_validation_runner.py::test_zero_exit_does_not_hide_false_missing_or_malformed_evidence[{}]
tests/test_validation_runner.py::test_zero_exit_does_not_hide_false_missing_or_malformed_evidence[[]]
tests/test_validation_runner.py::test_zero_exit_does_not_hide_false_missing_or_malformed_evidence[broken]
tests/test_validation_runner.py::test_zero_exit_does_not_hide_false_missing_or_malformed_evidence[None]
tests/test_validation_runner.py::test_process_failure_wins_over_a_positive_report
tests/test_validation_runner.py::test_timeout_cannot_pass
tests/test_validation_runner.py::test_failure_stops_following_commands_and_preserves_summary
tests/test_validation_runner.py::test_success_is_scoped_to_automatic_checks_and_uses_isolated_settings
tests/test_validation_runner.py::test_interruption_is_recorded_and_does_not_continue
tests/test_validation_runner.py::test_dry_run_from_another_directory_creates_no_evidence
tests/test_vehicle_brakes.py::test_hydraulic_step_reaches_time_constant_and_releases_independently
tests/test_vehicle_brakes.py::test_explicit_ideal_actuator_reproduces_instantaneous_legacy_requests
tests/test_vehicle_brakes.py::test_abs_reads_completed_sample_and_modulates_only_slipping_wheel[-20]
tests/test_vehicle_brakes.py::test_abs_reads_completed_sample_and_modulates_only_slipping_wheel[20]
tests/test_vehicle_brakes.py::test_low_speed_and_airborne_wheels_exit_abs_without_canceling_brakes[wheel0]
tests/test_vehicle_brakes.py::test_low_speed_and_airborne_wheels_exit_abs_without_canceling_brakes[wheel1]
tests/test_vehicle_brakes.py::test_released_pedal_clears_abs_and_finite_pressure_dissipates
tests/test_vehicle_brakes.py::test_slip_trend_distinguishes_imminent_lock_from_recovery
tests/test_vehicle_brakes.py::test_invalid_research_wheel_requests_are_rejected_at_command_boundary[requests0]
tests/test_vehicle_brakes.py::test_invalid_research_wheel_requests_are_rejected_at_command_boundary[requests1]
tests/test_vehicle_brakes.py::test_invalid_research_wheel_requests_are_rejected_at_command_boundary[requests2]
tests/test_vehicle_collision.py::test_actual_contact_distances_match_complete_nominal_box_in_body_frame[config0-hpr0]
tests/test_vehicle_collision.py::test_actual_contact_distances_match_complete_nominal_box_in_body_frame[config0-hpr1]
tests/test_vehicle_collision.py::test_actual_contact_distances_match_complete_nominal_box_in_body_frame[config1-hpr0]
tests/test_vehicle_collision.py::test_actual_contact_distances_match_complete_nominal_box_in_body_frame[config1-hpr1]
tests/test_vehicle_collision.py::test_actual_contact_distances_match_complete_nominal_box_in_body_frame[config2-hpr0]
tests/test_vehicle_collision.py::test_actual_contact_distances_match_complete_nominal_box_in_body_frame[config2-hpr1]
tests/test_vehicle_collision.py::test_native_partitions_fill_the_nominal_box_without_gaps_or_extra_volume[config0]
tests/test_vehicle_collision.py::test_native_partitions_fill_the_nominal_box_without_gaps_or_extra_volume[config1]
tests/test_vehicle_collision.py::test_native_partitions_fill_the_nominal_box_without_gaps_or_extra_volume[config2]
tests/test_vehicle_collision.py::test_native_partitions_fill_the_nominal_box_without_gaps_or_extra_volume[config3]
tests/test_vehicle_collision.py::test_flat_native_impact_supports_the_actual_cg_without_spurious_rotation[0.4-config0]
tests/test_vehicle_collision.py::test_flat_native_impact_supports_the_actual_cg_without_spurious_rotation[0.4-config1]
tests/test_vehicle_collision.py::test_flat_native_impact_supports_the_actual_cg_without_spurious_rotation[0.5-config0]
tests/test_vehicle_collision.py::test_flat_native_impact_supports_the_actual_cg_without_spurious_rotation[0.5-config1]
tests/test_vehicle_collision.py::test_flat_native_impact_supports_the_actual_cg_without_spurious_rotation[0.6-config0]
tests/test_vehicle_collision.py::test_flat_native_impact_supports_the_actual_cg_without_spurious_rotation[0.6-config1]
tests/test_vehicle_collision.py::test_cg_outside_body_keeps_real_edge_support_and_tipping[0.1]
tests/test_vehicle_collision.py::test_cg_outside_body_keeps_real_edge_support_and_tipping[0.9]
tests/test_vehicle_collision.py::test_legacy_shape_and_reference_inertia_are_explicit
tests/test_vehicle_collision.py::test_support_representation_preserves_the_original_native_inertia[config0]
tests/test_vehicle_collision.py::test_support_representation_preserves_the_original_native_inertia[config1]
tests/test_vehicle_collision.py::test_support_representation_preserves_the_original_native_inertia[config2]
tests/test_vehicle_collision.py::test_support_representation_preserves_the_original_native_inertia[config3]
tests/test_vehicle_collision.py::test_support_representation_preserves_the_original_native_inertia[config4]
tests/test_vehicle_collision.py::test_symmetric_airborne_braking_preserves_symmetry_as_tire_step_refines
tests/test_vehicle_collision.py::test_actual_tilted_impact_keeps_off_center_contact_and_rotation[-5]
tests/test_vehicle_collision.py::test_actual_tilted_impact_keeps_off_center_contact_and_rotation[5]
tests/test_vehicle_collision.py::test_player_npc_reset_keep_the_same_native_collision_representation[DrivingMode.GAME]
tests/test_vehicle_collision.py::test_player_npc_reset_keep_the_same_native_collision_representation[DrivingMode.SIMULATION]
tests/test_vehicle_commands.py::test_direct_throttle_bypasses_keyboard_ramp_but_keeps_torque_response
tests/test_vehicle_commands.py::test_direct_steering_bypasses_speed_envelope_but_keeps_rack_motion
tests/test_vehicle_commands.py::test_explicit_brake_does_not_turn_into_reverse_throttle
tests/test_vehicle_commands.py::test_direct_reverse_requests_real_reverse_gear_and_resets_all_actuators
tests/test_vehicle_config.py::test_default_geometry_preserves_original_dimensions
tests/test_vehicle_config.py::test_custom_bullet_geometry_and_reset_keep_instance_configuration
tests/test_vehicle_config.py::test_explicit_inertia_controls_real_angular_impulse_response
tests/test_vehicle_config.py::test_front_weight_share_changes_real_static_suspension_load[0.4]
tests/test_vehicle_config.py::test_front_weight_share_changes_real_static_suspension_load[0.6]
tests/test_vehicle_contacts.py::test_road_support_definition[normal0-True]
tests/test_vehicle_contacts.py::test_road_support_definition[normal1-True]
tests/test_vehicle_contacts.py::test_road_support_definition[normal2-True]
tests/test_vehicle_contacts.py::test_road_support_definition[normal3-False]
tests/test_vehicle_contacts.py::test_road_support_definition[normal4-False]
tests/test_vehicle_contacts.py::test_road_support_definition[normal5-False]
tests/test_vehicle_contacts.py::test_support_classification_preserves_raw_contact
tests/test_vehicle_contacts.py::test_static_load_lengths_and_surface
tests/test_vehicle_contacts.py::test_airborne_fields_are_explicitly_invalid
tests/test_vehicle_contacts.py::test_applied_load_is_capped_without_losing_raw_force
tests/test_vehicle_contacts.py::test_cross_slope_produces_asymmetric_wheel_loads
tests/test_vehicle_contacts.py::test_shift_preserves_force_and_normal
tests/test_vehicle_contacts.py::test_snapshot_reset_and_next_step_have_current_contact_lifecycle
tests/test_vehicle_contacts.py::test_interpolation_keeps_measured_tick_and_shift_keeps_global_contact_points
tests/test_vehicle_stability.py::test_allocation_reaches_target_or_physical_saturation[-5000-False]
tests/test_vehicle_stability.py::test_allocation_reaches_target_or_physical_saturation[-5000-True]
tests/test_vehicle_stability.py::test_allocation_reaches_target_or_physical_saturation[-800-False]
tests/test_vehicle_stability.py::test_allocation_reaches_target_or_physical_saturation[-800-True]
tests/test_vehicle_stability.py::test_allocation_reaches_target_or_physical_saturation[0-False]
tests/test_vehicle_stability.py::test_allocation_reaches_target_or_physical_saturation[0-True]
tests/test_vehicle_stability.py::test_allocation_reaches_target_or_physical_saturation[800-False]
tests/test_vehicle_stability.py::test_allocation_reaches_target_or_physical_saturation[800-True]
tests/test_vehicle_stability.py::test_allocation_reaches_target_or_physical_saturation[5000-False]
tests/test_vehicle_stability.py::test_allocation_reaches_target_or_physical_saturation[5000-True]
tests/test_vehicle_stability.py::test_full_pedal_correction_can_release_opposing_brakes
tests/test_vehicle_stability.py::test_front_or_rear_selection_adds_real_positive_yaw_moment[False-0]
tests/test_vehicle_stability.py::test_front_or_rear_selection_adds_real_positive_yaw_moment[True-2]
tests/test_vehicle_stability.py::test_steering_reference_and_brake_geometry_reverse_consistently[-20]
tests/test_vehicle_stability.py::test_steering_reference_and_brake_geometry_reverse_consistently[20]
tests/test_vehicle_stability.py::test_coasting_sideslip_correction_depends_on_travel_direction[-20]
tests/test_vehicle_stability.py::test_coasting_sideslip_correction_depends_on_travel_direction[20]
tests/test_vehicle_stability.py::test_low_speed_and_airborne_do_not_create_electronic_requests[0.2-True]
tests/test_vehicle_stability.py::test_low_speed_and_airborne_do_not_create_electronic_requests[20-False]
tests/test_vehicle_stability.py::test_disabled_esc_keeps_incoming_pressure_and_drive_request
tests/test_vehicle_stability.py::test_supported_reference_tracks_below_intervention_speed_without_activation_spike
tests/test_vehicle_stability.py::test_reference_uses_tire_grip_not_brake_hardware_capacity
tests/test_vehicle_tires.py::test_native_tangent_forces_disabled_with_suspension_and_collision
tests/test_vehicle_tires.py::test_airborne_drive_reaction_conserves_angular_momentum[-200]
tests/test_vehicle_tires.py::test_airborne_drive_reaction_conserves_angular_momentum[200]
tests/test_vehicle_tires.py::test_isolated_tire_impulses_do_not_add_energy[velocity0-angular0-omega0]
tests/test_vehicle_tires.py::test_isolated_tire_impulses_do_not_add_energy[velocity1-angular1-omega1]
tests/test_vehicle_tires.py::test_isolated_tire_impulses_do_not_add_energy[velocity2-angular2-omega2]
tests/test_vehicle_tires.py::test_rigid_low_speed_braking_does_not_reverse[-0.1]
tests/test_vehicle_tires.py::test_rigid_low_speed_braking_does_not_reverse[0.1]
tests/test_vehicle_tires.py::test_compliant_low_speed_brake_rebound_does_not_create_energy[-0.1]
tests/test_vehicle_tires.py::test_compliant_low_speed_brake_rebound_does_not_create_energy[0.1]
tests/test_vehicle_tires.py::test_wheel_angular_momentum_uses_full_tick_impulses[0-0]
tests/test_vehicle_tires.py::test_wheel_angular_momentum_uses_full_tick_impulses[200-0]
tests/test_vehicle_tires.py::test_wheel_angular_momentum_uses_full_tick_impulses[0-1]
tests/test_vehicle_tires.py::test_wheel_angular_momentum_uses_full_tick_impulses[200-0.4]
tests/test_vehicle_tires.py::test_reset_shift_and_interpolation_preserve_tire_lifecycle
tests/test_vehicle_tires.py::test_post_bullet_slip_matches_current_snapshot_velocity_and_contact
tests/test_vehicle_tires.py::test_high_speed_contact_levers_use_current_body_pose
tests/test_vehicle_tires.py::test_wheel_pose_uses_independent_angle_not_native_rotation
tests/test_vehicle_tires.py::test_five_degree_slope_parking_does_not_creep
tests/test_vehicle_traction.py::test_drive_slip_reduces_requested_torque_in_both_directions[-1]
tests/test_vehicle_traction.py::test_drive_slip_reduces_requested_torque_in_both_directions[1]
tests/test_vehicle_traction.py::test_single_driven_wheel_can_request_braking_without_front_intervention
tests/test_vehicle_traction.py::test_release_braking_neutral_or_airborne_clears_controller_request[0-1-False-True]
tests/test_vehicle_traction.py::test_release_braking_neutral_or_airborne_clears_controller_request[1-1-True-True]
tests/test_vehicle_traction.py::test_release_braking_neutral_or_airborne_clears_controller_request[1-0-False-True]
tests/test_vehicle_traction.py::test_release_braking_neutral_or_airborne_clears_controller_request[1-1-False-False]
tests/test_vehicle_traction.py::test_disabled_controller_preserves_full_mechanical_request
tests/test_vehicle_traction.py::test_low_speed_regularization_stays_finite_and_recovery_is_finite
tests/test_vehicle_traction.py::test_engine_cut_acts_on_target_before_finite_torque_response
tests/test_vehicle_visual_asset.py::test_hero_body_and_steered_rolling_wheels_fit_frozen_collision_envelope
tests/test_vehicle_visual_asset.py::test_export_has_distinct_materials_and_bounded_geometry
tests/test_vehicle_visual_asset.py::test_legacy_sedan_keeps_body_and_wheel_geometry
tests/test_vehicle_visual_asset.py::test_traffic_family_fits_existing_collision_and_snapshot_wheels
tests/test_vehicle_visual_asset.py::test_traffic_family_wheels_follow_frozen_snapshot
tests/test_vehicle_visual_asset.py::test_scene_applies_actual_bullet_wheel_positions_and_quaternions
tests/test_vehicle_visual_asset.py::test_hero_color_space_and_local_ambient_do_not_change_scene
tests/test_wheel_dynamics.py::test_mobility_is_symmetric_positive_definite
tests/test_wheel_dynamics.py::test_static_contact_transmits_drive_without_slip
tests/test_wheel_dynamics.py::test_static_contact_exhausted_budget_enters_actual_sliding
tests/test_wheel_dynamics.py::test_low_load_static_feasibility_uses_same_nonlinear_capacity
tests/test_wheel_dynamics.py::test_static_external_force_predictor_is_balanced_with_closed_energy_ledger
tests/test_wheel_dynamics.py::test_implicit_step_closes_energy_and_generalized_momentum_ledger[0.01-15.0-4.5-0.35-0.12-120.0-0.0]
tests/test_wheel_dynamics.py::test_implicit_step_closes_energy_and_generalized_momentum_ledger[0.01-24.0-8.0--0.2--0.08-0.0-120.0]
tests/test_wheel_dynamics.py::test_implicit_step_closes_energy_and_generalized_momentum_ledger[0.01--10.0--3.0-0.5-0.06--90.0-0.0]
tests/test_wheel_dynamics.py::test_implicit_step_closes_energy_and_generalized_momentum_ledger[0.5-15.0-4.5-0.35-0.12-120.0-0.0]
tests/test_wheel_dynamics.py::test_implicit_step_closes_energy_and_generalized_momentum_ledger[0.5-24.0-8.0--0.2--0.08-0.0-120.0]
tests/test_wheel_dynamics.py::test_implicit_step_closes_energy_and_generalized_momentum_ledger[0.5--10.0--3.0-0.5-0.06--90.0-0.0]
tests/test_wheel_dynamics.py::test_implicit_step_closes_energy_and_generalized_momentum_ledger[1-15.0-4.5-0.35-0.12-120.0-0.0]
tests/test_wheel_dynamics.py::test_implicit_step_closes_energy_and_generalized_momentum_ledger[1-24.0-8.0--0.2--0.08-0.0-120.0]
tests/test_wheel_dynamics.py::test_implicit_step_closes_energy_and_generalized_momentum_ledger[1--10.0--3.0-0.5-0.06--90.0-0.0]
tests/test_wheel_dynamics.py::test_implicit_step_closes_energy_and_generalized_momentum_ledger[2-15.0-4.5-0.35-0.12-120.0-0.0]
tests/test_wheel_dynamics.py::test_implicit_step_closes_energy_and_generalized_momentum_ledger[2-24.0-8.0--0.2--0.08-0.0-120.0]
tests/test_wheel_dynamics.py::test_implicit_step_closes_energy_and_generalized_momentum_ledger[2--10.0--3.0-0.5-0.06--90.0-0.0]
tests/test_wheel_dynamics.py::test_drive_accelerates_in_forward_and_reverse[1-120.0]
tests/test_wheel_dynamics.py::test_drive_accelerates_in_forward_and_reverse[-1--120.0]
tests/test_wheel_dynamics.py::test_dry_braking_stops_without_reversing_vehicle_or_wheel
tests/test_wheel_dynamics.py::test_airborne_drive_torque_has_equal_opposite_angular_impulses
tests/test_wheel_dynamics.py::test_smaller_steps_preserve_drive_and_brake_directions

1553 tests collected in 1.76s
