time_s,tick,control.steering_fraction,control.throttle,control.brake,speed_mps,cg_horizontal_speed_mps,yaw_rate_rad_s,position_x_m,position_y_m,position_z_m,roll_deg,front_left_angle_deg,front_right_angle_deg,wheel0_contact_x_m,wheel0_contact_y_m,wheel0_contact_z_m,wheel0_lateral_velocity_mps,wheel1_contact_x_m,wheel1_contact_y_m,wheel1_contact_z_m,wheel1_lateral_velocity_mps,wheel2_contact_x_m,wheel2_contact_y_m,wheel2_contact_z_m,wheel2_lateral_velocity_mps,wheel3_contact_x_m,wheel3_contact_y_m,wheel3_contact_z_m,wheel3_lateral_velocity_mps
0.050000000000,6,-0.7744732087787745,0.14051345507303867,0.0,2.7371881008148193,2.7372318681397,0.0069226776249706745,-9.676029731053859e-05,0.11486933380365372,0.4162638187408447,0.0004599615349434316,-0.9864978790283203,-0.9736969470977783,-0.8403205871582031,1.2375786304473877,-2.2351741790771484e-08,0.019292162731289864,0.8396793603897095,1.2377768754959106,1.4901161193847656e-08,0.01898081973195076,-0.8400613069534302,-0.9624212980270386,0.0,-0.00462530180811882,0.8399386405944824,-0.9622231721878052,3.725290298461914e-09,-0.0046263025142252445
0.100000000000,12,-0.7744732087787745,0.1621502272288004,0.0,2.7020785808563232,2.7027359665385533,0.03831068053841591,-0.0013989422004669905,0.25094836950302124,0.4156729578971863,0.004573245067149401,-3.2042601108551025,-3.073148488998413,-0.843294620513916,1.3723913431167603,0.0,0.03728896379470825,0.836703896522522,1.374550700187683,7.450580596923828e-09,0.035257719457149506,-0.8404668569564819,-0.8276067972183228,2.9802322387695312e-08,-0.011798184365034103,0.839531660079956,-0.8254473805427551,3.725290298461914e-08,-0.011822139844298363
0.150000000000,18,-0.7744732087787745,0.18093255678812656,0.0,2.6712870597839355,2.673759483513747,0.08538160473108292,-0.005271466448903084,0.38534480333328247,0.4163352847099304,0.013758315704762936,-5.852652549743652,-5.430423259735107,-0.8513140678405762,1.5038264989852905,-1.1175870895385742e-08,0.04384835064411163,0.8286687135696411,1.511443853378296,-1.4901161193847656e-08,0.03946669399738312,-0.8413389325141907,-0.6961509585380554,1.1175870895385742e-08,-0.01547218207269907,0.8386439085006714,-0.6885335445404053,-3.725290298461914e-08,-0.015582519583404064
0.200000000000,24,-0.7744732087787745,0.19811185518900548,0.0,2.643045425415039,2.648573149409073,0.13613325357437134,-0.01238801795989275,0.5182117819786072,0.41749781370162964,0.024411363527178764,-8.559934616088867,-7.688613414764404,-0.8653584122657776,1.6316572427749634,2.60770320892334e-08,0.044874608516693115,0.8145530223846436,1.6489126682281494,1.862645149230957e-08,0.03838533163070679,-0.8427619934082031,-0.5682269334793091,1.1175870895385742e-08,-0.016439910978078842,0.8371495008468628,-0.5509716272354126,-2.60770320892334e-08,-0.01671263761818409
0.250000000000,30,-0.7744732087787745,0.21383160273234042,0.0,2.6172983646392822,2.6268263334272226,0.1851162165403366,-0.02304723858833313,0.6496260166168213,0.41859856247901917,0.03219061344861984,-11.137063980102539,-9.71133041381836,-0.885635256767273,1.7558904886245728,-1.1175870895385742e-08,0.04246938228607178,0.7940772771835327,1.7869789600372314,2.9802322387695312e-08,0.03452309966087341,-0.8449232578277588,-0.4437330663204193,0.0,-0.016102362424135208,0.8347892165184021,-0.41264450550079346,3.725290298461914e-09,-0.01659967005252838
0.300000000000,36,-0.7744732087787745,0.2277466169993082,0.0,2.5946738719940186,2.6086442650964226,0.22917890548706055,-0.03733697533607483,0.7796505689620972,0.4193090498447418,0.03565773740410805,-13.445487022399902,-11.429136276245117,-0.9119393229484558,1.876672625541687,-1.1175870895385742e-08,0.03809148073196411,0.7673520445823669,1.9254716634750366,-1.862645149230957e-08,0.029446125030517578,-0.8480344414710999,-0.3223998546600342,-2.9802322387695312e-08,-0.015030361711978912,0.8312569260597229,-0.2736007273197174,3.725290298461914e-09,-0.01578550785779953
0.350000000000,42,-0.7744732087787745,0.23948653856913243,0.0,2.5757524967193604,2.594145213536888,0.26700830459594727,-0.055197376757860184,0.9083662033081055,0.419552743434906,0.03554144501686096,-15.42900276184082,-12.841097831726074,-0.9438284039497375,1.9942491054534912,1.862645149230957e-08,0.032994627952575684,0.7347173094749451,2.0641443729400635,-4.470348358154297e-08,0.024247825145721436,-0.8522974252700806,-0.2038474678993225,1.4901161193847656e-08,-0.013682588934898376,0.826248288154602,-0.13395212590694427,1.4901161193847656e-08,-0.014700330793857574
0.400000000000,48,-0.7744732087787745,0.24886554400126132,0.0,2.5607798099517822,2.5832567068619627,0.29849112033843994,-0.07649802416563034,1.0358726978302002,0.4194601774215698,0.03371946141123772,-17.082183837890625,-13.976544380187988,-0.980775773525238,2.1089072227478027,-1.4901161193847656e-08,0.02799433469772339,0.6966018080711365,2.202742338180542,1.1175870895385742e-08,0.01951897144317627,-0.8578945994377136,-0.08766040951013565,-2.2351741790771484e-08,-0.012313567101955414,0.8194830417633057,0.006174908485263586,2.9802322387695312e-08,-0.0135783851146698
0.450000000000,54,-0.7744732087787745,0.25592640558878577,0.0,2.5496256351470947,2.5756980492856583,0.3241795301437378,-0.10109075158834457,1.1622774600982666,0.41922205686569214,0.031879279762506485,-18.428388595581055,-14.875393867492676,-1.022262454032898,2.2209532260894775,2.2351741790771484e-08,0.023556888103485107,0.6534392833709717,2.3410542011260986,0.0,0.015530824661254883,-0.8649848699569702,0.02657994255423546,-1.862645149230957e-08,-0.0110350102186203,0.8107169270515442,0.14668132364749908,2.2351741790771484e-08,-0.012520670890808105
0.500000000000,60,-0.7744732087787745,0.26087855021158846,0.0,2.54191517829895,2.5710603781458294,0.3448793888092041,-0.1288420855998993,1.2876806259155273,0.41898590326309204,0.030434880405664444,-19.504859924316406,-15.578520774841309,-1.067824363708496,2.330681324005127,-1.4901161193847656e-08,0.019757211208343506,0.6056231260299683,2.4789164066314697,-3.725290298461914e-09,0.01223909854888916,-0.8737053871154785,0.13925978541374207,-1.1175870895385742e-08,-0.009932383894920349,0.7997422218322754,0.2874947786331177,0.0,-0.01160895824432373
0.550000000000,66,-0.7744732087787745,0.2640010706583658,0.0,2.5371692180633545,2.5688723922667345,0.3614143133163452,-0.15963982045650482,1.4121663570404053,0.41881418228149414,0.029248718172311783,-20.353254318237305,-16.123369216918945,-1.1170682907104492,2.438343048095703,3.725290298461914e-09,0.016581177711486816,0.5534921288490295,2.616187810897827,-2.9802322387695312e-08,0.009560227394104004,-0.884174644947052,0.25070273876190186,7.450580596923828e-09,-0.009024038910865784,0.7863856554031372,0.428547203540802,2.9802322387695312e-08,-0.01086127758026123
0.600000000000,72,-0.7744732087787745,0.26560681978861483,0.0,2.5348622798919678,2.5686528652874223,0.3745454251766205,-0.19338926672935486,1.5357991456985474,0.4187135696411133,0.028255222365260124,-21.014095306396484,-16.542312622070312,-1.1696676015853882,2.5441410541534424,-7.450580596923828e-09,0.013978242874145508,0.49733126163482666,2.7527453899383545,3.725290298461914e-09,0.007406830787658691,-0.896493673324585,0.3611641228199005,1.862645149230957e-08,-0.008291065692901611,0.7705051302909851,0.5697681903839111,-1.1175870895385742e-08,-0.010261178016662598
0.650000000000,78,-0.7744732087787745,0.2660097948710123,0.0,2.5344767570495605,2.5699468291367826,0.3849371671676636,-0.23001223802566528,1.6586215496063232,0.41866785287857056,0.027397900819778442,-21.523914337158203,-16.862350463867188,-1.2253564596176147,2.64823055267334,-3.725290298461914e-08,0.011880755424499512,0.4373772144317627,2.8884758949279785,-3.725290298461914e-09,0.00569760799407959,-0.9107469320297241,0.470838725566864,-7.450580596923828e-09,-0.007703244686126709,0.7519866228103638,0.7110843658447266,-1.4901161193847656e-08,-0.00978165864944458
0.700000000000,84,-0.7744732087787745,0.2654981009165445,0.0,2.5355405807495117,2.572344782623283,0.39314988255500793,-0.2694455087184906,1.7806545495986938,0.4186583161354065,0.02658296748995781,-21.914094924926758,-17.10546875,-1.2839200496673584,2.7507247924804688,3.3527612686157227e-08,0.010191798210144043,0.37382403016090393,3.0232763290405273,-1.862645149230957e-08,0.004333138465881348,-0.9270052909851074,0.5798667669296265,1.4901161193847656e-08,-0.007250040769577026,0.7307389974594116,0.8524182438850403,-7.450580596923828e-09,-0.009416162967681885
0.750000000000,90,-0.7744732087787745,0.26432536760965974,0.0,2.5376429557800293,2.575496987689699,0.39963993430137634,-0.3116363286972046,1.9018995761871338,0.4186689853668213,0.02592669613659382,-22.210712432861328,-17.28925323486328,-1.3451871871948242,2.8517022132873535,2.60770320892334e-08,0.008846282958984375,0.3068311810493469,3.157047748565674,0.0,0.0032546520233154297,-0.9453272223472595,0.6883423924446106,-1.862645149230957e-08,-0.006892681121826172,0.7066911458969116,0.9936882257461548,2.60770320892334e-08,-0.00912940502166748
0.800000000000,96,-0.7744732087787745,0.2627024523417154,0.0,2.540442943572998,2.579119284513693,0.4047728478908539,-0.35654062032699585,2.022341012954712,0.4186859726905823,0.025458786636590958,-22.43492317199707,-17.42759132385254,-1.4090168476104736,2.9512085914611816,-3.3527612686157227e-08,0.007777810096740723,0.23653101921081543,3.2896947860717773,7.450580596923828e-09,0.0024030208587646484,-0.9657588601112366,0.7963218688964844,0.0,-0.00661236047744751,0.6797890067100525,1.13480806350708,1.1175870895385742e-08,-0.008905649185180664
0.850000000000,102,-0.7744732087787745,0.260803305308024,0.0,2.543661117553711,2.5829803495896195,0.40884140133857727,-0.4041211009025574,2.141948699951172,0.41869986057281494,0.0251473281532526,-22.603574752807617,-17.531320571899414,-1.475294589996338,3.0492653846740723,1.1175870895385742e-08,0.006929755210876465,0.16303487122058868,3.4211223125457764,-2.2351741790771484e-08,0.001729726791381836,-0.9883365631103516,0.9038313031196594,3.725290298461914e-09,-0.006393760442733765,0.6499927043914795,1.2756881713867188,-2.2351741790771484e-08,-0.008732438087463379
0.900000000000,108,-0.7744732087787745,0.258763395945231,0.0,2.54708194732666,2.5869039212453346,0.4120772182941437,-0.4543447494506836,2.26068115234375,0.41870632767677307,0.024946345016360283,-22.72989845275879,-17.608835220336914,-1.5439249277114868,3.1458749771118164,-7.450580596923828e-09,0.006255149841308594,0.08643697202205658,3.551239252090454,2.9802322387695312e-08,0.0011947154998779297,-1.013088345527649,1.0108742713928223,3.725290298461914e-09,-0.006225764751434326,0.6172735691070557,1.41623854637146,-3.725290298461914e-09,-0.008600890636444092
0.950000000000,114,-0.7744732087787745,0.2566848627726236,0.0,2.550543785095215,2.5907589977039924,0.41466307640075684,-0.5071811079978943,2.378488302230835,0.4187052249908447,0.02481929026544094,-22.82417106628418,-17.666580200195312,-1.614828109741211,3.241025447845459,1.1175870895385742e-08,0.005720019340515137,0.006819094996899366,3.6799569129943848,7.450580596923828e-09,0.0007702112197875977,-1.040034532546997,1.1174371242523193,1.4901161193847656e-08,-0.006096065044403076,0.5816125869750977,1.556368350982666,1.1175870895385742e-08,-0.008500456809997559
1.000000000000,120,-0.7744732087787745,0.25464252154032385,0.0,2.5539286136627197,2.5944533990843626,0.4167417585849762,-0.5626010298728943,2.4953129291534424,0.41870009899139404,0.024743307381868362,-22.8942928314209,-17.709476470947266,-1.687934398651123,3.3346939086914062,-1.4901161193847656e-08,0.005291461944580078,-0.0757468193769455,3.8071889877319336,-2.2351741790771484e-08,0.00043070316314697266,-1.0691887140274048,1.2234930992126465,7.450580596923828e-09,-0.0059964656829833984,0.5429990291595459,1.6959878206253052,3.725290298461914e-09,-0.008424639701843262
1.050000000000,126,-0.7744732087787745,0.2526872984568277,0.0,2.557157039642334,2.5979258695552816,0.41842231154441833,-0.6205757856369019,2.6110939979553223,0.41869547963142395,0.024688443168997765,-22.946304321289062,-17.741262435913086,-1.7631826400756836,3.426848888397217,-3.725290298461914e-09,0.004945278167724609,-0.1611955612897873,3.9328508377075195,0.0,0.0001556873321533203,-1.1005584001541138,1.3290061950683594,-2.60770320892334e-08,-0.005920231342315674,0.5014286041259766,1.835008144378662,-1.862645149230957e-08,-0.008367657661437988
1.100000000000,132,-0.7744732087787745,0.25085252443949374,0.0,2.5601775646209717,2.6011395127778942,0.41978833079338074,-0.6810760498046875,2.7257678508758545,0.4186932146549225,0.024651149287819862,-22.984779357910156,-17.764759063720703,-1.8405158519744873,3.517453193664551,-3.725290298461914e-09,0.004662752151489258,-0.24946588277816772,4.056860446929932,1.1175870895385742e-08,-6.842613220214844e-05,-1.1341464519500732,1.4339326620101929,2.60770320892334e-08,-0.005861222743988037,0.45690351724624634,1.9733400344848633,-4.470348358154297e-08,-0.00832432508468628
1.150000000000,138,-0.7744732087787745,0.24915779749552402,0.0,2.5629615783691406,2.6040768704523787,0.4209039509296417,-0.7440718412399292,2.8392691612243652,0.4186931252479553,0.024627409875392914,-23.0131778717041,-17.782093048095703,-1.9198817014694214,3.6064646244049072,3.725290298461914e-09,0.00443267822265625,-0.34049999713897705,4.179136753082275,2.2351741790771484e-08,-0.00025141239166259766,-1.1699506044387817,1.538224458694458,0.0,-0.005814969539642334,0.40943095088005066,2.1108968257904053,-3.725290298461914e-09,-0.008291006088256836
1.200000000000,144,-0.7744732087787745,0.24761227289835605,0.0,2.5654947757720947,2.6067325998819486,0.4218197762966156,-0.809532105922699,2.9515326023101807,0.41869422793388367,0.024614116176962852,-23.034093856811523,-17.79485511779785,-2.0012292861938477,3.6938393115997314,-7.450580596923828e-09,0.004242897033691406,-0.43424150347709656,4.29960298538208,-1.862645149230957e-08,-0.0004031658172607422,-1.2079652547836304,1.641829252243042,1.862645149230957e-08,-0.005779087543487549,0.35902249813079834,2.2475924491882324,-2.2351741790771484e-08,-0.008265793323516846
1.250000000000,150,-0.7744732087787745,0.24621881167093906,0.0,2.5677764415740967,2.6091121471874024,0.42257463932037354,-0.8774247169494629,3.062493085861206,0.41869544982910156,0.024608377367258072,-23.049468994140625,-17.80423355102539,-2.084510326385498,3.7795324325561523,-1.1175870895385742e-08,0.0040863752365112305,-0.5306354761123657,4.418181896209717,-2.2351741790771484e-08,-0.0005273818969726562,-1.248180866241455,1.7446939945220947,1.862645149230957e-08,-0.005749642848968506,0.3056938946247101,2.3833436965942383,-7.450580596923828e-09,-0.008245110511779785
1.300000000000,156,-0.7744732087787745,0.2449716917673746,0.0,2.569814682006836,2.6112295820181535,0.42319929599761963,-0.947716474533081,3.172086238861084,0.41869616508483887,0.024607714265584946,-23.060752868652344,-17.811115264892578,-2.1696763038635254,3.863497018814087,-1.1175870895385742e-08,0.003955721855163574,-0.6296274065971375,4.534801006317139,1.1175870895385742e-08,-0.0006319284439086914,-1.2905852794647217,1.8467639684677124,-2.2351741790771484e-08,-0.005726993083953857,0.2494637668132782,2.5180678367614746,1.1175870895385742e-08,-0.008229613304138184
1.350000000000,162,-0.7744732087787745,0.24386547724405916,0.0,2.5716211795806885,2.6130998955127853,0.42371752858161926,-1.0203728675842285,3.2802493572235107,0.4186960756778717,0.024609988555312157,-23.069019317626953,-17.81615447998047,-2.256680727005005,3.945688009262085,7.450580596923828e-09,0.00384676456451416,-0.7311633825302124,4.649389743804932,-1.862645149230957e-08,-0.0007188320159912109,-1.3351633548736572,1.9479844570159912,-7.450580596923828e-09,-0.0057086944580078125,0.190354123711586,2.651686906814575,-3.725290298461914e-09,-0.008217573165893555
1.400000000000,168,-0.7744732087787745,0.24288958231608065,0.0,2.5732126235961914,2.6147433451783098,0.4241487383842468,-1.0953586101531982,3.3869218826293945,0.418695330619812,0.024614330381155014,-23.0750675201416,-17.819843292236328,-2.345475912094116,4.026060581207275,-1.1175870895385742e-08,0.003755807876586914,-0.8351890444755554,4.7618818283081055,2.9802322387695312e-08,-0.0007916688919067383,-1.3818979263305664,2.0483014583587646,1.862645149230957e-08,-0.005693316459655762,0.12838923931121826,2.784123182296753,1.4901161193847656e-08,-0.008207201957702637
1.450000000000,174,-0.7744732087787745,0.24203413645426425,0.0,2.5746068954467773,2.6161798112029726,0.4245084822177887,-1.1726369857788086,3.4920437335968018,0.4186941981315613,0.02461940422654152,-23.079486846923828,-17.82253646850586,-2.4360153675079346,4.104571342468262,2.2351741790771484e-08,0.0036782026290893555,-0.9416495561599731,4.87221097946167,3.725290298461914e-09,-0.0008535385131835938,-1.4307702779769897,2.1476612091064453,-3.725290298461914e-09,-0.005681633949279785,0.06359557807445526,2.9153010845184326,3.725290298461914e-09,-0.008199810981750488
1.500000000000,180,-0.7744732087787745,0.241287981669108,0.0,2.575822353363037,2.617429763058221,0.42480897903442383,-1.2521706819534302,3.5955567359924316,0.41869300603866577,0.024624571204185486,-23.08271026611328,-17.824501037597656,-2.528252601623535,4.181175708770752,3.725290298461914e-09,0.0036134719848632812,-1.0504910945892334,4.980313777923584,2.2351741790771484e-08,-0.0009056329727172852,-1.4817595481872559,2.2460105419158936,-1.1175870895385742e-08,-0.0056716203689575195,-0.003998180385679007,3.0451483726501465,-3.725290298461914e-08,-0.008193016052246094
1.550000000000,186,-0.7744732087787745,0.2406398169199625,0.0,2.5768768787384033,2.6185127113191937,0.4250604510307312,-1.3339210748672485,3.6974050998687744,0.4186919927597046,0.024629835039377213,-23.085060119628906,-17.8259334564209,-2.6221394538879395,4.25583553314209,3.725290298461914e-08,0.0035588741302490234,-1.161657691001892,5.086132526397705,2.2351741790771484e-08,-0.0009493827819824219,-1.5348433256149292,2.3432974815368652,-3.725290298461914e-09,-0.005663752555847168,-0.07436147332191467,3.1735947132110596,-3.725290298461914e-08,-0.008188486099243164
1.600000000000,192,-0.7744732087787745,0.24007905642191563,0.0,2.5777885913848877,2.6194479376882995,0.42527133226394653,-1.417848825454712,3.7975351810455322,0.4186912477016449,0.024634944275021553,-23.08677101135254,-17.826976776123047,-2.717630386352539,4.328509330749512,1.4901161193847656e-08,0.0035126209259033203,-1.2750948667526245,5.189608097076416,-7.450580596923828e-09,-0.0009866952896118164,-1.5899980068206787,2.4394726753234863,2.2351741790771484e-08,-0.0056574344635009766,-0.14746253192424774,3.3005716800689697,-1.1175870895385742e-08,-0.008184432983398438
1.650000000000,198,-0.7744732087787745,0.23959582964579257,0.0,2.5785741806030273,2.6202527743380477,0.4254484474658966,-1.5039137601852417,3.8958942890167236,0.4186907708644867,0.024639829993247986,-23.088014602661133,-17.827733993530273,-2.8146770000457764,4.399160385131836,7.450580596923828e-09,0.0034744739532470703,-1.3907455205917358,5.29068660736084,-1.4901161193847656e-08,-0.001016855239868164,-1.6471991539001465,2.5344862937927246,3.725290298461914e-08,-0.005651414394378662,-0.22326768934726715,3.4260125160217285,-1.1175870895385742e-08,-0.00818026065826416
1.700000000000,204,-0.7744732087787745,0.23918055216471346,0.0,2.5792486667633057,2.6209433874266614,0.4255971312522888,-1.5920743942260742,3.992431402206421,0.4186904728412628,0.024644462391734123,-23.088918685913086,-17.828285217285156,-2.91323184967041,4.467750549316406,-7.450580596923828e-09,0.003441333770751953,-1.5085541009902954,5.389314651489258,-3.725290298461914e-09,-0.001043558120727539,-1.7064199447631836,2.6282899379730225,-1.862645149230957e-08,-0.005647420883178711,-0.30174171924591064,3.5498533248901367,2.9802322387695312e-08,-0.008178114891052246
1.750000000000,210,-0.7744732087787745,0.2388252131144205,0.0,2.5798258781433105,2.6215338044522603,0.425722599029541,-1.6822890043258667,4.087098121643066,0.4186902940273285,0.024648433551192284,-23.089574813842773,-17.828685760498047,-3.0132482051849365,4.534246921539307,1.4901161193847656e-08,0.003413677215576172,-1.6284633874893188,5.4854416847229,1.4901161193847656e-08,-0.0010656118392944336,-1.767633080482483,2.720837116241455,2.60770320892334e-08,-0.005643010139465332,-0.3828483521938324,3.672031879425049,0.0,-0.008175134658813477
1.800000000000,216,-0.7744732087787745,0.23852137247721347,0.0,2.5803189277648926,2.6220378851993944,0.42582806944847107,-1.77451491355896,4.179846286773682,0.41869011521339417,0.024652136489748955,-23.090049743652344,-17.828975677490234,-3.1146769523620605,4.5986151695251465,-3.725290298461914e-09,0.003389716148376465,-1.7504158020019531,5.579019069671631,-3.725290298461914e-08,-0.0010843276977539062,-1.8308111429214478,2.8120815753936768,7.450580596923828e-09,-0.0056400299072265625,-0.4665502607822418,3.7924857139587402,-7.450580596923828e-09,-0.008173465728759766
1.850000000000,222,-0.7744732087787745,0.23826273600260411,0.0,2.5807387828826904,2.622467163320121,0.4259169101715088,-1.8687087297439575,4.270630359649658,0.4186897575855255,0.02465529926121235,-23.090394973754883,-17.829185485839844,-3.217470169067383,4.660823822021484,-1.1175870895385742e-08,0.0033696889877319336,-1.8743537664413452,5.6700005531311035,2.9802322387695312e-08,-0.0011001825332641602,-1.8959249258041382,2.901979446411133,-3.3527612686157227e-08,-0.005637049674987793,-0.5528087615966797,3.9111568927764893,2.2351741790771484e-08,-0.008171796798706055
1.900000000000,228,-0.7744732087787745,0.2380422941843668,0.0,2.5810961723327637,2.622832452397353,0.4259917438030243,-1.9648263454437256,4.359404563903809,0.41868939995765686,0.024658162146806717,-23.09064483642578,-17.82933807373047,-3.3215785026550293,4.720839500427246,3.3527612686157227e-08,0.0033522844314575195,-2.000217914581299,5.758339881896973,-3.725290298461914e-09,-0.0011147260665893555,-1.9629446268081665,2.990485191345215,2.2351741790771484e-08,-0.005635499954223633,-0.6415840983390808,4.027985572814941,3.725290298461914e-09,-0.0081712007522583
1.950000000000,234,-0.7744732087787745,0.23785532633463535,0.0,2.5813992023468018,2.6231420818824893,0.4260547161102295,-2.0628230571746826,4.446127414703369,0.4186890423297882,0.024660248309373856,-23.0908260345459,-17.829448699951172,-3.4269537925720215,4.778636932373047,-4.0978193283081055e-08,0.0033375024795532227,-2.1279494762420654,5.843995094299316,7.450580596923828e-09,-0.0011266469955444336,-2.031839370727539,3.0775585174560547,7.450580596923828e-09,-0.00563359260559082,-0.7328349947929382,4.142916679382324,0.0,-0.008169770240783691
2.000000000000,240,-0.7744732087787745,0.23769711176554353,0.0,2.581655979156494,2.6234041096201492,0.4261075556278229,-2.1626529693603516,4.530755996704102,0.41868868470191956,0.024661997333168983,-23.09095573425293,-17.829526901245117,-3.5335469245910645,4.8341851234436035,1.4901161193847656e-08,0.00332564115524292,-2.257488965988159,5.926922798156738,-3.725290298461914e-08,-0.0011364221572875977,-2.1025779247283936,3.1631555557250977,-1.4901161193847656e-08,-0.005631804466247559,-0.8265196084976196,4.255893707275391,3.725290298461914e-09,-0.008168816566467285
2.050000000000,246,-0.7744732087787745,0.23756350199381504,0.0,2.5818724632263184,2.623625231714712,0.42615199089050293,-2.2642695903778076,4.613250732421875,0.41868841648101807,0.024663729593157768,-23.09105110168457,-17.829586029052734,-3.6413071155548096,4.887458801269531,2.2351741790771484e-08,0.003314971923828125,-2.388775110244751,6.007085800170898,3.725290298461914e-09,-0.0011445283889770508,-2.175126552581787,3.2472379207611084,-2.2351741790771484e-08,-0.005630373954772949,-0.9225943684577942,4.366864204406738,-3.725290298461914e-09,-0.008167266845703125
2.100000000000,252,-0.7744732087787745,0.23744991938273105,0.0,2.5820565223693848,2.623812995156304,0.42618903517723083,-2.367626428604126,4.693572044372559,0.41868823766708374,0.02466539852321148,-23.09111976623535,-17.829626083374023,-3.7501847743988037,4.938432693481445,-2.60770320892334e-08,0.003307044506072998,-2.5217478275299072,6.084444522857666,-7.450580596923828e-09,-0.0011508464813232422,-2.249452590942383,3.3297643661499023,-2.2351741790771484e-08,-0.005629301071166992,-1.0210155248641968,4.475775718688965,4.0978193283081055e-08,-0.008166909217834473
2.150000000000,258,-0.7744732087787745,0.23735421816507968,0.0,2.582211494445801,2.623971397055981,0.4262203872203827,-2.472675085067749,4.771681785583496,0.4186880588531494,0.024666432291269302,-23.091167449951172,-17.82965660095215,-3.8601295948028564,4.987081527709961,-1.4901161193847656e-08,0.0032990574836730957,-2.6563451290130615,6.158961772918701,-1.1175870895385742e-08,-0.0011565685272216797,-2.325521469116211,3.410696506500244,1.1175870895385742e-08,-0.005628347396850586,-1.1217371225357056,4.582576751708984,1.4901161193847656e-08,-0.00816643238067627
2.200000000000,264,-0.7744732087787745,0.23727339426676425,0.0,2.5823423862457275,2.624104710675574,0.426246702671051,-2.5793676376342773,4.847543716430664,0.4186878800392151,0.024667074903845787,-23.091203689575195,-17.829679489135742,-3.97109055519104,5.033382415771484,-2.60770320892334e-08,0.003293275833129883,-2.7925052642822266,6.230603218078613,7.450580596923828e-09,-0.0011610984802246094,-2.4032983779907227,3.4899964332580566,3.3527612686157227e-08,-0.005627036094665527,-1.2247132062911987,4.6872172355651855,1.862645149230957e-08,-0.008165359497070312
2.250000000000,270,-0.7744732087787745,0.2372057310740152,0.0,2.5824520587921143,2.624216758263309,0.4262688159942627,-2.687654733657837,4.9211225509643555,0.41868770122528076,0.024667656049132347,-23.091228485107422,-17.829694747924805,-4.0830159187316895,5.077315330505371,-3.3527612686157227e-08,0.0032876133918762207,-2.930164337158203,6.299335479736328,-3.725290298461914e-09,-0.0011664628982543945,-2.4827487468719482,3.5676279067993164,2.9802322387695312e-08,-0.005627274513244629,-1.3298972845077515,4.789648056030273,1.4901161193847656e-08,-0.008166313171386719
2.300000000000,276,-0.7744732087787745,0.23714879671732578,0.0,2.5825438499450684,2.6243102898706234,0.4262872338294983,-2.7974870204925537,4.99238395690918,0.4186876714229584,0.024668104946613312,-23.09124755859375,-17.8297061920166,-4.19585657119751,5.118858814239502,0.0,0.0032830238342285156,-3.069260358810425,6.365126609802246,0.0,-0.0011693239212036133,-2.563835620880127,3.643554449081421,-3.725290298461914e-09,-0.005626082420349121,-1.437240481376648,4.889822483062744,2.60770320892334e-08,-0.00816500186920166
2.350000000000,282,-0.7744732087787745,0.23710101763407382,0.0,2.5826215744018555,2.624389745070893,0.4263026714324951,-2.9088144302368164,5.061295509338379,0.4186876714229584,0.024668656289577484,-23.09126091003418,-17.829713821411133,-4.309557914733887,5.157994270324707,-7.450580596923828e-09,0.003279566764831543,-3.2097291946411133,6.427946090698242,-2.2351741790771484e-08,-0.0011725425720214844,-2.646522045135498,3.717742443084717,3.725290298461914e-09,-0.005626082420349121,-1.5466938018798828,4.98769474029541,-1.1175870895385742e-08,-0.008165121078491211
2.400000000000,288,-0.7744732087787745,0.23706067721048985,0.0,2.58268666267395,2.6244560158367505,0.42631566524505615,-3.021585702896118,5.127824306488037,0.4186875522136688,0.024669099599123,-23.091270446777344,-17.82971954345703,-4.424069881439209,5.194701194763184,-1.862645149230957e-08,0.0032770633697509766,-3.3515071868896484,6.48776388168335,-3.725290298461914e-09,-0.0011740922927856445,-2.7307701110839844,3.7901546955108643,1.862645149230957e-08,-0.005624651908874512,-1.6582080125808716,5.083217144012451,7.450580596923828e-09,-0.008163690567016602
2.450000000000,294,-0.7744732087787745,0.23702706019083652,0.0,2.5827407836914062,2.6245113573865417,0.4263266921043396,-3.1357498168945312,5.1919403076171875,0.41868749260902405,0.024669775739312172,-23.091278076171875,-17.829723358154297,-4.5393385887146,5.228964328765869,-3.725290298461914e-09,0.0032738447189331055,-3.4945294857025146,6.544553279876709,1.1175870895385742e-08,-0.0011775493621826172,-2.8165416717529297,3.8607611656188965,7.450580596923828e-09,-0.005625009536743164,-1.7717320919036865,5.176349639892578,1.862645149230957e-08,-0.008164405822753906
2.500000000000,300,-0.7744732087787745,0.23699887911478673,0.0,2.582786798477173,2.624558167704782,0.4263356328010559,-3.2512545585632324,5.253615379333496,0.4186874032020569,0.024670297279953957,-23.09128189086914,-17.829727172851562,-4.6553144454956055,5.260769367218018,1.1175870895385742e-08,0.0032718777656555176,-3.638730764389038,6.598289489746094,2.2351741790771484e-08,-0.0011786818504333496,-2.9037976264953613,3.9295291900634766,-1.1175870895385742e-08,-0.0056247711181640625,-1.8872140645980835,5.2670488357543945,0.0,-0.008164048194885254
2.550000000000,306,-0.7744732087787745,0.23697484652201328,0.0,2.582825183868408,2.624597423192904,0.42634332180023193,-3.3680474758148193,5.312819004058838,0.4186874032020569,0.02467047981917858,-23.091285705566406,-17.829729080200195,-4.771941661834717,5.290099620819092,0.0,0.0032692551612854004,-3.7840452194213867,6.648944854736328,-3.725290298461914e-09,-0.001180887222290039,-2.9924983978271484,3.996424913406372,-2.9802322387695312e-08,-0.005625009536743164,-2.0046017169952393,5.355269908905029,2.60770320892334e-08,-0.008164644241333008
2.600000000000,312,-0.7744732087787745,0.23695510546366366,0.0,2.582857608795166,2.6246302111245776,0.42634955048561096,-3.486074924468994,5.369525909423828,0.4186873733997345,0.024670440703630447,-23.091289520263672,-17.829730987548828,-4.889168739318848,5.31694221496582,1.862645149230957e-08,0.0032682716846466064,-3.930405616760254,6.696498394012451,-1.1175870895385742e-08,-0.001181483268737793,-3.0826034545898438,4.061419486999512,-3.725290298461914e-08,-0.005624651908874512,-2.123840808868408,5.440975666046143,-2.2351741790771484e-08,-0.008164048194885254
2.650000000000,318,-0.7744732087787745,0.23693879763285314,0.0,2.582883834838867,2.6246572558649404,0.4263550341129303,-3.605283737182617,5.423709392547607,0.4186873137950897,0.02467074617743492,-23.091291427612305,-17.829730987548828,-5.006940841674805,5.341283321380615,-1.862645149230957e-08,0.003267049789428711,-4.077747821807861,6.740927219390869,-2.2351741790771484e-08,-0.0011829733848571777,-3.1740715503692627,4.124483585357666,-1.4901161193847656e-08,-0.005624175071716309,-2.2448785305023193,5.524127006530762,-1.862645149230957e-08,-0.008163809776306152
2.700000000000,324,-0.7744732087787745,0.23692449251810704,0.0,2.582907199859619,2.6246808558400185,0.42635953426361084,-3.725619316101074,5.475345134735107,0.4186873137950897,0.024671057239174843,-23.091291427612305,-17.82973289489746,-5.125205039978027,5.363116264343262,3.725290298461914e-09,0.003265947103500366,-4.226002216339111,6.782212734222412,4.470348358154297e-08,-0.001183629035949707,-3.2668609619140625,4.185588836669922,7.450580596923828e-09,-0.005624055862426758,-2.3676586151123047,5.6046857833862305,3.725290298461914e-09,-0.008163928985595703
2.750000000000,330,-0.7744732087787745,0.23691276232401523,0.0,2.582926034927368,2.6247000810524557,0.42636334896087646,-3.847027540206909,5.524408340454102,0.4186873137950897,0.024671100080013275,-23.091293334960938,-17.82973289489746,-5.243908405303955,5.382425785064697,-1.4901161193847656e-08,0.0032649338245391846,-4.375103950500488,6.820333480834961,-3.725290298461914e-09,-0.0011844038963317871,-3.360931634902954,4.244704723358154,1.1175870895385742e-08,-0.005624055862426758,-2.49212646484375,5.682612419128418,2.60770320892334e-08,-0.008163809776306152
2.800000000000,336,-0.7744732087787745,0.23690289179484042,0.0,2.582941770553589,2.624716250697687,0.4263664782047272,-3.9694533348083496,5.570878028869629,0.41868725419044495,0.024671237915754318,-23.091293334960938,-17.82973289489746,-5.362998008728027,5.399205684661865,7.450580596923828e-09,0.003264099359512329,-4.524983882904053,6.855273246765137,-2.2351741790771484e-08,-0.0011847615242004395,-3.4562387466430664,4.301807403564453,-4.470348358154297e-08,-0.005623579025268555,-2.618225336074829,5.757875442504883,1.4901161193847656e-08,-0.00816333293914795
2.850000000000,342,-0.7744732087787745,0.23689516703287755,0.0,2.5829548835754395,2.624729235440806,0.4263691008090973,-4.092841148376465,5.61473274230957,0.41868725419044495,0.024671237915754318,-23.091293334960938,-17.82973289489746,-5.482417106628418,5.413448333740234,1.862645149230957e-08,0.003263726830482483,-4.675574779510498,6.887017250061035,-2.60770320892334e-08,-0.001185595989227295,-3.5527403354644775,4.356869220733643,-3.725290298461914e-08,-0.005623579025268555,-2.7458977699279785,5.830437660217285,0.0,-0.008163213729858398
2.900000000000,348,-0.7744732087787745,0.2368887297312418,0.0,2.5829644203186035,2.6247391899105814,0.42637109756469727,-4.21713399887085,5.655951499938965,0.41868725419044495,0.024671686813235283,-23.091293334960938,-17.82973289489746,-5.602112770080566,5.425146102905273,-1.4901161193847656e-08,0.0032637566328048706,-4.826806545257568,6.915548801422119,2.60770320892334e-08,-0.0011847615242004395,-3.6503913402557373,4.4098639488220215,-7.450580596923828e-09,-0.005622565746307373,-2.8750855922698975,5.900267124176025,-1.1175870895385742e-08,-0.008162379264831543
2.950000000000,354,-0.7744732087787745,0.2368835798899332,0.0,2.5829734802246094,2.624748186713199,0.42637282609939575,-4.342276096343994,5.694516181945801,0.41868725419044495,0.024672474712133408,-23.09129524230957,-17.82973289489746,-5.722030162811279,5.434293746948242,-3.725290298461914e-09,0.0032625794410705566,-4.978610992431641,6.940855979919434,-3.725290298461914e-09,-0.0011862218379974365,-3.74914813041687,4.4607696533203125,2.2351741790771484e-08,-0.0056231021881103516,-3.0057294368743896,5.967331886291504,-2.2351741790771484e-08,-0.008163094520568848
3.000000000000,360,-0.7744732087787745,0.23687885920206697,0.0,2.5829808712005615,2.6247560464201283,0.42637425661087036,-4.4682111740112305,5.730410099029541,0.41868722438812256,0.024672875180840492,-23.09129524230957,-17.829734802246094,-5.842116355895996,5.440889835357666,-3.725290298461914e-08,0.003261968493461609,-5.130921840667725,6.962928771972656,3.725290298461914e-09,-0.0011867880821228027,-3.8489673137664795,4.509563446044922,-3.725290298461914e-09,-0.005623757839202881,-3.13777232170105,6.031601428985596,-2.2351741790771484e-08,-0.0081634521484375
3.050000000000,366,-0.7744732087787745,0.23687485376993808,0.0,2.5829873085021973,2.624762593693391,0.4263755977153778,-4.594882488250732,5.763616561889648,0.41868722438812256,0.02467244118452072,-23.09129524230957,-17.829734802246094,-5.962316036224365,5.444928169250488,-3.725290298461914e-08,0.0032620877027511597,-5.28366756439209,6.981755256652832,-7.450580596923828e-09,-0.001186460256576538,-3.9498016834259033,4.556222438812256,-2.9802322387695312e-08,-0.005623340606689453,-3.271153688430786,6.093049049377441,1.1175870895385742e-08,-0.00816333293914795
3.100000000000,372,-0.7744732087787745,0.236871420542399,0.0,2.5829927921295166,2.6247680029892733,0.4263765811920166,-4.722231388092041,5.7941203117370605,0.41868722438812256,0.02467196434736252,-23.09129524230957,-17.829734802246094,-6.082573890686035,5.446408748626709,-2.2351741790771484e-08,0.0032625552266836166,-5.4367804527282715,6.9973273277282715,1.862645149230957e-08,-0.0011864006519317627,-4.051605701446533,4.6007256507873535,2.9802322387695312e-08,-0.0056231021881103516,-3.405811309814453,6.151644706726074,-1.862645149230957e-08,-0.008162975311279297
3.150000000000,378,-0.7744732087787745,0.2368688456217447,0.0,2.5829970836639404,2.624772544583041,0.42637747526168823,-4.850200653076172,5.8219075202941895,0.41868722438812256,0.024672098457813263,-23.09129524230957,-17.829734802246094,-6.2028374671936035,5.445329666137695,-2.2351741790771484e-08,0.0032611750066280365,-5.590188980102539,7.00963830947876,0.0,-0.0011876225471496582,-4.154334545135498,4.643052577972412,3.725290298461914e-09,-0.005623996257781982,-3.5416862964630127,6.207361221313477,0.0,-0.00816422700881958
3.200000000000,384,-0.7744732087787745,0.23686641375223788,0.0,2.583001136779785,2.624776772466227,0.42637819051742554,-4.978732585906982,5.846965312957764,0.41868722438812256,0.024671971797943115,-23.09129524230957,-17.829734802246094,-6.323050498962402,5.441691875457764,2.9802322387695312e-08,0.003261260688304901,-5.7438249588012695,7.01868200302124,0.0,-0.0011872947216033936,-4.257941246032715,4.683182716369629,1.4901161193847656e-08,-0.005623817443847656,-3.678715467453003,6.2601728439331055,0.0,-0.008163809776306152
3.250000000000,390,-0.7744732087787745,0.23686426798502597,0.0,2.5830047130584717,2.6247802743669038,0.42637887597084045,-5.107768535614014,5.869283676147461,0.41868722438812256,0.024672210216522217,-23.09129524230957,-17.829734802246094,-6.4431586265563965,5.435497760772705,2.9802322387695312e-08,0.0032612234354019165,-5.89762020111084,7.0244550704956055,-1.862645149230957e-08,-0.0011878162622451782,-4.362378120422363,4.7211012840271,1.4901161193847656e-08,-0.005623757839202881,-3.816838264465332,6.310059547424316,-2.9802322387695312e-08,-0.008163511753082275
3.300000000000,396,-0.7744732087787745,0.23686283747355136,0.0,2.5830070972442627,2.624782393475877,0.42637932300567627,-5.237250804901123,5.888850688934326,0.41868722438812256,0.02467271126806736,-23.09129524230957,-17.829734802246094,-6.563107967376709,5.426748275756836,2.9802322387695312e-08,0.003262057900428772,-6.051502227783203,7.026954650878906,-2.9802322387695312e-08,-0.0011864705011248589,-4.467597484588623,4.756789207458496,-1.1175870895385742e-08,-0.005622804164886475,-3.955991268157959,6.356995105743408,-1.1175870895385742e-08,-0.008162498474121094
3.350000000000,402,-0.7744732087787745,0.23686169306437166,0.0,2.583008050918579,2.6247840427144573,0.4263797402381897,-5.367119789123535,5.905657768249512,0.41868722438812256,0.02467295154929161,-23.09129524230957,-17.829734802246094,-6.682844638824463,5.415449142456055,1.1175870895385742e-08,0.003260374069213867,-6.2054033279418945,7.026178359985352,-2.9802322387695312e-08,-0.0011880584061145782,-4.573553562164307,4.790229320526123,-1.1175870895385742e-08,-0.005624175071716309,-4.09611177444458,6.400959014892578,-1.1175870895385742e-08,-0.008164048194885254
3.400000000000,408,-0.7744732087787745,0.23686026255289705,0.0,2.5830113887786865,2.6247872933908543,0.4263801574707031,-5.497317314147949,5.919698238372803,0.41868722438812256,0.024673258885741234,-23.09129524230957,-17.829734802246094,-6.802314281463623,5.401605606079102,1.1175870895385742e-08,0.003260701894760132,-6.3592529296875,7.022129058837891,-2.9802322387695312e-08,-0.0011875927448272705,-4.680196762084961,4.821406841278076,7.450580596923828e-09,-0.0056236982345581055,-4.237135887145996,6.441930770874023,-1.1175870895385742e-08,-0.008163750171661377
3.450000000000,414,-0.7744732087787745,0.23685897509256992,0.0,2.583012819290161,2.6247886699545626,0.42638054490089417,-5.627784252166748,5.930964946746826,0.41868722438812256,0.024673255160450935,-23.09129524230957,-17.829734802246094,-6.921461582183838,5.385221481323242,0.0,0.003260672092437744,-6.512982368469238,7.014805316925049,-3.725290298461914e-09,-0.001187637448310852,-4.787479400634766,4.850309371948242,7.450580596923828e-09,-0.005623579025268555,-4.379000186920166,6.479894161224365,-1.1175870895385742e-08,-0.008163511753082275
3.500000000000,420,-0.7744732087787745,0.2368579737345377,0.0,2.583014726638794,2.62479049349845,0.42638105154037476,-5.758460998535156,5.939453601837158,0.41868722438812256,0.02467300556600094,-23.09129524230957,-17.829734802246094,-7.040233612060547,5.366307258605957,0.0,0.0032605230808258057,-6.666520595550537,7.004214286804199,-3.725290298461914e-09,-0.001187652349472046,-4.895351886749268,4.876923084259033,7.450580596923828e-09,-0.0056231021881103516,-4.521639347076416,6.514829635620117,-3.725290298461914e-08,-0.008162975311279297
3.550000000000,426,-0.7744732087787745,0.2368572584788004,0.0,2.5830163955688477,2.624792015628733,0.42638126015663147,-5.889288902282715,5.945159435272217,0.41868722438812256,0.024672731757164,-23.09129524230957,-17.829734802246094,-7.158575534820557,5.3448686599731445,0.0,0.0032609105110168457,-6.819799900054932,6.990357398986816,-2.2351741790771484e-08,-0.0011875927448272705,-5.0037665367126465,4.901234149932861,7.450580596923828e-09,-0.0056227147579193115,-4.664990425109863,6.546722412109375,-3.725290298461914e-08,-0.00816267728805542
3.600000000000,432,-0.7744732087787745,0.23685597101847322,0.0,2.5830178260803223,2.6247937960188867,0.4263814091682434,-6.020209312438965,5.948080062866211,0.41868722438812256,0.024672554805874825,-23.09129524230957,-17.829734802246094,-7.276435375213623,5.320916652679443,0.0,0.0032612085342407227,-6.97274923324585,6.973241329193115,-2.2351741790771484e-08,-0.0011870265007019043,-5.112674713134766,4.9232330322265625,7.450580596923828e-09,-0.0056231021881103516,-4.808988094329834,6.575557708740234,-3.725290298461914e-08,-0.008162856101989746
3.650000000000,438,-0.7744732087787745,0.2368556849161783,0.0,2.5830185413360596,2.6247943800233324,0.42638149857521057,-6.151162147521973,5.948214054107666,0.41868722438812256,0.024672288447618484,-23.09129524230957,-17.829734802246094,-7.393759250640869,5.294463157653809,0.0,0.0032605528831481934,-7.125299453735352,6.952874660491943,-2.2351741790771484e-08,-0.0011877119541168213,-5.2220258712768555,4.9429097175598145,2.2351741790771484e-08,-0.005623281002044678,-4.953566551208496,6.601322174072266,-2.2351741790771484e-08,-0.008163422346115112
3.700000000000,444,-0.7744732087787745,0.2368553988138834,0.0,2.5830187797546387,2.6247945891982583,0.4263816177845001,-6.282087802886963,5.94556188583374,0.41868722438812256,0.02467222511768341,-23.09129524230957,-17.829734802246094,-7.510493278503418,5.265518665313721,2.60770320892334e-08,0.0032610297203063965,-7.2773823738098145,6.929267406463623,-2.2351741790771484e-08,-0.0011873841285705566,-5.331772327423096,4.9602556228637695,2.2351741790771484e-08,-0.005622953176498413,-5.098660945892334,6.624004364013672,-2.2351741790771484e-08,-0.008162736892700195
3.750000000000,450,-0.7744732087787745,0.23685525576273592,0.0,2.5830190181732178,2.624794758537252,0.4263817071914673,-6.412927627563477,5.94012451171875,0.41868722438812256,0.02467270754277706,-23.09129524230957,-17.829734802246094,-7.626585006713867,5.234097957611084,0.0,0.0032607316970825195,-7.428927421569824,6.902430057525635,-2.2351741790771484e-08,-0.0011872649192810059,-5.441861152648926,4.97526216506958,2.2351741790771484e-08,-0.005622774362564087,-5.244204521179199,6.643594741821289,-2.2351741790771484e-08,-0.008162885904312134
3.800000000000,456,-0.7744732087787745,0.23685525576273592,0.0,2.5830190181732178,2.6247947149102626,0.42638182640075684,-6.543622970581055,5.9319047927856445,0.41868722438812256,0.024673178791999817,-23.09129524230957,-17.829734802246094,-7.741982460021973,5.200212478637695,0.0,0.0032607316970825195,-7.579868793487549,6.872373104095459,-2.2351741790771484e-08,-0.0011869072914123535,-5.552245616912842,4.987923622131348,2.2351741790771484e-08,-0.005622506141662598,-5.390132904052734,6.660083770751953,-2.2351741790771484e-08,-0.008162528276443481
3.850000000000,462,-0.7744732087787745,0.23685554186503086,0.0,2.5830180644989014,2.6247939413409274,0.4263817369937897,-6.674112319946289,5.920905590057373,0.41868722438812256,0.02467358112335205,-23.09129524230957,-17.829734802246094,-7.856630802154541,5.163880825042725,-1.862645149230957e-08,0.0032605528831481934,-7.730135440826416,6.839111804962158,2.2351741790771484e-08,-0.0011878013610839844,-5.662872791290283,4.998232841491699,-3.725290298461914e-09,-0.00562267005443573,-5.536377429962158,6.673463821411133,-2.2351741790771484e-08,-0.008162692189216614
3.900000000000,468,-0.7744732087787745,0.2368558279673258,0.0,2.5830183029174805,2.624793939968966,0.4263817071914673,-6.8043389320373535,5.907132148742676,0.41868722438812256,0.024673234671354294,-23.09129524230957,-17.829734802246094,-7.9704813957214355,5.125115871429443,7.450580596923828e-09,0.003261268138885498,-7.8796610832214355,6.802659034729004,7.450580596923828e-09,-0.001186966896057129,-5.773695945739746,5.006186008453369,2.2351741790771484e-08,-0.0056222304701805115,-5.682875633239746,6.68372917175293,-3.725290298461914e-08,-0.008162155747413635
3.950000000000,474,-0.7744732087787745,0.2368558279673258,0.0,2.5830183029174805,2.6247940377949077,0.4263816773891449,-6.9342427253723145,5.890591144561768,0.41868719458580017,0.02467328868806362,-23.09129524230957,-17.829734802246094,-8.083480834960938,5.083938121795654,7.450580596923828e-09,0.003260672092437744,-8.028376579284668,6.763034820556641,7.450580596923828e-09,-0.0011872053146362305,-5.884661674499512,5.01177978515625,2.2351741790771484e-08,-0.005622752010822296,-5.8295578956604,6.69087553024292,-3.725290298461914e-08,-0.00816284865140915
4.000000000000,480,-0.7744732087787745,0.2368556849161783,0.0,2.5830183029174805,2.6247940462786596,0.4263817071914673,-7.063765048980713,5.871289253234863,0.41868719458580017,0.024673495441675186,-23.09129524230957,-17.829734802246094,-8.195579528808594,5.0403642654418945,7.450580596923828e-09,0.0032610297203063965,-8.176216125488281,6.720252990722656,7.450580596923828e-09,-0.0011867284774780273,-5.995721817016602,5.015009880065918,2.2351741790771484e-08,-0.005622245371341705,-5.9763593673706055,6.694899082183838,-3.725290298461914e-08,-0.008162230253219604
4.050000000000,486,-0.7744732087787745,0.23685554186503086,0.0,2.5830187797546387,2.6247945376082398,0.42638158798217773,-7.192847728729248,5.849236488342285,0.41868719458580017,0.024673854932188988,-23.09129524230957,-17.829734802246094,-8.306724548339844,4.9944167137146,7.450580596923828e-09,0.0032607316970825195,-8.323111534118652,6.674337387084961,7.450580596923828e-09,-0.0011880993843078613,-6.106826305389404,5.0158772468566895,2.2351741790771484e-08,-0.005623382516205311,-6.123212814331055,6.695797443389893,-3.725290298461914e-08,-0.00816347450017929
4.100000000000,492,-0.7744732087787745,0.23685525576273592,0.0,2.5830185413360596,2.6247944824440768,0.4263816475868225,-7.321431636810303,5.824441432952881,0.41868719458580017,0.02467394806444645,-23.09129524230957,-17.829734802246094,-8.416868209838867,4.946115016937256,-3.3527612686157227e-08,0.003259897232055664,-8.468994140625,6.625307083129883,-7.450580596923828e-09,-0.0011878013610839844,-6.217924118041992,5.014378547668457,2.2351741790771484e-08,-0.005623385310173035,-6.2700514793396,6.693569660186768,-2.2351741790771484e-08,-0.008163563907146454
4.150000000000,498,-0.7744732087787745,0.2368556849161783,0.0,2.5830183029174805,2.624794357099745,0.4263817369937897,-7.449459075927734,5.7969160079956055,0.41868719458580017,0.02467396855354309,-23.09129524230957,-17.829734802246094,-8.525958061218262,4.895479202270508,-3.3527612686157227e-08,0.0032607316970825195,-8.61380386352539,6.57318115234375,-7.450580596923828e-09,-0.0011876821517944336,-6.328965663909912,5.010517120361328,2.2351741790771484e-08,-0.0056232064962387085,-6.416810989379883,6.688218593597412,-2.2351741790771484e-08,-0.008163049817085266
4.200000000000,504,-0.7744732087787745,0.2368558279673258,0.0,2.5830178260803223,2.6247937901199747,0.4263817071914673,-7.576871395111084,5.766672611236572,0.41868719458580017,0.02467406913638115,-23.09129524230957,-17.829734802246094,-8.633946418762207,4.842534065246582,-3.3527612686157227e-08,0.0032604336738586426,-8.75747013092041,6.5179877281188965,-7.450580596923828e-09,-0.001187443733215332,-6.439897537231445,5.004293441772461,2.2351741790771484e-08,-0.005622804164886475,-6.563422203063965,6.679747104644775,-3.725290298461914e-08,-0.008162885904312134
4.250000000000,510,-0.7744732087787745,0.2368556849161783,0.0,2.5830183029174805,2.624793757694119,0.4263816475868225,-7.703611373901367,5.733724594116211,0.41868719458580017,0.024673892185091972,-23.09129524230957,-17.829734802246094,-8.740782737731934,4.787301540374756,-3.3527612686157227e-08,0.0032614469528198242,-8.899930953979492,6.459746837615967,-7.450580596923828e-09,-0.0011867284774780273,-6.55067253112793,4.9957122802734375,2.2351741790771484e-08,-0.00562189519405365,-6.70982027053833,6.668157577514648,-3.725290298461914e-08,-0.008161425590515137
4.300000000000,516,-0.7744732087787745,0.2368558279673258,0.0,2.5830180644989014,2.6247938552761787,0.42638158798217773,-7.829621315002441,5.6980881690979,0.41868719458580017,0.024673832580447197,-23.09129524230957,-17.829734802246094,-8.846419334411621,4.729811191558838,-3.3527612686157227e-08,0.0032606124877929688,-9.041117668151855,6.398490905761719,7.450580596923828e-09,-0.001187443733215332,-6.661240100860596,4.984775543212891,2.2351741790771484e-08,-0.005623072385787964,-6.855938911437988,6.6534552574157715,-2.2351741790771484e-08,-0.008163005113601685
4.350000000000,522,-0.7744732087787745,0.23685625712076816,0.0,2.5830178260803223,2.624793672165142,0.42638152837753296,-7.954844951629639,5.659778118133545,0.41868719458580017,0.0246739462018013,-23.09129524230957,-17.829734802246094,-8.95080852508545,4.670083999633789,-3.3527612686157227e-08,0.003261089324951172,-9.180971145629883,6.334243297576904,-7.450580596923828e-09,-0.0011876821517944336,-6.771549701690674,4.971487522125244,2.2351741790771484e-08,-0.005622804164886475,-7.001710891723633,6.635647773742676,-3.725290298461914e-08,-0.008162498474121094
4.400000000000,528,-0.7744732087787745,0.2368558279673258,0.0,2.5830183029174805,2.624794032450498,0.4263814687728882,-8.079225540161133,5.618812084197998,0.41868719458580017,0.0246739462018013,-23.09129524230957,-17.829734802246094,-9.053905487060547,4.608151435852051,-3.3527612686157227e-08,0.003260374069213867,-9.31942367553711,6.267036437988281,-7.450580596923828e-09,-0.0011881589889526367,-6.881554126739502,4.955855369567871,2.2351741790771484e-08,-0.005624294281005859,-7.147071838378906,6.614741325378418,-2.2351741790771484e-08,-0.008164018392562866
4.450000000000,534,-0.7744732087787745,0.2368561140696207,0.0,2.583017587661743,2.624793523166588,0.426381379365921,-8.202706336975098,5.575209140777588,0.41868719458580017,0.024673815816640854,-23.09129524230957,-17.829734802246094,-9.155661582946777,4.54403829574585,-3.3527612686157227e-08,0.0032606124877929688,-9.456417083740234,6.196897506713867,7.450580596923828e-09,-0.0011881589889526367,-6.991199493408203,4.937886714935303,2.2351741790771484e-08,-0.005623757839202881,-7.29195499420166,6.590746879577637,-2.2351741790771484e-08,-0.008163809776306152
4.500000000000,540,-0.7744732087787745,0.2368556849161783,0.0,2.5830180644989014,2.624794163056415,0.426381379365921,-8.325231552124023,5.528987884521484,0.41868719458580017,0.02467387542128563,-23.09129524230957,-17.829734802246094,-9.256030082702637,4.477774620056152,-3.3527612686157227e-08,0.0032602548599243164,-9.591885566711426,6.123860836029053,7.450580596923828e-09,-0.0011886358261108398,-7.100438117980957,4.917586803436279,2.2351741790771484e-08,-0.005624353885650635,-7.436293601989746,6.56367301940918,-3.725290298461914e-08,-0.008164584636688232
4.550000000000,546,-0.7744732087787745,0.2368553988138834,0.0,2.5830187797546387,2.6247946541731006,0.42638152837753296,-8.446743965148926,5.480170249938965,0.41868719458580017,0.02467370592057705,-23.09129524230957,-17.829734802246094,-9.354965209960938,4.409389019012451,-3.3527612686157227e-08,0.0032606124877929688,-9.725769996643066,6.047957420349121,7.450580596923828e-09,-0.0011878013610839844,-7.209218978881836,4.894968509674072,2.2351741790771484e-08,-0.005623310804367065,-7.580023288726807,6.533535957336426,-2.2351741790771484e-08,-0.0081634521484375
4.600000000000,552,-0.7744732087787745,0.2368556849161783,0.0,2.5830183029174805,2.624794021446767,0.42638179659843445,-8.567192077636719,5.428778171539307,0.41868719458580017,0.02467380277812481,-23.09129524230957,-17.829734802246094,-9.452423095703125,4.338913917541504,7.450580596923828e-09,0.003260493278503418,-9.858009338378906,5.9692206382751465,-7.450580596923828e-09,-0.0011878013610839844,-7.317494869232178,4.8700408935546875,2.2351741790771484e-08,-0.005622804164886475,-7.723081111907959,6.500348091125488,1.862645149230957e-08,-0.008162736892700195
4.650000000000,558,-0.7744732087787745,0.2368556849161783,0.0,2.5830183029174805,2.6247941095555354,0.42638182640075684,-8.686518669128418,5.374835014343262,0.41868719458580017,0.024673892185091972,-23.09129524230957,-17.829734802246094,-9.548357963562012,4.26638126373291,7.450580596923828e-09,0.003260493278503418,-9.988543510437012,5.887688159942627,-7.450580596923828e-09,-0.001188039779663086,-7.425216197967529,4.842816352844238,2.2351741790771484e-08,-0.0056231021881103516,-7.865401268005371,6.464123249053955,-2.2351741790771484e-08,-0.008162975311279297
4.700000000000,564,-0.7744732087787745,0.2368556849161783,0.0,2.5830183029174805,2.624794191617557,0.4263817071914673,-8.804670333862305,5.318365573883057,0.41868719458580017,0.0246739462018013,-23.09129524230957,-17.829734802246094,-9.642728805541992,4.191823959350586,7.450580596923828e-09,0.0032596588134765625,-10.11731243133545,5.803398132324219,-7.450580596923828e-09,-0.0011886358261108398,-7.532331943511963,4.813305377960205,2.2351741790771484e-08,-0.005623877048492432,-8.006916046142578,6.424879550933838,1.862645149230957e-08,-0.008163988590240479
4.750000000000,570,-0.7744732087787745,0.2368558279673258,0.0,2.5830178260803223,2.6247939310044446,0.42638158798217773,-8.92159366607666,5.25939416885376,0.41868719458580017,0.02467355690896511,-23.09129524230957,-17.829734802246094,-9.735492706298828,4.115276336669922,7.450580596923828e-09,0.0032597780227661133,-10.244258880615234,5.716386795043945,7.450580596923828e-09,-0.0011883974075317383,-7.638797760009766,4.781520843505859,2.2351741790771484e-08,-0.005624115467071533,-8.147564888000488,6.382631301879883,1.862645149230957e-08,-0.008164465427398682
4.800000000000,576,-0.7744732087787745,0.2368558279673258,0.0,2.5830180644989014,2.6247939241766893,0.42638152837753296,-9.037235260009766,5.197947978973389,0.41868719458580017,0.02467338927090168,-23.09129524230957,-17.829734802246094,-9.826603889465332,4.036770820617676,7.450580596923828e-09,0.003260016441345215,-10.369324684143066,5.626694679260254,7.450580596923828e-09,-0.0011889934539794922,-7.744561195373535,4.747477054595947,2.2351741790771484e-08,-0.005624353885650635,-8.287280082702637,6.337400436401367,1.862645149230957e-08,-0.008164286613464355
4.850000000000,582,-0.7744732087787745,0.23685625712076816,0.0,2.583016872406006,2.624792983247372,0.4263814091682434,-9.151541709899902,5.134055137634277,0.41868719458580017,0.024673186242580414,-23.09129524230957,-17.829734802246094,-9.91602611541748,3.9563450813293457,7.450580596923828e-09,0.0032601356506347656,-10.492452621459961,5.534360885620117,7.450580596923828e-09,-0.0011879205703735352,-7.849575519561768,4.711191177368164,2.2351741790771484e-08,-0.005623757839202881,-8.42600154876709,6.2892069816589355,1.862645149230957e-08,-0.008163750171661377
4.900000000000,588,-0.7744732087787745,0.23685597101847322,0.0,2.583017587661743,2.624793496952152,0.42638152837753296,-9.264464378356934,5.067745208740234,0.41868719458580017,0.024672862142324448,-23.09129524230957,-17.829734802246094,-10.003716468811035,3.874035120010376,7.450580596923828e-09,0.003260016441345215,-10.613590240478516,5.439427852630615,7.450580596923828e-09,-0.0011888742446899414,-7.953794956207275,4.672680377960205,2.2351741790771484e-08,-0.005623877048492432,-8.563668251037598,6.238073348999023,1.862645149230957e-08,-0.008164167404174805
4.950000000000,594,-0.7744732087787745,0.23685625712076816,0.0,2.583017587661743,2.624793445831442,0.42638155817985535,-9.375951766967773,4.99904727935791,0.41868719458580017,0.024672813713550568,-23.09129524230957,-17.829734802246094,-10.08963680267334,3.789877414703369,7.450580596923828e-09,0.0032608509063720703,-10.73267936706543,5.341939926147461,-7.450580596923828e-09,-0.0011866092681884766,-8.057172775268555,4.631960391998291,2.2351741790771484e-08,-0.005622506141662598,-8.700216293334961,6.184022903442383,1.862645149230957e-08,-0.008162140846252441
5.000000000000,600,-0.7744732087787745,0.2368553988138834,0.0,2.5830185413360596,2.624794315623862,0.4263814687728882,-9.485950469970703,4.927992343902588,0.41868719458580017,0.024672573432326317,-23.09129524230957,-17.829734802246094,-10.173746109008789,3.7039105892181396,7.450580596923828e-09,0.003261089324951172,-10.849668502807617,5.241939067840576,-7.450580596923828e-09,-0.001186966896057129,-8.159659385681152,4.589049816131592,2.2351741790771484e-08,-0.005622565746307373,-8.835582733154297,6.127077579498291,1.862645149230957e-08,-0.008162617683410645
5.050000000000,606,-0.7744732087787745,0.2368556849161783,0.0,2.5830187797546387,2.624794403433738,0.4263814389705658,-9.594413757324219,4.854613780975342,0.41868719458580017,0.024672331288456917,-23.09129524230957,-17.829734802246094,-10.256007194519043,3.6161744594573975,7.450580596923828e-09,0.0032612085342407227,-10.964502334594727,5.139472007751465,7.450580596923828e-09,-0.0011873245239257812,-8.261211395263672,4.543968200683594,2.2351741790771484e-08,-0.0056231021881103516,-8.969706535339355,6.06726598739624,1.862645149230957e-08,-0.008163094520568848
5.100000000000,612,-0.7744732087787745,0.2368553988138834,0.0,2.5830187797546387,2.624794666471316,0.4263816475868225,-9.701290130615234,4.7789435386657715,0.41868719458580017,0.02467232011258602,-23.09129524230957,-17.829734802246094,-10.336383819580078,3.526707887649536,7.450580596923828e-09,0.0032607316970825195,-11.077130317687988,5.034584999084473,-7.450580596923828e-09,-0.0011876821517944336,-8.361780166625977,4.496735095977783,2.2351741790771484e-08,-0.005623281002044678,-9.102526664733887,6.004612922668457,1.862645149230957e-08,-0.008163094520568848
5.150000000000,618,-0.7744732087787745,0.2368556849161783,0.0,2.5830190181732178,2.624794566577923,0.4263817369937897,-9.806532859802246,4.701016426086426,0.41868719458580017,0.024671923369169235,-23.09129524230957,-17.829734802246094,-10.414835929870605,3.4355499744415283,7.450580596923828e-09,0.003262162208557129,-11.1875,4.927324295043945,7.450580596923828e-09,-0.001185774803161621,-8.461320877075195,4.4473748207092285,-2.2351741790771484e-08,-0.005621850490570068,-9.233983993530273,5.939148902893066,1.862645149230957e-08,-0.008161187171936035
5.200000000000,624,-0.7744732087787745,0.23685554186503086,0.0,2.5830185413360596,2.624794463919345,0.4263817071914673,-9.910093307495117,4.6208672523498535,0.41868719458580017,0.02467159740626812,-23.09129524230957,-17.829734802246094,-10.4913330078125,3.3427438735961914,7.450580596923828e-09,0.0032602548599243164,-11.295564651489258,4.817739963531494,7.450580596923828e-09,-0.0011878013610839844,-8.559788703918457,4.395906448364258,-2.2351741790771484e-08,-0.005623161792755127,-9.364020347595215,5.8709025382995605,1.862645149230957e-08,-0.00816333293914795
5.250000000000,630,-0.7744732087787745,0.2368553988138834,0.0,2.5830185413360596,2.624794293191488,0.4263817369937897,-10.011924743652344,4.538532733917236,0.41868719458580017,0.02467130310833454,-23.09129524230957,-17.829734802246094,-10.565835952758789,3.248331069946289,7.450580596923828e-09,0.0032612085342407227,-11.401270866394043,4.705880165100098,7.450580596923828e-09,-0.0011873245239257812,-8.65713882446289,4.342355728149414,2.2351741790771484e-08,-0.00562208890914917,-9.492573738098145,5.7999043464660645,1.862645149230957e-08,-0.008162260055541992
5.300000000000,636,-0.7744732087787745,0.2368558279673258,0.0,2.5830180644989014,2.6247939153457254,0.4263816475868225,-10.111982345581055,4.454050540924072,0.41868719458580017,0.024671534076333046,-23.09129524230957,-17.829734802246094,-10.638315200805664,3.1523549556732178,7.450580596923828e-09,0.003260493278503418,-11.5045747756958,4.591797351837158,-7.450580596923828e-09,-0.001188039779663086,-8.753329277038574,4.286745071411133,2.2351741790771484e-08,-0.005623340606689453,-9.619588851928711,5.726187705993652,1.862645149230957e-08,-0.008163213729858398
5.350000000000,642,-0.7744732087787745,0.2368558279673258,0.0,2.5830180644989014,2.6247940438709954,0.42638158798217773,-10.21021842956543,4.367457866668701,0.41868719458580017,0.024671506136655807,-23.09129524230957,-17.829734802246094,-10.708734512329102,3.0548574924468994,7.450580596923828e-09,0.003260374069213867,-11.605425834655762,4.475542068481445,-7.450580596923828e-09,-0.001188039779663086,-8.848312377929688,4.229099273681641,2.2351741790771484e-08,-0.005623281002044678,-9.745003700256348,5.649783611297607,1.862645149230957e-08,-0.00816333293914795
5.400000000000,648,-0.7744732087787745,0.23685554186503086,0.0,2.5830183029174805,2.6247943197628527,0.4263816773891449,-10.30659008026123,4.278794765472412,0.41868719458580017,0.02467120811343193,-23.09129524230957,-17.829734802246094,-10.777064323425293,2.9558844566345215,7.450580596923828e-09,0.003259897232055664,-11.703782081604004,4.357167720794678,7.450580596923828e-09,-0.0011887550354003906,-8.942048072814941,4.169445991516113,2.2351741790771484e-08,-0.005623579025268555,-9.868766784667969,5.570729732513428,-7.450580596923828e-09,-0.008163809776306152
5.450000000000,654,-0.7744732087787745,0.2368556849161783,0.0,2.5830180644989014,2.6247939113640997,0.4263817071914673,-10.401053428649902,4.188101291656494,0.41868719458580017,0.024671394377946854,-23.09129524230957,-17.829734802246094,-10.84327220916748,2.8554799556732178,7.450580596923828e-09,0.003260374069213867,-11.799595832824707,4.236727237701416,7.450580596923828e-09,-0.0011879205703735352,-9.034493446350098,4.10781192779541,2.2351741790771484e-08,-0.005622982978820801,-9.99081802368164,5.4890594482421875,1.862645149230957e-08,-0.008162975311279297
5.500000000000,660,-0.7744732087787745,0.23685597101847322,0.0,2.5830178260803223,2.6247936143565522,0.42638176679611206,-10.493566513061523,4.095418453216553,0.41868719458580017,0.024671263992786407,-23.09129524230957,-17.829734802246094,-10.907330513000488,2.7536892890930176,7.450580596923828e-09,0.0032601356506347656,-11.892827987670898,4.1142754554748535,7.450580596923828e-09,-0.0011878013610839844,-9.125608444213867,4.044224262237549,2.2351741790771484e-08,-0.005622982978820801,-10.111105918884277,5.404810428619385,1.862645149230957e-08,-0.008162856101989746
5.550000000000,666,-0.7744732087787745,0.23685597101847322,0.0,2.5830183029174805,2.6247939768337583,0.4263816177845001,-10.584084510803223,4.000787734985352,0.41868719458580017,0.024671388790011406,-23.09129524230957,-17.829734802246094,-10.96920394897461,2.6505582332611084,7.450580596923828e-09,0.003260493278503418,-11.983428955078125,3.9898669719696045,-7.450580596923828e-09,-0.0011876821517944336,-9.215347290039062,3.978712797164917,2.2351741790771484e-08,-0.005623340606689453,-10.229572296142578,5.318021297454834,1.862645149230957e-08,-0.00816333293914795
5.600000000000,672,-0.7744732087787745,0.2368558279673258,0.0,2.5830178260803223,2.6247938045040424,0.42638149857521057,-10.672569274902344,3.904252767562866,0.41868719458580017,0.02467128075659275,-23.09129524230957,-17.829734802246094,-11.0288724899292,2.5461347103118896,7.450580596923828e-09,0.0032607316970825195,-12.071366310119629,3.8635594844818115,7.450580596923828e-09,-0.0011878013610839844,-9.303671836853027,3.911306858062744,-2.2351741790771484e-08,-0.005623221397399902,-10.346165657043457,5.228731632232666,1.862645149230957e-08,-0.00816333293914795
5.650000000000,678,-0.7744732087787745,0.23685597101847322,0.0,2.5830178260803223,2.624793448758905,0.42638152837753296,-10.758980751037598,3.805856704711914,0.41868719458580017,0.02467130869626999,-23.09129524230957,-17.829734802246094,-11.086304664611816,2.4404640197753906,7.450580596923828e-09,0.003260195255279541,-12.156594276428223,3.7354085445404053,-3.725290298461914e-08,-0.0011881589889526367,-9.390542984008789,3.842036724090576,2.2351741790771484e-08,-0.005623221397399902,-10.460832595825195,5.1369805335998535,1.862645149230957e-08,-0.0081634521484375
5.700000000000,684,-0.7744732087787745,0.23685625712076816,0.0,2.583017349243164,2.6247932355059813,0.426381379365921,-10.843276977539062,3.705644369125366,0.41868719458580017,0.02467130310833454,-23.09129524230957,-17.829734802246094,-11.141474723815918,2.3335964679718018,7.450580596923828e-09,0.0032607316970825195,-12.239075660705566,3.6054739952087402,-3.725290298461914e-08,-0.0011878013610839844,-9.475919723510742,3.7709336280822754,-2.2351741790771484e-08,-0.005623340606689453,-10.57352066040039,5.042811393737793,1.862645149230957e-08,-0.0081634521484375
5.750000000000,690,-0.7744732087787745,0.23685640017191562,0.0,2.583016872406006,2.6247928997168066,0.4263814389705658,-10.925423622131348,3.603661060333252,0.41868719458580017,0.024671301245689392,-23.09129524230957,-17.829734802246094,-11.19435977935791,2.225578784942627,7.450580596923828e-09,0.0032600760459899902,-12.318774223327637,3.4738142490386963,-7.450580596923828e-09,-0.0011882781982421875,-9.559764862060547,3.6980295181274414,2.2351741790771484e-08,-0.005623936653137207,-10.684179306030273,4.94626522064209,1.862645149230957e-08,-0.008163690567016602
5.800000000000,696,-0.7744732087787745,0.2368565432230631,0.0,2.583016872406006,2.6247927335784125,0.42638128995895386,-11.00538158416748,3.499953031539917,0.41868719458580017,0.02467125467956066,-23.09129524230957,-17.829734802246094,-11.24493408203125,2.1164603233337402,7.450580596923828e-09,0.0032608509063720703,-12.39565372467041,3.3404879570007324,-3.725290298461914e-08,-0.001187443733215332,-9.642040252685547,3.623358726501465,-2.2351741790771484e-08,-0.005623340606689453,-10.79275894165039,4.847385883331299,1.862645149230957e-08,-0.008163213729858398
5.850000000000,702,-0.7744732087787745,0.23685697237650546,0.0,2.5830161571502686,2.624792094427736,0.42638128995895386,-11.083114624023438,3.3945670127868652,0.41868719458580017,0.02467110939323902,-23.09129524230957,-17.829734802246094,-11.293174743652344,2.0062906742095947,7.450580596923828e-09,0.0032602548599243164,-12.46967887878418,3.2055563926696777,-3.725290298461914e-08,-0.0011882781982421875,-9.722707748413086,3.5469534397125244,-2.2351741790771484e-08,-0.005623817443847656,-10.899210929870605,4.746219635009766,1.862645149230957e-08,-0.0081634521484375
5.900000000000,708,-0.7744732087787745,0.236856829325358,0.0,2.5830161571502686,2.624792077562744,0.42638131976127625,-11.158586502075195,3.287551164627075,0.41868719458580017,0.024670757353305817,-23.09129524230957,-17.829734802246094,-11.339059829711914,1.8951194286346436,7.450580596923828e-09,0.0032609105110168457,-12.540814399719238,3.069080114364624,-3.725290298461914e-08,-0.0011872053146362305,-9.801729202270508,3.4688496589660645,-2.2351741790771484e-08,-0.005622982978820801,-11.003485679626465,4.642810344696045,1.862645149230957e-08,-0.008163094520568848
5.950000000000,714,-0.7744732087787745,0.236856829325358,0.0,2.5830163955688477,2.6247924167398944,0.42638128995895386,-11.231764793395996,3.1789534091949463,0.41868719458580017,0.024670427665114403,-23.09129524230957,-17.829734802246094,-11.382570266723633,1.7829967737197876,7.450580596923828e-09,0.003260374069213867,-12.609033584594727,2.9311208724975586,-2.2351741790771484e-08,-0.001188039779663086,-9.879073143005371,3.3890817165374756,-2.2351741790771484e-08,-0.005623579025268555,-11.105536460876465,4.537206649780273,1.862645149230957e-08,-0.0081634521484375
6.000000000000,720,-0.7744732087787745,0.236856829325358,0.0,2.5830163955688477,2.624792121494991,0.42638131976127625,-11.302617073059082,3.0688233375549316,0.41868719458580017,0.024670124053955078,-23.09129524230957,-17.829734802246094,-11.423684120178223,1.6699737310409546,7.450580596923828e-09,0.003260791301727295,-12.674300193786621,2.791741132736206,-2.2351741790771484e-08,-0.0011879205703735352,-9.954703330993652,3.3076868057250977,-2.2351741790771484e-08,-0.005623459815979004,-11.205317497253418,4.429454803466797,1.862645149230957e-08,-0.008163094520568848
6.050000000000,726,-0.7744732087787745,0.23685711542765292,0.0,2.5830163955688477,2.624792270942865,0.42638128995895386,-11.371109962463379,2.9572105407714844,0.41868719458580017,0.024670787155628204,-23.09129524230957,-17.829734802246094,-11.462385177612305,1.5561014413833618,7.450580596923828e-09,0.0032597780227661133,-12.736586570739746,2.6510047912597656,-3.725290298461914e-08,-0.0011883974075317383,-10.028582572937012,3.224700689315796,-2.2351741790771484e-08,-0.005623579025268555,-11.302783966064453,4.31960391998291,-2.2351741790771484e-08,-0.008163809776306152
6.100000000000,732,-0.7744732087787745,0.23685697237650546,0.0,2.5830161571502686,2.6247921440814306,0.42638131976127625,-11.437211036682129,2.844165563583374,0.41868719458580017,0.0246705561876297,-23.09129524230957,-17.829734802246094,-11.498653411865234,1.4414316415786743,7.450580596923828e-09,0.0032605528831481934,-12.795862197875977,2.508974552154541,-2.2351741790771484e-08,-0.0011876821517944336,-10.100679397583008,3.1401617527008057,7.450580596923828e-09,-0.005623221397399902,-11.397890090942383,4.207704544067383,-2.2351741790771484e-08,-0.0081634521484375
6.150000000000,738,-0.7744732087787745,0.236856829325358,0.0,2.5830163955688477,2.6247925746143226,0.42638128995895386,-11.500893592834473,2.7297394275665283,0.41868719458580017,0.02467092126607895,-23.09129524230957,-17.829734802246094,-11.53247356414795,1.3260160684585571,7.450580596923828e-09,0.0032604336738586426,-12.852104187011719,2.3657150268554688,-2.2351741790771484e-08,-0.001188039779663086,-10.170963287353516,3.054107189178467,-2.2351741790771484e-08,-0.005623936653137207,-11.490593910217285,4.093806266784668,-2.2351741790771484e-08,-0.00816357135772705
6.200000000000,744,-0.7744732087787745,0.2368565432230631,0.0,2.583017349243164,2.6247929435875683,0.42638134956359863,-11.562125205993652,2.6139845848083496,0.41868719458580017,0.02467166818678379,-23.09129524230957,-17.829734802246094,-11.563830375671387,1.209907054901123,7.450580596923828e-09,0.0032606124877929688,-12.905285835266113,2.2212915420532227,-3.725290298461914e-08,-0.0011879205703735352,-10.239398002624512,2.9665768146514893,-2.2351741790771484e-08,-0.005623459815979004,-11.580851554870605,3.977961540222168,-2.2351741790771484e-08,-0.008163213729858398
6.250000000000,750,-0.7744732087787745,0.23685625712076816,0.0,2.583017349243164,2.6247933985661005,0.4263814389705658,-11.620880126953125,2.496952772140503,0.41868719458580017,0.024671677500009537,-23.09129524230957,-17.829734802246094,-11.5927095413208,1.0931568145751953,7.450580596923828e-09,0.003260672092437744,-12.955381393432617,2.0757694244384766,-2.2351741790771484e-08,-0.0011879205703735352,-10.305953979492188,2.8776097297668457,-2.2351741790771484e-08,-0.005623579025268555,-11.668625831604004,3.860222578048706,-2.2351741790771484e-08,-0.008163690567016602
6.300000000000,756,-0.7744732087787745,0.23685597101847322,0.0,2.5830180644989014,2.6247937132453987,0.4263814389705658,-11.677132606506348,2.378697395324707,0.41868719458580017,0.024671759456396103,-23.09129524230957,-17.829734802246094,-11.619098663330078,0.9758184552192688,7.450580596923828e-09,0.0032606124877929688,-13.00236988067627,1.9292136430740356,-2.2351741790771484e-08,-0.0011879801750183105,-10.370604515075684,2.7872471809387207,-2.2351741790771484e-08,-0.005623459815979004,-11.753875732421875,3.740642547607422,-2.2351741790771484e-08,-0.00816357135772705
6.350000000000,762,-0.7744732087787745,0.2368558279673258,0.0,2.5830178260803223,2.624793784991596,0.42638155817985535,-11.730855941772461,2.2592716217041016,0.41868719458580017,0.02467220090329647,-23.09129524230957,-17.829734802246094,-11.642984390258789,0.8579450249671936,7.450580596923828e-09,0.003260493278503418,-13.046228408813477,1.7816914319992065,-2.2351741790771484e-08,-0.0011878013610839844,-10.433316230773926,2.695528984069824,-2.2351741790771484e-08,-0.005623459815979004,-11.836559295654297,3.6192755699157715,-2.2351741790771484e-08,-0.008163213729858398
6.400000000000,768,-0.7744732087787745,0.2368565432230631,0.0,2.583017349243164,2.6247930307715435,0.4263814389705658,-11.782025337219238,2.1387298107147217,0.41868719458580017,0.0246726106852293,-23.09129524230957,-17.829734802246094,-11.664356231689453,0.7395902276039124,7.450580596923828e-09,0.003260314464569092,-13.08693790435791,1.6332693099975586,-3.725290298461914e-08,-0.0011879205703735352,-10.494061470031738,2.6024975776672363,-2.2351741790771484e-08,-0.005623340606689453,-11.916643142700195,3.4961767196655273,-2.2351741790771484e-08,-0.0081634521484375
6.450000000000,774,-0.7744732087787745,0.2368561140696207,0.0,2.583017349243164,2.624793239933475,0.4263814091682434,-11.830617904663086,2.0171267986297607,0.41868719458580017,0.024672798812389374,-23.09129524230957,-17.829734802246094,-11.683204650878906,0.6208078265190125,7.450580596923828e-09,0.0032607614994049072,-13.124480247497559,1.4840152263641357,-2.2351741790771484e-08,-0.0011878013610839844,-10.552813529968262,2.5081944465637207,-2.2351741790771484e-08,-0.0056234002113342285,-11.994089126586914,3.3714020252227783,7.450580596923828e-09,-0.00816333293914795
6.500000000000,780,-0.7744732087787745,0.23685697237650546,0.0,2.5830166339874268,2.624792464494203,0.42638131976127625,-11.876611709594727,1.894517421722412,0.41868719458580017,0.024672765284776688,-23.09129524230957,-17.829734802246094,-11.699522018432617,0.5016511678695679,7.450580596923828e-09,0.0032609105110168457,-13.158838272094727,1.3339956998825073,-2.2351741790771484e-08,-0.0011875629425048828,-10.609546661376953,2.412662982940674,-2.2351741790771484e-08,-0.005623221397399902,-12.068862915039062,3.2450077533721924,7.450580596923828e-09,-0.00816333293914795
6.550000000000,786,-0.7744732087787745,0.23685711542765292,0.0,2.5830159187316895,2.624791698864846,0.42638134956359863,-11.919987678527832,1.770957112312317,0.41868719458580017,0.024672728031873703,-23.09129524230957,-17.829734802246094,-11.713299751281738,0.38217416405677795,7.450580596923828e-09,0.003260299563407898,-13.189996719360352,1.1832795143127441,-2.2351741790771484e-08,-0.0011879801750183105,-10.664234161376953,2.315945863723755,-2.2351741790771484e-08,-0.005623340606689453,-12.14093017578125,3.117050886154175,-2.2351741790771484e-08,-0.00816333293914795
6.600000000000,792,-0.7744732087787745,0.236856829325358,0.0,2.5830156803131104,2.6247916021093807,0.4263812303543091,-11.960724830627441,1.6465016603469849,0.41868719458580017,0.024672895669937134,-23.09129524230957,-17.829734802246094,-11.724533081054688,0.2624310553073883,7.450580596923828e-09,0.003260582685470581,-13.217941284179688,1.0319337844848633,-2.2351741790771484e-08,-0.0011878013610839844,-10.716852188110352,2.2180869579315186,-2.2351741790771484e-08,-0.005623161792755127,-12.210259437561035,2.9875893592834473,7.450580596923828e-09,-0.008163213729858398
6.650000000000,798,-0.7744732087787745,0.23685697237650546,0.0,2.5830161571502686,2.6247921330988975,0.4263811409473419,-11.99880313873291,1.5212076902389526,0.41868719458580017,0.0246728602796793,-23.09129524230957,-17.829734802246094,-11.733216285705566,0.14247620105743408,7.450580596923828e-09,0.0032606422901153564,-13.242658615112305,0.8800281286239624,-2.2351741790771484e-08,-0.0011877119541168213,-10.767374038696289,2.1191306114196777,-2.2351741790771484e-08,-0.005623519420623779,-12.276816368103027,2.856682062149048,7.450580596923828e-09,-0.0081634521484375
6.700000000000,804,-0.7744732087787745,0.236856829325358,0.0,2.5830166339874268,2.6247925058732733,0.42638128995895386,-12.034208297729492,1.3951318264007568,0.41868719458580017,0.024672875180840492,-23.09129524230957,-17.829734802246094,-11.739343643188477,0.02236366458237171,7.450580596923828e-09,0.003260597586631775,-13.264138221740723,0.7276307344436646,-2.2351741790771484e-08,-0.001187741756439209,-10.815778732299805,2.0191216468811035,-2.2351741790771484e-08,-0.005623042583465576,-12.340574264526367,2.724388599395752,7.450580596923828e-09,-0.008163094520568848
6.750000000000,810,-0.7744732087787745,0.23685697237650546,0.0,2.5830161571502686,2.624791699639639,0.42638128995895386,-12.066922187805176,1.2683311700820923,0.41868719458580017,0.02467283420264721,-23.09129524230957,-17.829734802246094,-11.742916107177734,-0.09785210341215134,7.450580596923828e-09,0.003260575234889984,-13.282370567321777,0.5748108625411987,-2.2351741790771484e-08,-0.0011878013610839844,-10.862048149108887,1.9181052446365356,-2.2351741790771484e-08,-0.005623459815979004,-12.40150260925293,2.590768575668335,7.450580596923828e-09,-0.008162975311279297
6.800000000000,816,-0.7744732087787745,0.23685697237650546,0.0,2.5830163955688477,2.6247922207497596,0.42638126015663147,-12.096931457519531,1.1408631801605225,0.41868719458580017,0.02467292919754982,-23.09129524230957,-17.829734802246094,-11.743927955627441,-0.21811647713184357,7.450580596923828e-09,0.0032607577741146088,-13.297348976135254,0.4216375946998596,-3.725290298461914e-08,-0.001187831163406372,-10.90615463256836,1.8161274194717407,-2.2351741790771484e-08,-0.0056234002113342285,-12.459575653076172,2.4558815956115723,7.450580596923828e-09,-0.00816357135772705
6.850000000000,822,-0.7744732087787745,0.23685697237650546,0.0,2.5830166339874268,2.6247922595097473,0.4263812303543091,-12.124220848083496,1.01278555393219,0.41868719458580017,0.024672789499163628,-23.09129524230957,-17.829734802246094,-11.742382049560547,-0.3383753001689911,7.450580596923828e-09,0.0032604262232780457,-13.309062957763672,0.26818060874938965,-2.2351741790771484e-08,-0.0011879652738571167,-10.94808292388916,1.7132341861724854,2.2351741790771484e-08,-0.005623579025268555,-12.514763832092285,2.3197901248931885,7.450580596923828e-09,-0.0081634521484375
6.900000000000,828,-0.7744732087787745,0.23685711542765292,0.0,2.5830163955688477,2.6247921076307916,0.4263811707496643,-12.148777961730957,0.8841562867164612,0.41868719458580017,0.024672918021678925,-23.09129524230957,-17.829734802246094,-11.738274574279785,-0.45857393741607666,7.450580596923828e-09,0.003260672092437744,-13.31750774383545,0.11450908333063126,-2.2351741790771484e-08,-0.0011877194046974182,-10.987809181213379,1.6094717979431152,-2.2351741790771484e-08,-0.005623340606689453,-12.567041397094727,2.1825547218322754,7.450580596923828e-09,-0.008163392543792725
6.950000000000,834,-0.7744732087787745,0.23685711542765292,0.0,2.5830159187316895,2.624791813074354,0.42638131976127625,-12.17059326171875,0.755033552646637,0.41868719458580017,0.024673035368323326,-23.09129524230957,-17.829734802246094,-11.731613159179688,-0.5786581635475159,7.450580596923828e-09,0.0032604187726974487,-13.32268238067627,-0.0393073707818985,7.450580596923828e-09,-0.001187976449728012,-11.025321006774902,1.5048877000808716,-2.2351741790771484e-08,-0.005623519420623779,-12.616389274597168,2.044238328933716,7.450580596923828e-09,-0.008163273334503174
7.000000000000,840,-0.7744732087787745,0.236856829325358,0.0,2.5830163955688477,2.6247921384795094,0.42638128995895386,-12.189656257629395,0.6254758834838867,0.41868719458580017,0.024672681465744972,-23.09129524230957,-17.829734802246094,-11.722396850585938,-0.6985732913017273,7.450580596923828e-09,0.003260493278503418,-13.32458209991455,-0.19319938123226166,-2.2351741790771484e-08,-0.0011877594515681267,-11.060598373413086,1.3995293378829956,-2.2351741790771484e-08,-0.005623281002044678,-12.6627836227417,1.9049032926559448,7.450580596923828e-09,-0.00816333293914795
7.050000000000,846,-0.7744732087787745,0.23685697237650546,0.0,2.5830161571502686,2.624791901358047,0.42638131976127625,-12.205958366394043,0.49554187059402466,0.41868719458580017,0.024672571569681168,-23.09129524230957,-17.829734802246094,-11.71063232421875,-0.8182652592658997,7.450580596923828e-09,0.003260672092437744,-13.323208808898926,-0.34709692001342773,-2.2351741790771484e-08,-0.001187652349472046,-11.093626022338867,1.2934441566467285,-2.2351741790771484e-08,-0.0056231021881103516,-12.706202507019043,1.7646124362945557,7.450580596923828e-09,-0.008163213729858398
7.100000000000,852,-0.7744732087787745,0.23685668627421053,0.0,2.5830159187316895,2.6247917363279405,0.4263812303543091,-12.219491958618164,0.36529046297073364,0.41868719458580017,0.024672608822584152,-23.09129524230957,-17.829734802246094,-11.696322441101074,-0.9376797676086426,7.450580596923828e-09,0.003260582685470581,-13.318557739257812,-0.50093013048172,-2.2351741790771484e-08,-0.0011878013610839844,-11.1243896484375,1.1866800785064697,-2.2351741790771484e-08,-0.005623281002044678,-12.746625900268555,1.6234296560287476,7.450580596923828e-09,-0.00816333293914795
7.150000000000,858,-0.7744732087787745,0.2368572584788004,0.0,2.5830156803131104,2.624791495236936,0.42638126015663147,-12.23025131225586,0.23478060960769653,0.41868719458580017,0.02467283047735691,-23.09129524230957,-17.829734802246094,-11.679475784301758,-1.0567628145217896,7.450580596923828e-09,0.0032602548599243164,-13.310637474060059,-0.6546297073364258,-2.2351741790771484e-08,-0.001187935471534729,-11.152873992919922,1.0792856216430664,-2.2351741790771484e-08,-0.005623281002044678,-12.784036636352539,1.4814186096191406,7.450580596923828e-09,-0.00816333293914795
7.200000000000,864,-0.7744732087787745,0.2368572584788004,0.0,2.5830161571502686,2.624791938330884,0.42638126015663147,-12.23823070526123,0.10407137870788574,0.41868719458580017,0.02467290498316288,-23.09129524230957,-17.829734802246094,-11.660099983215332,-1.1754601001739502,7.450580596923828e-09,0.003260791301727295,-13.29944896697998,-0.8081257343292236,-2.2351741790771484e-08,-0.0011876225471496582,-11.179067611694336,0.9713093638420105,-2.2351741790771484e-08,-0.0056234002113342285,-12.818416595458984,1.3386436700820923,7.450580596923828e-09,-0.008163392543792725
7.250000000000,870,-0.7744732087787745,0.23685697237650546,0.0,2.583016872406006,2.62479257745157,0.42638128995895386,-12.243427276611328,-0.026778073981404305,0.41868719458580017,0.0246728528290987,-23.09129524230957,-17.829734802246094,-11.638200759887695,-1.2937185764312744,7.450580596923828e-09,0.0032603442668914795,-13.284995079040527,-0.9613490104675293,-2.2351741790771484e-08,-0.0011878907680511475,-11.202956199645996,0.862800121307373,-2.2351741790771484e-08,-0.005623519420623779,-12.849750518798828,1.1951695680618286,7.450580596923828e-09,-0.00816357135772705
7.300000000000,876,-0.7744732087787745,0.23685625712076816,0.0,2.5830178260803223,2.624793570389908,0.4263814687728882,-12.245838165283203,-0.15770851075649261,0.41868719458580017,0.024672847241163254,-23.09129524230957,-17.829734802246094,-11.613790512084961,-1.4114844799041748,7.450580596923828e-09,0.003260493278503418,-13.267284393310547,-1.1142303943634033,-3.725290298461914e-08,-0.0011878609657287598,-11.224530220031738,0.7538076043128967,-2.2351741790771484e-08,-0.005623370409011841,-12.87802505493164,1.0510615110397339,-2.2351741790771484e-08,-0.0081634521484375
7.350000000000,882,-0.7744732087787745,0.23685597101847322,0.0,2.5830178260803223,2.6247935893786005,0.42638158798217773,-12.245462417602539,-0.2886606454849243,0.41868719458580017,0.024672731757164,-23.09129524230957,-17.829734802246094,-11.586880683898926,-1.528704047203064,7.450580596923828e-09,0.003260314464569092,-13.246323585510254,-1.2667001485824585,-2.2351741790771484e-08,-0.0011880099773406982,-11.243781089782715,0.6443802118301392,-2.2351741790771484e-08,-0.005623310804367065,-12.90322494506836,0.9063841104507446,-2.2351741790771484e-08,-0.008163273334503174
7.400000000000,888,-0.7744732087787745,0.2368561140696207,0.0,2.5830180644989014,2.6247938692166337,0.42638158798217773,-12.242300987243652,-0.41957515478134155,0.41868719458580017,0.02467283606529236,-23.09129524230957,-17.829734802246094,-11.557482719421387,-1.645324468612671,7.450580596923828e-09,0.003260493278503418,-13.222125053405762,-1.4186893701553345,-2.2351741790771484e-08,-0.0011878013610839844,-11.260699272155762,0.5345679521560669,-2.2351741790771484e-08,-0.005623370409011841,-12.92534351348877,0.7612031102180481,7.450580596923828e-09,-0.0081634521484375
7.450000000000,894,-0.7744732087787745,0.2368558279673258,0.0,2.5830185413360596,2.6247943827241245,0.42638158798217773,-12.236352920532227,-0.550392746925354,0.41868719458580017,0.024672847241163254,-23.09129524230957,-17.829734802246094,-11.525609016418457,-1.7612930536270142,7.450580596923828e-09,0.003260672092437744,-13.194697380065918,-1.57012939453125,-3.725290298461914e-08,-0.001187741756439209,-11.275277137756348,0.42442086338996887,-2.2351741790771484e-08,-0.005623430013656616,-12.944364547729492,0.6155846118927002,-2.2351741790771484e-08,-0.008163362741470337
7.500000000000,900,-0.7744732087787745,0.2368558279673258,0.0,2.5830180644989014,2.624794106606159,0.4263816773891449,-12.22762393951416,-0.6810542345046997,0.41868719458580017,0.02467280440032482,-23.09129524230957,-17.829734802246094,-11.491275787353516,-1.876557469367981,7.450580596923828e-09,0.003260314464569092,-13.164053916931152,-1.7209515571594238,-3.725290298461914e-08,-0.0011879801750183105,-11.287506103515625,0.31398826837539673,2.2351741790771484e-08,-0.005623221397399902,-12.960285186767578,0.469594269990921,-2.2351741790771484e-08,-0.008163213729858398
7.550000000000,906,-0.7744732087787745,0.2368558279673258,0.0,2.5830185413360596,2.62479432340582,0.4263816177845001,-12.216116905212402,-0.8115004301071167,0.41868719458580017,0.02467273734509945,-23.09129524230957,-17.829734802246094,-11.454497337341309,-1.9910650253295898,7.450580596923828e-09,0.003260493278503418,-13.130208015441895,-1.8710875511169434,-2.2351741790771484e-08,-0.0011879205703735352,-11.297385215759277,0.2033207267522812,2.2351741790771484e-08,-0.005623385310173035,-12.973094940185547,0.3232981860637665,-2.2351741790771484e-08,-0.008163362741470337
7.600000000000,912,-0.7744732087787745,0.2368558279673258,0.0,2.5830185413360596,2.6247943386463666,0.42638158798217773,-12.201836585998535,-0.9416722655296326,0.41868719458580017,0.024672864004969597,-23.09129524230957,-17.829734802246094,-11.415290832519531,-2.104764223098755,7.450580596923828e-09,0.003260493278503418,-13.093174934387207,-2.0204694271087646,-3.725290298461914e-08,-0.0011878013610839844,-11.304905891418457,0.09246774762868881,2.2351741790771484e-08,-0.005623362958431244,-12.982789993286133,0.17676249146461487,7.450580596923828e-09,-0.008163347840309143
7.650000000000,918,-0.7744732087787745,0.2368556849161783,0.0,2.5830185413360596,2.624794387794989,0.4263816475868225,-12.18479061126709,-1.071510672569275,0.41868719458580017,0.024672942236065865,-23.09129524230957,-17.829734802246094,-11.373674392700195,-2.2176034450531006,7.450580596923828e-09,0.003260195255279541,-13.052971839904785,-2.1690292358398438,-3.725290298461914e-08,-0.0011878609657287598,-11.310067176818848,-0.01852022297680378,2.2351741790771484e-08,-0.005623377859592438,-12.989364624023438,0.030053697526454926,7.450580596923828e-09,-0.008163325488567352
7.700000000000,924,-0.7744732087787745,0.236854969660441,0.0,2.583019495010376,2.624795345789319,0.42638182640075684,-12.164984703063965,-1.2009570598602295,0.41868719458580017,0.02467302791774273,-23.09129524230957,-17.829734802246094,-11.329666137695312,-2.32953143119812,7.450580596923828e-09,0.0032605528831481934,-13.00961685180664,-2.3167004585266113,-3.725290298461914e-08,-0.0011878609657287598,-11.312864303588867,-0.12959277629852295,2.2351741790771484e-08,-0.005623390898108482,-12.992815971374512,-0.11676186323165894,-2.2351741790771484e-08,-0.00816345401108265
7.750000000000,930,-0.7744732087787745,0.2368546835581461,0.0,2.583019495010376,2.624795416722962,0.4263818860054016,-12.142428398132324,-1.3299528360366821,0.41868719458580017,0.024673132225871086,-23.09129524230957,-17.829734802246094,-11.283285140991211,-2.440497636795044,7.450580596923828e-09,0.0032600760459899902,-12.963129043579102,-2.4634153842926025,-3.725290298461914e-08,-0.0011880993843078613,-11.313297271728516,-0.2406996637582779,2.2351741790771484e-08,-0.005623349919915199,-12.993141174316406,-0.26361745595932007,-2.2351741790771484e-08,-0.008163388818502426
7.800000000000,936,-0.7744732087787745,0.2368551127115885,0.0,2.583019256591797,2.6247952857570738,0.4263818860054016,-12.117134094238281,-1.4584394693374634,0.41868719458580017,0.024673430249094963,-23.09129524230957,-17.829734802246094,-11.2345552444458,-2.55045223236084,7.450580596923828e-09,0.003260493278503418,-12.913531303405762,-2.6091082096099854,-3.725290298461914e-08,-0.0011878609657287598,-11.311368942260742,-0.3517909348011017,2.2351741790771484e-08,-0.005623258650302887,-12.990344047546387,-0.41044697165489197,7.450580596923828e-09,-0.008163295686244965
7.850000000000,942,-0.7744732087787745,0.2368556849161783,0.0,2.5830180644989014,2.624794110726307,0.4263816773891449,-12.089112281799316,-1.5863587856292725,0.41868719458580017,0.02467368170619011,-23.09129524230957,-17.829734802246094,-11.183497428894043,-2.6593449115753174,7.450580596923828e-09,0.0032604336738586426,-12.860844612121582,-2.7537126541137695,-3.725290298461914e-08,-0.0011879205703735352,-11.307075500488281,-0.46281546354293823,-2.2351741790771484e-08,-0.005623325705528259,-12.984424591064453,-0.5571832656860352,-2.2351741790771484e-08,-0.00816325843334198
7.900000000000,948,-0.7744732087787745,0.23685525576273592,0.0,2.5830187797546387,2.6247946665346205,0.4263817369937897,-12.05837345123291,-1.7136527299880981,0.41868719458580017,0.02467387169599533,-23.09129524230957,-17.829734802246094,-11.130132675170898,-2.7671260833740234,7.450580596923828e-09,0.0032606124877929688,-12.805093765258789,-2.897163152694702,-7.450580596923828e-09,-0.0011875629425048828,-11.300420761108398,-0.5737237334251404,-2.2351741790771484e-08,-0.005623236298561096,-12.975381851196289,-0.7037606835365295,7.450580596923828e-09,-0.008163288235664368
7.950000000000,954,-0.7744732087787745,0.23685482660929355,0.0,2.583019733428955,2.624795649500007,0.4263817369937897,-12.024933815002441,-1.840263843536377,0.41868719458580017,0.02467380277812481,-23.09129524230957,-17.829734802246094,-11.074487686157227,-2.8737478256225586,7.450580596923828e-09,0.0032606124877929688,-12.746301651000977,-3.0393948554992676,-3.725290298461914e-08,-0.0011879205703735352,-11.29140853881836,-0.6844657063484192,-2.2351741790771484e-08,-0.00562344491481781,-12.96322250366211,-0.8501125574111938,7.450580596923828e-09,-0.008163422346115112
8.000000000000,960,-0.7744732087787745,0.236854969660441,0.0,2.583019256591797,2.6247952468887723,0.42638179659843445,-11.98880672454834,-1.9661349058151245,0.41868719458580017,0.024673618376255035,-23.09129524230957,-17.829734802246094,-11.016585350036621,-2.979161500930786,7.450580596923828e-09,0.003260493278503418,-12.684496879577637,-3.1803436279296875,-3.725290298461914e-08,-0.0011876821517944336,-11.280040740966797,-0.7949903011322021,-2.2351741790771484e-08,-0.0056234002113342285,-12.947951316833496,-0.9961725473403931,-2.2351741790771484e-08,-0.008163422346115112
8.050000000000,966,-0.7744732087787745,0.23685525576273592,0.0,2.5830190181732178,2.624795132979457,0.42638182640075684,-11.9500093460083,-2.0912086963653564,0.41868719458580017,0.024673528969287872,-23.09129524230957,-17.829734802246094,-10.956453323364258,-3.0833189487457275,7.450580596923828e-09,0.0032606124877929688,-12.619705200195312,-3.3199453353881836,-3.725290298461914e-08,-0.0011879205703735352,-11.26632308959961,-0.9052482843399048,-2.2351741790771484e-08,-0.005623340606689453,-12.929574966430664,-1.1418745517730713,-2.2351741790771484e-08,-0.00816333293914795
8.100000000000,972,-0.7744732087787745,0.2368553988138834,0.0,2.5830190181732178,2.6247949705682094,0.42638179659843445,-11.908561706542969,-2.215428590774536,0.41868719458580017,0.024673065170645714,-23.09129524230957,-17.829734802246094,-10.894120216369629,-3.186173677444458,7.450580596923828e-09,0.003260493278503418,-12.551961898803711,-3.458136558532715,-3.725290298461914e-08,-0.0011876821517944336,-11.250265121459961,-1.0151891708374023,-2.2351741790771484e-08,-0.0056234002113342285,-12.908105850219727,-1.2871524095535278,-2.2351741790771484e-08,-0.008163481950759888
8.150000000000,978,-0.7744732087787745,0.2368553988138834,0.0,2.5830190181732178,2.6247948937231396,0.42638182640075684,-11.864479064941406,-2.338738441467285,0.41868719458580017,0.02467242069542408,-23.09129524230957,-17.829734802246094,-10.829612731933594,-3.2876782417297363,7.450580596923828e-09,0.0032607316970825195,-12.481291770935059,-3.5948550701141357,-2.2351741790771484e-08,-0.0011875629425048828,-11.231870651245117,-1.1247637271881104,-2.2351741790771484e-08,-0.005623340606689453,-12.883548736572266,-1.4319407939910889,-2.2351741790771484e-08,-0.00816357135772705
8.200000000000,984,-0.7744732087787745,0.23685554186503086,0.0,2.5830187797546387,2.62479471588268,0.4263817071914673,-11.817782402038574,-2.4610822200775146,0.41868719458580017,0.02467193268239498,-23.09129524230957,-17.829734802246094,-10.762957572937012,-3.387787342071533,7.450580596923828e-09,0.0032606124877929688,-12.407726287841797,-3.730039119720459,2.2351741790771484e-08,-0.0011879205703735352,-11.211146354675293,-1.2339216470718384,7.450580596923828e-09,-0.005623370409011841,-12.855916023254395,-1.5761733055114746,-2.2351741790771484e-08,-0.008163213729858398
8.250000000000,990,-0.7744732087787745,0.2368553988138834,0.0,2.5830185413360596,2.6247943472850737,0.42638179659843445,-11.768492698669434,-2.582404613494873,0.41868719458580017,0.02467234618961811,-23.09129524230957,-17.829734802246094,-10.694189071655273,-3.4864556789398193,7.450580596923828e-09,0.0032606124877929688,-12.331302642822266,-3.8636271953582764,-2.2351741790771484e-08,-0.0011878013610839844,-11.188106536865234,-1.342613935470581,-2.2351741790771484e-08,-0.005623191595077515,-12.82521915435791,-1.719785451889038,-2.2351741790771484e-08,-0.00816333293914795
8.300000000000,996,-0.7744732087787745,0.23685597101847322,0.0,2.5830183029174805,2.6247943007966152,0.42638149857521057,-11.716632843017578,-2.702651023864746,0.41868719458580017,0.024672815576195717,-23.09129524230957,-17.829734802246094,-10.623335838317871,-3.5836386680603027,7.450580596923828e-09,0.003261089324951172,-12.252053260803223,-3.995558977127075,7.450580596923828e-09,-0.0011873245239257812,-11.16275691986084,-1.450791358947754,-2.2351741790771484e-08,-0.005623281002044678,-12.791475296020508,-1.8627119064331055,7.450580596923828e-09,-0.008163392543792725
8.350000000000,1002,-0.7744732087787745,0.2368556849161783,0.0,2.5830180644989014,2.6247939637685507,0.4263816177845001,-11.662226676940918,-2.8217668533325195,0.41868719458580017,0.024672742933034897,-23.09129524230957,-17.829734802246094,-10.550431251525879,-3.6792919635772705,7.450580596923828e-09,0.0032601356506347656,-12.17001724243164,-4.12577486038208,2.2351741790771484e-08,-0.001188039779663086,-11.135114669799805,-1.5584055185317993,-2.2351741790771484e-08,-0.005623519420623779,-12.75469970703125,-2.0048882961273193,7.450580596923828e-09,-0.008163392543792725
8.400000000000,1008,-0.7744732087787745,0.23685554186503086,0.0,2.5830183029174805,2.6247943979765185,0.4263816177845001,-11.605297088623047,-2.9396979808807373,0.41868719458580017,0.0246724933385849,-23.09129524230957,-17.829734802246094,-10.475507736206055,-3.7733724117279053,7.450580596923828e-09,0.0032607316970825195,-12.085225105285645,-4.254215240478516,2.2351741790771484e-08,-0.0011875629425048828,-11.105184555053711,-1.6654069423675537,7.450580596923828e-09,-0.005623340606689453,-12.714902877807617,-2.1462502479553223,-2.2351741790771484e-08,-0.008163392543792725
8.450000000000,1014,-0.7744732087787745,0.23685554186503086,0.0,2.5830185413360596,2.624794416630211,0.4263817369937897,-11.54587173461914,-3.0563910007476807,0.41868719458580017,0.024672947824001312,-23.09129524230957,-17.829734802246094,-10.398599624633789,-3.8658370971679688,2.60770320892334e-08,0.003260493278503418,-11.997720718383789,-4.380823135375977,-2.2351741790771484e-08,-0.001188039779663086,-11.072986602783203,-1.77174711227417,-2.2351741790771484e-08,-0.005623340606689453,-12.67210865020752,-2.2867326736450195,7.450580596923828e-09,-0.008163213729858398
8.500000000000,1020,-0.7744732087787745,0.23685554186503086,0.0,2.5830187797546387,2.6247945735444365,0.4263817369937897,-11.483977317810059,-3.171793222427368,0.41868719458580017,0.02467322163283825,-23.09129524230957,-17.829734802246094,-10.319741249084473,-3.9566445350646973,-1.862645149230957e-08,0.003260374069213867,-11.907543182373047,-4.5055389404296875,7.450580596923828e-09,-0.0011878013610839844,-11.038534164428711,-1.8773783445358276,-2.2351741790771484e-08,-0.005623459815979004,-12.626336097717285,-2.4262731075286865,7.450580596923828e-09,-0.008163392543792725
8.550000000000,1026,-0.7744732087787745,0.23685525576273592,0.0,2.583019256591797,2.6247950124876978,0.42638179659843445,-11.41964054107666,-3.2858524322509766,0.41868719458580017,0.024672813713550568,-23.09129524230957,-17.829734802246094,-10.238967895507812,-4.045753479003906,7.450580596923828e-09,0.003260374069213867,-11.814730644226074,-4.62830924987793,7.450580596923828e-09,-0.001188039779663086,-11.00184154510498,-1.9822523593902588,-2.2351741790771484e-08,-0.005623221397399902,-12.577604293823242,-2.564807891845703,-2.2351741790771484e-08,-0.008163273334503174
8.600000000000,1032,-0.7744732087787745,0.23685554186503086,0.0,2.5830187797546387,2.6247945982672927,0.42638179659843445,-11.352893829345703,-3.398516893386841,0.41868719458580017,0.024672856554389,-23.09129524230957,-17.829734802246094,-10.156320571899414,-4.133123397827148,7.450580596923828e-09,0.003260970115661621,-11.719329833984375,-4.749076843261719,7.450580596923828e-09,-0.0011879205703735352,-10.962926864624023,-2.0863215923309326,-2.2351741790771484e-08,-0.005623042583465576,-12.525938034057617,-2.702274799346924,-2.2351741790771484e-08,-0.008163213729858398
8.650000000000,1038,-0.7744732087787745,0.2368558279673258,0.0,2.5830178260803223,2.6247937246694306,0.4263816475868225,-11.28376293182373,-3.509735345840454,0.41868719458580017,0.024672824889421463,-23.09129524230957,-17.829734802246094,-10.071828842163086,-4.218714714050293,7.450580596923828e-09,0.0032608509063720703,-11.621379852294922,-4.867785930633545,7.450580596923828e-09,-0.0011875629425048828,-10.921805381774902,-2.189539909362793,-2.2351741790771484e-08,-0.005623281002044678,-12.471355438232422,-2.838610887527466,7.450580596923828e-09,-0.008163213729858398
8.700000000000,1044,-0.7744732087787745,0.2368558279673258,0.0,2.583017587661743,2.6247935936115394,0.4263814687728882,-11.212281227111816,-3.619457721710205,0.41868719458580017,0.024672672152519226,-23.09129524230957,-17.829734802246094,-9.985535621643066,-4.302489757537842,7.450580596923828e-09,0.003260493278503418,-11.52092456817627,-4.984385013580322,-2.2351741790771484e-08,-0.0011882781982421875,-10.878495216369629,-2.2918591499328613,-2.2351741790771484e-08,-0.0056234002113342285,-12.413884162902832,-2.973754644393921,-2.2351741790771484e-08,-0.0081634521484375
8.750000000000,1050,-0.7744732087787745,0.23685668627421053,0.0,2.583016872406006,2.624792550976254,0.42638149857521057,-11.138481140136719,-3.7276346683502197,0.41868719458580017,0.02467283606529236,-23.09129524230957,-17.829734802246094,-9.897480010986328,-4.3844099044799805,-3.3527612686157227e-08,0.003260374069213867,-11.418013572692871,-5.098819732666016,7.450580596923828e-09,-0.0011878013610839844,-10.833020210266113,-2.3932347297668457,-2.2351741790771484e-08,-0.005623340606689453,-12.353553771972656,-3.107645034790039,-2.2351741790771484e-08,-0.008163094520568848
8.800000000000,1056,-0.7744732087787745,0.23685640017191562,0.0,2.583017349243164,2.6247932197941024,0.426381379365921,-11.062396049499512,-3.834216356277466,0.41868719458580017,0.024672720581293106,-23.09129524230957,-17.829734802246094,-9.807701110839844,-4.464437007904053,-3.3527612686157227e-08,0.003260493278503418,-11.312688827514648,-5.211039066314697,7.450580596923828e-09,-0.0011876821517944336,-10.78539752960205,-2.4936187267303467,-2.2351741790771484e-08,-0.005623281002044678,-12.290384292602539,-3.240220785140991,-2.2351741790771484e-08,-0.00816333293914795
8.850000000000,1062,-0.7744732087787745,0.23685668627421053,0.0,2.5830166339874268,2.6247925111325734,0.4263814687728882,-10.984060287475586,-3.939154863357544,0.41868719458580017,0.02467280626296997,-23.09129524230957,-17.829734802246094,-9.716239929199219,-4.542535781860352,-3.3527612686157227e-08,0.0032601356506347656,-11.204999923706055,-5.3209919929504395,-2.2351741790771484e-08,-0.0011883974075317383,-10.735648155212402,-2.5929670333862305,-2.2351741790771484e-08,-0.005623459815979004,-12.224409103393555,-3.37142276763916,7.450580596923828e-09,-0.00816333293914795
8.900000000000,1068,-0.7744732087787745,0.2368565432230631,0.0,2.583017349243164,2.6247930679140454,0.4263814091682434,-10.903510093688965,-4.042402744293213,0.41868719458580017,0.02467263676226139,-23.09129524230957,-17.829734802246094,-9.623137474060059,-4.6186699867248535,-3.3527612686157227e-08,0.0032607316970825195,-11.09499740600586,-5.428627014160156,-2.2351741790771484e-08,-0.0011870861053466797,-10.683798789978027,-2.6912336349487305,-2.2351741790771484e-08,-0.00562286376953125,-12.155658721923828,-3.5011911392211914,7.450580596923828e-09,-0.008162736892700195
8.950000000000,1074,-0.7744732087787745,0.23685625712076816,0.0,2.583017349243164,2.6247932935560208,0.4263814389705658,-10.820780754089355,-4.143913269042969,0.41868719458580017,0.024672675877809525,-23.09129524230957,-17.829734802246094,-9.528436660766602,-4.692806720733643,-3.3527612686157227e-08,0.0032608509063720703,-10.982728004455566,-5.53389835357666,-2.2351741790771484e-08,-0.0011878013610839844,-10.629870414733887,-2.7883756160736084,-2.2351741790771484e-08,-0.005622982978820801,-12.084160804748535,-3.629467725753784,7.450580596923828e-09,-0.00816333293914795
9.000000000000,1080,-0.7744732087787745,0.23685640017191562,0.0,2.583017110824585,2.624793120383891,0.42638152837753296,-10.735910415649414,-4.243640899658203,0.41868719458580017,0.024672942236065865,-23.09129524230957,-17.829734802246094,-9.43217945098877,-4.764911651611328,-3.3527612686157227e-08,0.003260493278503418,-10.868246078491211,-5.636757850646973,7.450580596923828e-09,-0.0011878013610839844,-10.573884963989258,-2.884347915649414,-2.2351741790771484e-08,-0.005623459815979004,-12.009950637817383,-3.7561933994293213,-3.725290298461914e-08,-0.0081634521484375
9.050000000000,1086,-0.7744732087787745,0.23685625712076816,0.0,2.583016872406006,2.6247929613512304,0.4263814687728882,-10.64893627166748,-4.341540336608887,0.41868719458580017,0.024672698229551315,-23.09129524230957,-17.829734802246094,-9.334409713745117,-4.8349528312683105,-3.3527612686157227e-08,0.0032612085342407227,-10.751599311828613,-5.737157344818115,-2.2351741790771484e-08,-0.0011873245239257812,-10.515871047973633,-2.979107618331909,-2.2351741790771484e-08,-0.005622744560241699,-11.933060646057129,-3.881312370300293,-2.2351741790771484e-08,-0.008162736892700195
9.100000000000,1092,-0.7744732087787745,0.23685640017191562,0.0,2.583017349243164,2.6247931362062094,0.4263814091682434,-10.55989933013916,-4.43756628036499,0.41868719458580017,0.024672875180840492,-23.09129524230957,-17.829734802246094,-9.235170364379883,-4.902896881103516,-3.3527612686157227e-08,0.0032606124877929688,-10.632842063903809,-5.835051536560059,7.450580596923828e-09,-0.0011879205703735352,-10.455852508544922,-3.072610378265381,-2.2351741790771484e-08,-0.005623221397399902,-11.853524208068848,-4.004765510559082,-3.725290298461914e-08,-0.008163094520568848
9.150000000000,1098,-0.7744732087787745,0.2368565432230631,0.0,2.583017110824585,2.6247929071183496,0.4263814687728882,-10.468840599060059,-4.531676292419434,0.41868719458580017,0.02467287704348564,-23.09129524230957,-17.829734802246094,-9.13451099395752,-4.968713760375977,-3.3527612686157227e-08,0.0032607316970825195,-10.512031555175781,-5.930397033691406,-2.2351741790771484e-08,-0.0011878013610839844,-10.393861770629883,-3.164815664291382,-2.2351741790771484e-08,-0.005622982978820801,-11.771382331848145,-4.126499652862549,-3.725290298461914e-08,-0.00816333293914795
9.200000000000,1104,-0.7744732087787745,0.2368565432230631,0.0,2.5830166339874268,2.6247925575003213,0.4263814687728882,-10.375798225402832,-4.62382698059082,0.41868719458580017,0.02467295713722706,-23.09129524230957,-17.829734802246094,-9.032471656799316,-5.032374382019043,-3.3527612686157227e-08,0.0032607316970825195,-10.389219284057617,-6.02315092086792,-2.2351741790771484e-08,-0.0011876821517944336,-10.329919815063477,-3.255680799484253,-2.2351741790771484e-08,-0.005623340606689453,-11.686667442321777,-4.246457576751709,-3.725290298461914e-08,-0.00816333293914795
9.250000000000,1110,-0.7744732087787745,0.2368565432230631,0.0,2.583016872406006,2.624792681614641,0.426381379365921,-10.280817031860352,-4.713977813720703,0.41868719458580017,0.02467292547225952,-23.09129524230957,-17.829734802246094,-8.929101943969727,-5.093849182128906,-3.3527612686157227e-08,0.0032606124877929688,-10.264459609985352,-6.113269805908203,7.450580596923828e-09,-0.0011878013610839844,-10.264060020446777,-3.345165252685547,-2.2351741790771484e-08,-0.0056236982345581055,-11.599417686462402,-4.3645853996276855,-3.725290298461914e-08,-0.00816357135772705
9.300000000000,1116,-0.7744732087787745,0.2368565432230631,0.0,2.5830166339874268,2.6247925687603653,0.4263814091682434,-10.183938026428223,-4.80208683013916,0.41868719458580017,0.024672716856002808,-23.09129524230957,-17.829734802246094,-8.824445724487305,-5.153110504150391,-3.3527612686157227e-08,0.003260493278503418,-10.137809753417969,-6.200714111328125,-2.2351741790771484e-08,-0.0011881589889526367,-10.196310997009277,-3.433227062225342,-2.2351741790771484e-08,-0.005623459815979004,-11.509675025939941,-4.480830669403076,1.862645149230957e-08,-0.00816357135772705
9.350000000000,1122,-0.7744732087787745,0.2368565432230631,0.0,2.583016872406006,2.624792975339512,0.42638134956359863,-10.085206985473633,-4.8881144523620605,0.41868719458580017,0.024672813713550568,-23.09129524230957,-17.829734802246094,-8.71855354309082,-5.210131645202637,-3.3527612686157227e-08,0.003260016441345215,-10.009329795837402,-6.2854437828063965,-2.2351741790771484e-08,-0.0011882781982421875,-10.126703262329102,-3.5198283195495605,-2.2351741790771484e-08,-0.005623936653137207,-11.417478561401367,-4.59514045715332,1.862645149230957e-08,-0.008164286613464355
9.400000000000,1128,-0.7744732087787745,0.23685668627421053,0.0,2.583016872406006,2.624792651045352,0.42638128995895386,-9.98466682434082,-4.972022533416748,0.41868719458580017,0.024672457948327065,-23.09129524230957,-17.829734802246094,-8.611471176147461,-5.26488733291626,-3.3527612686157227e-08,0.0032605528831481934,-9.879075050354004,-6.3674211502075195,-2.2351741790771484e-08,-0.0011879205703735352,-10.055267333984375,-3.604928731918335,-2.2351741790771484e-08,-0.005623579025268555,-11.322872161865234,-4.707461833953857,1.862645149230957e-08,-0.008163213729858398
9.450000000000,1134,-0.7744732087787745,0.2368565432230631,0.0,2.5830166339874268,2.6247926824311882,0.426381379365921,-9.882365226745605,-5.05377197265625,0.41868719458580017,0.02467239275574684,-23.09129524230957,-17.829734802246094,-8.50324821472168,-5.317351341247559,-3.3527612686157227e-08,0.0032599568367004395,-9.747105598449707,-6.446608066558838,-2.2351741790771484e-08,-0.0011883974075317383,-9.982038497924805,-3.6884899139404297,2.2351741790771484e-08,-0.005623817443847656,-11.225895881652832,-4.817746639251709,1.862645149230957e-08,-0.008163928985595703
9.500000000000,1140,-0.7744732087787745,0.236856829325358,0.0,2.5830163955688477,2.624792432620343,0.426381379365921,-9.77834701538086,-5.133326053619385,0.41868719458580017,0.02467259019613266,-23.09129524230957,-17.829734802246094,-8.39393424987793,-5.367502212524414,-3.3527612686157227e-08,0.0032608509063720703,-9.613481521606445,-6.522968769073486,7.450580596923828e-09,-0.001187443733215332,-9.907048225402832,-3.7704734802246094,2.2351741790771484e-08,-0.00562286376953125,-11.126596450805664,-4.925941467285156,1.862645149230957e-08,-0.008162975311279297
9.550000000000,1146,-0.7744732087787745,0.2368565432230631,0.0,2.5830163955688477,2.6247924472643116,0.4263814091682434,-9.672659873962402,-5.210648536682129,0.41868719458580017,0.024672504514455795,-23.09129524230957,-17.829734802246094,-8.283577919006348,-5.415313720703125,7.450580596923828e-09,0.0032604336738586426,-9.478261947631836,-6.596468448638916,7.450580596923828e-09,-0.001188516616821289,-9.830330848693848,-3.850843667984009,2.2351741790771484e-08,-0.005623221397399902,-11.025015830993652,-5.031998157501221,1.862645149230957e-08,-0.0081634521484375
9.600000000000,1152,-0.7744732087787745,0.2368565432230631,0.0,2.5830166339874268,2.624792558990925,0.4263814389705658,-9.565351486206055,-5.285705089569092,0.41868719458580017,0.02467242442071438,-23.09129524230957,-17.829734802246094,-8.172229766845703,-5.4607672691345215,7.450580596923828e-09,0.0032608509063720703,-9.341511726379395,-6.667075157165527,7.450580596923828e-09,-0.001188039779663086,-9.751921653747559,-3.92956280708313,2.2351741790771484e-08,-0.005622744560241699,-10.921204566955566,-5.135869979858398,1.862645149230957e-08,-0.008162736892700195
9.650000000000,1158,-0.7744732087787745,0.23685625712076816,0.0,2.583017349243164,2.6247933305937345,0.42638134956359863,-9.456470489501953,-5.358461380004883,0.41868719458580017,0.024672314524650574,-23.09129524230957,-17.829734802246094,-8.059938430786133,-5.503841400146484,7.450580596923828e-09,0.003260493278503418,-9.203289031982422,-6.734755516052246,7.450580596923828e-09,-0.001188039779663086,-9.671853065490723,-4.006595611572266,2.2351741790771484e-08,-0.0056236982345581055,-10.815203666687012,-5.237509727478027,1.862645149230957e-08,-0.008163809776306152
9.700000000000,1164,-0.7744732087787745,0.23685640017191562,0.0,2.583017349243164,2.6247930868416915,0.4263814389705658,-9.34606647491455,-5.428884029388428,0.41868719458580017,0.02467244863510132,-23.09129524230957,-17.829734802246094,-7.9467573165893555,-5.544515609741211,7.450580596923828e-09,0.0032607316970825195,-9.063658714294434,-6.7994794845581055,7.450580596923828e-09,-0.001186966896057129,-9.590165138244629,-4.081907272338867,2.2351741790771484e-08,-0.00562286376953125,-10.70706558227539,-5.336871147155762,1.862645149230957e-08,-0.008162856101989746
9.750000000000,1170,-0.7744732087787745,0.2368565432230631,0.0,2.583017110824585,2.6247930298537723,0.42638158798217773,-9.2341890335083,-5.496942043304443,0.41868719458580017,0.024672474712133408,-23.09129524230957,-17.829734802246094,-7.832735538482666,-5.582773208618164,7.450580596923828e-09,0.0032601356506347656,-8.922680854797363,-6.861217975616455,7.450580596923828e-09,-0.0011878013610839844,-9.506893157958984,-4.155464172363281,2.2351741790771484e-08,-0.005623340606689453,-10.596837997436523,-5.433908462524414,1.862645149230957e-08,-0.008163094520568848
9.800000000000,1176,-0.7744732087787745,0.23685597101847322,0.0,2.583017587661743,2.62479359752536,0.4263814687728882,-9.120887756347656,-5.562603950500488,0.41868719458580017,0.024672484025359154,-23.09129524230957,-17.829734802246094,-7.717926025390625,-5.618596076965332,7.450580596923828e-09,0.003260493278503418,-8.780421257019043,-6.919942855834961,7.450580596923828e-09,-0.0011878013610839844,-9.422074317932129,-4.227232933044434,2.2351741790771484e-08,-0.0056236982345581055,-10.484569549560547,-5.528579235076904,1.862645149230957e-08,-0.0081634521484375
9.850000000000,1182,-0.7744732087787745,0.2368561140696207,0.0,2.5830178260803223,2.6247939584479054,0.4263814389705658,-9.006216049194336,-5.625840663909912,0.41868719458580017,0.0246726181358099,-23.09129524230957,-17.829734802246094,-7.602381229400635,-5.651968479156494,7.450580596923828e-09,0.0032606124877929688,-8.636945724487305,-6.97562837600708,7.450580596923828e-09,-0.0011879205703735352,-9.335747718811035,-4.29718017578125,2.2351741790771484e-08,-0.0056236982345581055,-10.370312690734863,-5.620840549468994,1.862645149230957e-08,-0.008163690567016602
9.900000000000,1188,-0.7744732087787745,0.2368558279673258,0.0,2.5830183029174805,2.624794024703328,0.42638155817985535,-8.890223503112793,-5.686622619628906,0.41868719458580017,0.024672411382198334,-23.09129524230957,-17.829734802246094,-7.486149787902832,-5.682873725891113,7.450580596923828e-09,0.0032604336738586426,-8.492315292358398,-7.028246879577637,7.450580596923828e-09,-0.001188516616821289,-9.24795150756836,-4.365273952484131,-2.2351741790771484e-08,-0.005623221397399902,-10.254117965698242,-5.7106475830078125,1.862645149230957e-08,-0.008163213729858398
9.950000000000,1194,-0.7744732087787745,0.2368558279673258,0.0,2.5830178260803223,2.6247938171008975,0.42638152837753296,-8.772964477539062,-5.744922161102295,0.41868719458580017,0.024671947583556175,-23.09129524230957,-17.829734802246094,-7.369287967681885,-5.71129846572876,7.450580596923828e-09,0.0032602548599243164,-8.346600532531738,-7.077775955200195,7.450580596923828e-09,-0.0011875629425048828,-9.15872573852539,-4.431484699249268,-2.2351741790771484e-08,-0.005623459815979004,-10.136038780212402,-5.797962188720703,1.862645149230957e-08,-0.008162975311279297
10.000000000000,1200,-0.7744732087787745,0.23685597101847322,0.0,2.583017587661743,2.62479367552469,0.42638158798217773,-8.65449047088623,-5.800713539123535,0.41868719458580017,0.024671437218785286,-23.09129524230957,-17.829734802246094,-7.251847743988037,-5.7372307777404785,7.450580596923828e-09,0.003260493278503418,-8.19986343383789,-7.124194145202637,7.450580596923828e-09,-0.0011876821517944336,-9.06811237335205,-4.495781898498535,-2.2351741790771484e-08,-0.005623340606689453,-10.016127586364746,-5.882745265960693,1.862645149230957e-08,-0.00816333293914795
10.050000000000,1206,-0.7744732087787745,0.2368558279673258,0.0,2.5830180644989014,2.6247939724637344,0.4263816177845001,-8.534857749938965,-5.853972434997559,0.41868719458580017,0.024671079590916634,-23.09129524230957,-17.829734802246094,-7.133882522583008,-5.7606587409973145,7.450580596923828e-09,0.0032605528831481934,-8.052172660827637,-7.167479515075684,7.450580596923828e-09,-0.0011875629425048828,-8.976152420043945,-4.558136940002441,-2.2351741790771484e-08,-0.005622982978820801,-9.894441604614258,-5.9649577140808105,1.862645149230957e-08,-0.008162856101989746
10.100000000000,1212,-0.7744732087787745,0.2368553988138834,0.0,2.583019256591797,2.624795159140759,0.4263816475868225,-8.414117813110352,-5.9046735763549805,0.41868719458580017,0.024670470505952835,-23.09129524230957,-17.829734802246094,-7.015445709228516,-5.781571388244629,7.450580596923828e-09,0.003260403871536255,-7.903593063354492,-7.207612991333008,2.2351741790771484e-08,-0.0011879801750183105,-8.88288402557373,-4.618520736694336,-2.2351741790771484e-08,-0.005623757839202881,-9.771032333374023,-6.044562339782715,1.862645149230957e-08,-0.008163213729858398
10.150000000000,1218,-0.7744732087787745,0.2368551127115885,0.0,2.5830187797546387,2.624794812147044,0.4263817369937897,-8.292325973510742,-5.952793598175049,0.41868719458580017,0.024669989943504333,-23.09129524230957,-17.829734802246094,-6.896589756011963,-5.799957752227783,7.450580596923828e-09,0.0032603442668914795,-7.754192352294922,-7.244575023651123,2.2351741790771484e-08,-0.0011880993843078613,-8.788352966308594,-4.676907062530518,7.450580596923828e-09,-0.0056236982345581055,-9.645956039428711,-6.121523857116699,-7.450580596923828e-09,-0.0081634521484375
10.200000000000,1224,-0.7744732087787745,0.236854969660441,0.0,2.5830190181732178,2.6247951678378363,0.4263816177845001,-8.169538497924805,-5.998311519622803,0.41868719458580017,0.0246703140437603,-23.09129524230957,-17.829734802246094,-6.777370929718018,-5.815812110900879,7.450580596923828e-09,0.0032605230808258057,-7.604040622711182,-7.278350353240967,-3.725290298461914e-08,-0.0011883378028869629,-8.692602157592773,-4.733267784118652,-2.2351741790771484e-08,-0.005623877048492432,-9.519271850585938,-6.195805549621582,1.862645149230957e-08,-0.008164048194885254
10.250000000000,1230,-0.7744732087787745,0.2368553988138834,0.0,2.5830185413360596,2.6247943437130132,0.42638149857521057,-8.04581069946289,-6.041206359863281,0.41868719458580017,0.02467036060988903,-23.09129524230957,-17.829734802246094,-6.657841205596924,-5.82912540435791,7.450580596923828e-09,0.0032607167959213257,-7.4532036781311035,-7.308922290802002,-3.725290298461914e-08,-0.0011879801750183105,-8.595673561096191,-4.78757905960083,-2.2351741790771484e-08,-0.005623757839202881,-9.391036033630371,-6.267375946044922,-7.450580596923828e-09,-0.008163928985595703
10.300000000000,1236,-0.7744732087787745,0.2368561140696207,0.0,2.583017587661743,2.6247934898101244,0.42638179659843445,-7.92119836807251,-6.081459045410156,0.41868719458580017,0.024670571088790894,-23.09129524230957,-17.829734802246094,-6.538055419921875,-5.8398942947387695,7.450580596923828e-09,0.003260180354118347,-7.30175256729126,-7.336278915405273,-3.725290298461914e-08,-0.001187741756439209,-8.497610092163086,-4.839815616607666,-2.2351741790771484e-08,-0.005623340606689453,-9.261307716369629,-6.33620023727417,1.862645149230957e-08,-0.008162617683410645
10.350000000000,1242,-0.7744732087787745,0.2368558279673258,0.0,2.583017587661743,2.6247934310027077,0.42638176679611206,-7.79575777053833,-6.119050979614258,0.41868719458580017,0.02467038668692112,-23.09129524230957,-17.829734802246094,-6.418068885803223,-5.848110675811768,7.450580596923828e-09,0.003260985016822815,-7.149752616882324,-7.360405921936035,-3.725290298461914e-08,-0.0011871159076690674,-8.398458480834961,-4.889953136444092,-2.2351741790771484e-08,-0.005622744560241699,-9.130142211914062,-6.402248382568359,1.862645149230957e-08,-0.008162498474121094
10.400000000000,1248,-0.7744732087787745,0.23685625712076816,0.0,2.583017110824585,2.6247931786113847,0.4263814687728882,-7.669544696807861,-6.153964996337891,0.41868719458580017,0.024670442566275597,-23.09129524230957,-17.829734802246094,-6.297932147979736,-5.853771209716797,7.450580596923828e-09,0.0032600462436676025,-6.997271537780762,-7.381293296813965,-3.725290298461914e-08,-0.0011883676052093506,-8.298261642456055,-4.93796968460083,2.2351741790771484e-08,-0.005623817443847656,-8.997601509094238,-6.465491771697998,1.862645149230957e-08,-0.008163690567016602
10.450000000000,1254,-0.7744732087787745,0.23685625712076816,0.0,2.583017349243164,2.624793013921848,0.4263814687728882,-7.542618274688721,-6.186185836791992,0.41868719458580017,0.024670543149113655,-23.09129524230957,-17.829734802246094,-6.177704334259033,-5.856874942779541,7.450580596923828e-09,0.0032619182020425797,-6.844382286071777,-7.398931980133057,-3.725290298461914e-08,-0.0011861324310302734,-8.197068214416504,-4.983844757080078,2.2351741790771484e-08,-0.005622148513793945,-8.863746643066406,-6.525901794433594,1.862645149230957e-08,-0.008161664009094238
10.500000000000,1260,-0.7744732087787745,0.2368565432230631,0.0,2.583017110824585,2.624792971832768,0.42638155817985535,-7.415034770965576,-6.215699195861816,0.41868719458580017,0.024670744314789772,-23.09129524230957,-17.829734802246094,-6.057435989379883,-5.857419490814209,7.450580596923828e-09,0.0032607074826955795,-6.6911516189575195,-7.413312911987305,-3.725290298461914e-08,-0.001187145709991455,-8.094919204711914,-5.027554988861084,2.2351741790771484e-08,-0.005622744560241699,-8.728633880615234,-6.58344841003418,1.862645149230957e-08,-0.008162736892700195
10.550000000000,1266,-0.7744732087787745,0.23685668627421053,0.0,2.583017349243164,2.6247932993417185,0.42638149857521057,-7.286852836608887,-6.242490768432617,0.41868719458580017,0.024670973420143127,-23.09129524230957,-17.829734802246094,-5.937184810638428,-5.855406284332275,7.450580596923828e-09,0.003259100019931793,-6.537651062011719,-7.424431800842285,-3.725290298461914e-08,-0.001189395785331726,-7.991864204406738,-5.069082260131836,2.2351741790771484e-08,-0.005624592304229736,-8.592329978942871,-6.638108253479004,1.862645149230957e-08,-0.008164823055267334
10.600000000000,1272,-0.7744732087787745,0.2368556849161783,0.0,2.5830183029174805,2.624794211713346,0.4263817369937897,-7.15812873840332,-6.266549110412598,0.41868719458580017,0.02467084676027298,-23.09129524230957,-17.829734802246094,-5.817002773284912,-5.85083532333374,7.450580596923828e-09,0.003260314464569092,-6.38394832611084,-7.432281494140625,-3.725290298461914e-08,-0.0011882707476615906,-7.8879475593566895,-5.108406066894531,2.2351741790771484e-08,-0.005623340606689453,-8.454893112182617,-6.689853191375732,1.862645149230957e-08,-0.0081634521484375
10.650000000000,1278,-0.7744732087787745,0.2368561140696207,0.0,2.583017587661743,2.624793692481348,0.4263816177845001,-7.028921604156494,-6.287862777709961,0.41868719458580017,0.02467074617743492,-23.09129524230957,-17.829734802246094,-5.696944236755371,-5.84370756149292,7.450580596923828e-09,0.0032593607902526855,-6.230112552642822,-7.436859130859375,-3.725290298461914e-08,-0.0011892691254615784,-7.783216953277588,-5.145510673522949,2.2351741790771484e-08,-0.005624294281005859,-8.316385269165039,-6.738662242889404,3.725290298461914e-08,-0.008164525032043457
10.700000000000,1284,-0.7744732087787745,0.2368561140696207,0.0,2.583017110824585,2.6247926793889214,0.42638131976127625,-6.899290084838867,-6.306422710418701,0.41868719458580017,0.02467091754078865,-23.09129524230957,-17.829734802246094,-5.577065467834473,-5.8340253829956055,7.450580596923828e-09,0.0032614171504974365,-6.076213359832764,-7.4381608963012695,-3.725290298461914e-08,-0.0011867433786392212,-7.677722454071045,-5.1803789138793945,2.2351741790771484e-08,-0.005622446537017822,-8.176870346069336,-6.784515380859375,1.862645149230957e-08,-0.008162379264831543
10.750000000000,1290,-0.7744732087787745,0.23685640017191562,0.0,2.583017349243164,2.6247932198372825,0.4263814389705658,-6.769293308258057,-6.3222198486328125,0.41868719458580017,0.024671318009495735,-23.09129524230957,-17.829734802246094,-5.4574198722839355,-5.821795463562012,7.450580596923828e-09,0.0032600462436676025,-5.922321796417236,-7.436188220977783,-3.725290298461914e-08,-0.0011885613203048706,-7.571508884429932,-5.212994575500488,2.2351741790771484e-08,-0.005623579025268555,-8.03641128540039,-6.827388286590576,1.862645149230957e-08,-0.008163690567016602
10.800000000000,1296,-0.7744732087787745,0.23685625712076816,0.0,2.583017349243164,2.6247932148409756,0.4263814687728882,-6.6389899253845215,-6.33524751663208,0.41868719458580017,0.024671247228980064,-23.09129524230957,-17.829734802246094,-5.338061332702637,-5.807022571563721,7.450580596923828e-09,0.003261059522628784,-5.768507480621338,-7.430942535400391,-3.725290298461914e-08,-0.0011876076459884644,-7.464625835418701,-5.243342876434326,2.2351741790771484e-08,-0.005623221397399902,-7.895072937011719,-6.8672637939453125,3.725290298461914e-08,-0.008162975311279297
10.850000000000,1302,-0.7744732087787745,0.23685625712076816,0.0,2.583016872406006,2.6247927463990495,0.42638149857521057,-6.508439064025879,-6.345499515533447,0.41868719458580017,0.024671263992786407,-23.09129524230957,-17.829734802246094,-5.2190446853637695,-5.789712905883789,7.450580596923828e-09,0.003260016441345215,-5.614839553833008,-7.42242431640625,-7.450580596923828e-09,-0.0011885017156600952,-7.35712194442749,-5.27140998840332,2.2351741790771484e-08,-0.0056236982345581055,-7.7529168128967285,-6.9041218757629395,-7.450580596923828e-09,-0.00816410779953003
10.900000000000,1308,-0.7744732087787745,0.2368565432230631,0.0,2.583017110824585,2.6247930312526795,0.426381379365921,-6.377699375152588,-6.35297155380249,0.41868719458580017,0.024671271443367004,-23.09129524230957,-17.829734802246094,-5.1004228591918945,-5.769874095916748,7.450580596923828e-09,0.0032601654529571533,-5.461387634277344,-7.410638332366943,-3.725290298461914e-08,-0.001188039779663086,-7.249044418334961,-5.297183513641357,2.2351741790771484e-08,-0.005623817443847656,-7.610009670257568,-6.9379472732543945,-2.2351741790771484e-08,-0.008163750171661377
10.950000000000,1314,-0.7744732087787745,0.23685711542765292,0.0,2.5830156803131104,2.624791586486387,0.42638126015663147,-6.246830940246582,-6.357659816741943,0.41868719458580017,0.024671567603945732,-23.09129524230957,-17.829734802246094,-4.982250213623047,-5.7475175857543945,7.450580596923828e-09,0.0032603442668914795,-5.308220863342285,-7.395589828491211,-7.450580596923828e-09,-0.0011881589889526367,-7.140443801879883,-5.320652008056641,2.2351741790771484e-08,-0.00562325119972229,-7.466414451599121,-6.968724727630615,-2.2351741790771484e-08,-0.008163154125213623
11.000000000000,1320,-0.7744732087787745,0.23685754458109531,0.0,2.583014965057373,2.62479111198394,0.42638099193573,-6.11589241027832,-6.359562397003174,0.41868719458580017,0.024671800434589386,-23.09129524230957,-17.829734802246094,-4.864581108093262,-5.722650051116943,7.450580596923828e-09,0.003260195255279541,-5.1554107666015625,-7.377285480499268,-3.725290298461914e-08,-0.0011882781982421875,-7.031368255615234,-5.341803550720215,2.2351741790771484e-08,-0.005623996257781982,-7.322197914123535,-6.996439456939697,-2.2351741790771484e-08,-0.008163928985595703
11.050000000000,1326,-0.7744732087787745,0.23685740152994783,0.0,2.583015203475952,2.62479134286594,0.42638099193573,-5.98494291305542,-6.358678817749023,0.41868719458580017,0.024672074243426323,-23.09129524230957,-17.829734802246094,-4.747466564178467,-5.695285320281982,7.450580596923828e-09,0.003259718418121338,-5.003023147583008,-7.3557353019714355,-3.725290298461914e-08,-0.0011887848377227783,-6.921867370605469,-5.360629081726074,2.2351741790771484e-08,-0.005623936653137207,-7.17742395401001,-7.021078109741211,-2.2351741790771484e-08,-0.008163899183273315
11.100000000000,1332,-0.7744732087787745,0.23685697237650546,0.0,2.5830163955688477,2.6247922004963558,0.4263812303543091,-5.854041576385498,-6.355009078979492,0.41868719458580017,0.02467239834368229,-23.09129524230957,-17.829734802246094,-4.6309614181518555,-5.665435314178467,7.450580596923828e-09,0.003260970115661621,-4.851128578186035,-7.33094596862793,-3.725290298461914e-08,-0.001187741756439209,-6.811990261077881,-5.377121448516846,2.2351741790771484e-08,-0.005623221397399902,-7.032157897949219,-7.042632102966309,-2.2351741790771484e-08,-0.008163154125213623
11.150000000000,1338,-0.7744732087787745,0.236856829325358,0.0,2.5830159187316895,2.6247921470281486,0.42638131976127625,-5.72324800491333,-6.348554611206055,0.41868719458580017,0.024672972038388252,-23.09129524230957,-17.829734802246094,-4.515117168426514,-5.633112907409668,7.450580596923828e-09,0.00325930118560791,-4.6997971534729,-7.302931785583496,-3.725290298461914e-08,-0.001189112663269043,-6.701786994934082,-5.391271591186523,2.2351741790771484e-08,-0.0056242793798446655,-6.886466979980469,-7.061089515686035,-2.2351741790771484e-08,-0.008164376020431519
11.200000000000,1344,-0.7744732087787745,0.23685668627421053,0.0,2.5830163955688477,2.6247923555039376,0.42638126015663147,-5.592621326446533,-6.339319229125977,0.41868719458580017,0.024673188105225563,-23.09129524230957,-17.829734802246094,-4.399986743927002,-5.59833288192749,7.450580596923828e-09,0.0032597780227661133,-4.5490946769714355,-7.271702766418457,-3.725290298461914e-08,-0.001188814640045166,-6.591307163238525,-5.403073310852051,2.2351741790771484e-08,-0.00562402606010437,-6.740415573120117,-7.076443672180176,-2.2351741790771484e-08,-0.008164077997207642
11.250000000000,1350,-0.7744732087787745,0.236856829325358,0.0,2.5830163955688477,2.624792510742793,0.4263814389705658,-5.462220668792725,-6.327305793762207,0.41868719458580017,0.0246734619140625,-23.09129524230957,-17.829734802246094,-4.285622596740723,-5.561111927032471,7.450580596923828e-09,0.003260016441345215,-4.399093151092529,-7.237276077270508,-3.725290298461914e-08,-0.0011880993843078613,-6.4806013107299805,-5.4125213623046875,2.2351741790771484e-08,-0.005623713135719299,-6.594071865081787,-7.088685035705566,-2.2351741790771484e-08,-0.00816364586353302
11.300000000000,1356,-0.7744732087787745,0.23685711542765292,0.0,2.5830156803131104,2.6247917028944707,0.4263814389705658,-5.33210563659668,-6.312520503997803,0.41868719458580017,0.024673601612448692,-23.09129524230957,-17.829734802246094,-4.172076225280762,-5.521465301513672,7.450580596923828e-09,0.0032601356506347656,-4.249856472015381,-7.1996636390686035,7.450580596923828e-09,-0.0011882185935974121,-6.369719505310059,-5.419610977172852,2.2351741790771484e-08,-0.005623392760753632,-6.447500228881836,-7.097809791564941,-3.725290298461914e-08,-0.008163213729858398
11.350000000000,1362,-0.7744732087787745,0.23685697237650546,0.0,2.5830166339874268,2.624792499815183,0.4263814091682434,-5.202334403991699,-6.2949700355529785,0.41868719458580017,0.024673601612448692,-23.09129524230957,-17.829734802246094,-4.059398651123047,-5.4794111251831055,7.450580596923828e-09,0.003260195255279541,-4.10145378112793,-7.1588850021362305,7.450580596923828e-09,-0.001188039779663086,-6.258712291717529,-5.42434024810791,2.2351741790771484e-08,-0.005623694509267807,-6.300767421722412,-7.103814125061035,-3.725290298461914e-08,-0.00816364586353302
11.400000000000,1368,-0.7744732087787745,0.23685668627421053,0.0,2.583016872406006,2.624792695387249,0.42638134956359863,-5.072965621948242,-6.274662017822266,0.41868719458580017,0.024673521518707275,-23.09129524230957,-17.829734802246094,-3.9476423263549805,-5.4349684715271,7.450580596923828e-09,0.0032601356506347656,-3.953951835632324,-7.114957332611084,7.450580596923828e-09,-0.0011881589889526367,-6.147629261016846,-5.426706790924072,2.2351741790771484e-08,-0.005623499862849712,-6.153939247131348,-7.106696128845215,-3.725290298461914e-08,-0.008163434453308582
11.450000000000,1374,-0.7744732087787745,0.236856829325358,0.0,2.5830163955688477,2.6247926623600137,0.42638149857521057,-4.944058418273926,-6.251605987548828,0.41868719458580017,0.02467360533773899,-23.09129524230957,-17.829734802246094,-3.836855888366699,-5.388158798217773,7.450580596923828e-09,0.003259003162384033,-3.8074193000793457,-7.067901134490967,7.450580596923828e-09,-0.0011888742446899414,-6.0365214347839355,-5.426709175109863,2.2351741790771484e-08,-0.005624199286103249,-6.007083892822266,-7.106451511383057,-2.2351741790771484e-08,-0.008164536207914352
11.500000000000,1380,-0.7744732087787745,0.23685668627421053,0.0,2.5830166339874268,2.6247926676633035,0.42638155817985535,-4.815670967102051,-6.225812911987305,0.41868719458580017,0.024673592299222946,-23.09129524230957,-17.829734802246094,-3.7270913124084473,-5.339003086090088,7.450580596923828e-09,0.003260314464569092,-3.6619205474853516,-7.0177388191223145,7.450580596923828e-09,-0.0011879801750183105,-5.925438404083252,-5.424346923828125,2.2351741790771484e-08,-0.005622997879981995,-5.860267162322998,-7.10308313369751,-2.2351741790771484e-08,-0.008163057267665863
11.550000000000,1386,-0.7744732087787745,0.236856829325358,0.0,2.5830166339874268,2.6247927902979438,0.42638149857521057,-4.687861442565918,-6.197293281555176,0.41868719458580017,0.02467358112335205,-23.09129524230957,-17.829734802246094,-3.6183972358703613,-5.287522315979004,7.450580596923828e-09,0.0032595396041870117,-3.517521858215332,-6.964491367340088,7.450580596923828e-09,-0.001188516616821289,-5.8144307136535645,-5.419622421264648,2.2351741790771484e-08,-0.0056236982345581055,-5.713555335998535,-7.096590995788574,-3.725290298461914e-08,-0.008163824677467346
11.600000000000,1392,-0.7744732087787745,0.2368565432230631,0.0,2.5830166339874268,2.624792664086165,0.42638155817985535,-4.560687065124512,-6.1660614013671875,0.41868719458580017,0.024673452600836754,-23.09129524230957,-17.829734802246094,-3.5108232498168945,-5.23374080657959,7.450580596923828e-09,0.0032602548599243164,-3.374288558959961,-6.9081830978393555,7.450580596923828e-09,-0.0011881589889526367,-5.703548431396484,-5.412537097930908,2.2351741790771484e-08,-0.005623176693916321,-5.567013740539551,-7.086979866027832,-3.725290298461914e-08,-0.008163303136825562
11.650000000000,1398,-0.7744732087787745,0.23685625712076816,0.0,2.583017110824585,2.624793221025555,0.42638152837753296,-4.434206962585449,-6.132130146026611,0.41868719458580017,0.024673528969287872,-23.09129524230957,-17.829734802246094,-3.4044179916381836,-5.1776814460754395,7.450580596923828e-09,0.003258943557739258,-3.2322864532470703,-6.848840236663818,7.450580596923828e-09,-0.0011897087097167969,-5.5928425788879395,-5.403093338012695,2.2351741790771484e-08,-0.005624547600746155,-5.420711040496826,-7.074252605438232,-3.725290298461914e-08,-0.008164852857589722
11.700000000000,1404,-0.7744732087787745,0.23685597101847322,0.0,2.5830183029174805,2.6247941310996064,0.4263817071914673,-4.308477401733398,-6.095515251159668,0.41868719458580017,0.02467339113354683,-23.09129524230957,-17.829734802246094,-3.299229621887207,-5.1193718910217285,7.450580596923828e-09,0.0032613277435302734,-3.0915794372558594,-6.786489963531494,7.450580596923828e-09,-0.0011870861053466797,-5.482362747192383,-5.39129638671875,2.2351741790771484e-08,-0.005622446537017822,-5.274712085723877,-7.058414459228516,-2.2351741790771484e-08,-0.00816240906715393
11.750000000000,1410,-0.7744732087787745,0.23685554186503086,0.0,2.5830185413360596,2.6247947311146103,0.4263816475868225,-4.183554649353027,-6.0562334060668945,0.41868719458580017,0.02467350848019123,-23.09129524230957,-17.829734802246094,-3.195305109024048,-5.058836936950684,7.450580596923828e-09,0.003259897232055664,-2.9522297382354736,-6.721158981323242,7.450580596923828e-09,-0.0011889934539794922,-5.372157096862793,-5.3771514892578125,2.2351741790771484e-08,-0.005624294281005859,-5.129082202911377,-7.039474010467529,-3.725290298461914e-08,-0.008164286613464355
11.800000000000,1416,-0.7744732087787745,0.2368556849161783,0.0,2.5830187797546387,2.6247945052769257,0.4263816177845001,-4.05949592590332,-6.014302730560303,0.41868719458580017,0.024673517793416977,-23.09129524230957,-17.829734802246094,-3.0926928520202637,-4.996103763580322,7.450580596923828e-09,0.003260970115661621,-2.8143014907836914,-6.652877330780029,7.450580596923828e-09,-0.0011876821517944336,-5.262279510498047,-5.360665798187256,2.2351741790771484e-08,-0.005623221397399902,-4.983888149261475,-7.017439365386963,-3.725290298461914e-08,-0.008163213729858398
11.850000000000,1422,-0.7744732087787745,0.23685554186503086,0.0,2.5830187797546387,2.6247945589643447,0.4263816773891449,-3.9363579750061035,-5.969742298126221,0.41868719458580017,0.02467375434935093,-23.09129524230957,-17.829734802246094,-2.991438865661621,-4.9312028884887695,7.450580596923828e-09,0.0032608509063720703,-2.6778581142425537,-6.5816779136657715,7.450580596923828e-09,-0.0011878013610839844,-5.152776718139648,-5.341845989227295,2.2351741790771484e-08,-0.005623459815979004,-4.839196681976318,-6.992321014404297,-3.725290298461914e-08,-0.008163273334503174
11.900000000000,1428,-0.7744732087787745,0.2368565432230631,0.0,2.583016872406006,2.6247928066461674,0.4263816475868225,-3.8141963481903076,-5.922571659088135,0.41868719458580017,0.024673644453287125,-23.09129524230957,-17.829734802246094,-2.8915886878967285,-4.864161491394043,7.450580596923828e-09,0.003260016441345215,-2.5429606437683105,-6.5075907707214355,7.450580596923828e-09,-0.0011882781982421875,-5.043700218200684,-5.320699691772461,2.2351741790771484e-08,-0.0056237876415252686,-4.695072650909424,-6.964128494262695,-2.2351741790771484e-08,-0.008163750171661377
11.950000000000,1434,-0.7744732087787745,0.23685640017191562,0.0,2.583017349243164,2.6247931697275715,0.426381379365921,-3.693065881729126,-5.872812747955322,0.41868719458580017,0.02467379905283451,-23.09129524230957,-17.829734802246094,-2.793187141418457,-4.795011043548584,7.450580596923828e-09,0.003260374069213867,-2.409670352935791,-6.43065071105957,7.450580596923828e-09,-0.001188039779663086,-4.9350972175598145,-5.297237873077393,2.2351741790771484e-08,-0.0056237876415252686,-4.551580429077148,-6.9328765869140625,-3.725290298461914e-08,-0.008163809776306152
12.000000000000,1440,-0.7744732087787745,0.23685640017191562,0.0,2.583017349243164,2.624793353978771,0.42638152837753296,-3.573021411895752,-5.820487022399902,0.41868719458580017,0.024673817679286003,-23.09129524230957,-17.829734802246094,-2.696279764175415,-4.723782062530518,7.450580596923828e-09,0.0032606124877929688,-2.2780470848083496,-6.35089111328125,7.450580596923828e-09,-0.0011881589889526367,-4.827019214630127,-5.2714691162109375,2.2351741790771484e-08,-0.005623519420623779,-4.408786773681641,-6.898577690124512,-2.2351741790771484e-08,-0.00816357135772705
