tick,time_s,body_wx,body_wy,body_wz,engine_absolute_omega,left_absolute_omega,right_absolute_omega,clutch_torque_nm,clutch_slip_radps,clutch_work_j,BE_loss_j,combustion_work_j,external_output_work_j,energy_balance_j,momentum_balance_nms
1,0.0005208333333333333,0.0998702767514963,-0.20003311276289376,0.2999995058215412,100.10416666666667,49.93055555555556,49.93055555555556,-40,-500.0609102082551,10.417935629338647,0.009782185330676142,0.0,0.0,-1.2652032199689245e-13,0.0
2,0.0010416666666666667,0.0997405535029926,-0.2000662255257875,0.29999901164308246,100.20833333333334,49.861111111111114,49.861111111111114,-40,-499.12182041651016,10.398371258677294,0.009782185330676142,0.0,0.0,1.4402264103541285e-12,4.0194366942304644e-14
3,0.0015625,0.0996108302544889,-0.20009933828868126,0.2999985174646237,100.31250000000001,49.79166666666667,49.79166666666667,-40,-498.18273062476516,10.37880688801594,0.009782185330676142,0.0,0.0,-6.310056643865636e-13,1.4210854715202004e-14
4,0.0020833333333333333,0.0994811070059852,-0.200132451051575,0.2999980232861649,100.41666666666669,49.72222222222223,49.72222222222223,-40,-497.2436408330203,10.35924251735459,0.009782185330676142,0.0,0.0,9.375174248038576e-13,3.1776437161565096e-14
5,0.0026041666666666665,0.0993513837574815,-0.20016556381446876,0.29999752910770616,100.52083333333336,49.652777777777786,49.652777777777786,-40,-496.30455104127543,10.339678146693238,0.009782185330676142,0.0,0.0,6.870511104484223e-13,3.1776437161565096e-14
6,0.003125,0.0992216605089778,-0.2001986765773625,0.2999970349292474,100.62500000000003,49.58333333333334,49.58333333333334,-40,-495.3654612495304,10.320113776031883,0.009782185330676142,0.0,0.0,4.3303208241418645e-13,3.1776437161565096e-14
7,0.0036458333333333334,0.09909193726047409,-0.20023178934025626,0.29999654075078863,100.7291666666667,49.5138888888889,49.5138888888889,-40,-494.4263714577855,10.30054940537053,0.009782185330676142,0.0,0.0,1.8078941121935088e-13,0.0
8,0.004166666666666667,0.09896221401197039,-0.20026490210315,0.29999604657232987,100.83333333333337,49.44444444444446,49.44444444444446,-40,-493.4872816660406,10.280985034709179,0.009782185330676142,0.0,0.0,8.398177986368438e-13,1.1457157353758233e-13
9,0.0046875,0.09883249076346669,-0.20029801486604376,0.2999955523938711,100.93750000000004,49.375000000000014,49.375000000000014,-40,-492.54819187429575,10.261420664047828,0.009782185330676142,0.0,0.0,5.893514842814085e-13,2.842170943040401e-14
10,0.005208333333333333,0.09870276751496299,-0.2003311276289375,0.29999505821541234,101.04166666666671,49.30555555555557,49.30555555555557,-40,-491.60910208255075,10.241856293386473,0.009782185330676142,0.0,0.0,-5.741622455257556e-13,3.1776437161565096e-14
11,0.005729166666666666,0.09857304426645928,-0.20036424039183126,0.29999456403695357,101.14583333333339,49.23611111111113,49.23611111111113,-40,-490.6700122908058,10.22229192272512,0.009782185330676142,0.0,0.0,9.925844868252653e-13,0.0
12,0.00625,0.09844332101795558,-0.200397353154725,0.2999940698584948,101.25000000000006,49.166666666666686,49.166666666666686,-40,-489.7309224990609,10.202727552063768,0.009782185330676142,0.0,0.0,-1.673765293030982e-13,0.0
13,0.0067708333333333336,0.09831359776945188,-0.20043046591761876,0.29999357568003604,101.35416666666673,49.09722222222224,49.09722222222224,-40,-488.7918327073161,10.183163181402417,0.009782185330676142,0.0,0.0,1.401146559887323e-12,3.1776437161565096e-14
14,0.007291666666666667,0.09818387452094818,-0.2004635786805125,0.2999930815015773,101.4583333333334,49.0277777777778,49.0277777777778,-40,-487.85274291557107,10.163598810741064,0.009782185330676142,0.0,0.0,2.3940918691955915e-13,2.842170943040401e-14
15,0.0078125,0.09805415127244448,-0.20049669144340626,0.2999925873231185,101.56250000000007,48.95833333333336,48.95833333333336,-40,-486.91365312382607,10.14403444007971,0.009782185330676142,0.0,0.0,-1.460984111467667e-14,2.842170943040401e-14
16,0.008333333333333333,0.09792442802394077,-0.2005298042063,0.29999209314465974,101.66666666666674,48.888888888888914,48.888888888888914,-40,-485.97456333208123,10.124470069418358,0.009782185330676142,0.0,0.0,-2.65076155470112e-13,3.1776437161565096e-14
17,0.008854166666666666,0.09779470477543707,-0.20056291696919376,0.299991598966201,101.77083333333341,48.81944444444447,48.81944444444447,-40,-485.03547354033634,10.104905698757007,0.009782185330676142,0.0,0.0,1.3034469337203092e-12,0.0
18,0.009375,0.09766498152693337,-0.2005960297320875,0.2999911047877422,101.87500000000009,48.75000000000003,48.75000000000003,-40,-484.0963837485914,10.085341328095653,0.009782185330676142,0.0,0.0,1.4170956075254537e-13,0.0
19,0.009895833333333333,0.09753525827842967,-0.20062914249498126,0.29999061060928345,101.97916666666676,48.680555555555586,48.680555555555586,-40,-483.1572939568464,10.065776957434299,0.009782185330676142,0.0,0.0,-1.1230946728169044e-13,2.842170943040401e-14
20,0.010416666666666666,0.09740553502992597,-0.200662255257875,0.2999901164308247,102.08333333333343,48.61111111111114,48.61111111111114,-40,-482.2182041651015,10.046212586772947,0.009782185330676142,0.0,0.0,5.467189201358025e-13,0.0
21,0.0109375,0.09727581178142226,-0.20069536802076876,0.2999896222523659,102.1875000000001,48.5416666666667,48.5416666666667,-40,-481.27911437335666,10.026648216111596,0.009782185330676142,0.0,0.0,-6.132420959925611e-13,0.0
22,0.011458333333333333,0.09714608853291856,-0.2007284807836625,0.29998912807390715,102.29166666666677,48.47222222222226,48.47222222222226,-40,-480.34002458161166,10.007083845450243,0.009782185330676142,0.0,0.0,9.535046363584598e-13,0.0
23,0.011979166666666666,0.09701636528441486,-0.20076159354655626,0.2999886338954484,102.39583333333344,48.402777777777814,48.402777777777814,-40,-479.4009347898667,9.98751947478889,0.009782185330676142,0.0,0.0,-2.0823273660930397e-13,3.1776437161565096e-14
24,0.0125,0.09688664203591116,-0.20079470630945,0.2999881397169896,102.50000000000011,48.33333333333337,48.33333333333337,-40,-478.4618449981218,9.967955104127537,0.009782185330676142,0.0,0.0,1.358513995741717e-12,2.842170943040401e-14
25,0.013020833333333334,0.09675691878740746,-0.20082781907234376,0.29998764553853086,102.60416666666679,48.26388888888893,48.26388888888893,-40,-477.5227552063769,9.948390733466185,0.009782185330676142,0.0,0.0,-7.109417221595749e-13,2.842170943040401e-14
26,0.013541666666666667,0.09662719553890375,-0.2008609318352375,0.2999871513600721,102.70833333333346,48.194444444444485,48.194444444444485,-40,-476.583665414632,9.928826362804832,0.009782185330676142,0.0,0.0,8.558050101914461e-13,1.4210854715202004e-14
27,0.0140625,0.09649747229040005,-0.20089404459813126,0.2999866571816133,102.81250000000013,48.12500000000004,48.12500000000004,-40,-475.644575622887,9.909261992143477,0.009782185330676142,0.0,0.0,1.5112806839301385e-12,4.0194366942304644e-14
28,0.014583333333333334,0.09636774904189635,-0.200927157361025,0.29998616300315456,102.9166666666668,48.0555555555556,48.0555555555556,-40,-474.70548583114214,9.889697621482128,0.009782185330676142,0.0,0.0,3.530960246411752e-13,0.0
29,0.015104166666666667,0.09623802579339265,-0.20096027012391876,0.2999856688246958,103.02083333333347,47.98611111111116,47.98611111111116,-40,-473.76639603939725,9.870133250820775,0.009782185330676142,0.0,0.0,-8.086413483265886e-13,2.842170943040401e-14
30,0.015625,0.09610830254488895,-0.2009933828868125,0.29998517464623703,103.12500000000014,47.916666666666714,47.916666666666714,-40,-472.8273062476523,9.850568880159422,0.009782185330676142,0.0,0.0,-1.5138931774849596e-13,1.4210854715202004e-14
31,0.01614583333333333,0.09597857929638524,-0.20102649564970626,0.29998468046777826,103.22916666666681,47.84722222222227,47.84722222222227,-40,-471.8882164559073,9.831004509498069,0.009782185330676142,0.0,0.0,1.415357414602525e-12,1.4210854715202004e-14
32,0.016666666666666666,0.09584885604788154,-0.2010596084126,0.2999841862893195,103.33333333333348,47.77777777777783,47.77777777777783,-40,-470.94912666416246,9.811440138836717,0.009782185330676142,0.0,0.0,2.553963984741614e-13,1.4210854715202004e-14
33,0.0171875,0.09571913279937784,-0.20109272117549376,0.29998369211086073,103.43750000000016,47.708333333333385,47.708333333333385,-40,-470.0100368724176,9.791875768175366,0.009782185330676142,0.0,0.0,4.930084118726086e-15,1.4210854715202004e-14
34,0.017708333333333333,0.09558940955087414,-0.2011258339383875,0.29998319793240197,103.54166666666683,47.63888888888894,47.63888888888894,-40,-469.07094708067257,9.772311397514011,0.009782185330676142,0.0,0.0,6.604057578574185e-13,1.1457157353758233e-13
35,0.018229166666666668,0.09545968630237044,-0.20115894670128126,0.2999827037539432,103.6458333333335,47.5694444444445,47.5694444444445,-40,-468.1318572889276,9.752747026852658,0.009782185330676142,0.0,0.0,4.0816308666258294e-13,2.842170943040401e-14
36,0.01875,0.09532996305386673,-0.201192059464175,0.29998220957548444,103.75000000000017,47.50000000000006,47.50000000000006,-40,-467.19276749718273,9.733182656191307,0.009782185330676142,0.0,0.0,1.5769677230714763e-13,1.4210854715202004e-14
37,0.019270833333333334,0.09520023980536303,-0.20122517222706876,0.29998171539702567,103.85416666666684,47.430555555555614,47.430555555555614,-40,-466.2536777054379,9.713618285529956,0.009782185330676142,0.0,0.0,8.167251597246405e-13,4.0194366942304644e-14
38,0.019791666666666666,0.09507051655685933,-0.2012582849899625,0.2999812212185669,103.95833333333351,47.36111111111117,47.36111111111117,-40,-465.3145879136929,9.6940539148686,0.009782185330676142,0.0,0.0,5.627061316904047e-13,1.4210854715202004e-14
39,0.0203125,0.09494079330835563,-0.20129139775285626,0.29998072704010814,104.06250000000018,47.29166666666673,47.29166666666673,-40,-464.3754981219479,9.674489544207248,0.009782185330676142,0.0,0.0,-5.990312412773591e-13,3.1776437161565096e-14
40,0.020833333333333332,0.09481107005985193,-0.20132451051575,0.2999802328616494,104.16666666666686,47.222222222222285,47.222222222222285,-40,-463.43640833020305,9.654925173545896,0.009782185330676142,0.0,0.0,9.69491847913062e-13,2.842170943040401e-14
41,0.021354166666666667,0.09468134681134822,-0.20135762327864376,0.2999797386831906,104.27083333333353,47.15277777777784,47.15277777777784,-40,-462.49731853845816,9.635360802884545,0.009782185330676142,0.0,0.0,-1.9046916821530147e-13,2.842170943040401e-14
42,0.021875,0.09455162356284452,-0.2013907360415375,0.29997924450473185,104.3750000000002,47.0833333333334,47.0833333333334,-40,-461.5582287467132,9.615796432223192,0.009782185330676142,0.0,0.0,1.3762775641357194e-12,1.4210854715202004e-14
43,0.022395833333333334,0.09442190031434082,-0.20142384880443126,0.2999787503262731,104.47916666666687,47.01388888888896,47.01388888888896,-40,-460.6191389549682,9.596232061561837,0.009782185330676142,0.0,0.0,2.127638343285554e-13,1.4210854715202004e-14
44,0.022916666666666665,0.09429217706583712,-0.201456961567325,0.2999782561478143,104.58333333333354,46.944444444444514,46.944444444444514,-40,-459.6800491632233,9.576667690900486,0.009782185330676142,0.0,0.0,-3.7702480026879925e-14,2.842170943040401e-14
45,0.0234375,0.09416245381733342,-0.20149007433021876,0.29997776196935555,104.68750000000021,46.87500000000007,46.87500000000007,-40,-458.7409593714785,9.557103320239134,0.009782185330676142,0.0,0.0,-2.8816879438231524e-13,3.1776437161565096e-14
46,0.02395833333333333,0.09403273056882971,-0.2015231870931125,0.2999772677908968,104.79166666666688,46.80555555555563,46.80555555555563,-40,-457.8018695797335,9.53753894957778,0.009782185330676142,0.0,0.0,3.673068793563772e-13,1.4210854715202004e-14
47,0.024479166666666666,0.09390300732032601,-0.20155629985600626,0.299976773612438,104.89583333333356,46.736111111111185,46.736111111111185,-40,-456.86277978798853,9.517974578916427,0.009782185330676142,0.0,0.0,1.0245589099344699e-12,1.4210854715202004e-14
48,0.025,0.09377328407182231,-0.2015894126189,0.29997627943397925,105.00000000000023,46.66666666666674,46.66666666666674,-40,-455.92368999624364,9.498410208255075,0.009782185330676142,0.0,0.0,7.740925955790345e-13,2.842170943040401e-14
49,0.025520833333333333,0.09364356082331861,-0.20162252538179376,0.2999757852555205,105.1041666666669,46.5972222222223,46.5972222222223,-40,-454.98460020449875,9.478845837593724,0.009782185330676142,0.0,0.0,-3.85868420549329e-13,3.1776437161565096e-14
50,0.026041666666666668,0.0935138375748149,-0.2016556381446875,0.2999752910770617,105.20833333333357,46.52777777777786,46.52777777777786,-40,-454.0455104127538,9.45928146693237,0.009782185330676142,0.0,0.0,2.7138361002876366e-13,3.1776437161565096e-14
51,0.0265625,0.0933841143263112,-0.20168875090758126,0.29997479689860296,105.31250000000024,46.458333333333414,46.458333333333414,-40,-453.10642062100885,9.439717096271018,0.009782185330676142,0.0,0.0,1.914093883392809e-14,3.1776437161565096e-14
52,0.027083333333333334,0.0932543910778075,-0.201721863670475,0.2999743027201442,105.41666666666691,46.38888888888897,46.38888888888897,-40,-452.16733082926396,9.420152725609665,0.009782185330676142,0.0,0.0,1.585887671184949e-12,0.0
53,0.027604166666666666,0.0931246678293038,-0.20175497643336876,0.2999738085416854,105.52083333333358,46.31944444444453,46.31944444444453,-40,-451.22824103751907,9.400588354948313,0.009782185330676142,0.0,0.0,4.2592665505658545e-13,0.0
54,0.028125,0.0929949445808001,-0.2017880891962625,0.29997331436322666,105.62500000000026,46.250000000000085,46.250000000000085,-40,-450.2891512457741,9.38102398428696,0.009782185330676142,0.0,0.0,1.7368398386174988e-13,3.1776437161565096e-14
55,0.028645833333333332,0.0928652213322964,-0.20182120195915626,0.2999728201847679,105.72916666666693,46.18055555555564,46.18055555555564,-40,-449.3500614540291,9.361459613625605,0.009782185330676142,0.0,0.0,8.291596576004423e-13,0.0
56,0.029166666666666667,0.0927354980837927,-0.20185431472205,0.29997232600630913,105.8333333333336,46.1111111111112,46.1111111111112,-40,-448.4109716622843,9.341895242964256,0.009782185330676142,0.0,0.0,-3.29025001688521e-13,1.4210854715202004e-14
57,0.0296875,0.09260577483528899,-0.20188742748494376,0.29997183182785037,105.93750000000027,46.04166666666676,46.04166666666676,-40,-447.4718818705394,9.322330872302903,0.009782185330676142,0.0,0.0,1.2377217306625e-12,1.4210854715202004e-14
58,0.030208333333333334,0.09247605158678529,-0.2019205402478375,0.2999713376493916,106.04166666666694,45.972222222222314,45.972222222222314,-40,-446.5327920787944,9.30276650164155,0.009782185330676142,0.0,0.0,7.59843576947361e-14,3.1776437161565096e-14
59,0.030729166666666665,0.09234632833828159,-0.20195365301073126,0.29997084347093284,106.14583333333361,45.90277777777787,45.90277777777787,-40,-445.59370228704944,9.283202130980197,0.009782185330676142,0.0,0.0,-1.7625831350009946e-13,2.842170943040401e-14
60,0.03125,0.09221660508977789,-0.201986765773625,0.29997034929247407,106.25000000000028,45.83333333333343,45.83333333333343,-40,-444.65461249530455,9.263637760318844,0.009782185330676142,0.0,0.0,-4.2850098469493503e-13,3.1776437161565096e-14
61,0.03177083333333333,0.09208688184127418,-0.20201987853651876,0.2999698551140153,106.35416666666696,45.763888888888985,45.763888888888985,-40,-443.7155227035597,9.244073389657494,0.009782185330676142,0.0,0.0,1.1417984613348864e-12,1.1457157353758233e-13
62,0.03229166666666666,0.09195715859277048,-0.2020529912994125,0.29996936093555654,106.45833333333363,45.69444444444454,45.69444444444454,-40,-442.7764329118147,9.22450901899614,0.009782185330676142,0.0,0.0,8.877794333006506e-13,2.842170943040401e-14
63,0.0328125,0.09182743534426678,-0.20208610406230626,0.2999688667570978,106.5625000000003,45.6250000000001,45.6250000000001,-40,-441.8373431200697,9.204944648334784,0.009782185330676142,0.0,0.0,-2.757342965065135e-13,0.0
64,0.03333333333333333,0.09169771209576308,-0.2021192168252,0.299968372578639,106.66666666666697,45.55555555555566,45.55555555555566,-40,-440.89825332832487,9.185380277673435,0.009782185330676142,0.0,0.0,3.850704477503797e-13,2.842170943040401e-14
65,0.033854166666666664,0.09156798884725938,-0.20215232958809376,0.29996787840018024,106.77083333333364,45.486111111111214,45.486111111111214,-40,-439.95916353658,9.165815907012082,0.009782185330676142,0.0,0.0,1.3282777655554412e-13,1.4210854715202004e-14
66,0.034375,0.09143826559875567,-0.2021854423509875,0.2999673842217215,106.87500000000031,45.41666666666677,45.41666666666677,-40,-439.02007374483503,9.146251536350729,0.009782185330676142,0.0,0.0,-1.1941489463929145e-13,1.4210854715202004e-14
67,0.034895833333333334,0.09130854235025197,-0.20221855511388126,0.2999668900432627,106.97916666666698,45.34722222222233,45.34722222222233,-40,-438.08098395309,9.126687165689376,0.009782185330676142,0.0,0.0,1.4473318377117295e-12,1.4210854715202004e-14
68,0.035416666666666666,0.09117881910174827,-0.202251667876775,0.29996639586480395,107.08333333333366,45.277777777777885,45.277777777777885,-40,-437.14189416134514,9.107122795028022,0.009782185330676142,0.0,0.0,2.8559446474396566e-13,0.0
69,0.0359375,0.09104909585324457,-0.20228478063966876,0.2999659016863452,107.18750000000033,45.20833333333344,45.20833333333344,-40,-436.2028043696003,9.087558424366673,0.009782185330676142,0.0,0.0,3.6904507227930594e-14,1.4210854715202004e-14
70,0.036458333333333336,0.09091937260474087,-0.2023178934025625,0.2999654075078864,107.291666666667,45.138888888889,45.138888888889,-40,-435.26371457785535,9.06799405370532,0.009782185330676142,0.0,0.0,6.941565378060233e-13,2.842170943040401e-14
71,0.03697916666666667,0.09078964935623716,-0.20235100616545626,0.29996491332942765,107.39583333333367,45.06944444444456,45.06944444444456,-40,-434.32462478611035,9.048429683043965,0.009782185330676142,0.0,0.0,-4.693571920011408e-13,0.0
72,0.0375,0.09065992610773346,-0.20238411892835,0.2999644191509689,107.50000000000034,45.000000000000114,45.000000000000114,-40,-433.38553499436546,9.028865312382614,0.009782185330676142,0.0,0.0,1.0991658971892804e-12,3.1776437161565096e-14
73,0.03802083333333333,0.09053020285922976,-0.20241723169124376,0.2999639249725101,107.60416666666701,44.93055555555567,44.93055555555567,-40,-432.4464452026206,9.009300941721262,0.009782185330676142,0.0,0.0,-6.079511893908318e-14,1.4210854715202004e-14
74,0.03854166666666667,0.09040047961072606,-0.2024503444541375,0.29996343079405136,107.70833333333368,44.86111111111123,44.86111111111123,-40,-431.5073554108756,8.989736571059908,0.009782185330676142,0.0,0.0,5.946805547996092e-13,2.842170943040401e-14
75,0.0390625,0.09027075636222236,-0.20248345721703126,0.2999629366155926,107.81250000000036,44.791666666666785,44.791666666666785,-40,-430.56826561913067,8.970172200398554,0.009782185330676142,0.0,0.0,-5.670568181681546e-13,2.842170943040401e-14
76,0.03958333333333333,0.09014103311371865,-0.202516569979925,0.2999624424371338,107.91666666666703,44.72222222222234,44.72222222222234,-40,-429.6291758273858,8.950607829737203,0.009782185330676142,0.0,0.0,1.0014662710222666e-12,2.842170943040401e-14
77,0.04010416666666666,0.09001130986521495,-0.20254968274281876,0.29996194825867506,108.0208333333337,44.6527777777779,44.6527777777779,-40,-428.6900860356409,8.931043459075852,0.009782185330676142,0.0,0.0,7.509999566668313e-13,1.4210854715202004e-14
78,0.040625,0.08988158661671125,-0.2025827955057125,0.2999614540802163,108.12500000000037,44.58333333333346,44.58333333333346,-40,-427.75099624389594,8.911479088414499,0.009782185330676142,0.0,0.0,4.987572854719957e-13,1.4210854715202004e-14
79,0.04114583333333333,0.08975186336820755,-0.20261590826860626,0.29996095990175753,108.22916666666704,44.513888888889014,44.513888888889014,-40,-426.81190645215094,8.891914717753144,0.009782185330676142,0.0,0.0,2.447382574377599e-13,2.842170943040401e-14
80,0.041666666666666664,0.08962214011970385,-0.2026490210315,0.29996046572329876,108.33333333333371,44.44444444444457,44.44444444444457,-40,-425.8728166604061,8.872350347091793,0.009782185330676142,0.0,0.0,-5.728056917675417e-15,2.842170943040401e-14
81,0.0421875,0.08949241687120014,-0.20268213379439376,0.29995997154484,108.43750000000038,44.37500000000013,44.37500000000013,-40,-424.9337268686612,8.852785976430441,0.009782185330676142,0.0,0.0,6.533003304998175e-13,0.0
82,0.042708333333333334,0.08936269362269644,-0.2027152465572875,0.29995947736638123,108.54166666666706,44.305555555555685,44.305555555555685,-40,-423.9946370769162,8.833221605769086,0.009782185330676142,0.0,0.0,3.992813024655817e-13,0.0
83,0.043229166666666666,0.08923297037419274,-0.20274835932018126,0.29995898318792247,108.64583333333373,44.23611111111124,44.23611111111124,-40,-423.05554728517126,8.813657235107733,0.009782185330676142,0.0,0.0,1.0565333330436744e-12,2.842170943040401e-14
84,0.04375,0.08910324712568904,-0.202781472083075,0.2999584890094637,108.7500000000004,44.1666666666668,44.1666666666668,-40,-422.11645749342637,8.794092864446382,0.009782185330676142,0.0,0.0,-1.0342768308468919e-13,3.1776437161565096e-14
85,0.044270833333333336,0.08897352387718534,-0.20281458484596876,0.29995799483100494,108.85416666666707,44.097222222222356,44.097222222222356,-40,-421.17736770168153,8.77452849378503,0.009782185330676142,0.0,0.0,-3.538939974401245e-13,3.1776437161565096e-14
86,0.04479166666666667,0.08884380062868164,-0.2028476976088625,0.29995750065254617,108.95833333333374,44.027777777777914,44.027777777777914,-40,-420.2382779099365,8.754964123123678,0.009782185330676142,0.0,0.0,3.0335803313796816e-13,2.842170943040401e-14
87,0.0453125,0.08871407738017793,-0.20288081037175626,0.2999570064740874,109.06250000000041,43.95833333333347,43.95833333333347,-40,-419.2991881181915,8.735399752462323,0.009782185330676142,0.0,0.0,9.588337068766606e-13,1.1457157353758233e-13
88,0.04583333333333333,0.08858435413167423,-0.20291392313465,0.29995651229562864,109.16666666666708,43.88888888888903,43.88888888888903,-40,-418.3600983264467,8.715835381800972,0.009782185330676142,0.0,0.0,-2.0112730925170297e-13,1.4210854715202004e-14
89,0.04635416666666667,0.08845463088317053,-0.20294703589754376,0.2999560181171699,109.27083333333375,43.819444444444585,43.819444444444585,-40,-417.42100853470185,8.696271011139622,0.009782185330676142,0.0,0.0,4.596774350051902e-13,3.1776437161565096e-14
90,0.046875,0.08832490763466683,-0.2029801486604375,0.2999555239387111,109.37500000000043,43.75000000000014,43.75000000000014,-40,-416.48191874295685,8.676706640478267,0.009782185330676142,0.0,0.0,2.056584069709544e-13,0.0
91,0.04739583333333333,0.08819518438616313,-0.20301326142333126,0.29995502976025235,109.4791666666671,43.6805555555557,43.6805555555557,-40,-415.54282895121185,8.657142269816912,0.009782185330676142,0.0,0.0,8.611340807096468e-13,1.4210854715202004e-14
92,0.04791666666666666,0.08806546113765942,-0.203046374186225,0.2999545355817936,109.58333333333377,43.611111111111256,43.611111111111256,-40,-414.603739159467,8.637577899155563,0.009782185330676142,0.0,0.0,-2.970505785793165e-13,0.0
93,0.0484375,0.08793573788915572,-0.20307948694911876,0.2999540414033348,109.68750000000044,43.54166666666681,43.54166666666681,-40,-413.6646493677221,8.61801352849421,0.009782185330676142,0.0,0.0,1.2696961537717044e-12,2.842170943040401e-14
94,0.04895833333333333,0.08780601464065202,-0.2031125997120125,0.29995354722487605,109.79166666666711,43.47222222222237,43.47222222222237,-40,-412.7255595759772,8.598449157832857,0.009782185330676142,0.0,0.0,1.0795878080394061e-13,3.1776437161565096e-14
95,0.049479166666666664,0.08767629139214832,-0.20314571247490626,0.2999530530464173,109.89583333333378,43.40277777777793,43.40277777777793,-40,-411.78646978423217,8.578884787171503,0.009782185330676142,0.0,0.0,-1.4428389039089495e-13,3.1776437161565096e-14
96,0.05,0.08754656814364462,-0.2031788252378,0.2999525588679585,110.00000000000045,43.333333333333485,43.333333333333485,-40,-410.8473799924873,8.55932041651015,0.009782185330676142,0.0,0.0,5.129681401871977e-13,0.0
97,0.050520833333333334,0.08741684489514091,-0.20321193800069376,0.29995206468949975,110.10416666666713,43.26388888888904,43.26388888888904,-40,-409.90829020074244,8.5397560458488,0.009782185330676142,0.0,0.0,2.6427818267116265e-13,3.1776437161565096e-14
98,0.051041666666666666,0.08728712164663721,-0.2032450507635875,0.299951570511041,110.2083333333338,43.1944444444446,43.1944444444446,-40,-408.96920040899744,8.520191675187446,0.009782185330676142,0.0,0.0,9.19753856409855e-13,0.0
99,0.0515625,0.08715739839813351,-0.20327816352648126,0.2999510763325822,110.31250000000047,43.125000000000156,43.125000000000156,-40,-408.0301106172525,8.500627304526093,0.009782185330676142,0.0,0.0,-2.4198351655790873e-13,2.842170943040401e-14
100,0.052083333333333336,0.08702767514962981,-0.203311276289375,0.29995058215412346,110.41666666666714,43.05555555555571,43.05555555555571,-40,-407.0910208255076,8.481062933864742,0.009782185330676142,0.0,0.0,4.170448708595842e-13,0.0
101,0.05260416666666667,0.0868979519011261,-0.20334438905226876,0.2999500879756647,110.52083333333381,42.98611111111127,42.98611111111127,-40,-406.1519310337627,8.461498563203389,0.009782185330676142,0.0,0.0,1.6480219966474863e-13,1.4210854715202004e-14
102,0.053125,0.0867682286526224,-0.2033775018151625,0.2999495937972059,110.62500000000048,42.91666666666683,42.91666666666683,-40,-405.21284124201776,8.441934192542035,0.009782185330676142,0.0,0.0,1.7315489320157695e-12,1.4210854715202004e-14
103,0.05364583333333333,0.0866385054041187,-0.20341061457805626,0.29994909961874716,110.72916666666715,42.847222222222385,42.847222222222385,-40,-404.27375145027275,8.422369821880682,0.009782185330676142,0.0,0.0,-3.396831427249225e-13,0.0
104,0.05416666666666667,0.086508782155615,-0.20344372734095,0.2999486054402884,110.83333333333383,42.77777777777794,42.77777777777794,-40,-403.3346616585279,8.402805451219331,0.009782185330676142,0.0,0.0,-5.901494570803578e-13,1.4210854715202004e-14
105,0.0546875,0.0863790589071113,-0.20347684010384376,0.29994811126182963,110.9375000000005,42.7083333333335,42.7083333333335,-40,-402.39557186678303,8.38324108055798,0.009782185330676142,0.0,0.0,9.783736321100633e-13,3.1776437161565096e-14
106,0.05520833333333333,0.0862493356586076,-0.2035099528667375,0.29994761708337087,111.04166666666717,42.638888888889056,42.638888888889056,-40,-401.456482075038,8.363676709896625,0.009782185330676142,0.0,0.0,-1.8514009769710071e-13,1.4210854715202004e-14
107,0.05572916666666666,0.0861196124101039,-0.20354306562963126,0.2999471229049121,111.14583333333384,42.56944444444461,42.56944444444461,-40,-400.51739228329313,8.344112339235274,0.009782185330676142,0.0,0.0,1.3833829914933204e-12,3.1776437161565096e-14
108,0.05625,0.08598988916160019,-0.203576178392525,0.29994662872645333,111.25000000000051,42.50000000000017,42.50000000000017,-40,-399.57830249154824,8.32454796857392,0.009782185330676142,0.0,0.0,2.2164561852555664e-13,2.842170943040401e-14
109,0.05677083333333333,0.08586016591309649,-0.20360929115541876,0.29994613454799457,111.35416666666718,42.43055555555573,42.43055555555573,-40,-398.6392126998033,8.304983597912567,0.009782185330676142,0.0,0.0,-3.0597052669278924e-14,0.0
110,0.057291666666666664,0.08573044266459279,-0.2036424039183125,0.2999456403695358,111.45833333333385,42.361111111111285,42.361111111111285,-40,-397.70012290805835,8.285419227251214,0.009782185330676142,0.0,0.0,-2.828397238641145e-13,2.842170943040401e-14
111,0.057812499999999996,0.08560071941608909,-0.20367551668120626,0.29994514619107704,111.56250000000053,42.29166666666684,42.29166666666684,-40,-396.76103311631346,8.265854856589863,0.009782185330676142,0.0,0.0,3.7618866355337843e-13,3.1776437161565096e-14
112,0.058333333333333334,0.08547099616758538,-0.2037086294441,0.2999446520126183,111.6666666666672,42.2222222222224,42.2222222222224,-40,-395.8219433245685,8.24629048592851,0.009782185330676142,0.0,0.0,1.0334406941314711e-12,1.4210854715202004e-14
113,0.058854166666666666,0.08534127291908168,-0.20374174220699376,0.2999441578341595,111.77083333333387,42.152777777777956,42.152777777777956,-40,-394.88285353282356,8.226726115267157,0.009782185330676142,0.0,0.0,7.811980229366355e-13,1.1368683772161603e-13
114,0.059375,0.08521154967057798,-0.2037748549698875,0.29994366365570074,111.87500000000054,42.08333333333351,42.08333333333351,-40,-393.94376374107867,8.207161744605806,0.009782185330676142,0.0,0.0,-3.78762993191728e-13,1.4210854715202004e-14
115,0.059895833333333336,0.08508182642207428,-0.20380796773278126,0.299943169477242,111.97916666666721,42.01388888888907,42.01388888888907,-40,-393.0046739493338,8.187597373944453,0.009782185330676142,0.0,0.0,2.7848903738636466e-13,2.842170943040401e-14
116,0.06041666666666667,0.08495210317357058,-0.203841080495675,0.2999426752987832,112.08333333333388,41.94444444444463,41.94444444444463,-40,-392.06558415758883,8.1680330032831,0.009782185330676142,0.0,0.0,2.624636619152909e-14,0.0
117,0.0609375,0.08482237992506687,-0.20387419325856876,0.29994218112032445,112.18750000000055,41.875000000000185,41.875000000000185,-40,-391.1264943658439,8.148468632621746,0.009782185330676142,0.0,0.0,1.59299309854255e-12,1.4210854715202004e-14
118,0.06145833333333333,0.08469265667656317,-0.2039073060214625,0.2999416869418657,112.29166666666723,41.80555555555574,41.80555555555574,-40,-390.187404574099,8.128904261960395,0.009782185330676142,0.0,0.0,-4.764626193587418e-13,0.0
119,0.06197916666666667,0.08456293342805947,-0.20394041878435626,0.2999411927634069,112.3958333333339,41.7361111111113,41.7361111111113,-40,-389.24831478235404,8.109339891299042,0.009782185330676142,0.0,0.0,1.8078941121935088e-13,0.0
120,0.0625,0.08443321017955577,-0.20397353154725,0.29994069858494815,112.50000000000057,41.666666666666856,41.666666666666856,-40,-388.3092249906091,8.089775520637689,0.009782185330676142,0.0,0.0,8.380414417974436e-13,2.842170943040401e-14
121,0.06302083333333333,0.08430348693105207,-0.20400664431014376,0.2999402044064894,112.60416666666724,41.59722222222241,41.59722222222241,-40,-387.3701351988642,8.070211149976338,0.009782185330676142,0.0,0.0,-3.2191957433092e-13,1.4210854715202004e-14
122,0.06354166666666666,0.08417376368254836,-0.2040397570730375,0.2999397102280306,112.70833333333391,41.52777777777797,41.52777777777797,-40,-386.43104540711926,8.050646779314985,0.009782185330676142,0.0,0.0,1.244827158020101e-12,2.842170943040401e-14
123,0.0640625,0.08404404043404466,-0.20407286983593126,0.29993921604957186,112.81250000000058,41.45833333333353,41.45833333333353,-40,-385.4919556153743,8.031082408653631,0.009782185330676142,0.0,0.0,-8.264049167205911e-13,3.1776437161565096e-14
124,0.06458333333333333,0.08391431718554096,-0.204105982598825,0.2999387218711131,112.91666666666725,41.388888888889085,41.388888888889085,-40,-384.5528658236294,8.011518037992278,0.009782185330676142,0.0,0.0,1.649836517403358e-12,1.4210854715202004e-14
125,0.06510416666666667,0.08378459393703726,-0.20413909536171876,0.2999382276926543,113.02083333333393,41.31944444444464,41.31944444444464,-40,-383.6137760318845,7.991953667330927,0.009782185330676142,0.0,0.0,-4.196192004979338e-13,0.0
126,0.065625,0.08365487068853356,-0.2041722081246125,0.29993773351419556,113.1250000000006,41.2500000000002,41.2500000000002,-40,-382.6746862401396,7.972389296669574,0.009782185330676142,0.0,0.0,2.376328300801589e-13,0.0
127,0.06614583333333333,0.08352514744002985,-0.20420532088750626,0.2999372393357368,113.22916666666727,41.180555555555756,41.180555555555756,-40,-381.73559644839463,7.952824926008221,0.009782185330676142,0.0,0.0,8.948848606582516e-13,0.0
128,0.06666666666666667,0.08339542419152615,-0.2042384336504,0.29993674515727803,113.33333333333394,41.11111111111131,41.11111111111131,-40,-380.79650665664974,7.93326055534687,0.009782185330676142,0.0,0.0,-2.65076155470112e-13,3.1776437161565096e-14
129,0.0671875,0.08326570094302245,-0.20427154641329376,0.29993625097881926,113.43750000000061,41.04166666666687,41.04166666666687,-40,-379.85741686490485,7.913696184685517,0.009782185330676142,0.0,0.0,3.930640535276808e-13,4.0194366942304644e-14
130,0.06770833333333333,0.08313597769451875,-0.2043046591761875,0.2999357568003605,113.54166666666728,40.97222222222243,40.97222222222243,-40,-378.9183270731599,7.894131814024164,0.009782185330676142,0.0,0.0,1.4082138233284525e-13,2.842170943040401e-14
131,0.06822916666666666,0.08300625444601505,-0.20433777193908126,0.29993526262190173,113.64583333333395,40.902777777777985,40.902777777777985,-40,-377.97923728141495,7.874567443362811,0.009782185330676142,0.0,0.0,7.980734129109379e-13,1.4210854715202004e-14
132,0.06875,0.08287653119751134,-0.204370884701975,0.29993476844344297,113.75000000000063,40.83333333333354,40.83333333333354,-40,-377.04014748967006,7.855003072701459,0.009782185330676142,0.0,0.0,5.467189201358025e-13,2.842170943040401e-14
133,0.06927083333333334,0.08274680794900764,-0.20440399746486876,0.2999342742649842,113.8541666666673,40.7638888888891,40.7638888888891,-40,-376.1010576979251,7.835438702040106,0.009782185330676142,0.0,0.0,2.944762489409669e-13,3.1776437161565096e-14
134,0.06979166666666667,0.08261708470050394,-0.2044371102277625,0.29993378008652544,113.95833333333397,40.694444444444656,40.694444444444656,-40,-375.16196790618017,7.815874331378753,0.009782185330676142,0.0,0.0,4.2233577746131346e-14,1.4210854715202004e-14
135,0.0703125,0.08248736145200024,-0.20447022299065626,0.29993328590806667,114.06250000000064,40.62500000000021,40.62500000000021,-40,-374.2228781144353,7.796309960717402,0.009782185330676142,0.0,0.0,-2.0823273660930397e-13,3.1776437161565096e-14
136,0.07083333333333333,0.08235763820349654,-0.20450333575355,0.2999327917296079,114.16666666666731,40.55555555555577,40.55555555555577,-40,-373.2837883226903,7.7767455900560485,0.009782185330676142,0.0,0.0,4.490192939687887e-13,3.1776437161565096e-14
137,0.07135416666666666,0.08222791495499283,-0.20453644851644376,0.29993229755114914,114.27083333333398,40.48611111111133,40.48611111111133,-40,-372.3446985309454,7.757181219394695,0.009782185330676142,0.0,0.0,1.1062713245468814e-12,0.0
138,0.071875,0.08209819170648913,-0.2045695612793375,0.2999318033726904,114.37500000000065,40.416666666666885,40.416666666666885,-40,-371.4056087392005,7.737616848733343,0.009782185330676142,0.0,0.0,-5.4577870001182305e-14,2.842170943040401e-14
139,0.07239583333333333,0.08196846845798543,-0.20460267404223126,0.2999313091942316,114.47916666666733,40.34722222222244,40.34722222222244,-40,-370.4665189474556,7.718052478071991,0.009782185330676142,0.0,0.0,6.035623389966105e-13,3.1776437161565096e-14
140,0.07291666666666667,0.08183874520948173,-0.204635786805125,0.29993081501577284,114.583333333334,40.277777777778,40.277777777778,-40,-369.52742915571065,7.698488107410638,0.009782185330676142,0.0,0.0,3.5131966780177493e-13,1.180442248897588e-13
141,0.0734375,0.08170902196097803,-0.20466889956801876,0.2999303208373141,114.68750000000067,40.208333333333556,40.208333333333556,-40,-368.5883393639657,7.678923736749285,0.009782185330676142,0.0,0.0,9.907699660693936e-14,0.0
142,0.07395833333333333,0.08157929871247432,-0.2047020123309125,0.2999298266588553,114.79166666666734,40.13888888888911,40.13888888888911,-40,-367.6492495722208,7.6593593660879336,0.009782185330676142,0.0,0.0,7.581053840244323e-13,0.0
143,0.07447916666666667,0.08144957546397062,-0.20473512509380626,0.29992933248039655,114.89583333333401,40.06944444444467,40.06944444444467,-40,-366.71015978047586,7.6397949954265805,0.009782185330676142,0.0,0.0,-4.036319889433315e-13,2.842170943040401e-14
144,0.075,0.08131985221546692,-0.2047682378567,0.2999288383019378,115.00000000000068,40.00000000000023,40.00000000000023,-40,-365.7710699887309,7.620230624765227,0.009782185330676142,0.0,0.0,2.5362004163476115e-13,0.0
145,0.07552083333333333,0.08119012896696322,-0.20480135061959376,0.299928344123479,115.10416666666735,39.930555555555785,39.930555555555785,-40,-364.831980196986,7.600666254103875,0.009782185330676142,0.0,0.0,2.26554885962571e-15,3.1776437161565096e-14
146,0.07604166666666666,0.08106040571845952,-0.2048344633824875,0.29992784994502025,115.20833333333402,39.86111111111134,39.86111111111134,-40,-363.89289040524113,7.581101883442523,0.009782185330676142,0.0,0.0,1.5699004596303467e-12,3.1776437161565096e-14
147,0.0765625,0.08093068246995581,-0.20486757614538126,0.2999273557665615,115.3125000000007,39.7916666666669,39.7916666666669,-40,-362.9538006134962,7.56153751278117,0.009782185330676142,0.0,0.0,-5.013316151103453e-13,0.0
148,0.07708333333333334,0.08080095922145211,-0.204900688908275,0.2999268615881027,115.41666666666737,39.722222222222456,39.722222222222456,-40,-362.01471082175124,7.541973142119817,0.009782185330676142,0.0,0.0,1.0654151172406756e-12,2.842170943040401e-14
149,0.07760416666666667,0.08067123597294841,-0.20493380167116876,0.29992636740964396,115.52083333333404,39.65277777777801,39.65277777777801,-40,-361.07562103000635,7.5224087714584655,0.009782185330676142,0.0,0.0,-9.454589888768794e-14,0.0
150,0.078125,0.08054151272444471,-0.2049669144340625,0.2999258732311852,115.62500000000071,39.58333333333357,39.58333333333357,-40,-360.1365312382614,7.5028444007971125,0.009782185330676142,0.0,0.0,-3.467885700825235e-13,1.4210854715202004e-14
151,0.07864583333333333,0.080411789475941,-0.20500002719695626,0.2999253790527264,115.72916666666738,39.51388888888913,39.51388888888913,-40,-359.19744144651645,7.483280030135759,0.009782185330676142,0.0,0.0,3.1046346049556917e-13,1.4210854715202004e-14
152,0.07916666666666666,0.0802820662274373,-0.20503313995985,0.29992488487426766,115.83333333333405,39.444444444444684,39.444444444444684,-40,-358.25835165477156,7.463715659474407,0.009782185330676142,0.0,0.0,9.68603669493362e-13,0.0
153,0.0796875,0.0801523429789336,-0.20506625272274376,0.2999243906958089,115.93750000000072,39.37500000000024,39.37500000000024,-40,-357.31926186302667,7.444151288813055,0.009782185330676142,0.0,0.0,7.172491767182265e-13,1.4210854715202004e-14
154,0.08020833333333333,0.0800226197304299,-0.2050993654856375,0.29992389651735013,116.0416666666674,39.3055555555558,39.3055555555558,-40,-356.3801720712817,7.424586918151702,0.009782185330676142,0.0,0.0,-4.444881962495373e-13,0.0
155,0.08072916666666667,0.0798928964819262,-0.20513247824853126,0.29992340233889137,116.14583333333407,39.236111111111356,39.236111111111356,-40,-355.4410822795368,7.405022547490349,0.009782185330676142,0.0,0.0,2.127638343285554e-13,2.842170943040401e-14
156,0.08125,0.0797631732334225,-0.205165591011425,0.2999229081604326,116.25000000000074,39.16666666666691,39.16666666666691,-40,-354.5019924877919,7.3854581768289975,0.009782185330676142,0.0,0.0,8.717922217460483e-13,1.4210854715202004e-14
157,0.08177083333333333,0.0796334499849188,-0.20519870377431876,0.29992241398197383,116.35416666666741,39.09722222222247,39.09722222222247,-40,-353.56290269604693,7.365893806167644,0.009782185330676142,0.0,0.0,6.195495505512127e-13,3.1776437161565096e-14
158,0.08229166666666667,0.07950372673641509,-0.2052318165372125,0.29992191980351507,116.45833333333408,39.02777777777803,39.02777777777803,-40,-352.623812904302,7.346329435506291,0.009782185330676142,0.0,0.0,3.673068793563772e-13,3.1776437161565096e-14
159,0.0828125,0.07937400348791139,-0.20526492930010626,0.2999214256250563,116.56250000000075,38.958333333333584,38.958333333333584,-40,-351.6847231125571,7.326765064844939,0.009782185330676142,0.0,0.0,1.02544708835417e-12,0.0
160,0.08333333333333333,0.07924428023940769,-0.205298042063,0.29992093144659754,116.66666666666742,38.88888888888914,38.88888888888914,-40,-350.74563332081215,7.307200694183586,0.009782185330676142,0.0,0.0,-1.045784986386522e-12,1.4210854715202004e-14
161,0.08385416666666666,0.07911455699090399,-0.20533115482589376,0.2999204372681388,116.7708333333341,38.8194444444447,38.8194444444447,-40,-349.80654352906726,7.287636323522234,0.009782185330676142,0.0,0.0,5.21849924384199e-13,1.4210854715202004e-14
162,0.084375,0.07898483374240028,-0.2053642675887875,0.29991994308968,116.87500000000077,38.750000000000256,38.750000000000256,-40,-348.8674537373223,7.268071952860881,0.009782185330676142,0.0,0.0,1.1791019549622916e-12,1.4210854715202004e-14
163,0.08489583333333334,0.07885511049389658,-0.20539738035168126,0.29991944891122124,116.97916666666744,38.68055555555581,38.68055555555581,-40,-347.9283639455774,7.2485075821995295,0.009782185330676142,0.0,0.0,-8.903537629390001e-13,3.1776437161565096e-14
164,0.08541666666666667,0.07872538724539288,-0.205430493114575,0.2999189547327625,117.08333333333411,38.61111111111137,38.61111111111137,-40,-346.98927415383247,7.228943211538176,0.009782185330676142,0.0,0.0,1.585887671184949e-12,4.0194366942304644e-14
165,0.0859375,0.07859566399688918,-0.20546360587746876,0.2999184605543037,117.18750000000078,38.54166666666693,38.54166666666693,-40,-346.0501843620875,7.209378840876823,0.009782185330676142,0.0,0.0,-4.85344403555743e-13,3.1776437161565096e-14
166,0.08645833333333333,0.07846594074838548,-0.2054967186403625,0.29991796637584495,117.29166666666745,38.472222222222484,38.472222222222484,-40,-345.11109457034263,7.189814470215471,0.009782185330676142,0.0,0.0,1.7279580544204975e-13,1.1457157353758233e-13
167,0.08697916666666666,0.07833621749988177,-0.20552983140325626,0.2999174721973862,117.39583333333412,38.40277777777804,38.40277777777804,-40,-344.1720047785977,7.170250099554118,0.009782185330676142,0.0,0.0,8.300478360201424e-13,4.0194366942304644e-14
168,0.0875,0.07820649425137807,-0.20556294416615,0.2999169780189274,117.5000000000008,38.3333333333336,38.3333333333336,-40,-343.2329149868528,7.150685728892766,0.009782185330676142,0.0,0.0,-3.3080135852792125e-13,3.1776437161565096e-14
169,0.08802083333333333,0.07807677100287437,-0.20559605692904376,0.29991648384046865,117.60416666666747,38.263888888889156,38.263888888889156,-40,-342.29382519510784,7.131121358231413,0.009782185330676142,0.0,0.0,3.264506720501714e-13,2.842170943040401e-14
170,0.08854166666666667,0.07794704775437067,-0.2056291696919375,0.2999159896620099,117.70833333333414,38.19444444444471,38.19444444444471,-40,-341.35473540336295,7.1115569875700615,0.009782185330676142,0.0,0.0,9.854790594676643e-13,3.1776437161565096e-14
171,0.0890625,0.07781732450586697,-0.20566228245483126,0.2999154954835511,117.81250000000081,38.12500000000027,38.12500000000027,-40,-340.415645611618,7.091992616908708,0.009782185330676142,0.0,0.0,-1.7625831350009946e-13,2.842170943040401e-14
172,0.08958333333333333,0.07768760125736326,-0.205695395217725,0.29991500130509235,117.91666666666748,38.05555555555583,38.05555555555583,-40,-339.47655581987306,7.072428246247355,0.009782185330676142,0.0,0.0,4.809937170779932e-13,1.4210854715202004e-14
173,0.09010416666666667,0.07755787800885956,-0.20572850798061876,0.2999145071266336,118.02083333333415,37.986111111111384,37.986111111111384,-40,-338.53746602812816,7.052863875586003,0.009782185330676142,0.0,0.0,1.139133926075786e-12,3.1776437161565096e-14
174,0.090625,0.07742815476035586,-0.2057616207435125,0.2999140129481748,118.12500000000082,37.91666666666694,37.91666666666694,-40,-337.5983762363832,7.03329950492465,0.009782185330676142,0.0,0.0,-2.2603446891977796e-14,4.0194366942304644e-14
175,0.09114583333333333,0.07729843151185216,-0.20579473350640626,0.29991351876971606,118.2291666666675,37.8472222222225,37.8472222222225,-40,-336.6592864446383,7.013735134263298,0.009782185330676142,0.0,0.0,-2.7395793966711324e-13,3.1776437161565096e-14
176,0.09166666666666666,0.07716870826334846,-0.2058278462693,0.2999130245912573,118.33333333333417,37.777777777778056,37.777777777778056,-40,-335.7201966528934,6.994170763601945,0.009782185330676142,0.0,0.0,3.8329409091097943e-13,1.4210854715202004e-14
177,0.0921875,0.07703898501484475,-0.20586095903219376,0.29991253041279853,118.43750000000084,37.70833333333361,37.70833333333361,-40,-334.7811068611485,6.9746063929405935,0.009782185330676142,0.0,0.0,1.0423224783284724e-12,1.4210854715202004e-14
178,0.09270833333333334,0.07690926176634105,-0.2058940717950875,0.29991203623433976,118.54166666666751,37.63888888888917,37.63888888888917,-40,-333.84201706940354,6.95504202227924,0.009782185330676142,0.0,0.0,-1.1941489463929145e-13,0.0
179,0.09322916666666667,0.07677953851783735,-0.20592718455798126,0.299911542055881,118.64583333333418,37.56944444444473,37.56944444444473,-40,-332.9029272776586,6.935477651617887,0.009782185330676142,0.0,0.0,8.30897850523371e-14,1.4210854715202004e-14
180,0.09375,0.07664981526933365,-0.205960297320875,0.29991104787742223,118.75000000000085,37.500000000000284,37.500000000000284,-40,-331.9638374859137,6.915913280956535,0.009782185330676142,0.0,0.0,-1.6826470772279833e-13,3.1776437161565096e-14
181,0.09427083333333333,0.07652009202082995,-0.20599341008376876,0.29991055369896347,118.85416666666752,37.43055555555584,37.43055555555584,-40,-331.02474769416875,6.896348910295182,0.009782185330676142,0.0,0.0,4.889873228552943e-13,3.1776437161565096e-14
182,0.09479166666666666,0.07639036877232624,-0.2060265228466625,0.2999100595205047,118.9583333333342,37.3611111111114,37.3611111111114,-40,-330.0856579024238,6.876784539633829,0.009782185330676142,0.0,0.0,1.146239353433387e-12,1.4210854715202004e-14
183,0.0953125,0.07626064552382254,-0.20605963560955626,0.29990956534204594,119.06250000000087,37.291666666666956,37.291666666666956,-40,-329.1465681106789,6.857220168972477,0.009782185330676142,0.0,0.0,-1.460984111467667e-14,2.842170943040401e-14
184,0.09583333333333333,0.07613092227531884,-0.20609274837245,0.29990907116358717,119.16666666666754,37.22222222222251,37.22222222222251,-40,-328.207478318934,6.8376557983111255,0.009782185330676142,0.0,0.0,1.8967119541635213e-13,0.0
185,0.09635416666666667,0.07600119902681514,-0.20612586113534376,0.2999085769851284,119.27083333333421,37.15277777777807,37.15277777777807,-40,-327.2683885271891,6.818091427649772,0.009782185330676142,0.0,0.0,-6.257147577848343e-14,0.0
186,0.096875,0.07587147577831144,-0.2061589738982375,0.29990808280666964,119.37500000000088,37.08333333333363,37.08333333333363,-40,-326.3292987354441,6.798527056988419,0.009782185330676142,0.0,0.0,5.946805547996092e-13,1.4210854715202004e-14
187,0.09739583333333333,0.07574175252980773,-0.20619208666113126,0.2999075886282109,119.47916666666755,37.013888888889184,37.013888888889184,-40,-325.39020894369924,6.778962686327067,0.009782185330676142,0.0,0.0,7.980734129109379e-13,1.4210854715202004e-14
188,0.09791666666666667,0.07561202928130403,-0.206225199424025,0.2999070944497521,119.58333333333422,36.94444444444474,36.94444444444474,-40,-324.4511191519543,6.759398315665714,0.009782185330676142,0.0,0.0,9.108339082963823e-14,1.4210854715202004e-14
189,0.0984375,0.07548230603280033,-0.20625831218691876,0.29990660027129334,119.6875000000009,36.8750000000003,36.8750000000003,-40,-323.51202936020934,6.739833945004361,0.009782185330676142,0.0,0.0,7.483354214077309e-13,0.0
190,0.09895833333333333,0.07535258278429663,-0.2062914249498125,0.2999061060928346,119.79166666666757,36.805555555555856,36.805555555555856,-40,-322.57293956846445,6.720269574343009,0.009782185330676142,0.0,0.0,-4.1251377314033277e-13,2.842170943040401e-14
191,0.09947916666666666,0.07522285953579293,-0.20632453771270626,0.2999056119143758,119.89583333333424,36.73611111111141,36.73611111111141,-40,-321.63384977671956,6.7007052036816575,0.009782185330676142,0.0,0.0,1.1560093160500884e-12,0.0
192,0.1,0.07509313628728922,-0.2063576504756,0.29990511773591705,120.00000000000091,36.66666666666697,36.66666666666697,-40,-320.6947599849746,6.681140833020304,0.009782185330676142,0.0,0.0,-5.728056917675417e-15,2.842170943040401e-14
193,0.10052083333333334,0.07496341303878552,-0.20639076323849376,0.2999046235574583,120.10416666666758,36.59722222222253,36.59722222222253,-40,-319.75567019322966,6.661576462358951,0.009782185330676142,0.0,0.0,-2.57970728112511e-13,1.1718571004216928e-13
194,0.10104166666666667,0.07483368979028182,-0.2064238760013875,0.2999041293789995,120.20833333333425,36.527777777778084,36.527777777778084,-40,-318.81658040148477,6.642012091697599,0.009782185330676142,0.0,0.0,4.001694808852818e-13,0.0
195,0.1015625,0.07470396654177812,-0.20645698876428126,0.29990363520054075,120.31250000000092,36.45833333333364,36.45833333333364,-40,-317.8774906097398,6.622447721036246,0.009782185330676142,0.0,0.0,1.4792680969044625e-13,2.842170943040401e-14
196,0.10208333333333333,0.07457424329327442,-0.206490101527175,0.299903141022082,120.4166666666676,36.3888888888892,36.3888888888892,-40,-316.9384008179949,6.602883350374893,0.009782185330676142,0.0,0.0,8.051788402685389e-13,0.0
197,0.10260416666666666,0.07444452004477072,-0.20652321429006876,0.2999026468436232,120.52083333333427,36.319444444444756,36.319444444444756,-40,-315.99931102625,6.583318979713541,0.009782185330676142,0.0,0.0,5.538243474934035e-13,0.0
198,0.103125,0.07431479679626701,-0.2065563270529625,0.29990215266516446,120.62500000000094,36.25000000000031,36.25000000000031,-40,-315.06022123450504,6.563754609052188,0.009782185330676142,0.0,0.0,-1.531656745878962e-13,3.1776437161565096e-14
199,0.10364583333333333,0.07418507354776331,-0.20658943981585626,0.2999016584867057,120.72916666666761,36.18055555555587,36.18055555555587,-40,-314.12113144276015,6.544190238390836,0.009782185330676142,0.0,0.0,5.058627128295967e-13,3.1776437161565096e-14
200,0.10416666666666667,0.07405535029925961,-0.20662255257875,0.2999011643082469,120.83333333333428,36.11111111111143,36.11111111111143,-40,-313.1820416510152,6.524625867729483,0.009782185330676142,0.0,0.0,-2.0112730925170297e-13,2.842170943040401e-14
201,0.1046875,0.07392562705075591,-0.20665566534164376,0.29990067012978816,120.93750000000095,36.041666666666984,36.041666666666984,-40,-312.2429518592703,6.505061497068131,0.009782185330676142,0.0,0.0,9.11760250632554e-13,0.0
202,0.10520833333333333,0.0737959038022522,-0.2066887781045375,0.2999001759513294,121.04166666666762,35.97222222222254,35.97222222222254,-40,-311.30386206752536,6.485497126406778,0.009782185330676142,0.0,0.0,6.595175794377184e-13,3.1776437161565096e-14
203,0.10572916666666667,0.0736661805537485,-0.20672189086743126,0.29989968177287063,121.1458333333343,35.9027777777781,35.9027777777781,-40,-310.3647722757804,6.465932755745425,0.009782185330676142,0.0,0.0,-4.74724426435813e-14,3.1776437161565096e-14
204,0.10625,0.0735364573052448,-0.206755003630325,0.29989918759441186,121.25000000000097,35.833333333333655,35.833333333333655,-40,-309.4256824840355,6.446368385084073,0.009782185330676142,0.0,0.0,6.106677663542115e-13,0.0
205,0.10677083333333333,0.0734067340567411,-0.20678811639321876,0.2998986934159531,121.35416666666764,35.76388888888921,35.76388888888921,-40,-308.48659269229057,6.42680401442272,0.009782185330676142,0.0,0.0,3.5842509515937593e-13,2.842170943040401e-14
206,0.10729166666666666,0.0732770108082374,-0.2068212291561125,0.29989819923749433,121.45833333333431,35.69444444444477,35.69444444444477,-40,-307.5475029005457,6.407239643761368,0.009782185330676142,0.0,0.0,-8.015359209689876e-13,2.842170943040401e-14
207,0.10781249999999999,0.0731472875597337,-0.20685434191900626,0.29989770505903557,121.56250000000098,35.62500000000033,35.62500000000033,-40,-306.60841310880073,6.387675273100015,0.009782185330676142,0.0,0.0,1.6747055131549615e-12,2.842170943040401e-14
208,0.10833333333333334,0.07301756431123,-0.2068874546819,0.2998972108805768,121.66666666666765,35.555555555555884,35.555555555555884,-40,-305.66932331705584,6.368110902438663,0.009782185330676142,0.0,0.0,-3.956383831660304e-13,3.1776437161565096e-14
209,0.10885416666666667,0.07288784106272629,-0.20692056744479376,0.29989671670211804,121.77083333333432,35.48611111111144,35.48611111111144,-40,-304.7302335253109,6.34854653177731,0.009782185330676142,0.0,0.0,2.616136474120623e-13,4.0194366942304644e-14
210,0.109375,0.07275811781422259,-0.2069536802076875,0.2998962225236593,121.875000000001,35.416666666667,35.416666666667,-40,-303.79114373356595,6.328982161115957,0.009782185330676142,0.0,0.0,9.370976217226712e-15,3.1776437161565096e-14
211,0.10989583333333333,0.07262839456571889,-0.20698679297058126,0.2998957283452005,121.97916666666767,35.347222222222555,35.347222222222555,-40,-302.85205394182105,6.309417790454605,0.009782185330676142,0.0,0.0,1.1222585361014836e-12,1.4210854715202004e-14
212,0.11041666666666666,0.07249867131721519,-0.207019905733475,0.29989523416674174,122.08333333333434,35.27777777777811,35.27777777777811,-40,-301.9129641500761,6.289853419793252,0.009782185330676142,0.0,0.0,-3.9478836866280176e-14,2.842170943040401e-14
213,0.1109375,0.07236894806871148,-0.20705301849636876,0.299894739988283,122.18750000000101,35.20833333333367,35.20833333333367,-40,-300.9738743583312,6.2702890491319,0.009782185330676142,0.0,0.0,6.195495505512127e-13,0.0
214,0.11145833333333333,0.07223922482020778,-0.2070861312592625,0.2998942458098242,122.29166666666768,35.13888888888923,35.13888888888923,-40,-300.03478456658627,6.250724678470547,0.009782185330676142,0.0,0.0,3.673068793563772e-13,2.0097183471152322e-14
215,0.11197916666666667,0.07210950157170408,-0.20711924402215626,0.29989375163136545,122.39583333333435,35.069444444444784,35.069444444444784,-40,-299.0956947748414,6.231160307809195,0.009782185330676142,0.0,0.0,-3.387949643052224e-13,3.1776437161565096e-14
216,0.1125,0.07197977832320038,-0.20715235678505,0.2998932574529067,122.50000000000102,35.00000000000034,35.00000000000034,-40,-298.15660498309643,6.211595937147842,0.009782185330676142,0.0,0.0,1.2279517680457985e-12,5.123796534383003e-14
217,0.11302083333333333,0.07185005507469668,-0.20718546954794376,0.2998927632744479,122.6041666666677,34.9305555555559,34.9305555555559,-40,-297.2175151913515,6.192031566486489,0.009782185330676142,0.0,0.0,6.621439507803473e-14,3.1776437161565096e-14
218,0.11354166666666667,0.07172033182619297,-0.2072185823108375,0.29989226909598915,122.70833333333437,34.861111111111455,34.861111111111455,-40,-296.2784253996066,6.172467195825137,0.009782185330676142,0.0,0.0,-1.8514009769710071e-13,3.1776437161565096e-14
219,0.1140625,0.07159060857768927,-0.20725169507373126,0.2998917749175304,122.81250000000104,34.79166666666701,34.79166666666701,-40,-295.33933560786164,6.152902825163784,0.009782185330676142,0.0,0.0,4.72111932880992e-13,1.154495294690031e-13
220,0.11458333333333333,0.07146088532918557,-0.207284807836625,0.2998912807390716,122.91666666666771,34.72222222222257,34.72222222222257,-40,-294.4002458161167,6.1333384545024305,0.009782185330676142,0.0,0.0,2.198692616861564e-13,2.0097183471152322e-14
221,0.11510416666666666,0.07133116208068187,-0.20731792059951876,0.29989078656061285,123.02083333333438,34.65277777777813,34.65277777777813,-40,-293.4611560243718,6.113774083841079,0.009782185330676142,0.0,0.0,-3.0597052669278924e-14,2.842170943040401e-14
222,0.11562499999999999,0.07120143883217817,-0.2073510333624125,0.2998902923821541,123.12500000000105,34.583333333333684,34.583333333333684,-40,-292.5220662326269,6.094209713179727,0.009782185330676142,0.0,0.0,6.275431563285139e-13,1.4210854715202004e-14
223,0.11614583333333334,0.07107171558367446,-0.20738414612530626,0.2998897982036953,123.22916666666772,34.51388888888924,34.51388888888924,-40,-291.58297644088196,6.074645342518374,0.009782185330676142,0.0,0.0,3.753004851336783e-13,3.1776437161565096e-14
224,0.11666666666666667,0.07094199233517076,-0.2074172588882,0.29988930402523656,123.3333333333344,34.4444444444448,34.4444444444448,-40,-290.643886649137,6.055080971857021,0.009782185330676142,0.0,0.0,5.778051648253069e-13,2.842170943040401e-14
225,0.1171875,0.07081226908666706,-0.20745037165109376,0.2998888098467778,123.43750000000107,34.375000000000355,34.375000000000355,-40,-289.7047968573921,6.035516601195669,0.009782185330676142,0.0,0.0,3.264506720501714e-13,3.1776437161565096e-14
226,0.11770833333333333,0.07068254583816336,-0.2074834844139875,0.299888315668319,123.54166666666774,34.30555555555591,34.30555555555591,-40,-288.7657070656472,6.015952230534316,0.009782185330676142,0.0,0.0,5.289553517418e-13,2.842170943040401e-14
227,0.11822916666666666,0.07055282258965966,-0.20751659717688126,0.29988782148986026,123.64583333333441,34.23611111111147,34.23611111111147,-40,-287.82661727390223,5.9963878598729625,0.009782185330676142,0.0,0.0,-1.780346703394997e-13,3.1776437161565096e-14
228,0.11875,0.07042309934115595,-0.207549709939775,0.2998873273114015,123.75000000000108,34.16666666666703,34.16666666666703,-40,-286.88752748215734,5.976823489211611,0.009782185330676142,0.0,0.0,-4.2850098469493503e-13,1.4210854715202004e-14
229,0.11927083333333333,0.07029337609265225,-0.20758282270266876,0.29988683313294273,123.85416666666775,34.097222222222584,34.097222222222584,-40,-285.94843769041245,5.957259118550259,0.009782185330676142,0.0,0.0,1.139133926075786e-12,2.842170943040401e-14
230,0.11979166666666667,0.07016365284414855,-0.2076159354655625,0.29988633895448397,123.95833333333442,34.02777777777814,34.02777777777814,-40,-285.0093478986675,5.937694747888906,0.009782185330676142,0.0,0.0,-2.2603446891977796e-14,2.842170943040401e-14
231,0.1203125,0.07003392959564485,-0.20764904822845626,0.2998858447760252,124.0625000000011,33.9583333333337,33.9583333333337,-40,-284.07025810692255,5.918130377227553,0.009782185330676142,0.0,0.0,6.346485836861149e-13,3.1776437161565096e-14
232,0.12083333333333333,0.06990420634714115,-0.20768216099135,0.29988535059756644,124.16666666666777,33.888888888889255,33.888888888889255,-40,-283.13116831517766,5.898566006566201,0.009782185330676142,0.0,0.0,3.8329409091097943e-13,3.1776437161565096e-14
233,0.12135416666666667,0.06977448309863744,-0.20771527375424376,0.29988485641910767,124.27083333333444,33.81944444444481,33.81944444444481,-40,-282.1920785234327,5.879001635904848,0.009782185330676142,0.0,0.0,-3.2369593117032025e-13,1.4210854715202004e-14
234,0.121875,0.06964475985013374,-0.2077483865171375,0.2998843622406489,124.37500000000111,33.75000000000037,33.75000000000037,-40,-281.25298873168776,5.8594372652434945,0.009782185330676142,0.0,0.0,1.2430508011807007e-12,2.0097183471152322e-14
235,0.12239583333333333,0.06951503660163004,-0.20778149928003126,0.29988386806219014,124.47916666666778,33.68055555555593,33.68055555555593,-40,-280.3138989399429,5.839872894582143,0.009782185330676142,0.0,0.0,-3.71657565834127e-13,0.0
236,0.12291666666666666,0.06938531335312634,-0.207814612042925,0.2998833738837314,124.58333333333445,33.611111111111484,33.611111111111484,-40,-279.3748091481979,5.82030852392079,0.009782185330676142,0.0,0.0,2.8559446474396566e-13,2.0097183471152322e-14
237,0.12343749999999999,0.06925559010462264,-0.20784772480581876,0.2998828797052726,124.68750000000112,33.54166666666704,33.54166666666704,-40,-278.43571935645303,5.800744153259438,0.009782185330676142,0.0,0.0,9.437346737417585e-13,2.0097183471152322e-14
238,0.12395833333333334,0.06912586685611893,-0.2078808375687125,0.29988238552681384,124.7916666666678,33.4722222222226,33.4722222222226,-40,-277.4966295647081,5.781179782598085,0.009782185330676142,0.0,0.0,-2.1800269922600535e-13,0.0
239,0.12447916666666667,0.06899614360761523,-0.20791395033160626,0.2998818913483551,124.89583333333447,33.402777777778155,33.402777777778155,-40,-276.5575397729632,5.761615411936733,0.009782185330676142,0.0,0.0,4.4013750977178745e-13,1.4210854715202004e-14
240,0.125,0.06886642035911153,-0.2079470630945,0.2998813971698963,125.00000000000114,33.33333333333371,33.33333333333371,-40,-275.61844998121825,5.74205104127538,0.009782185330676142,0.0,0.0,1.8789483857695188e-13,0.0
241,0.12552083333333333,0.06873669711060783,-0.20798017585739376,0.29988090299143755,125.10416666666781,33.26388888888927,33.26388888888927,-40,-274.6793601894733,5.7224866706140265,0.009782185330676142,0.0,0.0,3.9039951826858044e-13,1.4210854715202004e-14
242,0.12604166666666666,0.06860697386210413,-0.2080132886202875,0.2998804088129788,125.20833333333448,33.19444444444483,33.19444444444483,-40,-273.7402703977284,5.702922299952675,0.009782185330676142,0.0,0.0,5.946805547996092e-13,0.0
243,0.1265625,0.06847725061360042,-0.20804640138318126,0.29987991463452,125.31250000000115,33.125000000000384,33.125000000000384,-40,-272.80118060598346,5.683357929291322,0.009782185330676142,0.0,0.0,-1.1230946728169044e-13,1.4210854715202004e-14
244,0.12708333333333333,0.06834752736509672,-0.208079514146075,0.29987942045606125,125.41666666666782,33.05555555555594,33.05555555555594,-40,-271.86209081423857,5.66379355862997,0.009782185330676142,0.0,0.0,1.0005780926025665e-12,2.0097183471152322e-14
245,0.12760416666666666,0.06821780411659302,-0.20811262690896876,0.2998789262776025,125.5208333333345,32.9861111111115,32.9861111111115,-40,-270.9230010224936,5.644229187968617,0.009782185330676142,0.0,0.0,-6.159066312516615e-13,0.0
246,0.128125,0.06808808086808932,-0.2081457396718625,0.2998784320991437,125.62500000000117,32.916666666667055,32.916666666667055,-40,-269.98391123074873,5.624664817307265,0.009782185330676142,0.0,0.0,9.517282795190596e-13,1.1368683772161603e-13
247,0.12864583333333332,0.06795835761958562,-0.20817885243475626,0.29987793792068496,125.72916666666784,32.84722222222261,32.84722222222261,-40,-269.0448214390038,5.605100446645912,0.009782185330676142,0.0,0.0,2.447382574377599e-13,1.4210854715202004e-14
248,0.12916666666666665,0.06782863437108191,-0.20821196519765,0.2998774437422262,125.83333333333451,32.77777777777817,32.77777777777817,-40,-268.10573164725884,5.5855360759845585,0.009782185330676142,0.0,0.0,-7.504413757075667e-15,1.4210854715202004e-14
249,0.1296875,0.06769891112257821,-0.20824507796054376,0.2998769495637674,125.93750000000118,32.70833333333373,32.70833333333373,-40,-267.16664185551394,5.565971705323207,0.009782185330676142,0.0,0.0,6.515239736604173e-13,1.4210854715202004e-14
250,0.13020833333333334,0.06756918787407451,-0.2082781907234375,0.29987645538530866,126.04166666666785,32.638888888889284,32.638888888889284,-40,-266.227552063769,5.546407334661854,0.009782185330676142,0.0,0.0,-5.102133993073465e-13,1.4210854715202004e-14
251,0.13072916666666667,0.06743946462557081,-0.20831130348633126,0.2998759612068499,126.14583333333452,32.56944444444484,32.56944444444484,-40,-265.2884622720241,5.526842964000502,0.009782185330676142,0.0,0.0,1.0574215114633745e-12,1.4210854715202004e-14
252,0.13125,0.0673097413770671,-0.208344416249225,0.29987546702839113,126.2500000000012,32.5000000000004,32.5000000000004,-40,-264.34937248027916,5.507278593339149,0.009782185330676142,0.0,0.0,-1.0431586150438932e-13,0.0
253,0.13177083333333334,0.0671800181285634,-0.20837752901211876,0.29987497284993236,126.35416666666787,32.430555555555955,32.430555555555955,-40,-263.41028268853427,5.487714222677797,0.009782185330676142,0.0,0.0,9.907699660693936e-14,2.0097183471152322e-14
254,0.13229166666666667,0.0670502948800597,-0.2084106417750125,0.2998744786714736,126.45833333333454,32.36111111111151,32.36111111111151,-40,-262.4711928967893,5.4681498520164435,0.009782185330676142,0.0,0.0,7.56329027185032e-13,1.4210854715202004e-14
255,0.1328125,0.066920571631556,-0.20844375453790626,0.29987398449301483,126.56250000000121,32.29166666666707,32.29166666666707,-40,-261.53210310504437,5.4485854813550905,0.009782185330676142,0.0,0.0,5.040863559901965e-13,1.4210854715202004e-14
256,0.13333333333333333,0.0667908483830523,-0.2084768673008,0.29987349031455607,126.66666666666788,32.222222222222626,32.222222222222626,-40,-260.5930133132995,5.429021110693739,0.009782185330676142,0.0,0.0,2.5362004163476115e-13,1.4210854715202004e-14
257,0.13385416666666666,0.0666611251345486,-0.20850998006369376,0.2998729961360973,126.77083333333455,32.152777777778184,32.152777777778184,-40,-259.65392352155453,5.409456740032386,0.009782185330676142,0.0,0.0,1.3773704399255848e-15,0.0
258,0.134375,0.0665314018860449,-0.2085430928265875,0.29987250195763854,126.87500000000122,32.08333333333374,32.08333333333374,-40,-258.7148337298096,5.389892369371033,0.009782185330676142,0.0,0.0,6.586294010180183e-13,1.4210854715202004e-14
259,0.13489583333333333,0.06640167863754119,-0.20857620558948126,0.29987200777917977,126.9791666666679,32.0138888888893,32.0138888888893,-40,-257.7757439380647,5.370327998709681,0.009782185330676142,0.0,0.0,4.072749082428828e-13,2.842170943040401e-14
260,0.13541666666666666,0.06627195538903749,-0.208609318352375,0.299871513600721,127.08333333333456,31.944444444444855,31.944444444444855,-40,-256.8366541463198,5.350763628048329,0.009782185330676142,0.0,0.0,1.5592041546774738e-13,2.0097183471152322e-14
261,0.1359375,0.06614223214053379,-0.20864243111526876,0.29987101942226224,127.18750000000124,31.875000000000412,31.875000000000412,-40,-255.89756435457485,5.3311992573869755,0.009782185330676142,0.0,0.0,3.5842509515937593e-13,2.0097183471152322e-14
262,0.13645833333333332,0.06601250889203009,-0.2086755438781625,0.2998705252438035,127.29166666666791,31.80555555555597,31.80555555555597,-40,-254.9584745628299,5.3116348867256225,0.009782185330676142,0.0,0.0,5.609297748510045e-13,1.4210854715202004e-14
263,0.13697916666666665,0.06588278564352638,-0.20870865664105626,0.2998700310653447,127.39583333333458,31.736111111111526,31.736111111111526,-40,-254.01938477108502,5.292070516064271,0.009782185330676142,0.0,0.0,-1.4428389039089495e-13,1.4210854715202004e-14
264,0.1375,0.06575306239502268,-0.20874176940395,0.29986953688688595,127.50000000000125,31.666666666667084,31.666666666667084,-40,-253.08029497934007,5.272506145402918,0.009782185330676142,0.0,0.0,5.82207893007336e-14,1.4210854715202004e-14
265,0.13802083333333334,0.06562333914651898,-0.20877488216684376,0.2998690427084272,127.60416666666792,31.59722222222264,31.59722222222264,-40,-252.14120518759515,5.252941774741565,0.009782185330676142,0.0,0.0,-1.9402188189410197e-13,1.4210854715202004e-14
266,0.13854166666666667,0.06549361589801528,-0.2088079949297375,0.2998685485299684,127.7083333333346,31.527777777778198,31.527777777778198,-40,-251.20211539585023,5.233377404080213,0.009782185330676142,0.0,0.0,1.373613028876619e-12,1.4210854715202004e-14
267,0.1390625,0.06536389264951158,-0.20884110769263126,0.29986805435150965,127.81250000000126,31.458333333333755,31.458333333333755,-40,-250.2630256041053,5.213813033418861,0.009782185330676142,0.0,0.0,2.127638343285554e-13,1.4210854715202004e-14
268,0.13958333333333334,0.06523416940100787,-0.208874220455525,0.2998675601730509,127.91666666666794,31.388888888889312,31.388888888889312,-40,-249.3239358123604,5.1942486627575075,0.009782185330676142,0.0,0.0,-3.9478836866280176e-14,0.0
269,0.14010416666666667,0.06510444615250417,-0.20890733321841876,0.2998670659945921,128.0208333333346,31.31944444444487,31.31944444444487,-40,-248.38484602061547,5.174684292096155,0.009782185330675847,0.0,0.0,1.6361911825413245e-13,1.4210854715202004e-14
270,0.140625,0.06497472290400047,-0.2089404459813125,0.29986657181613335,128.12500000000125,31.250000000000426,31.250000000000426,-40,-247.44575622887055,5.155119921434803,0.009782185330675847,0.0,0.0,-8.7735374521003e-14,0.0
271,0.14114583333333333,0.06484499965549677,-0.20897355874420626,0.2998660776376746,128.2291666666679,31.180555555555983,31.180555555555983,-40,-246.50666643712566,5.135555550773451,0.009782185330675847,0.0,0.0,1.1565748359032568e-13,1.4210854715202004e-14
272,0.14166666666666666,0.06471527640699307,-0.2090066715071,0.2998655834592158,128.33333333333456,31.11111111111154,31.11111111111154,-40,-245.56757664538074,5.115991180112099,0.009782185330675847,0.0,0.0,-1.045191710957738e-12,1.154495294690031e-13
273,0.1421875,0.06458555315848936,-0.20903978426999376,0.29986508928075706,128.43750000000122,31.041666666667098,31.041666666667098,-40,-244.62848685363582,5.096426809450746,0.009782185330675847,0.0,0.0,5.215550213932829e-13,0.0
274,0.14270833333333333,0.06445582990998566,-0.2090728970328875,0.2998645951022983,128.54166666666788,30.972222222222655,30.972222222222655,-40,-243.68939706189093,5.076862438789394,0.009782185330675847,0.0,0.0,-1.8365864384861652e-13,2.0097183471152322e-14
275,0.14322916666666666,0.06432610666148196,-0.20910600979578126,0.2998641009238395,128.64583333333454,30.902777777778212,30.902777777778212,-40,-242.750307270146,5.057298068128041,0.009782185330675847,0.0,0.0,1.8846035843012032e-14,1.4210854715202004e-14
276,0.14375,0.06419638341297826,-0.209139122558675,0.29986360674538076,128.7500000000012,30.83333333333377,30.83333333333377,-40,-241.8112174784011,5.037733697466689,0.009782185330675847,0.0,0.0,-2.325084569321234e-13,0.0
277,0.14427083333333332,0.06406666016447456,-0.20917223532156876,0.299863112566922,128.85416666666785,30.763888888889326,30.763888888889326,-40,-240.8721276866562,5.018169326805337,0.009782185330675847,0.0,0.0,-2.911559882079473e-14,1.4210854715202004e-14
278,0.14479166666666665,0.06393693691597085,-0.2092053480844625,0.29986261838846323,128.9583333333345,30.694444444444883,30.694444444444883,-40,-239.93303789491128,4.998604956143985,0.009782185330675847,0.0,0.0,1.7427725929053395e-13,0.0
279,0.1453125,0.06380721366746715,-0.20923846084735626,0.29986212421000447,129.06250000000117,30.62500000000044,30.62500000000044,-40,-238.99394810316636,4.9790405854826325,0.009782185330675847,0.0,0.0,-7.707723348460149e-14,1.4210854715202004e-14
280,0.14583333333333334,0.06367749041896345,-0.20927157361025,0.2998616300315457,129.16666666666782,30.555555555555998,30.555555555555998,-40,-238.05485831142147,4.95947621482128,0.009782185330675847,0.0,0.0,-3.2843172625973693e-13,1.4210854715202004e-14
281,0.14635416666666667,0.06354776717045975,-0.20930468637314376,0.29986113585308694,129.27083333333448,30.486111111111555,30.486111111111555,-40,-237.11576851967655,4.939911844159928,0.009782185330675847,0.0,0.0,3.2970848273805586e-13,1.4210854715202004e-14
282,0.146875,0.06341804392195605,-0.2093377991360375,0.29986064167462817,129.37500000000114,30.416666666667112,30.416666666667112,-40,-236.17667872793163,4.920347473498575,0.009782185330675847,0.0,0.0,-3.772815393432438e-13,0.0
283,0.14739583333333334,0.06328832067345234,-0.20937091189893126,0.2998601474961694,129.4791666666678,30.34722222222267,30.34722222222267,-40,-235.23758893618674,4.900783102837224,0.009782185330675847,0.0,0.0,-1.7300050281221502e-13,1.4210854715202004e-14
284,0.14791666666666667,0.06315859742494864,-0.209404024661825,0.29985965331771064,129.58333333333445,30.277777777778226,30.277777777778226,-40,-234.29849914444182,4.881218732175871,0.009782185330675847,0.0,0.0,2.9504176879413535e-14,0.0
285,0.1484375,0.06302887417644494,-0.20943713742471876,0.2998591591392519,129.6875000000011,30.208333333333783,30.208333333333783,-40,-233.3594093526969,4.8616543615145185,0.009782185330675847,0.0,0.0,2.328970349907422e-13,1.4210854715202004e-14
286,0.14895833333333333,0.06289915092794124,-0.2094702501876125,0.2998586649607931,129.79166666666777,30.13888888888934,30.13888888888934,-40,-232.420319560952,4.842089990853166,0.009782185330675847,0.0,0.0,-1.8457457784393227e-14,0.0
287,0.14947916666666666,0.06276942767943754,-0.20950336295050626,0.29985817078233434,129.89583333333442,30.069444444444898,30.069444444444898,-40,-231.4812297692071,4.822525620191814,0.009782185330675847,0.0,0.0,-2.6981195055952867e-13,0.0
288,0.15,0.06263970443093383,-0.2095364757134,0.2998576766038756,130.00000000000108,30.000000000000455,30.000000000000455,-40,-230.54213997746217,4.802961249530462,0.009782185330675847,0.0,0.0,-6.641909244819999e-14,2.0097183471152322e-14
289,0.15052083333333333,0.06250998118243013,-0.20956958847629376,0.2998571824254168,130.10416666666774,29.930555555556012,29.930555555556012,-40,-229.60305018571728,4.78339687886911,0.009782185330675847,0.0,0.0,1.369737656631287e-13,0.0
290,0.15104166666666666,0.062380257933926424,-0.2096027012391875,0.29985668824695805,130.2083333333344,29.86111111111157,29.86111111111157,-40,-228.66396039397236,4.7638325082077575,0.009782185330675848,0.0,0.0,-1.1437899238853078e-13,1.4210854715202004e-14
291,0.1515625,0.062250534685422715,-0.20963581400208126,0.2998561940684993,130.31250000000105,29.791666666667126,29.791666666667126,-40,-227.72487060222744,4.744268137546404,0.009782185330675848,0.0,0.0,-3.6662166358336634e-13,3.1776437161565096e-14
292,0.15208333333333332,0.062120811436919006,-0.209668926764975,0.2998556998900405,130.4166666666677,29.722222222222683,29.722222222222683,-40,-226.78578081048255,4.724703766885053,0.009782185330675848,0.0,0.0,-1.6234062705233754e-13,1.4210854715202004e-14
293,0.15260416666666665,0.0619910881884153,-0.20970203952786876,0.29985520571158175,130.52083333333437,29.65277777777824,29.65277777777824,-40,-225.84669101873763,4.7051393962237,0.009782185330675848,0.0,0.0,4.0164052639291015e-14,1.4210854715202004e-14
294,0.153125,0.06186136493991159,-0.2097351522907625,0.299854711533123,130.62500000000102,29.583333333333798,29.583333333333798,-40,-224.9076012269927,4.685575025562348,0.009782185330675848,0.0,0.0,-2.1119044013584443e-13,2.842170943040401e-14
295,0.15364583333333334,0.06173164169140788,-0.20976826505365626,0.2998542173546642,130.72916666666768,29.513888888889355,29.513888888889355,-40,-223.96851143524782,4.666010654900996,0.009782185330675848,0.0,0.0,-7.797582024515748e-15,0.0
296,0.15416666666666667,0.06160191844290417,-0.20980137781655,0.29985372317620546,130.83333333333434,29.444444444444912,29.444444444444912,-40,-223.0294216435029,4.6464462842396435,0.009782185330675848,0.0,0.0,-2.591520747996512e-13,2.0097183471152322e-14
297,0.1546875,0.06147219519440046,-0.20983449057944376,0.2998532289977467,130.937500000001,29.37500000000047,29.37500000000047,-40,-222.09033185175798,4.626881913578291,0.009782185330675848,0.0,0.0,-5.575921668832251e-14,2.842170943040401e-14
298,0.15520833333333334,0.06134247194589675,-0.2098676033423375,0.2998527348192879,131.04166666666765,29.305555555556026,29.305555555556026,-40,-221.1512420600131,4.607317542916939,0.009782185330675848,0.0,0.0,6.023809923094703e-13,2.0097183471152322e-14
299,0.15572916666666667,0.061212748697393043,-0.20990071610523126,0.29985224064082916,131.1458333333343,29.236111111111583,29.236111111111583,-40,-220.21215226826817,4.587753172255587,0.009782185330675848,0.0,0.0,-5.584682022385934e-13,1.1718571004216928e-13
300,0.15625,0.061083025448889335,-0.209933828868125,0.2998517464623704,131.25000000000097,29.16666666666714,29.16666666666714,-40,-219.27306247652328,4.568188801594235,0.009782185330675848,0.0,0.0,9.96720067591994e-14,2.0097183471152322e-14
301,0.15677083333333333,0.060953302200385626,-0.20996694163101876,0.29985125228391163,131.35416666666762,29.097222222222697,29.097222222222697,-40,-218.33397268477836,4.5486244309328825,0.009782185330675848,0.0,0.0,-1.5168248601593604e-13,3.1776437161565096e-14
302,0.15729166666666666,0.06082357895188192,-0.2100000543939125,0.29985075810545286,131.45833333333428,29.027777777778255,29.027777777778255,-40,-217.39488289303344,4.529060060271529,0.009782185330675848,0.0,0.0,-4.039251572107716e-13,0.0
303,0.1578125,0.06069385570337821,-0.21003316715680626,0.2998502639269941,131.56250000000094,28.95833333333381,28.95833333333381,-40,-216.45579310128855,4.509495689610178,0.009782185330675848,0.0,0.0,2.551032302067213e-13,2.0097183471152322e-14
304,0.15833333333333333,0.0605641324548745,-0.2100662799197,0.29984976974853533,131.6666666666676,28.88888888888937,28.88888888888937,-40,-215.51670330954363,4.489931318948825,0.009782185330675848,0.0,0.0,2.860559011885755e-15,1.4210854715202004e-14
305,0.15885416666666666,0.06043440920637079,-0.21009939268259376,0.29984927557007657,131.77083333333425,28.819444444444926,28.819444444444926,-40,-214.5776135177987,4.470366948287473,0.009782185330675848,0.0,0.0,-2.484939337632497e-13,1.4210854715202004e-14
306,0.159375,0.06030468595786708,-0.2101325054454875,0.2998487813916178,131.8750000000009,28.750000000000483,28.750000000000483,-40,-213.63852372605382,4.450802577626121,0.009782185330675848,0.0,0.0,-4.510107565192101e-14,3.1776437161565096e-14
307,0.15989583333333332,0.06017496270936337,-0.21016561820838126,0.29984828721315904,131.97916666666757,28.68055555555604,28.68055555555604,-40,-212.6994339343089,4.4312382069647684,0.009782185330675848,0.0,0.0,-2.9645556842705645e-13,1.4210854715202004e-14
308,0.16041666666666665,0.06004523946085966,-0.210198730971275,0.29984779303470027,132.08333333333422,28.611111111111597,28.611111111111597,-40,-211.76034414256398,4.411673836303416,0.009782185330675848,0.0,0.0,-9.306271031572777e-14,1.4210854715202004e-14
309,0.1609375,0.059915516212355954,-0.21023184373416876,0.2998472988562415,132.18750000000088,28.541666666667155,28.541666666667155,-40,-210.8212543508191,4.392109465642064,0.009782185330675848,0.0,0.0,1.1033014779560091e-13,2.0097183471152322e-14
310,0.16145833333333334,0.059785792963852245,-0.2102649564970625,0.29984680467778274,132.29166666666754,28.47222222222271,28.47222222222271,-40,-209.88216455907417,4.372545094980712,0.009782185330675848,0.0,0.0,-1.4102434497953453e-13,1.4210854715202004e-14
311,0.16197916666666667,0.059656069715348536,-0.21029806925995626,0.299846310499324,132.3958333333342,28.40277777777827,28.40277777777827,-40,-208.94307476732925,4.352980724319359,0.009782185330675848,0.0,0.0,6.148033471209402e-14,1.4210854715202004e-14
312,0.1625,0.05952634646684483,-0.21033118202285,0.2998458163208652,132.50000000000085,28.333333333333826,28.333333333333826,-40,-208.00398497558436,4.3334163536580075,0.009782185330675848,0.0,0.0,-6.437333305298054e-13,0.0
313,0.16302083333333334,0.05939662321834112,-0.21036429478574376,0.29984532214240645,132.6041666666675,28.263888888889383,28.263888888889383,-40,-207.06489518383944,4.313851982996654,0.009782185330675848,0.0,0.0,4.682660509347514e-13,2.0097183471152322e-14
314,0.16354166666666667,0.05926689996983741,-0.2103974075486375,0.2998448279639477,132.70833333333417,28.19444444444494,28.19444444444494,-40,-206.12580539209452,4.294287612335302,0.009782185330675848,0.0,0.0,-2.378357927268482e-13,2.0097183471152322e-14
315,0.1640625,0.0591371767213337,-0.21043052031153126,0.2998443337854889,132.81250000000082,28.125000000000497,28.125000000000497,-40,-205.18671560034963,4.27472324167395,0.009782185330675848,0.0,0.0,-4.891902855019836e-13,0.0
316,0.16458333333333333,0.05900745347282999,-0.210463633074425,0.29984383960703015,132.91666666666748,28.055555555556055,28.055555555556055,-40,-204.2476258086047,4.255158871012598,0.009782185330675848,0.0,0.0,1.6894992349580917e-13,1.4210854715202004e-14
317,0.16510416666666666,0.05887773022432628,-0.21049674583731875,0.2998433454285714,133.02083333333414,27.98611111111161,27.98611111111161,-40,-203.3085360168598,4.235594500351246,0.009782185330675848,0.0,0.0,-8.240456927932627e-14,2.0097183471152322e-14
318,0.165625,0.058748006975822574,-0.2105298586002125,0.2998428512501126,133.1250000000008,27.91666666666717,27.91666666666717,-40,-202.3694462251149,4.216030129689893,0.009782185330675848,0.0,0.0,-3.337590620544617e-13,0.0
319,0.16614583333333333,0.058618283727318865,-0.21056297136310625,0.29984235707165385,133.22916666666745,27.847222222222726,27.847222222222726,-40,-201.43035643336998,4.196465759028541,0.009782185330675848,0.0,0.0,3.243811469433311e-13,2.0097183471152322e-14
320,0.16666666666666666,0.058488560478815156,-0.210596084126,0.2998418628931951,133.3333333333341,27.777777777778283,27.777777777778283,-40,-200.49126664162506,4.176901388367188,0.009782185330675848,0.0,0.0,7.213847574849552e-14,1.4210854715202004e-14
321,0.1671875,0.05835883723031145,-0.21062919688889375,0.2998413687147363,133.43750000000077,27.70833333333384,27.70833333333384,-40,-199.55217684988017,4.157337017705837,0.009782185330675848,0.0,0.0,-1.783278386069398e-13,3.1776437161565096e-14
322,0.16770833333333332,0.05822911398180774,-0.2106623096517875,0.29984087453627756,133.54166666666742,27.638888888889397,27.638888888889397,-40,-198.61308705813525,4.137772647044484,0.009782185330675848,0.0,0.0,-4.3057050980177536e-13,2.0097183471152322e-14
323,0.16822916666666665,0.05809939073330403,-0.21069542241468125,0.2998403803578188,133.64583333333408,27.569444444444954,27.569444444444954,-40,-197.67399726639033,4.118208276383132,0.009782185330675848,0.0,0.0,-2.2717765169044668e-13,1.4210854715202004e-14
324,0.16875,0.05796966748480032,-0.210728535177575,0.29983988617936,133.75000000000074,27.50000000000051,27.50000000000051,-40,-196.73490747464544,4.098643905721779,0.009782185330675848,0.0,0.0,-2.3784793579118002e-14,3.1776437161565096e-14
325,0.16927083333333334,0.05783994423629661,-0.21076164794046875,0.29983939200090126,133.8541666666674,27.43055555555607,27.43055555555607,-40,-195.79581768290052,4.079079535060427,0.009782185330675848,0.0,0.0,-2.7513928635425344e-13,1.1368683772161603e-13
326,0.16979166666666667,0.0577102209877929,-0.2107947607033625,0.2998388978224425,133.95833333333405,27.361111111111626,27.361111111111626,-40,-194.8567278911556,4.059515164399075,0.009782185330675848,0.0,0.0,8.377482735300035e-13,2.842170943040401e-14
327,0.1703125,0.057580497739289194,-0.21082787346625625,0.29983840364398373,134.0625000000007,27.291666666667183,27.291666666667183,-40,-193.9176380994107,4.039950793737723,0.009782185330675848,0.0,0.0,-7.778482719045243e-13,2.0097183471152322e-14
328,0.17083333333333334,0.057450774490785485,-0.21086098622915,0.29983790946552497,134.16666666666737,27.22222222222274,27.22222222222274,-40,-192.9785483076658,4.020386423076371,0.009782185330675848,0.0,0.0,-1.1970806290673153e-13,1.4210854715202004e-14
329,0.17135416666666667,0.057321051242281776,-0.21089409899204375,0.2998374152870662,134.27083333333402,27.152777777778297,27.152777777778297,-40,-192.03945851592087,4.0008220524150175,0.009782185330675848,0.0,0.0,8.279661678489703e-14,3.1776437161565096e-14
330,0.171875,0.05719132799377807,-0.2109272117549375,0.29983692110860743,134.37500000000068,27.083333333333854,27.083333333333854,-40,-191.10036872417598,3.9812576817536662,0.009782185330675848,0.0,0.0,-1.676696975705383e-13,2.0097183471152322e-14
331,0.17239583333333333,0.05706160474527436,-0.21096032451783125,0.29983642693014867,134.47916666666734,27.01388888888941,27.01388888888941,-40,-190.16127893243106,3.9616933110923136,0.009782185330675848,0.0,0.0,4.900264222174044e-13,2.842170943040401e-14
332,0.17291666666666666,0.05693188149677065,-0.210993437280725,0.2998359327516899,134.583333333334,26.94444444444497,26.94444444444497,-40,-189.22218914068614,3.942128940430961,0.009782185330675848,0.0,0.0,-6.712668615405093e-13,0.0
333,0.1734375,0.05680215824826694,-0.21102655004361875,0.29983543857323114,134.68750000000065,26.875000000000526,26.875000000000526,-40,-188.28309934894125,3.922564569769609,0.009782185330675848,0.0,0.0,-1.2682563332866437e-14,1.4210854715202004e-14
334,0.17395833333333333,0.05667243499976323,-0.2110596628065125,0.2998349443947724,134.7916666666673,26.805555555556083,26.805555555556083,-40,-187.34400955719633,3.9030001991082566,0.009782185330675848,0.0,0.0,1.9026620556861218e-13,1.4210854715202004e-14
335,0.17447916666666666,0.05654271175125952,-0.21109277556940625,0.2998344502163136,134.89583333333397,26.73611111111164,26.73611111111164,-40,-186.4049197654514,3.8834358284469044,0.009782185330675848,0.0,0.0,-9.705829889794515e-13,2.0097183471152322e-14
336,0.175,0.05641298850275581,-0.2111258883323,0.29983395603785484,135.00000000000063,26.666666666667197,26.666666666667197,-40,-185.46582997370652,3.863871457785552,0.009782185330675848,0.0,0.0,5.970519217912695e-13,3.1776437161565096e-14
337,0.17552083333333332,0.056283265254252104,-0.21115900109519375,0.2998334618593961,135.10416666666728,26.597222222222754,26.597222222222754,-40,-184.5267401819616,3.8443070871242,0.009782185330675848,0.0,0.0,-5.637972727567941e-13,1.4210854715202004e-14
338,0.17604166666666665,0.056153542005748396,-0.2111921138580875,0.2998329676809373,135.20833333333394,26.52777777777831,26.52777777777831,-40,-183.58765039021668,3.8247427164628474,0.009782185330675848,0.0,0.0,-3.6084850385531553e-13,0.0
339,0.1765625,0.05602381875724469,-0.21122522662098125,0.29983247350247855,135.3125000000006,26.45833333333387,26.45833333333387,-40,-182.6485605984718,3.8051783458014956,0.009782185330675848,0.0,0.0,2.9773579435232733e-13,2.0097183471152322e-14
340,0.17708333333333334,0.05589409550874098,-0.211258339383875,0.2998319793240198,135.41666666666725,26.388888888889426,26.388888888889426,-40,-181.70947080672687,3.785613975140143,0.009782185330675848,0.0,0.0,4.593721236734183e-14,2.0097183471152322e-14
341,0.17760416666666667,0.05576437226023727,-0.21129145214676875,0.299831485145561,135.5208333333339,26.319444444444983,26.319444444444983,-40,-180.77038101498195,3.7660496044787903,0.009782185330675848,0.0,0.0,-2.0586136961764367e-13,1.4210854715202004e-14
342,0.178125,0.05563464901173356,-0.2113245649096625,0.29983099096710225,135.62500000000057,26.25000000000054,26.25000000000054,-40,-179.83129122323706,3.7464852338174386,0.009782185330675848,0.0,0.0,-4.567717731829291e-13,0.0
343,0.17864583333333334,0.05550492576322985,-0.21135767767255625,0.2998304967886435,135.72916666666723,26.180555555556097,26.180555555556097,-40,-178.89220143149214,3.726920863156086,0.009782185330675848,0.0,0.0,2.0092434660501368e-13,1.4210854715202004e-14
344,0.17916666666666667,0.05537520251472614,-0.21139079043545,0.2998300026101847,135.83333333333388,26.111111111111654,26.111111111111654,-40,-177.95311163974722,3.7073564924947338,0.009782185330675848,0.0,0.0,-5.043014617012176e-14,2.0097183471152322e-14
345,0.1796875,0.05524547926622243,-0.21142390319834375,0.29982950843172596,135.93750000000054,26.04166666666721,26.04166666666721,-40,-177.01402184800233,3.6877921218333816,0.009782185330675848,0.0,0.0,-3.017846389452572e-13,1.4210854715202004e-14
346,0.18020833333333333,0.055115756017718724,-0.2114570159612375,0.2998290142532672,136.0416666666672,25.97222222222277,25.97222222222277,-40,-176.0749320562574,3.6682277511720294,0.009782185330675848,0.0,0.0,3.563555700525356e-13,1.4210854715202004e-14
347,0.18072916666666666,0.054986032769215015,-0.21149012872413125,0.2998285200748084,136.14583333333385,25.902777777778326,25.902777777778326,-40,-175.1358422645125,3.6486633805106767,0.009782185330675848,0.0,0.0,-8.049377137053781e-13,2.0097183471152322e-14
348,0.18125,0.054856309520711306,-0.211523241487025,0.29982802589634966,136.2500000000005,25.833333333333883,25.833333333333883,-40,-174.1967524727676,3.629099009849325,0.009782185330675848,0.0,0.0,3.0839393538872883e-13,0.0
349,0.18177083333333333,0.0547265862722076,-0.21155635424991875,0.2998275317178909,136.35416666666717,25.76388888888944,25.76388888888944,-40,-173.25766268102268,3.6095346391879723,0.009782185330675848,0.0,0.0,5.659535340374333e-14,3.1776437161565096e-14
350,0.18229166666666666,0.05459686302370389,-0.2115894670128125,0.29982703753943213,136.45833333333383,25.694444444444997,25.694444444444997,-40,-172.31857288927776,3.5899702685266197,0.009782185330675848,0.0,0.0,-1.9520322858124217e-13,2.0097183471152322e-14
351,0.1828125,0.05446713977520018,-0.21162257977570625,0.29982654336097336,136.56250000000048,25.625000000000554,25.625000000000554,-40,-171.37948309753287,3.570405897865268,0.009782185330675848,0.0,0.0,-4.4611363214652755e-13,1.4210854715202004e-14
352,0.18333333333333332,0.05433741652669647,-0.2116556925386,0.2998260491825146,136.66666666666714,25.55555555555611,25.55555555555611,-40,-170.44039330578795,3.5508415272039153,0.009782185330675848,0.0,0.0,-2.4316486324504893e-13,1.154495294690031e-13
353,0.18385416666666665,0.05420769327819276,-0.21168880530149375,0.29982555500405583,136.7708333333338,25.48611111111167,25.48611111111167,-40,-169.50130351404303,3.531277156542563,0.009782185330675848,0.0,0.0,4.1497534575274386e-13,2.0097183471152322e-14
354,0.184375,0.05407797002968905,-0.2117219180643875,0.29982506082559707,136.87500000000045,25.416666666667226,25.416666666667226,-40,-168.56221372229814,3.511712785881211,0.009782185330675848,0.0,0.0,-7.458738487953198e-13,3.1776437161565096e-14
355,0.18489583333333334,0.053948246781185344,-0.21175503082728125,0.2998245666471383,136.9791666666671,25.347222222222783,25.347222222222783,-40,-167.62312393055322,3.4921484152198587,0.009782185330675848,0.0,0.0,-8.773363979752702e-14,1.4210854715202004e-14
356,0.18541666666666667,0.053818523532681635,-0.211788143590175,0.29982407246867954,137.08333333333377,25.27777777777834,25.27777777777834,-40,-166.6840341388083,3.472584044558506,0.009782185330675848,0.0,0.0,5.699624799904157e-13,2.842170943040401e-14
357,0.1859375,0.053688800284177926,-0.21182125635306875,0.29982357829022077,137.18750000000043,25.208333333333897,25.208333333333897,-40,-165.7449443470634,3.4530196738971544,0.009782185330675848,0.0,0.0,-1.045189976234262e-12,1.4210854715202004e-14
358,0.18645833333333334,0.05355907703567422,-0.2118543691159625,0.299823084111762,137.29166666666708,25.138888888889454,25.138888888889454,-40,-164.8058545553185,3.4334553032358017,0.009782185330675848,0.0,0.0,5.22000845326609e-13,0.0
359,0.18697916666666667,0.05342935378717051,-0.21188748187885625,0.29982258993330324,137.39583333333374,25.06944444444501,25.06944444444501,-40,-163.8667647635736,3.41389093257445,0.009782185330675848,0.0,0.0,-1.8365690912514054e-13,2.842170943040401e-14
360,0.1875,0.0532996305386668,-0.21192059464175,0.2998220957548445,137.5000000000004,25.00000000000057,25.00000000000057,-40,-162.92767497182868,3.3943265619130973,0.009782185330675848,0.0,0.0,1.9291859776338072e-14,1.4210854715202004e-14
361,0.18802083333333333,0.05316990729016309,-0.21195370740464375,0.2998216015763857,137.60416666666706,24.930555555556126,24.930555555556126,-40,-161.98858518008376,3.3747621912517447,0.009782185330675848,0.0,0.0,-2.3250672220864743e-13,2.0097183471152322e-14
362,0.18854166666666666,0.05304018404165938,-0.2119868201675375,0.29982110739792694,137.7083333333337,24.861111111111683,24.861111111111683,-40,-161.04949538833887,3.355197820590393,0.009782185330675848,0.0,0.0,-4.834171257739328e-13,0.0
363,0.1890625,0.05291046079315567,-0.21201993293043125,0.2998206132194682,137.81250000000037,24.79166666666724,24.79166666666724,-40,-160.11040559659395,3.3356334499290403,0.009782185330675848,0.0,0.0,1.7427899401400992e-13,2.0097183471152322e-14
364,0.18958333333333333,0.052780737544651964,-0.212053045693325,0.2998201190410094,137.91666666666703,24.722222222222797,24.722222222222797,-40,-159.17131580484903,3.316069079267688,0.009782185330675848,0.0,0.0,-5.318228496475896e-13,2.0097183471152322e-14
365,0.19010416666666666,0.052651014296148255,-0.21208615845621875,0.29981962486255065,138.02083333333368,24.652777777778354,24.652777777778354,-40,-158.23222601310414,3.296504708606336,0.009782185330675848,0.0,0.0,1.2631735935020316e-13,1.4210854715202004e-14
366,0.190625,0.052521291047644546,-0.2121192712191125,0.2998191306840919,138.12500000000034,24.58333333333391,24.58333333333391,-40,-157.29313622135922,3.2769403379449837,0.009782185330675848,0.0,0.0,-1.2503713342493228e-13,3.1776437161565096e-14
367,0.19114583333333332,0.05239156779914084,-0.21215238398200625,0.2998186365056331,138.229166666667,24.51388888888947,24.51388888888947,-40,-156.3540464296143,3.257375967283631,0.009782185330675848,0.0,0.0,7.791163547654634e-14,0.0
368,0.19166666666666665,0.05226184455063713,-0.2121854967449,0.29981814232717435,138.33333333333366,24.444444444445026,24.444444444445026,-40,-155.4149566378694,3.2378115966222794,0.009782185330675848,0.0,0.0,-1.7299876808873904e-13,0.0
369,0.1921875,0.05213212130213342,-0.21221860950779375,0.2998176481487156,138.4375000000003,24.375000000000583,24.375000000000583,-40,-154.4758668461245,3.2182472259609267,0.009782185330675848,0.0,0.0,2.9950000812739574e-14,1.4210854715202004e-14
370,0.19270833333333334,0.05200239805362971,-0.2122517222706875,0.2998171539702568,138.54166666666697,24.30555555555614,24.30555555555614,-40,-153.53677705437957,3.198682855299574,0.009782185330675848,0.0,0.0,-6.7659593205871e-13,2.0097183471152322e-14
371,0.19322916666666667,0.051872674805126,-0.21228483503358125,0.29981665979179806,138.64583333333363,24.236111111111697,24.236111111111697,-40,-152.59768726263468,3.1791184846382223,0.009782185330675848,0.0,0.0,4.3673571703539693e-13,3.1776437161565096e-14
372,0.19375,0.05174295155662229,-0.212317947796475,0.2998161656133393,138.75000000000028,24.166666666667254,24.166666666667254,-40,-151.65859747088976,3.1595541139768697,0.009782185330675848,0.0,0.0,-2.698102158360527e-13,2.0097183471152322e-14
373,0.19427083333333334,0.05161322830811858,-0.21235106055936875,0.2998156714348805,138.85416666666694,24.09722222222281,24.09722222222281,-40,-150.71950767914484,3.1399897433155175,0.009782185330675848,0.0,0.0,-5.211647086111881e-13,1.4210854715202004e-14
374,0.19479166666666667,0.051483505059614874,-0.2123841733222625,0.29981517725642176,138.9583333333336,24.02777777777837,24.02777777777837,-40,-149.78041788739995,3.1204253726541653,0.009782185330675848,0.0,0.0,1.3697550038660466e-13,2.0097183471152322e-14
375,0.1953125,0.051353781811111165,-0.21241728608515625,0.299814683077963,139.06250000000026,23.958333333333925,23.958333333333925,-40,-148.84132809565503,3.100861001992813,0.009782185330675848,0.0,0.0,-1.1437899238853078e-13,2.0097183471152322e-14
376,0.19583333333333333,0.05122405856260746,-0.21245039884805,0.29981418889950423,139.1666666666669,23.888888888889483,23.888888888889483,-40,-147.9022383039101,3.0812966313314605,0.009782185330675848,0.0,0.0,5.43317127399412e-13,1.4210854715202004e-14
377,0.19635416666666666,0.05109433531410375,-0.21248351161094375,0.29981369472104547,139.27083333333357,23.81944444444504,23.81944444444504,-40,-146.96314851216522,3.0617322606701087,0.009782185330675848,0.0,0.0,-6.170879779388017e-13,1.4210854715202004e-14
378,0.196875,0.05096461206560004,-0.2125166243738375,0.2998132005425867,139.37500000000023,23.750000000000597,23.750000000000597,-40,-146.0240587204203,3.042167890008756,0.009782185330675848,0.0,0.0,-4.1413920903732304e-13,1.4210854715202004e-14
379,0.19739583333333333,0.05083488881709633,-0.21254973713673125,0.29981270636412793,139.47916666666688,23.680555555556154,23.680555555556154,-40,-145.08496892867538,3.0226035193474035,0.009782185330675848,0.0,0.0,2.435569107506197e-13,1.1368683772161603e-13
380,0.19791666666666666,0.05070516556859262,-0.212582849899625,0.29981221218566917,139.58333333333354,23.61111111111171,23.61111111111171,-40,-144.1458791369305,3.0030391486860517,0.009782185330675848,0.0,0.0,-7.353492814665685e-15,1.4210854715202004e-14
381,0.1984375,0.05057544232008891,-0.21261596266251875,0.2998117180072104,139.6875000000002,23.54166666666727,23.54166666666727,-40,-143.20678934518557,2.983474778024699,0.009782185330675848,0.0,0.0,-2.591520747996512e-13,1.4210854715202004e-14
382,0.19895833333333332,0.0504457190715852,-0.2126490754254125,0.29981122382875164,139.79166666666686,23.472222222222825,23.472222222222825,-40,-142.26769955344065,2.963910407363347,0.009782185330675848,0.0,0.0,-5.105065675747866e-13,1.4210854715202004e-14
383,0.19947916666666665,0.050315995823081494,-0.21268218818830625,0.2998107296502929,139.8958333333335,23.402777777778383,23.402777777778383,-40,-141.32860976169576,2.9443460367019947,0.009782185330675848,0.0,0.0,-3.0711370946345795e-13,2.0097183471152322e-14
384,0.2,0.050186272574577785,-0.2127153009512,0.2998102354718341,140.00000000000017,23.33333333333394,23.33333333333394,-40,-140.38951996995084,2.9247816660406425,0.009782185330675848,0.0,0.0,-1.0372085135212927e-13,3.1776437161565096e-14
385,0.20052083333333334,0.050056549326074076,-0.21274841371409375,0.29980974129337534,140.10416666666683,23.263888888889497,23.263888888889497,-40,-139.45043017820592,2.90521729537929,0.009782185330675848,0.0,0.0,5.539752684358135e-13,3.1776437161565096e-14
386,0.20104166666666667,0.04992682607757037,-0.2127815264769875,0.2998092471149166,140.20833333333348,23.194444444445054,23.194444444445054,-40,-138.51134038646103,2.885652924717938,0.009782185330675848,0.0,0.0,-1.5168248601593604e-13,2.0097183471152322e-14
387,0.2015625,0.04979710282906666,-0.21281463923988125,0.2998087529364578,140.31250000000014,23.12500000000061,23.12500000000061,-40,-137.5722505947161,2.8660885540565855,0.009782185330675848,0.0,0.0,-4.0348106800092154e-13,1.4210854715202004e-14
388,0.20208333333333334,0.04966737958056295,-0.212847752002775,0.29980825875799905,140.4166666666668,23.055555555556168,23.055555555556168,-40,-136.6331608029712,2.846524183395233,0.009782185330675848,0.0,0.0,-2.0053229909944292e-13,0.0
389,0.20260416666666667,0.04953765633205924,-0.21288086476566875,0.2998077645795403,140.52083333333346,22.986111111111725,22.986111111111725,-40,-135.6940710112263,2.826959812733881,0.009782185330675848,0.0,0.0,4.580519991081999e-13,2.842170943040401e-14
390,0.203125,0.04940793308355553,-0.2129139775285625,0.2998072704010815,140.6250000000001,22.916666666667282,22.916666666667282,-40,-134.75498121948138,2.8073954420725284,0.009782185330675848,0.0,0.0,-7.032412846497138e-13,0.0
391,0.20364583333333333,0.04927820983505182,-0.21294709029145625,0.29980677622262275,140.72916666666677,22.84722222222284,22.84722222222284,-40,-133.81589142773646,2.7878310714111763,0.009782185330675848,0.0,0.0,-4.510107565192101e-14,2.0097183471152322e-14
392,0.20416666666666666,0.049148486586548114,-0.21298020305435,0.299806282044164,140.83333333333343,22.777777777778397,22.777777777778397,-40,-132.87680163599157,2.768266700749824,0.009782185330675848,0.0,0.0,-2.9645556842705645e-13,2.0097183471152322e-14
393,0.2046875,0.049018763338044405,-0.21301331581724375,0.2998057878657052,140.93750000000009,22.708333333333954,22.708333333333954,-40,-131.93771184424665,2.748702330088472,0.009782185330675848,0.0,0.0,-9.306271031572777e-14,1.4210854715202004e-14
394,0.20520833333333333,0.048889040089540696,-0.2130464285801375,0.29980529368724645,141.04166666666674,22.63888888888951,22.63888888888951,-40,-130.99862205250173,2.7291379594271192,0.009782185330675848,0.0,0.0,-3.4486129230071327e-13,3.1776437161565096e-14
395,0.20572916666666666,0.04875931684103699,-0.21307954134303125,0.2998047995087877,141.1458333333334,22.569444444445068,22.569444444445068,-40,-130.05953226075684,2.7095735887657675,0.009782185330675848,0.0,0.0,3.137230059069296e-13,3.1776437161565096e-14
396,0.20625,0.04862959359253328,-0.213112654105925,0.2998043053303289,141.25000000000006,22.500000000000625,22.500000000000625,-40,-129.12044246901192,2.690009218104415,0.009782185330675848,0.0,0.0,6.192442392194408e-14,3.1776437161565096e-14
397,0.20677083333333332,0.04849987034402957,-0.21314576686881875,0.29980381115187016,141.3541666666667,22.430555555556182,22.430555555556182,-40,-128.181352677267,2.670444847443062,0.009782185330675848,0.0,0.0,-1.8987415806304142e-13,0.0
398,0.20729166666666665,0.04837014709552586,-0.2131788796317125,0.2998033169734114,141.45833333333337,22.36111111111174,22.36111111111174,-40,-127.24226288552211,2.6508804767817105,0.009782185330675848,0.0,0.0,-8.955319125147909e-13,1.4210854715202004e-14
399,0.20781249999999998,0.04824042384702215,-0.21321199239460625,0.29980282279495263,141.56250000000003,22.291666666667297,22.291666666667297,-40,-126.30317309377719,2.631316106120358,0.009782185330675848,0.0,0.0,6.716589090460801e-13,4.0194366942304644e-14
400,0.20833333333333334,0.04811070059851844,-0.2132451051575,0.29980232861649386,141.66666666666669,22.222222222222854,22.222222222222854,-40,-125.36408330203227,2.6117517354590056,0.009782185330675848,0.0,0.0,-4.891902855019836e-13,0.0
401,0.20885416666666667,0.047980977350014734,-0.21327821792039375,0.2998018344380351,141.77083333333334,22.15277777777841,22.15277777777841,-40,-124.42499351028738,2.5921873647976534,0.009782185330675848,0.0,0.0,1.6894992349580917e-13,3.1776437161565096e-14
402,0.209375,0.047851254101511025,-0.2133113306832875,0.29980134025957633,141.875,22.083333333333968,22.083333333333968,-40,-123.48590371854246,2.5726229941363012,0.009782185330675848,0.0,0.0,-5.371519201657904e-13,2.0097183471152322e-14
403,0.20989583333333334,0.047721530853007316,-0.21334444344618125,0.29980084608111757,141.97916666666666,22.013888888889525,22.013888888889525,-40,-122.54681392679754,2.5530586234749486,0.009782185330675848,0.0,0.0,-3.3420315126431177e-13,2.0097183471152322e-14
404,0.21041666666666667,0.04759180760450361,-0.213377556209075,0.2998003519026588,142.08333333333331,21.944444444445082,21.944444444445082,-40,-121.60772413505265,2.533494252813597,0.009782185330675848,0.0,0.0,-1.3036620394313303e-13,2.0097183471152322e-14
405,0.2109375,0.0474620843559999,-0.21341066897196875,0.29979985772420004,142.18749999999997,21.87500000000064,21.87500000000064,-40,-120.66863434330773,2.513929882152244,0.009782185330675848,0.0,0.0,-3.8216478592811853e-13,2.0097183471152322e-14
406,0.21145833333333333,0.04733236110749619,-0.2134437817348625,0.29979936354574127,142.29166666666663,21.805555555556197,21.805555555556197,-40,-119.72954455156281,2.4943655114908916,0.009782185330675848,0.0,0.0,2.755313338598242e-13,1.1457157353758233e-13
407,0.21197916666666666,0.04720263785899248,-0.21347689449775625,0.2997988693672825,142.3958333333333,21.736111111111754,21.736111111111754,-40,-118.79045475981792,2.47480114082954,0.009782185330675848,0.0,0.0,2.4620930294538823e-14,0.0
408,0.2125,0.04707291461048877,-0.21351000726065,0.29979837518882374,142.49999999999994,21.66666666666731,21.66666666666731,-40,-117.851364968073,2.455236770168187,0.009782185330675848,0.0,0.0,-6.819250025769108e-13,2.0097183471152322e-14
409,0.21302083333333333,0.04694319136198506,-0.21354312002354375,0.299797881010365,142.6041666666666,21.597222222222868,21.597222222222868,-40,-116.91227517632808,2.435672399506835,0.009782185330675848,0.0,0.0,8.857099081938102e-13,3.1776437161565096e-14
410,0.21354166666666666,0.04681346811348135,-0.2135762327864375,0.2997973868319062,142.70833333333326,21.527777777778425,21.527777777778425,-40,-115.97318538458319,2.416108028845483,0.009782185330675848,0.0,0.0,-1.1846339881271817e-12,1.4210854715202004e-14
411,0.2140625,0.046683744864977644,-0.21360934554933125,0.29979689265344744,142.81249999999991,21.458333333333982,21.458333333333982,-40,-115.03409559283827,2.3965436581841306,0.009782185330675848,0.0,0.0,-7.174642824292476e-14,2.0097183471152322e-14
412,0.21458333333333332,0.046554021616473935,-0.213642458312225,0.2997963984749887,142.91666666666657,21.38888888888954,21.38888888888954,-40,-114.09500580109335,2.376979287522778,0.009782185330675848,0.0,0.0,1.3120234065855385e-13,1.4210854715202004e-14
413,0.21510416666666665,0.046424298367970226,-0.21367557107511875,0.2997959042965299,143.02083333333323,21.319444444445097,21.319444444445097,-40,-113.15591600934846,2.3574149168614262,0.009782185330675848,0.0,0.0,-1.1970806290673153e-13,1.4210854715202004e-14
414,0.21562499999999998,0.04629457511946652,-0.2137086838380125,0.29979541011807115,143.1249999999999,21.250000000000654,21.250000000000654,-40,-112.21682621760354,2.3378505462000736,0.009782185330675848,0.0,0.0,-3.7150664489171703e-13,2.0097183471152322e-14
415,0.21614583333333334,0.04616485187096281,-0.21374179660090625,0.2997949159396124,143.22916666666654,21.18055555555621,21.18055555555621,-40,-111.27773642585862,2.318286175538721,0.009782185330675848,0.0,0.0,-1.6855787599023841e-13,2.0097183471152322e-14
416,0.21666666666666667,0.0460351286224591,-0.2137749093638,0.2997944217611536,143.3333333333332,21.111111111111768,21.111111111111768,-40,-110.33864663411373,2.298721804877369,0.009782185330675848,0.0,0.0,3.5279071330940326e-14,1.4210854715202004e-14
417,0.2171875,0.04590540537395539,-0.21380802212669375,0.29979392758269485,143.43749999999986,21.041666666667325,21.041666666667325,-40,-109.39955684236881,2.2791574342160166,0.009782185330675848,0.0,0.0,-2.1651951065404518e-13,0.0
418,0.21770833333333334,0.04577568212545168,-0.2138411348895875,0.2997934334042361,143.54166666666652,20.972222222222882,20.972222222222882,-40,-108.46046705062389,2.2595930635546644,0.009782185330675848,0.0,0.0,-1.31266525427165e-14,1.4210854715202004e-14
419,0.21822916666666667,0.04564595887694797,-0.21387424765248125,0.2997929392257773,143.64583333333317,20.90277777777844,20.90277777777844,-40,-107.521377258879,2.240028692893312,0.009782185330675848,0.0,0.0,-2.6448114531785194e-13,2.842170943040401e-14
420,0.21875,0.045516235628444264,-0.213907360415375,0.29979244504731856,143.74999999999983,20.833333333333997,20.833333333333997,-40,-106.58228746713408,2.22046432223196,0.009782185330675848,0.0,0.0,3.9365906367994086e-13,2.0097183471152322e-14
421,0.21927083333333333,0.045386512379940555,-0.21394047317826875,0.2997919508688598,143.8541666666665,20.763888888889554,20.763888888889554,-40,-105.64319767538919,2.200899951570608,0.009782185330675848,0.0,0.0,-7.671901308681228e-13,0.0
422,0.21979166666666666,0.045256789131436846,-0.2139735859411625,0.299791456690401,143.95833333333314,20.69444444444511,20.69444444444511,-40,-104.70410788364427,2.1813355809092556,0.009782185330675848,0.0,0.0,3.456974290161341e-13,2.0097183471152322e-14
423,0.2203125,0.04512706588293314,-0.21400669870405625,0.29979096251194226,144.0624999999998,20.625000000000668,20.625000000000668,-40,-103.76501809189935,2.161771210247903,0.009782185330675848,0.0,0.0,-8.155958547417796e-13,0.0
424,0.22083333333333333,0.04499734263442943,-0.21403981146695,0.2997904683334835,144.16666666666646,20.555555555556225,20.555555555556225,-40,-102.82592830015446,2.1422068395865512,0.009782185330675848,0.0,0.0,-1.5701155653413679e-13,2.842170943040401e-14
425,0.22135416666666666,0.04486761938592572,-0.21407292422984375,0.29978997415502473,144.27083333333312,20.486111111111782,20.486111111111782,-40,-101.88683850840954,2.1226424689251986,0.009782185330675848,0.0,0.0,4.593721236734183e-14,1.4210854715202004e-14
426,0.221875,0.04473789613742201,-0.2141060369927375,0.29978947997656596,144.37499999999977,20.41666666666734,20.41666666666734,-40,-100.94774871666462,2.103078098263846,0.009782185330675848,0.0,0.0,-2.0586136961764367e-13,3.1776437161565096e-14
427,0.22239583333333332,0.0446081728889183,-0.21413914975563125,0.2997889857981072,144.47916666666643,20.347222222222896,20.347222222222896,-40,-100.00865892491973,2.083513727602494,0.009782185330675848,0.0,0.0,-9.115191240693932e-13,1.4210854715202004e-14
428,0.22291666666666665,0.04447844964041459,-0.214172262518525,0.29978849161964843,144.5833333333331,20.277777777778454,20.277777777778454,-40,-99.06956913317481,2.0639493569411416,0.009782185330675848,0.0,0.0,2.0092434660501368e-13,2.0097183471152322e-14
429,0.22343749999999998,0.044348726391910884,-0.21420537528141875,0.29978799744118967,144.68749999999974,20.20833333333401,20.20833333333401,-40,-98.13047934142989,2.0443849862797894,0.009782185330675848,0.0,0.0,-5.043014617012176e-14,2.842170943040401e-14
430,0.22395833333333334,0.044219003143407175,-0.2142384880443125,0.2997875032627309,144.7916666666664,20.138888888889568,20.138888888889568,-40,-97.191389549685,2.024820615618437,0.009782185330675848,0.0,0.0,6.07710062827671e-13,1.4210854715202004e-14
431,0.22447916666666667,0.044089279894903466,-0.21427160080720625,0.29978700908427214,144.89583333333306,20.069444444445125,20.069444444445125,-40,-96.25229975794008,2.005256244957085,0.009782185330675848,0.0,0.0,-9.839178083392852e-14,2.842170943040401e-14
432,0.225,0.04395955664639976,-0.2143047135701,0.2997865149058134,144.99999999999972,20.000000000000682,20.000000000000682,-40,-95.31320996619516,1.9856918742957324,0.009782185330675848,0.0,0.0,-8.049377137053781e-13,2.0097183471152322e-14
433,0.22552083333333334,0.04382983339789605,-0.21433782633299375,0.2997860207273546,145.10416666666637,19.93055555555624,19.93055555555624,-40,-94.37412017445027,1.9661275036343806,0.009782185330675848,0.0,0.0,-1.4635341549773528e-13,1.154495294690031e-13
434,0.22604166666666667,0.04370011014939234,-0.2143709390958875,0.29978552654889584,145.20833333333303,19.861111111111796,19.861111111111796,-40,-93.43503038270535,1.946563132973028,0.009782185330675848,0.0,0.0,5.113427042902075e-13,3.1776437161565096e-14
435,0.2265625,0.04357038690088863,-0.21440405185878125,0.2997850323704371,145.3124999999997,19.791666666667354,19.791666666667354,-40,-92.49594059096043,1.9269987623116756,0.009782185330675848,0.0,0.0,-6.497285348627813e-13,0.0
436,0.22708333333333333,0.04344066365238492,-0.214437164621675,0.2997845381919783,145.41666666666634,19.72222222222291,19.72222222222291,-40,-91.55685079921554,1.9074343916503236,0.009782185330675848,0.0,0.0,8.633718739936569e-15,1.4210854715202004e-14
437,0.22760416666666666,0.04331094040388121,-0.21447027738456875,0.29978404401351955,145.520833333333,19.652777777778468,19.652777777778468,-40,-90.61776100747062,1.8878700209889712,0.009782185330675848,0.0,0.0,-2.429428186401239e-13,0.0
438,0.228125,0.0431812171553775,-0.2145033901474625,0.2997835498350608,145.62499999999966,19.583333333334025,19.583333333334025,-40,-89.6786712157257,1.8683056503276187,0.009782185330675848,0.0,0.0,-3.9772005133720256e-14,2.0097183471152322e-14
439,0.22864583333333333,0.043051493906873795,-0.21453650291035625,0.299783055656602,145.72916666666632,19.513888888889582,19.513888888889582,-40,-88.73958142398081,1.8487412796662668,0.009782185330675848,0.0,0.0,-7.456518041903948e-13,2.0097183471152322e-14
440,0.22916666666666666,0.042921770658370086,-0.21456961567325,0.29978256147814325,145.83333333333297,19.44444444444514,19.44444444444514,-40,-87.80049163223589,1.8291769090049144,0.009782185330675848,0.0,0.0,-8.773363979752702e-14,0.0
441,0.2296875,0.04279204740986638,-0.21460272843614375,0.2997820672996845,145.93749999999963,19.375000000000696,19.375000000000696,-40,-86.86140184049097,1.8096125383435617,0.009782185330675848,0.0,0.0,5.699624799904157e-13,2.0097183471152322e-14
442,0.23020833333333332,0.04266232416136267,-0.2146358411990375,0.2997815731212257,146.0416666666663,19.305555555556253,19.305555555556253,-40,-85.92231204874608,1.79004816768221,0.009782185330675848,0.0,0.0,-1.045189976234262e-12,2.0097183471152322e-14
443,0.23072916666666665,0.04253260091285896,-0.21466895396193125,0.29978107894276695,146.14583333333294,19.23611111111181,19.23611111111181,-40,-84.98322225700116,1.7704837970208573,0.009782185330675848,0.0,0.0,6.725349444014483e-14,1.4210854715202004e-14
444,0.23124999999999998,0.04240287766435525,-0.214702066724825,0.2997805847643082,146.2499999999996,19.166666666667368,19.166666666667368,-40,-84.04413246525624,1.750919426359505,0.009782185330675848,0.0,0.0,-1.8432304293991564e-13,0.0
445,0.23177083333333334,0.04227315441585154,-0.21473517948771875,0.2997800905858494,146.35416666666626,19.097222222222925,19.097222222222925,-40,-83.10504267351135,1.731355055698153,0.009782185330675848,0.0,0.0,-4.3545549111012605e-13,1.4210854715202004e-14
446,0.23229166666666667,0.04214343116734783,-0.2147682922506125,0.29977959640739066,146.45833333333292,19.027777777778482,19.027777777778482,-40,-82.16595288176643,1.7117906850368005,0.009782185330675848,0.0,0.0,-2.322846776037224e-13,1.4210854715202004e-14
447,0.2328125,0.04201370791884412,-0.21480140501350625,0.2997791022289319,146.56249999999957,18.95833333333404,18.95833333333404,-40,-81.22686309002151,1.6922263143754481,0.009782185330675848,0.0,0.0,4.2563348678914537e-13,1.4210854715202004e-14
448,0.23333333333333334,0.041883984670340414,-0.2148345177764,0.2997786080504731,146.66666666666623,18.888888888889596,18.888888888889596,-40,-80.28777329827662,1.6726619437140962,0.009782185330675848,0.0,0.0,-7.349936631539933e-13,1.4210854715202004e-14
449,0.23385416666666667,0.041754261421836705,-0.21486763053929375,0.29977811387201436,146.7708333333329,18.819444444445153,18.819444444445153,-40,-79.3486835065317,1.6530975730527437,0.009782185330675848,0.0,0.0,3.776718521253386e-13,2.842170943040401e-14
450,0.234375,0.041624538173332996,-0.2149007433021875,0.2997776196935556,146.87499999999955,18.75000000000071,18.75000000000071,-40,-78.40959371478678,1.633533202391391,0.009782185330675848,0.0,0.0,1.258732701403531e-13,2.0097183471152322e-14
451,0.23489583333333333,0.04149481492482929,-0.21493385606508125,0.29977712551509683,146.9791666666662,18.680555555556268,18.680555555556268,-40,-77.47050392304189,1.6139688317300394,0.009782185330675848,0.0,0.0,-1.2503713342493228e-13,1.4210854715202004e-14
452,0.23541666666666666,0.04136509167632558,-0.214966968827975,0.29977663133663807,147.08333333333286,18.611111111111825,18.611111111111825,-40,-76.53141413129697,1.5944044610686867,0.009782185330675848,0.0,0.0,-8.315830662963819e-13,1.4210854715202004e-14
453,0.2359375,0.04123536842782187,-0.21500008159086875,0.2997761371581793,147.18749999999952,18.541666666667382,18.541666666667382,-40,-75.59232433955205,1.5748400904073343,0.009782185330675848,0.0,0.0,-1.7366490190351414e-13,0.0
454,0.23645833333333333,0.04110564517931816,-0.2150331943537625,0.29977564297972054,147.29166666666617,18.47222222222294,18.47222222222294,-40,-74.65323454780716,1.5552757197459823,0.009782185330675848,0.0,0.0,4.846973516992037e-13,2.842170943040401e-14
455,0.23697916666666666,0.04097592193081445,-0.21506630711665625,0.29977514880126177,147.39583333333283,18.402777777778496,18.402777777778496,-40,-73.71414475606224,1.53571134908463,0.009782185330675848,0.0,0.0,-6.76373887453785e-13,1.4210854715202004e-14
456,0.2375,0.04084619868231074,-0.21509941987955,0.299774654622803,147.4999999999995,18.333333333334053,18.333333333334053,-40,-72.77505496431732,1.5161469784232775,0.009782185330675848,0.0,0.0,-4.732030739473814e-13,2.842170943040401e-14
457,0.23802083333333332,0.040716475433807034,-0.21513253264244375,0.29977416044434424,147.60416666666615,18.26388888888961,18.26388888888961,-40,-71.83596517257243,1.4965826077619255,0.009782185330675848,0.0,0.0,1.8515917965533646e-13,2.0097183471152322e-14
458,0.23854166666666665,0.040586752185303325,-0.2151656454053375,0.2997736662658855,147.7083333333328,18.194444444445168,18.194444444445168,-40,-70.89687538082751,1.4770182371005731,0.009782185330675848,0.0,0.0,-5.211647086111881e-13,1.4210854715202004e-14
459,0.23906249999999998,0.040457028936799616,-0.21519875816823125,0.2997731720874267,147.81249999999946,18.125000000000725,18.125000000000725,-40,-69.95778558908259,1.4574538664392205,0.009782185330675848,0.0,0.0,1.365314111767546e-13,1.4210854715202004e-14
460,0.23958333333333334,0.04032730568829591,-0.215231870931125,0.29977267790896794,147.91666666666612,18.055555555556282,18.055555555556282,-40,-69.0186957973377,1.4378894957778687,0.009782185330675848,0.0,0.0,-1.1437899238853078e-13,1.1457157353758233e-13
461,0.24010416666666667,0.0401975824397922,-0.21526498369401875,0.2997721837305092,148.02083333333277,17.98611111111184,17.98611111111184,-40,-68.07960600559278,1.418325125116516,0.009782185330675848,0.0,0.0,-3.661775743735163e-13,2.842170943040401e-14
462,0.240625,0.04006785919128849,-0.2152980964569125,0.2997716895520504,148.12499999999943,17.916666666667396,17.916666666667396,-40,-67.14051621384786,1.3987607544551637,0.009782185330675848,0.0,0.0,-1.6300676086711263e-13,1.4210854715202004e-14
463,0.24114583333333334,0.03993813594278478,-0.21533120921980625,0.29977119537359165,148.2291666666661,17.847222222222953,17.847222222222953,-40,-66.20142642210297,1.3791963837938117,0.009782185330675848,0.0,0.0,4.060814184914108e-14,1.4210854715202004e-14
464,0.24166666666666667,0.03980841269428107,-0.2153643219827,0.2997707011951329,148.33333333333275,17.77777777777851,17.77777777777851,-40,-65.26233663035805,1.3596320131324593,0.009782185330675848,0.0,0.0,-2.109683955309194e-13,3.1776437161565096e-14
465,0.2421875,0.03967868944577736,-0.21539743474559375,0.2997702070166741,148.4374999999994,17.708333333334068,17.708333333334068,-40,-64.32324683861313,1.3400676424711069,0.009782185330675848,0.0,0.0,-7.797582024515748e-15,1.4210854715202004e-14
466,0.24270833333333333,0.039548966197273654,-0.2154305475084875,0.29976971283821535,148.54166666666606,17.638888888889625,17.638888888889625,-40,-63.38415704686824,1.320503271809755,0.009782185330675848,0.0,0.0,-7.136773810811903e-13,1.5888218580782548e-14
467,0.24322916666666666,0.039419242948769945,-0.21546366027138125,0.2997692186597566,148.64583333333272,17.569444444445182,17.569444444445182,-40,-62.44506725512332,1.3009389011484025,0.009782185330675848,0.0,0.0,-5.105065675747866e-13,1.5888218580782548e-14
468,0.24375,0.039289519700266236,-0.215496773034275,0.2997687244812978,148.74999999999937,17.50000000000074,17.50000000000074,-40,-61.5059774633784,1.2813745304870499,0.009782185330675848,0.0,0.0,1.471895522131561e-13,2.1316282072803006e-14
469,0.24427083333333333,0.03915979645176253,-0.21552988579716875,0.29976823030283906,148.85416666666603,17.430555555556296,17.430555555556296,-40,-60.56688767163351,1.261810159825698,0.009782185330675848,0.0,0.0,3.5102649953433485e-13,1.4210854715202004e-14
470,0.24479166666666666,0.03903007320325882,-0.2155629985600625,0.2997677361243803,148.9583333333327,17.361111111111853,17.361111111111853,-40,-59.62779787988859,1.2422457891643455,0.009782185330675848,0.0,0.0,-8.102667842235789e-13,7.105427357601002e-15
471,0.2453125,0.03890034995475511,-0.21559611132295625,0.2997672419459215,149.06249999999935,17.29166666666741,17.29166666666741,-40,-58.68870808814367,1.222681418502993,0.009782185330675848,0.0,0.0,3.02398731055753e-13,2.5618982671915014e-14
472,0.24583333333333332,0.0387706267062514,-0.21562922408585,0.29976674776746276,149.166666666666,17.222222222222968,17.222222222222968,-40,-57.74961829639878,1.203117047841641,0.009782185330675848,0.0,0.0,-4.0348106800092154e-13,7.105427357601002e-15
473,0.24635416666666665,0.03864090345774769,-0.21566233684874375,0.299766253589004,149.27083333333266,17.152777777778525,17.152777777778525,-40,-56.81052850465386,1.1835526771802887,0.009782185330675848,0.0,0.0,-2.003102544945179e-13,2.1316282072803006e-14
474,0.24687499999999998,0.03851118020924398,-0.2156954496116375,0.29976575941054523,149.37499999999932,17.08333333333408,17.08333333333408,-40,-55.87143871290894,1.1639883065189363,0.009782185330675848,0.0,0.0,2.860559011885755e-15,2.0097183471152322e-14
475,0.24739583333333334,0.03838145696074027,-0.21572856237453125,0.29976526523208646,149.47916666666598,17.01388888888964,17.01388888888964,-40,-54.93234892116405,1.1444239358575843,0.009782185330675848,0.0,0.0,-7.030192400447888e-13,2.5618982671915014e-14
476,0.24791666666666667,0.038251733712236564,-0.215761675137425,0.2997647710536277,149.58333333333263,16.944444444445196,16.944444444445196,-40,-53.99325912941913,1.1248595651962319,0.009782185330675848,0.0,0.0,-4.510107565192101e-14,1.4210854715202004e-14
477,0.2484375,0.038122010463732856,-0.21579478790031875,0.29976427687516893,149.6874999999993,16.875000000000753,16.875000000000753,-40,-53.05416933767421,1.1052951945348792,0.009782185330675848,0.0,0.0,-2.968996576369065e-13,1.4210854715202004e-14
478,0.24895833333333334,0.03799228721522915,-0.2158279006632125,0.29976378269671017,149.79166666666595,16.80555555555631,16.80555555555631,-40,-52.11507954592932,1.0857308238735275,0.009782185330675848,0.0,0.0,3.6168464057073635e-13,0.0
479,0.24947916666666667,0.03786256396672544,-0.21586101342610625,0.2997632885182514,149.8958333333326,16.736111111111867,16.736111111111867,-40,-51.1759897541844,1.0661664532121748,0.009782185330675848,0.0,0.0,-3.4486129230071327e-13,1.5888218580782548e-14
480,0.25,0.03773284071822173,-0.215894126189,0.29976279433979264,149.99999999999926,16.666666666667425,16.666666666667425,-40,-50.23689996243951,1.046602082550823,0.009782185330675848,0.0,0.0,-1.4102434497953453e-13,1.4210854715202004e-14
481,0.2505208333333333,0.03760311746971802,-0.21592723895189375,0.29976230016133387,150.10416666666592,16.59722222222298,16.59722222222298,-40,-49.29781017069459,1.0270377118894705,0.009782185330675848,0.0,0.0,-3.9282292696452004e-13,1.5888218580782548e-14
482,0.25104166666666666,0.03747339422121431,-0.2159603517147875,0.2997618059828751,150.20833333333258,16.52777777777854,16.52777777777854,-40,-48.35872037894967,1.007473341228118,0.009782185330675848,0.0,0.0,-1.896521134581164e-13,2.0097183471152322e-14
483,0.2515625,0.0373436709727106,-0.21599346447768125,0.29976131180441634,150.31249999999923,16.458333333334096,16.458333333334096,-40,-47.41963058720478,0.9879089705667662,0.009782185330675848,0.0,0.0,1.4073811560599836e-14,2.0097183471152322e-14
484,0.2520833333333333,0.03721394772420689,-0.216026577240575,0.2997608176259576,150.4166666666659,16.388888888889653,16.388888888889653,-40,-46.48054079545986,0.9683445999054137,0.009782185330675848,0.0,0.0,-6.923610990083873e-13,1.5888218580782548e-14
485,0.2526041666666667,0.037084224475703184,-0.21605969000346875,0.2997603234474988,150.52083333333255,16.31944444444521,16.31944444444521,-40,-45.54145100371494,0.9487802292440612,0.009782185330675848,0.0,0.0,-3.4442934615519505e-14,1.4210854715202004e-14
486,0.253125,0.036954501227199475,-0.2160928027663625,0.29975982926904005,150.6249999999992,16.250000000000767,16.250000000000767,-40,-44.60236121197005,0.9292158585827093,0.009782185330675848,0.0,0.0,-2.855753827857299e-13,1.4210854715202004e-14
487,0.25364583333333335,0.036824777978695766,-0.21612591552925625,0.2997593350905813,150.72916666666586,16.180555555556325,16.180555555556325,-40,-43.66327142022513,0.9096514879213569,0.009782185330675848,0.0,0.0,-8.240456927932627e-14,1.1457157353758233e-13
488,0.25416666666666665,0.03669505473019206,-0.21615902829215,0.2997588409121225,150.83333333333252,16.11111111111188,16.11111111111188,-40,-42.72418162848021,0.8900871172600043,0.009782185330675848,0.0,0.0,1.2065522192461486e-13,2.0097183471152322e-14
489,0.2546875,0.03656533148168835,-0.21619214105504375,0.29975834673366375,150.93749999999918,16.04166666666744,16.04166666666744,-40,-41.78509183673532,0.8705227465986525,0.009782185330675848,0.0,0.0,-1.3036620394313303e-13,7.105427357601002e-15
490,0.2552083333333333,0.03643560823318464,-0.2162252538179375,0.299757852555205,151.04166666666583,15.972222222222994,15.972222222222994,-40,-40.84600204499037,0.8509583759372994,0.009782185330676292,0.0,0.0,-3.8216478592811853e-13,2.842170943040401e-14
491,0.2557291666666667,0.03630588498468093,-0.21625836658083125,0.2997573583767462,151.1458333333325,15.90277777777855,15.90277777777855,-40,-39.90691225324542,0.8313940052759463,0.009782185330676292,0.0,0.0,-1.7966010623648998e-13,1.5888218580782548e-14
492,0.25625,0.03617616173617722,-0.216291479343725,0.29975686419828745,151.24999999999915,15.833333333334105,15.833333333334105,-40,-38.96782246150053,0.8118296346145943,0.009782185330676292,0.0,0.0,-8.855399052931645e-13,0.0
493,0.25677083333333334,0.03604643848767351,-0.21632459210661875,0.2997563700198287,151.3541666666658,15.76388888888966,15.76388888888966,-40,-38.028732669755584,0.7922652639532413,0.009782185330676292,0.0,0.0,2.2645947617139228e-13,7.105427357601002e-15
494,0.25729166666666664,0.035916715239169804,-0.2163577048695125,0.2997558758413699,151.45833333333246,15.694444444445216,15.694444444445216,-40,-37.089642878010636,0.7727008932918882,0.009782185330676292,0.0,0.0,-2.5783195023443284e-14,1.4210854715202004e-14
495,0.2578125,0.035786991990666095,-0.21639081763240625,0.29975538166291116,151.56249999999912,15.625000000000771,15.625000000000771,-40,-36.150553086265745,0.7531365226305363,0.009782185330676292,0.0,0.0,-2.768046208911912e-13,1.5888218580782548e-14
496,0.2583333333333333,0.035657268742162386,-0.2164239303953,0.2997548874844524,151.66666666666578,15.555555555556326,15.555555555556326,-40,-35.2114632945208,0.7335721519691832,0.009782185330676292,0.0,0.0,-9.837946429724909e-13,1.5888218580782548e-14
497,0.25885416666666666,0.03552754549365868,-0.21645704315819375,0.2997543933059936,151.77083333333243,15.486111111111882,15.486111111111882,-40,-34.27237350277585,0.7140077813078302,0.009782185330676292,0.0,0.0,1.2820473849206593e-13,1.4210854715202004e-14
498,0.259375,0.03539782224515497,-0.2164901559210875,0.29975389912753486,151.8749999999991,15.416666666667437,15.416666666667437,-40,-33.33328371103093,0.6944434106464776,0.009782185330676292,0.0,0.0,-5.782301720769212e-13,1.4210854715202004e-14
499,0.2598958333333333,0.03526809899665126,-0.21652326868398125,0.2997534049490761,151.97916666666575,15.347222222222992,15.347222222222992,-40,-32.39419391928598,0.6748790399851246,0.009782185330676292,0.0,0.0,-3.7572549238529263e-13,0.0
500,0.2604166666666667,0.03513837574814755,-0.216556381446875,0.29975291077061733,152.0833333333324,15.277777777778548,15.277777777778548,-40,-31.455104127541063,0.6553146693237721,0.009782185330676292,0.0,0.0,-1.7255467887888898e-13,1.5888218580782548e-14
501,0.2609375,0.03500865249964384,-0.21658949420976875,0.29975241659215857,152.18749999999906,15.208333333334103,15.208333333334103,-40,-30.516014335796143,0.6357502986624196,0.009782185330676292,0.0,0.0,-4.2424223856141197e-13,1.4210854715202004e-14
502,0.26145833333333335,0.03487892925114013,-0.2166226069726625,0.2997519224136998,152.29166666666572,15.138888888889658,15.138888888889658,-40,-29.576924544051195,0.6161859280010665,0.009782185330676292,0.0,0.0,-2.2173755886978341e-13,1.4210854715202004e-14
503,0.26197916666666665,0.034749206002636424,-0.21665571973555625,0.29975142823524104,152.39583333333238,15.069444444445214,15.069444444445214,-40,-28.637834752306276,0.596621557339714,0.009782185330676292,0.0,0.0,-1.8677767665842282e-14,0.0
504,0.2625,0.034619482754132715,-0.21668883249845,0.29975093405678227,152.49999999999903,15.00000000000077,15.00000000000077,-40,-27.698744960561356,0.5770571866783616,0.009782185330676292,0.0,0.0,-2.7025430504590275e-13,7.105427357601002e-15
505,0.2630208333333333,0.034489759505629006,-0.21672194526134375,0.2997504398783235,152.6041666666657,14.930555555556325,14.930555555556325,-40,-26.75965516881641,0.5574928160170085,0.009782185330676292,0.0,0.0,-5.224969762407383e-13,1.4210854715202004e-14
506,0.2635416666666667,0.0343600362571253,-0.2167550580242375,0.29974994569986474,152.70833333333235,14.86111111111188,14.86111111111188,-40,-25.82056537707146,0.5379284453556554,0.009782185330676292,0.0,0.0,1.3475505433735435e-13,1.5888218580782548e-14
507,0.2640625,0.03423031300862159,-0.21678817078713125,0.299749451521406,152.812499999999,14.791666666667435,14.791666666667435,-40,-24.88147558532654,0.5183640746943029,0.009782185330676292,0.0,0.0,-1.0264272071180969e-12,1.4210854715202004e-14
508,0.26458333333333334,0.03410058976011788,-0.216821283550025,0.2997489573429472,152.91666666666566,14.72222222222299,14.72222222222299,-40,-23.94238579358162,0.49879970403295043,0.009782185330676292,0.0,0.0,8.618279701000375e-14,1.4210854715202004e-14
509,0.26510416666666664,0.03397086651161417,-0.21685439631291875,0.29974846316448844,153.02083333333232,14.652777777778546,14.652777777778546,-40,-23.003296001836674,0.47923533337159735,0.009782185330676292,0.0,0.0,-1.6605987418483181e-13,7.105427357601002e-15
510,0.265625,0.03384114326311046,-0.2168875090758125,0.2997479689860297,153.12499999999898,14.583333333334101,14.583333333334101,-40,-22.064206210091754,0.4596709627102449,0.009782185330676292,0.0,0.0,-8.724392736025877e-13,7.105427357601002e-15
511,0.2661458333333333,0.03371142001460675,-0.21692062183870625,0.2997474748075709,153.22916666666563,14.513888888889657,14.513888888889657,-40,-21.125116418346835,0.44010659204889235,0.009782185330676292,0.0,0.0,2.401152193742817e-13,0.0
512,0.26666666666666666,0.03358169676610304,-0.2169537346016,0.29974698062911215,153.3333333333323,14.444444444445212,14.444444444445212,-40,-20.186026626601887,0.4205422213875393,0.009782185330676292,0.0,0.0,-4.66874802707018e-13,0.0
513,0.2671875,0.033451973517599334,-0.21698684736449375,0.2997464864506534,153.43749999999895,14.375000000000767,14.375000000000767,-40,-19.246936834856967,0.4009778507261868,0.009782185330676292,0.0,0.0,-2.637595003518456e-13,1.1479169203741087e-13
514,0.2677083333333333,0.033322250269095625,-0.2170199601273875,0.2997459922721946,153.5416666666656,14.305555555556323,14.305555555556323,-40,-18.30784704311202,0.3814134800648337,0.009782185330676292,0.0,0.0,-9.707495224331453e-13,1.4210854715202004e-14
515,0.2682291666666667,0.033192527020591917,-0.21705307289028125,0.29974549809373585,153.64583333333226,14.236111111111878,14.236111111111878,-40,-17.36875725136707,0.36184910940348064,0.009782185330676292,0.0,0.0,5.959972099178756e-13,7.105427357601002e-15
516,0.26875,0.03306280377208821,-0.217086185653175,0.2997450039152771,153.74999999999892,14.166666666667433,14.166666666667433,-40,-16.42966745962218,0.3422847387421287,0.009782185330676292,0.0,0.0,-5.645744288740318e-13,7.105427357601002e-15
517,0.26927083333333335,0.0329330805235845,-0.21711929841606875,0.2997445097368183,153.85416666666558,14.097222222222989,14.097222222222989,-40,-15.490577667877233,0.32272036808077564,0.009782185330676292,0.0,0.0,-3.620697491824032e-13,7.105427357601002e-15
518,0.26979166666666665,0.03280335727508079,-0.2171524111789625,0.29974401555835956,153.95833333333223,14.027777777778544,14.027777777778544,-40,-14.551487876132285,0.30315599741942256,0.009782185330676292,0.0,0.0,-1.5956506949077465e-13,7.105427357601002e-15
519,0.2703125,0.03267363402657708,-0.21718552394185625,0.2997435213799008,154.0624999999989,13.9583333333341,13.9583333333341,-40,-13.612398084387394,0.2835916267580707,0.009782185330676292,0.0,0.0,-8.653338462449867e-13,7.105427357601002e-15
520,0.2708333333333333,0.03254391077807337,-0.21721863670475,0.299743027201442,154.16666666666555,13.888888888889655,13.888888888889655,-40,-12.673308292642446,0.2640272560967176,0.009782185330676292,0.0,0.0,2.4666553521957013e-13,0.0
521,0.2713541666666667,0.03241418752956966,-0.21725174946764375,0.29974253302298326,154.2708333333322,13.81944444444521,13.81944444444521,-40,-11.734218500897498,0.24446288543536454,0.009782185330676292,0.0,0.0,-5.577135975265435e-15,7.105427357601002e-15
522,0.271875,0.032284464281065954,-0.2172848622305375,0.2997420388445245,154.37499999999886,13.750000000000766,13.750000000000766,-40,-10.795128709152578,0.22489851477401204,0.009782185330676292,0.0,0.0,-7.119842909686369e-13,0.0
523,0.27239583333333334,0.032154741032562245,-0.21731797499343125,0.29974154466606573,154.47916666666552,13.680555555556321,13.680555555556321,-40,-9.85603891740763,0.20533414411265896,0.009782185330676292,0.0,0.0,-9.642269621634725e-13,2.0097183471152322e-14
524,0.27291666666666664,0.032025017784058536,-0.217351087756325,0.29974105048760696,154.58333333333218,13.611111111111876,13.611111111111876,-40,-8.916949125662711,0.18576977345130646,0.009782185330676292,0.0,0.0,6.031026372754766e-13,1.4210854715202004e-14
525,0.2734375,0.03189529453555483,-0.21738420051921875,0.2997405563091482,154.68749999999883,13.541666666667432,13.541666666667432,-40,-7.977859333917792,0.166205402789954,0.009782185330676292,0.0,0.0,-5.580241130287433e-13,7.105427357601002e-15
526,0.2739583333333333,0.03176557128705112,-0.2174173132821125,0.29974006213068943,154.7916666666655,13.472222222222987,13.472222222222987,-40,-7.038769542172844,0.1466410321286009,0.009782185330676292,0.0,0.0,9.922791754934934e-14,1.4210854715202004e-14
527,0.27447916666666666,0.03163584803854741,-0.21745042604500625,0.29973956795223067,154.89583333333215,13.402777777778542,13.402777777778542,-40,-6.099679750427924,0.12707666146724841,0.009782185330676292,0.0,0.0,-6.071792374440221e-13,0.0
528,0.275,0.0315061247900437,-0.2174835388079,0.2997390737737719,154.9999999999988,13.333333333334098,13.333333333334098,-40,-5.160589958683005,0.10751229080589593,0.009782185330676292,0.0,0.0,-8.588251637631217e-13,0.0
529,0.2755208333333333,0.03137640154153999,-0.21751665157079375,0.29973857959531314,155.10416666666546,13.263888888889653,13.263888888889653,-40,-4.221500166938057,0.08794792014454285,0.009782185330676292,0.0,0.0,7.079215685878992e-13,1.4210854715202004e-14
530,0.2760416666666667,0.031246678293036286,-0.2175497643336875,0.29973808541685437,155.20833333333212,13.194444444445208,13.194444444445208,-40,-3.282410375193109,0.06838354948318977,0.00978218533067629,0.0,0.0,-9.085648899898047e-13,7.105427357601002e-15
531,0.2765625,0.03111695504453258,-0.21758287709658125,0.2997375912383956,155.31249999999878,13.125000000000764,13.125000000000764,-40,-2.3433205834481896,0.048819178821837284,0.00978218533067629,0.0,0.0,2.0403123635048814e-13,7.105427357601002e-15
532,0.27708333333333335,0.030987231796028875,-0.217615989859475,0.29973709705993684,155.41666666666544,13.05555555555632,13.05555555555632,-40,-1.4042307917032701,0.029254808160484792,0.00978218533067629,0.0,0.0,-9.571163306354435e-13,0.0
533,0.27760416666666665,0.03085750854752517,-0.21764910262236875,0.2997366028814781,155.5208333333321,12.986111111111875,12.986111111111875,-40,-0.46514099995832225,0.009690437499131713,0.00978218533067629,0.0,0.0,-2.998625653338749e-13,1.4210854715202004e-14
534,0.278125,0.030793255265190222,-0.21766550372030335,0.29973635810971666,155.57242817327347,12.951714551150959,12.951714551150959,-19.812418537487712,-2.842170943040401e-14,2.9328270978438835e-16,0.002399887544302001,0.0,0.0,2.866387682765037e-13,7.105427357601002e-15
535,0.2786458333333333,0.03079325526519022,-0.21766550372030335,0.29973635810971666,155.57242817327347,12.951714551150957,12.951714551150957,-1.2106066823532672e-12,0.0,-0.0,5.691351449103935e-30,0.0,0.0,5.691351449103935e-30,0.0
536,0.2791666666666667,0.03079325526519022,-0.21766550372030335,0.29973635810971666,155.57242817327347,12.951714551150957,12.951714551150957,0.0,0.0,0.0,0.0,0.0,0.0,0.0,0.0
537,0.2796875,0.03079325526519022,-0.21766550372030335,0.29973635810971666,155.57242817327347,12.951714551150957,12.951714551150957,0.0,0.0,0.0,0.0,0.0,0.0,0.0,0.0
538,0.28020833333333334,0.03079325526519022,-0.21766550372030335,0.29973635810971666,155.57242817327347,12.951714551150957,12.951714551150957,0.0,0.0,0.0,0.0,0.0,0.0,0.0,0.0
539,0.28072916666666664,0.03079325526519022,-0.21766550372030335,0.29973635810971666,155.57242817327347,12.951714551150957,12.951714551150957,0.0,0.0,0.0,0.0,0.0,0.0,0.0,0.0
540,0.28125,0.03079325526519022,-0.21766550372030335,0.29973635810971666,155.57242817327347,12.951714551150957,12.951714551150957,0.0,0.0,0.0,0.0,0.0,0.0,0.0,0.0
541,0.2817708333333333,0.03079325526519022,-0.21766550372030335,0.29973635810971666,155.57242817327347,12.951714551150957,12.951714551150957,0.0,0.0,0.0,0.0,0.0,0.0,0.0,0.0
542,0.28229166666666666,0.03079325526519022,-0.21766550372030335,0.29973635810971666,155.57242817327347,12.951714551150957,12.951714551150957,0.0,0.0,0.0,0.0,0.0,0.0,0.0,0.0
543,0.2828125,0.03079325526519022,-0.21766550372030335,0.29973635810971666,155.57242817327347,12.951714551150957,12.951714551150957,0.0,0.0,0.0,0.0,0.0,0.0,0.0,0.0
544,0.2833333333333333,0.03079325526519022,-0.21766550372030335,0.29973635810971666,155.57242817327347,12.951714551150957,12.951714551150957,0.0,0.0,0.0,0.0,0.0,0.0,0.0,0.0
545,0.2838541666666667,0.03079325526519022,-0.21766550372030335,0.29973635810971666,155.57242817327347,12.951714551150957,12.951714551150957,0.0,0.0,0.0,0.0,0.0,0.0,0.0,0.0
546,0.284375,0.03079325526519022,-0.21766550372030335,0.29973635810971666,155.57242817327347,12.951714551150957,12.951714551150957,0.0,0.0,0.0,0.0,0.0,0.0,0.0,0.0
547,0.28489583333333335,0.03079325526519022,-0.21766550372030335,0.29973635810971666,155.57242817327347,12.951714551150957,12.951714551150957,0.0,0.0,0.0,0.0,0.0,0.0,0.0,0.0
548,0.28541666666666665,0.03079325526519022,-0.21766550372030335,0.29973635810971666,155.57242817327347,12.951714551150957,12.951714551150957,0.0,0.0,0.0,0.0,0.0,0.0,0.0,0.0
549,0.2859375,0.03079325526519022,-0.21766550372030335,0.29973635810971666,155.57242817327347,12.951714551150957,12.951714551150957,0.0,0.0,0.0,0.0,0.0,0.0,0.0,0.0
550,0.2864583333333333,0.03079325526519022,-0.21766550372030335,0.29973635810971666,155.57242817327347,12.951714551150957,12.951714551150957,0.0,0.0,0.0,0.0,0.0,0.0,0.0,0.0
551,0.2869791666666667,0.03079325526519022,-0.21766550372030335,0.29973635810971666,155.57242817327347,12.951714551150957,12.951714551150957,0.0,0.0,0.0,0.0,0.0,0.0,0.0,0.0
552,0.2875,0.03079325526519022,-0.21766550372030335,0.29973635810971666,155.57242817327347,12.951714551150957,12.951714551150957,0.0,0.0,0.0,0.0,0.0,0.0,0.0,0.0
553,0.28802083333333334,0.03079325526519022,-0.21766550372030335,0.29973635810971666,155.57242817327347,12.951714551150957,12.951714551150957,0.0,0.0,0.0,0.0,0.0,0.0,0.0,0.0
554,0.28854166666666664,0.03079325526519022,-0.21766550372030335,0.29973635810971666,155.57242817327347,12.951714551150957,12.951714551150957,0.0,0.0,0.0,0.0,0.0,0.0,0.0,0.0
555,0.2890625,0.03079325526519022,-0.21766550372030335,0.29973635810971666,155.57242817327347,12.951714551150957,12.951714551150957,0.0,0.0,0.0,0.0,0.0,0.0,0.0,0.0
556,0.2895833333333333,0.03079325526519022,-0.21766550372030335,0.29973635810971666,155.57242817327347,12.951714551150957,12.951714551150957,0.0,0.0,0.0,0.0,0.0,0.0,0.0,0.0
557,0.29010416666666666,0.03079325526519022,-0.21766550372030335,0.29973635810971666,155.57242817327347,12.951714551150957,12.951714551150957,0.0,0.0,0.0,0.0,0.0,0.0,0.0,0.0
558,0.290625,0.03079325526519022,-0.21766550372030335,0.29973635810971666,155.57242817327347,12.951714551150957,12.951714551150957,0.0,0.0,0.0,0.0,0.0,0.0,0.0,0.0
559,0.2911458333333333,0.03079325526519022,-0.21766550372030335,0.29973635810971666,155.57242817327347,12.951714551150957,12.951714551150957,0.0,0.0,0.0,0.0,0.0,0.0,0.0,0.0
560,0.2916666666666667,0.03079325526519022,-0.21766550372030335,0.29973635810971666,155.57242817327347,12.951714551150957,12.951714551150957,0.0,0.0,0.0,0.0,0.0,0.0,0.0,0.0
561,0.2921875,0.03079325526519022,-0.21766550372030335,0.29973635810971666,155.57242817327347,12.951714551150957,12.951714551150957,0.0,0.0,0.0,0.0,0.0,0.0,0.0,0.0
562,0.29270833333333335,0.03079325526519022,-0.21766550372030335,0.29973635810971666,155.57242817327347,12.951714551150957,12.951714551150957,0.0,0.0,0.0,0.0,0.0,0.0,0.0,0.0
563,0.29322916666666665,0.03079325526519022,-0.21766550372030335,0.29973635810971666,155.57242817327347,12.951714551150957,12.951714551150957,0.0,0.0,0.0,0.0,0.0,0.0,0.0,0.0
564,0.29375,0.03079325526519022,-0.21766550372030335,0.29973635810971666,155.57242817327347,12.951714551150957,12.951714551150957,0.0,0.0,0.0,0.0,0.0,0.0,0.0,0.0
565,0.2942708333333333,0.03079325526519022,-0.21766550372030335,0.29973635810971666,155.57242817327347,12.951714551150957,12.951714551150957,0.0,0.0,0.0,0.0,0.0,0.0,0.0,0.0
566,0.2947916666666667,0.03079325526519022,-0.21766550372030335,0.29973635810971666,155.57242817327347,12.951714551150957,12.951714551150957,0.0,0.0,0.0,0.0,0.0,0.0,0.0,0.0
567,0.2953125,0.03079325526519022,-0.21766550372030335,0.29973635810971666,155.57242817327347,12.951714551150957,12.951714551150957,0.0,0.0,0.0,0.0,0.0,0.0,0.0,0.0
568,0.29583333333333334,0.03079325526519022,-0.21766550372030335,0.29973635810971666,155.57242817327347,12.951714551150957,12.951714551150957,0.0,0.0,0.0,0.0,0.0,0.0,0.0,0.0
569,0.29635416666666664,0.03079325526519022,-0.21766550372030335,0.29973635810971666,155.57242817327347,12.951714551150957,12.951714551150957,0.0,0.0,0.0,0.0,0.0,0.0,0.0,0.0
570,0.296875,0.03079325526519022,-0.21766550372030335,0.29973635810971666,155.57242817327347,12.951714551150957,12.951714551150957,0.0,0.0,0.0,0.0,0.0,0.0,0.0,0.0
571,0.2973958333333333,0.03079325526519022,-0.21766550372030335,0.29973635810971666,155.57242817327347,12.951714551150957,12.951714551150957,0.0,0.0,0.0,0.0,0.0,0.0,0.0,0.0
572,0.29791666666666666,0.03079325526519022,-0.21766550372030335,0.29973635810971666,155.57242817327347,12.951714551150957,12.951714551150957,0.0,0.0,0.0,0.0,0.0,0.0,0.0,0.0
573,0.2984375,0.03079325526519022,-0.21766550372030335,0.29973635810971666,155.57242817327347,12.951714551150957,12.951714551150957,0.0,0.0,0.0,0.0,0.0,0.0,0.0,0.0
574,0.2989583333333333,0.03079325526519022,-0.21766550372030335,0.29973635810971666,155.57242817327347,12.951714551150957,12.951714551150957,0.0,0.0,0.0,0.0,0.0,0.0,0.0,0.0
575,0.2994791666666667,0.03079325526519022,-0.21766550372030335,0.29973635810971666,155.57242817327347,12.951714551150957,12.951714551150957,0.0,0.0,0.0,0.0,0.0,0.0,0.0,0.0
576,0.3,0.03079325526519022,-0.21766550372030335,0.29973635810971666,155.57242817327347,12.951714551150957,12.951714551150957,0.0,0.0,0.0,0.0,0.0,0.0,0.0,0.0
577,0.30052083333333335,0.03079325526519022,-0.21766550372030335,0.29973635810971666,155.57242817327347,12.951714551150957,12.951714551150957,0.0,0.0,0.0,0.0,0.0,0.0,0.0,0.0
578,0.30104166666666665,0.03079325526519022,-0.21766550372030335,0.29973635810971666,155.57242817327347,12.951714551150957,12.951714551150957,0.0,0.0,0.0,0.0,0.0,0.0,0.0,0.0
579,0.3015625,0.03079325526519022,-0.21766550372030335,0.29973635810971666,155.57242817327347,12.951714551150957,12.951714551150957,0.0,0.0,0.0,0.0,0.0,0.0,0.0,0.0
580,0.3020833333333333,0.03079325526519022,-0.21766550372030335,0.29973635810971666,155.57242817327347,12.951714551150957,12.951714551150957,0.0,0.0,0.0,0.0,0.0,0.0,0.0,0.0
581,0.3026041666666667,0.03079325526519022,-0.21766550372030335,0.29973635810971666,155.57242817327347,12.951714551150957,12.951714551150957,0.0,0.0,0.0,0.0,0.0,0.0,0.0,0.0
582,0.303125,0.03079325526519022,-0.21766550372030335,0.29973635810971666,155.57242817327347,12.951714551150957,12.951714551150957,0.0,0.0,0.0,0.0,0.0,0.0,0.0,0.0
583,0.30364583333333334,0.03079325526519022,-0.21766550372030335,0.29973635810971666,155.57242817327347,12.951714551150957,12.951714551150957,0.0,0.0,0.0,0.0,0.0,0.0,0.0,0.0
584,0.30416666666666664,0.03079325526519022,-0.21766550372030335,0.29973635810971666,155.57242817327347,12.951714551150957,12.951714551150957,0.0,0.0,0.0,0.0,0.0,0.0,0.0,0.0
585,0.3046875,0.03079325526519022,-0.21766550372030335,0.29973635810971666,155.57242817327347,12.951714551150957,12.951714551150957,0.0,0.0,0.0,0.0,0.0,0.0,0.0,0.0
586,0.3052083333333333,0.03079325526519022,-0.21766550372030335,0.29973635810971666,155.57242817327347,12.951714551150957,12.951714551150957,0.0,0.0,0.0,0.0,0.0,0.0,0.0,0.0
587,0.30572916666666666,0.03079325526519022,-0.21766550372030335,0.29973635810971666,155.57242817327347,12.951714551150957,12.951714551150957,0.0,0.0,0.0,0.0,0.0,0.0,0.0,0.0
588,0.30625,0.03079325526519022,-0.21766550372030335,0.29973635810971666,155.57242817327347,12.951714551150957,12.951714551150957,0.0,0.0,0.0,0.0,0.0,0.0,0.0,0.0
589,0.3067708333333333,0.03079325526519022,-0.21766550372030335,0.29973635810971666,155.57242817327347,12.951714551150957,12.951714551150957,0.0,0.0,0.0,0.0,0.0,0.0,0.0,0.0
590,0.3072916666666667,0.03079325526519022,-0.21766550372030335,0.29973635810971666,155.57242817327347,12.951714551150957,12.951714551150957,0.0,0.0,0.0,0.0,0.0,0.0,0.0,0.0
591,0.3078125,0.03079325526519022,-0.21766550372030335,0.29973635810971666,155.57242817327347,12.951714551150957,12.951714551150957,0.0,0.0,0.0,0.0,0.0,0.0,0.0,0.0
592,0.30833333333333335,0.03079325526519022,-0.21766550372030335,0.29973635810971666,155.57242817327347,12.951714551150957,12.951714551150957,0.0,0.0,0.0,0.0,0.0,0.0,0.0,0.0
593,0.30885416666666665,0.03079325526519022,-0.21766550372030335,0.29973635810971666,155.57242817327347,12.951714551150957,12.951714551150957,0.0,0.0,0.0,0.0,0.0,0.0,0.0,0.0
594,0.309375,0.03079325526519022,-0.21766550372030335,0.29973635810971666,155.57242817327347,12.951714551150957,12.951714551150957,0.0,0.0,0.0,0.0,0.0,0.0,0.0,0.0
595,0.3098958333333333,0.03079325526519022,-0.21766550372030335,0.29973635810971666,155.57242817327347,12.951714551150957,12.951714551150957,0.0,0.0,0.0,0.0,0.0,0.0,0.0,0.0
596,0.3104166666666667,0.03079325526519022,-0.21766550372030335,0.29973635810971666,155.57242817327347,12.951714551150957,12.951714551150957,0.0,0.0,0.0,0.0,0.0,0.0,0.0,0.0
597,0.3109375,0.03079325526519022,-0.21766550372030335,0.29973635810971666,155.57242817327347,12.951714551150957,12.951714551150957,0.0,0.0,0.0,0.0,0.0,0.0,0.0,0.0
598,0.31145833333333334,0.03079325526519022,-0.21766550372030335,0.29973635810971666,155.57242817327347,12.951714551150957,12.951714551150957,0.0,0.0,0.0,0.0,0.0,0.0,0.0,0.0
599,0.31197916666666664,0.03079325526519022,-0.21766550372030335,0.29973635810971666,155.57242817327347,12.951714551150957,12.951714551150957,0.0,0.0,0.0,0.0,0.0,0.0,0.0,0.0
600,0.3125,0.03079325526519022,-0.21766550372030335,0.29973635810971666,155.57242817327347,12.951714551150957,12.951714551150957,0.0,0.0,0.0,0.0,0.0,0.0,0.0,0.0
601,0.3130208333333333,0.03079325526519022,-0.21766550372030335,0.29973635810971666,155.57242817327347,12.951714551150957,12.951714551150957,0.0,0.0,0.0,0.0,0.0,0.0,0.0,0.0
602,0.31354166666666666,0.03079325526519022,-0.21766550372030335,0.29973635810971666,155.57242817327347,12.951714551150957,12.951714551150957,0.0,0.0,0.0,0.0,0.0,0.0,0.0,0.0
603,0.3140625,0.03079325526519022,-0.21766550372030335,0.29973635810971666,155.57242817327347,12.951714551150957,12.951714551150957,0.0,0.0,0.0,0.0,0.0,0.0,0.0,0.0
604,0.3145833333333333,0.03079325526519022,-0.21766550372030335,0.29973635810971666,155.57242817327347,12.951714551150957,12.951714551150957,0.0,0.0,0.0,0.0,0.0,0.0,0.0,0.0
605,0.3151041666666667,0.03079325526519022,-0.21766550372030335,0.29973635810971666,155.57242817327347,12.951714551150957,12.951714551150957,0.0,0.0,0.0,0.0,0.0,0.0,0.0,0.0
606,0.315625,0.03079325526519022,-0.21766550372030335,0.29973635810971666,155.57242817327347,12.951714551150957,12.951714551150957,0.0,0.0,0.0,0.0,0.0,0.0,0.0,0.0
607,0.31614583333333335,0.03079325526519022,-0.21766550372030335,0.29973635810971666,155.57242817327347,12.951714551150957,12.951714551150957,0.0,0.0,0.0,0.0,0.0,0.0,0.0,0.0
608,0.31666666666666665,0.03079325526519022,-0.21766550372030335,0.29973635810971666,155.57242817327347,12.951714551150957,12.951714551150957,0.0,0.0,0.0,0.0,0.0,0.0,0.0,0.0
609,0.3171875,0.03079325526519022,-0.21766550372030335,0.29973635810971666,155.57242817327347,12.951714551150957,12.951714551150957,0.0,0.0,0.0,0.0,0.0,0.0,0.0,0.0
610,0.3177083333333333,0.03079325526519022,-0.21766550372030335,0.29973635810971666,155.57242817327347,12.951714551150957,12.951714551150957,0.0,0.0,0.0,0.0,0.0,0.0,0.0,0.0
611,0.3182291666666667,0.03079325526519022,-0.21766550372030335,0.29973635810971666,155.57242817327347,12.951714551150957,12.951714551150957,0.0,0.0,0.0,0.0,0.0,0.0,0.0,0.0
612,0.31875,0.03079325526519022,-0.21766550372030335,0.29973635810971666,155.57242817327347,12.951714551150957,12.951714551150957,0.0,0.0,0.0,0.0,0.0,0.0,0.0,0.0
613,0.31927083333333334,0.03079325526519022,-0.21766550372030335,0.29973635810971666,155.57242817327347,12.951714551150957,12.951714551150957,0.0,0.0,0.0,0.0,0.0,0.0,0.0,0.0
614,0.31979166666666664,0.03079325526519022,-0.21766550372030335,0.29973635810971666,155.57242817327347,12.951714551150957,12.951714551150957,0.0,0.0,0.0,0.0,0.0,0.0,0.0,0.0
615,0.3203125,0.03079325526519022,-0.21766550372030335,0.29973635810971666,155.57242817327347,12.951714551150957,12.951714551150957,0.0,0.0,0.0,0.0,0.0,0.0,0.0,0.0
616,0.3208333333333333,0.03079325526519022,-0.21766550372030335,0.29973635810971666,155.57242817327347,12.951714551150957,12.951714551150957,0.0,0.0,0.0,0.0,0.0,0.0,0.0,0.0
617,0.32135416666666666,0.03079325526519022,-0.21766550372030335,0.29973635810971666,155.57242817327347,12.951714551150957,12.951714551150957,0.0,0.0,0.0,0.0,0.0,0.0,0.0,0.0
618,0.321875,0.03079325526519022,-0.21766550372030335,0.29973635810971666,155.57242817327347,12.951714551150957,12.951714551150957,0.0,0.0,0.0,0.0,0.0,0.0,0.0,0.0
619,0.3223958333333333,0.03079325526519022,-0.21766550372030335,0.29973635810971666,155.57242817327347,12.951714551150957,12.951714551150957,0.0,0.0,0.0,0.0,0.0,0.0,0.0,0.0
620,0.3229166666666667,0.03079325526519022,-0.21766550372030335,0.29973635810971666,155.57242817327347,12.951714551150957,12.951714551150957,0.0,0.0,0.0,0.0,0.0,0.0,0.0,0.0
621,0.3234375,0.03079325526519022,-0.21766550372030335,0.29973635810971666,155.57242817327347,12.951714551150957,12.951714551150957,0.0,0.0,0.0,0.0,0.0,0.0,0.0,0.0
622,0.32395833333333335,0.03079325526519022,-0.21766550372030335,0.29973635810971666,155.57242817327347,12.951714551150957,12.951714551150957,0.0,0.0,0.0,0.0,0.0,0.0,0.0,0.0
623,0.32447916666666665,0.03079325526519022,-0.21766550372030335,0.29973635810971666,155.57242817327347,12.951714551150957,12.951714551150957,0.0,0.0,0.0,0.0,0.0,0.0,0.0,0.0
624,0.325,0.03079325526519022,-0.21766550372030335,0.29973635810971666,155.57242817327347,12.951714551150957,12.951714551150957,0.0,0.0,0.0,0.0,0.0,0.0,0.0,0.0
625,0.3255208333333333,0.03079325526519022,-0.21766550372030335,0.29973635810971666,155.57242817327347,12.951714551150957,12.951714551150957,0.0,0.0,0.0,0.0,0.0,0.0,0.0,0.0
626,0.3260416666666667,0.03079325526519022,-0.21766550372030335,0.29973635810971666,155.57242817327347,12.951714551150957,12.951714551150957,0.0,0.0,0.0,0.0,0.0,0.0,0.0,0.0
627,0.3265625,0.03079325526519022,-0.21766550372030335,0.29973635810971666,155.57242817327347,12.951714551150957,12.951714551150957,0.0,0.0,0.0,0.0,0.0,0.0,0.0,0.0
628,0.32708333333333334,0.03079325526519022,-0.21766550372030335,0.29973635810971666,155.57242817327347,12.951714551150957,12.951714551150957,0.0,0.0,0.0,0.0,0.0,0.0,0.0,0.0
629,0.32760416666666664,0.03079325526519022,-0.21766550372030335,0.29973635810971666,155.57242817327347,12.951714551150957,12.951714551150957,0.0,0.0,0.0,0.0,0.0,0.0,0.0,0.0
630,0.328125,0.03079325526519022,-0.21766550372030335,0.29973635810971666,155.57242817327347,12.951714551150957,12.951714551150957,0.0,0.0,0.0,0.0,0.0,0.0,0.0,0.0
631,0.3286458333333333,0.03079325526519022,-0.21766550372030335,0.29973635810971666,155.57242817327347,12.951714551150957,12.951714551150957,0.0,0.0,0.0,0.0,0.0,0.0,0.0,0.0
632,0.32916666666666666,0.03079325526519022,-0.21766550372030335,0.29973635810971666,155.57242817327347,12.951714551150957,12.951714551150957,0.0,0.0,0.0,0.0,0.0,0.0,0.0,0.0
633,0.3296875,0.03079325526519022,-0.21766550372030335,0.29973635810971666,155.57242817327347,12.951714551150957,12.951714551150957,0.0,0.0,0.0,0.0,0.0,0.0,0.0,0.0
634,0.3302083333333333,0.03079325526519022,-0.21766550372030335,0.29973635810971666,155.57242817327347,12.951714551150957,12.951714551150957,0.0,0.0,0.0,0.0,0.0,0.0,0.0,0.0
635,0.3307291666666667,0.03079325526519022,-0.21766550372030335,0.29973635810971666,155.57242817327347,12.951714551150957,12.951714551150957,0.0,0.0,0.0,0.0,0.0,0.0,0.0,0.0
636,0.33125,0.03079325526519022,-0.21766550372030335,0.29973635810971666,155.57242817327347,12.951714551150957,12.951714551150957,0.0,0.0,0.0,0.0,0.0,0.0,0.0,0.0
637,0.33177083333333335,0.03079325526519022,-0.21766550372030335,0.29973635810971666,155.57242817327347,12.951714551150957,12.951714551150957,0.0,0.0,0.0,0.0,0.0,0.0,0.0,0.0
638,0.33229166666666665,0.03079325526519022,-0.21766550372030335,0.29973635810971666,155.57242817327347,12.951714551150957,12.951714551150957,0.0,0.0,0.0,0.0,0.0,0.0,0.0,0.0
639,0.3328125,0.03079325526519022,-0.21766550372030335,0.29973635810971666,155.57242817327347,12.951714551150957,12.951714551150957,0.0,0.0,0.0,0.0,0.0,0.0,0.0,0.0
640,0.3333333333333333,0.03079325526519022,-0.21766550372030335,0.29973635810971666,155.57242817327347,12.951714551150957,12.951714551150957,0.0,0.0,0.0,0.0,0.0,0.0,0.0,0.0
641,0.3338541666666667,0.03079325526519022,-0.21766550372030335,0.29973635810971666,155.57242817327347,12.951714551150957,12.951714551150957,0.0,0.0,0.0,0.0,0.0,0.0,0.0,0.0
642,0.334375,0.03079325526519022,-0.21766550372030335,0.29973635810971666,155.57242817327347,12.951714551150957,12.951714551150957,0.0,0.0,0.0,0.0,0.0,0.0,0.0,0.0
643,0.33489583333333334,0.03079325526519022,-0.21766550372030335,0.29973635810971666,155.57242817327347,12.951714551150957,12.951714551150957,0.0,0.0,0.0,0.0,0.0,0.0,0.0,0.0
644,0.33541666666666664,0.03079325526519022,-0.21766550372030335,0.29973635810971666,155.57242817327347,12.951714551150957,12.951714551150957,0.0,0.0,0.0,0.0,0.0,0.0,0.0,0.0
645,0.3359375,0.03079325526519022,-0.21766550372030335,0.29973635810971666,155.57242817327347,12.951714551150957,12.951714551150957,0.0,0.0,0.0,0.0,0.0,0.0,0.0,0.0
646,0.3364583333333333,0.03079325526519022,-0.21766550372030335,0.29973635810971666,155.57242817327347,12.951714551150957,12.951714551150957,0.0,0.0,0.0,0.0,0.0,0.0,0.0,0.0
647,0.33697916666666666,0.03079325526519022,-0.21766550372030335,0.29973635810971666,155.57242817327347,12.951714551150957,12.951714551150957,0.0,0.0,0.0,0.0,0.0,0.0,0.0,0.0
648,0.3375,0.03079325526519022,-0.21766550372030335,0.29973635810971666,155.57242817327347,12.951714551150957,12.951714551150957,0.0,0.0,0.0,0.0,0.0,0.0,0.0,0.0
649,0.3380208333333333,0.03079325526519022,-0.21766550372030335,0.29973635810971666,155.57242817327347,12.951714551150957,12.951714551150957,0.0,0.0,0.0,0.0,0.0,0.0,0.0,0.0
650,0.3385416666666667,0.03079325526519022,-0.21766550372030335,0.29973635810971666,155.57242817327347,12.951714551150957,12.951714551150957,0.0,0.0,0.0,0.0,0.0,0.0,0.0,0.0
651,0.3390625,0.03079325526519022,-0.21766550372030335,0.29973635810971666,155.57242817327347,12.951714551150957,12.951714551150957,0.0,0.0,0.0,0.0,0.0,0.0,0.0,0.0
652,0.33958333333333335,0.03079325526519022,-0.21766550372030335,0.29973635810971666,155.57242817327347,12.951714551150957,12.951714551150957,0.0,0.0,0.0,0.0,0.0,0.0,0.0,0.0
653,0.34010416666666665,0.03079325526519022,-0.21766550372030335,0.29973635810971666,155.57242817327347,12.951714551150957,12.951714551150957,0.0,0.0,0.0,0.0,0.0,0.0,0.0,0.0
654,0.340625,0.03079325526519022,-0.21766550372030335,0.29973635810971666,155.57242817327347,12.951714551150957,12.951714551150957,0.0,0.0,0.0,0.0,0.0,0.0,0.0,0.0
655,0.3411458333333333,0.03079325526519022,-0.21766550372030335,0.29973635810971666,155.57242817327347,12.951714551150957,12.951714551150957,0.0,0.0,0.0,0.0,0.0,0.0,0.0,0.0
656,0.3416666666666667,0.03079325526519022,-0.21766550372030335,0.29973635810971666,155.57242817327347,12.951714551150957,12.951714551150957,0.0,0.0,0.0,0.0,0.0,0.0,0.0,0.0
657,0.3421875,0.03079325526519022,-0.21766550372030335,0.29973635810971666,155.57242817327347,12.951714551150957,12.951714551150957,0.0,0.0,0.0,0.0,0.0,0.0,0.0,0.0
658,0.34270833333333334,0.03079325526519022,-0.21766550372030335,0.29973635810971666,155.57242817327347,12.951714551150957,12.951714551150957,0.0,0.0,0.0,0.0,0.0,0.0,0.0,0.0
659,0.34322916666666664,0.03079325526519022,-0.21766550372030335,0.29973635810971666,155.57242817327347,12.951714551150957,12.951714551150957,0.0,0.0,0.0,0.0,0.0,0.0,0.0,0.0
660,0.34375,0.03079325526519022,-0.21766550372030335,0.29973635810971666,155.57242817327347,12.951714551150957,12.951714551150957,0.0,0.0,0.0,0.0,0.0,0.0,0.0,0.0
661,0.3442708333333333,0.03079325526519022,-0.21766550372030335,0.29973635810971666,155.57242817327347,12.951714551150957,12.951714551150957,0.0,0.0,0.0,0.0,0.0,0.0,0.0,0.0
662,0.34479166666666666,0.03079325526519022,-0.21766550372030335,0.29973635810971666,155.57242817327347,12.951714551150957,12.951714551150957,0.0,0.0,0.0,0.0,0.0,0.0,0.0,0.0
663,0.3453125,0.03079325526519022,-0.21766550372030335,0.29973635810971666,155.57242817327347,12.951714551150957,12.951714551150957,0.0,0.0,0.0,0.0,0.0,0.0,0.0,0.0
664,0.3458333333333333,0.03079325526519022,-0.21766550372030335,0.29973635810971666,155.57242817327347,12.951714551150957,12.951714551150957,0.0,0.0,0.0,0.0,0.0,0.0,0.0,0.0
665,0.3463541666666667,0.03079325526519022,-0.21766550372030335,0.29973635810971666,155.57242817327347,12.951714551150957,12.951714551150957,0.0,0.0,0.0,0.0,0.0,0.0,0.0,0.0
666,0.346875,0.03079325526519022,-0.21766550372030335,0.29973635810971666,155.57242817327347,12.951714551150957,12.951714551150957,0.0,0.0,0.0,0.0,0.0,0.0,0.0,0.0
667,0.34739583333333335,0.03079325526519022,-0.21766550372030335,0.29973635810971666,155.57242817327347,12.951714551150957,12.951714551150957,0.0,0.0,0.0,0.0,0.0,0.0,0.0,0.0
668,0.34791666666666665,0.03079325526519022,-0.21766550372030335,0.29973635810971666,155.57242817327347,12.951714551150957,12.951714551150957,0.0,0.0,0.0,0.0,0.0,0.0,0.0,0.0
669,0.3484375,0.03079325526519022,-0.21766550372030335,0.29973635810971666,155.57242817327347,12.951714551150957,12.951714551150957,0.0,0.0,0.0,0.0,0.0,0.0,0.0,0.0
670,0.3489583333333333,0.03079325526519022,-0.21766550372030335,0.29973635810971666,155.57242817327347,12.951714551150957,12.951714551150957,0.0,0.0,0.0,0.0,0.0,0.0,0.0,0.0
671,0.3494791666666667,0.03079325526519022,-0.21766550372030335,0.29973635810971666,155.57242817327347,12.951714551150957,12.951714551150957,0.0,0.0,0.0,0.0,0.0,0.0,0.0,0.0
672,0.35,0.03079325526519022,-0.21766550372030335,0.29973635810971666,155.57242817327347,12.951714551150957,12.951714551150957,0.0,0.0,0.0,0.0,0.0,0.0,0.0,0.0
673,0.35052083333333334,0.03079325526519022,-0.21766550372030335,0.29973635810971666,155.57242817327347,12.951714551150957,12.951714551150957,0.0,0.0,0.0,0.0,0.0,0.0,0.0,0.0
674,0.35104166666666664,0.03079325526519022,-0.21766550372030335,0.29973635810971666,155.57242817327347,12.951714551150957,12.951714551150957,0.0,0.0,0.0,0.0,0.0,0.0,0.0,0.0
675,0.3515625,0.03079325526519022,-0.21766550372030335,0.29973635810971666,155.57242817327347,12.951714551150957,12.951714551150957,0.0,0.0,0.0,0.0,0.0,0.0,0.0,0.0
676,0.3520833333333333,0.03079325526519022,-0.21766550372030335,0.29973635810971666,155.57242817327347,12.951714551150957,12.951714551150957,0.0,0.0,0.0,0.0,0.0,0.0,0.0,0.0
677,0.35260416666666666,0.03079325526519022,-0.21766550372030335,0.29973635810971666,155.57242817327347,12.951714551150957,12.951714551150957,0.0,0.0,0.0,0.0,0.0,0.0,0.0,0.0
678,0.353125,0.03079325526519022,-0.21766550372030335,0.29973635810971666,155.57242817327347,12.951714551150957,12.951714551150957,0.0,0.0,0.0,0.0,0.0,0.0,0.0,0.0
679,0.3536458333333333,0.03079325526519022,-0.21766550372030335,0.29973635810971666,155.57242817327347,12.951714551150957,12.951714551150957,0.0,0.0,0.0,0.0,0.0,0.0,0.0,0.0
680,0.3541666666666667,0.03079325526519022,-0.21766550372030335,0.29973635810971666,155.57242817327347,12.951714551150957,12.951714551150957,0.0,0.0,0.0,0.0,0.0,0.0,0.0,0.0
681,0.3546875,0.03079325526519022,-0.21766550372030335,0.29973635810971666,155.57242817327347,12.951714551150957,12.951714551150957,0.0,0.0,0.0,0.0,0.0,0.0,0.0,0.0
682,0.35520833333333335,0.03079325526519022,-0.21766550372030335,0.29973635810971666,155.57242817327347,12.951714551150957,12.951714551150957,0.0,0.0,0.0,0.0,0.0,0.0,0.0,0.0
683,0.35572916666666665,0.03079325526519022,-0.21766550372030335,0.29973635810971666,155.57242817327347,12.951714551150957,12.951714551150957,0.0,0.0,0.0,0.0,0.0,0.0,0.0,0.0
684,0.35625,0.03079325526519022,-0.21766550372030335,0.29973635810971666,155.57242817327347,12.951714551150957,12.951714551150957,0.0,0.0,0.0,0.0,0.0,0.0,0.0,0.0
685,0.3567708333333333,0.03079325526519022,-0.21766550372030335,0.29973635810971666,155.57242817327347,12.951714551150957,12.951714551150957,0.0,0.0,0.0,0.0,0.0,0.0,0.0,0.0
686,0.3572916666666667,0.03079325526519022,-0.21766550372030335,0.29973635810971666,155.57242817327347,12.951714551150957,12.951714551150957,0.0,0.0,0.0,0.0,0.0,0.0,0.0,0.0
687,0.3578125,0.03079325526519022,-0.21766550372030335,0.29973635810971666,155.57242817327347,12.951714551150957,12.951714551150957,0.0,0.0,0.0,0.0,0.0,0.0,0.0,0.0
688,0.35833333333333334,0.03079325526519022,-0.21766550372030335,0.29973635810971666,155.57242817327347,12.951714551150957,12.951714551150957,0.0,0.0,0.0,0.0,0.0,0.0,0.0,0.0
689,0.35885416666666664,0.03079325526519022,-0.21766550372030335,0.29973635810971666,155.57242817327347,12.951714551150957,12.951714551150957,0.0,0.0,0.0,0.0,0.0,0.0,0.0,0.0
690,0.359375,0.03079325526519022,-0.21766550372030335,0.29973635810971666,155.57242817327347,12.951714551150957,12.951714551150957,0.0,0.0,0.0,0.0,0.0,0.0,0.0,0.0
691,0.3598958333333333,0.03079325526519022,-0.21766550372030335,0.29973635810971666,155.57242817327347,12.951714551150957,12.951714551150957,0.0,0.0,0.0,0.0,0.0,0.0,0.0,0.0
692,0.36041666666666666,0.03079325526519022,-0.21766550372030335,0.29973635810971666,155.57242817327347,12.951714551150957,12.951714551150957,0.0,0.0,0.0,0.0,0.0,0.0,0.0,0.0
693,0.3609375,0.03079325526519022,-0.21766550372030335,0.29973635810971666,155.57242817327347,12.951714551150957,12.951714551150957,0.0,0.0,0.0,0.0,0.0,0.0,0.0,0.0
694,0.3614583333333333,0.03079325526519022,-0.21766550372030335,0.29973635810971666,155.57242817327347,12.951714551150957,12.951714551150957,0.0,0.0,0.0,0.0,0.0,0.0,0.0,0.0
695,0.3619791666666667,0.03079325526519022,-0.21766550372030335,0.29973635810971666,155.57242817327347,12.951714551150957,12.951714551150957,0.0,0.0,0.0,0.0,0.0,0.0,0.0,0.0
696,0.3625,0.03079325526519022,-0.21766550372030335,0.29973635810971666,155.57242817327347,12.951714551150957,12.951714551150957,0.0,0.0,0.0,0.0,0.0,0.0,0.0,0.0
697,0.36302083333333335,0.03079325526519022,-0.21766550372030335,0.29973635810971666,155.57242817327347,12.951714551150957,12.951714551150957,0.0,0.0,0.0,0.0,0.0,0.0,0.0,0.0
698,0.36354166666666665,0.03079325526519022,-0.21766550372030335,0.29973635810971666,155.57242817327347,12.951714551150957,12.951714551150957,0.0,0.0,0.0,0.0,0.0,0.0,0.0,0.0
699,0.3640625,0.03079325526519022,-0.21766550372030335,0.29973635810971666,155.57242817327347,12.951714551150957,12.951714551150957,0.0,0.0,0.0,0.0,0.0,0.0,0.0,0.0
700,0.3645833333333333,0.03079325526519022,-0.21766550372030335,0.29973635810971666,155.57242817327347,12.951714551150957,12.951714551150957,0.0,0.0,0.0,0.0,0.0,0.0,0.0,0.0
701,0.3651041666666667,0.03079325526519022,-0.21766550372030335,0.29973635810971666,155.57242817327347,12.951714551150957,12.951714551150957,0.0,0.0,0.0,0.0,0.0,0.0,0.0,0.0
702,0.365625,0.03079325526519022,-0.21766550372030335,0.29973635810971666,155.57242817327347,12.951714551150957,12.951714551150957,0.0,0.0,0.0,0.0,0.0,0.0,0.0,0.0
703,0.36614583333333334,0.03079325526519022,-0.21766550372030335,0.29973635810971666,155.57242817327347,12.951714551150957,12.951714551150957,0.0,0.0,0.0,0.0,0.0,0.0,0.0,0.0
704,0.36666666666666664,0.03079325526519022,-0.21766550372030335,0.29973635810971666,155.57242817327347,12.951714551150957,12.951714551150957,0.0,0.0,0.0,0.0,0.0,0.0,0.0,0.0
705,0.3671875,0.03079325526519022,-0.21766550372030335,0.29973635810971666,155.57242817327347,12.951714551150957,12.951714551150957,0.0,0.0,0.0,0.0,0.0,0.0,0.0,0.0
706,0.3677083333333333,0.03079325526519022,-0.21766550372030335,0.29973635810971666,155.57242817327347,12.951714551150957,12.951714551150957,0.0,0.0,0.0,0.0,0.0,0.0,0.0,0.0
707,0.36822916666666666,0.03079325526519022,-0.21766550372030335,0.29973635810971666,155.57242817327347,12.951714551150957,12.951714551150957,0.0,0.0,0.0,0.0,0.0,0.0,0.0,0.0
708,0.36875,0.03079325526519022,-0.21766550372030335,0.29973635810971666,155.57242817327347,12.951714551150957,12.951714551150957,0.0,0.0,0.0,0.0,0.0,0.0,0.0,0.0
709,0.3692708333333333,0.03079325526519022,-0.21766550372030335,0.29973635810971666,155.57242817327347,12.951714551150957,12.951714551150957,0.0,0.0,0.0,0.0,0.0,0.0,0.0,0.0
710,0.3697916666666667,0.03079325526519022,-0.21766550372030335,0.29973635810971666,155.57242817327347,12.951714551150957,12.951714551150957,0.0,0.0,0.0,0.0,0.0,0.0,0.0,0.0
711,0.3703125,0.03079325526519022,-0.21766550372030335,0.29973635810971666,155.57242817327347,12.951714551150957,12.951714551150957,0.0,0.0,0.0,0.0,0.0,0.0,0.0,0.0
712,0.37083333333333335,0.03079325526519022,-0.21766550372030335,0.29973635810971666,155.57242817327347,12.951714551150957,12.951714551150957,0.0,0.0,0.0,0.0,0.0,0.0,0.0,0.0
713,0.37135416666666665,0.03079325526519022,-0.21766550372030335,0.29973635810971666,155.57242817327347,12.951714551150957,12.951714551150957,0.0,0.0,0.0,0.0,0.0,0.0,0.0,0.0
714,0.371875,0.03079325526519022,-0.21766550372030335,0.29973635810971666,155.57242817327347,12.951714551150957,12.951714551150957,0.0,0.0,0.0,0.0,0.0,0.0,0.0,0.0
715,0.3723958333333333,0.03079325526519022,-0.21766550372030335,0.29973635810971666,155.57242817327347,12.951714551150957,12.951714551150957,0.0,0.0,0.0,0.0,0.0,0.0,0.0,0.0
716,0.3729166666666667,0.03079325526519022,-0.21766550372030335,0.29973635810971666,155.57242817327347,12.951714551150957,12.951714551150957,0.0,0.0,0.0,0.0,0.0,0.0,0.0,0.0
717,0.3734375,0.03079325526519022,-0.21766550372030335,0.29973635810971666,155.57242817327347,12.951714551150957,12.951714551150957,0.0,0.0,0.0,0.0,0.0,0.0,0.0,0.0
718,0.37395833333333334,0.03079325526519022,-0.21766550372030335,0.29973635810971666,155.57242817327347,12.951714551150957,12.951714551150957,0.0,0.0,0.0,0.0,0.0,0.0,0.0,0.0
719,0.37447916666666664,0.03079325526519022,-0.21766550372030335,0.29973635810971666,155.57242817327347,12.951714551150957,12.951714551150957,0.0,0.0,0.0,0.0,0.0,0.0,0.0,0.0
720,0.375,0.03079325526519022,-0.21766550372030335,0.29973635810971666,155.57242817327347,12.951714551150957,12.951714551150957,0.0,0.0,0.0,0.0,0.0,0.0,0.0,0.0
721,0.3755208333333333,0.03079325526519022,-0.21766550372030335,0.29973635810971666,155.57242817327347,12.951714551150957,12.951714551150957,0.0,0.0,0.0,0.0,0.0,0.0,0.0,0.0
722,0.37604166666666666,0.03079325526519022,-0.21766550372030335,0.29973635810971666,155.57242817327347,12.951714551150957,12.951714551150957,0.0,0.0,0.0,0.0,0.0,0.0,0.0,0.0
723,0.3765625,0.03079325526519022,-0.21766550372030335,0.29973635810971666,155.57242817327347,12.951714551150957,12.951714551150957,0.0,0.0,0.0,0.0,0.0,0.0,0.0,0.0
724,0.3770833333333333,0.03079325526519022,-0.21766550372030335,0.29973635810971666,155.57242817327347,12.951714551150957,12.951714551150957,0.0,0.0,0.0,0.0,0.0,0.0,0.0,0.0
725,0.3776041666666667,0.03079325526519022,-0.21766550372030335,0.29973635810971666,155.57242817327347,12.951714551150957,12.951714551150957,0.0,0.0,0.0,0.0,0.0,0.0,0.0,0.0
726,0.378125,0.03079325526519022,-0.21766550372030335,0.29973635810971666,155.57242817327347,12.951714551150957,12.951714551150957,0.0,0.0,0.0,0.0,0.0,0.0,0.0,0.0
727,0.37864583333333335,0.03079325526519022,-0.21766550372030335,0.29973635810971666,155.57242817327347,12.951714551150957,12.951714551150957,0.0,0.0,0.0,0.0,0.0,0.0,0.0,0.0
728,0.37916666666666665,0.03079325526519022,-0.21766550372030335,0.29973635810971666,155.57242817327347,12.951714551150957,12.951714551150957,0.0,0.0,0.0,0.0,0.0,0.0,0.0,0.0
729,0.3796875,0.03079325526519022,-0.21766550372030335,0.29973635810971666,155.57242817327347,12.951714551150957,12.951714551150957,0.0,0.0,0.0,0.0,0.0,0.0,0.0,0.0
730,0.3802083333333333,0.03079325526519022,-0.21766550372030335,0.29973635810971666,155.57242817327347,12.951714551150957,12.951714551150957,0.0,0.0,0.0,0.0,0.0,0.0,0.0,0.0
731,0.3807291666666667,0.03079325526519022,-0.21766550372030335,0.29973635810971666,155.57242817327347,12.951714551150957,12.951714551150957,0.0,0.0,0.0,0.0,0.0,0.0,0.0,0.0
732,0.38125,0.03079325526519022,-0.21766550372030335,0.29973635810971666,155.57242817327347,12.951714551150957,12.951714551150957,0.0,0.0,0.0,0.0,0.0,0.0,0.0,0.0
733,0.38177083333333334,0.03079325526519022,-0.21766550372030335,0.29973635810971666,155.57242817327347,12.951714551150957,12.951714551150957,0.0,0.0,0.0,0.0,0.0,0.0,0.0,0.0
734,0.38229166666666664,0.03079325526519022,-0.21766550372030335,0.29973635810971666,155.57242817327347,12.951714551150957,12.951714551150957,0.0,0.0,0.0,0.0,0.0,0.0,0.0,0.0
735,0.3828125,0.03079325526519022,-0.21766550372030335,0.29973635810971666,155.57242817327347,12.951714551150957,12.951714551150957,0.0,0.0,0.0,0.0,0.0,0.0,0.0,0.0
736,0.3833333333333333,0.03079325526519022,-0.21766550372030335,0.29973635810971666,155.57242817327347,12.951714551150957,12.951714551150957,0.0,0.0,0.0,0.0,0.0,0.0,0.0,0.0
737,0.38385416666666666,0.03079325526519022,-0.21766550372030335,0.29973635810971666,155.57242817327347,12.951714551150957,12.951714551150957,0.0,0.0,0.0,0.0,0.0,0.0,0.0,0.0
738,0.384375,0.03079325526519022,-0.21766550372030335,0.29973635810971666,155.57242817327347,12.951714551150957,12.951714551150957,0.0,0.0,0.0,0.0,0.0,0.0,0.0,0.0
739,0.3848958333333333,0.03079325526519022,-0.21766550372030335,0.29973635810971666,155.57242817327347,12.951714551150957,12.951714551150957,0.0,0.0,0.0,0.0,0.0,0.0,0.0,0.0
740,0.3854166666666667,0.03079325526519022,-0.21766550372030335,0.29973635810971666,155.57242817327347,12.951714551150957,12.951714551150957,0.0,0.0,0.0,0.0,0.0,0.0,0.0,0.0
741,0.3859375,0.03079325526519022,-0.21766550372030335,0.29973635810971666,155.57242817327347,12.951714551150957,12.951714551150957,0.0,0.0,0.0,0.0,0.0,0.0,0.0,0.0
742,0.38645833333333335,0.03079325526519022,-0.21766550372030335,0.29973635810971666,155.57242817327347,12.951714551150957,12.951714551150957,0.0,0.0,0.0,0.0,0.0,0.0,0.0,0.0
743,0.38697916666666665,0.03079325526519022,-0.21766550372030335,0.29973635810971666,155.57242817327347,12.951714551150957,12.951714551150957,0.0,0.0,0.0,0.0,0.0,0.0,0.0,0.0
744,0.3875,0.03079325526519022,-0.21766550372030335,0.29973635810971666,155.57242817327347,12.951714551150957,12.951714551150957,0.0,0.0,0.0,0.0,0.0,0.0,0.0,0.0
745,0.3880208333333333,0.03079325526519022,-0.21766550372030335,0.29973635810971666,155.57242817327347,12.951714551150957,12.951714551150957,0.0,0.0,0.0,0.0,0.0,0.0,0.0,0.0
746,0.3885416666666667,0.03079325526519022,-0.21766550372030335,0.29973635810971666,155.57242817327347,12.951714551150957,12.951714551150957,0.0,0.0,0.0,0.0,0.0,0.0,0.0,0.0
747,0.3890625,0.03079325526519022,-0.21766550372030335,0.29973635810971666,155.57242817327347,12.951714551150957,12.951714551150957,0.0,0.0,0.0,0.0,0.0,0.0,0.0,0.0
748,0.38958333333333334,0.03079325526519022,-0.21766550372030335,0.29973635810971666,155.57242817327347,12.951714551150957,12.951714551150957,0.0,0.0,0.0,0.0,0.0,0.0,0.0,0.0
749,0.39010416666666664,0.03079325526519022,-0.21766550372030335,0.29973635810971666,155.57242817327347,12.951714551150957,12.951714551150957,0.0,0.0,0.0,0.0,0.0,0.0,0.0,0.0
750,0.390625,0.03079325526519022,-0.21766550372030335,0.29973635810971666,155.57242817327347,12.951714551150957,12.951714551150957,0.0,0.0,0.0,0.0,0.0,0.0,0.0,0.0
751,0.3911458333333333,0.03079325526519022,-0.21766550372030335,0.29973635810971666,155.57242817327347,12.951714551150957,12.951714551150957,0.0,0.0,0.0,0.0,0.0,0.0,0.0,0.0
752,0.39166666666666666,0.03079325526519022,-0.21766550372030335,0.29973635810971666,155.57242817327347,12.951714551150957,12.951714551150957,0.0,0.0,0.0,0.0,0.0,0.0,0.0,0.0
753,0.3921875,0.03079325526519022,-0.21766550372030335,0.29973635810971666,155.57242817327347,12.951714551150957,12.951714551150957,0.0,0.0,0.0,0.0,0.0,0.0,0.0,0.0
754,0.3927083333333333,0.03079325526519022,-0.21766550372030335,0.29973635810971666,155.57242817327347,12.951714551150957,12.951714551150957,0.0,0.0,0.0,0.0,0.0,0.0,0.0,0.0
755,0.3932291666666667,0.03079325526519022,-0.21766550372030335,0.29973635810971666,155.57242817327347,12.951714551150957,12.951714551150957,0.0,0.0,0.0,0.0,0.0,0.0,0.0,0.0
756,0.39375,0.03079325526519022,-0.21766550372030335,0.29973635810971666,155.57242817327347,12.951714551150957,12.951714551150957,0.0,0.0,0.0,0.0,0.0,0.0,0.0,0.0
757,0.39427083333333335,0.03079325526519022,-0.21766550372030335,0.29973635810971666,155.57242817327347,12.951714551150957,12.951714551150957,0.0,0.0,0.0,0.0,0.0,0.0,0.0,0.0
758,0.39479166666666665,0.03079325526519022,-0.21766550372030335,0.29973635810971666,155.57242817327347,12.951714551150957,12.951714551150957,0.0,0.0,0.0,0.0,0.0,0.0,0.0,0.0
759,0.3953125,0.03079325526519022,-0.21766550372030335,0.29973635810971666,155.57242817327347,12.951714551150957,12.951714551150957,0.0,0.0,0.0,0.0,0.0,0.0,0.0,0.0
760,0.3958333333333333,0.03079325526519022,-0.21766550372030335,0.29973635810971666,155.57242817327347,12.951714551150957,12.951714551150957,0.0,0.0,0.0,0.0,0.0,0.0,0.0,0.0
761,0.3963541666666667,0.03079325526519022,-0.21766550372030335,0.29973635810971666,155.57242817327347,12.951714551150957,12.951714551150957,0.0,0.0,0.0,0.0,0.0,0.0,0.0,0.0
762,0.396875,0.03079325526519022,-0.21766550372030335,0.29973635810971666,155.57242817327347,12.951714551150957,12.951714551150957,0.0,0.0,0.0,0.0,0.0,0.0,0.0,0.0
763,0.39739583333333334,0.03079325526519022,-0.21766550372030335,0.29973635810971666,155.57242817327347,12.951714551150957,12.951714551150957,0.0,0.0,0.0,0.0,0.0,0.0,0.0,0.0
764,0.39791666666666664,0.03079325526519022,-0.21766550372030335,0.29973635810971666,155.57242817327347,12.951714551150957,12.951714551150957,0.0,0.0,0.0,0.0,0.0,0.0,0.0,0.0
765,0.3984375,0.03079325526519022,-0.21766550372030335,0.29973635810971666,155.57242817327347,12.951714551150957,12.951714551150957,0.0,0.0,0.0,0.0,0.0,0.0,0.0,0.0
766,0.3989583333333333,0.03079325526519022,-0.21766550372030335,0.29973635810971666,155.57242817327347,12.951714551150957,12.951714551150957,0.0,0.0,0.0,0.0,0.0,0.0,0.0,0.0
767,0.39947916666666666,0.03079325526519022,-0.21766550372030335,0.29973635810971666,155.57242817327347,12.951714551150957,12.951714551150957,0.0,0.0,0.0,0.0,0.0,0.0,0.0,0.0
768,0.4,0.03079325526519022,-0.21766550372030335,0.29973635810971666,155.57242817327347,12.951714551150957,12.951714551150957,0.0,0.0,0.0,0.0,0.0,0.0,0.0,0.0
