tick,time_s,body_wx,body_wy,body_wz,engine_absolute_omega,left_absolute_omega,right_absolute_omega,clutch_torque_nm,clutch_slip_radps,clutch_work_j,BE_loss_j,combustion_work_j,external_output_work_j,energy_balance_j,momentum_balance_nms
1,0.0010416666666666667,0.09992198846272518,-0.2001836174993388,0.3000000602498358,240.48135706415408,9.956873068341725,29.956873068341725,-12.420556317583168,0.0,-0.0,0.026533234817634043,20.05679505680445,0.0,-1.7408297026122455e-13,1.4210854715202004e-14
2,0.0020833333333333333,0.0999821141404899,-0.2003319745122099,0.3000006467309895,240.85179111798226,9.987694810234046,29.987694810234046,8.876661664988733,2.842170943040401e-14,2.6280197766074583e-16,0.015440933785043312,20.087676924374538,0.0,-6.039613253960852e-14,1.4210854715202004e-14
3,0.003125,0.10004223981825461,-0.20048033152508102,0.30000123321214317,241.22222517181044,10.018516552126371,30.01851655212637,8.876661664989339,0.0,0.0,0.015440933785043708,20.118558791944626,0.0,1.6697754290362354e-13,1.1457157353758233e-13
4,0.004166666666666667,0.10010236549601932,-0.20062868853795213,0.30000181969329687,241.5926592256386,10.049338294018693,30.049338294018693,8.876661664988733,2.842170943040401e-14,2.6280197766074583e-16,0.015440933785043312,20.149440659514713,0.0,-5.151434834260726e-13,1.4210854715202004e-14
5,0.005208333333333333,0.10016249117378404,-0.20077704555082324,0.30000240617445056,241.9630932794668,10.080160035911018,30.080160035911018,8.876661664989339,0.0,0.0,0.015440933785043708,20.1803225270848,0.0,-2.877698079828406e-13,2.0097183471152322e-14
6,0.00625,0.10022261685154875,-0.20092540256369434,0.30000299265560426,242.33352733329497,10.110981777803339,30.11098177780334,8.876661664988733,0.0,0.0,0.015440933785043312,20.211204394654885,0.0,-5.684341886080802e-14,1.154495294690031e-13
7,0.007291666666666667,0.10028274252931346,-0.20107375957656545,0.30000357913675796,242.70396138712314,10.141803519695664,30.141803519695664,8.876661664989339,-5.684341886080802e-14,-5.256039553215276e-16,0.015440933785043708,20.242086262224973,0.0,1.7053025658242404e-13,0.0
8,0.008333333333333333,0.10034286820707818,-0.2012221165894366,0.30000416561791166,243.07439544095132,10.172625261587983,30.172625261587985,8.876661664988127,0.0,0.0,0.015440933785043217,20.27296812979506,0.0,-5.115907697472721e-13,0.0
9,0.009375,0.10040299388484289,-0.2013704736023077,0.30000475209906535,243.4448294947795,10.203447003480308,30.20344700348031,8.876661664989339,-2.842170943040401e-14,-2.628019776607638e-16,0.015440933785043708,20.30384999736515,0.0,-1.1937117960769683e-12,1.1368683772161603e-13
10,0.010416666666666666,0.1004631195626076,-0.2015188306151788,0.30000533858021905,243.81526354860767,10.23426874537263,30.23426874537263,8.876661664988733,2.842170943040401e-14,2.6280197766074583e-16,0.015440933785043312,20.334731864935236,0.0,8.526512829121202e-13,0.0
11,0.011458333333333333,0.10052324524037232,-0.20166718762804992,0.30000592506137275,244.18569760243585,10.26509048726495,30.265090487264953,8.876661664988733,2.842170943040401e-14,2.6280197766074583e-16,0.015440933785043312,20.365613732505324,0.0,-7.389644451905042e-13,1.4210854715202004e-14
12,0.0125,0.10058337091813703,-0.20181554464092102,0.30000651154252644,244.55613165626403,10.295912229157276,30.295912229157278,8.876661664989339,0.0,0.0,0.015440933785043708,20.39649560007541,0.0,-5.115907697472721e-13,1.1368683772161603e-13
13,0.013541666666666667,0.10064349659590174,-0.20196390165379213,0.30000709802368014,244.9265657100922,10.326733971049597,30.3267339710496,8.876661664988733,2.842170943040401e-14,2.6280197766074583e-16,0.015440933785043312,20.4273774676455,0.0,-2.8421709430404007e-13,1.4210854715202004e-14
14,0.014583333333333334,0.10070362227366646,-0.20211225866666324,0.30000768450483384,245.29699976392038,10.357555712941922,30.357555712941924,8.876661664989339,-2.842170943040401e-14,-2.628019776607638e-16,0.015440933785043708,20.458259335215587,0.0,-9.663381206337363e-13,1.4210854715202004e-14
15,0.015625,0.10076374795143117,-0.20226061567953438,0.30000827098598754,245.66743381774856,10.388377454834242,30.388377454834245,8.876661664988127,0.0,0.0,0.015440933785043217,20.489141202785675,0.0,1.0800249583553523e-12,1.154495294690031e-13
16,0.016666666666666666,0.10082387362919588,-0.2024089726924055,0.30000885746714123,246.03786787157674,10.419199196726563,30.419199196726566,8.876661664988733,2.842170943040401e-14,2.6280197766074583e-16,0.015440933785043312,20.520023070355762,0.0,-5.115907697472721e-13,0.0
17,0.017708333333333333,0.1008839993069606,-0.2025573297052766,0.30000944394829493,246.4083019254049,10.450020938618888,30.45002093861889,8.876661664989339,0.0,0.0,0.015440933785043708,20.55090493792585,0.0,-1.1937117960769683e-12,0.0
18,0.01875,0.10094412498472531,-0.2027056867181477,0.3000100304294486,246.7787359792331,10.48084268051121,30.480842680511213,8.876661664988733,2.842170943040401e-14,2.6280197766074583e-16,0.015440933785043312,20.581786805495938,0.0,8.526512829121202e-13,1.1718571004216928e-13
19,0.019791666666666666,0.10100425066249002,-0.2028540437310188,0.3000106169106023,247.14917003306127,10.51166442240353,30.511664422403534,8.876661664988733,0.0,0.0,0.015440933785043312,20.612668673066022,0.0,-7.354117315117037e-13,2.0097183471152322e-14
20,0.020833333333333332,0.10106437634025474,-0.20300240074388992,0.300011203391756,247.51960408688944,10.542486164295852,30.542486164295855,8.876661664988733,2.842170943040401e-14,2.6280197766074583e-16,0.015440933785043312,20.64355054063611,0.0,-5.080380560684716e-13,2.0097183471152322e-14
21,0.021875,0.10112450201801945,-0.20315075775676103,0.3000117898729097,247.89003814071762,10.573307906188177,30.57330790618818,8.876661664989339,0.0,0.0,0.015440933785043708,20.674432408206197,0.0,-1.1901590823981678e-12,1.1368683772161603e-13
22,0.022916666666666665,0.10118462769578417,-0.20329911476963214,0.3000123763540634,248.2604721945458,10.604129648080498,30.6041296480805,8.876661664988733,2.842170943040401e-14,2.6280197766074583e-16,0.015440933785043312,20.705314275776285,0.0,8.562039965909207e-13,1.4210854715202004e-14
23,0.02395833333333333,0.10124475337354888,-0.20344747178250325,0.3000129628352171,248.63090624837398,10.634951389972823,30.634951389972827,8.876661664989339,0.0,0.0,0.015440933785043708,20.736196143346373,0.0,-1.644906433284632e-12,1.4210854715202004e-14
24,0.025,0.10130487905131359,-0.20359582879537436,0.3000135493163708,249.00134030220215,10.665773131865144,30.665773131865148,8.876661664988733,0.0,0.0,0.015440933785043312,20.76707801091646,0.0,4.014566457044566e-13,1.1718571004216928e-13
25,0.026041666666666668,0.1013650047290783,-0.20374418580824546,0.3000141357975245,249.37177435603033,10.69659487375747,30.696594873757473,8.876661664989339,-2.842170943040401e-14,-2.628019776607638e-16,0.015440933785043708,20.797959878486544,0.0,-1.1866063687193673e-12,3.1776437161565096e-14
26,0.027083333333333334,0.10142513040684302,-0.20389254282111657,0.3000147222786782,249.7422084098585,10.72741661564979,30.727416615649794,8.876661664988733,-2.842170943040401e-14,-2.6280197766074583e-16,0.015440933785043312,20.828841746056632,0.0,8.597567102697212e-13,3.1776437161565096e-14
27,0.028125,0.10148525608460773,-0.2040408998339877,0.3000153087598319,250.11264246368668,10.75823835754211,30.758238357542115,8.876661664988127,0.0,0.0,0.015440933785043217,20.85972361362672,0.0,-7.318590178329032e-13,2.0097183471152322e-14
28,0.029166666666666667,0.10154538176237245,-0.20418925684685882,0.3000158952409856,250.48307651751486,10.789060099434435,30.78906009943444,8.876661664989339,-2.842170943040401e-14,-2.628019776607638e-16,0.015440933785043708,20.890605481196808,0.0,4.050093593832571e-13,1.154495294690031e-13
29,0.030208333333333334,0.10160550744013716,-0.20433761385972993,0.3000164817221393,250.85351057134304,10.819881841326756,30.81988184132676,8.876661664988733,0.0,0.0,0.015440933785043312,20.921487348766895,0.0,-1.1866063687193673e-12,1.4210854715202004e-14
30,0.03125,0.10166563311790187,-0.20448597087260104,0.300017068203293,251.2239446251712,10.850703583219078,30.850703583219083,8.876661664988733,2.842170943040401e-14,2.6280197766074583e-16,0.015440933785043312,20.952369216336983,0.0,-4.973799150320701e-14,2.0097183471152322e-14
31,0.03229166666666666,0.1017257587956666,-0.20463432788547214,0.3000176546844467,251.5943786789994,10.881525325111404,30.881525325111408,8.876661664989944,0.0,0.0,0.015440933785043806,20.98325108390707,0.0,-7.318590178329032e-13,1.1457157353758233e-13
32,0.03333333333333333,0.10178588447343132,-0.20478268489834325,0.3000182411656004,251.96481273282757,10.91234706700373,30.912347067003733,8.876661664989339,-2.842170943040401e-14,-2.628019776607638e-16,0.015440933785043708,21.01413295147716,0.0,4.050093593832571e-13,1.4210854715202004e-14
33,0.034375,0.10184601015119603,-0.20493104191121436,0.3000188276467541,252.33524678665574,10.94316880889605,30.943168808896054,8.876661664988733,-5.684341886080802e-14,-5.256039553214917e-16,0.015440933785043312,21.045014819047246,0.0,-2.7711166694643907e-13,0.0
34,0.035416666666666666,0.10190613582896074,-0.2050793989240855,0.3000194141279078,252.70568084048392,10.97399055078837,30.973990550788375,8.876661664988127,0.0,0.0,0.015440933785043217,21.075896686617334,0.0,-4.973799150320701e-14,1.180442248897588e-13
35,0.036458333333333336,0.10196626150672546,-0.2052277559369566,0.3000200006090615,253.0761148943121,11.004812292680695,31.0048122926807,8.876661664989339,-2.842170943040401e-14,-2.628019776607638e-16,0.015440933785043708,21.10677855418742,0.0,1.7763568394002505e-13,0.0
36,0.0375,0.10202638718449017,-0.20537611294982772,0.3000205870902152,253.44654894814028,11.035634034573016,31.03563403457302,8.876661664988733,0.0,0.0,0.015440933785043312,21.13766042175751,0.0,-1.4139800441625994e-12,2.0097183471152322e-14
37,0.03854166666666667,0.10208651286225488,-0.20552446996269882,0.30002117357136887,253.81698300196845,11.066455776465338,31.066455776465343,8.876661664988733,2.842170943040401e-14,2.6280197766074583e-16,0.015440933785043312,21.168542289327597,0.0,6.323830348264892e-13,1.154495294690031e-13
38,0.03958333333333333,0.1021466385400196,-0.20567282697556993,0.30002176005252257,254.18741705579663,11.097277518357663,31.097277518357668,8.876661664989339,0.0,0.0,0.015440933785043708,21.19942415689768,0.0,-4.618527782440651e-14,1.4210854715202004e-14
39,0.040625,0.10220676421778431,-0.20582118398844104,0.30002234653367627,254.5578511096248,11.128099260249984,31.12809926024999,8.876661664988733,0.0,0.0,0.015440933785043312,21.23030602446777,0.0,-7.283063041541027e-13,4.4938668397781776e-14
40,0.041666666666666664,0.10226688989554902,-0.20596954100131215,0.30002293301482996,254.92828516345298,11.158921002142309,31.158921002142314,8.876661664989339,-5.684341886080802e-14,-5.256039553215276e-16,0.015440933785043708,21.261187892037857,0.0,-5.009326287108706e-13,1.1457157353758233e-13
41,0.042708333333333334,0.10232701557331374,-0.2061178980141833,0.30002351949598366,255.29871921728116,11.189742744034628,31.189742744034636,8.876661664988127,0.0,0.0,0.015440933785043217,21.292069759607944,0.0,-2.7355895326763857e-13,3.1776437161565096e-14
42,0.04375,0.10238714125107845,-0.2062662550270544,0.30002410597713736,255.66915327110934,11.22056448592695,31.220564485926957,8.876661664988733,0.0,0.0,0.015440933785043312,21.322951627178032,0.0,-4.618527782440651e-14,2.0097183471152322e-14
43,0.04479166666666667,0.10244726692884316,-0.2064146120399255,0.30002469245829105,256.03958732493754,11.251386227819275,31.25138622781928,8.876661664989339,2.842170943040401e-14,2.628019776607638e-16,0.015440933785045815,21.35383349474812,0.0,1.0942358130705543e-12,1.1479169203741087e-13
44,0.04583333333333333,0.10250739260660789,-0.2065629690527966,0.30002527893944475,256.41002137876575,11.282207969711601,31.282207969711607,8.876661664989944,0.0,0.0,0.015440933785045914,21.38471536231821,0.0,1.3180567748349858e-12,2.929642751054232e-14
45,0.046875,0.1025675182843726,-0.20671132606566772,0.30002586542059845,256.78045543259395,11.313029711603926,31.31302971160393,8.876661664989339,0.0,0.0,0.015440933785045815,21.4155972298883,0.0,1.545430450278218e-12,3.552713678800501e-14
46,0.04791666666666666,0.10262764396213733,-0.20685968307853883,0.30002645190175214,257.15088948642216,11.343851453496253,31.343851453496256,8.876661664989944,2.842170943040401e-14,2.628019776607817e-16,0.015440933785045914,21.446479097458393,0.0,2.675193400136777e-12,1.1740092732181256e-13
47,0.04895833333333333,0.10268776963990206,-0.20700804009140994,0.30002703838290584,257.52132354025036,11.37467319538858,31.37467319538858,8.876661664989944,2.842170943040401e-14,2.628019776607817e-16,0.015440933785045914,21.47736096502848,0.0,1.7408297026122455e-13,3.1776437161565096e-14
48,0.05,0.10274789531766679,-0.20715639710428105,0.30002762486405954,257.89175759407857,11.405494937280906,31.405494937280906,8.876661664989944,0.0,0.0,0.015440933785045914,21.50824283259857,0.0,4.014566457044566e-13,2.5618982671915014e-14
49,0.051041666666666666,0.1028080209954315,-0.20730475411715216,0.30002821134521324,258.2621916479068,11.436316679173231,31.43631667917323,8.876661664989339,0.0,0.0,0.015440933785045815,21.53912470016866,0.0,2.4442670110147446e-12,1.139086659085919e-13
50,0.052083333333333336,0.10286814667319621,-0.20745311113002327,0.30002879782636693,258.632625701735,11.467138421065556,31.467138421065556,8.876661664989339,0.0,0.0,0.015440933785045815,21.570006567738748,0.0,-5.684341886080802e-14,7.105427357601002e-15
51,0.053125,0.10292827235096093,-0.20760146814289437,0.30002938430752063,259.0030597555632,11.497960162957881,31.49796016295788,8.876661664989339,0.0,0.0,0.015440933785045815,21.60088843530884,0.0,1.98596694644948e-12,2.5618982671915014e-14
52,0.05416666666666667,0.10298839802872564,-0.20774982515576548,0.3000299707886743,259.3734938093914,11.528781904850206,31.528781904850206,8.876661664989339,0.0,0.0,0.015440933785045815,21.631770302878927,0.0,1.3038459201197838e-12,0.0
53,0.05520833333333333,0.10304852370649036,-0.2078981821686366,0.300030557269828,259.7439278632196,11.55960364674253,31.55960364674253,8.876661664989339,0.0,0.0,0.015440933785045815,21.66265217044902,0.0,1.5241141682054149e-12,1.1479169203741087e-13
54,0.05625,0.10310864938425507,-0.2080465391815077,0.3000311437509817,260.1143619170478,11.590425388634856,31.590425388634856,8.876661664989339,0.0,0.0,0.015440933785045815,21.69353403801911,0.0,2.660982545421575e-12,3.552713678800501e-14
55,0.057291666666666664,0.10316877506201978,-0.2081948961943788,0.3000317302321354,260.484795970876,11.62124713052718,31.62124713052718,8.876661664989339,0.0,0.0,0.015440933785045815,21.724415905589197,0.0,1.5987211554602254e-13,7.105427357601002e-15
56,0.058333333333333334,0.1032289007397845,-0.20834325320724992,0.3000323167132891,260.8552300247042,11.652068872419505,31.652068872419505,8.876661664989339,0.0,0.0,0.015440933785045815,21.75529777315929,0.0,3.112177182629239e-12,1.165376734978219e-13
57,0.059375,0.10328902641754921,-0.20849161022012103,0.3000329031944428,261.2256640785324,11.68289061431183,31.68289061431183,8.876661664989339,0.0,0.0,0.015440933785045815,21.786179640729376,0.0,-2.984279490192421e-13,1.4210854715202004e-14
58,0.06041666666666667,0.10334915209531392,-0.20863996723299214,0.3000334896755965,261.5960981323606,11.713712356204155,31.713712356204155,8.876661664989339,0.0,0.0,0.015440933785045815,21.817061508299467,0.0,8.348877145181177e-13,1.5888218580782548e-14
59,0.06145833333333333,0.10340927777307864,-0.20878832424586324,0.3000340761567502,261.96653218618883,11.74453409809648,31.74453409809648,8.876661664989339,0.0,0.0,0.015440933785045815,21.847943375869555,0.0,1.971756091734278e-12,1.191086668529821e-13
60,0.0625,0.10346940345084335,-0.20893668125873435,0.3000346626379039,262.33696624001703,11.775355839988805,31.775355839988805,8.876661664989339,0.0,0.0,0.015440933785045815,21.87882524343965,0.0,2.192024339819909e-12,7.105427357601002e-15
61,0.06354166666666666,0.10352952912860806,-0.20908503827160546,0.3000352491190576,262.70740029384524,11.80617758188113,31.80617758188113,8.876661664989339,0.0,0.0,0.015440933785045815,21.909707111009737,0.0,6.004086117172847e-13,1.5888218580782548e-14
62,0.06458333333333333,0.10358965480637278,-0.20923339528447657,0.3000358356002113,263.07783434767344,11.836999323773455,31.836999323773455,8.876661664989339,0.0,0.0,0.015440933785045815,21.940588978579825,0.0,8.277822871605167e-13,1.2789769243681803e-13
63,0.065625,0.10364978048413749,-0.20938175229734768,0.300036422081365,263.44826840150165,11.86782106566578,31.86782106566578,8.876661664989339,0.0,0.0,0.015440933785045815,21.971470846149916,0.0,1.9610979506978765e-12,1.5888218580782548e-14
64,0.06666666666666667,0.1037099061619022,-0.2095301093102188,0.3000370085625187,263.81870245532986,11.898642807558105,31.898642807558105,8.876661664989339,0.0,0.0,0.015440933785045815,22.002352713720004,0.0,1.2789769243681803e-12,7.105427357601002e-15
65,0.06770833333333333,0.10377003183966692,-0.2096784663230899,0.3000375950436724,264.18913650915806,11.92946454945043,31.92946454945043,8.876661664989339,0.0,0.0,0.015440933785045815,22.033234581290095,0.0,1.5027978861326119e-12,1.191086668529821e-13
66,0.06875,0.10383015751743163,-0.209826823335961,0.3000381815248261,264.55957056298627,11.960286291342754,31.960286291342754,8.876661664989339,0.0,0.0,0.015440933785045815,22.064116448860183,0.0,1.730171561575844e-12,1.5888218580782548e-14
67,0.06979166666666667,0.10389028319519635,-0.2099751803488321,0.3000387680059798,264.9300046168145,11.99110803323508,31.99110803323508,8.876661664989339,0.0,0.0,0.015440933785045815,22.09499831643027,0.0,1.0480505352461478e-12,1.4210854715202004e-14
68,0.07083333333333333,0.10395040887296106,-0.21012353736170322,0.3000393544871335,265.3004386706427,12.021929775127404,32.021929775127404,8.876661664989339,0.0,0.0,0.015440933785045815,22.125880184000366,0.0,1.2683187833317788e-12,1.165376734978219e-13
69,0.071875,0.10401053455072577,-0.21027189437457433,0.3000399409682872,265.6708727244709,12.052751517019729,32.05275151701973,8.876661664989339,0.0,0.0,0.015440933785045815,22.156762051570453,0.0,5.861977570020827e-13,7.105427357601002e-15
70,0.07291666666666667,0.10407066022849049,-0.21042025138744544,0.3000405274494409,266.0413067782991,12.083573258912054,32.083573258912054,8.876661664989339,0.0,0.0,0.015440933785045815,22.187643919140545,0.0,3.538502824085299e-12,7.105427357601002e-15
71,0.07395833333333333,0.1041307859062552,-0.21056860840031655,0.30004111393059457,266.4117408321273,12.114395000804379,32.11439500080438,8.876661664989339,0.0,0.0,0.015440933785045815,22.218525786710632,0.0,1.0373923942097463e-12,1.165376734978219e-13
72,0.075,0.10419091158401991,-0.21071696541318766,0.30004170041174827,266.7821748859555,12.145216742696704,32.145216742696704,8.876661664989339,0.0,0.0,0.015440933785045815,22.249407654280724,0.0,-1.4672707493446069e-12,0.0
73,0.07604166666666666,0.10425103726178463,-0.21086532242605877,0.30004228689290197,267.1526089397837,12.176038484589029,32.17603848458903,8.876661664989339,0.0,0.0,0.015440933785045815,22.28028952185081,0.0,3.3075764349632664e-12,1.5888218580782548e-14
74,0.07708333333333334,0.10431116293954934,-0.21101367943892987,0.30004287337405566,267.5230429936119,12.206860226481353,32.20686022648135,8.876661664989339,0.0,0.0,0.015440933785045815,22.3111713894209,0.0,8.064660050877137e-13,1.1740092732181256e-13
75,0.078125,0.10437128861731405,-0.21116203645180098,0.30004345985520936,267.8934770474401,12.237681968373678,32.23768196837368,8.876661664989339,0.0,0.0,0.015440933785045815,22.342053256990994,0.0,1.936228954946273e-12,7.105427357601002e-15
76,0.07916666666666666,0.10443141429507877,-0.2113103934646721,0.30004404633636306,268.2639111012683,12.268503710266003,32.268503710266,8.876661664989339,0.0,0.0,0.015440933785045815,22.37293512456108,0.0,1.2541079286165768e-12,1.5888218580782548e-14
77,0.08020833333333333,0.10449153997284348,-0.2114587504775432,0.30004463281751675,268.6343451550965,12.299325452158328,32.29932545215833,8.876661664989339,0.0,0.0,0.015440933785045815,22.403816992131173,0.0,5.684341886080801e-13,2.842170943040401e-14
78,0.08125,0.1045516656506082,-0.2116071074904143,0.30004521929867045,269.00477920892473,12.330147194050653,32.33014719405065,8.876661664989339,0.0,0.0,0.015440933785045815,22.43469885970126,0.0,3.524291969370097e-12,1.1479169203741087e-13
79,0.08229166666666667,0.10461179132837291,-0.21175546450328542,0.30004580577982415,269.37521326275294,12.360968935942978,32.36096893594298,8.876661664989339,0.0,0.0,0.015440933785045815,22.46558072727135,0.0,-7.993605777301127e-13,3.552713678800501e-14
80,0.08333333333333333,0.10467191700613762,-0.21190382151615653,0.30004639226097785,269.74564731658114,12.391790677835303,32.3917906778353,8.876661664989339,0.0,0.0,0.015440933785045815,22.49646259484144,0.0,2.156497203031904e-12,7.105427357601002e-15
81,0.084375,0.10473204268390233,-0.21205217852902764,0.30004697874213154,270.11608137040935,12.422612419727628,32.42261241972763,8.876661664989339,0.0,0.0,0.015440933785045815,22.527344462411527,0.0,3.2933655802480644e-12,1.1479169203741087e-13
82,0.08541666666666667,0.10479216836166705,-0.21220053554189874,0.30004756522328524,270.48651542423755,12.453434161619953,32.45343416161995,8.876661664989339,0.0,0.0,0.015440933785045815,22.558226329981622,0.0,-1.0338396805309458e-12,3.1776437161565096e-14
83,0.08645833333333333,0.10485229403943176,-0.21234889255476985,0.30004815170443894,270.85694947806576,12.484255903512278,32.48425590351228,8.876661664989339,0.0,0.0,0.015440933785045815,22.58910819755171,0.0,1.922018100231071e-12,1.5888218580782548e-14
84,0.0875,0.10491241971719648,-0.21249724956764096,0.30004873818559263,271.22738353189396,12.515077645404602,32.5150776454046,8.876661664989339,0.0,0.0,0.015440933785045815,22.6199900651218,0.0,1.2363443602225743e-12,1.139086659085919e-13
85,0.08854166666666667,0.10497254539496119,-0.21264560658051207,0.30004932466674633,271.59781758572217,12.545899387296927,32.54589938729693,8.876661664989339,0.0,0.0,0.015440933785045815,22.65087193269189,0.0,2.3732127374387346e-12,3.552713678800501e-14
86,0.08958333333333333,0.1050326710727259,-0.21279396359338318,0.30004991114790003,271.9682516395504,12.576721129189252,32.57672112918925,8.876661664989339,0.0,0.0,0.015440933785045815,22.681753800261976,0.0,-1.2789769243681803e-13,1.5888218580782548e-14
87,0.090625,0.10509279675049062,-0.2129423206062543,0.3000504976290537,272.3386856933786,12.607542871081577,32.60754287108158,8.876661664989339,0.0,0.0,0.015440933785045815,22.712635667832068,0.0,1.0054179711005418e-12,1.1457157353758233e-13
88,0.09166666666666666,0.10515292242825533,-0.2130906776191254,0.3000510841102074,272.7091197472068,12.638364612973902,32.6383646129739,8.876661664989339,0.0,0.0,0.015440933785045815,22.743517535402155,0.0,2.142286348316702e-12,2.5618982671915014e-14
89,0.09270833333333334,0.10521304810602004,-0.2132390346319965,0.3000516705913611,273.079553801035,12.669186354866227,32.66918635486623,8.876661664989339,0.0,0.0,0.015440933785045815,22.77439940297225,0.0,3.2720492981752614e-12,2.929642751054232e-14
90,0.09375,0.10527317378378476,-0.2133873916448676,0.3000522570725148,273.4499878548632,12.700008096758552,32.70000809675855,8.876661664989339,0.0,0.0,0.015440933785045815,22.805281270542338,0.0,7.709388682997087e-13,1.139086659085919e-13
91,0.09479166666666666,0.10533329946154948,-0.21353574865773872,0.3000528435536685,273.8204219086914,12.73082983865088,32.73082983865088,8.876661664990548,-2.842170943040401e-14,-2.6280197766079957e-16,0.015440933785046013,22.83616313811243,0.0,8.526512829121202e-14,1.5888218580782548e-14
92,0.09583333333333333,0.10539342513931421,-0.21368410567060983,0.3000534300348222,274.1908559625196,12.761651580543207,32.7616515805432,8.876661664989944,-2.842170943040401e-14,-2.628019776607817e-16,0.015440933785045914,22.867045005682517,0.0,1.2221335055073723e-12,3.1776437161565096e-14
93,0.096875,0.10545355081707894,-0.21383246268348094,0.3000540165159759,274.5612900163478,12.792473322435534,32.79247332243553,8.876661664989944,-2.842170943040401e-14,-2.628019776607817e-16,0.015440933785045914,22.897926873252604,0.0,2.3590018827235326e-12,1.1740092732181256e-13
94,0.09791666666666667,0.10551367649484367,-0.21398081969635205,0.3000546029971296,274.931724070176,12.82329506432786,32.82329506432785,8.876661664989944,-5.684341886080802e-14,-5.256039553215634e-16,0.015440933785045914,22.928808740822696,0.0,1.673328142715036e-12,7.105427357601002e-15
95,0.09895833333333333,0.10557380217260838,-0.21412917670922316,0.3000551894782833,275.3021581240042,12.854116806220185,32.854116806220176,8.876661664989339,0.0,0.0,0.015440933785045815,22.959690608392783,0.0,9.912071163853398e-13,7.105427357601002e-15
96,0.1,0.1056339278503731,-0.21427753372209427,0.300055775959437,275.6725921778324,12.88493854811251,32.8849385481125,8.876661664989339,0.0,0.0,0.015440933785045815,22.99057247596288,0.0,2.120970066243899e-12,1.1479169203741087e-13
97,0.10104166666666667,0.10569405352813781,-0.21442589073496537,0.3000563624405907,276.04302623166063,12.915760290004835,32.915760290004826,8.876661664989339,0.0,0.0,0.015440933785045815,23.021454343532966,0.0,1.4388490399142029e-12,2.842170943040401e-14
98,0.10208333333333333,0.10575417920590252,-0.21457424774783648,0.3000569489217444,276.41346028548884,12.94658203189716,32.94658203189715,8.876661664989339,0.0,0.0,0.015440933785045815,23.052336211103057,0.0,7.531752999057062e-13,1.5888218580782548e-14
99,0.103125,0.10581430488366723,-0.2147226047607076,0.3000575354028981,276.78389433931704,12.977403773789485,32.977403773789476,8.876661664989339,0.0,0.0,0.015440933785045815,23.083218078673145,0.0,1.8900436771218665e-12,1.1740092732181256e-13
100,0.10416666666666667,0.10587443056143195,-0.2148709617735787,0.3000581218840518,277.15432839314525,13.00822551568181,33.0082255156818,8.876661664989339,0.0,0.0,0.015440933785045815,23.114099946243233,0.0,3.0269120543380268e-12,3.552713678800501e-14
101,0.10520833333333333,0.10593455623919666,-0.2150193187864498,0.3000587083652055,277.52476244697345,13.039047257574135,33.039047257574126,8.876661664989339,0.0,0.0,0.015440933785045815,23.144981813813324,0.0,5.222489107836736e-13,1.5888218580782548e-14
102,0.10625,0.10599468191696138,-0.21516767579932092,0.3000592948463592,277.89519650080166,13.06986899946646,33.06986899946645,8.876661664989339,0.0,0.0,0.015440933785045815,23.17586368138341,0.0,-1.5987211554602254e-13,3.1776437161565096e-14
103,0.10729166666666666,0.10605480759472609,-0.21531603281219203,0.3000598813275129,278.26563055462987,13.100690741358784,33.100690741358775,8.876661664989339,0.0,0.0,0.015440933785045815,23.206745548953506,0.0,9.698908343125368e-13,1.1479169203741087e-13
104,0.10833333333333334,0.1061149332724908,-0.21546438982506314,0.3000604678086666,278.63606460845807,13.13151248325111,33.1315124832511,8.876661664989339,0.0,0.0,0.015440933785045815,23.237627416523594,0.0,2.106759211528697e-12,7.105427357601002e-15
105,0.109375,0.10617505895025552,-0.21561274683793424,0.3000610542898203,279.0064986622863,13.162334225143434,33.162334225143425,8.876661664989339,0.0,0.0,0.015440933785045815,23.268509284093685,0.0,3.240074875066057e-12,3.552713678800501e-14
106,0.11041666666666666,0.10623518462802023,-0.21576110385080535,0.30006164077097397,279.3769327161145,13.193155967035759,33.19315596703575,8.876661664989339,0.0,0.0,0.015440933785045815,23.299391151663773,0.0,7.389644451905042e-13,1.1479169203741087e-13
107,0.11145833333333333,0.10629531030578494,-0.21590946086367646,0.30006222725212767,279.7473667699427,13.223977708928084,33.223977708928075,8.876661664989339,0.0,0.0,0.015440933785045815,23.33027301923386,0.0,5.684341886080802e-14,1.4210854715202004e-14
108,0.1125,0.10635543598354966,-0.21605781787654757,0.30006281373328136,280.1178008237709,13.254799450820409,33.2547994508204,8.876661664989339,0.0,0.0,0.015440933785045815,23.361154886803952,0.0,3.0091484859440243e-12,2.5618982671915014e-14
109,0.11354166666666667,0.10641556166131437,-0.21620617488941868,0.30006340021443506,280.4882348775991,13.285621192712734,33.285621192712725,8.876661664989339,0.0,0.0,0.015440933785045815,23.39203675437404,0.0,5.080380560684716e-13,1.139086659085919e-13
110,0.11458333333333333,0.10647568733907908,-0.2163545319022898,0.30006398669558876,280.8586689314273,13.316442934605059,33.31644293460505,8.876661664989339,0.0,0.0,0.015440933785045815,23.422918621944135,0.0,1.637801005927031e-12,7.105427357601002e-15
111,0.11562499999999999,0.1065358130168438,-0.2165028889151609,0.30006457317674246,281.2291029852555,13.347264676497383,33.347264676497375,8.876661664989339,0.0,0.0,0.015440933785045815,23.453800489514222,0.0,2.7746693831431912e-12,1.5888218580782548e-14
112,0.11666666666666667,0.10659593869460851,-0.216651245928032,0.30006515965789615,281.5995370390837,13.378086418389708,33.3780864183897,8.876661664989339,0.0,0.0,0.015440933785045815,23.48468235708431,0.0,2.7355895326763857e-13,1.1368683772161603e-13
113,0.11770833333333333,0.10665606437237322,-0.2167996029409031,0.30006574613904985,281.9699710929119,13.408908160282033,33.408908160282024,8.876661664989339,0.0,0.0,0.015440933785045815,23.5155642246544,0.0,1.4068746168049984e-12,1.5888218580782548e-14
114,0.11875,0.10671619005013794,-0.21694795995377422,0.30006633262020355,282.3404051467401,13.439729902174358,33.43972990217435,8.876661664989339,0.0,0.0,0.015440933785045815,23.54644609222449,0.0,2.5437429940211587e-12,2.929642751054232e-14
115,0.11979166666666667,0.10677631572790265,-0.21709631696664533,0.30006691910135724,282.71083920056833,13.470551644066683,33.470551644066674,8.876661664989339,0.0,0.0,0.015440933785045815,23.57732795979458,0.0,3.907985046680551e-14,1.139086659085919e-13
116,0.12083333333333333,0.10683644140566737,-0.21724467397951644,0.30006750558251094,283.08127325439654,13.501373385959008,33.501373385959,8.876661664989339,0.0,0.0,0.015440933785045815,23.608209827364668,0.0,2.9949376312288223e-12,1.5888218580782548e-14
117,0.121875,0.10689656708343208,-0.21739303099238755,0.30006809206366464,283.45170730822474,13.532195127851333,33.532195127851324,8.876661664989339,0.0,0.0,0.015440933785045815,23.639091694934763,0.0,-1.3322676295501878e-12,2.842170943040401e-14
118,0.12291666666666666,0.10695669276119679,-0.21754138800525866,0.30006867854481833,283.82214136205295,13.563016869743658,33.56301686974365,8.876661664989339,0.0,0.0,0.015440933785045815,23.66997356250485,0.0,3.4425795547576854e-12,1.1479169203741087e-13
119,0.12395833333333334,0.1070168184389615,-0.21768974501812977,0.30006926502597203,284.19257541588115,13.593838611635983,33.593838611635974,8.876661664989339,0.0,0.0,0.015440933785045815,23.700855430074938,0.0,9.414691248821327e-13,7.105427357601002e-15
120,0.125,0.10707694411672622,-0.21783810203100087,0.30006985150712573,284.56300946970936,13.624660353528308,33.6246603535283,8.876661664989339,0.0,0.0,0.015440933785045815,23.73173729764503,0.0,2.0747847884194925e-12,3.552713678800501e-14
121,0.12604166666666666,0.10713706979449093,-0.21798645904387198,0.3000704379882794,284.93344352353756,13.655482095420632,33.65548209542062,8.876661664989339,0.0,0.0,0.015440933785045815,23.762619165215117,0.0,-4.263256414560601e-13,1.1479169203741087e-13
122,0.12708333333333333,0.10719719547225565,-0.2181348160567431,0.3000710244694331,285.30387757736577,13.686303837312957,33.68630383731295,8.876661664989339,0.0,0.0,0.015440933785045815,23.79350103278521,0.0,4.344968829173013e-12,0.0
123,0.128125,0.10725732115002036,-0.2182831730696142,0.3000716109505868,285.674311631194,13.717125579205282,33.71712557920527,8.876661664989339,0.0,0.0,0.015440933785045815,23.824382900355296,0.0,2.4868995751603507e-14,2.5618982671915014e-14
124,0.12916666666666665,0.10731744682778507,-0.2184315300824853,0.3000721974317405,286.0447456850222,13.747947321097607,33.7479473210976,8.876661664989339,0.0,0.0,0.015440933785045815,23.85526476792539,0.0,1.1546319456101628e-12,1.139086659085919e-13
125,0.13020833333333334,0.10737757250554979,-0.21857988709535642,0.3000727839128942,286.4151797388504,13.778769062989932,33.77876906298992,8.876661664989339,0.0,0.0,0.015440933785045815,23.88614663549548,0.0,4.725109192804666e-13,3.552713678800501e-14
126,0.13125,0.1074376981833145,-0.21872824410822753,0.3000733703940479,286.7856137926786,13.809590804882257,33.80959080488225,8.876661664989339,0.0,0.0,0.015440933785045815,23.917028503065566,0.0,1.609379296496627e-12,1.5888218580782548e-14
127,0.13229166666666667,0.10749782386107921,-0.21887660112109864,0.3000739568752016,287.1560478465068,13.840412546774582,33.84041254677457,8.876661664989339,0.0,0.0,0.015440933785045815,23.947910370635658,0.0,2.7426949600339867e-12,0.0
128,0.13333333333333333,0.10755794953884393,-0.21902495813396974,0.3000745433563553,287.526481900335,13.871234288666907,33.8712342886669,8.876661664989339,0.0,0.0,0.015440933785045815,23.978792238205745,0.0,2.4158453015843406e-13,1.1479169203741087e-13
129,0.134375,0.10761807521660864,-0.21917331514684085,0.300075129837509,287.8969159541632,13.902056030559232,33.90205603055922,8.876661664989339,0.0,0.0,0.015440933785045815,24.009674105775836,0.0,5.012879000787507e-12,7.105427357601002e-15
130,0.13541666666666666,0.10767820089437335,-0.21932167215971196,0.3000757163186627,288.2673500079914,13.932877772451556,33.93287777245155,8.876661664989339,0.0,0.0,0.015440933785045815,24.040555973345924,0.0,6.927791673660977e-13,7.105427357601002e-15
131,0.13645833333333332,0.10773832657213807,-0.21947002917258307,0.3000763027998164,288.6377840618196,13.963699514343881,33.96369951434387,8.876661664989339,0.0,0.0,0.015440933785045815,24.071437840916012,0.0,1.829647544582258e-12,1.1479169203741087e-13
132,0.1375,0.10779845224990278,-0.21961838618545418,0.3000768892809701,289.0082181156478,13.994521256236206,33.9945212562362,8.876661664989339,0.0,0.0,0.015440933785045815,24.102319708486107,0.0,-6.785683126508957e-13,0.0
133,0.13854166666666667,0.1078585779276675,-0.2197667431983253,0.3000774757621238,289.378652169476,14.025342998128531,34.02534299812852,8.876661664989339,0.0,0.0,0.015440933785045815,24.133201576056194,0.0,4.583000645652646e-13,1.5888218580782548e-14
134,0.13958333333333334,0.10791870360543221,-0.2199151002111964,0.3000780622432775,289.74908622330423,14.056164740020856,34.05616474002085,8.876661664989339,0.0,0.0,0.015440933785045815,24.164083443626286,0.0,3.410605131648481e-12,1.1740092732181256e-13
135,0.140625,0.10797882928319692,-0.2200634572240675,0.3000786487244312,290.11952027713244,14.086986481913181,34.08698648191317,8.876661664989339,0.0,0.0,0.015440933785045815,24.194965311196373,0.0,9.094947017729282e-13,7.105427357601002e-15
136,0.14166666666666666,0.10803895496096164,-0.2202118142369386,0.3000792352055849,290.48995433096064,14.117808223805506,34.1178082238055,8.876661664989339,0.0,0.0,0.015440933785045815,24.225847178766465,0.0,3.8617997688561445e-12,1.5888218580782548e-14
137,0.14270833333333333,0.10809908063872635,-0.22036017124980972,0.3000798216867386,290.86038838478885,14.14862996569783,34.14862996569782,8.876661664989339,0.0,0.0,0.015440933785045815,24.256729046336552,0.0,-2.277289468111121e-12,1.180442248897588e-13
138,0.14375,0.10815920631649106,-0.22050852826268083,0.3000804081678923,291.23082243861705,14.179451707590156,34.17945170759015,8.876661664989339,0.0,0.0,0.015440933785045815,24.28761091390664,0.0,2.497557716196752e-12,1.5888218580782548e-14
139,0.14479166666666665,0.10821933199425579,-0.22065688527555194,0.300080994649046,291.60125649244526,14.210273449482484,34.21027344948247,8.876661664990548,-2.842170943040401e-14,-2.6280197766079957e-16,0.015440933785046013,24.318492781476735,0.0,1.808331262509455e-12,7.105427357601002e-15
140,0.14583333333333334,0.10827945767202052,-0.22080524228842305,0.30008158113019967,291.97169054627346,14.24109519137481,34.2410951913748,8.876661664989944,-2.842170943040401e-14,-2.628019776607817e-16,0.015440933785045914,24.349374649046823,0.0,1.1262102361797588e-12,1.156679772130055e-13
141,0.146875,0.10833958334978525,-0.22095359930129416,0.30008216761135337,292.34212460010167,14.271916933267137,34.27191693326712,8.876661664989944,-2.842170943040401e-14,-2.628019776607817e-16,0.015440933785045914,24.380256516616914,0.0,4.405364961712621e-13,2.929642751054232e-14
142,0.14791666666666667,0.10839970902754997,-0.22110195631416527,0.30008275409250706,292.7125586539299,14.302738675159464,34.302738675159446,8.876661664989944,-5.684341886080802e-14,-5.256039553215634e-16,0.015440933785045914,24.411138384187,0.0,1.5774048733874224e-12,2.842170943040401e-14
143,0.14895833333333333,0.10845983470531469,-0.22125031332703637,0.30008334057366076,293.0829927077581,14.333560417051789,34.33356041705177,8.876661664989339,0.0,0.0,0.015440933785045815,24.442020251757093,0.0,4.529709940470639e-12,1.191086668529821e-13
144,0.15,0.1085199603830794,-0.22139867033990748,0.30008392705481446,293.4534267615863,14.364382158944114,34.364382158944096,8.876661664989339,0.0,0.0,0.015440933785045815,24.47290211932718,0.0,2.0961010704922955e-13,1.5888218580782548e-14
145,0.15104166666666666,0.10858008606084411,-0.2215470273527786,0.30008451353596816,293.8238608154145,14.395203900836439,34.39520390083642,8.876661664989339,0.0,0.0,0.015440933785045815,24.503783986897268,0.0,3.1654678878112463e-12,7.105427357601002e-15
146,0.15208333333333332,0.10864021173860883,-0.2216953843656497,0.30008510001712185,294.1942948692427,14.426025642728764,34.426025642728746,8.876661664989339,0.0,0.0,0.015440933785045815,24.534665854467363,0.0,-1.1617373729677638e-12,1.165376734978219e-13
147,0.153125,0.10870033741637354,-0.2218437413785208,0.30008568649827555,294.5647289230709,14.456847384621089,34.45684738462107,8.876661664989339,0.0,0.0,0.015440933785045815,24.56554772203745,0.0,1.794120407794253e-12,0.0
148,0.15416666666666667,0.10876046309413825,-0.22199209839139192,0.30008627297942925,294.9351629768991,14.487669126513413,34.487669126513396,8.876661664989339,0.0,0.0,0.015440933785045815,24.596429589607542,0.0,4.746425474877469e-12,2.929642751054232e-14
149,0.15520833333333334,0.10882058877190297,-0.22214045540426303,0.30008685946058294,295.3055970307273,14.518490868405738,34.51849086840572,8.876661664989339,0.0,0.0,0.015440933785045815,24.62731145717763,0.0,4.263256414560601e-13,1.1479169203741087e-13
150,0.15625,0.10888071444966768,-0.22228881241713414,0.30008744594173664,295.6760310845555,14.549312610298063,34.549312610298045,8.876661664989339,0.0,0.0,0.015440933785045815,24.65819332474772,0.0,-2.5934809855243657e-13,2.929642751054232e-14
151,0.15729166666666666,0.1089408401274324,-0.22243716943000524,0.30008803242289034,296.0464651383837,14.580134352190388,34.58013435219037,8.876661664989339,0.0,0.0,0.015440933785045815,24.68907519231781,0.0,2.6965096822095802e-12,1.5888218580782548e-14
152,0.15833333333333333,0.10900096580519711,-0.22258552644287635,0.30008861890404404,296.41689919221193,14.610956094082713,34.610956094082695,8.876661664989339,0.0,0.0,0.015440933785045815,24.719957059887896,0.0,-1.623590151211829e-12,1.4210854715202004e-14
153,0.159375,0.10906109148296182,-0.22273388345574746,0.30008920538519773,296.78733324604013,14.641777835975038,34.64177783597502,8.876661664989339,0.0,0.0,0.015440933785045815,24.75083892745799,0.0,3.1441516057384433e-12,1.139086659085919e-13
154,0.16041666666666665,0.10912121716072654,-0.22288224046861857,0.30008979186635143,297.15776729986834,14.672599577867363,34.672599577867345,8.876661664989339,0.0,0.0,0.015440933785045815,24.78172079502808,0.0,2.462030579408747e-12,2.5618982671915014e-14
155,0.16145833333333334,0.10918134283849125,-0.22303059748148968,0.3000903783475051,297.52820135369655,14.703421319759688,34.70342131975967,8.876661664989339,0.0,0.0,0.015440933785045815,24.81260266259817,0.0,1.7763568394002505e-12,7.105427357601002e-15
156,0.1625,0.10924146851625596,-0.2231789544943608,0.3000909648286588,297.89863540752475,14.734243061652013,34.734243061651995,8.876661664989339,0.0,0.0,0.015440933785045815,24.843484530168258,0.0,1.0942358130705543e-12,1.1479169203741087e-13
157,0.16354166666666667,0.10930159419402068,-0.2233273115072319,0.3000915513098125,298.26906946135296,14.765064803544337,34.76506480354432,8.876661664989339,0.0,0.0,0.015440933785045815,24.874366397738346,0.0,2.2311041902867146e-12,3.1776437161565096e-14
158,0.16458333333333333,0.10936171987178539,-0.223475668520103,0.3000921377909662,298.63950351518116,14.795886545436662,34.795886545436645,8.876661664989339,0.0,0.0,0.015440933785045815,24.905248265308437,0.0,1.545430450278218e-12,7.105427357601002e-15
159,0.165625,0.1094218455495501,-0.2236240255329741,0.3000927242721199,299.00993756900937,14.826708287328987,34.82670828732897,8.876661664989339,0.0,0.0,0.015440933785045815,24.936130132878525,0.0,8.633094239485217e-13,1.1479169203741087e-13
160,0.16666666666666666,0.10948197122731482,-0.22377238254584522,0.3000933107532736,299.3803716228376,14.857530029221312,34.857530029221294,8.876661664989339,0.0,0.0,0.015440933785045815,24.96701200044862,0.0,3.8120617773529375e-12,3.552713678800501e-14
161,0.16770833333333332,0.10954209690507953,-0.22392073955871633,0.3000938972344273,299.7508056766658,14.888351771113637,34.88835177111362,8.876661664989339,0.0,0.0,0.015440933785045815,24.997893868018707,0.0,-5.080380560684716e-13,1.5888218580782548e-14
162,0.16875,0.10960222258284424,-0.22406909657158744,0.300094483715581,300.121239730494,14.919173513005962,34.919173513005944,8.876661664989339,0.0,0.0,0.015440933785045815,25.0287757355888,0.0,6.252776074688882e-13,1.1368683772161603e-13
163,0.16979166666666667,0.10966234826060896,-0.22421745358445855,0.3000950701967347,300.4916737843222,14.949995254898287,34.94999525489827,8.876661664989339,0.0,0.0,0.015440933785045815,25.059657603158886,0.0,3.581135388230905e-12,6.07087979554246e-14
164,0.17083333333333334,0.10972247393837367,-0.22436581059732966,0.3000956566778884,300.8621078381504,14.980816996790612,34.980816996790594,8.876661664989339,0.0,0.0,0.015440933785045815,25.090539470728974,0.0,1.0800249583553523e-12,1.5888218580782548e-14
165,0.171875,0.10978259961613838,-0.22451416761020077,0.3000962431590421,301.2325418919786,15.011638738682937,35.01163873868292,8.876661664989339,0.0,0.0,0.015440933785045815,25.121421338299065,0.0,-1.4246381851990009e-12,1.139086659085919e-13
166,0.17291666666666666,0.1098427252939031,-0.22466252462307187,0.3000968296401958,301.6029759458068,15.042460480575262,35.042460480575244,8.876661664989339,0.0,0.0,0.015440933785045815,25.152303205869153,0.0,5.169198402654729e-12,2.5618982671915014e-14
167,0.17395833333333333,0.10990285097166781,-0.22481088163594298,0.3000974161213495,301.973409999635,15.073282222467586,35.07328222246757,8.876661664989339,0.0,0.0,0.015440933785045815,25.183185073439248,0.0,-9.769962616701378e-13,0.0
168,0.175,0.10996297664943253,-0.2249592386488141,0.3000980026025032,302.3438440534632,15.104103964359911,35.10410396435989,8.876661664989339,0.0,0.0,0.015440933785045815,25.214066941009335,0.0,1.978861519091879e-12,1.139086659085919e-13
169,0.17604166666666665,0.11002310232719724,-0.2251075956616852,0.3000985890836569,302.7142781072914,15.134925706252236,35.13492570625222,8.876661664989339,0.0,0.0,0.015440933785045815,25.244948808579426,0.0,1.2931877790833823e-12,2.5618982671915014e-14
170,0.17708333333333334,0.11008322800496195,-0.2252559526745563,0.3000991755648106,303.0847121611196,15.165747448144561,35.16574744814454,8.876661664989339,0.0,0.0,0.015440933785045815,25.275830676149514,0.0,4.249045559845399e-12,7.105427357601002e-15
171,0.178125,0.11014335368272667,-0.22540430968742742,0.3000997620459643,303.45514621494783,15.196569190036886,35.19656919003687,8.876661664989339,0.0,0.0,0.015440933785045815,25.306712543719602,0.0,-7.105427357601002e-14,1.1479169203741087e-13
172,0.17916666666666667,0.11020347936049138,-0.22555266670029853,0.300100348527118,303.82558026877604,15.227390931929211,35.22739093192919,8.876661664989339,0.0,0.0,0.015440933785045815,25.337594411289693,0.0,1.0622613899613498e-12,0.0
173,0.18020833333333333,0.1102636050382561,-0.22570102371316964,0.3001009350082717,304.19601432260424,15.258212673821536,35.25821267382152,8.876661664989339,0.0,0.0,0.015440933785045815,25.36847627885978,0.0,2.19912976717751e-12,7.105427357601002e-15
174,0.18125,0.11032373071602081,-0.22584938072604074,0.30010152148942537,304.56644837643245,15.28903441571386,35.28903441571384,8.876661664989339,0.0,0.0,0.015440933785045815,25.399358146429876,0.0,1.5099033134902129e-12,1.165376734978219e-13
175,0.18229166666666666,0.11038385639378552,-0.22599773773891185,0.30010210797057907,304.93688243026065,15.319856157606186,35.31985615760617,8.876661664989339,0.0,0.0,0.015440933785045815,25.430240013999963,0.0,8.277822871605167e-13,7.105427357601002e-15
176,0.18333333333333332,0.11044398207155023,-0.22614609475178296,0.30010269445173277,305.30731648408886,15.35067789949851,35.35067789949849,8.876661664989339,0.0,0.0,0.015440933785045815,25.46112188157005,0.0,1.964650664376677e-12,1.5888218580782548e-14
177,0.184375,0.11050410774931495,-0.22629445176465407,0.30010328093288646,305.67775053791706,15.381499641390835,35.38149964139082,8.876661664989339,0.0,0.0,0.015440933785045815,25.492003749140142,0.0,1.2789769243681803e-12,5.859285502108464e-14
178,0.18541666666666667,0.11056423342707966,-0.22644280877752518,0.30010386741404016,306.04818459174527,15.41232138328316,35.41232138328314,8.876661664989339,0.0,0.0,0.015440933785045815,25.52288561671023,0.0,2.4158453015843406e-12,1.139086659085919e-13
179,0.18645833333333334,0.11062435910484437,-0.2265911657903963,0.30010445389519386,306.4186186455735,15.443143125175485,35.44314312517547,8.876661664989339,0.0,0.0,0.015440933785045815,25.55376748428032,0.0,1.730171561575844e-12,1.5888218580782548e-14
180,0.1875,0.11068448478260909,-0.2267395228032674,0.30010504037634755,306.7890526994017,15.47396486706781,35.47396486706779,8.876661664989339,0.0,0.0,0.015440933785045815,25.58464935185041,0.0,1.0480505352461478e-12,3.552713678800501e-14
181,0.18854166666666666,0.1107446104603738,-0.2268878798161385,0.30010562685750125,307.1594867532299,15.504786608960135,35.50478660896012,8.876661664989339,0.0,0.0,0.015440933785045815,25.615531219420504,0.0,2.177813485104707e-12,1.1479169203741087e-13
182,0.18958333333333333,0.11080473613813852,-0.2270362368290096,0.30010621333865495,307.5299208070581,15.53560835085246,35.53560835085244,8.876661664989339,0.0,0.0,0.015440933785045815,25.64641308699059,0.0,-3.232969447708456e-13,1.4210854715202004e-14
183,0.190625,0.11086486181590323,-0.22718459384188072,0.30010679981980865,307.9003548608863,15.566430092744785,35.56643009274477,8.876661664989339,0.0,0.0,0.015440933785045815,25.67729495456068,0.0,4.451550239537028e-12,3.552713678800501e-14
184,0.19166666666666665,0.11092498749366794,-0.22733295085475183,0.30010738630096234,308.2707889147145,15.59725183463711,35.59725183463709,8.876661664989339,0.0,0.0,0.015440933785045815,25.70817682213077,0.0,1.2789769243681803e-13,1.139086659085919e-13
185,0.19270833333333334,0.11098511317143266,-0.22748130786762294,0.30010797278211604,308.6412229685427,15.628073576529435,35.62807357652942,8.876661664989339,0.0,0.0,0.015440933785045815,25.739058689700858,0.0,1.2647660696529783e-12,2.929642751054232e-14
186,0.19375,0.11104523884919737,-0.22762966488049405,0.30010855926326974,309.0116570223709,15.65889531842176,35.65889531842174,8.876661664989339,0.0,0.0,0.015440933785045815,25.76994055727095,0.0,2.398081733190338e-12,3.552713678800501e-14
187,0.19479166666666667,0.1111053645269621,-0.22777802189336516,0.30010914574442343,309.3820910761991,15.689717060314088,35.68971706031407,8.876661664990548,-2.842170943040401e-14,-2.6280197766079957e-16,0.015440933785046013,25.800822424841037,0.0,1.715960706860642e-12,1.1718571004216928e-13
188,0.19583333333333333,0.11116549020472682,-0.22792637890623627,0.30010973222557713,309.7525251300273,15.720538802206415,35.72053880220639,8.876661664989944,-2.842170943040401e-14,-2.628019776607817e-16,0.015440933785045914,25.831704292411132,0.0,1.0267342531733448e-12,2.929642751054232e-14
189,0.196875,0.11122561588249155,-0.22807473591910737,0.3001103187067308,310.1229591838555,15.751360544098741,35.751360544098716,8.876661664989944,-2.842170943040401e-14,-2.628019776607817e-16,0.015440933785045914,25.86258615998122,0.0,2.163602630389505e-12,3.552713678800501e-14
190,0.19791666666666666,0.11128574156025628,-0.22822309293197848,0.3001109051878845,310.49339323768373,15.782182285991068,35.78218228599104,8.876661664989944,-5.684341886080802e-14,-5.256039553215634e-16,0.015440933785045914,25.893468027551307,0.0,3.3004710076056654e-12,1.1740092732181256e-13
191,0.19895833333333332,0.11134586723802099,-0.2283714499448496,0.3001114916690382,310.86382729151194,15.813004027883393,35.813004027883366,8.876661664989339,2.842170943040401e-14,2.628019776607638e-16,0.015440933785045815,25.9243498951214,0.0,7.958078640513122e-13,7.105427357601002e-15
192,0.2,0.11140599291578572,-0.2285198069577207,0.3001120781501919,311.23426134534014,15.84382576977572,35.84382576977569,8.876661664989944,0.0,0.0,0.015440933785045914,25.955231762691486,0.0,1.1368683772161603e-13,0.0
193,0.20104166666666667,0.11146611859355043,-0.2286681639705918,0.3001126646313456,311.60469539916835,15.874647511668044,35.874647511668016,8.876661664989339,0.0,0.0,0.015440933785045815,25.986113630261578,0.0,3.0659919048048323e-12,1.1479169203741087e-13
194,0.20208333333333334,0.11152624427131515,-0.22881652098346292,0.3001132511124993,311.97512945299655,15.90546925356037,35.90546925356034,8.876661664989339,0.0,0.0,0.015440933785045815,26.016995497831665,0.0,5.648814749292796e-13,7.105427357601002e-15
195,0.203125,0.11158636994907986,-0.22896487799633403,0.300113837593653,312.34556350682476,15.936290995452694,35.936290995452666,8.876661664989339,0.0,0.0,0.015440933785045815,26.04787736540176,0.0,3.5136338283336954e-12,1.5888218580782548e-14
196,0.20416666666666666,0.11164649562684457,-0.22911323500920514,0.3001144240748067,312.71599756065297,15.967112737345019,35.96711273734499,8.876661664989339,0.0,0.0,0.015440933785045815,26.078759232971848,0.0,1.0125233984581428e-12,1.139086659085919e-13
197,0.20520833333333333,0.11170662130460929,-0.22926159202207624,0.3001150105559604,313.08643161448117,15.997934479237344,35.997934479237315,8.876661664989339,0.0,0.0,0.015440933785045815,26.109641100541936,0.0,3.304023721284466e-13,3.1776437161565096e-14
198,0.20625,0.111766746982374,-0.22940994903494735,0.3001155970371141,313.4568656683094,16.02875622112967,36.02875622112964,8.876661664989339,0.0,0.0,0.015440933785045815,26.140522968112027,0.0,1.4637180356658064e-12,1.5888218580782548e-14
199,0.20729166666666665,0.11182687266013872,-0.22955830604781846,0.3001161835182678,313.8272997221376,16.059577963021994,36.059577963021965,8.876661664989339,0.0,0.0,0.015440933785045815,26.171404835682115,0.0,2.6005864128819667e-12,1.139086659085919e-13
200,0.20833333333333334,0.11188699833790343,-0.22970666306068957,0.3001167699994215,314.1977337759658,16.09039970491432,36.09039970491429,8.876661664989339,0.0,0.0,0.015440933785045815,26.202286703252206,0.0,9.592326932761353e-14,4.7664655742347644e-14
201,0.209375,0.11194712401566814,-0.22985502007356068,0.3001173564805752,314.568167829794,16.121221446806643,36.121221446806615,8.876661664989339,0.0,0.0,0.015440933785045815,26.233168570822293,0.0,3.0517810500896303e-12,7.105427357601002e-15
202,0.21041666666666667,0.11200724969343286,-0.2300033770864318,0.3001179429617289,314.9386018836222,16.15204318869897,36.15204318869894,8.876661664989339,0.0,0.0,0.015440933785045815,26.26405043839238,0.0,-1.2683187833317788e-12,1.4210854715202004e-14
203,0.21145833333333333,0.11206737537119757,-0.2301517340993029,0.3001185294428826,315.3090359374504,16.182864930591293,36.182864930591265,8.876661664989339,0.0,0.0,0.015440933785045815,26.294932305962476,0.0,5.31841237716435e-12,1.165376734978219e-13
204,0.2125,0.11212750104896228,-0.230300091112174,0.3001191159240363,315.6794699912786,16.213686672483618,36.21368667248359,8.876661664989339,0.0,0.0,0.015440933785045815,26.325814173532564,0.0,9.983125437429408e-13,7.105427357601002e-15
205,0.21354166666666666,0.112187626726727,-0.2304484481250451,0.30011970240519,316.0499040451068,16.244508414375943,36.244508414375915,8.876661664989339,0.0,0.0,0.015440933785045815,26.356696041102655,0.0,2.1316282072803006e-12,1.5888218580782548e-14
206,0.21458333333333332,0.11224775240449171,-0.23059680513791622,0.3001202888863437,316.420338098935,16.275330156268268,36.27533015626824,8.876661664989339,0.0,0.0,0.015440933785045815,26.387577908672743,0.0,1.4495071809506044e-12,1.191086668529821e-13
207,0.21562499999999998,0.11230787808225642,-0.23074516215078733,0.3001208753674974,316.7907721527632,16.306151898160593,36.306151898160564,8.876661664989339,0.0,0.0,0.015440933785045815,26.418459776242834,0.0,7.638334409421077e-13,0.0
208,0.21666666666666667,0.11236800376002114,-0.23089351916365844,0.30012146184865107,317.16120620659143,16.336973640052918,36.33697364005289,8.876661664989339,0.0,0.0,0.015440933785045815,26.44934164381292,0.0,1.900701818158268e-12,1.5888218580782548e-14
209,0.21770833333333334,0.11242812943778585,-0.23104187617652955,0.30012204832980477,317.53164026041964,16.367795381945243,36.367795381945214,8.876661664989339,0.0,0.0,0.015440933785045815,26.48022351138301,0.0,3.0375701953744283e-12,1.1740092732181256e-13
210,0.21875,0.11248825511555056,-0.23119023318940066,0.30012263481095847,317.90207431424784,16.398617123837568,36.39861712383754,8.876661664989339,0.0,0.0,0.015440933785045815,26.511105378953104,0.0,-1.2896350654045818e-12,1.5888218580782548e-14
211,0.21979166666666666,0.11254838079331528,-0.23133859020227177,0.30012322129211216,318.27250836807605,16.429438865729892,36.429438865729864,8.876661664989339,0.0,0.0,0.015440933785045815,26.541987246523192,0.0,3.4852121189032914e-12,7.105427357601002e-15
212,0.22083333333333333,0.11260850647107999,-0.23148694721514287,0.30012380777326586,318.64294242190425,16.460260607622217,36.46026060762219,8.876661664989339,0.0,0.0,0.015440933785045815,26.572869114093283,0.0,2.7995383788947947e-12,1.1718571004216928e-13
213,0.221875,0.1126686321488447,-0.23163530422801398,0.30012439425441956,319.01337647573246,16.491082349514542,36.491082349514514,8.876661664989339,0.0,0.0,0.015440933785045815,26.60375098166337,0.0,2.1174173525650986e-12,1.5888218580782548e-14
214,0.22291666666666665,0.11272875782660942,-0.2317836612408851,0.30012498073557325,319.38381052956066,16.521904091406867,36.52190409140684,8.876661664989339,0.0,0.0,0.015440933785045815,26.634632849233462,0.0,-2.206235194535111e-12,2.929642751054232e-14
215,0.22395833333333334,0.11278888350437413,-0.2319320182537562,0.30012556721672695,319.75424458338887,16.552725833299192,36.552725833299164,8.876661664989339,0.0,0.0,0.015440933785045815,26.66551471680355,0.0,2.568611989772762e-12,1.165376734978219e-13
216,0.225,0.11284900918213885,-0.2320803752666273,0.30012615369788065,320.1246786372171,16.583547575191517,36.58354757519149,8.876661664989339,0.0,0.0,0.015440933785045815,26.696396584373637,0.0,3.7054803669889225e-12,7.105427357601002e-15
217,0.22604166666666667,0.11290913485990356,-0.23222873227949842,0.30012674017903435,320.4951126910453,16.614369317083842,36.61436931708381,8.876661664989339,0.0,0.0,0.015440933785045815,26.727278451943732,0.0,-6.217248937900877e-13,0.0
218,0.22708333333333333,0.11296926053766827,-0.23237708929236953,0.30012732666018804,320.8655467448735,16.645191058976167,36.64519105897614,8.876661664989339,0.0,0.0,0.015440933785045815,26.75816031951382,0.0,2.334132886971929e-12,1.180442248897588e-13
219,0.228125,0.11302938621543299,-0.23252544630524064,0.30012791314134174,321.2359807987017,16.67601280086849,36.67601280086846,8.876661664989339,0.0,0.0,0.015440933785045815,26.78904218708391,0.0,-1.7053025658242404e-13,1.4210854715202004e-14
220,0.22916666666666666,0.1130895118931977,-0.23267380331811174,0.30012849962249544,321.6064148525299,16.706834542760816,36.70683454276079,8.876661664989339,0.0,0.0,0.015440933785045815,26.819924054654,0.0,2.7853275241795927e-12,2.0097183471152322e-14
221,0.23020833333333332,0.11314963757096241,-0.23282216033098285,0.30012908610364913,321.9768489063581,16.73765628465314,36.73765628465311,8.876661664989339,0.0,0.0,0.015440933785045815,26.85080592222409,0.0,3.9186431877169525e-12,1.1457157353758233e-13
222,0.23124999999999998,0.11320976324872713,-0.23297051734385396,0.30012967258480283,322.3472829601863,16.768478026545466,36.76847802654544,8.876661664989339,0.0,0.0,0.015440933785045815,26.881687789794178,0.0,1.4175327578413999e-12,1.4210854715202004e-14
223,0.23229166666666667,0.11326988892649184,-0.23311887435672507,0.30013025906595653,322.7177170140145,16.79929976843779,36.79929976843776,8.876661664989339,0.0,0.0,0.015440933785045815,26.912569657364266,0.0,7.354117315117037e-13,3.1776437161565096e-14
224,0.23333333333333334,0.11333001460425655,-0.23326723136959618,0.3001308455471102,323.0881510678427,16.830121510330116,36.83012151033009,8.876661664989339,0.0,0.0,0.015440933785045815,26.94345152493436,0.0,1.865174681370263e-12,1.1368683772161603e-13
225,0.234375,0.11339014028202127,-0.2334155883824673,0.3001314320282639,323.4585851216709,16.86094325222244,36.86094325222241,8.876661664989339,0.0,0.0,0.015440933785045815,26.974333392504448,0.0,-6.359357485052897e-13,2.0097183471152322e-14
226,0.23541666666666666,0.11345026595978598,-0.2335639453953384,0.3001320185094176,323.8290191754991,16.891764994114766,36.89176499411474,8.876661664989339,0.0,0.0,0.015440933785045815,27.00521526007454,0.0,5.9543481256696396e-12,4.0194366942304644e-14
227,0.23645833333333333,0.1135103916375507,-0.2337123024082095,0.3001326049905713,324.19945322932733,16.92258673600709,36.92258673600706,8.876661664989339,0.0,0.0,0.015440933785045815,27.036097127644627,0.0,-1.8474111129762605e-13,2.842170943040401e-14
228,0.2375,0.11357051731531541,-0.2338606594210806,0.300133191471725,324.56988728315554,16.953408477899416,36.95340847789939,8.876661664989339,0.0,0.0,0.015440933785045815,27.066978995214715,0.0,9.521272659185342e-13,1.154495294690031e-13
229,0.23854166666666665,0.11363064299308012,-0.23400901643395172,0.3001337779528787,324.94032133698374,16.98423021979174,36.98423021979171,8.876661664989339,0.0,0.0,0.015440933785045815,27.097860862784806,0.0,2.085442929455894e-12,2.842170943040401e-14
230,0.23958333333333334,0.11369076867084484,-0.23415737344682283,0.3001343644340324,325.31075539081195,17.015051961684065,37.01505196168404,8.876661664989339,0.0,0.0,0.015440933785045815,27.128742730354894,0.0,-4.156675004196586e-13,1.4210854715202004e-14
231,0.240625,0.11375089434860955,-0.23430573045969394,0.3001349509151861,325.68118944464015,17.04587370357639,37.04587370357636,8.876661664989339,0.0,0.0,0.015440933785045815,27.15962459792499,0.0,4.352074256530614e-12,1.1457157353758233e-13
232,0.24166666666666667,0.11381102002637426,-0.23445408747256505,0.3001355373963398,326.05162349846836,17.076695445468715,37.07669544546869,8.876661664989339,0.0,0.0,0.015440933785045815,27.190506465495076,0.0,1.850963826655061e-12,2.842170943040401e-14
233,0.24270833333333333,0.11387114570413898,-0.23460244448543616,0.3001361238774935,326.42205755229656,17.10751718736104,37.10751718736101,8.876661664989339,0.0,0.0,0.015440933785045815,27.221388333065168,0.0,2.9842794901924208e-12,2.0097183471152322e-14
234,0.24375,0.11393127138190369,-0.23475080149830727,0.3001367103586472,326.79249160612477,17.138338929253365,37.13833892925334,8.876661664989339,0.0,0.0,0.015440933785045815,27.252270200635255,0.0,2.3021584638627246e-12,1.1368683772161603e-13
235,0.24479166666666666,0.11399139705966842,-0.23489915851117837,0.3001372968398009,327.162925659953,17.169160671145693,37.16916067114566,8.876661664990548,-2.842170943040401e-14,-2.6280197766079957e-16,0.015440933785046013,27.283152068205343,0.0,-2.0179413695586845e-12,1.4210854715202004e-14
236,0.24583333333333332,0.11405152273743314,-0.23504751552404948,0.3001378833209546,327.5333597137812,17.19998241303802,37.199982413037986,8.876661664989944,-2.842170943040401e-14,-2.628019776607817e-16,0.015440933785045815,27.314033935775434,0.0,2.7533531010703882e-12,3.1776437161565096e-14
237,0.24687499999999998,0.11411164841519787,-0.2351958725369206,0.3001384698021083,327.9037937676094,17.230804154930343,37.23080415493031,8.876661664989944,-2.842170943040401e-14,-2.628019776607817e-16,0.015440933785045815,27.344915803345522,0.0,2.071232074740692e-12,1.1718571004216928e-13
238,0.24791666666666667,0.1141717740929626,-0.2353442295497917,0.300139056283262,328.2742278214376,17.261625896822668,37.261625896822636,8.876661664989944,-2.842170943040401e-14,-2.628019776607817e-16,0.015440933785045815,27.375797670915617,0.0,1.3820056210533949e-12,4.0194366942304644e-14
239,0.24895833333333334,0.11423189977072733,-0.2354925865626628,0.3001396427644157,328.6446618752658,17.292447638714993,37.29244763871496,8.876661664989944,2.842170943040401e-14,2.628019776607817e-16,0.015440933785045815,27.406679538485704,0.0,2.518873998269555e-12,3.1776437161565096e-14
240,0.25,0.11429202544849205,-0.23564094357553392,0.3001402292455694,329.015095929094,17.323269380607318,37.323269380607286,8.876661664989944,2.842170943040401e-14,2.628019776607817e-16,0.015440933785045815,27.437561406055796,0.0,1.4210854715202004e-14,1.2710574864626038e-13
241,0.25104166666666666,0.11435215112625678,-0.23578930058840503,0.3001408157267231,329.3855299829222,17.354091122499643,37.35409112249961,8.876661664989944,2.842170943040401e-14,2.628019776607817e-16,0.015440933785045815,27.468443273625883,0.0,1.1510792319313623e-12,2.842170943040401e-14
242,0.2520833333333333,0.11441227680402151,-0.23593765760127614,0.3001414022078768,329.7559640367504,17.384912864391968,37.384912864391936,8.876661664989944,2.842170943040401e-14,2.628019776607817e-16,0.015440933785045815,27.49932514119597,0.0,2.2879476091475226e-12,3.1776437161565096e-14
243,0.253125,0.11447240248178624,-0.23608601461414724,0.30014198868903047,330.1263980905786,17.415734606284293,37.41573460628426,8.876661664989944,2.842170943040401e-14,2.628019776607817e-16,0.015440933785045815,27.530207008766062,0.0,3.4212632726848824e-12,1.1718571004216928e-13
244,0.25416666666666665,0.11453252815955096,-0.23623437162701835,0.30014257517018417,330.4968321444068,17.446556348176617,37.446556348176586,8.876661664989944,2.842170943040401e-14,2.628019776607817e-16,0.015440933785045815,27.56108887633615,0.0,2.7391422463551862e-12,2.842170943040401e-14
245,0.2552083333333333,0.11459265383731569,-0.23638272863988946,0.30014316165133786,330.86726619823503,17.477378090068942,37.47737809006891,8.876661664989944,2.842170943040401e-14,2.628019776607817e-16,0.015440933785045815,27.591970743906245,0.0,-1.588063014423824e-12,2.842170943040401e-14
246,0.25625,0.11465277951508042,-0.23653108565276057,0.30014374813249156,331.23770025206323,17.508199831961267,37.508199831961235,8.876661664989944,2.842170943040401e-14,2.628019776607817e-16,0.015440933785045815,27.622852611476333,0.0,5.005773573429906e-12,1.1457157353758233e-13
247,0.25729166666666664,0.11471290519284515,-0.23667944266563168,0.30014433461364526,331.60813430589144,17.539021573853592,37.53902157385356,8.876661664989944,2.842170943040401e-14,2.628019776607817e-16,0.015440933785045815,27.65373447904642,0.0,-1.1333156635373598e-12,2.842170943040401e-14
248,0.2583333333333333,0.11477303087060987,-0.2368277996785028,0.30014492109479896,331.97856835971965,17.569843315745917,37.569843315745885,8.876661664989944,2.842170943040401e-14,2.628019776607817e-16,0.015440933785045815,27.68461634661651,0.0,5.4569682106375694e-12,3.1776437161565096e-14
249,0.259375,0.1148331565483746,-0.2369761566913739,0.30014550757595265,332.34900241354785,17.600665057638242,37.60066505763821,8.876661664989944,2.842170943040401e-14,2.628019776607817e-16,0.015440933785045815,27.7154982141866,0.0,1.1368683772161603e-12,1.1368683772161603e-13
250,0.2604166666666667,0.11489328222613933,-0.237124513704245,0.30014609405710635,332.71943646737606,17.631486799530567,37.631486799530535,8.876661664989944,2.842170943040401e-14,2.628019776607817e-16,0.015440933785045815,27.74638008175669,0.0,-3.1867841698840493e-12,5.684341886080802e-14
251,0.26145833333333335,0.11495340790390406,-0.2372728707171161,0.30014668053826005,333.08987052120426,17.66230854142289,37.66230854142286,8.876661664989944,2.842170943040401e-14,2.628019776607817e-16,0.015440933785045815,27.77726194932678,0.0,5.226041821515537e-12,4.0194366942304644e-14
252,0.2625,0.11501353358166878,-0.23742122772998722,0.30014726701941374,333.46030457503247,17.693130283315217,37.693130283315185,8.876661664989944,2.842170943040401e-14,2.628019776607817e-16,0.015440933785045815,27.808143816896873,0.0,8.988365607365267e-13,2.842170943040401e-14
253,0.2635416666666667,0.11507365925943351,-0.23756958474285833,0.30014785350056744,333.8307386288607,17.72395202520754,37.72395202520751,8.876661664989944,2.842170943040401e-14,2.628019776607817e-16,0.015440933785045815,27.83902568446696,0.0,3.8546943414985435e-12,1.180442248897588e-13
254,0.26458333333333334,0.11513378493719824,-0.23771794175572944,0.30014843998172114,334.2011726826889,17.754773767099866,37.754773767099834,8.876661664989944,2.842170943040401e-14,2.628019776607817e-16,0.015440933785045815,27.86990755203705,0.0,-4.654054919228656e-13,2.842170943040401e-14
255,0.265625,0.11519391061496297,-0.23786629876860055,0.30014902646287484,334.5716067365171,17.78559550899219,37.78559550899216,8.876661664989944,2.842170943040401e-14,2.628019776607817e-16,0.015440933785045815,27.90078941960714,0.0,-1.1510792319313623e-12,3.1776437161565096e-14
256,0.26666666666666666,0.1152540362927277,-0.23801465578147166,0.30014961294402853,334.9420407903453,17.816417250884516,37.816417250884484,8.876661664989944,2.842170943040401e-14,2.628019776607817e-16,0.015440933785045815,27.931671287177227,0.0,5.4427573559223674e-12,1.1718571004216928e-13
257,0.2677083333333333,0.11531416197049242,-0.23816301279434277,0.30015019942518223,335.3124748441735,17.84723899277684,37.84723899277681,8.876661664989944,2.842170943040401e-14,2.628019776607817e-16,0.015440933785045815,27.96255315474732,0.0,1.1191048088221578e-12,2.842170943040401e-14
258,0.26875,0.11537428764825715,-0.23831136980721387,0.3001507859063359,335.6829088980017,17.878060734669166,37.878060734669134,8.876661664989944,2.842170943040401e-14,2.628019776607817e-16,0.015440933785045815,27.993435022317406,0.0,4.0749625895841746e-12,2.842170943040401e-14
259,0.26979166666666665,0.11543441332602188,-0.23845972682008498,0.3001513723874896,336.0533429518299,17.90888247656149,37.90888247656146,8.876661664989944,2.842170943040401e-14,2.628019776607817e-16,0.015440933785045815,28.0243168898875,0.0,-2.5224267119483557e-13,1.180442248897588e-13
260,0.2708333333333333,0.1154945390037866,-0.2386080838329561,0.3001519588686433,336.4237770056581,17.939704218453816,37.939704218453784,8.876661664989944,2.842170943040401e-14,2.628019776607817e-16,0.015440933785045815,28.05519875745759,0.0,8.846257060213247e-13,2.842170943040401e-14
261,0.271875,0.11555466468155133,-0.2387564408458272,0.300152545349797,336.7942110594863,17.97052596034614,37.97052596034611,8.876661664989944,2.842170943040401e-14,2.628019776607817e-16,0.015440933785045815,28.086080625027677,0.0,3.8404834867833415e-12,2.842170943040401e-14
262,0.27291666666666664,0.11561479035931606,-0.2389047978586983,0.3001531318309507,337.1646451133145,18.001347702238466,38.001347702238434,8.876661664989944,2.842170943040401e-14,2.628019776607817e-16,0.015440933785045815,28.116962492597768,0.0,1.3358203432289883e-12,1.180442248897588e-13
263,0.2739583333333333,0.11567491603708079,-0.23905315487156942,0.3001537183121044,337.5350791671427,18.03216944413079,38.03216944413076,8.876661664989944,2.842170943040401e-14,2.628019776607817e-16,0.015440933785045815,28.147844360167856,0.0,6.536993168992922e-13,3.1776437161565096e-14
264,0.275,0.11573504171484551,-0.23920151188444053,0.3001543047932581,337.90551322097093,18.062991186023115,38.06299118602308,8.876661664989944,2.842170943040401e-14,2.628019776607817e-16,0.015440933785045815,28.178726227737947,0.0,-3.197442310920451e-14,1.4210854715202004e-14
265,0.2760416666666667,0.11579516739261024,-0.23934986889731164,0.3001548912744118,338.27594727479914,18.09381292791544,38.09381292791541,8.876661664989944,2.842170943040401e-14,2.628019776607817e-16,0.015440933785045815,28.209608095308035,0.0,2.9238833576528123e-12,1.2710574864626038e-13
266,0.27708333333333335,0.11585529307037497,-0.23949822591018274,0.3001554777555655,338.64638132862734,18.124634669807765,38.12463466980773,8.876661664989944,2.842170943040401e-14,2.628019776607817e-16,0.015440933785045815,28.24048996287813,0.0,2.234656903965515e-12,1.4210854715202004e-14
267,0.278125,0.1159154187481397,-0.23964658292305385,0.3001560642367192,339.01681538245555,18.15545641170009,38.15545641170006,8.876661664989944,2.842170943040401e-14,2.628019776607817e-16,0.015440933785045815,28.271371830448217,0.0,1.552535877635819e-12,0.0
268,0.2791666666666667,0.11597554442590442,-0.23979493993592496,0.3001566507178729,339.38724943628375,18.186278153592415,38.18627815359238,8.876661664989944,2.842170943040401e-14,2.628019776607817e-16,0.015440933785045815,28.302253698018305,0.0,2.6894042548519792e-12,1.180442248897588e-13
269,0.28020833333333334,0.11603567010366915,-0.23994329694879607,0.3001572371990266,339.75768349011196,18.21709989548474,38.21709989548471,8.876661664989944,2.842170943040401e-14,2.628019776607817e-16,0.015440933785045815,28.333135565588396,0.0,2.0037305148434825e-12,0.0
270,0.28125,0.11609579578143388,-0.24009165396166718,0.3001578236801803,340.12811754394016,18.247921637377065,38.24792163737703,8.876661664989944,2.842170943040401e-14,2.628019776607817e-16,0.015440933785045815,28.364017433158484,0.0,1.3216094885137863e-12,5.684341886080802e-14
271,0.28229166666666666,0.1161559214591986,-0.2402400109745383,0.300158410161334,340.49855159776837,18.27874337926939,38.27874337926936,8.876661664989944,2.842170943040401e-14,2.628019776607817e-16,0.015440933785045815,28.394899300728575,0.0,2.454925152051146e-12,1.180442248897588e-13
272,0.2833333333333333,0.11621604713696333,-0.2403883679874094,0.3001589966424877,340.8689856515966,18.309565121161715,38.30956512116168,8.876661664989944,2.842170943040401e-14,2.628019776607817e-16,0.015440933785045815,28.425781168298663,0.0,-4.618527782440651e-14,1.4210854715202004e-14
273,0.284375,0.11627617281472806,-0.2405367250002805,0.3001595831236414,341.2394197054248,18.34038686305404,38.34038686305401,8.876661664989944,2.842170943040401e-14,2.628019776607817e-16,0.015440933785045815,28.45666303586875,0.0,2.9096725029376103e-12,2.842170943040401e-14
274,0.28541666666666665,0.11633629849249279,-0.2406850820131516,0.3001601696047951,341.609853759253,18.371208604946364,38.37120860494633,8.876661664989944,2.842170943040401e-14,2.628019776607817e-16,0.015440933785045815,28.487544903438845,0.0,2.220446049250313e-12,1.1368683772161603e-13
275,0.2864583333333333,0.11639642417025751,-0.24083343902602272,0.3001607560859488,341.9802878130812,18.40203034683869,38.40203034683866,8.876661664989944,2.842170943040401e-14,2.628019776607817e-16,0.015440933785045815,28.518426771008933,0.0,-2.8066438062523957e-13,4.0194366942304644e-14
276,0.2875,0.11645654984802224,-0.24098179603889383,0.3001613425671025,342.3507218669094,18.432852088731014,38.43285208873098,8.876661664989944,2.842170943040401e-14,2.628019776607817e-16,0.015440933785045815,28.549308638579024,0.0,4.490630090003833e-12,2.842170943040401e-14
277,0.28854166666666664,0.11651667552578697,-0.24113015305176494,0.30016192904825617,342.7211559207376,18.46367383062334,38.46367383062331,8.876661664989944,2.842170943040401e-14,2.628019776607817e-16,0.015440933785045815,28.580190506149112,0.0,1.7053025658242404e-13,1.1718571004216928e-13
278,0.2895833333333333,0.1165768012035517,-0.24127851006463605,0.30016251552940987,343.0915899745658,18.494495572515664,38.49449557251563,8.876661664989944,2.842170943040401e-14,2.628019776607817e-16,0.015440933785045815,28.611072373719203,0.0,3.1228353236656403e-12,2.842170943040401e-14
279,0.290625,0.11663692688131642,-0.24142686707750716,0.30016310201056356,343.462024028394,18.52531731440799,38.52531731440796,8.876661664989944,2.842170943040401e-14,2.628019776607817e-16,0.015440933785045815,28.64195424128929,0.0,6.217248937900877e-13,3.1776437161565096e-14
280,0.2916666666666667,0.11669705255908115,-0.24157522409037827,0.30016368849171726,343.8324580822222,18.556139056300314,38.55613905630028,8.876661664989944,2.842170943040401e-14,2.628019776607817e-16,0.015440933785045815,28.67283610885938,0.0,1.758593271006248e-12,5.684341886080802e-14
281,0.29270833333333335,0.11675717823684588,-0.24172358110324937,0.30016427497287096,344.2028921360504,18.58696079819264,38.58696079819261,8.876661664989944,2.842170943040401e-14,2.628019776607817e-16,0.015440933785045815,28.703717976429473,0.0,2.8883562208648073e-12,1.1718571004216928e-13
282,0.29375,0.1168173039146106,-0.24187193811612048,0.30016486145402466,344.5733261898786,18.617782540084963,38.61778254008493,8.876661664989944,2.842170943040401e-14,2.628019776607817e-16,0.015440933785045815,28.73459984399956,0.0,3.872457909892546e-13,0.0
283,0.2947916666666667,0.11687742959237533,-0.2420202951289916,0.30016544793517835,344.94376024370683,18.64860428197729,38.648604281977256,8.876661664989944,2.842170943040401e-14,2.628019776607817e-16,0.015440933785045815,28.765481711569652,0.0,3.339550858072471e-12,2.842170943040401e-14
284,0.29583333333333334,0.11693755527014006,-0.2421686521418627,0.30016603441633205,345.31419429753504,18.679426023869613,38.67942602386958,8.876661664989944,2.842170943040401e-14,2.628019776607817e-16,0.015440933785045815,28.79636357913974,0.0,-9.805489753489383e-13,1.1457157353758233e-13
285,0.296875,0.11699768094790479,-0.2423170091547338,0.30016662089748575,345.68462835136324,18.710247765761938,38.710247765761906,8.876661664989944,2.842170943040401e-14,2.628019776607817e-16,0.015440933785045815,28.82724544670983,0.0,1.971756091734278e-12,5.684341886080802e-14
286,0.29791666666666666,0.11705780662566952,-0.24246536616760492,0.30016720737863944,346.05506240519145,18.741069507654263,38.74106950765423,8.876661664989944,2.842170943040401e-14,2.628019776607817e-16,0.015440933785045815,28.85812731427992,0.0,3.1086244689504383e-12,2.842170943040401e-14
287,0.2989583333333333,0.11711793230343424,-0.24261372318047603,0.30016779385979314,346.42549645901966,18.771891249546588,38.771891249546556,8.876661664989944,2.842170943040401e-14,2.628019776607817e-16,0.015440933785045815,28.889009181850007,0.0,6.075140390748857e-13,1.1457157353758233e-13
288,0.3,0.11717805798119897,-0.24276208019334714,0.30016838034094684,346.79593051284786,18.802712991438913,38.80271299143888,8.876661664989944,2.842170943040401e-14,2.628019776607817e-16,0.015440933785045815,28.9198910494201,0.0,3.5562663924793014e-12,3.1776437161565096e-14
289,0.30104166666666665,0.1172381836589637,-0.24291043720621824,0.30016896682210054,347.16636456667607,18.833534733331238,38.833534733331206,8.876661664989944,2.842170943040401e-14,2.628019776607817e-16,0.015440933785045815,28.95077291699019,0.0,2.8741453661496053e-12,2.842170943040401e-14
290,0.3020833333333333,0.11729830933672843,-0.24305879421908935,0.30016955330325423,347.53679862050427,18.864356475223563,38.86435647522353,8.876661664989944,2.842170943040401e-14,2.628019776607817e-16,0.015440933785045815,28.98165478456028,0.0,3.694822225952521e-13,1.2710574864626038e-13
291,0.303125,0.11735843501449315,-0.24320715123196046,0.30017013978440793,347.9072326743325,18.895178217115895,38.89517821711586,8.876661664991154,-2.842170943040401e-14,-2.628019776608175e-16,0.015440933785046603,29.01253665213037,0.0,3.325340003357269e-12,1.4210854715202004e-14
292,0.30416666666666664,0.11741856069225788,-0.24335550824483157,0.3001707262655616,348.2776667281607,18.92599995900822,38.92599995900819,8.876661664989944,-5.684341886080802e-14,-5.256039553215634e-16,0.015440933785045815,29.043418519700456,0.0,8.242295734817162e-13,1.4210854715202004e-14
293,0.3052083333333333,0.1174786863700226,-0.24350386525770268,0.3001713127467153,348.6481007819889,18.956821700900544,38.95682170090051,8.876661664989339,-2.842170943040401e-14,-2.628019776607638e-16,0.015440933785045815,29.074300387270547,0.0,3.7765346405649325e-12,1.1368683772161603e-13
294,0.30625,0.11753881204778732,-0.2436522222705738,0.300171899227869,349.0185348358171,18.98764344279287,38.98764344279284,8.876661664989944,-5.684341886080802e-14,-5.256039553215634e-16,0.015440933785045815,29.105182254840635,0.0,-5.435651928564766e-13,5.684341886080802e-14
295,0.3072916666666667,0.11759893772555204,-0.2438005792834449,0.3001724857090227,349.3889688896453,19.018465184685194,39.01846518468516,8.876661664989339,2.842170943040401e-14,2.628019776607638e-16,0.015440933785045815,29.13606412241073,0.0,2.405187160547939e-12,3.1776437161565096e-14
296,0.30833333333333335,0.11765906340331676,-0.243948936296316,0.3001730721901764,349.7594029434735,19.04928692657752,39.04928692657749,8.876661664989944,0.0,0.0,0.015440933785045815,29.166945989980817,0.0,3.5420555377640994e-12,1.1718571004216928e-13
297,0.309375,0.11771918908108148,-0.2440972933091871,0.3001736586713301,350.1298369973017,19.080108668469844,39.08010866846981,8.876661664989339,2.842170943040401e-14,2.628019776607638e-16,0.015440933785045815,29.19782785755091,0.0,1.0373923942097463e-12,0.0
298,0.3104166666666667,0.1177793147588462,-0.24424565032205822,0.3001742451524838,350.5002710511299,19.11093041036217,39.11093041036214,8.876661664989944,0.0,0.0,0.015440933785045815,29.228709725120996,0.0,2.1742607714259066e-12,4.0194366942304644e-14
299,0.31145833333333334,0.11783944043661092,-0.24439400733492933,0.3001748316336375,350.8707051049581,19.141752152254494,39.14175215225446,8.876661664989339,2.842170943040401e-14,2.628019776607638e-16,0.015440933785045815,29.259591592691084,0.0,-3.268496584496461e-13,1.1718571004216928e-13
300,0.3125,0.11789956611437565,-0.24454236434780044,0.3001754181147912,351.2411391587863,19.17257389414682,39.17257389414679,8.876661664989944,0.0,0.0,0.015440933785045815,29.290473460261175,0.0,8.064660050877137e-13,3.1776437161565096e-14
301,0.31354166666666666,0.11795969179214036,-0.24469072136067155,0.3001760045959449,351.61157321261453,19.203395636039144,39.20339563603911,8.876661664989339,2.842170943040401e-14,2.628019776607638e-16,0.015440933785045815,29.321355327831263,0.0,3.7623237858497305e-12,5.123796534383003e-14
302,0.3145833333333333,0.11801981746990509,-0.24483907837354266,0.3001765910770986,351.98200726644274,19.23421737793147,39.23421737793144,8.876661664989944,0.0,0.0,0.015440933785045815,29.352237195401358,0.0,3.0730973321624333e-12,1.1718571004216928e-13
303,0.315625,0.1180799431476698,-0.24498743538641377,0.3001771775582523,352.35244132027094,19.265039119823793,39.26503911982376,8.876661664989339,2.842170943040401e-14,2.628019776607638e-16,0.015440933785045815,29.383119062971446,0.0,5.719869022868806e-13,0.0
304,0.31666666666666665,0.11814006882543453,-0.24513579239928487,0.300177764039406,352.72287537409915,19.29586086171612,39.295860861716086,8.876661664989944,0.0,0.0,0.015440933785045815,29.414000930541537,0.0,-1.1368683772161603e-13,3.1776437161565096e-14
305,0.3177083333333333,0.11820019450319924,-0.24528414941215598,0.3001783505205597,353.09330942792735,19.326682603608443,39.32668260360841,8.876661664989339,2.842170943040401e-14,2.628019776607638e-16,0.015440933785045815,29.444882798111625,0.0,2.8421709430404007e-12,0.0
306,0.31875,0.11826032018096397,-0.2454325064250271,0.3001789370017134,353.46374348175556,19.357504345500768,39.357504345500736,8.876661664989944,0.0,0.0,0.015440933785045815,29.475764665681712,0.0,3.979039320256561e-12,1.1718571004216928e-13
307,0.31979166666666664,0.11832044585872868,-0.2455808634378982,0.3001795234828671,353.83417753558376,19.388326087393093,39.38832608739306,8.876661664989339,2.842170943040401e-14,2.628019776607638e-16,0.015440933785045815,29.506646533251804,0.0,1.4743761767022079e-12,5.859285502108464e-14
308,0.3208333333333333,0.11838057153649341,-0.2457292204507693,0.3001801099640208,354.20461158941197,19.419147829285418,39.419147829285386,8.876661664989944,0.0,0.0,0.015440933785045815,29.53752840082189,0.0,7.922551503725117e-13,3.1776437161565096e-14
309,0.321875,0.11844069721425812,-0.24587757746364042,0.3001806964451745,354.5750456432402,19.449969571177743,39.44996957117771,8.876661664989339,2.842170943040401e-14,2.628019776607638e-16,0.015440933785045815,29.568410268391986,0.0,1.922018100231071e-12,1.1718571004216928e-13
310,0.3229166666666667,0.11850082289202285,-0.24602593447651153,0.3001812829263282,354.9454796970684,19.480791313070068,39.480791313070036,8.876661664989944,0.0,0.0,0.015440933785045815,29.599292135962074,0.0,1.2398970739013748e-12,0.0
311,0.32395833333333335,0.11856094856978756,-0.24617429148938264,0.30018186940748187,355.3159137508966,19.511613054962393,39.51161305496236,8.876661664989339,2.842170943040401e-14,2.628019776607638e-16,0.015440933785045815,29.630174003532165,0.0,4.192202140984591e-12,1.4210854715202004e-14
312,0.325,0.11862107424755229,-0.24632264850225374,0.30018245588863557,355.6863478047248,19.542434796854717,39.542434796854685,8.876661664989944,0.0,0.0,0.015440933785045815,29.661055871102253,0.0,-1.2789769243681803e-13,1.1457157353758233e-13
313,0.3260416666666667,0.118681199925317,-0.24647100551512485,0.30018304236978927,356.056781858553,19.573256538747042,39.57325653874701,8.876661664989339,2.842170943040401e-14,2.628019776607638e-16,0.015440933785045815,29.69193773867234,0.0,4.646949491871055e-12,0.0
314,0.32708333333333334,0.11874132560308173,-0.24661936252799596,0.30018362885094296,356.4272159123812,19.604078280639367,39.604078280639335,8.876661664989944,0.0,0.0,0.015440933785045815,29.72281960624243,0.0,3.232969447708456e-13,5.684341886080802e-14
315,0.328125,0.11880145128084645,-0.24676771954086707,0.30018421533209666,356.7976499662094,19.634900022531692,39.63490002253166,8.876661664989339,2.842170943040401e-14,2.628019776607638e-16,0.015440933785045815,29.75370147381252,0.0,-3.588240815588506e-13,1.180442248897588e-13
316,0.32916666666666666,0.11886157695861117,-0.24691607655373818,0.30018480181325036,357.1680840200376,19.665721764424017,39.665721764423985,8.876661664989944,0.0,0.0,0.015440933785045815,29.784583341382614,0.0,2.589928271845565e-12,0.0
317,0.3302083333333333,0.11892170263637589,-0.2470644335666093,0.30018538829440405,357.5385180738658,19.696543506316342,39.69654350631631,8.876661664989339,2.842170943040401e-14,2.628019776607638e-16,0.015440933785045815,29.815465208952702,0.0,1.907807245515869e-12,0.0
318,0.33125,0.11898182831414061,-0.2472127905794804,0.30018597477555775,357.908952127694,19.727365248208667,39.727365248208635,8.876661664989944,0.0,0.0,0.015440933785045815,29.84634707652279,0.0,3.0446756227320293e-12,1.1718571004216928e-13
319,0.33229166666666665,0.11904195399190533,-0.2473611475923515,0.30018656125671145,358.2793861815222,19.75818699010099,39.75818699010096,8.876661664989339,2.842170943040401e-14,2.628019776607638e-16,0.015440933785045815,29.87722894409288,0.0,5.400124791776761e-13,2.842170943040401e-14
320,0.3333333333333333,0.11910207966967006,-0.2475095046052226,0.30018714773786515,358.64982023535043,19.789008731993317,39.789008731993285,8.876661664989944,0.0,0.0,0.015440933785045815,29.90811081166297,0.0,1.6768808563938364e-12,3.1776437161565096e-14
321,0.334375,0.11916220534743477,-0.24765786161809372,0.30018773421901884,359.02025428917864,19.81983047388564,39.81983047388561,8.876661664989339,2.842170943040401e-14,2.628019776607638e-16,0.015440933785045815,29.93899267923306,0.0,2.8101965199311962e-12,1.2058310082691391e-13
322,0.33541666666666664,0.1192223310251995,-0.24780621863096483,0.30018832070017254,359.39068834300684,19.850652215777966,39.850652215777934,8.876661664989944,0.0,0.0,0.015440933785045815,29.969874546803148,0.0,3.9470648971473565e-12,2.842170943040401e-14
323,0.3364583333333333,0.11928245670296421,-0.24795457564383594,0.30018890718132624,359.76112239683505,19.88147395767029,39.88147395767026,8.876661664989339,2.842170943040401e-14,2.628019776607638e-16,0.015440933785045815,30.000756414373242,0.0,-3.801403636316536e-13,0.0
324,0.3375,0.11934258238072894,-0.24810293265670705,0.30018949366247993,360.13155645066325,19.912295699562616,39.912295699562584,8.876661664989944,0.0,0.0,0.015440933785045815,30.03163828194333,0.0,7.567280135845067e-13,1.180442248897588e-13
325,0.3385416666666667,0.11940270805849365,-0.24825128966957816,0.30019008014363363,360.50199050449146,19.94311744145494,39.94311744145491,8.876661664989339,2.842170943040401e-14,2.628019776607638e-16,0.015440933785045815,30.062520149513418,0.0,3.7125857943465235e-12,0.0
326,0.33958333333333335,0.11946283373625838,-0.24839964668244927,0.30019066662478733,360.87242455831966,19.973939183347266,39.973939183347234,8.876661664989944,0.0,0.0,0.015440933785045815,30.09340201708351,0.0,1.2079226507921703e-12,0.0
327,0.340625,0.11952295941402309,-0.24854800369532037,0.300191253105941,361.24285861214787,20.00476092523959,40.00476092523956,8.876661664989339,2.842170943040401e-14,2.628019776607638e-16,0.015440933785045815,30.124283884653597,0.0,5.258016244624741e-13,1.180442248897588e-13
328,0.3416666666666667,0.11958308509178782,-0.24869636070819148,0.3001918395870947,361.6132926659761,20.035582667131916,40.035582667131884,8.876661664989944,0.0,0.0,0.015440933785045815,30.155165752223688,0.0,3.4781066915456904e-12,3.1776437161565096e-14
329,0.34270833333333334,0.11964321076955253,-0.2488447177210626,0.3001924260682484,361.9837267198043,20.06640440902424,40.06640440902421,8.876661664989339,2.842170943040401e-14,2.628019776607638e-16,0.015440933785045815,30.186047619793776,0.0,9.769962616701378e-13,2.842170943040401e-14
330,0.34375,0.11970333644731726,-0.2489930747339337,0.3001930125494021,362.3541607736325,20.097226150916566,40.09722615091653,8.876661664989944,0.0,0.0,0.015440933785045815,30.21692948736387,0.0,2.877698079828406e-13,1.1368683772161603e-13
331,0.34479166666666666,0.11976346212508197,-0.2491414317468048,0.3001935990305558,362.7245948274607,20.12804789280889,40.12804789280886,8.876661664989339,2.842170943040401e-14,2.628019776607638e-16,0.015440933785045815,30.24781135493396,0.0,5.062616992290714e-12,1.4210854715202004e-14
332,0.3458333333333333,0.1198235878028467,-0.24928978875967592,0.3001941855117095,363.0950288812889,20.158869634701215,40.15886963470118,8.876661664989944,0.0,0.0,0.015440933785045815,30.278693222504046,0.0,7.425171588693047e-13,2.842170943040401e-14
333,0.346875,0.11988371348061141,-0.24943814577254703,0.3001947719928632,363.4654629351171,20.18969137659354,40.18969137659351,8.876661664989339,2.842170943040401e-14,2.628019776607638e-16,0.015440933785045815,30.309575090074137,0.0,3.694822225952521e-12,3.1776437161565096e-14
334,0.34791666666666665,0.11994383915837614,-0.24958650278541814,0.3001953584740169,363.8358969889453,20.220513118485865,40.22051311848583,8.876661664989944,0.0,0.0,0.015440933785045815,30.340456957644225,0.0,-6.252776074688882e-13,1.2710574864626038e-13
335,0.3489583333333333,0.12000396483614086,-0.24973485979828924,0.3001959449551706,364.2063310427735,20.25133486037819,40.25133486037816,8.876661664989339,2.842170943040401e-14,2.628019776607638e-16,0.015440933785045815,30.371338825214316,0.0,2.327027459614328e-12,3.1776437161565096e-14
336,0.35,0.12006409051390558,-0.24988321681116035,0.3001965314363243,364.5767650966017,20.282156602270515,40.28215660227048,8.876661664989944,0.0,0.0,0.015440933785045815,30.402220692784404,0.0,3.4638958368304884e-12,2.842170943040401e-14
337,0.35104166666666664,0.1201242161916703,-0.25003157382403146,0.300197117917478,364.9471991504299,20.31297834416284,40.31297834416281,8.876661664989339,2.842170943040401e-14,2.628019776607638e-16,0.015440933785045815,30.43310256035449,0.0,9.627854069549358e-13,1.1457157353758233e-13
338,0.3520833333333333,0.12018434186943502,-0.2501799308369026,0.3001977043986317,365.31763320425813,20.343800086055165,40.34380008605513,8.876661664989944,0.0,0.0,0.015440933785045819,30.463984427924586,0.0,3.9115377603593515e-12,1.4210854715202004e-14
339,0.353125,0.12024446754719974,-0.25032828784977373,0.3001982908797854,365.68806725808633,20.37462182794749,40.37462182794746,8.876661664989339,2.842170943040401e-14,2.628019776607638e-16,0.015440933785045817,30.494866295494674,0.0,-2.227551476607914e-12,4.0194366942304644e-14
340,0.3541666666666667,0.12030459322496447,-0.25047664486264487,0.3001988773609391,366.05850131191454,20.405443569839814,40.40544356983978,8.876661664989944,0.0,0.0,0.015440933785045819,30.525748163064765,0.0,7.247535904753022e-13,1.180442248897588e-13
341,0.35520833333333335,0.12036471890272918,-0.250625001875516,0.3001994638420928,366.42893536574275,20.43626531173214,40.43626531173211,8.876661664989339,2.842170943040401e-14,2.628019776607638e-16,0.015440933785045817,30.556630030634853,0.0,5.4996007747831754e-12,3.1776437161565096e-14
342,0.35625,0.1204248445804939,-0.25077335888838714,0.3002000503232465,366.79936941957095,20.46708705362447,40.46708705362444,8.876661664991154,-8.526512829121202e-14,-7.884059329824526e-16,0.015440933785046606,30.587511898204944,0.0,2.9949376312288223e-12,1.4210854715202004e-14
343,0.3572916666666667,0.12048497025825862,-0.2509217159012583,0.3002006368044002,367.16980347339916,20.497908795516793,40.497908795516764,8.876661664988733,-5.684341886080802e-14,-5.256039553214917e-16,0.01544093378504562,30.618393765775032,0.0,2.3092638912203256e-12,1.1457157353758233e-13
344,0.35833333333333334,0.12054509593602333,-0.2510700729141294,0.3002012232855539,367.54023752722736,20.528730537409118,40.52873053740909,8.876661664989339,-5.684341886080802e-14,-5.256039553215276e-16,0.015440933785045817,30.64927563334512,0.0,1.63069557856943e-12,4.263256414560601e-14
345,0.359375,0.12060522161378805,-0.25121842992700055,0.3002018097667076,367.91067158105557,20.559552279301442,40.559552279301414,8.876661664989339,0.0,0.0,0.015440933785045817,30.680157500915215,0.0,-8.775202786637237e-13,4.263256414560601e-14
346,0.36041666666666666,0.12066534729155276,-0.2513667869398717,0.30020239624786127,368.2811056348838,20.590374021193767,40.59037402119374,8.876661664989339,0.0,0.0,0.015440933785045817,30.711039368485302,0.0,5.716316309190006e-12,1.1368683772161603e-13
347,0.3614583333333333,0.12072547296931747,-0.2515151439527428,0.30020298272901497,368.651539688712,20.621195763086092,40.621195763086064,8.876661664989339,0.0,0.0,0.015440933785045817,30.741921236055394,0.0,-4.263256414560601e-13,2.842170943040401e-14
348,0.3625,0.12078559864708219,-0.25166350096561396,0.30020356921016866,369.0219737425402,20.652017504978417,40.65201750497839,8.876661664989339,0.0,0.0,0.015440933785045817,30.77280310362548,0.0,4.348521542851813e-12,1.4210854715202004e-14
349,0.36354166666666665,0.1208457243248469,-0.2518118579784851,0.30020415569132236,369.3924077963684,20.682839246870742,40.682839246870714,8.876661664989339,0.0,0.0,0.015440933785045817,30.803684971195572,0.0,1.84385839929746e-12,1.154495294690031e-13
350,0.3645833333333333,0.12090585000261161,-0.25196021499135624,0.30020474217247606,369.7628418501966,20.713660988763067,40.71366098876304,8.876661664989339,0.0,0.0,0.015440933785045817,30.83456683876566,0.0,-6.572520305780927e-13,2.842170943040401e-14
351,0.365625,0.12096597568037633,-0.25210857200422737,0.30020532865362975,370.1332759040248,20.744482730655392,40.74448273065536,8.876661664989339,0.0,0.0,0.015440933785045817,30.865448706335748,0.0,4.1175951537297806e-12,0.0
352,0.36666666666666664,0.12102610135814104,-0.2522569290170985,0.30020591513478345,370.503709957853,20.775304472547717,40.77530447254769,8.876661664989339,0.0,0.0,0.015440933785045817,30.896330573905843,0.0,1.609379296496627e-12,1.214175959108492e-13
353,0.3677083333333333,0.12108622703590576,-0.25240528602996964,0.30020650161593715,370.8741440116812,20.80612621444004,40.80612621444001,8.876661664989339,0.0,0.0,0.015440933785045817,30.92721244147593,0.0,9.272582701669307e-13,4.4938668397781776e-14
354,0.36875,0.12114635271367047,-0.2525536430428408,0.30020708809709085,371.2445780655094,20.836947956332367,40.83694795633234,8.876661664989339,0.0,0.0,0.015440933785045817,30.95809430904602,0.0,2.4158453015843406e-13,2.0097183471152322e-14
355,0.3697916666666667,0.12120647839143518,-0.2527020000557119,0.30020767457824454,371.6150121193376,20.86776969822469,40.86776969822466,8.876661664989339,0.0,0.0,0.015440933785045817,30.98897617661611,0.0,1.3784529073745944e-12,1.1457157353758233e-13
356,0.37083333333333335,0.1212666040691999,-0.25285035706858305,0.30020826105939824,371.9854461731658,20.898591440117016,40.89859144011699,8.876661664989339,0.0,0.0,0.015440933785045817,31.0198580441862,0.0,4.330757974457811e-12,3.1776437161565096e-14
357,0.371875,0.12132672974696461,-0.2529987140814542,0.30020884754055194,372.35588022699403,20.92941318200934,40.92941318200931,8.876661664989339,0.0,0.0,0.015440933785045817,31.05073991175629,0.0,1.829647544582258e-12,1.4210854715202004e-14
358,0.3729166666666667,0.12138685542472932,-0.2531470710943253,0.30020943402170563,372.72631428082224,20.960234923901666,40.96023492390164,8.876661664989339,0.0,0.0,0.015440933785045817,31.081621779326376,0.0,1.1475265182525618e-12,2.0097183471152322e-14
359,0.37395833333333334,0.12144698110249404,-0.25329542810719646,0.30021002050285933,373.09674833465044,20.99105666579399,40.99105666579396,8.876661664989339,0.0,0.0,0.015440933785045817,31.11250364689647,0.0,4.0962788716569776e-12,1.2224639458285405e-13
360,0.375,0.12150710678025875,-0.2534437851200676,0.30021060698401303,373.46718238847865,21.021878407686316,41.02187840768629,8.876661664989339,0.0,0.0,0.015440933785045817,31.14338551446656,0.0,-2.042810365310288e-12,1.4210854715202004e-14
361,0.37604166666666666,0.12156723245802346,-0.25359214213293874,0.3002111934651667,373.83761644230685,21.05270014957864,41.05270014957861,8.876661664989339,0.0,0.0,0.015440933785045817,31.17426738203665,0.0,4.547473508864641e-12,3.1776437161565096e-14
362,0.3770833333333333,0.12162735813578818,-0.2537404991458099,0.3002117799463204,374.20805049613506,21.083521891470966,41.08352189147094,8.876661664989339,0.0,0.0,0.015440933785045817,31.205149249606738,0.0,2.2737367544323206e-13,1.1457157353758233e-13
363,0.378125,0.12168748381355289,-0.253888856158681,0.3002123664274741,374.57848454996326,21.11434363336329,41.11434363336326,8.876661664989339,0.0,0.0,0.015440933785045817,31.236031117176825,0.0,5.002220859751105e-12,1.4210854715202004e-14
364,0.37916666666666665,0.1217476094913176,-0.25403721317155215,0.3002129529086278,374.94891860379147,21.145165375255615,41.14516537525559,8.876661664989339,0.0,0.0,0.015440933785045817,31.266912984746916,0.0,-1.1404210908949608e-12,1.4210854715202004e-14
365,0.3802083333333333,0.12180773516908232,-0.2541855701844233,0.3002135393897815,375.3193526576197,21.17598711714794,41.17598711714791,8.876661664989339,0.0,0.0,0.015440933785045817,31.297794852317004,0.0,1.815436689867056e-12,1.214175959108492e-13
366,0.38125,0.12186786084684703,-0.2543339271972944,0.3002141258709352,375.6897867114479,21.206808859040265,41.20680885904024,8.876661664989339,0.0,0.0,0.015440933785045817,31.3286767198871,0.0,4.764189043271472e-12,0.0
367,0.38229166666666664,0.12192798652461175,-0.25448228421016555,0.3002147123520889,376.0602207652761,21.23763060093259,41.23763060093256,8.876661664989339,0.0,0.0,0.015440933785045817,31.359558587457187,0.0,4.440892098500626e-13,2.842170943040401e-14
368,0.3833333333333333,0.12198811220237646,-0.2546306412230367,0.3002152988332426,376.4306548191043,21.268452342824915,41.26845234282489,8.876661664989339,0.0,0.0,0.015440933785045817,31.390440455027278,0.0,3.396394276933279e-12,1.1457157353758233e-13
369,0.384375,0.12204823788014117,-0.2547789982359078,0.3002158853143963,376.8010888729325,21.29927408471724,41.29927408471721,8.876661664989339,0.0,0.0,0.015440933785045817,31.421322322597366,0.0,8.952838470577262e-13,2.0097183471152322e-14
370,0.3854166666666667,0.12210836355790589,-0.25492735524877896,0.30021647179555,377.1715229267607,21.330095826609565,41.330095826609536,8.876661664989339,0.0,0.0,0.015440933785045817,31.452204190167453,0.0,-1.6058265828178264e-12,2.842170943040401e-14
371,0.38645833333333335,0.1221684892356706,-0.2550757122616501,0.3002170582767037,377.5419569805889,21.36091756850189,41.36091756850186,8.876661664989339,0.0,0.0,0.015440933785045817,31.483086057737545,0.0,6.803446694902959e-12,1.1368683772161603e-13
372,0.3875,0.12222861491343531,-0.25522406927452124,0.3002176447578574,377.9123910344171,21.391739310394215,41.391739310394186,8.876661664989339,0.0,0.0,0.015440933785045817,31.513967925307632,0.0,6.643574579356937e-13,4.263256414560601e-14
373,0.3885416666666667,0.12228874059120003,-0.2553724262873924,0.3002182312390111,378.2828250882453,21.42256105228654,41.42256105228651,8.876661664989339,0.0,0.0,0.015440933785045817,31.544849792877727,0.0,3.6131098113401094e-12,4.4938668397781776e-14
374,0.38958333333333334,0.12234886626896474,-0.2555207833002635,0.3002188177201648,378.6532591420735,21.453382794178864,41.453382794178836,8.876661664989339,0.0,0.0,0.015440933785045817,31.575731660447815,0.0,-7.069900220812997e-13,1.154495294690031e-13
375,0.390625,0.12240899194672945,-0.25566914031313465,0.3002194042013185,379.0236931959017,21.48420453607119,41.48420453607116,8.876661664989339,0.0,0.0,0.015440933785045817,31.606613528017906,0.0,2.2453150450019166e-12,1.4210854715202004e-14
376,0.39166666666666666,0.12246911762449417,-0.2558174973260058,0.3002199906824722,379.39412724972993,21.515026277963514,41.515026277963486,8.876661664989339,0.0,0.0,0.015440933785045817,31.637495395587994,0.0,1.5631940186722204e-12,3.1776437161565096e-14
377,0.3927083333333333,0.12252924330225888,-0.2559658543388769,0.3002205771636259,379.76456130355814,21.54584801985584,41.54584801985581,8.876661664989339,0.0,0.0,0.015440933785045817,31.66837726315808,0.0,8.810729923425242e-13,1.1457157353758233e-13
378,0.39375,0.1225893689800236,-0.25611421135174806,0.3002211636447796,380.13499535738634,21.576669761748164,41.576669761748136,8.876661664989339,0.0,0.0,0.015440933785045817,31.699259130728173,0.0,7.471356866517453e-12,1.4210854715202004e-14
379,0.39479166666666665,0.12264949465778831,-0.2562625683646192,0.3002217501259333,380.50542941121455,21.60749150364049,41.60749150364046,8.876661664989339,0.0,0.0,0.015440933785045817,31.73014099829826,0.0,-4.867217739956686e-13,3.1776437161565096e-14
380,0.3958333333333333,0.12270962033555302,-0.25641092537749033,0.30022233660708697,380.87586346504276,21.638313245532814,41.638313245532785,8.876661664989339,0.0,0.0,0.015440933785045817,31.761022865868355,0.0,-1.1759482276829658e-12,1.1457157353758233e-13
381,0.396875,0.12276974601331773,-0.25655928239036146,0.30022292308824067,381.24629751887096,21.66913498742514,41.66913498742511,8.876661664989339,0.0,0.0,0.015440933785045817,31.791904733438443,0.0,5.417888360170764e-12,3.1776437161565096e-14
382,0.39791666666666664,0.12282987169108245,-0.2567076394032326,0.30022350956939436,381.61673157269917,21.699956729317464,41.699956729317435,8.876661664989339,0.0,0.0,0.015440933785045817,31.822786601008534,0.0,1.0942358130705543e-12,3.1776437161565096e-14
383,0.3989583333333333,0.12288999736884716,-0.25685599641610374,0.30022409605054806,381.98716562652737,21.73077847120979,41.73077847120976,8.876661664989339,0.0,0.0,0.015440933785045817,31.853668468578622,0.0,4.050093593832571e-12,1.1457157353758233e-13
384,0.4,0.12295012304661188,-0.2570043534289749,0.30022468253170176,382.3575996803556,21.761600213102113,41.761600213102085,8.876661664989339,0.0,0.0,0.015440933785045817,31.88455033614871,0.0,-2.7000623958883807e-13,1.4210854715202004e-14
