tick,time_s,body_wx,body_wy,body_wz,engine_absolute_omega,left_absolute_omega,right_absolute_omega,clutch_torque_nm,clutch_slip_radps,clutch_work_j,BE_loss_j,combustion_work_j,external_output_work_j,energy_balance_j,momentum_balance_nms
1,0.0005208333333333333,0.09918365111595019,-0.19985027512194595,0.29999610824749745,199.73958333333334,-10.425347222222223,-10.428240740740742,250,76.0081096440689,9.896889276571471,0.33530270801291406,15.620268250660569,-0.2715235580632716,2.070565940925917e-14,1.152548159946469e-13
2,0.0010416666666666667,0.09836730223190038,-0.19970055024389188,0.2999922164949949,199.47916666666669,-10.850694444444446,-10.856481481481485,250,70.61621928813778,9.194820219809609,0.33530270801291406,15.59991150132114,-0.2826304494598766,9.663381206337363e-13,1.8946649804618687e-14
3,0.0015625,0.09755095334785056,-0.19955082536583782,0.2999883247424924,199.21875000000003,-11.27604166666667,-11.284722222222227,250,65.22432893220669,8.492751163047746,0.33530270801291406,15.579554751981707,-0.2937373408564816,9.658940314238862e-14,2.023518314107886e-14
4,0.0020833333333333333,0.09673460446380075,-0.19940110048778376,0.29998443298998984,198.95833333333337,-11.701388888888893,-11.712962962962969,250,59.83243857627561,7.790682106285887,0.33530270801291406,15.559198002642278,-0.30484423225308654,1.045719066894435e-12,1.198368147775933e-13
5,0.0026041666666666665,0.09591825557975094,-0.1992513756097297,0.2999805412374873,198.6979166666667,-12.126736111111116,-12.141203703703711,250,54.44054822034448,7.088613049524022,0.33530270801291406,15.538841253302847,-0.3159511236496915,-7.389089340392729e-13,4.789831473603539e-14
6,0.003125,0.09510190669570112,-0.19910165073167563,0.29997664948498476,198.43750000000006,-12.55208333333334,-12.569444444444454,250,49.0486578644134,6.386543992762162,0.33530270801291406,15.518484503963418,-0.3270580150462965,2.029265644409861e-12,1.1496269924540665e-13
7,0.0036458333333333334,0.09428555781165131,-0.19895192585362156,0.2999727577324822,198.1770833333334,-12.977430555555562,-12.997685185185196,250,43.65676750848229,5.684474936000298,0.33530270801291406,15.498127754623987,-0.3381649064429014,2.481348460037225e-13,1.8946649804618687e-14
8,0.004166666666666667,0.0934692089276015,-0.1988022009755675,0.2999688659799797,197.91666666666674,-13.402777777777786,-13.425925925925938,250,38.26487715255118,4.982405879238435,0.33530270801291406,15.477771005284556,-0.34927179783950646,2.843281166065026e-13,2.023518314107886e-14
9,0.0046875,0.09265286004355168,-0.19865247609751344,0.29996497422747714,197.65625000000009,-13.828125000000009,-13.85416666666668,250,32.87298679662007,4.280336822476571,0.33530270801291406,15.457414255945125,-0.36037868923611144,-5.890288257148768e-13,1.152548159946469e-13
10,0.005208333333333333,0.09183651115950187,-0.19850275121945937,0.2999610824749746,197.39583333333343,-14.253472222222232,-14.282407407407423,250,27.481096440688958,3.5782677657147084,0.33530270801291406,15.437057506605694,-0.37148558063271636,3.5832448119776927e-13,2.3327250937894287e-14
11,0.005729166666666666,0.09102016227545205,-0.1983530263414053,0.29995719072247207,197.13541666666677,-14.678819444444455,-14.710648148148165,250,22.089206084757876,2.8761987089528485,0.33530270801291406,15.416700757266264,-0.38259247202932134,1.3075096561010469e-12,1.152548159946469e-13
12,0.00625,0.09020381339140224,-0.19820330146335124,0.29995329896996953,196.8750000000001,-15.104166666666679,-15.138888888888907,250,16.697315728826766,2.1741296521909854,0.33530270801291406,15.396344007926832,-0.3936993634259263,4.359290706190677e-13,1.7079963309350698e-14
13,0.0067708333333333336,0.08938746450735242,-0.19805357658529718,0.299949407217467,196.61458333333346,-15.529513888888902,-15.56712962962965,250,11.305425372895684,1.4720605954291255,0.33530270801291406,15.375987258587402,-0.40480625482253124,-4.3393066917474243e-13,2.3327250937894287e-14
14,0.007291666666666667,0.08857111562330261,-0.19790385170724312,0.29994551546496445,196.3541666666668,-15.954861111111125,-15.995370370370392,250,5.913535016964602,0.7699915386672659,0.33530270801291406,15.355630509247973,-0.4159131462191362,1.4247492075014634e-12,1.2316029606881927e-13
15,0.0078125,0.0877547667392528,-0.19775412682918905,0.2999416237124619,196.09375000000014,-16.380208333333346,-16.423611111111132,250,0.5216446610334913,0.06792248190540251,0.33530270801291134,15.33527375990854,-0.4270200376157412,-1.2693734952051727e-12,2.023518314107886e-14
16,0.008333333333333333,0.08761777075524928,-0.1978554753402523,0.29994124676168255,196.37353804296768,-16.445419082466092,-16.491715378762397,42.56139150046188,-2.842170943040401e-14,-6.300351573853095e-16,0.015850761337800556,15.357140118617806,-0.42874837502564095,1.0849654508149342e-12,2.3327250937894287e-14
17,0.008854166666666666,0.08755353923436886,-0.19798371594283729,0.2999412462760075,196.7111865965335,-16.472056157866653,-16.521245972681477,20.342955430723535,0.0,0.0,0.012832498693974985,15.383528930662214,-0.42947218968209844,-2.4302782009044677e-13,1.1843304135516061e-14
18,0.009375,0.08748930771348844,-0.19811195654542227,0.29994124579033243,197.04883515009934,-16.498693233267215,-16.550776566600558,20.342955430723535,0.0,0.0,0.012832498693974985,15.409917742706622,-0.43019600433855604,7.649991751179641e-13,2.851945687116359e-14
19,0.009895833333333333,0.08742507619260802,-0.19824019714800725,0.2999412453046574,197.38648370366516,-16.525330308667776,-16.580307160519638,20.342955430723535,-2.842170943040401e-14,-3.0113623344150183e-16,0.012832498693974985,15.43630655475103,-0.4309198189950135,-4.6074255521943996e-14,3.855712907922857e-14
20,0.010416666666666666,0.0873608446717276,-0.19836843775059224,0.2999412448189823,197.724132257231,-16.551967384068337,-16.60983775443872,20.342955430723535,-2.842170943040401e-14,-3.0113623344150183e-16,0.012832498693974985,15.462695366795437,-0.43164363365147107,-8.570921750106208e-13,3.4158002075138607e-14
21,0.0109375,0.08729661315084718,-0.19849667835317722,0.29994124433330727,198.06178081079682,-16.578604459468895,-16.639368348357795,20.342955430722327,0.0,0.0,0.012832498693974624,15.489084178839843,-0.4323674483079285,1.0620393453564247e-12,2.851945687116359e-14
22,0.011458333333333333,0.08723238162996676,-0.1986249189557622,0.2999412438476322,198.39942936436265,-16.605241534869457,-16.668898942276876,20.342955430723535,2.842170943040401e-14,3.0113623344150183e-16,0.012832498693974985,15.515472990884252,-0.4330912629643861,-6.601941215933493e-13,2.023518314107886e-14
23,0.011979166666666666,0.08716815010908634,-0.1987531595583472,0.29994124336195715,198.73707791792847,-16.631878610270018,-16.698429536195956,20.342955430724746,2.842170943040401e-14,3.0113623344151977e-16,0.012832498693974985,15.541861802928658,-0.43381507762084354,1.2589373987736963e-12,3.855712907922857e-14
24,0.0125,0.08710391858820592,-0.19888140016093217,0.2999412428762821,199.0747264714943,-16.65851568567058,-16.727960130115036,20.342955430724746,0.0,0.0,0.012832498693974985,15.568250614973065,-0.4345388922773011,-4.615752224879088e-13,3.855712907922857e-14
25,0.013020833333333334,0.0870396870673255,-0.19900964076351715,0.29994124239060704,199.41237502506013,-16.68515276107114,-16.757490724034117,20.342955430724746,0.0,0.0,0.012832498693974985,15.594639427017471,-0.4352627069337586,5.48172618408671e-13,4.9454118618723144e-14
26,0.013541666666666667,0.08697545554644508,-0.19913788136610214,0.299941241904932,199.75002357862596,-16.711789836471702,-16.787021317953197,20.342955430723535,0.0,0.0,0.012832498693974985,15.62102823906188,-0.4359865215902161,-2.646771690706373e-13,3.855712907922857e-14
27,0.0140625,0.08691122402556466,-0.19926612196868712,0.29994124141925693,200.08767213219178,-16.738426911872264,-16.816551911872278,20.342955430723535,0.0,0.0,0.012832498693974985,15.647417051106288,-0.4367103362466737,-1.6614487563515468e-13,1.1843304135516061e-14
28,0.014583333333333334,0.08684699250468424,-0.1993943625712721,0.2999412409335819,200.4253206857576,-16.765063987272825,-16.846082505791358,20.342955430724746,0.0,0.0,0.012832498693974985,15.673805863150694,-0.4374341509031312,-6.59472476627343e-14,2.851945687116359e-14
29,0.015104166666666667,0.08678276098380382,-0.1995226031738571,0.2999412404479068,200.76296923932344,-16.791701062673386,-16.87561309971044,20.342955430723535,-2.842170943040401e-14,-3.0113623344150183e-16,0.012832498693974985,15.7001946751951,-0.4381579655595887,9.437450820826143e-13,2.023518314107886e-14
30,0.015625,0.0867185294629234,-0.19965084377644207,0.29994123996223176,201.10061779288927,-16.818338138073948,-16.90514369362952,20.342955430723535,0.0,0.0,0.012832498693974985,15.726583487239509,-0.43888178021604624,1.3095080575453721e-13,4.047361482045714e-14
31,0.01614583333333333,0.08665429794204298,-0.19977908437902706,0.2999412394765567,201.4382663464551,-16.84497521347451,-16.9346742875486,20.342955430723535,0.0,0.0,0.012832498693974985,15.752972299283917,-0.4396055948725038,-6.800671137341396e-13,2.023518314107886e-14
32,0.016666666666666666,0.08659006642116256,-0.19990732498161204,0.29994123899088165,201.77591490002092,-16.87161228887507,-16.96420488146768,20.342955430723535,-2.842170943040401e-14,-3.0113623344150183e-16,0.012832498693974985,15.779361111328322,-0.4403294095289613,3.2968072716244023e-13,2.3327250937894287e-14
33,0.0171875,0.08652583490028214,-0.20003556558419702,0.2999412385052066,202.11356345358675,-16.89824936427563,-16.99373547538676,20.342955430723535,-2.842170943040401e-14,-3.0113623344150183e-16,0.012832498693974985,15.80574992337273,-0.4410532241854188,-4.813927034774679e-13,1.1843304135516061e-14
34,0.017708333333333333,0.08646160337940172,-0.200163806186782,0.29994123801953154,202.45121200715258,-16.92488643967619,-17.023266069305837,20.342955430722327,0.0,0.0,0.012832498693974624,15.83213873541714,-0.4417770388418763,5.247469125890802e-13,1.1843304135516061e-14
35,0.018229166666666668,0.0863973718585213,-0.200292046789367,0.2999412375338565,202.7888605607184,-16.95152351507675,-17.052796663224917,20.342955430724746,2.842170943040401e-14,3.0113623344151977e-16,0.012832498693974985,15.858527547461545,-0.44250085349833373,6.248890294102694e-13,1.8946649804618687e-14
36,0.01875,0.08633314033764088,-0.20042028739195197,0.29994123704818143,203.12650911428423,-16.978160590477312,-17.082327257143998,20.342955430724746,2.842170943040401e-14,3.0113623344151977e-16,0.012832498693974985,15.88491635950595,-0.44322466815479133,-1.8429702208777599e-13,1.1843304135516061e-14
37,0.019270833333333334,0.08626890881676046,-0.20054852799453696,0.2999412365625064,203.46415766785006,-17.004797665877874,-17.11185785106308,20.342955430724746,0.0,0.0,0.012832498693974985,15.911305171550358,-0.4439484828112488,8.236189508181724e-13,2.023518314107886e-14
38,0.019791666666666666,0.08620467729588004,-0.20067676859712194,0.2999412360768313,203.8018062214159,-17.031434741278435,-17.14138844498216,20.342955430724746,0.0,0.0,0.012832498693974985,15.937693983594768,-0.4446722974677063,-8.987255384340642e-13,3.855712907922857e-14
39,0.0203125,0.08614044577499962,-0.20080500919970692,0.29994123559115626,204.13945477498171,-17.058071816678996,-17.17091903890124,20.342955430723535,0.0,0.0,0.012832498693974985,15.964082795639174,-0.4453961121241639,1.0205725153866751e-12,2.851945687116359e-14
40,0.020833333333333332,0.0860762142541192,-0.2009332498022919,0.2999412351054812,204.47710332854754,-17.084708892079558,-17.20044963282032,20.342955430723535,2.842170943040401e-14,3.0113623344150183e-16,0.012832498693974985,15.990471607683581,-0.4461199267806214,2.0949908474676704e-13,1.7079963309350698e-14
41,0.021354166666666667,0.08601198273323878,-0.2010614904048769,0.29994123461980615,204.81475188211337,-17.11134596748012,-17.2299802267394,20.342955430724746,0.0,0.0,0.012832498693974985,16.016860419727987,-0.44684374143707895,-5.997424779025096e-13,1.1843304135516061e-14
42,0.021875,0.08594775121235836,-0.20118973100746187,0.2999412341341311,205.1524004356792,-17.13798304288068,-17.25951082065848,20.342955430723535,-2.842170943040401e-14,-3.0113623344150183e-16,0.012832498693974985,16.043249231772396,-0.44756755609353643,-5.030975636088897e-13,1.1843304135516061e-14
43,0.022395833333333334,0.08588351969147794,-0.20131797161004686,0.29994123364845604,205.49004898924503,-17.164620118281242,-17.28904141457756,20.342955430723535,0.0,0.0,0.012832498693974985,16.069638043816802,-0.448291370749994,5.066502772876902e-13,1.1843304135516061e-14
44,0.022916666666666665,0.08581928817059752,-0.20144621221263184,0.299941233162781,205.82769754281085,-17.191257193681803,-17.31857200849664,20.342955430723535,0.0,0.0,0.012832498693974985,16.09602685586121,-0.4490151854064515,6.033507027325413e-13,2.023518314107886e-14
45,0.0234375,0.0857550566497171,-0.20157445281521683,0.29994123267710593,206.16534609637668,-17.217894269082365,-17.34810260241572,20.342955430723535,-2.842170943040401e-14,-3.0113623344150183e-16,0.012832498693974985,16.122415667905617,-0.449739000062909,-2.0594637106796654e-13,3.789676905618933e-14
46,0.02395833333333333,0.08569082512883668,-0.2017026934178018,0.2999412321914309,206.5029946499425,-17.244531344482926,-17.377633196334802,20.342955430723535,-2.842170943040401e-14,-3.0113623344150183e-16,0.012832498693974985,16.148804479950027,-0.45046281471936656,-1.092459456231154e-13,4.789831473603539e-14
47,0.024479166666666666,0.08562659360795626,-0.2018309340203868,0.2999412317057558,206.84064320350834,-17.271168419883484,-17.40716379025388,20.342955430722327,0.0,0.0,0.012832498693974624,16.175193291994432,-0.451186629375824,9.00390872971002e-13,1.1843304135516061e-14
48,0.025,0.08556236208707584,-0.20195917462297178,0.29994123122008076,207.17829175707416,-17.297805495284045,-17.43669438417296,20.342955430724746,2.842170943040401e-14,3.0113623344151977e-16,0.012832498693974985,16.201582104038838,-0.4519104440322816,9.120482147295661e-14,1.1843304135516061e-14
49,0.025520833333333333,0.08549813056619542,-0.20208741522555676,0.2999412307344057,207.51594031064,-17.324442570684607,-17.46622497809204,20.342955430724746,2.842170943040401e-14,3.0113623344151977e-16,0.012832498693974985,16.227970916083244,-0.452634258688739,1.9134693829414573e-13,1.1843304135516061e-14
50,0.026041666666666668,0.085433899045315,-0.20221565582814174,0.29994123024873065,207.85358886420582,-17.351079646085168,-17.49575557201112,20.342955430724746,0.0,0.0,0.012832498693974985,16.254359728127653,-0.45335807334519657,2.8804736373899686e-13,1.8946649804618687e-14
51,0.0265625,0.08536966752443458,-0.20234389643072673,0.2999412297630556,208.19123741777165,-17.37771672148573,-17.5252861659302,20.342955430724746,0.0,0.0,0.012832498693974985,16.280748540172063,-0.4540818880016541,-5.247469125890802e-13,3.855712907922857e-14
52,0.027083333333333334,0.08530543600355416,-0.2024721370333117,0.29994122927738054,208.52888597133747,-17.40435379688629,-17.55481675984928,20.342955430723535,0.0,0.0,0.012832498693974985,16.30713735221647,-0.4548057026581116,4.849454171562684e-13,2.023518314107886e-14
53,0.027604166666666666,0.08524120448267374,-0.2026003776358967,0.2999412287917055,208.8665345249033,-17.430990872286852,-17.58434735376836,20.342955430723535,2.842170943040401e-14,3.0113623344150183e-16,0.012832498693974985,16.333526164260874,-0.4555295173145692,-3.2424063434177697e-13,2.023518314107886e-14
54,0.028125,0.08517697296179332,-0.20272861823848168,0.2999412283060304,209.20418307846913,-17.457627947687413,-17.613877947687442,20.342955430724746,0.0,0.0,0.012832498693974985,16.359914976305284,-0.4562533319710267,6.818989817247711e-13,3.855712907922857e-14
55,0.028645833333333332,0.0851127414409129,-0.20285685884106666,0.29994122782035537,209.54183163203496,-17.484265023087975,-17.643408541606522,20.342955430723535,-2.842170943040401e-14,-3.0113623344150183e-16,0.012832498693974985,16.38630378834969,-0.4569771466274842,-1.2739809207573671e-13,1.7079963309350698e-14
56,0.029166666666666667,0.08504850992003248,-0.20298509944365165,0.2999412273346803,209.87948018560078,-17.510902098488536,-17.672939135525603,20.342955430723535,0.0,0.0,0.012832498693974985,16.412692600394095,-0.4577009612839417,8.823497488208432e-13,1.1843304135516061e-14
57,0.0296875,0.08498427839915206,-0.20311334004623663,0.29994122684900526,210.2171287391666,-17.537539173889098,-17.702469729444683,20.342955430723535,0.0,0.0,0.012832498693974985,16.439081412438505,-0.4584247759403992,-8.399947404313934e-13,2.023518314107886e-14
58,0.030208333333333334,0.08492004687827164,-0.2032415806488216,0.2999412263633302,210.55477729273244,-17.56417624928966,-17.732000323363764,20.342955430723535,-2.842170943040401e-14,-3.0113623344150183e-16,0.012832498693974985,16.46547022448291,-0.4591485905968568,1.698086116164177e-13,3.855712907922857e-14
59,0.030729166666666665,0.08485581535739121,-0.2033698212514066,0.29994122587765515,210.89242584629827,-17.59081332469022,-17.761530917282844,20.342955430723535,-2.842170943040401e-14,-3.0113623344150183e-16,0.012832498693974985,16.49185903652732,-0.4598724052533143,2.6645352591003757e-13,2.023518314107886e-14
60,0.03125,0.0847915838365108,-0.20349806185399158,0.2999412253919801,211.2300743998641,-17.617450400090778,-17.79106151120192,20.342955430722327,0.0,0.0,0.012832498693974624,16.518247848571725,-0.4605962199097718,-5.428435478904703e-13,1.8946649804618687e-14
61,0.03177083333333333,0.08472735231563037,-0.20362630245657656,0.29994122490630504,211.56772295342992,-17.64408747549134,-17.820592105121,20.342955430724746,2.842170943040401e-14,3.0113623344151977e-16,0.012832498693974985,16.54463666061613,-0.4613200345662292,4.667932707036471e-13,1.1843304135516061e-14
62,0.03229166666666666,0.08466312079474995,-0.20375454305916155,0.29994122442063,211.90537150699575,-17.6707245508919,-17.85012269904008,20.342955430724746,2.842170943040401e-14,3.0113623344151977e-16,0.012832498693974985,16.571025472660537,-0.46204384922268676,-3.4244829194562953e-13,1.1843304135516061e-14
63,0.0328125,0.08459888927386953,-0.20388278366174653,0.2999412239349549,212.24302006056158,-17.697361626292462,-17.879653292959162,20.342955430724746,0.0,0.0,0.012832498693974985,16.597414284704946,-0.4627676638791443,6.637468352721498e-13,1.1843304135516061e-14
64,0.03333333333333333,0.08453465775298911,-0.20401102426433151,0.29994122344927987,212.5806686141274,-17.723998701693024,-17.909183886878242,20.342955430724746,0.0,0.0,0.012832498693974985,16.623803096749356,-0.46349147853560185,-1.4904744105592727e-13,2.851945687116359e-14
65,0.033854166666666664,0.0844704262321087,-0.2041392648669165,0.2999412229636048,212.91831716769323,-17.750635777093585,-17.938714480797323,20.342955430723535,0.0,0.0,0.012832498693974985,16.65019190879376,-0.4642152931920594,-4.879430193227563e-14,9.47505962578532e-15
66,0.034375,0.08440619471122827,-0.20426750546950148,0.29994122247792976,213.25596572125906,-17.777272852494146,-17.968245074716403,20.342955430723535,2.842170943040401e-14,3.0113623344150183e-16,0.012832498693974985,16.676580720838167,-0.4649391078485169,9.60898027813073e-13,3.855712907922857e-14
67,0.034895833333333334,0.08434196319034785,-0.20439574607208646,0.2999412219922547,213.5936142748249,-17.803909927894708,-17.997775668635484,20.342955430724746,0.0,0.0,0.012832498693974985,16.702969532882577,-0.46566292250497443,1.4810375148499588e-13,2.023518314107886e-14
68,0.035416666666666666,0.08427773166946743,-0.20452398667467145,0.29994122150657965,213.93126282839071,-17.83054700329527,-18.027306262554564,20.342955430723535,-2.842170943040401e-14,-3.0113623344150183e-16,0.012832498693974985,16.729358344926982,-0.4663867371614319,-6.61193322315512e-13,2.851945687116359e-14
69,0.0359375,0.08421350014858701,-0.20465222727725643,0.2999412210209046,214.26891138195654,-17.85718407869583,-18.056836856473645,20.342955430723535,0.0,0.0,0.012832498693974985,16.75574715697139,-0.46711055181788946,3.485545185810679e-13,1.1843304135516061e-14
70,0.036458333333333336,0.0841492686277066,-0.20478046787984142,0.29994122053522954,214.60655993552237,-17.883821154096392,-18.086367450392725,20.342955430723535,0.0,0.0,0.012832498693974985,16.782135969015798,-0.467834366474347,4.4525494402591903e-13,1.7079963309350698e-14
71,0.03697916666666667,0.08408503710682617,-0.2049087084824264,0.2999412200495545,214.9442084890882,-17.910458229496953,-18.115898044311805,20.342955430723535,0.0,0.0,0.012832498693974985,16.808524781060207,-0.4685581811308045,-3.6759484345338933e-13,2.3327250937894287e-14
72,0.0375,0.08402080558594575,-0.20503694908501138,0.2999412195638794,215.28185704265402,-17.937095304897515,-18.145428638230886,20.342955430723535,-2.842170943040401e-14,-3.0113623344150183e-16,0.012832498693974985,16.834913593104613,-0.46928199578726204,6.421529974431905e-13,1.1843304135516061e-14
73,0.03802083333333333,0.08395657406506533,-0.20516518968759637,0.29994121907820437,215.61950559621985,-17.963732380298072,-18.174959232149963,20.342955430722327,0.0,0.0,0.012832498693974624,16.86130240514902,-0.4700058104437195,-1.6719958750854857e-13,1.1843304135516061e-14
74,0.03854166666666667,0.08389234254418491,-0.20529343029018135,0.2999412185925293,215.95715414978568,-17.990369455698634,-18.204489826069043,20.342955430724746,2.842170943040401e-14,3.0113623344151977e-16,0.012832498693974985,16.887691217193424,-0.4707296251001771,8.426037645392626e-13,2.023518314107886e-14
75,0.0390625,0.0838281110233045,-0.20542167089276633,0.29994121810685426,216.2948027033515,-18.017006531099195,-18.234020419988124,20.342955430724746,2.842170943040401e-14,3.0113623344151977e-16,0.012832498693974985,16.914080029237834,-0.4714534397566345,-8.797962358642053e-13,1.7079963309350698e-14
76,0.03958333333333333,0.08376387950242407,-0.20554991149535132,0.2999412176211792,216.63245125691734,-18.043643606499757,-18.263551013907204,20.342955430724746,0.0,0.0,0.012832498693974985,16.94046884128224,-0.47217725441309205,-7.795430967405537e-13,2.023518314107886e-14
77,0.04010416666666666,0.08369964798154365,-0.2056781520979363,0.29994121713550415,216.97009981048316,-18.070280681900318,-18.293081607826284,20.342955430724746,0.0,0.0,0.012832498693974985,16.96685765332665,-0.4729010690695496,1.136146732250154e-12,1.2004727932766053e-13
78,0.040625,0.08363541646066323,-0.20580639270052128,0.2999412166498291,217.307748364049,-18.09691775730088,-18.322612201745365,20.342955430723535,0.0,0.0,0.012832498693974985,16.993246465371055,-0.4736248837260071,-5.826450433232822e-13,2.851945687116359e-14
79,0.04114583333333333,0.08357118493978281,-0.20593463330310627,0.29994121616415403,217.64539691761482,-18.12355483270144,-18.352142795664445,20.342955430724746,2.842170943040401e-14,3.0113623344151977e-16,0.012832498693974985,17.019635277415464,-0.4743486983824647,2.242594998591585e-12,1.1843304135516061e-14
80,0.041666666666666664,0.0835069534189024,-0.20606287390569125,0.299941215678479,217.98304547118065,-18.150191908102002,-18.381673389583526,20.342955430724746,0.0,0.0,0.012832498693974985,17.04602408945987,-0.4750725130389222,-1.2951861805277076e-12,1.7079963309350698e-14
81,0.0421875,0.08344272189802197,-0.20619111450827624,0.2999412151928039,218.32069402474647,-18.176828983502563,-18.411203983502606,20.342955430723535,-2.842170943040401e-14,-3.0113623344150183e-16,0.012832498693974985,17.072412901504276,-0.47579632769537966,6.240008509905692e-13,1.1843304135516061e-14
82,0.042708333333333334,0.08337849037714155,-0.20631935511086122,0.29994121470712887,218.6583425783123,-18.203466058903125,-18.440734577421686,20.342955430723535,0.0,0.0,0.012832498693974985,17.098801713548685,-0.4765201423518372,-1.8879342533750787e-13,2.851945687116359e-14
83,0.043229166666666666,0.08331425885626113,-0.2064475957134462,0.2999412142214538,218.99599113187813,-18.230103134303686,-18.470265171340767,20.342955430723535,0.0,0.0,0.012832498693974985,17.12519052559309,-0.4772439570082947,-8.859579736508749e-14,1.1843304135516061e-14
84,0.04375,0.08325002733538071,-0.2065758363160312,0.29994121373577876,219.33363968544396,-18.256740209704247,-18.499795765259847,20.342955430723535,0.0,0.0,0.012832498693974985,17.1515793376375,-0.47796777166475224,1.82709403162562e-12,1.1843304135516061e-14
85,0.044270833333333336,0.0831857958145003,-0.20670407691861617,0.2999412132501037,219.67128823900978,-18.28337728510481,-18.529326359178928,20.342955430723535,-2.842170943040401e-14,-3.0113623344150183e-16,0.012832498693974985,17.177968149681906,-0.4786915863212098,-8.01136934569513e-13,1.7079963309350698e-14
86,0.04479166666666667,0.08312156429361987,-0.20683231752120115,0.29994121276442864,220.0089367925756,-18.310014360505367,-18.558856953098005,20.342955430722327,0.0,0.0,0.012832498693974624,17.20435696172631,-0.47941540097766727,-7.009393065970926e-13,2.023518314107886e-14
87,0.0453125,0.08305733277273945,-0.20696055812378614,0.2999412122787536,220.34658534614144,-18.336651435905928,-18.588387547017085,20.342955430724746,2.842170943040401e-14,3.0113623344151977e-16,0.012832498693974985,17.23074577377072,-0.4801392156341247,3.051447983182243e-13,1.1843304135516061e-14
88,0.04583333333333333,0.08299310125185903,-0.20708879872637112,0.29994121179307853,220.68423389970727,-18.36328851130649,-18.617918140936165,20.342955430724746,2.842170943040401e-14,3.0113623344151977e-16,0.012832498693974985,17.257134585815127,-0.48086303029058225,1.3148926392148041e-12,1.1843304135516061e-14
89,0.04635416666666667,0.08292886973097861,-0.2072170393289561,0.2999412113074035,221.0218824532731,-18.38992558670705,-18.647448734855246,20.342955430724746,0.0,0.0,0.012832498693974985,17.283523397859536,-0.4815868449470398,-4.073963388862012e-13,2.851945687116359e-14
90,0.046875,0.0828646382100982,-0.2073452799315411,0.2999412108217284,221.35953100683892,-18.416562662107612,-18.676979328774326,20.342955430724746,0.0,0.0,0.012832498693974985,17.309912209903942,-0.48231065960349734,6.023515020103787e-13,4.737044090827596e-14
91,0.04739583333333333,0.08280040668921777,-0.20747352053412607,0.29994121033605337,221.69717956040475,-18.443199737508174,-18.706509922693407,20.342955430723535,0.0,0.0,0.012832498693974985,17.33630102194835,-0.4830344742599549,-1.1199374760906267e-12,2.023518314107886e-14
92,0.04791666666666666,0.08273617516833735,-0.20760176113671105,0.2999412098503783,222.03482811397058,-18.469836812908735,-18.736040516612487,20.342955430724746,2.842170943040401e-14,3.0113623344151977e-16,0.012832498693974985,17.362689833992757,-0.48375828891641237,7.992495554276502e-13,2.3327250937894287e-14
93,0.0484375,0.08267194364745693,-0.20773000173929604,0.29994120936470325,222.3724766675364,-18.496473888309296,-18.765571110531567,20.342955430724746,0.0,0.0,0.012832498693974985,17.389078646037163,-0.4844821035728699,-9.992007221626409e-15,1.1843304135516061e-14
94,0.04895833333333333,0.08260771212657651,-0.20785824234188102,0.2999412088790282,222.71012522110223,-18.523110963709858,-18.795101704450648,20.342955430723535,-2.842170943040401e-14,-3.0113623344150183e-16,0.012832498693974985,17.415467458081572,-0.4852059182293274,8.665290707199347e-14,1.1843304135516061e-14
95,0.049479166666666664,0.08254348060569609,-0.207986482944466,0.29994120839335314,223.04777377466806,-18.54974803911042,-18.82463229836973,20.342955430723535,0.0,0.0,0.012832498693974985,17.441856270125978,-0.48592973288578495,1.869060461956451e-13,9.47505962578532e-15
96,0.05,0.08247924908481567,-0.208114723547051,0.2999412079076781,223.3854223282339,-18.57638511451098,-18.85416289228881,20.342955430723535,0.0,0.0,0.012832498693974985,17.468245082170387,-0.4866535475422425,2.8360647164049624e-13,2.851945687116359e-14
97,0.050520833333333334,0.08241501756393525,-0.20824296414963597,0.29994120742200303,223.7230708817997,-18.60302218991154,-18.88369348620789,20.342955430723535,0.0,0.0,0.012832498693974985,17.494633894214793,-0.4873773621987,3.838040996129166e-13,2.851945687116359e-14
98,0.051041666666666666,0.08235078604305483,-0.20837120475222096,0.299941206936328,224.06071943536554,-18.629659265312103,-18.91322408012697,20.342955430723535,-2.842170943040401e-14,-3.0113623344150183e-16,0.012832498693974985,17.5210227062592,-0.4881011768551575,-4.2543746303636e-13,3.855712907922857e-14
99,0.0515625,0.08228655452217441,-0.20849944535480594,0.2999412064506529,224.39836798893137,-18.65629634071266,-18.942754674046046,20.342955430722327,0.0,0.0,0.012832498693974624,17.54741151830361,-0.48882499151161496,5.806466418789569e-13,2.023518314107886e-14
100,0.052083333333333336,0.08222232300129399,-0.20862768595739092,0.29994120596497786,224.7360165424972,-18.682933416113222,-18.972285267965127,20.342955430724746,2.842170943040401e-14,3.0113623344151977e-16,0.012832498693974985,17.573800330348014,-0.48954880616807256,-1.1380341113920167e-12,9.47505962578532e-15
101,0.05260416666666667,0.08215809148041357,-0.2087559265599759,0.2999412054793028,225.07366509606302,-18.709570491513784,-19.001815861884207,20.342955430724746,2.842170943040401e-14,3.0113623344151977e-16,0.012832498693974985,17.600189142392423,-0.49027262082453,-1.3195000647669985e-13,1.1843304135516061e-14
102,0.053125,0.08209385995953315,-0.2088841671625609,0.29994120499362775,225.41131364962885,-18.736207566914345,-19.031346455803288,20.342955430724746,0.0,0.0,0.012832498693974985,17.62657795443683,-0.49099643548098754,-3.169686735304822e-14,1.1843304135516061e-14
103,0.05364583333333333,0.08202962843865273,-0.20901240776514587,0.2999412045079527,225.74896220319468,-18.762844642314906,-19.060877049722368,20.342955430724746,0.0,0.0,0.012832498693974985,17.65296676648124,-0.4917202501374451,1.8839929616376594e-12,2.3327250937894287e-14
104,0.05416666666666667,0.08196539691777231,-0.20914064836773086,0.29994120402227764,226.0866107567605,-18.789481717715468,-19.09040764364145,20.342955430723535,0.0,0.0,0.012832498693974985,17.679355578525644,-0.49244406479390257,-7.442935157087049e-13,2.851945687116359e-14
105,0.0546875,0.08190116539689189,-0.20926888897031584,0.2999412035366026,226.42425931032633,-18.81611879311603,-19.11993823756053,20.342955430724746,2.842170943040401e-14,3.0113623344151977e-16,0.012832498693974985,17.70574439057005,-0.49316787945036017,2.655098363391062e-13,3.789676905618933e-14
106,0.05520833333333333,0.08183693387601147,-0.20939712957290083,0.29994120305092753,226.76190786389216,-18.84275586851659,-19.14946883147961,20.342955430724746,0.0,0.0,0.012832498693974985,17.732133202614456,-0.49389169410681766,3.6570746431152656e-13,2.023518314107886e-14
107,0.05572916666666666,0.08177270235513105,-0.2095253701754858,0.2999412025652525,227.099556417458,-18.869392943917152,-19.17899942539869,20.342955430723535,-2.842170943040401e-14,-3.0113623344150183e-16,0.012832498693974985,17.758522014658865,-0.49461550876327515,4.623523786051464e-13,2.023518314107886e-14
108,0.05625,0.08170847083425063,-0.2096536107780708,0.2999412020795774,227.43720497102382,-18.896030019317713,-19.20853001931777,20.342955430723535,0.0,0.0,0.012832498693974985,17.784910826703275,-0.4953393234197327,-3.5044189772293066e-13,1.1843304135516061e-14
109,0.05677083333333333,0.08164423931337021,-0.20978185138065578,0.29994120159390236,227.77485352458964,-18.922667094718275,-19.23806061323685,20.342955430723535,0.0,0.0,0.012832498693974985,17.81129963874768,-0.4960631380761902,1.5687451337953462e-12,3.855712907922857e-14
110,0.057291666666666664,0.08158000779248979,-0.20991009198324076,0.2999412011082273,228.11250207815547,-18.949304170118836,-19.26759120715593,20.342955430723535,0.0,0.0,0.012832498693974985,17.837688450792086,-0.4967869527326478,-1.0594303212485556e-12,4.7368359235022695e-14
111,0.057812499999999996,0.08151577627160937,-0.21003833258582574,0.29994120062255225,228.4501506317213,-18.975941245519397,-19.29712180107501,20.342955430723535,-2.842170943040401e-14,-3.0113623344150183e-16,0.012832498693974985,17.864077262836496,-0.49751076738910527,-5.3290705182007514e-14,3.855712907922857e-14
112,0.058333333333333334,0.08145154475072895,-0.21016657318841073,0.2999412001368772,228.78779918528713,-19.002578320919955,-19.32665239499409,20.342955430722327,0.0,0.0,0.012832498693974624,17.8904660748809,-0.49823458204556276,4.6906922790412864e-14,2.023518314107886e-14
113,0.058854166666666666,0.08138731322984853,-0.2102948137909957,0.29994119965120214,229.12544773885296,-19.029215396320517,-19.35618298891317,20.342955430724746,2.842170943040401e-14,3.0113623344151977e-16,0.012832498693974985,17.916854886925307,-0.4989583967020202,1.4704903961160198e-13,3.855712907922857e-14
114,0.059375,0.08132308170896811,-0.2104230543935807,0.2999411991655271,229.46309629241878,-19.055852471721078,-19.38571358283225,20.342955430724746,2.842170943040401e-14,3.0113623344151977e-16,0.012832498693974985,17.943243698969717,-0.49968221135847773,2.437494650564531e-13,4.789831473603539e-14
115,0.059895833333333336,0.08125885018808769,-0.21055129499616568,0.29994119867985203,229.8007448459846,-19.08248954712164,-19.41524417675133,20.342955430724746,2.842170943040401e-14,3.0113623344151977e-16,0.012832498693974985,17.969632511014126,-0.5004060260149353,-5.689893001203927e-13,9.47505962578532e-15
116,0.06041666666666667,0.08119461866720727,-0.21067953559875066,0.299941198194177,230.13839339955044,-19.1091266225222,-19.44477477067041,20.342955430724746,0.0,0.0,0.012832498693974985,17.99602132305853,-0.5011298406713929,4.4075854077618715e-13,1.1843304135516061e-14
117,0.0609375,0.08113038714632685,-0.21080777620133564,0.2999411977085019,230.47604195311627,-19.135763697922762,-19.47430536458949,20.342955430723535,0.0,0.0,0.012832498693974985,18.022410135102938,-0.5018536553278503,2.3598900611432327e-12,1.1843304135516061e-14
118,0.06145833333333333,0.08106615562544643,-0.21093601680392063,0.29994119722282686,230.8136905066821,-19.162400773323323,-19.50383595850857,20.342955430724746,2.842170943040401e-14,3.0113623344151977e-16,0.012832498693974985,18.048798947147343,-0.5025774699843079,-1.1778356068248286e-12,1.1843304135516061e-14
119,0.06197916666666667,0.08100192410456601,-0.2110642574065056,0.2999411967371518,231.15133906024792,-19.189037848723885,-19.53336655242765,20.342955430724746,0.0,0.0,0.012832498693974985,18.075187759191753,-0.5033012846407654,-1.716404796070492e-13,1.1843304135516061e-14
120,0.0625,0.08093769258368559,-0.2111924980090906,0.29994119625147675,231.48898761381375,-19.215674924124446,-19.56289714634673,20.342955430723535,-2.842170943040401e-14,-3.0113623344150183e-16,0.012832498693974985,18.10157657123616,-0.504025099297223,-9.808820422563258e-13,3.789676905618933e-14
121,0.06302083333333333,0.08087346106280517,-0.21132073861167558,0.2999411957658017,231.82663616737958,-19.242311999525008,-19.592427740265812,20.342955430723535,0.0,0.0,0.012832498693974985,18.127965383280568,-0.5047489139536805,9.348077867343818e-13,4.789831473603539e-14
122,0.06354166666666666,0.08080922954192475,-0.21144897921426056,0.29994119528012664,232.1642847209454,-19.26894907492557,-19.621958334184892,20.342955430723535,0.0,0.0,0.012832498693974985,18.154354195324974,-0.505472728610138,1.0350609258580334e-12,1.1843304135516061e-14
123,0.0640625,0.08074499802104433,-0.21157721981684555,0.2999411947944516,232.50193327451123,-19.29558615032613,-19.651488928103973,20.342955430724746,0.0,0.0,0.012832498693974985,18.18074300736938,-0.5061965432665955,2.2570834090629432e-13,1.1843304135516061e-14
124,0.06458333333333333,0.08068076650016391,-0.21170546041943053,0.2999411943087765,232.83958182807706,-19.32222322572669,-19.681019522023053,20.342955430723535,-2.842170943040401e-14,-3.0113623344150183e-16,0.012832498693974985,18.20713181941379,-0.506920357923053,3.2240876635114546e-13,1.1843304135516061e-14
125,0.06510416666666667,0.08061653497928349,-0.2118337010220155,0.29994119382310147,233.1772303816429,-19.34886030112725,-19.71055011594213,20.342955430722327,0.0,0.0,0.012832498693974624,18.233520631458195,-0.5076441725795104,-2.30593322214645e-12,2.3683832682980945e-14
126,0.065625,0.08055230345840307,-0.2119619416246005,0.2999411933374264,233.5148789352087,-19.37549737652781,-19.74008070986121,20.342955430724746,2.842170943040401e-14,3.0113623344151977e-16,0.012832498693974985,18.2599094435026,-0.508367987235968,1.4322987240689145e-12,1.1843304135516061e-14
127,0.06614583333333333,0.08048807193752265,-0.21209018222718548,0.29994119285175136,233.85252748877454,-19.402134451928372,-19.76961130378029,20.342955430724746,2.842170943040401e-14,3.0113623344151977e-16,0.012832498693974985,18.28629825554701,-0.5090918018924255,6.195044477408373e-13,1.1843304135516061e-14
128,0.06666666666666667,0.08042384041664223,-0.21221842282977046,0.2999411923660763,234.19017604234037,-19.428771527328934,-19.79914189769937,20.342955430724746,2.842170943040401e-14,3.0113623344151977e-16,0.012832498693974985,18.31268706759142,-0.5098156165488831,-1.9328982858723975e-13,2.851945687116359e-14
129,0.0671875,0.08035960889576181,-0.21234666343235545,0.29994119188040125,234.5278245959062,-19.455408602729495,-19.828672491618452,20.342955430724746,0.0,0.0,0.012832498693974985,18.339075879635825,-0.5105394312053406,8.164580123093401e-13,1.1843304135516061e-14
130,0.06770833333333333,0.08029537737488139,-0.21247490403494043,0.2999411913947262,234.86547314947202,-19.482045678130056,-19.858203085537532,20.342955430723535,0.0,0.0,0.012832498693974985,18.36546469168023,-0.511263245861798,7.105427357601002e-15,9.47505962578532e-15
131,0.06822916666666666,0.08023114585400097,-0.21260314463752542,0.29994119090905114,235.20312170303785,-19.508682753530618,-19.887733679456613,20.342955430724746,2.842170943040401e-14,3.0113623344151977e-16,0.012832498693974985,18.391853503724636,-0.5119870605182556,-8.021361352916756e-13,1.1843304135516061e-14
132,0.06875,0.08016691433312055,-0.2127313852401104,0.2999411904233761,235.54077025660368,-19.53531982893118,-19.917264273375693,20.342955430724746,0.0,0.0,0.012832498693974985,18.418242315769046,-0.5127108751747131,1.113553693699032e-12,1.1843304135516061e-14
133,0.06927083333333334,0.08010268281224013,-0.21285962584269538,0.299941189937701,235.8784188101695,-19.56195690433174,-19.946794867294773,20.342955430723535,-2.842170943040401e-14,-3.0113623344150183e-16,0.012832498693974985,18.44463112781345,-0.5134346898311707,3.043121310497554e-13,1.1843304135516061e-14
134,0.06979166666666667,0.08003845129135971,-0.21298786644528037,0.29994118945202597,236.21606736373533,-19.588593979732302,-19.976325461213854,20.342955430723535,0.0,0.0,0.012832498693974985,18.47101993985786,-0.5141585044876282,4.0101255649460654e-13,1.1843304135516061e-14
135,0.0703125,0.07997421977047929,-0.21311610704786535,0.2999411889663509,236.55371591730116,-19.615231055132863,-20.005856055132934,20.342955430723535,0.0,0.0,0.012832498693974985,18.497408751902267,-0.5148823191440857,-4.083400284571326e-13,2.3683832682980945e-14
136,0.07083333333333333,0.07990998824959887,-0.21324434765045033,0.29994118848067586,236.891364470867,-19.641868130533425,-20.035386649052015,20.342955430724746,0.0,0.0,0.012832498693974985,18.523797563946676,-0.5156061338005432,-3.1163960301228144e-13,1.1843304135516061e-14
137,0.07135416666666666,0.07984575672871845,-0.21337258825303532,0.2999411879950008,237.22901302443282,-19.668505205933986,-20.064917242971095,20.342955430723535,-2.842170943040401e-14,-3.0113623344150183e-16,0.012832498693974985,18.550186375991082,-0.5163299484570008,6.981082378842984e-13,1.1843304135516061e-14
138,0.071875,0.07978152520783803,-0.2135008288556203,0.29994118750932575,237.56666157799864,-19.695142281334544,-20.094447836890172,20.342955430722327,0.0,0.0,0.012832498693974624,18.576575188035488,-0.5170537631134582,-1.020739048840369e-12,2.023518314107886e-14
139,0.07239583333333333,0.07971729368695761,-0.21362906945820528,0.2999411870236507,237.90431013156447,-19.721779356735105,-20.123978430809252,20.342955430724746,2.842170943040401e-14,3.0113623344151977e-16,0.012832498693974985,18.602964000079897,-0.5177775777699157,1.804445481923267e-12,1.1843304135516061e-14
140,0.07291666666666667,0.07965306216607719,-0.21375731006079027,0.29994118653797563,238.2419586851303,-19.748416432135667,-20.153509024728333,20.342955430724746,2.842170943040401e-14,3.0113623344151977e-16,0.012832498693974985,18.629352812124303,-0.5185013924263733,-8.237854842718662e-13,9.47505962578532e-15
141,0.0734375,0.07958883064519677,-0.21388555066337525,0.2999411860523006,238.57960723869613,-19.775053507536228,-20.183039618647413,20.342955430724746,2.842170943040401e-14,3.0113623344151977e-16,0.012832498693974985,18.655741624168712,-0.5192252070828308,-7.27085058827015e-13,1.1843304135516061e-14
142,0.07395833333333333,0.07952459912431635,-0.21401379126596023,0.2999411855666255,238.91725579226195,-19.80169058293679,-20.212570212566494,20.342955430724746,0.0,0.0,0.012832498693974985,18.682130436213118,-0.5199490217392884,2.1016521856154213e-12,5.1943674668100474e-14
143,0.07447916666666667,0.07946036760343593,-0.21414203186854522,0.29994118508095047,239.25490434582778,-19.82832765833735,-20.242100806485574,20.342955430723535,0.0,0.0,0.012832498693974985,18.708519248257524,-0.5206728363957458,-5.266898028821743e-13,3.855712907922857e-14
144,0.075,0.07939613608255551,-0.2142702724711302,0.2999411845952754,239.5925528993936,-19.854964733737912,-20.271631400404654,20.342955430724746,2.842170943040401e-14,3.0113623344151977e-16,0.012832498693974985,18.734908060301933,-0.5213966510522033,4.795053243356051e-13,1.1843304135516061e-14
145,0.07552083333333333,0.07933190456167509,-0.21439851307371519,0.29994118410960036,239.93020145295944,-19.881601809138473,-20.301161994323735,20.342955430724746,0.0,0.0,0.012832498693974985,18.76129687234634,-0.5221204657086609,-3.297362383136715e-13,1.1408099677883798e-13
146,0.07604166666666666,0.07926767304079467,-0.21452675367630017,0.2999411836239253,240.26785000652526,-19.908238884539035,-20.330692588242815,20.342955430723535,0.0,0.0,0.012832498693974985,18.78768568439075,-0.5228442803651184,-2.3303581286882036e-13,2.023518314107886e-14
147,0.0765625,0.07920344151991425,-0.21465499427888515,0.29994118313825024,240.6054985600911,-19.934875959939596,-20.360223182161896,20.342955430723535,0.0,0.0,0.012832498693974985,18.814074496435154,-0.523568095021576,7.767120280277595e-13,1.1843304135516061e-14
148,0.07708333333333334,0.07913920999903383,-0.21478323488147014,0.2999411826525752,240.94314711365692,-19.961513035340158,-20.389753776080976,20.342955430723535,0.0,0.0,0.012832498693974985,18.840463308479563,-0.5242919096780335,8.734124534726107e-13,3.855712907922857e-14
149,0.07760416666666667,0.07907497847815341,-0.21491147548405512,0.29994118216690013,241.28079566722275,-19.98815011074072,-20.419284370000057,20.342955430724746,0.0,0.0,0.012832498693974985,18.86685212052397,-0.525015724334491,6.405986852087153e-14,5.1943674668100474e-14
150,0.078125,0.07901074695727299,-0.2150397160866401,0.2999411816812251,241.61844422078858,-20.01478718614128,-20.448814963919137,20.342955430723535,-2.842170943040401e-14,-3.0113623344150183e-16,0.012832498693974985,18.893240932568375,-0.5257395389909485,-1.6546763959013333e-12,3.789676905618933e-14
151,0.07864583333333333,0.07894651543639257,-0.2151679566892251,0.29994118119555,241.9560927743544,-20.041424261541838,-20.478345557838214,20.342955430722327,0.0,0.0,0.012832498693974624,18.919629744612784,-0.5264633536474059,2.609024107869118e-13,2.023518314107886e-14
152,0.07916666666666666,0.07888228391551215,-0.21529619729181007,0.29994118070987497,242.29374132792023,-20.0680613369424,-20.507876151757294,20.342955430724746,2.842170943040401e-14,3.0113623344151977e-16,0.012832498693974985,18.94601855665719,-0.5271871683038635,1.2706502516834917e-12,3.855712907922857e-14
153,0.0796875,0.07881805239463173,-0.21542443789439505,0.2999411802241999,242.63138988148606,-20.09469841234296,-20.537406745676375,20.342955430724746,2.842170943040401e-14,3.0113623344151977e-16,0.012832498693974985,18.9724073687016,-0.527910982960321,-4.516387264175137e-13,4.789831473603539e-14
154,0.08020833333333333,0.0787538208737513,-0.21555267849698004,0.29994117973852485,242.96903843505189,-20.121335487743526,-20.56693733959546,20.342955430725958,-2.842170943040401e-14,-3.0113623344153767e-16,0.012832498693975345,18.998796180746005,-0.5286347976167786,5.581091144790662e-13,1.1843304135516061e-14
155,0.08072916666666667,0.07868958935287088,-0.21568091909956502,0.2999411792528498,243.3066869886177,-20.147972563144084,-20.596467933514536,20.342955430722327,0.0,0.0,0.012832498693974624,19.02518499279041,-0.5293586122732361,-1.1606271499431386e-12,1.8946649804618687e-14
156,0.08125,0.07862535783199046,-0.21580915970215,0.29994117876717474,243.64433554218354,-20.174609638544645,-20.625998527433616,20.342955430723535,0.0,0.0,0.012832498693974985,19.05157380483482,-0.5300824269296935,7.549516567451064e-13,2.3327250937894287e-14
157,0.08177083333333333,0.07856112631111004,-0.215937400304735,0.2999411782814997,243.98198409574937,-20.201246713945206,-20.655529121352696,20.342955430724746,2.842170943040401e-14,3.0113623344151977e-16,0.012832498693974985,19.077962616879226,-0.5308062415861511,-5.4289905904170155e-14,2.023518314107886e-14
158,0.08229166666666667,0.07849689479022962,-0.21606564090731997,0.29994117779582463,244.3196326493152,-20.227883789345768,-20.685059715271777,20.342955430724746,0.0,0.0,0.012832498693974985,19.104351428923636,-0.5315300562426086,4.241051954068098e-14,3.855712907922857e-14
159,0.0828125,0.0784326632693492,-0.21619388150990496,0.2999411773101496,244.65728120288102,-20.25452086474633,-20.714590309190857,20.342955430723535,0.0,0.0,0.012832498693974985,19.13074024096804,-0.5322538708990662,1.0521583604372609e-12,2.023518314107886e-14
160,0.08333333333333333,0.07836843174846878,-0.21632212211248994,0.2999411768244745,244.99492975644685,-20.28115794014689,-20.744120903109938,20.342955430723535,0.0,0.0,0.012832498693974985,19.15712905301245,-0.5329776855555237,-6.701306176637445e-13,9.47505962578532e-15
161,0.08385416666666666,0.07830420022758836,-0.21645036271507492,0.29994117633879946,245.33257831001268,-20.307795015547452,-20.773651497029018,20.342955430723535,0.0,0.0,0.012832498693974985,19.183517865056857,-0.5337015002119812,3.3950620093037287e-13,2.023518314107886e-14
162,0.084375,0.07823996870670794,-0.2165786033176599,0.2999411758531244,245.6702268635785,-20.334432090948013,-20.8031820909481,20.342955430724746,0.0,0.0,0.012832498693974985,19.209906677101262,-0.5344253148684388,4.39870362356487e-13,3.855712907922857e-14
163,0.08489583333333334,0.07817573718582752,-0.2167068439202449,0.29994117536744935,246.00787541714433,-20.361069166348575,-20.83271268486718,20.342955430723535,-2.842170943040401e-14,-3.0113623344150183e-16,0.012832498693974985,19.236295489145668,-0.5351491295248962,-3.694822225952521e-13,3.855712907922857e-14
164,0.08541666666666667,0.0781115056649471,-0.21683508452282987,0.2999411748817743,246.34552397071016,-20.387706241749132,-20.862243278786256,20.342955430722327,0.0,0.0,0.012832498693974624,19.262684301190077,-0.5358729441813537,1.546096584092993e-12,4.789831473603539e-14
165,0.0859375,0.07804727414406668,-0.21696332512541486,0.29994117439609924,246.683172524276,-20.414343317149694,-20.891773872705336,20.342955430724746,2.842170943040401e-14,3.0113623344151977e-16,0.012832498693974985,19.289073113234487,-0.5365967588378112,-1.995181797553869e-12,9.47505962578532e-15
166,0.08645833333333333,0.07798304262318626,-0.21709156572799984,0.2999411739104242,247.02082107784182,-20.440980392550255,-20.921304466624417,20.342955430724746,2.842170943040401e-14,3.0113623344151977e-16,0.012832498693974985,19.315461925278893,-0.5373205734942686,8.33444424586105e-13,1.1843304135516061e-14
167,0.08697916666666666,0.07791881110230582,-0.21721980633058482,0.29994117342474913,247.35846963140764,-20.46761746795082,-20.9508350605435,20.342955430725958,-2.842170943040401e-14,-3.0113623344153767e-16,0.012832498693975345,19.3418507373233,-0.5380443881507264,9.339196083146817e-13,2.023518314107886e-14
168,0.0875,0.0778545795814254,-0.2173480469331698,0.2999411729390741,247.69611818497347,-20.494254543351378,-20.980365654462577,20.342955430722327,0.0,0.0,0.012832498693974624,19.368239549367708,-0.5387682028071838,1.2101430968414206e-13,2.023518314107886e-14
169,0.08802083333333333,0.07779034806054498,-0.2174762875357548,0.299941172453399,248.0337667385393,-20.52089161875194,-21.009896248381658,20.342955430723535,0.0,0.0,0.012832498693974985,19.394628361412114,-0.5394920174636413,2.2115642650533118e-13,1.1843304135516061e-14
170,0.08854166666666667,0.07772611653966456,-0.21760452813833978,0.29994117196772396,248.37141529210513,-20.5475286941525,-21.03942684230074,20.342955430724746,2.842170943040401e-14,3.0113623344151977e-16,0.012832498693974985,19.42101717345652,-0.5402158321200988,-5.880851361439454e-13,9.47505962578532e-15
171,0.0890625,0.07766188501878414,-0.21773276874092476,0.2999411714820489,248.70906384567095,-20.574165769553062,-21.06895743621982,20.342955430724746,0.0,0.0,0.012832498693974985,19.44740598550093,-0.5409396467765563,4.1799896877137144e-13,1.1843304135516061e-14
172,0.08958333333333333,0.07759765349790372,-0.21786100934350974,0.29994117099637385,249.04671239923678,-20.600802844953623,-21.0984880301389,20.342955430723535,0.0,0.0,0.012832498693974985,19.473794797545338,-0.5416634614330139,5.148104165186851e-13,2.023518314107886e-14
173,0.09010416666666667,0.0775334219770233,-0.21798924994609473,0.2999411705106988,249.3843609528026,-20.627439920354185,-21.12801862405798,20.342955430723535,0.0,0.0,0.012832498693974985,19.500183609589744,-0.5423872760894715,6.150635556423367e-13,3.855712907922857e-14
174,0.090625,0.07746919045614288,-0.2181174905486797,0.29994117002502374,249.72200950636844,-20.654076995754746,-21.15754921797706,20.342955430723535,0.0,0.0,0.012832498693974985,19.52657242163415,-0.543111090745929,7.153166947659884e-13,4.789831473603539e-14
175,0.09114583333333333,0.07740495893526246,-0.2182457311512647,0.2999411695393487,250.05965805993426,-20.680714071155307,-21.18707981189614,20.342955430724746,0.0,0.0,0.012832498693974985,19.552961233678555,-0.5438349054023864,-1.003530591958679e-12,3.789676905618933e-14
176,0.09166666666666666,0.07734072741438204,-0.21837397175384968,0.29994116905367363,250.3973066135001,-20.70735114655587,-21.21661040581522,20.342955430723535,-2.842170943040401e-14,-3.0113623344150183e-16,0.012832498693974985,19.579350045722965,-0.5445587200588439,9.12048214729566e-13,1.1843304135516061e-14
177,0.0921875,0.07727649589350162,-0.21850221235643466,0.2999411685679986,250.73495516706592,-20.733988221956427,-21.246140999734298,20.342955430722327,0.0,0.0,0.012832498693974624,19.60573885776737,-0.5452825347153014,-8.066880496926387e-13,2.023518314107886e-14
178,0.09270833333333334,0.0772122643726212,-0.21863045295901964,0.2999411680823235,251.07260372063175,-20.760625297356988,-21.275671593653378,20.342955430724746,2.842170943040401e-14,3.0113623344151977e-16,0.012832498693974985,19.63212766981178,-0.546006349371759,1.9950707752514063e-13,1.1843304135516061e-14
179,0.09322916666666667,0.07714803285174077,-0.21875869356160463,0.29994116759664846,251.41025227419757,-20.787262372757553,-21.305202187572462,20.342955430725354,-2.842170943040401e-14,-3.0113623344152875e-16,0.012832498693975345,19.658516481856186,-0.5467301640282166,2.998712389512548e-13,2.023518314107886e-14
180,0.09375,0.07708380133086035,-0.2188869341641896,0.2999411671109734,251.7479008277634,-20.813899448158114,-21.334732781491542,20.342955430723535,-2.842170943040401e-14,-3.0113623344150183e-16,0.012832498693974985,19.684905293900595,-0.547453978684674,-5.130340596792848e-13,9.47505962578532e-15
181,0.09427083333333333,0.07701956980997993,-0.2190151747667746,0.29994116662529835,252.08554938132923,-20.840536523558672,-21.36426337541062,20.342955430722327,0.0,0.0,0.012832498693974624,19.711294105945,-0.5481777933411316,4.96713781217295e-13,2.023518314107886e-14
182,0.09479166666666666,0.0769553382890995,-0.21914341536935958,0.2999411661396233,252.42319793489506,-20.867173598959234,-21.3937939693297,20.342955430723535,0.0,0.0,0.012832498693974985,19.737682917989407,-0.548901607997589,5.968558980384842e-13,1.1843304135516061e-14
183,0.0953125,0.07689110676821909,-0.21927165597194456,0.29994116565394824,252.76084648846088,-20.893810674359795,-21.42332456324878,20.342955430723535,2.842170943040401e-14,3.0113623344150183e-16,0.012832498693974985,19.764071730033812,-0.5496254226540466,6.971090371621358e-13,1.1843304135516061e-14
184,0.09583333333333333,0.07682687524733867,-0.21939989657452955,0.2999411651682732,253.0984950420267,-20.920447749760356,-21.45285515716786,20.342955430724746,0.0,0.0,0.012832498693974985,19.790460542078222,-0.5503492373105041,-1.156852391659413e-13,1.1843304135516061e-14
185,0.09635416666666667,0.07676264372645825,-0.21952813717711453,0.2999411646825981,253.43614359559254,-20.947084825160918,-21.48238575108694,20.342955430723535,0.0,0.0,0.012832498693974985,19.81684935412263,-0.5510730519669617,-1.8984813721090177e-14,2.3683832682980945e-14
186,0.096875,0.07669841220557783,-0.2196563777796995,0.29994116419692307,253.77379214915837,-20.97372190056148,-21.51191634500602,20.342955430723535,0.0,0.0,0.012832498693974985,19.843238166167037,-0.5517968666234192,8.126832540256146e-14,1.1843304135516061e-14
187,0.09739583333333333,0.0766341806846974,-0.2197846183822845,0.299941163711248,254.1114407027242,-21.00035897596204,-21.5414469389251,20.342955430723535,0.0,0.0,0.012832498693974985,19.869626978211443,-0.5525206812798766,-7.280842595491777e-13,1.1843304135516061e-14
188,0.09791666666666667,0.07656994916381699,-0.21991285898486948,0.29994116322557296,254.44908925629002,-21.0269960513626,-21.570977532844182,20.342955430724746,0.0,0.0,0.012832498693974985,19.89601579025585,-0.5532444959363341,1.191047260817868e-12,1.1843304135516061e-14
189,0.0984375,0.07650571764293657,-0.22004109958745446,0.2999411627398979,254.78673780985585,-21.053633126763163,-21.600508126763263,20.342955430723535,-2.842170943040401e-14,-3.0113623344150183e-16,0.012832498693974985,19.922404602300258,-0.5539683105927917,3.7836400679225335e-13,1.1843304135516061e-14
190,0.09895833333333333,0.07644148612205615,-0.22016934019003945,0.29994116225422285,255.12438636342168,-21.080270202163724,-21.630038720682343,20.342955430723535,-5.684341886080802e-14,-6.022724668830037e-16,0.012832498693974985,19.948793414344664,-0.5546921252492493,-4.3087755585702325e-13,9.47505962578532e-15
191,0.09947916666666666,0.07637725460117573,-0.22029758079262443,0.2999411617685478,255.4620349169875,-21.106907277564286,-21.659569314601423,20.342955430723535,-2.842170943040401e-14,-3.0113623344150183e-16,0.012832498693974985,19.975182226389073,-0.5554159399057068,-3.341771304121721e-13,1.1843304135516061e-14
192,0.1,0.0763130230802953,-0.22042582139520941,0.29994116128287274,255.79968347055333,-21.133544352964847,-21.689099908520504,20.342955430723535,0.0,0.0,0.012832498693974985,20.00157103843348,-0.5561397545621642,6.754596881819452e-13,2.851945687116359e-14
193,0.10052083333333334,0.07624879155941489,-0.2205540619977944,0.2999411607971977,256.13733202411913,-21.160181428365405,-21.71863050243958,20.342955430722327,-2.842170943040401e-14,-3.0113623344148393e-16,0.012832498693972703,20.027959850477885,-0.5568635692186218,-1.9563239916919883e-12,9.47505962578532e-15
194,0.10104166666666667,0.07618456003853447,-0.22068230260037938,0.2999411603115226,256.47498057768496,-21.186818503765966,-21.74816109635866,20.342955430723535,0.0,0.0,0.012832498693974985,20.054348662522294,-0.5575873838750792,8.723022304479855e-13,2.851945687116359e-14
195,0.1015625,0.07612032851765405,-0.22081054320296437,0.29994115982584757,256.8126291312508,-21.213455579166524,-21.777691690277738,20.342955430722327,2.842170943040401e-14,3.0113623344148393e-16,0.012832498693974624,20.0807374745667,-0.5583111985315367,6.294964549624638e-14,3.855712907922857e-14
196,0.10208333333333333,0.07605609699677363,-0.22093878380554935,0.2999411593401725,257.1502776848166,-21.240092654567086,-21.80722228419682,20.342955430723535,5.684341886080802e-14,6.022724668830037e-16,0.012832498693974985,20.107126286611106,-0.5590350131879942,-7.462919171530302e-13,4.9454118618723144e-14
197,0.10260416666666666,0.07599186547589319,-0.22106702440813433,0.29994115885449746,257.48792623838244,-21.26672972996765,-21.836752878115902,20.342955430725958,-2.842170943040401e-14,-3.0113623344153767e-16,0.012832498693975345,20.13351509865551,-0.5597588278444519,1.1730616478189404e-12,1.1843304135516061e-14
198,0.103125,0.07592763395501277,-0.22119526501071932,0.2999411583688224,257.82557479194827,-21.293366805368212,-21.866283472034983,20.342955430723535,-5.684341886080802e-14,-6.022724668830037e-16,0.012832498693974985,20.159903910699917,-0.5604826425009094,3.638200851696638e-13,2.023518314107886e-14
199,0.10364583333333333,0.07586340243413235,-0.2213235056133043,0.29994115788314735,258.1632233455141,-21.32000388076877,-21.89581406595406,20.342955430722327,-2.842170943040401e-14,-3.0113623344148393e-16,0.012832498693974624,20.18629272274433,-0.5612064571573668,4.568567746332519e-13,2.3327250937894287e-14
200,0.10416666666666667,0.07579917091325193,-0.22145174621588928,0.2999411573974723,258.5008718990799,-21.34664095616933,-21.92534465987314,20.342955430723535,0.0,0.0,0.012832498693974985,20.212681534788736,-0.5619302718138244,5.571099137569036e-13,2.023518314107886e-14
201,0.1046875,0.07573493939237151,-0.22157998681847427,0.29994115691179724,258.83852045264575,-21.373278031569892,-21.95487525379222,20.342955430723535,2.842170943040401e-14,3.0113623344150183e-16,0.012832498693974985,20.239070346833145,-0.5626540864702818,-2.0747847884194925e-12,4.737044090827596e-14
202,0.10520833333333333,0.07567070787149108,-0.22170822742105925,0.2999411564261222,259.1761690062116,-21.399915106970457,-21.984405847711304,20.342955430725958,-5.684341886080802e-14,-6.022724668830753e-16,0.012832498693975345,20.26545915887755,-0.5633779011267395,1.6635581800983346e-12,1.1843304135516061e-14
203,0.10572916666666667,0.07560647635061066,-0.22183646802364423,0.2999411559404471,259.5138175597774,-21.426552182371015,-22.01393644163038,20.342955430722327,-2.842170943040401e-14,-3.0113623344148393e-16,0.012832498693974624,20.291847970921957,-0.5641017157831969,-5.5289106626332796e-14,5.1943674668100474e-14
204,0.10625,0.07554224482973024,-0.22196470862622922,0.29994115545477207,259.85146611334324,-21.453189257771577,-22.04346703554946,20.342955430723535,0.0,0.0,0.012832498693974985,20.318236782966363,-0.5648255304396544,4.496403249731884e-14,1.1843304135516061e-14
205,0.10677083333333333,0.07547801330884982,-0.2220929492288142,0.299941154969097,260.18911466690906,-21.479826333172138,-22.072997629468542,20.342955430723535,2.842170943040401e-14,3.0113623344150183e-16,0.012832498693974985,20.34462559501077,-0.565549345096112,1.4521717162097048e-13,1.1843304135516061e-14
206,0.10729166666666666,0.0754137817879694,-0.22222118983139919,0.29994115448342196,260.5267632204749,-21.5064634085727,-22.102528223387623,20.342955430723535,0.0,0.0,0.012832498693974985,20.371014407055178,-0.5662731597525694,-6.676881270095691e-13,1.7079963309350698e-14
207,0.10781249999999999,0.07534955026708898,-0.22234943043398417,0.2999411539977469,260.8644117740407,-21.533100483973257,-22.1320588173067,20.342955430722327,2.842170943040401e-14,3.0113623344148393e-16,0.012832498693974624,20.397403219099587,-0.5669969744090269,3.383959779057477e-13,2.023518314107886e-14
208,0.10833333333333334,0.07528531874620854,-0.22247767103656915,0.29994115351207185,261.20206032760655,-21.559737559373822,-22.161589411225783,20.342955430725958,-5.684341886080802e-14,-6.022724668830753e-16,0.012832498693975345,20.423792031143996,-0.5677207890654845,4.3520742565306136e-13,2.851945687116359e-14
209,0.10885416666666667,0.07522108722532812,-0.22260591163915414,0.2999411530263968,261.5397088811724,-21.586374634774383,-22.191120005144864,20.342955430723535,-2.842170943040401e-14,-3.0113623344150183e-16,0.012832498693974985,20.450180843188402,-0.568444603721942,5.35460564776713e-13,1.1843304135516061e-14
210,0.109375,0.0751568557044477,-0.22273415224173912,0.29994115254072173,261.8773574347382,-21.613011710174945,-22.220650599063944,20.342955430723535,0.0,0.0,0.012832498693974985,20.476569655232808,-0.5691684183783996,-2.737809978725636e-13,2.3327250937894287e-14
211,0.10989583333333333,0.07509262418356728,-0.2228623928443241,0.2999411520550467,262.21500598830403,-21.639648785575503,-22.25018119298302,20.342955430722327,2.842170943040401e-14,3.0113623344148393e-16,0.012832498693974624,20.502958467277214,-0.569892233034857,-1.7363888105137448e-13,2.3683832682980945e-14
212,0.11041666666666666,0.07502839266268686,-0.2229906334469091,0.2999411515693716,262.55265454186986,-21.666285860976064,-22.2797117869021,20.342955430723535,0.0,0.0,0.012832498693974985,20.52934727932162,-0.5706160476913146,8.361089598452054e-13,1.1843304135516061e-14
213,0.1109375,0.07496416114180644,-0.22311887404949407,0.29994115108369657,262.8903030954357,-21.692922936376625,-22.309242380821182,20.342955430724746,0.0,0.0,0.012832498693974985,20.55573609136603,-0.571339862347772,2.3203661214665772e-14,1.1720945563975296e-13
214,0.11145833333333333,0.07489992962092601,-0.22324711465207905,0.2999411505980215,263.2279516490015,-21.71956001177719,-22.338772974740266,20.342955430725958,-5.684341886080802e-14,-6.022724668830753e-16,0.012832498693975345,20.582124903410435,-0.5720636770042298,1.2367884494324244e-13,1.1843304135516061e-14
215,0.11197916666666667,0.07483569810004559,-0.22337535525466404,0.29994115011234646,263.56560020256734,-21.746197087177748,-22.368303568659343,20.342955430722327,2.842170943040401e-14,3.0113623344148393e-16,0.012832498693974624,20.608513715454848,-0.5727874916606872,2.1671553440683056e-13,1.1843304135516061e-14
216,0.1125,0.07477146657916517,-0.22350359585724902,0.2999411496266714,263.90324875613317,-21.77283416257831,-22.397834162578423,20.342955430723535,0.0,0.0,0.012832498693974985,20.634902527499253,-0.5735113063171446,3.168576512280197e-13,9.47505962578532e-15
217,0.11302083333333333,0.07470723505828475,-0.223631836459834,0.29994114914099634,264.240897309699,-21.799471237978867,-22.4273647564975,20.342955430722327,2.842170943040401e-14,3.0113623344148393e-16,0.012832498693974624,20.66129133954366,-0.5742351209736021,-1.4019896354966477e-12,2.851945687116359e-14
218,0.11354166666666667,0.07464300353740431,-0.223760077062419,0.2999411486553213,264.5785458632648,-21.826108313379432,-22.456895350416584,20.342955430725958,0.0,0.0,0.012832498693975345,20.687680151588065,-0.5749589356300596,1.4267476089457887e-12,2.023518314107886e-14
219,0.1140625,0.0745787720165239,-0.22388831766500397,0.29994114816964623,264.91619441683065,-21.852745388779994,-22.486425944335664,20.342955430724746,-2.842170943040401e-14,-3.0113623344151977e-16,0.012832498693974985,20.71406896363247,-0.5756827502865173,1.5271117703719028e-12,1.1843304135516061e-14
220,0.11458333333333333,0.07451454049564347,-0.22401655826758896,0.2999411476839712,265.2538429703965,-21.879382464180555,-22.515956538254745,20.342955430723535,0.0,0.0,0.012832498693974985,20.74045777567688,-0.5764065649429748,-1.1046719095020308e-12,5.1943674668100474e-14
221,0.11510416666666666,0.07445030897476305,-0.22414479887017394,0.2999411471982961,265.5914915239623,-21.906019539581113,-22.54548713217382,20.342955430722327,2.842170943040401e-14,3.0113623344148393e-16,0.012832498693974624,20.766846587721286,-0.5771303795994321,-1.9141355167562324e-12,4.047361482045714e-14
222,0.11562499999999999,0.07438607745388263,-0.22427303947275892,0.29994114671262107,265.92914007752813,-21.932656614981674,-22.575017726092902,20.342955430723535,5.684341886080802e-14,6.022724668830037e-16,0.012832498693974985,20.793235399765692,-0.5778541942558898,9.147127499886665e-13,2.023518314107886e-14
223,0.11614583333333334,0.0743218459330022,-0.2244012800753439,0.299941146226946,266.26678863109396,-21.95929369038224,-22.604548320011986,20.342955430725958,-2.842170943040401e-14,-3.0113623344153767e-16,0.012832498693975345,20.819624211810105,-0.5785780089123472,1.917244141225183e-12,3.855712907922857e-14
224,0.11666666666666667,0.07425761441212178,-0.2245295206779289,0.29994114574127095,266.6044371846598,-21.9859307657828,-22.634078913931067,20.342955430723535,-5.684341886080802e-14,-6.022724668830037e-16,0.012832498693974985,20.84601302385451,-0.5793018235688049,1.986188991054405e-13,2.023518314107886e-14
225,0.1171875,0.07419338289124136,-0.22465776128051387,0.2999411452555959,266.9420857382256,-22.01256784118336,-22.663609507850143,20.342955430722327,2.842170943040401e-14,3.0113623344148393e-16,0.012832498693974624,20.872401835898916,-0.5800256382252623,-6.107336858462986e-13,2.023518314107886e-14
226,0.11770833333333333,0.07412915137036094,-0.22478600188309886,0.29994114476992084,267.27973429179144,-22.03920491658392,-22.693140101769224,20.342955430723535,0.0,0.0,0.012832498693974985,20.898790647943322,-0.5807494528817199,-5.10480546722647e-13,3.789676905618933e-14
227,0.11822916666666666,0.07406491984948052,-0.22491424248568384,0.2999411442842458,267.61738284535727,-22.06584199198448,-22.722670695688304,20.342955430723535,2.842170943040401e-14,3.0113623344150183e-16,0.012832498693974985,20.92517945998773,-0.5814732675381774,4.957145804951324e-13,2.023518314107886e-14
228,0.11875,0.07400068832860009,-0.22504248308826882,0.29994114379857073,267.9550313989231,-22.092479067385046,-22.752201289607388,20.342955430725958,-5.684341886080802e-14,-6.022724668830753e-16,0.012832498693975345,20.951568272032137,-0.5821970821946348,1.5053513990892498e-12,2.851945687116359e-14
229,0.11927083333333333,0.07393645680771967,-0.2251707236908538,0.2999411433128957,268.2926799524889,-22.119116142785604,-22.781731883526465,20.342955430722327,-2.842170943040401e-14,-3.0113623344148393e-16,0.012832498693974624,20.977957084076543,-0.5829208968510924,6.961098364399732e-13,2.023518314107886e-14
230,0.11979166666666667,0.07387222528683925,-0.2252989642934388,0.2999411428272206,268.63032850605475,-22.145753218186165,-22.811262477445545,20.342955430723535,0.0,0.0,0.012832498693974985,21.004345896120952,-0.5836447115075499,-1.1668443988810395e-13,3.855712907922857e-14
231,0.1203125,0.07380799376595883,-0.22542720489602378,0.29994114234154556,268.9679770596206,-22.172390293586727,-22.840793071364626,20.342955430723535,2.842170943040401e-14,3.0113623344150183e-16,0.012832498693974985,21.03073470816536,-0.5843685261640075,-9.29478716216181e-13,4.7368359235022695e-14
232,0.12083333333333333,0.0737437622450784,-0.22555544549860876,0.2999411418558705,269.3056256131864,-22.199027368987288,-22.870323665283706,20.342955430723535,0.0,0.0,0.012832498693974985,21.057123520209768,-0.585092340820465,8.026912468039882e-14,3.855712907922857e-14
233,0.12135416666666667,0.07367953072419799,-0.22568368610119374,0.29994114137019545,269.64327416675224,-22.22566444438785,-22.899854259202787,20.342955430724746,-2.842170943040401e-14,-3.0113623344151977e-16,0.012832498693974985,21.083512332254173,-0.5858161554769226,-7.289724379688778e-13,1.1843304135516061e-14
234,0.121875,0.07361529920331757,-0.22581192670377873,0.2999411408845204,269.98092272031806,-22.25230151978841,-22.929384853121867,20.342955430723535,-5.684341886080802e-14,-6.022724668830037e-16,0.012832498693974985,21.109901144298583,-0.58653997013338,2.0961010704922955e-12,1.1843304135516061e-14
235,0.12239583333333333,0.07355106768243715,-0.2259401673063637,0.29994114039884534,270.3185712738839,-22.278938595188972,-22.958915447040948,20.342955430723535,-2.842170943040401e-14,-3.0113623344150183e-16,0.012832498693974985,21.13628995634299,-0.5872637847898375,-5.321298957028375e-13,5.1943674668100474e-14
236,0.12291666666666666,0.07348683616155673,-0.2260684079089487,0.2999411399131703,270.6562198274497,-22.305575670589533,-22.988446040960028,20.342955430723535,0.0,0.0,0.012832498693974985,21.162678768387394,-0.5879875994462951,4.776179451937423e-13,4.047361482045714e-14
237,0.12343749999999999,0.0734226046406763,-0.22619664851153368,0.29994113942749523,270.99386838101555,-22.33221274599009,-23.017976634879105,20.342955430722327,2.842170943040401e-14,3.0113623344148393e-16,0.012832498693974624,21.189067580431804,-0.5887114141027525,-2.1542767569826538e-12,1.1843304135516061e-14
238,0.12395833333333334,0.07335837311979589,-0.22632488911411866,0.2999411389418202,271.3315169345814,-22.358849821390653,-23.047507228798185,20.342955430723535,0.0,0.0,0.012832498693974985,21.21545639247621,-0.5894352287592101,2.493449891005639e-12,2.851945687116359e-14
239,0.12447916666666667,0.07329414159891547,-0.22645312971670364,0.2999411384561451,271.6691654881472,-22.385486896791214,-23.077037822717266,20.342955430724746,0.0,0.0,0.012832498693974985,21.24184520452062,-0.5901590434156676,-1.383337888682945e-13,1.1843304135516061e-14
240,0.125,0.07322991007803503,-0.22658137031928863,0.29994113797047006,272.006814041713,-22.41212397219178,-23.10656841663635,20.342955430725958,-5.684341886080802e-14,-6.022724668830753e-16,0.012832498693975345,21.268234016565025,-0.590882858072125,8.713030297258229e-13,2.023518314107886e-14
241,0.12552083333333333,0.07316567855715461,-0.2267096109218736,0.299941137484795,272.34446259527886,-22.438761047592337,-23.136099010555427,20.342955430722327,2.842170943040401e-14,3.0113623344148393e-16,0.012832498693974624,21.294622828609434,-0.5916066727285826,-1.7604806501481107e-12,1.7079963309350698e-14
242,0.12604166666666666,0.07310144703627419,-0.2268378515244586,0.29994113699911995,272.6821111488447,-22.465398122992898,-23.165629604474507,20.342955430723535,0.0,0.0,0.012832498693974985,21.32101164065384,-0.5923304873850401,1.0682565942943256e-12,2.851945687116359e-14
243,0.1265625,0.07303721551539377,-0.22696609212704358,0.2999411365134449,273.0197597024105,-22.492035198393456,-23.195160198393584,20.342955430722327,2.842170943040401e-14,3.0113623344148393e-16,0.012832498693974624,21.347400452698245,-0.5930543020414976,2.589040093425865e-13,1.1843304135516061e-14
244,0.12708333333333333,0.07297298399451334,-0.22709433272962856,0.29994113602776984,273.35740825597634,-22.51867227379402,-23.224690792312668,20.342955430725958,0.0,0.0,0.012832498693975345,21.373789264742655,-0.5937781166979552,1.2652101588628284e-12,2.023518314107886e-14
245,0.12760416666666666,0.07290875247363292,-0.22722257333221355,0.2999411355420948,273.69505680954217,-22.545309349194582,-23.254221386231748,20.342955430724746,-2.842170943040401e-14,-3.0113623344151977e-16,0.012832498693974985,21.40017807678706,-0.5945019313544128,-1.3630208073323047e-12,2.851945687116359e-14
246,0.128125,0.0728445209527525,-0.22735081393479853,0.2999411350564197,274.032705363108,-22.571946424595144,-23.28375198015083,20.342955430723535,0.0,0.0,0.012832498693974985,21.426566888831466,-0.5952257460108702,-3.5338398873818733e-13,9.47505962578532e-15
247,0.12864583333333332,0.07278028943187208,-0.2274790545373835,0.29994113457074467,274.3703539166738,-22.5985834999957,-23.313282574069905,20.342955430722327,2.842170943040401e-14,3.0113623344148393e-16,0.012832498693974624,21.452955700875876,-0.5959495606673276,6.527001161771295e-13,1.1843304135516061e-14
248,0.12916666666666665,0.07271605791099166,-0.2276072951399685,0.2999411340850696,274.70800247023965,-22.625220575396263,-23.342813167988986,20.342955430723535,5.684341886080802e-14,6.022724668830037e-16,0.012832498693974985,21.479344512920285,-0.5966733753237852,-1.6009416015094757e-13,1.1843304135516061e-14
249,0.1296875,0.07265182639011122,-0.22773553574255348,0.29994113359939456,275.0456510238055,-22.651857650796828,-23.37234376190807,20.342955430725958,-2.842170943040401e-14,-3.0113623344153767e-16,0.012832498693975345,21.50573332496469,-0.5973971899802428,8.497647030480948e-13,2.851945687116359e-14
250,0.13020833333333334,0.0725875948692308,-0.22786377634513846,0.2999411331137195,275.3832995773713,-22.67849472619739,-23.40187435582715,20.342955430723535,-5.684341886080802e-14,-6.022724668830037e-16,0.012832498693974985,21.532122137009097,-0.5981210046367004,4.0523140398818214e-14,1.1843304135516061e-14
251,0.13072916666666667,0.07252336334835038,-0.22799201694772345,0.29994113262804445,275.72094813093713,-22.705131801597947,-23.431404949746227,20.342955430722327,2.842170943040401e-14,3.0113623344148393e-16,0.012832498693974624,21.558510949053506,-0.5988448192931578,1.046607245314135e-12,2.3683832682980945e-14
252,0.13125,0.07245913182746996,-0.22812025755030843,0.2999411321423694,276.05859668450296,-22.73176887699851,-23.460935543665308,20.342955430723535,0.0,0.0,0.012832498693974985,21.584899761097912,-0.5995686339496153,-1.581623720880998e-12,2.3327250937894287e-14
253,0.13177083333333334,0.07239490030658954,-0.22824849815289341,0.29994113165669434,276.3962452380688,-22.75840595239907,-23.490466137584388,20.342955430723535,2.842170943040401e-14,3.0113623344150183e-16,0.012832498693974985,21.611288573142318,-0.6002924486060728,1.2470025012589758e-12,1.1843304135516061e-14
254,0.13229166666666667,0.07233066878570911,-0.2283767387554784,0.2999411311710193,276.7338937916346,-22.785043027799635,-23.519996731503472,20.342955430725958,-5.684341886080802e-14,-6.022724668830753e-16,0.012832498693975345,21.637677385186723,-0.6010162632625304,4.3787196091216174e-13,2.023518314107886e-14
255,0.1328125,0.07226643726482869,-0.22850497935806338,0.2999411306853442,277.07154234520044,-22.811680103200192,-23.54952732542255,20.342955430722327,-2.842170943040401e-14,-3.0113623344148393e-16,0.012832498693974624,21.66406619723113,-0.6017400779189879,1.447508779506279e-12,2.023518314107886e-14
256,0.13333333333333333,0.07220220574394827,-0.22863321996064837,0.29994113019966917,277.40919089876627,-22.838317178600754,-23.57905791934163,20.342955430723535,0.0,0.0,0.012832498693974985,21.690455009275542,-0.6024638925754454,-1.187827614046455e-12,1.7079963309350698e-14
257,0.13385416666666666,0.07213797422306785,-0.22876146056323335,0.2999411297139941,277.7468394523321,-22.864954254001315,-23.60858851326071,20.342955430723535,2.842170943040401e-14,3.0113623344150183e-16,0.012832498693974985,21.716843821319948,-0.603187707231903,-1.780797731498751e-13,2.3327250937894287e-14
258,0.134375,0.07207374270218743,-0.22888970116581833,0.29994112922831906,278.0844880058979,-22.891591329401876,-23.63811910717979,20.342955430723535,0.0,0.0,0.012832498693974985,21.743232633364357,-0.6039115218883604,-9.909850717804147e-13,1.1843304135516061e-14
259,0.13489583333333333,0.07200951118130701,-0.22901794176840332,0.299941128742644,278.42213655946375,-22.918228404802438,-23.66764970109887,20.342955430724746,-2.842170943040401e-14,-3.0113623344151977e-16,0.012832498693974985,21.769621445408763,-0.604635336544818,1.837863194964484e-12,1.1843304135516061e-14
260,0.13541666666666666,0.07194527966042659,-0.2291461823709883,0.29994112825696895,278.7597851130296,-22.944865480203,-23.69718029501795,20.342955430723535,-5.684341886080802e-14,-6.022724668830037e-16,0.012832498693974985,21.79601025745317,-0.6053591512012755,-7.904787935331115e-13,2.851945687116359e-14
261,0.1359375,0.07188104813954617,-0.22927442297357328,0.2999411277712939,279.0974336665954,-22.97150255560356,-23.72671088893703,20.342955430723535,-2.842170943040401e-14,-3.0113623344150183e-16,0.012832498693974985,21.822399069497575,-0.606082965857733,2.1926904736346842e-13,4.047361482045714e-14
262,0.13645833333333332,0.07181681661866575,-0.22940266357615827,0.29994112728561884,279.43508222016123,-22.998139631004122,-23.75624148285611,20.342955430723535,0.0,0.0,0.012832498693974985,21.84878788154198,-0.6068067805141906,1.2290168882600483e-12,2.023518314107886e-14
263,0.13697916666666665,0.07175258509778533,-0.22953090417874325,0.2999411267999438,279.77273077372706,-23.02477670640468,-23.78577207677519,20.342955430722327,2.842170943040401e-14,3.0113623344148393e-16,0.012832498693974624,21.87517669358639,-0.607530595170648,-1.4028778139163478e-12,2.3327250937894287e-14
264,0.1375,0.07168835357690491,-0.22965914478132823,0.2999411263142687,280.1103793272929,-23.05141378180524,-23.81530267069427,20.342955430723535,0.0,0.0,0.012832498693974985,21.9015655056308,-0.6082544098271055,1.422306716847288e-12,2.851945687116359e-14
265,0.13802083333333334,0.07162412205602449,-0.22978738538391322,0.29994112582859367,280.4480278808587,-23.078050857205803,-23.84483326461335,20.342955430724746,0.0,0.0,0.012832498693974985,21.92795431767521,-0.608978224483563,6.094014182167484e-13,1.1843304135516061e-14
266,0.13854166666666667,0.07155989053514406,-0.2299156259864982,0.2999411253429186,280.78567643442454,-23.104687932606367,-23.874363858532433,20.342955430725958,-5.684341886080802e-14,-6.022724668830753e-16,0.012832498693975345,21.954343129719614,-0.6097020391400207,-1.9961809982760315e-13,1.8946649804618687e-14
267,0.1390625,0.07149565901426364,-0.23004386658908318,0.29994112485724356,281.1233249879904,-23.131325008006925,-23.90389445245151,20.342955430722327,2.842170943040401e-14,3.0113623344148393e-16,0.012832498693974624,21.98073194176402,-0.6104258537964782,-1.0089706847793423e-12,3.855712907922857e-14
268,0.13958333333333334,0.07143142749338321,-0.23017210719166817,0.2999411243715685,281.4609735415562,-23.157962083407487,-23.93342504637059,20.342955430723535,0.0,0.0,0.012832498693974985,22.007120753808426,-0.6111496684529356,6.661338147750939e-16,4.789831473603539e-14
269,0.14010416666666667,0.0713671959725028,-0.23030034779425315,0.29994112388589345,281.798622095122,-23.184599158808044,-23.962955640289668,20.342955430722327,2.842170943040401e-14,3.0113623344148393e-16,0.012832498693974624,22.03350956585283,-0.611873483109393,1.0103029524088925e-12,1.1843304135516061e-14
270,0.140625,0.07130296445162236,-0.23042858839683814,0.2999411234002184,282.13627064868786,-23.21123623420861,-23.99248623420875,20.342955430725958,0.0,0.0,0.012832498693975345,22.05989837789724,-0.6125972977658506,1.9750867608081535e-13,2.851945687116359e-14
271,0.14114583333333333,0.07123873293074194,-0.23055682899942312,0.29994112291454333,282.4739192022537,-23.23787330960917,-24.022016828127832,20.342955430724746,-2.842170943040401e-14,-3.0113623344151977e-16,0.012832498693974985,22.086287189941647,-0.6133211124223082,-6.116218642659987e-13,2.99594779970964e-14
272,0.14166666666666666,0.07117450140986152,-0.2306850696020081,0.2999411224288683,282.8115677558195,-23.264510385009732,-24.051547422046912,20.342955430723535,0.0,0.0,0.012832498693974985,22.11267600198606,-0.6140449270787658,3.9102054927298013e-13,1.1843304135516061e-14
273,0.1421875,0.0711102698889811,-0.2308133102045931,0.2999411219431932,283.14921630938534,-23.29114746041029,-24.08107801596599,20.342955430722327,2.842170943040401e-14,3.0113623344148393e-16,0.012832498693974624,22.139064814030466,-0.6147687417352231,1.400546345564635e-12,2.023518314107886e-14
274,0.14270833333333333,0.07104603836810068,-0.23094155080717807,0.29994112145751817,283.48686486295117,-23.31778453581085,-24.11060860988507,20.342955430723535,5.684341886080802e-14,6.022724668830037e-16,0.012832498693974985,22.16545362607487,-0.6154925563916808,5.914158052178209e-13,3.855712907922857e-14
275,0.14322916666666666,0.07098180684722025,-0.23106979140976305,0.2999411209718431,283.824513416517,-23.344421611211416,-24.140139203804154,20.342955430725958,-2.842170943040401e-14,-3.0113623344153767e-16,0.012832498693975345,22.191842438119277,-0.6162163710481382,-2.1793677973391823e-13,4.789831473603539e-14
276,0.14375,0.07091757532633983,-0.23119803201234804,0.29994112048616806,284.1621619700828,-23.371058686611978,-24.169669797723234,20.342955430723535,-5.684341886080802e-14,-6.022724668830037e-16,0.012832498693974985,22.218231250163683,-0.6169401857045959,-2.8460567236265888e-12,9.47505962578532e-15
277,0.14427083333333332,0.0708533438054594,-0.23132627261493302,0.299941120000493,284.49981052364865,-23.397695762012535,-24.19920039164231,20.342955430722327,2.842170943040401e-14,3.0113623344148393e-16,0.012832498693974624,22.244620062208092,-0.6176640003610533,1.798006188380441e-12,2.023518314107886e-14
278,0.14479166666666665,0.07078911228457899,-0.231454513217518,0.29994111951481794,284.8374590772145,-23.424332837413097,-24.22873098556139,20.342955430723535,0.0,0.0,0.012832498693974985,22.271008874252498,-0.6183878150175108,-8.302247778146921e-13,3.855712907922857e-14
279,0.1453125,0.07072488076369857,-0.231582753820103,0.2999411190291429,285.1751076307803,-23.450969912813658,-24.25826157948047,20.342955430723535,2.842170943040401e-14,3.0113623344150183e-16,0.012832498693974985,22.297397686296904,-0.6191116296739684,3.817501870173601e-12,2.023518314107886e-14
280,0.14583333333333334,0.07066064924281813,-0.23171099442268797,0.29994111854346783,285.51275618434613,-23.477606988214223,-24.287792173399556,20.342955430725958,-5.684341886080802e-14,-6.022724668830753e-16,0.012832498693975345,22.323786498341317,-0.6198354443304258,-6.369349492274523e-13,1.1547363208929586e-13
281,0.14635416666666667,0.07059641772193771,-0.23183923502527296,0.2999411180577928,285.85040473791196,-23.50424406361478,-24.317322767318633,20.342955430722327,-2.842170943040401e-14,-3.0113623344148393e-16,0.012832498693974624,22.350175310385723,-0.6205592589868834,-1.446176511876729e-12,2.3683832682980945e-14
282,0.146875,0.07053218620105729,-0.23196747562785794,0.2999411175721177,286.1880532914778,-23.530881139015342,-24.346853361237713,20.342955430723535,5.684341886080802e-14,6.022724668830037e-16,0.012832498693974985,22.37656412243013,-0.6212830736433409,1.3825607325657074e-12,3.855712907922857e-14
283,0.14739583333333334,0.07046795468017687,-0.23209571623044292,0.29994111708644267,286.5257018450436,-23.557518214415904,-24.376383955156793,20.342955430723535,2.842170943040401e-14,3.0113623344150183e-16,0.012832498693974985,22.402952934474534,-0.6220068882997984,-1.2456702336294256e-12,1.1843304135516061e-14
284,0.14791666666666667,0.07040372315929645,-0.2322239568330279,0.2999411166007676,286.86335039860944,-23.584155289816465,-24.405914549075874,20.342955430723535,0.0,0.0,0.012832498693974985,22.429341746518944,-0.622730702956256,-2.3947510641164627e-13,1.1843304135516061e-14
285,0.1484375,0.07033949163841603,-0.2323521974356129,0.29994111611509255,287.20099895217527,-23.610792365217026,-24.435445142994954,20.342955430724746,-2.842170943040401e-14,-3.0113623344151977e-16,0.012832498693974985,22.45573055856335,-0.6234545176127135,2.58926213803079e-12,2.023518314107886e-14
286,0.14895833333333333,0.07027526011753561,-0.23248043803819787,0.2999411156294175,287.5386475057411,-23.637429440617588,-24.464975736914035,20.342955430723535,-5.684341886080802e-14,-6.022724668830037e-16,0.012832498693974985,22.482119370607755,-0.624178332269171,-3.907985046680551e-14,9.47505962578532e-15
287,0.14947916666666666,0.07021102859665519,-0.23260867864078286,0.29994111514374244,287.8762960593069,-23.66406651601815,-24.494506330833115,20.342955430723535,-2.842170943040401e-14,-3.0113623344150183e-16,0.012832498693974985,22.508508182652164,-0.6249021469256285,-8.518741267948826e-13,2.023518314107886e-14
288,0.15,0.07014679707577477,-0.23273691924336784,0.2999411146580674,288.21394461287275,-23.69070359141871,-24.524036924752195,20.342955430723535,0.0,0.0,0.012832498693974985,22.534896994696574,-0.625625961582086,1.5432100042289676e-13,2.3327250937894287e-14
289,0.15052083333333333,0.07008256555489435,-0.23286515984595282,0.29994111417239233,288.5515931664386,-23.71734066681927,-24.553567518671272,20.342955430722327,2.842170943040401e-14,3.0113623344148393e-16,0.012832498693974624,22.56128580674098,-0.6263497762385435,1.1639578190170141e-12,2.023518314107886e-14
290,0.15104166666666666,0.07001833403401392,-0.2329934004485378,0.2999411136867173,288.8892417200044,-23.743977742219833,-24.583098112590356,20.342955430725958,0.0,0.0,0.012832498693975345,22.587674618785385,-0.6270735908950011,3.5482727867020003e-13,3.855712907922857e-14
291,0.1515625,0.0699541025131335,-0.2331216410511228,0.2999411132010422,289.22689027357023,-23.770614817620395,-24.612628706509437,20.342955430723535,-2.842170943040401e-14,-3.0113623344150183e-16,0.012832498693974985,22.614063430829795,-0.6277974055514586,-2.277067423506196e-12,1.8946649804618687e-14
292,0.15208333333333332,0.06988987099225308,-0.23324988165370777,0.29994111271536716,289.56453882713606,-23.797251893020956,-24.642159300428517,20.342955430723535,-5.684341886080802e-14,-6.022724668830037e-16,0.012832498693974985,22.6404522428742,-0.628521220207916,4.189537605725491e-12,2.023518314107886e-14
293,0.15260416666666665,0.06982563947137266,-0.23337812225629276,0.2999411122296921,289.9021873807019,-23.823888968421514,-24.671689894347594,20.342955430722327,2.842170943040401e-14,3.0113623344148393e-16,0.012832498693974624,22.666841054918606,-0.6292450348643736,-2.5768276401549883e-13,1.1843304135516061e-14
294,0.153125,0.06976140795049224,-0.23350636285887774,0.29994111174401705,290.2398359342677,-23.850526043822075,-24.701220488266674,20.342955430723535,0.0,0.0,0.012832498693974985,22.693229866963016,-0.6299688495208311,-1.070477040343576e-12,1.1843304135516061e-14
295,0.15364583333333334,0.06969717642961182,-0.23363460346146273,0.299941111258342,290.57748448783354,-23.877163119222633,-24.73075108218575,20.342955430722327,2.842170943040401e-14,3.0113623344148393e-16,0.012832498693974624,22.71961867900742,-0.6306926641772885,-6.084022174945858e-14,2.851945687116359e-14
296,0.15416666666666667,0.06963294490873138,-0.2337628440640477,0.29994111077266694,290.9151330413994,-23.903800194623198,-24.760281676104835,20.342955430725958,0.0,0.0,0.012832498693975345,22.74600749105183,-0.6314164788337462,-8.735234757750732e-13,1.8946649804618687e-14
297,0.1546875,0.06956871338785096,-0.2338910846666327,0.2999411102869919,291.2527815949652,-23.93043727002376,-24.789812270023916,20.342955430724746,-2.842170943040401e-14,-3.0113623344151977e-16,0.012832498693974985,22.772396303096237,-0.6321402934902037,1.362243651215067e-13,3.855712907922857e-14
298,0.15520833333333334,0.06950448186697054,-0.23401932526921768,0.29994110980131683,291.590430148531,-23.95707434542432,-24.819342863942996,20.342955430723535,0.0,0.0,0.012832498693974985,22.798785115140646,-0.6328641081466612,1.1423084700368236e-12,2.023518314107886e-14
299,0.15572916666666667,0.06944025034609012,-0.23414756587180266,0.2999411093156418,291.92807870209685,-23.98371142082488,-24.848873457862073,20.342955430722327,2.842170943040401e-14,3.0113623344148393e-16,0.012832498693974624,22.825173927185052,-0.6335879228031186,3.3295588508508445e-13,2.023518314107886e-14
300,0.15625,0.0693760188252097,-0.23427580647438764,0.2999411088299667,292.2657272556627,-24.01034849622544,-24.878404051781153,20.342955430723535,5.684341886080802e-14,6.022724668830037e-16,0.012832498693974985,22.851562739229458,-0.6343117374595761,-4.762856775641922e-13,1.1843304135516061e-14
301,0.15677083333333333,0.06931178730432927,-0.23440404707697263,0.29994110834429166,292.6033758092285,-24.036985571626005,-24.907934645700237,20.342955430725958,-2.842170943040401e-14,-3.0113623344153767e-16,0.012832498693975345,22.877951551273867,-0.6350355521160338,-1.2889689315898067e-12,1.7079963309350698e-14
302,0.15729166666666666,0.06924755578344885,-0.2345322876795576,0.2999411078586166,292.94102436279434,-24.063622647026566,-24.937465239619318,20.342955430723535,-5.684341886080802e-14,-6.022724668830037e-16,0.012832498693974985,22.904340363318273,-0.6357593667724913,1.5397683128526296e-12,2.851945687116359e-14
303,0.1578125,0.06918332426256843,-0.2346605282821426,0.29994110737294155,293.27867291636016,-24.090259722427124,-24.966995833538395,20.342955430722327,2.842170943040401e-14,3.0113623344148393e-16,0.012832498693974624,22.93072917536268,-0.6364831814289488,-1.088573675644966e-12,2.023518314107886e-14
304,0.15833333333333333,0.06911909274168801,-0.23478876888472758,0.2999411068872665,293.616321469926,-24.116896797827685,-24.996526427457475,20.342955430723535,0.0,0.0,0.012832498693974985,22.957117987407088,-0.6372069960854063,1.7366108551186699e-12,3.855712907922857e-14
305,0.15885416666666666,0.06905486122080759,-0.23491700948731256,0.29994110640159144,293.9539700234918,-24.143533873228247,-25.026057021376555,20.342955430723535,2.842170943040401e-14,3.0113623344150183e-16,0.012832498693974985,22.983506799451497,-0.6379308107418638,9.237055564881302e-13,2.023518314107886e-14
306,0.159375,0.06899062969992716,-0.23504525008989754,0.2999411059159164,294.29161857705765,-24.17017094862881,-25.05558761529564,20.342955430725958,-5.684341886080802e-14,-6.022724668830753e-16,0.012832498693975345,23.009895611495903,-0.6386546253983214,1.1457501614131615e-13,1.8946649804618687e-14
307,0.15989583333333332,0.06892639817904674,-0.23517349069248253,0.29994110543024133,294.6292671306235,-24.19680802402937,-25.085118209214716,20.342955430722327,-2.842170943040401e-14,-3.0113623344148393e-16,0.012832498693974624,23.03628442354031,-0.6393784400547788,-6.94777568810423e-13,1.1843304135516061e-14
308,0.16041666666666665,0.06886216665816632,-0.2353017312950675,0.2999411049445663,294.9669156841893,-24.22344509942993,-25.114648803133797,20.342955430723535,5.684341886080802e-14,6.022724668830037e-16,0.012832498693974985,23.062673235584718,-0.6401022547112364,3.114175584073564e-13,1.1843304135516061e-14
309,0.1609375,0.0687979351372859,-0.2354299718976525,0.2999411044588912,295.30456423775513,-24.250082174830492,-25.144179397052877,20.342955430723535,2.842170943040401e-14,3.0113623344150183e-16,0.012832498693974985,23.089062047629124,-0.6408260693676939,1.3211653993039363e-12,2.851945687116359e-14
310,0.16145833333333334,0.06873370361640548,-0.23555821250023748,0.29994110397321616,295.64221279132096,-24.276719250231054,-25.173709990971957,20.342955430723535,0.0,0.0,0.012832498693974985,23.11545085967353,-0.6415498840241514,-1.3071765891936593e-12,1.1843304135516061e-14
311,0.16197916666666667,0.06866947209552506,-0.23568645310282246,0.2999411034875411,295.9798613448868,-24.303356325631615,-25.203240584891038,20.342955430724746,-2.842170943040401e-14,-3.0113623344151977e-16,0.012832498693974985,23.141839671717936,-0.642273698680609,-2.973177259946169e-13,9.47505962578532e-15
312,0.1625,0.06860524057464464,-0.23581469370540745,0.29994110300186605,296.3175098984526,-24.329993401032176,-25.23277117881012,20.342955430723535,-5.684341886080802e-14,-6.022724668830037e-16,0.012832498693974985,23.16822848376235,-0.6429975133370665,7.052136652418994e-13,2.023518314107886e-14
313,0.16302083333333334,0.06854100905376422,-0.23594293430799243,0.299941102516191,296.65515845201844,-24.356630476432738,-25.2623017727292,20.342955430723535,-2.842170943040401e-14,-3.0113623344150183e-16,0.012832498693974985,23.194617295806754,-0.643721327993524,-1.0402789740737717e-13,3.855712907922857e-14
314,0.16354166666666667,0.0684767775328838,-0.2360711749105774,0.29994110203051594,296.99280700558427,-24.3832675518333,-25.29183236664828,20.342955430723535,0.0,0.0,0.012832498693974985,23.22100610785116,-0.6444451426499815,-9.132694600566538e-13,2.023518314107886e-14
315,0.1640625,0.06841254601200338,-0.2361994155131624,0.2999411015448409,297.3304555591501,-24.409904627233857,-25.321362960567356,20.342955430722327,2.842170943040401e-14,3.0113623344148393e-16,0.012832498693974624,23.24739491989557,-0.645168957306439,9.281464485866309e-14,3.855712907922857e-14
316,0.16458333333333333,0.06834831449112294,-0.23632765611574738,0.2999411010591658,297.6681041127159,-24.436541702634422,-25.35089355448644,20.342955430725958,0.0,0.0,0.012832498693975345,23.273783731939975,-0.6458927719628966,1.1026735080577055e-12,4.9454118618723144e-14
317,0.16510416666666666,0.06828408297024252,-0.23645589671833236,0.29994110057349077,298.00575266628175,-24.463178778034983,-25.38042414840552,20.342955430723535,-2.842170943040401e-14,-3.0113623344150183e-16,0.012832498693974985,23.30017254398438,-0.6466165866193541,2.9332092310596636e-13,1.1843304135516061e-14
318,0.165625,0.0682198514493621,-0.23658413732091735,0.2999411000878157,298.3434012198476,-24.489815853435545,-25.4099547423246,20.342955430723535,-5.684341886080802e-14,-6.022724668830037e-16,0.012832498693974985,23.326561356028787,-0.6473404012758117,-5.158096172408477e-13,1.1843304135516061e-14
319,0.16614583333333333,0.06815561992848168,-0.23671237792350233,0.29994109960214066,298.6810497734134,-24.516452928836102,-25.439485336243678,20.342955430722327,2.842170943040401e-14,3.0113623344148393e-16,0.012832498693974624,23.352950168073193,-0.6480642159322691,4.938272013532696e-13,1.1843304135516061e-14
320,0.16666666666666666,0.06809138840760126,-0.23684061852608732,0.2999410991164656,299.01869832697923,-24.543090004236664,-25.469015930162758,20.342955430723535,0.0,0.0,0.012832498693974985,23.379338980117602,-0.6487880305887266,1.4999113062685865e-12,2.023518314107886e-14
321,0.1671875,0.06802715688672084,-0.2369688591286723,0.29994109863079055,299.35634688054506,-24.56972707963722,-25.498546524081835,20.342955430722327,2.842170943040401e-14,3.0113623344148393e-16,0.012832498693974624,23.40572779216201,-0.649511845245184,-1.1319833959078096e-12,1.8946649804618687e-14
322,0.16770833333333332,0.06796292536584041,-0.23709709973125728,0.2999410981451155,299.6939954341109,-24.596364155037787,-25.52807711800092,20.342955430725958,0.0,0.0,0.012832498693975345,23.43211660420642,-0.6502356599016416,-1.2578826869003024e-13,2.023518314107886e-14
323,0.16822916666666665,0.06789869384495999,-0.23722534033384227,0.29994109765944044,300.0316439876767,-24.623001230438348,-25.55760771192,20.342955430724746,-2.842170943040401e-14,-3.0113623344151977e-16,0.012832498693974985,23.458505416250826,-0.6509594745580992,8.840705945090122e-13,3.855712907922857e-14
324,0.16875,0.06783446232407957,-0.23735358093642725,0.2999410971737654,300.36929254124254,-24.64963830583891,-25.58713830583908,20.342955430723535,0.0,0.0,0.012832498693974985,23.484894228295232,-0.6516832892145568,7.482903185973555e-14,2.023518314107886e-14
325,0.16927083333333334,0.06777023080319915,-0.23748182153901223,0.2999410966880903,300.70694109480837,-24.676275381239467,-25.616668899758157,20.342955430722327,2.842170943040401e-14,3.0113623344148393e-16,0.012832498693974624,23.511283040339638,-0.6524071038710141,-7.346345753944661e-13,2.023518314107886e-14
326,0.16979166666666667,0.06770599928231873,-0.23761006214159722,0.29994109620241527,301.0445896483742,-24.70291245664003,-25.646199493677237,20.342955430723535,5.684341886080802e-14,6.022724668830037e-16,0.012832498693974985,23.537671852384044,-0.6531309185274717,-1.5437651157412802e-12,3.789676905618933e-14
327,0.1703125,0.06764176776143829,-0.2377383027441822,0.2999410957167402,301.38223820194,-24.729549532040593,-25.67573008759632,20.342955430725958,-2.842170943040401e-14,-3.0113623344153767e-16,0.012832498693975345,23.564060664428453,-0.6538547331839292,3.1002977962657496e-12,2.023518314107886e-14
328,0.17083333333333334,0.06757753624055787,-0.23786654334676718,0.29994109523106516,301.71988675550585,-24.756186607441155,-25.7052606815154,20.342955430723535,-5.684341886080802e-14,-6.022724668830037e-16,0.012832498693974985,23.59044947647286,-0.6545785478403868,4.721778523730791e-13,2.023518314107886e-14
329,0.17135416666666667,0.06751330471967745,-0.23799478394935217,0.2999410947453901,302.0575353090717,-24.782823682841713,-25.73479127543448,20.342955430722327,2.842170943040401e-14,3.0113623344148393e-16,0.012832498693974624,23.616838288517272,-0.6553023624968443,-3.4428015993626104e-13,3.855712907922857e-14
330,0.171875,0.06744907319879703,-0.23812302455193715,0.29994109425971505,302.3951838626375,-24.809460758242274,-25.76432186935356,20.342955430723535,0.0,0.0,0.012832498693974985,23.643227100561678,-0.6560261771533018,-1.1535217225855376e-12,2.023518314107886e-14
331,0.17239583333333333,0.06738484167791661,-0.23825126515452213,0.29994109377404,302.73283241620334,-24.836097833642835,-25.79385246327264,20.342955430723535,2.842170943040401e-14,3.0113623344150183e-16,0.012832498693974985,23.669615912606083,-0.6567499918097593,1.6752155218568987e-12,1.7079963309350698e-14
332,0.17291666666666666,0.06732061015703618,-0.23837950575710712,0.29994109328836493,303.07048096976916,-24.8627349090434,-25.823383057191723,20.342955430725958,-5.684341886080802e-14,-6.022724668830753e-16,0.012832498693975345,23.69600472465049,-0.6574738064662168,8.658629369051596e-13,2.023518314107886e-14
333,0.1734375,0.06725637863615576,-0.2385077463596921,0.2999410928026899,303.408129523335,-24.889371984443958,-25.8529136511108,20.342955430722327,-2.842170943040401e-14,-3.0113623344148393e-16,0.012832498693974624,23.722393536694895,-0.6581976211226743,5.6621374255882984e-14,2.023518314107886e-14
334,0.17395833333333333,0.06719214711527534,-0.23863598696227709,0.2999410923170148,303.7457780769008,-24.91600905984452,-25.88244424502988,20.342955430723535,5.684341886080802e-14,6.022724668830037e-16,0.012832498693974985,23.748782348739304,-0.6589214357791319,-7.561729020721941e-13,1.1843304135516061e-14
335,0.17447916666666666,0.06712791559439492,-0.23876422756486207,0.29994109183133977,304.08342663046665,-24.94264613524508,-25.91197483894896,20.342955430723535,2.842170943040401e-14,3.0113623344150183e-16,0.012832498693974985,23.77517116078371,-0.6596452504355894,2.0725643423702422e-12,2.023518314107886e-14
336,0.175,0.0670636840735145,-0.23889246816744705,0.2999410913456647,304.4210751840325,-24.969283210645642,-25.94150543286804,20.342955430723535,0.0,0.0,0.012832498693974985,23.801559972828116,-0.660369065092047,-2.3746560273707473e-12,3.789676905618933e-14
337,0.17552083333333332,0.06699945255263408,-0.23902070877003204,0.29994109085998966,304.7587237375983,-24.995920286046204,-25.97103602678712,20.342955430724746,-2.842170943040401e-14,-3.0113623344151977e-16,0.012832498693974985,23.82794878487253,-0.6610928797485045,4.46975789714088e-13,2.023518314107886e-14
338,0.17604166666666665,0.06693522103175366,-0.23914894937261702,0.2999410903743146,305.09637229116413,-25.022557361446765,-26.000566620706202,20.342955430723535,-5.684341886080802e-14,-6.022724668830037e-16,0.012832498693974985,23.854337596916935,-0.6618166944049619,1.4566126083082054e-12,4.348044372249956e-14
339,0.1765625,0.06687098951087324,-0.239277189975202,0.29994108988863954,305.43402084472996,-25.049194436847326,-26.030097214625282,20.342955430723535,-2.842170943040401e-14,-3.0113623344150183e-16,0.012832498693974985,23.88072640896134,-0.6625405090614195,-1.1716183578869277e-12,2.023518314107886e-14
340,0.17708333333333334,0.06680675798999282,-0.239405430577787,0.2999410894029645,305.7716693982958,-25.075831512247888,-26.059627808544363,20.342955430723535,0.0,0.0,0.012832498693974985,23.907115221005746,-0.663264323717877,1.6571188865555087e-12,2.023518314107886e-14
341,0.17760416666666667,0.0667425264691124,-0.23953367118037197,0.29994108891728943,306.1093179518616,-25.102468587648445,-26.08915840246344,20.342955430722327,2.842170943040401e-14,3.0113623344148393e-16,0.012832498693974624,23.933504033050156,-0.6639881383743345,-9.747758156208874e-13,3.789676905618933e-14
342,0.178125,0.06667829494823196,-0.23966191178295695,0.2999410884316144,306.44696650542744,-25.12910566304901,-26.118688996382524,20.342955430725958,0.0,0.0,0.012832498693975345,23.95989284509456,-0.6647119530307921,1.8540724511240114e-12,2.023518314107886e-14
343,0.17864583333333334,0.06661406342735154,-0.23979015238554194,0.2999410879459393,306.78461505899327,-25.15574273844957,-26.148219590301604,20.342955430723535,-2.842170943040401e-14,-3.0113623344150183e-16,0.012832498693974985,23.986281657138967,-0.6654357676872495,-2.5932589409194406e-12,2.023518314107886e-14
344,0.17916666666666667,0.06654983190647112,-0.23991839298812692,0.29994108746026427,307.1222636125591,-25.182379813850133,-26.177750184220685,20.342955430723535,-5.684341886080802e-14,-6.022724668830037e-16,0.012832498693974985,24.012670469183377,-0.666159582343707,2.050803971087589e-12,1.1843304135516061e-14
345,0.1796875,0.0664856003855907,-0.2400466335907119,0.2999410869745892,307.4599121661249,-25.20901688925069,-26.20728077813976,20.342955430722327,2.842170943040401e-14,3.0113623344148393e-16,0.012832498693974624,24.039059281227786,-0.6668833970001645,1.238009694759512e-12,2.3327250937894287e-14
346,0.18020833333333333,0.06642136886471028,-0.2401748741932969,0.29994108648891415,307.79756071969075,-25.235653964651252,-26.236811372058842,20.342955430723535,0.0,0.0,0.012832498693974985,24.06544809327219,-0.6676072116566221,-3.2092106749814775e-12,1.8946649804618687e-14
347,0.18072916666666666,0.06635713734382986,-0.24030311479588187,0.2999410860032391,308.1352092732566,-25.26229104005181,-26.26634196597792,20.342955430722327,2.842170943040401e-14,3.0113623344148393e-16,0.012832498693974624,24.091836905316597,-0.6683310263130795,-3.8058445284150366e-13,2.023518314107886e-14
348,0.18125,0.06629290582294943,-0.24043135539846686,0.29994108551756404,308.4728578268224,-25.288928115452375,-26.295872559897003,20.342955430725958,0.0,0.0,0.012832498693975345,24.118225717361007,-0.6690548409695372,4.263700503770451e-12,1.1547363208929586e-13
349,0.18177083333333333,0.06622867430206901,-0.24055959600105184,0.299941085031889,308.81050638038823,-25.315565190852936,-26.325403153816083,20.342955430724746,-2.842170943040401e-14,-3.0113623344151977e-16,0.012832498693974985,24.144614529405413,-0.6697786556259947,-1.8351986597053838e-13,1.1843304135516061e-14
350,0.18229166666666666,0.06616444278118859,-0.24068783660363682,0.29994108454621393,309.14815493395406,-25.342202266253498,-26.354933747735164,20.342955430723535,0.0,0.0,0.012832498693974985,24.17100334144982,-0.6705024702824521,-9.928724509222775e-13,1.1843304135516061e-14
351,0.1828125,0.06610021126030817,-0.2408160772062218,0.2999410840605389,309.4858034875199,-25.368839341654056,-26.38446434165424,20.342955430722327,2.842170943040401e-14,3.0113623344148393e-16,0.012832498693974624,24.197392153494228,-0.6712262849389096,-1.8057777495528171e-12,9.47505962578532e-15
352,0.18333333333333332,0.06603597973942775,-0.2409443178088068,0.2999410835748638,309.8234520410857,-25.395476417054617,-26.41399493557332,20.342955430723535,5.684341886080802e-14,6.022724668830037e-16,0.012832498693974985,24.223780965538634,-0.6719500995953671,2.8419488984354757e-12,2.3327250937894287e-14
353,0.18385416666666665,0.06597174821854732,-0.24107255841139177,0.29994108308918876,310.16110059465154,-25.422113492455182,-26.443525529492405,20.342955430725958,-2.842170943040401e-14,-3.0113623344153767e-16,0.012832498693975345,24.250169777583043,-0.6726739142518248,2.1027624086400465e-13,2.023518314107886e-14
354,0.184375,0.0659075166976669,-0.24120079901397676,0.2999410826035137,310.49874914821737,-25.448750567855743,-26.473056123411485,20.342955430723535,-5.684341886080802e-14,-6.022724668830037e-16,0.012832498693974985,24.27655858962745,-0.6733977289082823,-5.98965321785272e-13,1.1843304135516061e-14
355,0.18489583333333334,0.06584328517678648,-0.24132903961656174,0.29994108211783865,310.8363977017832,-25.4753876432563,-26.502586717330562,20.342955430722327,2.842170943040401e-14,3.0113623344148393e-16,0.012832498693974624,24.302947401671858,-0.6741215435647397,-1.4118706204158116e-12,2.023518314107886e-14
356,0.18541666666666667,0.06577905365590606,-0.24145728021914672,0.2999410816321636,311.174046255349,-25.502024718656862,-26.532117311249642,20.342955430723535,0.0,0.0,0.012832498693974985,24.329336213716264,-0.6748453582211973,-4.021227795192317e-13,1.7079963309350698e-14
357,0.1859375,0.06571482213502564,-0.2415855208217317,0.29994108114648854,311.51169480891485,-25.528661794057424,-26.561647905168723,20.342955430723535,2.842170943040401e-14,3.0113623344150183e-16,0.012832498693974985,24.35572502576067,-0.6755691728776547,2.426503442620742e-12,2.023518314107886e-14
358,0.18645833333333334,0.0656505906141452,-0.2417137614243167,0.2999410806608135,311.8493433624807,-25.55529886945799,-26.591178499087807,20.342955430725958,-5.684341886080802e-14,-6.022724668830753e-16,0.012832498693975345,24.38211383780508,-0.6762929875341124,1.6138201885951275e-12,2.023518314107886e-14
359,0.18697916666666667,0.06558635909326478,-0.24184200202690168,0.29994108017513843,312.1869919160465,-25.581935944858547,-26.620709093006884,20.342955430722327,-2.842170943040401e-14,-3.0113623344148393e-16,0.012832498693974624,24.408502649849485,-0.6770168021905698,-1.014521799902468e-12,2.3327250937894287e-14
360,0.1875,0.06552212757238436,-0.24197024262948666,0.2999410796894634,312.52464046961234,-25.608573020259108,-26.650239686925964,20.342955430723535,5.684341886080802e-14,6.022724668830037e-16,0.012832498693974985,24.43489146189389,-0.6777406168470274,1.8142154445399683e-12,1.1843304135516061e-14
361,0.18802083333333333,0.06545789605150394,-0.24209848323207164,0.2999410792037883,312.86228902317816,-25.63521009565967,-26.679770280845045,20.342955430723535,2.842170943040401e-14,3.0113623344150183e-16,0.012832498693974985,24.4612802739383,-0.6784644315034849,-2.6365576388798218e-12,1.8946649804618687e-14
362,0.18854166666666666,0.06539366453062352,-0.24222672383465663,0.29994107871811326,313.199937576744,-25.66184717106023,-26.709300874764125,20.342955430723535,0.0,0.0,0.012832498693974985,24.48766908598271,-0.6791882461599423,2.007505273127208e-12,3.855712907922857e-14
363,0.1890625,0.0653294330097431,-0.2423549644372416,0.2999410782324382,313.5375861303098,-25.688484246460792,-26.738831468683205,20.342955430724746,-2.842170943040401e-14,-3.0113623344151977e-16,0.012832498693974985,24.514057898027115,-0.6799120608164,1.198374732780394e-12,2.3327250937894287e-14
364,0.18958333333333333,0.06526520148886268,-0.2424832050398266,0.29994107774676315,313.87523468387565,-25.715121321861353,-26.768362062602286,20.342955430723535,-5.684341886080802e-14,-6.022724668830037e-16,0.012832498693974985,24.54044671007152,-0.6806358754728574,-1.4299672557172016e-12,1.1843304135516061e-14
365,0.19010416666666666,0.06520096996798226,-0.24261144564241158,0.2999410772610881,314.2128832374415,-25.741758397261915,-26.797892656521366,20.342955430723535,2.842170943040401e-14,3.0113623344150183e-16,0.012832498693974985,24.56683552211593,-0.681359690129315,1.3952172750464342e-12,2.023518314107886e-14
366,0.190625,0.06513673844710184,-0.24273968624499656,0.29994107677541304,314.5505317910073,-25.768395472662476,-26.827423250440447,20.342955430723535,0.0,0.0,0.012832498693974985,24.593224334160336,-0.6820835047857725,-1.2330136911486989e-12,1.7079963309350698e-14
367,0.19114583333333332,0.06507250692622142,-0.24286792684758154,0.299941076289738,314.88818034457313,-25.795032548063034,-26.856953844359523,20.342955430722327,2.842170943040401e-14,3.0113623344148393e-16,0.012832498693974624,24.619613146204742,-0.6828073194422299,-2.233768725545815e-13,2.023518314107886e-14
368,0.19166666666666665,0.06500827540534099,-0.24299616745016653,0.29994107580406293,315.22582889813896,-25.8216696234636,-26.886484438278607,20.342955430725958,0.0,0.0,0.012832498693975345,24.646001958249148,-0.6835311340986876,2.6054713941903174e-12,1.1843304135516061e-14
369,0.1921875,0.06494404388446057,-0.2431244080527515,0.2999410753183879,315.5634774517048,-25.84830669886416,-26.916015032197688,20.342955430723535,-2.842170943040401e-14,-3.0113623344150183e-16,0.012832498693974985,24.67239077029356,-0.684254948755145,-2.9976021664879227e-14,2.023518314107886e-14
370,0.19270833333333334,0.06487981236358015,-0.2432526486553365,0.2999410748327128,315.9011260052706,-25.87494377426472,-26.94554562611677,20.342955430723535,-5.684341886080802e-14,-6.022724668830037e-16,0.012832498693974985,24.698779582337966,-0.6849787634116027,9.798828415341632e-13,3.855712907922857e-14
371,0.19322916666666667,0.06481558084269973,-0.24338088925792148,0.29994107434703776,316.23877455883644,-25.90158084966528,-26.975076220035845,20.342955430722327,2.842170943040401e-14,3.0113623344148393e-16,0.012832498693974624,24.725168394382372,-0.6857025780680601,-3.467448550509289e-12,4.7368359235022695e-14
372,0.19375,0.06475134932181931,-0.24350912986050646,0.2999410738613627,316.57642311240227,-25.92821792506584,-27.004606813954926,20.342955430723535,0.0,0.0,0.012832498693974985,24.75155720642678,-0.6864263927245176,1.176614361497741e-12,1.1843304135516061e-14
373,0.19427083333333334,0.06468711780093889,-0.24363737046309145,0.29994107337568765,316.9140716659681,-25.954855000466402,-27.034137407874006,20.342955430724746,0.0,0.0,0.012832498693974985,24.777946018471187,-0.6871502073809751,3.673727988484643e-13,2.3327250937894287e-14
374,0.19479166666666667,0.06462288628005847,-0.24376561106567643,0.2999410728900126,317.2517202195339,-25.981492075866964,-27.063668001793086,20.342955430723535,0.0,0.0,0.012832498693974985,24.804334830515593,-0.6878740220374325,1.3770096174425817e-12,1.1843304135516061e-14
375,0.1953125,0.06455865475917805,-0.2438938516682614,0.29994107240433754,317.58936877309975,-26.008129151267525,-27.093198595712167,20.342955430724746,-2.842170943040401e-14,-3.0113623344151977e-16,0.012832498693974985,24.83072364256,-0.6885978366938902,5.678790770957676e-13,1.1843304135516061e-14
376,0.19583333333333333,0.06449442323829763,-0.2440220922708464,0.2999410719186625,317.9270173266656,-26.034766226668086,-27.122729189631247,20.342955430723535,0.0,0.0,0.012832498693974985,24.857112454604405,-0.6893216513503477,-2.0603518890993655e-12,1.7079963309350698e-14
377,0.19635416666666666,0.0644301917174172,-0.24415033287343138,0.2999410714329874,318.2646658802314,-26.061403302068644,-27.152259783550324,20.342955430722327,2.842170943040401e-14,3.0113623344148393e-16,0.012832498693974624,24.883501266648818,-0.690045466006805,-1.0579315201653117e-12,2.023518314107886e-14
378,0.196875,0.06436596019653679,-0.24427857347601636,0.29994107094731237,318.60231443379723,-26.088040377469206,-27.181790377469405,20.342955430723535,5.684341886080802e-14,6.022724668830037e-16,0.012832498693974985,24.909890078693223,-0.6907692806632627,1.7709167465795872e-12,1.1843304135516061e-14
379,0.19739583333333333,0.06430172867565635,-0.24440681407860135,0.2999410704616373,318.93996298736306,-26.11467745286977,-27.21132097138849,20.342955430725958,-2.842170943040401e-14,-3.0113623344153767e-16,0.012832498693975345,24.936278890737633,-0.6914930953197201,9.580114479490476e-13,1.1843304135516061e-14
380,0.19791666666666666,0.06423749715477593,-0.24453505468118633,0.29994106997596226,319.2776115409289,-26.141314528270332,-27.24085156530757,20.342955430723535,-5.684341886080802e-14,-6.022724668830037e-16,0.012832498693974985,24.96266770278204,-0.6922169099761778,1.488809076022335e-13,2.023518314107886e-14
381,0.1984375,0.06417326563389551,-0.24466329528377131,0.2999410694902872,319.6152600944947,-26.16795160367089,-27.270382159226646,20.342955430722327,2.842170943040401e-14,3.0113623344148393e-16,0.012832498693974624,24.989056514826444,-0.6929407246326352,-6.604716773495056e-13,1.8946649804618687e-14
382,0.19895833333333332,0.06410903411301509,-0.2447915358863563,0.29994106900461215,319.95290864806054,-26.19458867907145,-27.299912753145726,20.342955430723535,0.0,0.0,0.012832498693974985,25.01544532687085,-0.6936645392890928,3.4927616354707425e-13,1.1843304135516061e-14
383,0.19947916666666665,0.06404480259213467,-0.24491977648894128,0.2999410685189371,320.29055720162637,-26.221225754472012,-27.329443347064807,20.342955430723535,2.842170943040401e-14,3.0113623344150183e-16,0.012832498693974985,25.041834138915256,-0.6943883539455503,1.3590240044436541e-12,1.1843304135516061e-14
384,0.2,0.06398057107125424,-0.24504801709152627,0.29994106803326204,320.6282057551922,-26.247862829872577,-27.35897394098389,20.342955430725958,-5.684341886080802e-14,-6.022724668830753e-16,0.012832498693975345,25.068222950959665,-0.6951121686020078,-1.272870697732742e-12,1.8946649804618687e-14
385,0.20052083333333334,0.06391633955037382,-0.24517625769411125,0.299941067547587,320.965854308758,-26.274499905273135,-27.388504534902967,20.342955430722327,-2.842170943040401e-14,-3.0113623344148393e-16,0.012832498693974624,25.09461176300407,-0.6958359832584653,1.5558665467096944e-12,2.3683832682980945e-14
386,0.20104166666666667,0.0638521080294934,-0.24530449829669623,0.2999410670619119,321.30350286232385,-26.301136980673697,-27.418035128822048,20.342955430723535,5.684341886080802e-14,6.022724668830037e-16,0.012832498693974985,25.121000575048484,-0.6965597979149228,7.395195567028168e-13,9.47505962578532e-15
387,0.2015625,0.06378787650861298,-0.24543273889928122,0.29994106657623687,321.6411514158897,-26.327774056074258,-27.44756572274113,20.342955430723535,2.842170943040401e-14,3.0113623344150183e-16,0.012832498693974985,25.14738938709289,-0.6972836125713804,-6.972200594645983e-14,9.47505962578532e-15
388,0.20208333333333334,0.06372364498773256,-0.2455609795018662,0.2999410660905618,321.9787999694555,-26.35441113147482,-27.47709631666021,20.342955430723535,0.0,0.0,0.012832498693974985,25.173778199137296,-0.6980074272278379,-2.697952972141593e-12,2.3683832682980945e-14
389,0.20260416666666667,0.06365941346685214,-0.24568922010445118,0.29994106560488676,322.31644852302134,-26.38104820687538,-27.50662691057929,20.342955430724746,-2.842170943040401e-14,-3.0113623344151977e-16,0.012832498693974985,25.2001670111817,-0.6987312418842955,1.3078427230084344e-13,3.789676905618933e-14
390,0.203125,0.06359518194597172,-0.24581746070703617,0.2999410651192117,322.65409707658716,-26.407685282275942,-27.53615750449837,20.342955430723535,-5.684341886080802e-14,-6.022724668830037e-16,0.012832498693974985,25.226555823226107,-0.6994550565407529,2.9594104944408173e-12,2.3683832682980945e-14
391,0.20364583333333333,0.0635309504250913,-0.24594570130962115,0.29994106463353665,322.991745630153,-26.434322357676503,-27.56568809841745,20.342955430723535,2.842170943040401e-14,3.0113623344150183e-16,0.012832498693974985,25.252944635270516,-0.7001788711972105,3.276268145668837e-13,4.047361482045714e-14
392,0.20416666666666666,0.06346671890421088,-0.24607394191220613,0.2999410641478616,323.3293941837188,-26.460959433077065,-27.59521869233653,20.342955430723535,0.0,0.0,0.012832498693974985,25.279333447314922,-0.700902685853668,1.3373746554634636e-12,2.3683832682980945e-14
393,0.2046875,0.06340248738333046,-0.24620218251479112,0.29994106366218654,323.66704273728465,-26.487596508477623,-27.624749286255607,20.342955430722327,2.842170943040401e-14,3.0113623344148393e-16,0.012832498693974624,25.305722259359328,-0.7016265005101254,-3.1099567365799885e-12,1.8946649804618687e-14
394,0.20520833333333333,0.06333825586245002,-0.2463304231173761,0.2999410631765115,324.0046912908505,-26.514233583878188,-27.65427988017469,20.342955430725958,0.0,0.0,0.012832498693975345,25.33211107140374,-0.7023503151665831,-2.8821389719269064e-13,1.7079963309350698e-14
395,0.20572916666666666,0.0632740243415696,-0.24645866371996109,0.2999410626908364,324.3423398444163,-26.54087065927875,-27.68381047409377,20.342955430723535,-2.842170943040401e-14,-3.0113623344150183e-16,0.012832498693974985,25.358499883448147,-0.7030741298230405,2.540412324947283e-12,2.99594779970964e-14
396,0.20625,0.06320979282068918,-0.24658690432254607,0.29994106220516137,324.67998839798213,-26.56750773467931,-27.713341068012852,20.342955430723535,0.0,0.0,0.012832498693974985,25.384888695492553,-0.703797944479498,-1.906919067096169e-12,1.8946649804618687e-14
397,0.20677083333333332,0.06314556129980876,-0.24671514492513105,0.2999410617194863,325.01763695154796,-26.594144810079868,-27.74287166193193,20.342955430722327,2.842170943040401e-14,3.0113623344148393e-16,0.012832498693974624,25.41127750753696,-0.7045217591359555,2.740807580892124e-12,2.3683832682980945e-14
398,0.20729166666666665,0.06308132977892834,-0.24684338552771604,0.29994106123381126,325.3552855051138,-26.62078188548043,-27.77240225585101,20.342955430723535,0.0,0.0,0.012832498693974985,25.437666319581368,-0.705245573792413,1.0902390101819037e-13,1.7079963309350698e-14
399,0.20781249999999998,0.06301709825804792,-0.24697162613030102,0.2999410607481362,325.6929340586796,-26.64741896088099,-27.80193284977009,20.342955430724746,0.0,0.0,0.012832498693974985,25.464055131625773,-0.7059693884488706,-2.5192070651769427e-12,9.47505962578532e-15
400,0.20833333333333334,0.0629528667371675,-0.247099866732886,0.29994106026246115,326.03058261224544,-26.674056036281552,-27.83146344368917,20.342955430723535,0.0,0.0,0.012832498693974985,25.49044394367018,-0.7066932031053281,2.12851958281135e-12,9.47505962578532e-15
401,0.20885416666666667,0.06288863521628708,-0.247228107335471,0.2999410597767861,326.36823116581127,-26.700693111682114,-27.86099403760825,20.342955430724746,-2.842170943040401e-14,-3.0113623344151977e-16,0.012832498693974985,25.51683275571459,-0.7074170177617857,-5.032640970625835e-13,9.47505962578532e-15
402,0.209375,0.06282440369540666,-0.24735634793805597,0.29994105929111103,326.7058797193771,-26.727330187082675,-27.89052463152733,20.342955430723535,0.0,0.0,0.012832498693974985,25.543221567758998,-0.7081408324182431,5.028200078527334e-13,2.99594779970964e-14
403,0.20989583333333334,0.06276017217452624,-0.24748458854064095,0.299941058805436,327.0435282729429,-26.753967262483233,-27.920055225446408,20.342955430722327,2.842170943040401e-14,3.0113623344148393e-16,0.012832498693974624,25.569610379803404,-0.7088646470747005,-3.065325770990057e-13,1.8946649804618687e-14
404,0.21041666666666667,0.06269594065364582,-0.24761282914322594,0.2999410583197609,327.38117682650875,-26.780604337883794,-27.94958581936549,20.342955430723535,5.684341886080802e-14,6.022724668830037e-16,0.012832498693974985,25.59599919184781,-0.7095884617311581,-1.1157741397482823e-12,2.99594779970964e-14
405,0.2109375,0.06263170913276539,-0.24774106974581092,0.29994105783408587,327.7188253800746,-26.80724141328436,-27.979116413284572,20.342955430725958,-2.842170943040401e-14,-3.0113623344153767e-16,0.012832498693975345,25.62238800389222,-0.7103122763876157,1.709521413317816e-12,3.4158002075138607e-14
406,0.21145833333333333,0.06256747761188497,-0.2478693103483959,0.2999410573484108,328.0564739336404,-26.83387848868492,-28.008647007203653,20.342955430723535,-5.684341886080802e-14,-6.022724668830037e-16,0.012832498693974985,25.648776815936625,-0.7110360910440733,9.002798506685394e-13,9.47505962578532e-15
407,0.21197916666666666,0.06250324609100455,-0.2479975509509809,0.29994105686273576,328.39412248720623,-26.86051556408548,-28.03817760112273,20.342955430722327,2.842170943040401e-14,3.0113623344148393e-16,0.012832498693974624,25.67516562798103,-0.7117599057005307,1.9099166692626568e-12,9.47505962578532e-15
408,0.2125,0.06243901457012413,-0.24812579155356587,0.2999410563770607,328.73177104077206,-26.88715263948604,-28.06770819504181,20.342955430723535,0.0,0.0,0.012832498693974985,25.70155444002544,-0.7124837203569883,-2.5408564141571333e-12,1.8946649804618687e-14
409,0.21302083333333333,0.06237478304924371,-0.24825403215615086,0.29994105589138564,329.0694195943379,-26.9137897148866,-28.09723878896089,20.342955430723535,2.842170943040401e-14,3.0113623344150183e-16,0.012832498693974985,25.727943252069846,-0.7132075350134457,2.106759211528697e-12,1.7079963309350698e-14
410,0.21354166666666666,0.062310551528363275,-0.24838227275873584,0.2999410554057106,329.4070681479037,-26.940426790287166,-28.126769382879974,20.342955430725958,-5.684341886080802e-14,-6.022724668830753e-16,0.012832498693975345,25.754332064114255,-0.7139313496699033,1.2940759575030825e-12,1.8946649804618687e-14
411,0.2140625,0.062246320007482855,-0.24851051336132082,0.29994105492003553,329.74471670146954,-26.967063865687724,-28.15629997679905,20.342955430722327,-2.842170943040401e-14,-3.0113623344148393e-16,0.012832498693974624,25.78072087615866,-0.7146551643263608,-1.3342660309945131e-12,1.7079963309350698e-14
412,0.21458333333333332,0.062182088486602435,-0.2486387539639058,0.2999410544343605,330.08236525503537,-26.993700941088285,-28.18583057071813,20.342955430723535,5.684341886080802e-14,6.022724668830037e-16,0.012832498693974985,25.80710968820307,-0.7153789789828183,-3.2807090377673376e-13,3.4158002075138607e-14
413,0.21510416666666665,0.062117856965722015,-0.2487669945664908,0.2999410539486854,330.4200138086012,-27.020338016488846,-28.215361164637212,20.342955430723535,2.842170943040401e-14,3.0113623344150183e-16,0.012832498693974985,25.833498500247476,-0.7161027936392759,-1.1373124664260104e-12,1.7079963309350698e-14
414,0.21562499999999998,0.062053625444841595,-0.24889523516907577,0.29994105346301037,330.757662362167,-27.046975091889408,-28.244891758556292,20.342955430723535,0.0,0.0,0.012832498693974985,25.85988731229188,-0.7168266082957333,-1.27675647831893e-13,9.47505962578532e-15
415,0.21614583333333334,0.06198939392396117,-0.24902347577166076,0.2999410529773353,331.09531091573285,-27.07361216728997,-28.274422352475373,20.342955430724746,-2.842170943040401e-14,-3.0113623344151977e-16,0.012832498693974985,25.88627612433629,-0.717550422952191,2.6976199052342054e-12,1.1612760654425154e-13
416,0.21666666666666667,0.06192516240308075,-0.24915171637424574,0.29994105249166025,331.4329594692987,-27.10024924269053,-28.303952946394453,20.342955430723535,-5.684341886080802e-14,-6.022724668830037e-16,0.012832498693974985,25.912664936380697,-0.7182742376086484,-3.568700890355103e-12,4.047361482045714e-14
417,0.2171875,0.06186093088220033,-0.24927995697683072,0.2999410520059852,331.7706080228645,-27.126886318091092,-28.333483540313534,20.342955430723535,2.842170943040401e-14,3.0113623344150183e-16,0.012832498693974985,25.939053748425103,-0.7189980522651059,4.7170045647249026e-12,1.8946649804618687e-14
418,0.21770833333333334,0.06179669936131991,-0.2494081975794157,0.29994105152031014,332.10825657643034,-27.153523393491653,-28.363014134232614,20.342955430723535,0.0,0.0,0.012832498693974985,25.965442560469512,-0.7197218669215635,-1.552757922240744e-12,1.7079963309350698e-14
419,0.21822916666666667,0.06173246784043949,-0.2495364381820007,0.2999410510346351,332.44590512999616,-27.18016046889221,-28.39254472815169,20.342955430722327,2.842170943040401e-14,3.0113623344148393e-16,0.012832498693974624,25.99183137251392,-0.7204456815780209,-5.466738173254271e-13,1.8946649804618687e-14
420,0.21875,0.061668236319559054,-0.24966467878458568,0.29994105054896003,332.783553683562,-27.206797544292776,-28.422075322070775,20.342955430725958,0.0,0.0,0.012832498693975345,26.018220184558327,-0.7211694962344786,2.2821744494194718e-12,2.3683832682980945e-14
421,0.21927083333333333,0.061604004798678634,-0.24979291938717066,0.299941050063285,333.1212022371278,-27.233434619693337,-28.451605915989855,20.342955430723535,-2.842170943040401e-14,-3.0113623344150183e-16,0.012832498693974985,26.044608996602733,-0.721893310890936,-2.1651569426239803e-12,9.47505962578532e-15
422,0.21979166666666666,0.061539773277798214,-0.24992115998975564,0.2999410495776099,333.45885079069365,-27.2600716950939,-28.481136509908936,20.342955430723535,0.0,0.0,0.012832498693974985,26.070997808647142,-0.7226171255473937,2.4791280139879746e-12,2.3683832682980945e-14
423,0.2203125,0.061475541756917794,-0.2500494005923406,0.29994104909193486,333.7964993442595,-27.286708770494457,-28.510667103828013,20.342955430722327,2.842170943040401e-14,3.0113623344148393e-16,0.01283249869397462,26.097386620691548,-0.7233409402038511,-1.4921397450962104e-13,1.7079963309350698e-14
424,0.22083333333333333,0.061411310236037374,-0.2501776411949256,0.2999410486062598,334.1341478978253,-27.313345845895018,-28.540197697747093,20.342955430723535,0.0,0.0,0.012832498693974985,26.123775432735954,-0.7240647548603085,-2.7775559630072166e-12,1.7079963309350698e-14
425,0.22135416666666666,0.06134707871515695,-0.25030588179751057,0.29994104812058475,334.4717964513911,-27.33998292129558,-28.569728291666173,20.342955430724746,0.0,0.0,0.012832498693974985,26.15016424478036,-0.7247885695167661,3.689160088526933e-12,1.7079963309350698e-14
426,0.221875,0.06128284719427653,-0.25043412240009555,0.2999410476349097,334.80944500495696,-27.36661999669614,-28.599258885585254,20.342955430723535,0.0,0.0,0.012832498693974985,26.176553056824773,-0.7255123841732235,-2.584266134419977e-12,1.7079963309350698e-14
427,0.22239583333333332,0.0612186156733961,-0.25056236300268053,0.29994104714923464,335.1470935585228,-27.393257072096702,-28.628789479504334,20.342955430724746,-2.842170943040401e-14,-3.0113623344151977e-16,0.012832498693974985,26.20294186886918,-0.7262361988296812,3.882560939416635e-12,1.8946649804618687e-14
428,0.22291666666666665,0.06115438415251568,-0.2506906036052655,0.2999410466635596,335.4847421120886,-27.419894147497264,-28.658320073423415,20.342955430723535,0.0,0.0,0.012832498693974985,26.229330680913584,-0.7269600134861387,-4.2026382374160676e-12,2.3683832682980945e-14
429,0.22343749999999998,0.06109015263163526,-0.2508188442078505,0.29994104617788453,335.82239066565444,-27.44653122289782,-28.68785066734249,20.342955430722327,2.842170943040401e-14,3.0113623344148393e-16,0.012832498693974624,26.255719492957994,-0.727683828142596,4.413136522884997e-13,2.3683832682980945e-14
430,0.22395833333333334,0.061025921110754826,-0.2509470848104355,0.2999410456922095,336.16003921922027,-27.473168298298386,-28.717381261261576,20.342955430725958,0.0,0.0,0.012832498693975345,26.2821083050024,-0.7284076427990537,5.089151322579255e-12,9.47505962578532e-15
431,0.22447916666666667,0.0609616895898744,-0.25107532541302047,0.2999410452065344,336.4976877727861,-27.499805373698948,-28.746911855180656,20.342955430724746,-2.842170943040401e-14,-3.0113623344151977e-16,0.012832498693974985,26.308497117046805,-0.7291314574555111,-4.8151482801017664e-12,1.7079963309350698e-14
432,0.225,0.06089745806899398,-0.25120356601560545,0.29994104472085936,336.8353363263519,-27.52644244909951,-28.776442449099736,20.342955430723535,-5.684341886080802e-14,-6.022724668830037e-16,0.012832498693974985,26.33488592909121,-0.7298552721119688,3.470668197280702e-12,1.8946649804618687e-14
433,0.22552083333333334,0.06083322654811356,-0.25133180661819043,0.2999410442351843,337.17298487991775,-27.553079524500067,-28.805973043018813,20.342955430722327,2.842170943040401e-14,3.0113623344148393e-16,0.012832498693974624,26.361274741135617,-0.7305790867684262,-2.7956525983086067e-12,1.8946649804618687e-14
434,0.22604166666666667,0.06076899502723314,-0.2514600472207754,0.29994104374950925,337.5106334334836,-27.579716599900628,-28.835503636937894,20.342955430723535,0.0,0.0,0.012832498693974985,26.38766355318003,-0.7313029014248837,2.5979218776228663e-14,3.789676905618933e-14
435,0.2265625,0.06070476350635272,-0.2515882878233604,0.2999410432638342,337.8482819870494,-27.60635367530119,-28.865034230856974,20.342955430723535,2.842170943040401e-14,3.0113623344150183e-16,0.012832498693974985,26.414052365224435,-0.7320267160813413,1.0357270596728085e-12,1.8946649804618687e-14
436,0.22708333333333333,0.060640531985472285,-0.2517165284259454,0.29994104277815914,338.18593054061523,-27.632990750701754,-28.894564824776058,20.342955430725958,-5.684341886080802e-14,-6.022724668830753e-16,0.012832498693975345,26.440441177268845,-0.7327505307377987,2.2282176104226892e-13,2.3683832682980945e-14
437,0.22760416666666666,0.060576300464591865,-0.25184476902853037,0.2999410422924841,338.52357909418106,-27.659627826102312,-28.924095418695135,20.342955430722327,-2.842170943040401e-14,-3.0113623344148393e-16,0.012832498693974624,26.46682998931325,-0.7334743453942563,1.2325696019388488e-12,9.47505962578532e-15
438,0.228125,0.060512068943711445,-0.25197300963111535,0.29994104180680903,338.8612276477469,-27.686264901502874,-28.953626012614215,20.342955430723535,5.684341886080802e-14,6.022724668830037e-16,0.012832498693974985,26.493218801357656,-0.7341981600507138,2.2423174428354287e-12,1.7079963309350698e-14
439,0.22864583333333333,0.060447837422831024,-0.25210125023370034,0.29994104132113397,339.1988762013127,-27.712901976903435,-28.983156606533296,20.342955430723535,2.842170943040401e-14,3.0113623344150183e-16,0.012832498693974985,26.519607613402062,-0.7349219747071714,-2.204902926905561e-12,2.3683832682980945e-14
440,0.22916666666666666,0.060383605901950604,-0.2522294908362853,0.2999410408354589,339.53652475487854,-27.739539052303996,-29.012687200452376,20.342955430723535,0.0,0.0,0.012832498693974985,26.545996425446468,-0.7356457893636289,6.238343175368755e-13,1.7079963309350698e-14
441,0.2296875,0.06031937438107018,-0.2523577314388703,0.29994104034978386,339.87417330844437,-27.766176127704558,-29.042217794371457,20.342955430724746,-2.842170943040401e-14,-3.0113623344151977e-16,0.012832498693974985,26.572385237490877,-0.7363696040200864,1.6300294447546548e-12,9.47505962578532e-15
442,0.23020833333333332,0.06025514286018976,-0.2524859720414553,0.2999410398641088,340.2118218620102,-27.79281320310512,-29.071748388290537,20.342955430723535,-5.684341886080802e-14,-6.022724668830037e-16,0.012832498693974985,26.598774049535283,-0.7370934186765439,8.206768598029157e-13,1.8946649804618687e-14
443,0.23072916666666665,0.06019091133930934,-0.25261421264404027,0.29994103937843375,340.549470415576,-27.81945027850568,-29.101278982209617,20.342955430723535,2.842170943040401e-14,3.0113623344150183e-16,0.012832498693974985,26.625162861579696,-0.7378172333330014,4.3298697960381105e-15,3.789676905618933e-14
444,0.23124999999999998,0.06012667981842892,-0.25274245324662525,0.2999410388927587,340.88711896914185,-27.846087353906242,-29.130809576128698,20.342955430723535,0.0,0.0,0.012832498693974985,26.651551673624102,-0.738541047989459,-2.623901096399095e-12,1.8946649804618687e-14
445,0.23177083333333334,0.0600624482975485,-0.25287069384921024,0.29994103840708364,341.2247675227077,-27.8727244293068,-29.160340170047775,20.342955430722327,2.842170943040401e-14,3.0113623344148393e-16,0.012832498693974624,26.677940485668508,-0.7392648626459164,2.0472512574087887e-13,3.4158002075138607e-14
446,0.23229166666666667,0.05999821677666806,-0.2529989344517952,0.2999410379214086,341.5624160762735,-27.899361504707365,-29.18987076396686,20.342955430725958,0.0,0.0,0.012832498693975345,26.704329297712913,-0.739988677302374,1.2145839889399213e-12,3.4158002075138607e-14
447,0.2328125,0.05993398525578764,-0.2531271750543802,0.2999410374357335,341.90006462983933,-27.925998580107926,-29.21940135788594,20.342955430723535,-2.842170943040401e-14,-3.0113623344150183e-16,0.012832498693974985,26.73071810975732,-0.7407124919588315,4.0523140398818214e-13,4.737044090827596e-14
448,0.23333333333333334,0.05986975373490722,-0.2532554156569652,0.29994103695005847,342.23771318340516,-27.952635655508487,-29.24893195180502,20.342955430723535,0.0,0.0,0.012832498693974985,26.75710692180173,-0.7414363066152889,-4.076738946423575e-13,1.8946649804618687e-14
449,0.23385416666666667,0.0598055222140268,-0.25338365625955017,0.2999410364643834,342.575361736971,-27.979272730909045,-29.278462545724096,20.342955430722327,2.842170943040401e-14,3.0113623344148393e-16,0.012832498693974624,26.783495733846134,-0.7421601212717465,-1.216915457291634e-12,1.7079963309350698e-14
450,0.234375,0.05974129069314638,-0.25351189686213516,0.29994103597870836,342.9130102905368,-28.005909806309607,-29.307993139643177,20.342955430723535,0.0,0.0,0.012832498693974985,26.80988454589054,-0.742883935928204,1.6118217871508023e-12,1.7079963309350698e-14
451,0.23489583333333333,0.059677059172265956,-0.25364013746472014,0.2999410354930333,343.25065884410265,-28.032546881710168,-29.337523733562257,20.342955430724746,0.0,0.0,0.012832498693974985,26.836273357934953,-0.7436077505846616,7.954747971439247e-13,2.3683832682980945e-14
452,0.23541666666666666,0.059612827651385536,-0.2537683780673051,0.29994103500735825,343.5883073976685,-28.05918395711073,-29.367054327481338,20.342955430723535,0.0,0.0,0.012832498693974985,26.86266216997936,-0.7443315652411191,1.8052226380405045e-12,4.6653092764018e-14
453,0.2359375,0.05954859613050511,-0.2538966186698901,0.2999410345216832,343.9259559512343,-28.08582103251129,-29.396584921400418,20.342955430724746,-2.842170943040401e-14,-3.0113623344151977e-16,0.012832498693974985,26.889050982023765,-0.7450553798975766,-2.641997731700485e-12,2.99594779970964e-14
454,0.23645833333333333,0.05948436460962469,-0.2540248592724751,0.29994103403600814,344.2636045048001,-28.112458107911852,-29.4261155153195,20.342955430723535,0.0,0.0,0.012832498693974985,26.91543979406817,-0.7457791945540341,-1.6323609131063677e-12,3.4158002075138607e-14
455,0.23697916666666666,0.05942013308874427,-0.2541530998750601,0.2999410335503331,344.60125305836596,-28.13909518331241,-29.455646109238575,20.342955430722327,2.842170943040401e-14,3.0113623344148393e-16,0.012832498693974624,26.94182860611258,-0.7465030092104915,3.011701998900662e-12,9.47505962578532e-15
456,0.2375,0.059355901567863835,-0.25428134047764506,0.299941033064658,344.9389016119318,-28.165732258712975,-29.48517670315766,20.342955430725958,0.0,0.0,0.012832498693975345,26.968217418156986,-0.7472268238669492,3.835820550079916e-13,3.4158002075138607e-14
457,0.23802083333333332,0.05929167004698341,-0.25440958108023004,0.29994103257898297,345.2765501654976,-28.192369334113536,-29.51470729707674,20.342955430724746,-2.842170943040401e-14,-3.0113623344151977e-16,0.012832498693974985,26.99460623020139,-0.7479506385234067,1.3933298959045715e-12,4.3672786498475206e-14
458,0.23854166666666665,0.05922743852610299,-0.254537821682815,0.2999410320933079,345.61419871906344,-28.219006409514098,-29.54423789099582,20.342955430723535,-5.684341886080802e-14,-6.022724668830037e-16,0.012832498693974985,27.0209950422458,-0.7486744531798643,5.805356195764944e-13,2.99594779970964e-14
459,0.23906249999999998,0.05916320700522257,-0.2546660622854,0.29994103160763286,345.95184727262927,-28.245643484914655,-29.573768484914897,20.342955430722327,2.842170943040401e-14,3.0113623344148393e-16,0.012832498693974624,27.04738385429021,-0.7493982678363217,-2.0513590825999017e-12,2.3683832682980945e-14
460,0.23958333333333334,0.05909897548434215,-0.254794302887985,0.2999410311219578,346.2894958261951,-28.272280560315217,-29.603299078833977,20.342955430723535,0.0,0.0,0.012832498693974985,27.073772666334616,-0.7501220824927792,7.773781618425346e-13,2.3683832682980945e-14
461,0.24010416666666667,0.05903474396346173,-0.25492254349057,0.29994103063628275,346.6271443797609,-28.298917635715778,-29.632829672753058,20.342955430723535,2.842170943040401e-14,3.0113623344150183e-16,0.012832498693974985,27.10016147837902,-0.7508458971492367,-3.197442310920451e-14,3.789676905618933e-14
462,0.240625,0.058970512442581294,-0.25505078409315496,0.2999410301506077,346.96479293332675,-28.325554711116343,-29.66236026667214,20.342955430725958,-5.684341886080802e-14,-6.022724668830753e-16,0.012832498693975345,27.12655029042343,-0.7515697118056943,9.743317264110374e-13,1.8946649804618687e-14
463,0.24114583333333334,0.058906280921700874,-0.25517902469573994,0.29994102966493263,347.3024414868926,-28.3521917865169,-29.69189086059122,20.342955430722327,-2.842170943040401e-14,-3.0113623344148393e-16,0.012832498693974624,27.152939102467837,-0.7522935264621518,1.6497914145929826e-13,1.8946649804618687e-14
464,0.24166666666666667,0.058842049400820454,-0.2553072652983249,0.2999410291792576,347.6400900404584,-28.378828861917462,-29.7214214545103,20.342955430723535,5.684341886080802e-14,6.022724668830037e-16,0.012832498693974985,27.179327914512243,-0.7530173411186093,-2.463251824735835e-12,1.8946649804618687e-14
465,0.2421875,0.058777817879940034,-0.2554355059009099,0.2999410286935825,347.97773859402423,-28.405465937318024,-29.75095204842938,20.342955430723535,2.842170943040401e-14,3.0113623344150183e-16,0.012832498693974985,27.205716726556652,-0.7537411557750668,3.999911513119514e-12,4.047361482045714e-14
466,0.24270833333333333,0.058713586359059614,-0.2555637465034949,0.29994102820790747,348.31538714759006,-28.432103012718585,-29.78048264234846,20.342955430723535,0.0,0.0,0.012832498693974985,27.232105538601058,-0.7544649704315243,-4.085398686015651e-12,4.6653092764018e-14
467,0.24322916666666666,0.05864935483817919,-0.2556919871060799,0.2999410277222324,348.6530357011559,-28.458740088119146,-29.81001323626754,20.342955430724746,-2.842170943040401e-14,-3.0113623344151977e-16,0.012832498693974985,27.258494350645467,-0.7551887850879819,2.3778756741421603e-12,2.3683832682980945e-14
468,0.24375,0.058585123317298766,-0.25582022770866486,0.29994102723655736,348.9906842547217,-28.485377163519708,-29.83954383018662,20.342955430723535,-5.684341886080802e-14,-6.022724668830037e-16,0.012832498693974985,27.284883162689873,-0.7559125997444394,1.5685230891904212e-12,9.47505962578532e-15
469,0.24427083333333333,0.058520891796418346,-0.25594846831124984,0.2999410267508823,349.32833280828754,-28.51201423892027,-29.8690744241057,20.342955430723535,2.842170943040401e-14,3.0113623344150183e-16,0.012832498693974985,27.311271974734282,-0.7566364144008969,-1.0632605906835124e-12,1.7079963309350698e-14
470,0.24479166666666666,0.058456660275537926,-0.2560767089138348,0.29994102626520724,349.66598136185337,-28.53865131432083,-29.89860501802478,20.342955430723535,0.0,0.0,0.012832498693974985,27.337660786778688,-0.7573602290573545,1.765476653758924e-12,1.7079963309350698e-14
471,0.2453125,0.058392428754657506,-0.2562049495164198,0.2999410257795322,350.0036299154192,-28.56528838972139,-29.92813561194386,20.342955430722327,2.842170943040401e-14,3.0113623344148393e-16,0.012832498693974624,27.364049598823094,-0.7580840437138119,-2.681854738284528e-12,9.47505962578532e-15
472,0.24583333333333332,0.05832819723377707,-0.2563331901190048,0.29994102529385713,350.341278468985,-28.591925465121953,-29.957666205862942,20.342955430725958,0.0,0.0,0.012832498693975345,27.390438410867503,-0.7588078583702695,1.9624302183274267e-12,2.3683832682980945e-14
473,0.24635416666666665,0.05826396571289665,-0.2564614307215898,0.2999410248081821,350.67892702255085,-28.618562540522515,-29.987196799782023,20.342955430723535,-2.842170943040401e-14,-3.0113623344150183e-16,0.012832498693974985,27.41682722291191,-0.759531673026727,-2.4849011737160254e-12,2.3683832682980945e-14
474,0.24687499999999998,0.05819973419201623,-0.25658967132417476,0.299941024322507,351.0165755761167,-28.645199615923076,-30.016727393701103,20.342955430723535,0.0,0.0,0.012832498693974985,27.443216034956315,-0.7602554876831846,2.16293649657473e-12,4.047361482045714e-14
475,0.24739583333333334,0.05813550267113581,-0.25671791192675975,0.29994102383683197,351.3542241296825,-28.671836691323634,-30.04625798762018,20.342955430722327,2.842170943040401e-14,3.0113623344148393e-16,0.012832498693974624,27.469604847000724,-0.7609793023396421,1.3500311979441904e-12,4.6653092764018e-14
476,0.24791666666666667,0.05807127115025539,-0.25684615252934473,0.2999410233511569,351.69187268324833,-28.698473766724195,-30.07578858153926,20.342955430723535,0.0,0.0,0.012832498693974985,27.495993659045133,-0.7617031169960995,-1.2818635042322057e-12,3.4158002075138607e-14
477,0.2484375,0.058007039629374965,-0.2569743931319297,0.29994102286548185,352.02952123681416,-28.725110842124757,-30.10531917545834,20.342955430724746,0.0,0.0,0.012832498693974985,27.52238247108954,-0.762426931652557,3.365863143756087e-12,2.3683832682980945e-14
478,0.24895833333333334,0.057942808108494545,-0.2571026337345147,0.2999410223798068,352.36716979038,-28.751747917525318,-30.13484976937742,20.342955430723535,0.0,0.0,0.012832498693974985,27.548771283133945,-0.7631507463090145,-2.9004576518332215e-12,3.789676905618933e-14
479,0.24947916666666667,0.05787857658761412,-0.2572308743370997,0.29994102189413174,352.7048183439458,-28.77838499292588,-30.1643803632965,20.342955430724746,2.842170943040401e-14,3.0113623344151977e-16,0.012832498693974985,27.575160095178354,-0.7638745609654721,-7.51620987671231e-14,3.4158002075138607e-14
480,0.25,0.0578143450667337,-0.25735911493968466,0.2999410214084567,353.04246689751164,-28.80502206832644,-30.193910957215582,20.342955430723535,0.0,0.0,0.012832498693974985,27.60154890722276,-0.7645983756219297,2.7535751456753133e-12,4.3672786498475206e-14
481,0.2505208333333333,0.05775011354585328,-0.25748735554226965,0.29994102092278163,353.3801154510775,-28.831659143727,-30.22344155113466,20.342955430722327,2.842170943040401e-14,3.0113623344148393e-16,0.012832498693974624,27.627937719267166,-0.765322190278387,-1.6938672686706013e-12,2.99594779970964e-14
482,0.25104166666666666,0.057685882024972844,-0.25761559614485463,0.2999410204371066,353.7177640046433,-28.858296219127563,-30.252972145053743,20.342955430725958,0.0,0.0,0.012832498693975345,27.654326531311572,-0.7660460049348446,2.953970401620154e-12,4.6653092764018e-14
483,0.2515625,0.05762165050409242,-0.2577438367474396,0.2999410199514315,354.0554125582091,-28.884933294528125,-30.282502738972823,20.342955430724746,-2.842170943040401e-14,-3.0113623344151977e-16,0.012832498693974985,27.680715343355985,-0.7667698195913021,-1.500466417780899e-12,1.152548159946469e-13
484,0.2520833333333333,0.057557418983212,-0.2578720773500246,0.29994101946575646,354.39306111177495,-28.911570369928686,-30.312033332891904,20.342955430723535,-5.684341886080802e-14,-6.022724668830037e-16,0.012832498693974985,27.70710415540039,-0.7674936342477597,-2.309596958127713e-12,3.4158002075138607e-14
485,0.2526041666666667,0.05749318746233158,-0.2580003179526096,0.2999410189800814,354.7307096653408,-28.938207445329244,-30.34156392681098,20.342955430722327,2.842170943040401e-14,3.0113623344148393e-16,0.012832498693974624,27.733492967444796,-0.7682174489042172,2.338018667558117e-12,1.7079963309350698e-14
486,0.253125,0.05742895594145116,-0.25812855855519456,0.29994101849440635,355.0683582189066,-28.964844520729805,-30.37109452073006,20.342955430723535,0.0,0.0,0.012832498693974985,27.759881779489206,-0.7689412635606747,-2.112754415861673e-12,9.47505962578532e-15
487,0.25364583333333335,0.05736472442057072,-0.25825679915777955,0.2999410180087313,355.40600677247244,-28.99148159613037,-30.400625114649145,20.342955430725958,-2.842170943040401e-14,-3.0113623344153767e-16,0.012832498693975345,27.78627059153361,-0.7696650782171323,2.53497223212662e-12,2.3683832682980945e-14
488,0.25416666666666665,0.0573004928996903,-0.25838503976036453,0.29994101752305624,355.74365532603827,-29.01811867153093,-30.430155708568225,20.342955430723535,-5.684341886080802e-14,-6.022724668830037e-16,0.012832498693974985,27.812659403578017,-0.7703888928735897,-9.336975637097567e-14,3.4158002075138607e-14
489,0.2546875,0.05723626137880988,-0.2585132803629495,0.2999410170373812,356.0813038796041,-29.04475574693149,-30.459686302487302,20.342955430722327,-2.842170943040401e-14,-3.0113623344148393e-16,0.012832498693974624,27.839048215622423,-0.7711127075300472,9.163780845256042e-13,5.762769319257411e-14
490,0.2552083333333333,0.05717202985792946,-0.2586415209655345,0.29994101655170613,356.4189524331699,-29.07139282233205,-30.489216896406383,20.342955430723535,5.684341886080802e-14,6.022724668830037e-16,0.012832498693974985,27.86543702766683,-0.7718365221865048,1.071365218763276e-13,1.7079963309350698e-14
491,0.2557291666666667,0.05710779833704904,-0.2587697615681195,0.2999410160660311,356.75660098673575,-29.098029897732612,-30.518747490325463,20.342955430723535,2.842170943040401e-14,3.0113623344150183e-16,0.012832498693974985,27.89182583971124,-0.7725603368429623,-7.0921046813055e-13,2.99594779970964e-14
492,0.25625,0.05704356681616862,-0.25889800217070447,0.299941015580356,357.0942495403016,-29.124666973133174,-30.548278084244544,20.342955430723535,0.0,0.0,0.012832498693974985,27.918214651755648,-0.7732841514994199,2.1195267763118864e-12,4.3672786498475206e-14
493,0.25677083333333334,0.056979335295288196,-0.25902624277328945,0.29994101509468096,357.4318980938674,-29.151304048533735,-30.577808678163624,20.342955430724746,-2.842170943040401e-14,-3.0113623344151977e-16,0.012832498693974985,27.944603463800057,-0.7740079661558774,1.3067324999838092e-12,3.4158002075138607e-14
494,0.25729166666666664,0.056915103774407776,-0.25915448337587443,0.2999410146090059,357.76954664743323,-29.177941123934296,-30.607339272082704,20.342955430723535,-5.684341886080802e-14,-6.022724668830037e-16,0.012832498693974985,27.970992275844463,-0.7747317808123348,-3.140598892059643e-12,9.47505962578532e-15
495,0.2578125,0.056850872253527356,-0.2592827239784594,0.29994101412333085,358.10719520099906,-29.204578199334858,-30.636869866001785,20.342955430723535,2.842170943040401e-14,3.0113623344150183e-16,0.012832498693974985,27.99738108788887,-0.7754555954687924,1.50712775592865e-12,1.7079963309350698e-14
496,0.2583333333333333,0.056786640732646936,-0.2594109645810444,0.2999410136376558,358.4448437545649,-29.23121527473542,-30.666400459920865,20.342955430723535,0.0,0.0,0.012832498693974985,28.023769899933274,-0.7761794101252499,-1.121103210266483e-12,3.4158002075138607e-14
497,0.25885416666666666,0.056722409211766515,-0.2595392051836294,0.29994101315198074,358.7824923081307,-29.257852350135977,-30.695931053839942,20.342955430722327,2.842170943040401e-14,3.0113623344148393e-16,0.012832498693974624,28.05015871197768,-0.7769032247817074,-1.1146639167236572e-13,2.3683832682980945e-14
498,0.259375,0.05665817769088608,-0.25966744578621437,0.2999410126663057,359.12014086169654,-29.28448942553654,-30.725461647759026,20.342955430725958,0.0,0.0,0.012832498693975345,28.07654752402209,-0.777627039438165,2.7138291613937326e-12,2.99594779970964e-14
499,0.2598958333333333,0.05659394617000566,-0.25979568638879935,0.29994101218063063,359.45778941526237,-29.311126500937103,-30.754992241678107,20.342955430723535,-2.842170943040401e-14,-3.0113623344150183e-16,0.012832498693974985,28.1029363360665,-0.7783508540946225,-1.73705494432852e-12,9.47505962578532e-15
500,0.2604166666666667,0.05652971464912524,-0.25992392699138434,0.2999410116949556,359.7954379688282,-29.337763576337665,-30.784522835597187,20.342955430723535,0.0,0.0,0.012832498693974985,28.129325148110908,-0.7790746687510799,2.90700796767851e-12,2.3683832682980945e-14
501,0.2609375,0.05646548312824482,-0.2600521675939693,0.2999410112092805,360.133086522394,-29.364400651738222,-30.814053429516264,20.342955430722327,2.842170943040401e-14,3.0113623344148393e-16,0.012832498693974624,28.155713960155314,-0.7797984834075374,-3.359201805608336e-12,1.8946649804618687e-14
502,0.26145833333333335,0.0564012516073644,-0.2601804081965543,0.29994101072360546,360.47073507595985,-29.391037727138784,-30.843584023435344,20.342955430723535,0.0,0.0,0.012832498693974985,28.18210277219972,-0.780522298063995,1.2885248423799567e-12,4.047361482045714e-14
503,0.26197916666666665,0.056337020086483974,-0.2603086487991393,0.2999410102379304,360.8083836295257,-29.417674802539345,-30.873114617354425,20.342955430724746,0.0,0.0,0.012832498693974985,28.208491584244126,-0.7812461127204525,4.792832797306801e-13,5.99178588286007e-14
504,0.2625,0.056272788565603554,-0.26043688940172427,0.29994100975225535,361.1460321830915,-29.444311877939906,-30.902645211273505,20.342955430723535,0.0,0.0,0.012832498693974985,28.23488039628853,-0.7819699273769101,-3.299582829185965e-13,2.99594779970964e-14
505,0.2630208333333333,0.05620855704472313,-0.26056513000430925,0.2999410092665803,361.48368073665733,-29.470948953340468,-30.932175805192585,20.342955430724746,2.842170943040401e-14,3.0113623344151977e-16,0.012832498693974985,28.26126920833294,-0.7826937420333676,2.4952262478450393e-12,1.7079963309350698e-14
506,0.2635416666666667,0.05614432552384271,-0.26069337060689424,0.29994100878090524,361.82132929022316,-29.49758602874103,-30.961706399111666,20.342955430723535,0.0,0.0,0.012832498693974985,28.287658020377346,-0.783417556689825,-1.3311574065255627e-13,3.4158002075138607e-14
507,0.2640625,0.05608009400296229,-0.2608216112094792,0.2999410082952302,362.158977843789,-29.524223104141587,-30.991236993030743,20.342955430722327,2.842170943040401e-14,3.0113623344148393e-16,0.012832498693974624,28.314046832421752,-0.7841413713462825,8.765210779415611e-13,2.3683832682980945e-14
508,0.26458333333333334,0.05601586248208185,-0.2609498518120642,0.2999410078095551,362.4966263973548,-29.550860179542152,-31.020767586949827,20.342955430725958,0.0,0.0,0.012832498693975345,28.340435644466165,-0.7848651860027401,6.0285110237146e-14,1.8946649804618687e-14
509,0.26510416666666664,0.055951630961201426,-0.2610780924146492,0.29994100732388007,362.83427495092064,-29.577497254942713,-31.050298180868907,20.342955430724746,-2.842170943040401e-14,-3.0113623344151977e-16,0.012832498693974985,28.36682445651057,-0.7855890006591977,-7.489564524121306e-13,9.47505962578532e-15
510,0.265625,0.055887399440321006,-0.26120633301723417,0.299941006838205,363.1719235044865,-29.604134330343275,-31.079828774787988,20.342955430723535,-5.684341886080802e-14,-6.022724668830037e-16,0.012832498693974985,28.393213268554977,-0.7863128153156552,2.6079138848444927e-13,4.3672786498475206e-14
511,0.2661458333333333,0.055823167919440586,-0.26133457361981915,0.29994100635252996,363.5095720580523,-29.630771405743833,-31.109359368707064,20.342955430722327,2.842170943040401e-14,3.0113623344148393e-16,0.012832498693974624,28.419602080599383,-0.7870366299721127,-2.3675506000131463e-12,3.4158002075138607e-14
512,0.26666666666666666,0.055758936398560166,-0.26146281422240414,0.2999410058668549,363.8472206116181,-29.657408481144394,-31.138889962626145,20.342955430723535,0.0,0.0,0.012832498693974985,28.445990892643792,-0.7877604446285702,2.276623334296346e-12,1.7079963309350698e-14
513,0.2671875,0.05569470487767973,-0.2615910548249891,0.29994100538117985,364.18486916518395,-29.68404555654496,-31.16842055654523,20.342955430725958,-2.842170943040401e-14,-3.0113623344153767e-16,0.012832498693975345,28.472379704688198,-0.7884842592850279,1.467492793949532e-12,9.47505962578532e-15
514,0.2677083333333333,0.05563047335679931,-0.2617192954275741,0.2999410048955048,364.5225177187498,-29.71068263194552,-31.19795115046431,20.342955430723535,-5.684341886080802e-14,-6.022724668830037e-16,0.012832498693974985,28.498768516732603,-0.7892080739414853,-2.97983859809392e-12,3.4158002075138607e-14
515,0.2682291666666667,0.05556624183591889,-0.2618475360301591,0.29994100440982974,364.8601662723156,-29.737319707346078,-31.227481744383386,20.342955430722327,-2.842170943040401e-14,-3.0113623344148393e-16,0.012832498693974624,28.525157328777013,-0.7899318885979427,1.6642243139131097e-12,4.6653092764018e-14
516,0.26875,0.05550201031503847,-0.2619757766327441,0.2999410039241547,365.19781482588144,-29.76395678274664,-31.257012338302467,20.342955430723535,5.684341886080802e-14,6.022724668830037e-16,0.012832498693974985,28.551546140821422,-0.7906557032544003,-9.67559365960824e-13,2.99594779970964e-14
517,0.26927083333333335,0.05543777879415805,-0.26210401723532906,0.2999410034384796,365.53546337944726,-29.7905938581472,-31.286542932221547,20.342955430723535,2.842170943040401e-14,3.0113623344150183e-16,0.012832498693974985,28.577934952865828,-0.7913795179108578,5.499156685573325e-12,7.168323756867196e-14
518,0.26979166666666665,0.05537354727327763,-0.26223225783791404,0.29994100295280457,365.8731119330131,-29.817230933547762,-31.316073526140627,20.342955430723535,0.0,0.0,0.012832498693974985,28.604323764910234,-0.7921033325673152,-2.5861535135618396e-12,3.4158002075138607e-14
519,0.2703125,0.055309315752397205,-0.262360498440499,0.2999410024671295,366.2107604865789,-29.843868008948323,-31.345604120059708,20.342955430724746,-2.842170943040401e-14,-3.0113623344151977e-16,0.012832498693974985,28.630712576954643,-0.7928271472237729,-3.3988367675874542e-12,4.737044090827596e-14
520,0.2708333333333333,0.055245084231516785,-0.262488739043084,0.29994100198145446,366.54840904014475,-29.870505084348885,-31.375134713978788,20.342955430723535,-5.684341886080802e-14,-6.022724668830037e-16,0.012832498693974985,28.65710138899905,-0.7935509618802303,3.0677682616442326e-12,4.6653092764018e-14
521,0.2713541666666667,0.055180852710636365,-0.262616979645669,0.2999410014957794,366.8860575937106,-29.897142159749446,-31.40466530789787,20.342955430723535,2.842170943040401e-14,3.0113623344150183e-16,0.012832498693974985,28.683490201043455,-0.7942747765366879,-1.379452108096757e-12,2.99594779970964e-14
522,0.271875,0.055116621189755945,-0.262745220248254,0.29994100101010435,367.2237061472764,-29.923779235150008,-31.43419590181695,20.342955430723535,0.0,0.0,0.012832498693974985,28.709879013087864,-0.7949985911931454,3.2647218262127353e-12,1.7079963309350698e-14
523,0.27239583333333334,0.055052389668875525,-0.26287346085083896,0.2999410005244293,367.56135470084223,-29.950416310550565,-31.463726495736026,20.342955430722327,2.842170943040401e-14,3.0113623344148393e-16,0.012832498693974624,28.73626782513227,-0.7957224058496029,-3.0015989693765732e-12,1.8946649804618687e-14
524,0.27291666666666664,0.05498815814799509,-0.26300170145342394,0.29994100003875424,367.89900325440806,-29.97705338595113,-31.49325708965511,20.342955430725958,0.0,0.0,0.012832498693975345,28.76265663717668,-0.7964462205060605,1.6426859872353816e-12,3.4158002075138607e-14
525,0.2734375,0.05492392662711467,-0.2631299420560089,0.2999409995530792,368.2366518079739,-30.00369046135169,-31.52278768357419,20.342955430723535,-2.842170943040401e-14,-3.0113623344150183e-16,0.012832498693974985,28.789045449221085,-0.7971700351625179,8.333334022836425e-13,1.7079963309350698e-14
526,0.2739583333333333,0.05485969510623425,-0.2632581826585939,0.2999409990674041,368.5743003615397,-30.030327536752253,-31.55231827749327,20.342955430723535,0.0,0.0,0.012832498693974985,28.815434261265494,-0.7978938498189756,2.0650148258027912e-14,9.47505962578532e-15
527,0.27447916666666666,0.05479546358535383,-0.2633864232611789,0.29994099858172907,368.91194891510554,-30.05696461215281,-31.581848871412348,20.342955430722327,2.842170943040401e-14,3.0113623344148393e-16,0.012832498693974624,28.8418230733099,-0.798617664475433,1.0302869668521453e-12,2.3683832682980945e-14
528,0.275,0.05473123206447341,-0.2635146638637639,0.299940998096054,369.24959746867137,-30.083601687553372,-31.611379465331428,20.342955430723535,0.0,0.0,0.012832498693974985,28.868211885354306,-0.7993414791318905,-1.5980550216454503e-12,2.99594779970964e-14
529,0.2755208333333333,0.05466700054359298,-0.26364290446634886,0.29994099761037896,369.5872460222372,-30.110238762953934,-31.64091005925051,20.342955430724746,0.0,0.0,0.012832498693974985,28.894600697398715,-0.800065293788348,1.2271295091181855e-12,2.99594779970964e-14
530,0.2760416666666667,0.05460276902271256,-0.26377114506893384,0.2999409971247039,369.924894575803,-30.136875838354495,-31.67044065316959,20.342955430723535,0.0,0.0,0.012832498693974985,28.92098950944312,-0.8007891084448054,2.236766327712303e-12,2.3683832682980945e-14
531,0.2765625,0.054538537501832136,-0.2638993856715188,0.29994099663902885,370.26254312936885,-30.163512913755056,-31.69997124708867,20.342955430724746,2.842170943040401e-14,3.0113623344151977e-16,0.012832498693974985,28.947378321487527,-0.8015129231012631,-3.913536161803677e-13,1.8946649804618687e-14
532,0.27708333333333335,0.054474305980951716,-0.2640276262741038,0.2999409961533538,370.6001916829347,-30.190149989155618,-31.72950184100775,20.342955430723535,0.0,0.0,0.012832498693974985,28.973767133531936,-0.8022367377577206,-1.2041478925084448e-12,4.3672786498475206e-14
533,0.27760416666666665,0.054410074460071296,-0.2641558668766888,0.29994099566767873,370.9378402365005,-30.216787064556176,-31.759032434926826,20.342955430722327,2.842170943040401e-14,3.0113623344148393e-16,0.012832498693974624,29.000155945576346,-0.802960552414178,-1.9817480989559044e-13,2.99594779970964e-14
534,0.278125,0.05434584293919086,-0.2642841074792738,0.2999409951820037,371.27548879006633,-30.24342413995674,-31.78856302884591,20.342955430725958,0.0,0.0,0.012832498693975345,29.02654475762075,-0.8036843670706356,-1.0073053502424045e-12,1.8946649804618687e-14
535,0.2786458333333333,0.054281611418310435,-0.26441234808185876,0.2999409946963286,371.61313734363216,-30.270061215357302,-31.81809362276499,20.342955430724746,-2.842170943040401e-14,-3.0113623344151977e-16,0.012832498693974985,29.052933569665157,-0.804408181727093,1.8213208718975693e-12,2.3683832682980945e-14
536,0.2791666666666667,0.054217379897430015,-0.26454058868444374,0.29994099421065357,371.950785897198,-30.296698290757863,-31.84762421668407,20.342955430723535,-5.684341886080802e-14,-6.022724668830037e-16,0.012832498693974985,29.079322381709567,-0.8051319963835507,-8.103517856739018e-13,3.789676905618933e-14
537,0.2796875,0.054153148376549595,-0.26466882928702873,0.2999409937249785,372.2884344507638,-30.32333536615842,-31.877154810603148,20.342955430722327,2.842170943040401e-14,3.0113623344148393e-16,0.012832498693974624,29.105711193753972,-0.8058558110400081,2.018274436466072e-12,2.3683832682980945e-14
538,0.28020833333333334,0.054088916855669175,-0.2647970698896137,0.29994099323930346,372.62608300432964,-30.349972441558982,-31.90668540452223,20.342955430723535,0.0,0.0,0.012832498693974985,29.132100005798378,-0.8065796256964656,-6.100675520315235e-13,3.4158002075138607e-14
539,0.28072916666666664,0.05402468533478874,-0.2649253104921987,0.2999409927536284,372.96373155789547,-30.376609516959547,-31.936215998441313,20.342955430725958,-2.842170943040401e-14,-3.0113623344153767e-16,0.012832498693975345,29.158488817842784,-0.8073034403529232,3.9979131116751887e-13,1.8946649804618687e-14
540,0.28125,0.05396045381390832,-0.2650535510947837,0.29994099226795334,373.3013801114613,-30.40324659236011,-31.965746592360393,20.342955430723535,-5.684341886080802e-14,-6.022724668830037e-16,0.012832498693974985,29.184877629887197,-0.8080272550093807,-2.2356561046876777e-12,4.047361482045714e-14
541,0.2817708333333333,0.0538962222930279,-0.26518179169736866,0.2999409917822783,373.6390286650271,-30.429883667760667,-31.99527718627947,20.342955430722327,-2.842170943040401e-14,-3.0113623344148393e-16,0.012832498693974624,29.211266441931603,-0.8087510696658382,2.412070543300615e-12,1.8946649804618687e-14
542,0.28229166666666666,0.05383199077214748,-0.26531003229995365,0.29994099129660323,373.97667721859295,-30.456520743161228,-32.02480778019855,20.342955430723535,5.684341886080802e-14,6.022724668830037e-16,0.012832498693974985,29.23765525397601,-0.8094748843222958,1.6028289806513385e-12,2.3683832682980945e-14
543,0.2828125,0.05376775925126706,-0.26543827290253863,0.2999409908109282,374.3143257721588,-30.48315781856179,-32.05433837411763,20.342955430723535,5.684341886080802e-14,6.022724668830037e-16,0.012832498693974796,29.264044066020418,-0.8101986989787533,-1.028954699222595e-12,2.99594779970964e-14
544,0.2833333333333333,0.053703527730386634,-0.2655665135051236,0.2999409903252531,374.6519743257246,-30.50979489396235,-32.08386896803671,20.342955430724746,0.0,0.0,0.012832498693975174,29.290432878064824,-0.8109225136352108,-1.8381962618718717e-12,2.99594779970964e-14
545,0.2838541666666667,0.05363929620950621,-0.2656947541077086,0.29994098983957806,374.98962287929044,-30.536431969362912,-32.113399561955795,20.342955430724746,-5.684341886080802e-14,-6.0227246688303955e-16,0.012832498693975174,29.31682169010923,-0.8116463282916683,2.8094193638139586e-12,2.3683832682980945e-14
546,0.284375,0.05357506468862579,-0.2658229947102936,0.299940989353903,375.32727143285626,-30.56306904476347,-32.14293015587487,20.342955430722327,-2.842170943040401e-14,-3.0113623344148393e-16,0.012832498693974624,29.343210502153635,-0.8123701429481258,-1.637801005927031e-12,3.4158002075138607e-14
547,0.28489583333333335,0.05351083316774537,-0.26595123531287856,0.29994098886822795,375.6649199864221,-30.58970612016403,-32.17246074979395,20.342955430723535,5.684341886080802e-14,6.022724668830037e-16,0.012832498693974796,29.36959931419804,-0.8130939576045833,1.190825216212943e-12,4.047361482045714e-14
548,0.28541666666666665,0.05344660164686495,-0.26607947591546355,0.2999409883825529,376.0025685399879,-30.616343195564593,-32.201991343713026,20.342955430723535,5.684341886080802e-14,6.022724668830037e-16,0.012832498693974796,29.395988126242454,-0.8138177722610408,3.744782262060653e-13,1.8946649804618687e-14
549,0.2859375,0.05338237012598452,-0.26620771651804853,0.29994098789687784,376.34021709355375,-30.642980270965154,-32.23152193763211,20.342955430724746,2.842170943040401e-14,3.0113623344151977e-16,0.012832498693975174,29.42237693828686,-0.8145415869174983,-4.347633364432113e-13,1.8946649804618687e-14
550,0.2864583333333333,0.053318138605104086,-0.2663359571206335,0.2999409874112028,376.6778656471196,-30.66961734636572,-32.261052531551194,20.342955430725958,0.0,0.0,0.012832498693975345,29.44876575033127,-0.815265401573956,2.390532216622887e-12,1.1612760654425154e-13
551,0.2869791666666667,0.053253907084223666,-0.2664641977232185,0.29994098692552773,377.0155142006854,-30.69625442176628,-32.29058312547027,20.342955430723535,0.0,0.0,0.012832498693974796,29.475154562375675,-0.8159892162304134,-2.3780977187470853e-13,4.737044090827596e-14
552,0.2875,0.05318967556334324,-0.2665924383258035,0.2999409864398527,377.35316275425123,-30.72289149716684,-32.320113719389354,20.342955430724746,0.0,0.0,0.012832498693975174,29.50154337442008,-0.8167130308868709,7.718270467194088e-13,4.6653092764018e-14
553,0.28802083333333334,0.05312544404246282,-0.26672067892838847,0.2999409859541776,377.69081130781706,-30.7495285725674,-32.34964431330843,20.342955430722327,2.842170943040401e-14,3.0113623344148393e-16,0.012832498693974624,29.527932186464486,-0.8174368455433284,-3.7414515929867775e-14,1.8946649804618687e-14
554,0.28854166666666664,0.0530612125215824,-0.26684891953097345,0.29994098546850256,378.0284598613829,-30.77616564796796,-32.37917490722751,20.342955430723535,2.842170943040401e-14,3.0113623344150183e-16,0.012832498693974796,29.554320998508892,-0.8181606601997858,-2.6657565044274634e-12,3.4158002075138607e-14
555,0.2890625,0.052996981000701965,-0.26697716013355843,0.2999409849828275,378.3661084149487,-30.802802723368526,-32.40870550114659,20.342955430725958,-2.842170943040401e-14,-3.0113623344153767e-16,0.012832498693975345,29.5807098105533,-0.8188844748562436,1.978639474486954e-12,4.3672786498475206e-14
556,0.2895833333333333,0.052932749479821545,-0.2671054007361434,0.29994098449715245,378.70375696851454,-30.829439798769087,-32.43823609506567,20.342955430723535,-2.842170943040401e-14,-3.0113623344150183e-16,0.012832498693974796,29.60709862259771,-0.819608289512701,1.1657341758564144e-12,2.99594779970964e-14
557,0.29010416666666666,0.052868517958941125,-0.2672336413387284,0.2999409840114774,379.04140552208037,-30.85607687416965,-32.467766688984746,20.342955430723535,2.842170943040401e-14,3.0113623344150183e-16,0.012832498693974796,29.63348743464212,-0.8203321041691586,-1.4660495040175192e-12,2.3683832682980945e-14
558,0.290625,0.052804286438060705,-0.2673618819413134,0.29994098352580234,379.3790540756462,-30.88271394957021,-32.49729728290382,20.342955430723535,5.684341886080802e-14,6.022724668830037e-16,0.012832498693974796,29.659876246686526,-0.821055918825616,-2.2754020889692583e-12,9.47505962578532e-15
559,0.2911458333333333,0.052740054917180285,-0.26749012254389837,0.2999409830401273,379.716702629212,-30.90935102497077,-32.5268278768229,20.342955430723535,5.684341886080802e-14,6.022724668830037e-16,0.012832498693974796,29.686265058730932,-0.8217797334820734,5.532241331707155e-13,9.47505962578532e-15
560,0.2916666666666667,0.05267582339629985,-0.26761836314648335,0.29994098255445223,380.05435118277785,-30.935988100371336,-32.55635847074198,20.34295543072717,0.0,0.0,0.012832498693975345,29.712653870775338,-0.8225035481385312,3.382183422218077e-12,2.3683832682980945e-14
561,0.2921875,0.052611591875419424,-0.26774660374906833,0.2999409820687772,380.3919997363437,-30.962625175771898,-32.58588906466107,20.342955430724746,0.0,0.0,0.012832498693975174,29.739042682819743,-0.8232273627949886,7.538414337204813e-13,1.8946649804618687e-14
562,0.29270833333333335,0.052547360354539004,-0.2678748443516533,0.2999409815831021,380.7296482899095,-30.98926225117246,-32.615419658580144,20.342955430723535,5.684341886080802e-14,6.022724668830037e-16,0.012832498693974796,29.765431494864153,-0.8239511774514462,1.7600365609382607e-12,1.7079963309350698e-14
563,0.29322916666666665,0.05248312883365858,-0.2680030849542383,0.29994098109742706,381.06729684347533,-31.01589932657302,-32.64495025249923,20.342955430724746,0.0,0.0,0.012832498693975174,29.79182030690856,-0.8246749921079036,-4.506284234651048e-12,9.47505962578532e-15
564,0.29375,0.05241889731277816,-0.2681313255568233,0.299940980611752,381.40494539704116,-31.042536401973578,-32.674480846418305,20.342955430722327,2.842170943040401e-14,3.0113623344148393e-16,0.012832498693974624,29.81820911895297,-0.8253988067643611,1.3422596367718143e-13,1.8946649804618687e-14
565,0.2942708333333333,0.05235466579189772,-0.26825956615940827,0.29994098012607695,381.742593950607,-31.069173477374143,-32.70401144033739,20.342955430725958,-5.684341886080802e-14,-6.022724668830753e-16,0.012832498693975345,29.844597930997377,-0.8261226214208188,4.782174656270399e-12,2.3683832682980945e-14
566,0.2947916666666667,0.0522904342710173,-0.26838780676199325,0.2999409796404019,382.0802425041728,-31.095810552774704,-32.733542034256466,20.342955430723535,-2.842170943040401e-14,-3.0113623344150183e-16,0.012832498693974796,29.870986743041783,-0.8268464360772763,-1.4841461393189093e-12,3.4158002075138607e-14
567,0.2953125,0.05222620275013688,-0.26851604736457824,0.29994097915472684,382.41789105773864,-31.122447628175266,-32.76307262817554,20.342955430723535,-2.842170943040401e-14,-3.0113623344150183e-16,0.012832498693974796,29.89737555508619,-0.8275702507337338,-4.743982984223294e-13,4.047361482045714e-14
568,0.29583333333333334,0.05216197122925646,-0.2686442879671632,0.2999409786690518,382.75553961130447,-31.149084703575827,-32.79260322209462,20.342955430723535,2.842170943040401e-14,3.0113623344150183e-16,0.012832498693974796,29.923764367130595,-0.8282940653901912,5.35238520171788e-13,3.4158002075138607e-14
569,0.29635416666666664,0.05209773970837604,-0.2687725285697482,0.2999409781833767,383.0931881648703,-31.17572177897639,-32.8221338160137,20.342955430723535,5.684341886080802e-14,6.022724668830037e-16,0.012832498693974796,29.950153179175004,-0.8290178800466488,-2.0965451597021456e-12,3.4158002075138607e-14
570,0.296875,0.05203350818749562,-0.2689007691723332,0.29994097769770167,383.4308367184361,-31.20235885437695,-32.85166440993277,20.342955430723535,5.684341886080802e-14,6.022724668830037e-16,0.012832498693974796,29.97654199121941,-0.8297416947031062,2.5510704659836847e-12,1.7079963309350698e-14
571,0.2973958333333333,0.05196927666661519,-0.26902900977491817,0.2999409772120266,383.76848527200195,-31.228995929777515,-32.88119500385186,20.34295543072717,0.0,0.0,0.012832498693975345,30.002930803263816,-0.830465509359564,-7.693845560652335e-14,1.8946649804618687e-14
572,0.29791666666666666,0.05190504514573476,-0.26915725037750315,0.29994097672635156,384.1061338255678,-31.255633005178076,-32.91072559777094,20.342955430724746,0.0,0.0,0.012832498693975174,30.029319615308225,-0.8311893240160214,9.291456493087935e-13,1.7079963309350698e-14
573,0.2984375,0.05184081362485434,-0.26928549098008814,0.2999409762406765,384.4437823791336,-31.282270080578638,-32.94025619169002,20.342955430723535,5.684341886080802e-14,6.022724668830037e-16,0.012832498693974796,30.055708427352634,-0.8319131386724788,1.9352297542241104e-12,1.8946649804618687e-14
574,0.2989583333333333,0.051776582103973914,-0.2694137315826731,0.29994097575500145,384.78143093269944,-31.3089071559792,-32.9697867856091,20.342955430724746,0.0,0.0,0.012832498693975174,30.08209723939704,-0.8326369533289364,-6.930012119710227e-13,1.7079963309350698e-14
575,0.2994791666666667,0.051712350583093494,-0.2695419721852581,0.2999409752693264,385.11907948626526,-31.335544231379757,-32.99931737952818,20.342955430722327,2.842170943040401e-14,3.0113623344148393e-16,0.012832498693974624,30.108486051441446,-0.8333607679853938,3.1663560662309465e-13,4.7368359235022695e-14
576,0.3,0.05164811906221306,-0.2696702127878431,0.29994097478365134,385.4567280398311,-31.36218130678032,-33.02884797344726,20.342955430725958,-5.684341886080802e-14,-6.022724668830753e-16,0.012832498693975345,30.134874863485855,-0.8340845826418516,-2.314926028645914e-12,3.789676905618933e-14
577,0.30052083333333335,0.05158388754133264,-0.2697984533904281,0.2999409742979763,385.7943765933969,-31.388818382180883,-33.05837856736634,20.342955430723535,-2.842170943040401e-14,-3.0113623344150183e-16,0.012832498693974796,30.16126367553026,-0.834808397298309,2.3326895970399164e-12,2.3683832682980945e-14
578,0.30104166666666665,0.05151965602045222,-0.26992669399301306,0.2999409738123012,386.13202514696275,-31.415455457581444,-33.08790916128542,20.342955430723535,2.842170943040401e-14,3.0113623344150183e-16,0.012832498693974796,30.187652487574667,-0.8355322119547665,-2.956523914576792e-13,2.99594779970964e-14
579,0.3015625,0.0514554244995718,-0.27005493459559804,0.29994097332662617,386.4696737005286,-31.442092532982006,-33.117439755204494,20.342955430723535,2.842170943040401e-14,3.0113623344150183e-16,0.012832498693974796,30.214041299619076,-0.836256026611224,7.105427357601002e-13,2.3683832682980945e-14
580,0.3020833333333333,0.05139119297869138,-0.270183175198183,0.2999409728409511,386.8073222540944,-31.468729608382567,-33.14697034912357,20.342955430723535,5.684341886080802e-14,6.022724668830037e-16,0.012832498693974796,30.240430111663482,-0.8369798412676814,-1.9177992527374954e-12,9.47505962578532e-15
581,0.3026041666666667,0.051326961457810946,-0.270311415800768,0.29994097235527606,387.14497080766023,-31.495366683783132,-33.176500943042655,20.342955430725958,0.0,0.0,0.012832498693975345,30.26681892370789,-0.8377036559241391,-9.114931032172535e-13,3.4158002075138607e-14
582,0.303125,0.05126272993693052,-0.270439656403353,0.299940971869601,387.48261936122606,-31.522003759183693,-33.20603153696174,20.342955430724746,-2.842170943040401e-14,-3.0113623344151977e-16,0.012832498693975174,30.293207735752297,-0.8384274705805966,3.736233544771039e-12,2.3683832682980945e-14
583,0.30364583333333334,0.0511984984160501,-0.270567897005938,0.29994097138392595,387.8202679147919,-31.548640834584255,-33.235562130880815,20.342955430723535,5.684341886080802e-14,6.022724668830037e-16,0.012832498693974796,30.319596547796706,-0.8391512852370542,1.1044498648971057e-12,3.789676905618933e-14
584,0.30416666666666664,0.05113426689516968,-0.27069613760852296,0.2999409708982509,388.1579164683577,-31.575277909984816,-33.26509272479989,20.342955430723535,5.684341886080802e-14,6.022724668830037e-16,0.012832498693974796,30.345985359841112,-0.8398750998935116,-1.5238921236004899e-12,2.3683832682980945e-14
585,0.3046875,0.05107003537428925,-0.27082437821110794,0.29994097041257584,388.49556502192354,-31.601914985385378,-33.294623318718976,20.342955430724746,0.0,0.0,0.012832498693975174,30.372374171885518,-0.840598914549969,-5.142553050063725e-13,1.8946649804618687e-14
586,0.3052083333333333,0.051005803853408825,-0.2709526188136929,0.2999409699269008,388.83321357548937,-31.62855206078594,-33.32415391263806,20.342955430724746,-5.684341886080802e-14,-6.0227246688303955e-16,0.012832498693975174,30.398762983929927,-0.8413227292064268,4.921618668163319e-13,9.47505962578532e-15
587,0.30572916666666666,0.050941572332528405,-0.2710808594162779,0.2999409694412257,389.1708621290552,-31.655189136186497,-33.35368450655714,20.342955430722327,-2.842170943040401e-14,-3.0113623344148393e-16,0.012832498693974624,30.425151795974333,-0.8420465438628841,1.5016876631079867e-12,1.7079963309350698e-14
588,0.30625,0.050877340811647985,-0.2712091000188629,0.29994096895555067,389.508510682621,-31.681826211587058,-33.383215100476214,20.342955430723535,5.684341886080802e-14,6.022724668830037e-16,0.012832498693974796,30.45154060801874,-0.8427703585193417,-1.1265433030871463e-12,1.8946649804618687e-14
589,0.3067708333333333,0.050813109290767565,-0.2713373406214479,0.2999409684698756,389.84615923618685,-31.70846328698762,-33.41274569439529,20.342955430723535,5.684341886080802e-14,6.022724668830037e-16,0.012832498693974796,30.47792942006315,-0.8434941731757991,3.5175196089198835e-12,2.3683832682980945e-14
590,0.3072916666666667,0.05074887776988714,-0.27146558122403286,0.29994096798420056,390.1838077897527,-31.73510036238818,-33.442276288314375,20.342955430724746,2.842170943040401e-14,3.0113623344151977e-16,0.012832498693975174,30.504318232107558,-0.8442179878322568,-2.7521318557433005e-12,9.47505962578532e-15
591,0.3078125,0.050684646249006704,-0.27159382182661784,0.2999409674985255,390.5214563433185,-31.761737437788746,-33.47180688223346,20.342955430725958,0.0,0.0,0.012832498693975345,30.530707044151963,-0.8449418024887144,-1.7422729925442582e-12,3.4158002075138607e-14
592,0.30833333333333335,0.050620414728126284,-0.2717220624292028,0.29994096701285045,390.85910489688433,-31.788374513189307,-33.501337476152536,20.342955430723535,0.0,0.0,0.012832498693974796,30.55709585619637,-0.8456656171451719,2.905342633141572e-12,4.3672786498475206e-14
593,0.30885416666666665,0.05055618320724586,-0.2718503030317878,0.2999409665271754,391.19675345045016,-31.81501158858987,-33.53086807007162,20.342955430724746,-5.684341886080802e-14,-6.0227246688303955e-16,0.012832498693975174,30.58348466824078,-0.8463894318016294,2.7355895326763857e-13,3.4158002075138607e-14
594,0.309375,0.05049195168636544,-0.2719785436343728,0.29994096604150033,391.534402004016,-31.841648663990426,-33.560398663990696,20.342955430722327,2.842170943040401e-14,3.0113623344148393e-16,0.012832498693974624,30.609873480285184,-0.8471132464580868,1.283195771861756e-12,1.7079963309350698e-14
595,0.3098958333333333,0.05042772016548502,-0.2721067842369578,0.2999409655558253,391.8720505575818,-31.868285739390988,-33.58992925790977,20.342955430723535,2.842170943040401e-14,3.0113623344150183e-16,0.012832498693974796,30.63626229232959,-0.8478370611145444,-1.3450351943333771e-12,9.47505962578532e-15
596,0.3104166666666667,0.0503634886446046,-0.27223502483954276,0.2999409650701502,392.20969911114764,-31.89492281479155,-33.61945985182885,20.342955430723535,5.684341886080802e-14,6.022724668830037e-16,0.012832498693974796,30.662651104373996,-0.8485608757710018,-3.973377182830973e-12,1.8946649804618687e-14
597,0.3109375,0.05029925712372416,-0.27236326544212774,0.29994096458447517,392.54734766471347,-31.921559890192114,-33.648990445747934,20.342955430725958,-2.842170943040401e-14,-3.0113623344153767e-16,0.012832498693975345,30.68903991641841,-0.8492846904274595,4.3053338671938945e-12,2.3683832682980945e-14
598,0.31145833333333334,0.05023502560284374,-0.27249150604471273,0.2999409640988001,392.8849962182793,-31.948196965592675,-33.67852103966701,20.342955430723535,-2.842170943040401e-14,-3.0113623344150183e-16,0.012832498693974796,30.715428728462815,-0.8500085050839169,-1.960986928395414e-12,1.8946649804618687e-14
599,0.31197916666666664,0.05017079408196332,-0.2726197466472977,0.29994096361312506,393.2226447718451,-31.974834040993237,-33.70805163358609,20.342955430723535,5.684341886080802e-14,6.022724668830037e-16,0.012832498693974796,30.74181754050722,-0.8507323197403743,2.6866286972904163e-12,4.047361482045714e-14
600,0.3125,0.0501065625610829,-0.2727479872498827,0.29994096312745,393.56029332541095,-32.001471116393795,-33.737582227505165,20.342955430723535,5.684341886080802e-14,6.022724668830037e-16,0.012832498693974624,30.76820635255163,-0.8514561343968318,-3.5832448119776927e-12,3.4158002075138607e-14
601,0.3130208333333333,0.05004233104020247,-0.2728762278524677,0.29994096264177494,393.8979418789768,-32.02810819179436,-33.76711282142425,20.342955430725958,2.842170943040401e-14,3.0113623344153767e-16,0.012832498693975345,30.794595164596036,-0.8521799490532894,4.7025716654047756e-12,3.4158002075138607e-14
602,0.31354166666666666,0.049978099519322035,-0.27300446845505266,0.2999409621560999,394.2355904325426,-32.054745267194924,-33.79664341534333,20.342955430725958,0.0,0.0,0.012832498693975345,30.82098397664044,-0.8529037637097472,2.0745627438145675e-12,2.3683832682980945e-14
603,0.3140625,0.049913867998441615,-0.27313270905763765,0.29994096167042483,394.57323898610844,-32.08138234259548,-33.82617400926241,20.342955430723535,0.0,0.0,0.012832498693974624,30.847372788684847,-0.8536275783662045,-5.538902669854906e-13,9.47505962578532e-15
604,0.3145833333333333,0.04984963647756118,-0.27326094966022263,0.2999409611847498,394.91088753967426,-32.10801941799605,-33.85570460318149,20.342955430725958,0.0,0.0,0.012832498693975345,30.873761600729253,-0.8543513930226622,4.559685962135518e-13,4.6653092764018e-14
605,0.3151041666666667,0.04978540495668076,-0.2733891902628076,0.2999409606990747,395.2485360932401,-32.134656493396605,-33.88523519710057,20.342955430722327,2.842170943040401e-14,3.0113623344148393e-16,0.012832498693974624,30.900150412773666,-0.8550752076791196,-2.179478819641645e-12,2.99594779970964e-14
606,0.315625,0.04972117343580034,-0.2735174308653926,0.29994096021339967,395.5861846468059,-32.16129356879716,-33.91476579101965,20.342955430723535,5.684341886080802e-14,6.022724668830037e-16,0.012832498693974624,30.92653922481807,-0.8557990223355769,-1.16995302334999e-12,1.8946649804618687e-14
607,0.31614583333333335,0.04965694191491991,-0.2736456714679776,0.2999409597277246,395.92383320037175,-32.18793064419773,-33.94429638493873,20.34295543072717,0.0,0.0,0.012832498693975345,30.95292803686248,-0.8565228369920346,3.474331933261965e-12,2.3683832682980945e-14
608,0.31666666666666665,0.04959271039403949,-0.27377391207056256,0.29994095924204955,396.2614817539376,-32.214567719598286,-33.97382697885781,20.342955430723535,0.0,0.0,0.012832498693974624,30.979316848906887,-0.857246651648492,8.459899447643693e-13,1.8946649804618687e-14
609,0.3171875,0.04952847887315905,-0.27390215267314755,0.2999409587563745,396.5991303075034,-32.24120479499885,-34.00335757277689,20.342955430725958,2.842170943040401e-14,3.0113623344153767e-16,0.012832498693975345,31.005705660951293,-0.8579704663049498,1.855959830265874e-12,2.3683832682980945e-14
610,0.3177083333333333,0.04946424735227863,-0.27403039327573253,0.29994095827069944,396.93677886106923,-32.26784187039941,-34.03288816669597,20.342955430723535,5.684341886080802e-14,6.022724668830037e-16,0.012832498693974624,31.0320944729957,-0.858694280961407,-7.726042028366464e-13,2.99594779970964e-14
611,0.3182291666666667,0.049400015831398206,-0.2741586338783175,0.2999409577850244,397.27442741463506,-32.29447894579997,-34.06241876061505,20.342955430724746,0.0,0.0,0.012832498693975344,31.058483285040104,-0.8594180956178646,-3.400724146729317e-12,9.47505962578532e-15
612,0.31875,0.04933578431051777,-0.2742868744809025,0.29994095729934933,397.6120759682009,-32.32111602120054,-34.09194935453414,20.342955430725958,-5.684341886080802e-14,-6.022724668830753e-16,0.012832498693975345,31.084872097084514,-0.8601419102743224,1.2436718321851004e-12,2.3683832682980945e-14
613,0.31927083333333334,0.04927155278963735,-0.2744151150834875,0.2999409568136743,397.9497245217667,-32.347753096601096,-34.121479948453214,20.342955430722327,-2.842170943040401e-14,-3.0113623344148393e-16,0.012832498693974624,31.111260909128923,-0.8608657249307797,-1.3883338922937583e-12,1.8946649804618687e-14
614,0.31979166666666664,0.04920732126875693,-0.27454335568607247,0.2999409563279992,398.28737307533254,-32.374390172001654,-34.15101054237229,20.342955430723535,5.684341886080802e-14,6.022724668830037e-16,0.012832498693974624,31.137649721173332,-0.8615895395872372,3.2557290197132716e-12,2.3683832682980945e-14
615,0.3203125,0.049143089747876505,-0.27467159628865745,0.29994095584232416,398.62502162889837,-32.40102724740222,-34.180541136291374,20.342955430724746,0.0,0.0,0.012832498693975344,31.164038533217738,-0.8623133542436948,-3.010369731271112e-12,4.737044090827596e-14
616,0.3208333333333333,0.04907885822699609,-0.27479983689124243,0.2999409553566491,398.9626701824642,-32.42766432280278,-34.21007173021045,20.342955430721116,0.0,0.0,0.012832498693974622,31.190427345262144,-0.8630371689001523,1.6372458944147184e-12,1.1870748155405468e-13
617,0.32135416666666666,0.04901462670611566,-0.2749280774938274,0.29994095487097405,399.30031873603,-32.45430139820334,-34.239602324129535,20.342955430725958,-2.842170943040401e-14,-3.0113623344153767e-16,0.012832498693975345,31.21681615730655,-0.8637609835566098,2.6469937353112982e-12,4.047361482045714e-14
618,0.321875,0.04895039518523524,-0.2750563180964124,0.299940954385299,399.63796728959585,-32.4809384736039,-34.26913291804861,20.342955430723535,0.0,0.0,0.012832498693974624,31.243204969350955,-0.8644847982130672,1.865174681370263e-14,5.524088181378422e-14
619,0.3223958333333333,0.04888616366435481,-0.2751845586989974,0.29994095389962394,399.9756158431617,-32.507575549004464,-34.298663511967696,20.342955430724746,-5.684341886080802e-14,-6.0227246688303955e-16,0.012832498693975344,31.269593781395365,-0.865208612869525,-2.612909888455306e-12,1.7079963309350698e-14
620,0.3229166666666667,0.04882193214347439,-0.27531279930158237,0.2999409534139489,400.3132643967275,-32.53421262440502,-34.32819410588677,20.342955430723535,5.684341886080802e-14,6.022724668830037e-16,0.012832498693974624,31.29598259343977,-0.8659324275259823,2.034594714928062e-12,1.8946649804618687e-14
621,0.3234375,0.04875770062259397,-0.27544103990416735,0.29994095292827383,400.65091295029333,-32.56084969980558,-34.35772469980585,20.342955430723535,5.684341886080802e-14,6.022724668830037e-16,0.012832498693974624,31.322371405484184,-0.8666562421824398,-6.008527009271347e-13,1.8946649804618687e-14
622,0.32395833333333335,0.04869346910171353,-0.27556928050675233,0.2999409524425988,400.98856150385916,-32.58748677520615,-34.38725529372494,20.342955430728377,-1.1368683772161603e-13,-1.204544933766294e-15,0.012832498693976064,31.34876021752859,-0.8673800568388975,4.047095991666083e-12,4.047361482045714e-14
623,0.32447916666666665,0.048629237580833116,-0.2756975211093373,0.2999409519569237,401.326210057425,-32.61412385060671,-34.41678588764402,20.342955430721116,-5.684341886080802e-14,-6.022724668829321e-16,0.012832498693974622,31.375149029572995,-0.8681038714953551,-2.219113781620763e-12,3.4158002075138607e-14
624,0.325,0.0485650060599527,-0.2758257617119223,0.29994095147124866,401.6638586109908,-32.64076092600727,-34.446316481563095,20.342955430721116,-5.684341886080802e-14,-6.022724668829321e-16,0.012832498693974622,31.4015378416174,-0.8688276861518124,-1.209587985329108e-12,4.3672786498475206e-14
625,0.3255208333333333,0.04850077453907228,-0.2759540023145073,0.2999409509855736,402.00150716455664,-32.667398001407825,-34.47584707548217,20.342955430723535,5.684341886080802e-14,6.022724668830037e-16,0.012832498693974624,31.427926653661807,-0.8695515008082698,-3.837929973826704e-12,1.8946649804618687e-14
626,0.3260416666666667,0.04843654301819186,-0.27608224291709227,0.29994095049989855,402.33915571812247,-32.69403507680838,-34.50537766940125,20.342955430723535,5.684341886080802e-14,6.022724668830037e-16,0.012832498693974624,31.454315465706216,-0.8702753154647274,4.444222767574502e-12,2.99594779970964e-14
627,0.3265625,0.04837231149731143,-0.27621048351967725,0.2999409500142235,402.6768042716883,-32.72067215220895,-34.53490826332033,20.342955430725958,2.842170943040401e-14,3.0113623344153767e-16,0.012832498693975345,31.480704277750622,-0.8709991301211849,1.8159918013793686e-12,4.6653092764018e-14
628,0.32708333333333334,0.048308079976430995,-0.27633872412226224,0.29994094952854844,403.0144528252541,-32.74730922760951,-34.564438857239416,20.342955430725958,0.0,0.0,0.012832498693975345,31.507093089795028,-0.8717229447776426,-8.12128142513302e-13,3.4158002075138607e-14
629,0.32760416666666664,0.048243848455550575,-0.2764669647248472,0.2999409490428734,403.35210137881995,-32.77394630301007,-34.59396945115849,20.342955430723535,0.0,0.0,0.012832498693974624,31.53348190183944,-0.8724467594341,1.9040324872321435e-13,2.3683832682980945e-14
630,0.328125,0.04817961693467014,-0.2765952053274322,0.29994094855719833,403.6897499323858,-32.800583378410636,-34.62350004507758,20.342955430725958,0.0,0.0,0.012832498693975345,31.559870713883846,-0.8731705740905576,-2.4377166951694562e-12,1.8946649804618687e-14
631,0.3286458333333333,0.04811538541378972,-0.2767234459300172,0.2999409480715233,404.0273984859516,-32.827220453811194,-34.653030638996654,20.342955430722327,2.842170943040401e-14,3.0113623344148393e-16,0.012832498693974624,31.586259525928252,-0.873894388747015,2.2097879082139116e-12,3.789676905618933e-14
632,0.32916666666666666,0.0480511538929093,-0.27685168653260217,0.2999409475858482,404.36504703951744,-32.85385752921175,-34.68256123291573,20.342955430723535,5.684341886080802e-14,6.022724668830037e-16,0.012832498693974624,31.612648337972658,-0.8746182034034724,-4.18554080283684e-13,2.3683832682980945e-14
633,0.3296875,0.04798692237202887,-0.27697992713518715,0.29994094710017316,404.70269559308326,-32.880494604612316,-34.712091826834815,20.34295543072717,0.0,0.0,0.012832498693975345,31.639037150017067,-0.8753420180599302,4.225841898630733e-12,1.8946649804618687e-14
634,0.3302083333333333,0.04792269085114845,-0.27710816773777214,0.2999409466144981,405.0403441466491,-32.907131680012874,-34.74162242075389,20.342955430723535,0.0,0.0,0.012832498693974624,31.665425962061473,-0.8760658327163875,-2.0405899192610377e-12,1.7079963309350698e-14
635,0.3307291666666667,0.04785845933026801,-0.2772364083403571,0.29994094612882305,405.3779927002149,-32.93376875541344,-34.771153014672976,20.342955430725958,2.842170943040401e-14,3.0113623344153767e-16,0.012832498693975345,31.69181477410588,-0.8767896473728451,-4.668709863153708e-12,3.4158002075138607e-14
636,0.33125,0.04779422780938759,-0.2773646489429421,0.299940945643148,405.71564125378075,-32.960405830814,-34.80068360859205,20.342955430723535,5.684341886080802e-14,6.022724668830037e-16,0.012832498693974624,31.71820358615029,-0.8775134620293026,-2.4646951146678475e-14,2.99594779970964e-14
637,0.33177083333333335,0.047729996288507166,-0.2774928895455271,0.29994094515747294,406.0532898073466,-32.98704290621456,-34.83021420251114,20.342955430724746,0.0,0.0,0.012832498693975344,31.744592398194694,-0.8782372766857601,4.623079696841614e-12,2.3683832682980945e-14
638,0.33229166666666665,0.04766576476762673,-0.27762113014811207,0.2999409446717979,406.3909383609124,-33.01367998161513,-34.85974479643022,20.342955430725958,-5.684341886080802e-14,-6.022724668830753e-16,0.012832498693975345,31.770981210239103,-0.8789610913422178,1.9914070392701433e-12,3.4158002075138607e-14
639,0.3328125,0.04760153324674631,-0.27774937075069706,0.2999409441861228,406.7285869144782,-33.040317057015685,-34.8892753903493,20.342955430722327,-2.842170943040401e-14,-3.0113623344148393e-16,0.012832498693974624,31.79737002228351,-0.8796849059986752,3.0010438578642606e-12,2.3683832682980945e-14
640,0.3333333333333333,0.04753730172586589,-0.27787761135328204,0.29994094370044777,407.06623546804406,-33.06695413241624,-34.918805984268374,20.342955430723535,5.684341886080802e-14,6.022724668830037e-16,0.012832498693974624,31.82375883432792,-0.8804087206551328,-6.906697436193099e-12,2.99594779970964e-14
641,0.3338541666666667,0.047473070204985465,-0.278005851955867,0.2999409432147727,407.4038840216099,-33.09359120781681,-34.94833657818746,20.342955430724746,0.0,0.0,0.012832498693975344,31.850147646372324,-0.8811325353115902,5.016875803676157e-12,2.99594779970964e-14
642,0.334375,0.04740883868410505,-0.278134092558452,0.29994094272909766,407.7415325751757,-33.120228283217365,-34.977867172106535,20.342955430721116,0.0,0.0,0.012832498693974622,31.87653645841673,-0.8818563499680477,-4.887312776702402e-12,2.3683832682980945e-14
643,0.33489583333333334,0.04734460716322462,-0.278262333161037,0.2999409422434226,408.07918112874154,-33.14686535861793,-35.00739776602562,20.342955430725958,-2.842170943040401e-14,-3.0113623344153767e-16,0.012832498693975345,31.90292527046114,-0.8825801646245054,3.394950987001266e-12,9.47505962578532e-15
644,0.33541666666666664,0.0472803756423442,-0.278390573763622,0.29994094175774755,408.41682968230737,-33.17350243401849,-35.036928359944696,20.342955430723535,0.0,0.0,0.012832498693974624,31.929314082505545,-0.8833039792809627,7.664979762012081e-13,2.3683832682980945e-14
645,0.3359375,0.04721614412146377,-0.27851881436620696,0.2999409412720725,408.7544782358732,-33.20013950941905,-35.06645895386378,20.342955430724746,-5.684341886080802e-14,-6.0227246688303955e-16,0.012832498693975344,31.95570289454995,-0.8840277939374204,-1.8616219676914625e-12,9.47505962578532e-15
646,0.3364583333333333,0.04715191260058335,-0.27864705496879194,0.29994094078639744,409.092126789439,-33.22677658481961,-35.09598954778286,20.342955430723535,5.684341886080802e-14,6.022724668830037e-16,0.012832498693974624,31.98209170659436,-0.8847516085938778,2.7824409443155673e-12,1.8946649804618687e-14
647,0.33697916666666666,0.04708768107970293,-0.2787752955713769,0.2999409403007224,409.42977534300485,-33.25341366022017,-35.125520141701934,20.342955430723535,5.684341886080802e-14,6.022724668830037e-16,0.012832498693974624,32.00848051863877,-0.8854754232503353,1.5065726444163374e-13,2.3683832682980945e-14
648,0.3375,0.04702344955882249,-0.2789035361739619,0.2999409398150473,409.7674238965707,-33.28005073562074,-35.155050735621025,20.342955430728377,-1.1368683772161603e-13,-1.204544933766294e-15,0.012832498693976064,32.03486933068318,-0.886199237906793,-2.4810153931298373e-12,9.47505962578532e-15
649,0.3380208333333333,0.04695921803794208,-0.2790317767765469,0.29994093932937227,410.1050724501365,-33.3066878110213,-35.1845813295401,20.342955430721116,-5.684341886080802e-14,-6.022724668829321e-16,0.012832498693974622,32.06125814272758,-0.8869230525632505,2.170263968537256e-12,1.7079963309350698e-14
650,0.3385416666666667,0.046894986517061664,-0.2791600173791319,0.2999409388436972,410.44272100370233,-33.333324886421856,-35.21411192345918,20.342955430721116,-5.684341886080802e-14,-6.022724668829321e-16,0.012832498693974622,32.08764695477199,-0.887646867219708,-4.616307336391401e-13,2.99594779970964e-14
651,0.3390625,0.046830754996181244,-0.27928825798171686,0.29994093835802216,410.78036955726816,-33.359961961822414,-35.243642517378255,20.342955430723535,5.684341886080802e-14,6.022724668830037e-16,0.012832498693974624,32.11403576681639,-0.8883706818761653,-3.0865310307603977e-12,2.99594779970964e-14
652,0.33958333333333335,0.046766523475300824,-0.27941649858430184,0.2999409378723471,411.118018110834,-33.38659903722297,-35.27317311129733,20.342955430723535,5.684341886080802e-14,6.022724668830037e-16,0.012832498693974624,32.1404245788608,-0.8890944965326227,8.833489495430058e-12,2.3683832682980945e-14
653,0.34010416666666665,0.04670229195442039,-0.2795447391868868,0.29994093738667205,411.4556666643998,-33.41323611262354,-35.302703705216416,20.342955430725958,2.842170943040401e-14,3.0113623344153767e-16,0.012832498693975345,32.16681339090521,-0.8898183111890804,-8.350098390508265e-12,3.4158002075138607e-14
654,0.340625,0.046638060433539956,-0.2796729797894718,0.299940936900997,411.79331521796564,-33.4398731880241,-35.3322342991355,20.342955430725958,0.0,0.0,0.012832498693975345,32.19320220294962,-0.8905421258455382,1.0846212816773004e-11,1.7079963309350698e-14
655,0.3411458333333333,0.046573828912659536,-0.2798012203920568,0.29994093641532193,412.13096377153147,-33.46651026342466,-35.36176489305458,20.342955430723535,0.0,0.0,0.012832498693974624,32.21959101499402,-0.8912659405019955,-2.692623901623392e-12,1.8946649804618687e-14
656,0.3416666666666667,0.0465095973917791,-0.2799294609946418,0.2999409359296469,412.4686123250973,-33.493147338825224,-35.39129548697366,20.342955430725958,0.0,0.0,0.012832498693975345,32.24597982703843,-0.8919897551584531,-5.324296559194863e-12,9.47505962578532e-15
657,0.3421875,0.04644536587089868,-0.28005770159722676,0.2999409354439718,412.8062608786631,-33.51978441422578,-35.42082608089274,20.342955430722327,2.842170943040401e-14,3.0113623344148393e-16,0.012832498693974624,32.27236863908284,-0.8927135698149106,2.9577451599038795e-12,2.3683832682980945e-14
658,0.34270833333333334,0.04638113435001826,-0.28018594219981174,0.29994093495829677,413.14390943222895,-33.54642148962634,-35.450356674811815,20.342955430723535,5.684341886080802e-14,6.022724668830037e-16,0.012832498693974624,32.298757451127244,-0.8934373844713679,3.3284486278262193e-13,3.4158002075138607e-14
659,0.34322916666666664,0.04631690282913783,-0.2803141828023967,0.2999409344726217,413.4815579857948,-33.573058565026905,-35.4798872687309,20.34295543072717,0.0,0.0,0.012832498693975345,32.32514626317165,-0.8941611991278255,1.3391510123028638e-12,2.3683832682980945e-14
660,0.34375,0.04625267130825741,-0.2804424234049817,0.29994093398694666,413.8192065393606,-33.59969564042746,-35.509417862649975,20.342955430723535,0.0,0.0,0.012832498693974624,32.35153507521606,-0.894885013784283,-1.2927436898735323e-12,3.4158002075138607e-14
661,0.3442708333333333,0.046188439787376974,-0.2805706640075667,0.2999409335012716,414.15685509292643,-33.62633271582803,-35.53894845656906,20.342955430725958,2.842170943040401e-14,3.0113623344153767e-16,0.012832498693975345,32.377923887260465,-0.8956088284407407,-3.91719989778494e-12,1.8946649804618687e-14
662,0.34479166666666666,0.046124208266496554,-0.2806989046101517,0.29994093301559654,414.49450364649226,-33.652969791228585,-35.568479050488136,20.342955430723535,5.684341886080802e-14,6.022724668830037e-16,0.012832498693974624,32.40431269930488,-0.896332643097198,4.357514349351277e-12,2.3683832682980945e-14
663,0.3453125,0.04605997674561613,-0.28082714521273666,0.2999409325299215,414.8321522000581,-33.67960686662915,-35.59800964440722,20.342955430724746,0.0,0.0,0.012832498693975344,32.430701511349284,-0.8970564577536556,-1.905031687954306e-12,4.737044090827596e-14
664,0.3458333333333333,0.04599574522473569,-0.28095538581532165,0.29994093204424643,415.1698007536239,-33.706243942029715,-35.627540238326304,20.342955430725958,-5.684341886080802e-14,-6.022724668830753e-16,0.012832498693975345,32.45709032339369,-0.8977802724101134,2.7393642909601112e-12,4.6653092764018e-14
665,0.3463541666666667,0.04593151370385527,-0.28108362641790663,0.2999409315585714,415.50744930718975,-33.73288101743027,-35.65707083224538,20.342955430722327,-2.842170943040401e-14,-3.0113623344148393e-16,0.012832498693974624,32.483479135438095,-0.8985040870665707,1.1446399383885364e-13,3.4158002075138607e-14
666,0.346875,0.04586728218297485,-0.2812118670204916,0.2999409310728963,415.8450978607556,-33.75951809283083,-35.68660142616446,20.342955430723535,5.684341886080802e-14,6.022724668830037e-16,0.012832498693974624,32.509867947482505,-0.8992279017230281,1.1205480987541705e-12,3.4158002075138607e-14
667,0.34739583333333335,0.045803050662094426,-0.2813401076230766,0.29994093058722127,416.1827464143214,-33.786155168231396,-35.71613202008354,20.342955430724746,0.0,0.0,0.012832498693975344,32.536256759526914,-0.8999517163794858,-1.5111245588173006e-12,8.052872095291608e-14
668,0.34791666666666665,0.04573881914121401,-0.2814683482256616,0.2999409301015462,416.5203949678872,-33.812792243631954,-35.74566261400262,20.342955430721116,0.0,0.0,0.012832498693974622,32.562645571571316,-0.9006755310359432,-4.979350265443827e-13,3.4158002075138607e-14
669,0.3484375,0.04567458762033358,-0.28159658882824656,0.29994092961587115,416.85804352145306,-33.83942931903252,-35.7751932079217,20.342955430725958,-2.842170943040401e-14,-3.0113623344153767e-16,0.012832498693975345,32.589034383615726,-0.9013993456924008,4.14623890776511e-12,2.3683832682980945e-14
670,0.3489583333333333,0.04561035609945316,-0.28172482943083155,0.2999409291301961,417.1956920750189,-33.866066394433076,-35.80472380184078,20.342955430723535,0.0,0.0,0.012832498693974624,32.615423195660135,-0.9021231603488582,-5.761613408594712e-12,9.47505962578532e-15
671,0.3494791666666667,0.04554612457857273,-0.28185307003341653,0.29994092864452104,417.5333406285847,-33.89270346983364,-35.834254395759864,20.342955430724746,-5.684341886080802e-14,-6.0227246688303955e-16,0.012832498693975344,32.641812007704544,-0.902846975005316,2.520761377411418e-12,9.47505962578532e-15
672,0.35,0.04548189305769231,-0.2819813106360015,0.299940928158846,417.87098918215054,-33.9193405452342,-35.86378498967894,20.342955430723535,5.684341886080802e-14,6.022724668830037e-16,0.012832498693974624,32.66820081974895,-0.9035707896617733,3.5338398873818733e-12,2.3683832682980945e-14
673,0.35052083333333334,0.04541766153681189,-0.2821095512385865,0.29994092767317093,418.20863773571637,-33.94597762063476,-35.89331558359802,20.342955430723535,5.684341886080802e-14,6.022724668830037e-16,0.012832498693974624,32.694589631793356,-0.9042946043182307,-2.7360336218862358e-12,1.8946649804618687e-14
674,0.35104166666666664,0.04535343001593145,-0.2822377918411715,0.2999409271874959,418.5462862892822,-33.97261469603533,-35.92284617751711,20.342955430728377,-1.1368683772161603e-13,-1.204544933766294e-15,0.012832498693976064,32.720978443837765,-0.9050184189746885,1.9083623570281816e-12,5.704121869777468e-14
675,0.3515625,0.04528919849505104,-0.28236603244375647,0.2999409267018208,418.883934842848,-33.99925177143589,-35.952376771436185,20.342955430721116,-5.684341886080802e-14,-6.022724668829321e-16,0.012832498693974622,32.74736725588217,-0.905742233631146,-7.16315895488151e-13,3.4158002075138607e-14
676,0.3520833333333333,0.045224966974170625,-0.28249427304634145,0.29994092621614576,419.22158339641385,-34.025888846836445,-35.98190736535526,20.342955430721116,-5.684341886080802e-14,-6.022724668829321e-16,0.012832498693974622,32.77375606792658,-0.9064660482876034,2.8965718712470334e-13,3.4158002075138607e-14
677,0.35260416666666666,0.045160735453290204,-0.28262251364892643,0.2999409257304707,419.5592319499797,-34.052525922237,-36.01143795927434,20.342955430723535,5.684341886080802e-14,6.022724668830037e-16,0.012832498693974624,32.800144879970986,-0.9071898629440608,-2.3422375150516928e-12,4.047361482045714e-14
678,0.353125,0.045096503932409784,-0.2827507542515114,0.29994092524479565,419.8968805035455,-34.07916299763756,-36.040968553193416,20.342955430723535,5.684341886080802e-14,6.022724668830037e-16,0.012832498693974624,32.826533692015396,-0.9079136776005183,-1.3360423878339134e-12,1.8946649804618687e-14
679,0.3536458333333333,0.04503227241152935,-0.2828789948540964,0.2999409247591206,420.23452905711133,-34.105800073038125,-36.0704991471125,20.342955430725958,2.842170943040401e-14,3.0113623344153767e-16,0.012832498693975345,32.8529225040598,-0.9086374922569759,3.31523697383318e-12,2.3683832682980945e-14
680,0.3541666666666667,0.044968040890648917,-0.2830072354566814,0.29994092427344554,420.57217761067716,-34.13243714843869,-36.100029741031584,20.342955430725958,0.0,0.0,0.012832498693975345,32.87931131610421,-0.9093613069134335,6.835643162617089e-13,3.4158002075138607e-14
681,0.3546875,0.044903809369768496,-0.28313547605926637,0.2999409237877705,420.909826164243,-34.15907422383925,-36.12956033495066,20.342955430723535,0.0,0.0,0.012832498693974624,32.90570012814862,-0.910085121569891,-1.9483303859146872e-12,3.4158002075138607e-14
682,0.35520833333333335,0.04483957784888806,-0.28326371666185135,0.29994092330209543,421.2474747178088,-34.18571129923981,-36.159090928869745,20.342955430725958,0.0,0.0,0.012832498693975345,32.93208894019302,-0.9108089362263487,6.341149827449044e-12,1.7079963309350698e-14
683,0.35572916666666665,0.04477534632800764,-0.28339195726443633,0.2999409228164204,421.58512327137464,-34.21234837464037,-36.18862152278882,20.342955430722327,2.842170943040401e-14,3.0113623344148393e-16,0.012832498693974624,32.95847775223743,-0.911532750882806,7.116529587847253e-14,1.1408099677883798e-13
684,0.35625,0.04471111480712722,-0.2835201978670213,0.2999409223307453,421.92277182494047,-34.23898545004093,-36.2181521167079,20.342955430723535,5.684341886080802e-14,6.022724668830037e-16,0.012832498693974624,32.98486656428183,-0.9122565655392634,-2.553735001242785e-12,2.3683832682980945e-14
685,0.3567708333333333,0.04464688328624679,-0.2836484384696063,0.29994092184507026,422.2604203785063,-34.26562252544149,-36.24768271062698,20.34295543072717,0.0,0.0,0.012832498693975345,33.01125537632624,-0.9129803801957211,-1.5473178294200807e-12,1.8946649804618687e-14
686,0.3572916666666667,0.04458265176536637,-0.2837766790721913,0.2999409213593952,422.5980689320721,-34.29225960084205,-36.27721330454606,20.342955430723535,0.0,0.0,0.012832498693974624,33.03764418837065,-0.9137041948521785,-5.413447468072263e-13,3.4158002075138607e-14
687,0.3578125,0.044518420244485934,-0.28390491967477627,0.29994092087372015,422.93571748563795,-34.318896676242616,-36.30674389846514,20.342955430725958,2.842170943040401e-14,3.0113623344153767e-16,0.012832498693975345,33.06403300041506,-0.9144280095086361,4.1029402098047285e-12,2.3683832682980945e-14
688,0.35833333333333334,0.044454188723605514,-0.28403316027736125,0.2999409203880451,423.2733660392038,-34.345533751643174,-36.33627449238422,20.342955430723535,5.684341886080802e-14,6.022724668830037e-16,0.012832498693974624,33.09042181245947,-0.9151518241650936,1.4710455076283324e-12,4.737044090827596e-14
689,0.35885416666666664,0.04438995720272509,-0.28416140087994624,0.29994091990237004,423.6110145927696,-34.37217082704374,-36.365805086303304,20.342955430724746,0.0,0.0,0.012832498693975344,33.11681062450387,-0.9158756388215511,-4.791611551979713e-12,2.3683832682980945e-14
690,0.359375,0.044325725681844654,-0.2842896414825312,0.299940919416695,423.94866314633543,-34.398807902444304,-36.39533568022239,20.342955430725958,-5.684341886080802e-14,-6.022724668830753e-16,0.012832498693975345,33.14319943654828,-0.9165994534780088,-1.4732659536775827e-13,3.4158002075138607e-14
691,0.3598958333333333,0.04426149416096423,-0.2844178820851162,0.29994091893101993,424.28631169990126,-34.42544497784486,-36.424866274141465,20.342955430722327,-2.842170943040401e-14,-3.0113623344148393e-16,0.012832498693974624,33.16958824859269,-0.9173232681344662,8.587575095475586e-13,2.99594779970964e-14
692,0.36041666666666666,0.04419726264008381,-0.2845461226877012,0.2999409184453449,424.6239602534671,-34.45208205324542,-36.45439686806054,20.342955430723535,5.684341886080802e-14,6.022724668830037e-16,0.012832498693974624,33.19597706063709,-0.9180470827909236,-1.7660317652712365e-12,2.3683832682980945e-14
693,0.3609375,0.044133031119203386,-0.28467436329028617,0.2999409179596698,424.9616088070329,-34.478719128645984,-36.483927461979626,20.342955430724746,0.0,0.0,0.012832498693975344,33.2223658726815,-0.9187708974473813,-7.597256157509946e-13,9.47505962578532e-15
694,0.3614583333333333,0.04406879959832297,-0.28480260389287115,0.29994091747399476,425.29925736059874,-34.50535620404654,-36.5134580558987,20.342955430721116,0.0,0.0,0.012832498693974622,33.24875468472591,-0.9194947121038387,7.522316103347748e-12,2.3683832682980945e-14
695,0.3619791666666667,0.04400456807744254,-0.28493084449545614,0.2999409169883197,425.6369059141646,-34.53199327944711,-36.54298864981779,20.342955430725958,-2.842170943040401e-14,-3.0113623344153767e-16,0.012832498693975345,33.27514349677032,-0.9202185267602964,-6.023292975498862e-12,2.99594779970964e-14
696,0.3625,0.04394033655656212,-0.2850590850980411,0.29994091650264465,425.9745544677304,-34.558630354847665,-36.57251924373686,20.342955430723535,0.0,0.0,0.012832498693974624,33.30153230881472,-0.9209423414167537,2.2657431486550195e-12,1.8946649804618687e-14
697,0.36302083333333335,0.04387610503568169,-0.2851873257006261,0.2999409160169696,426.3122030212962,-34.58526743024823,-36.60204983765595,20.342955430724746,-5.684341886080802e-14,-6.0227246688303955e-16,0.012832498693975344,33.32792112085913,-0.9216661560732113,6.910028105266974e-12,1.7079963309350698e-14
698,0.36354166666666665,0.04381187351480127,-0.2853155663032111,0.29994091553129454,426.64985157486205,-34.61190450564879,-36.631580431575024,20.342955430723535,5.684341886080802e-14,6.022724668830037e-16,0.012832498693974624,33.35430993290353,-0.9223899707296688,-6.62869759082696e-12,3.4158002075138607e-14
699,0.3640625,0.04374764199392085,-0.28544380690579607,0.2999409150456195,426.9875001284279,-34.638541581049346,-36.6611110254941,20.342955430723535,5.684341886080802e-14,6.022724668830037e-16,0.012832498693974624,33.38069874494794,-0.9231137853861263,1.6534551505742456e-12,4.6653092764018e-14
700,0.3645833333333333,0.04368341047304041,-0.28557204750838106,0.2999409145599444,427.3251486819937,-34.66517865644992,-36.69064161941319,20.342955430728377,-1.1368683772161603e-13,-1.204544933766294e-15,0.012832498693976064,33.40708755699235,-0.923837600042584,-9.782175069972254e-13,4.737044090827596e-14
701,0.3651041666666667,0.04361917895216,-0.28570028811096604,0.29994091407426937,427.66279723555954,-34.691815731850475,-36.72017221333227,20.342955430721116,-5.684341886080802e-14,-6.022724668829321e-16,0.012832498693974622,33.433476369036754,-0.9245614146990415,3.673061854669868e-12,3.4158002075138607e-14
702,0.365625,0.043554947431279585,-0.285828528713551,0.2999409135885943,428.00044578912537,-34.71845280725103,-36.749702807251346,20.342955430721116,-5.684341886080802e-14,-6.022724668829321e-16,0.012832498693974622,33.45986518108116,-0.9252852293554988,-2.5969226769007037e-12,7.168323756867196e-14
703,0.36614583333333334,0.043490715910399165,-0.285956769316136,0.29994091310291926,428.3380943426912,-34.74508988265159,-36.77923340117042,20.342955430723535,5.684341886080802e-14,6.022724668830037e-16,0.012832498693974624,33.48625399312557,-0.9260090440119564,2.0472512574087887e-12,2.99594779970964e-14
704,0.36666666666666664,0.043426484389518745,-0.286085009918721,0.2999409126172442,428.675742896257,-34.77172695805215,-36.8087639950895,20.342955430723535,5.684341886080802e-14,6.022724668830037e-16,0.012832498693974624,33.51264280516998,-0.9267328586684138,-4.22262225185932e-12,2.3683832682980945e-14
705,0.3671875,0.04336225286863831,-0.286213250521306,0.29994091213156915,429.01339144982285,-34.798364033452714,-36.838294589008584,20.342955430725958,2.842170943040401e-14,3.0113623344153767e-16,0.012832498693975345,33.53903161721439,-0.9274566733248714,7.697509296633598e-12,1.8946649804618687e-14
706,0.3677083333333333,0.04329802134775788,-0.28634149112389096,0.2999409116458941,429.3510400033887,-34.82500110885328,-36.86782518292767,20.342955430725958,0.0,0.0,0.012832498693975345,33.56542042925879,-0.9281804879813291,-5.8408833325529486e-12,9.47505962578532e-15
707,0.36822916666666666,0.04323378982687746,-0.28646973172647594,0.29994091116021904,429.6886885569545,-34.85163818425384,-36.897355776846744,20.342955430723535,0.0,0.0,0.012832498693974624,33.5918092413032,-0.9289043026377864,-1.1969314428483813e-12,2.3683832682980945e-14
708,0.36875,0.04316955830599702,-0.2865979723290609,0.299940910674544,430.02633711052033,-34.8782752596544,-36.92688637076583,20.342955430725958,0.0,0.0,0.012832498693975345,33.618198053347605,-0.9296281172942441,7.0924377482128875e-12,1.8946649804618687e-14
709,0.3692708333333333,0.0431053267851166,-0.2867262129316459,0.2999409101888689,430.36398566408616,-34.90491233505496,-36.956416964684905,20.342955430722327,2.842170943040401e-14,3.0113623344148393e-16,0.012832498693974624,33.644586865392014,-0.9303519319507015,-6.4533933752386474e-12,6.37283059734634e-14
710,0.3697916666666667,0.04304109526423618,-0.2868544535342309,0.29994090970319387,430.701634217652,-34.93154941045552,-36.98594755860398,20.342955430723535,5.684341886080802e-14,6.022724668830037e-16,0.012832498693974624,33.670975677436424,-0.9310757466071589,1.828537321557633e-12,3.789676905618933e-14
711,0.3703125,0.04297686374335575,-0.2869826941368159,0.2999409092175188,431.0392827712178,-34.95818648585608,-37.015478152523066,20.34295543072717,0.0,0.0,0.012832498693975345,33.69736448948083,-0.9317995612636165,-8.031353360138382e-13,1.8946649804618687e-14
712,0.37083333333333335,0.04291263222247533,-0.28711093473940086,0.29994090873184376,431.37693132478364,-34.98482356125664,-37.04500874644214,20.342955430723535,0.0,0.0,0.012832498693974624,33.723753301525235,-0.932523375920074,3.8480330033507926e-12,2.3683832682980945e-14
713,0.37135416666666665,0.042848400701594895,-0.28723917534198584,0.2999409082461687,431.71457987834947,-35.011460636657205,-37.07453934036123,20.342955430725958,2.842170943040401e-14,3.0113623344153767e-16,0.012832498693975345,33.750142113569645,-0.9332471905765317,-2.421507439009929e-12,2.99594779970964e-14
714,0.371875,0.042784169180714475,-0.2873674159445708,0.29994090776049365,432.0522284319153,-35.03809771205776,-37.104069934280304,20.342955430723535,5.684341886080802e-14,6.022724668830037e-16,0.012832498693974624,33.776530925614054,-0.933971005232989,5.860423257786351e-12,2.3683832682980945e-14
715,0.3723958333333333,0.04271993765983405,-0.2874956565471558,0.2999409072748186,432.3898769854811,-35.06473478745833,-37.13360052819939,20.342955430724746,0.0,0.0,0.012832498693975344,33.802919737658456,-0.9346948198894466,-4.022338018216942e-13,2.99594779970964e-14
716,0.3729166666666667,0.042655706138953614,-0.2876238971497408,0.29994090678914354,432.72752553904695,-35.09137186285889,-37.16313112211847,20.342955430725958,-5.684341886080802e-14,-6.022724668830753e-16,0.012832498693975345,33.829308549702866,-0.9354186345459043,-3.0337954370907028e-12,5.99178588286007e-14
717,0.3734375,0.042591474618073194,-0.2877521377523258,0.2999409063034685,433.0651740926128,-35.11800893825945,-37.19266171603755,20.342955430722327,-2.842170943040401e-14,-3.0113623344148393e-16,0.012832498693974624,33.855697361747275,-0.9361424492023617,5.2481352597055775e-12,2.3683832682980945e-14
718,0.37395833333333334,0.042527243097192774,-0.28788037835491076,0.2999409058177934,433.4028226461786,-35.14464601366001,-37.222192309956625,20.342955430723535,5.684341886080802e-14,6.022724668830037e-16,0.012832498693974624,33.88208617379168,-0.9368662638588191,-1.0146328222049306e-12,1.8946649804618687e-14
719,0.37447916666666664,0.04246301157631235,-0.28800861895749574,0.29994090533211837,433.74047119974443,-35.17128308906057,-37.25172290387571,20.342955430724746,0.0,0.0,0.012832498693975344,33.908474985836094,-0.9375900785152768,-1.5432100042289676e-14,4.047361482045714e-14
720,0.375,0.042398780055431934,-0.2881368595600807,0.2999409048464433,434.07811975331026,-35.19792016446113,-37.281253497794786,20.342955430721116,0.0,0.0,0.012832498693974622,33.934863797880496,-0.9383138931717342,9.977574322306282e-13,1.8946649804618687e-14
721,0.3755208333333333,0.0423345485345515,-0.2882651001626657,0.29994090436076826,434.4157683068761,-35.224557239861696,-37.31078409171387,20.342955430725958,-2.842170943040401e-14,-3.0113623344153767e-16,0.012832498693975345,33.961252609924905,-0.9390377078281917,-5.272005054735018e-12,3.4158002075138607e-14
722,0.37604166666666666,0.04227031701367108,-0.2883933407652507,0.2999409038750932,434.7534168604419,-35.251194315262254,-37.34031468563295,20.342955430723535,0.0,0.0,0.012832498693974624,33.98764142196931,-0.9397615224846492,3.0171420917213254e-12,1.7079963309350698e-14
723,0.3765625,0.04220608549279065,-0.2885215813678357,0.29994090338941815,435.09106541400774,-35.27783139066282,-37.36984527955203,20.342955430724746,-5.684341886080802e-14,-6.0227246688303955e-16,0.012832498693975344,34.01403023401372,-0.9404853371411068,-3.2525093729418586e-12,9.47505962578532e-15
724,0.3770833333333333,0.04214185397191023,-0.28864982197042066,0.2999409029037431,435.4287139675736,-35.304468466063376,-37.39937587347111,20.342955430723535,5.684341886080802e-14,6.022724668830037e-16,0.012832498693974624,34.040419046058126,-0.9412091517975644,1.3916645613676337e-12,2.3683832682980945e-14
725,0.3776041666666667,0.04207762245102981,-0.28877806257300564,0.29994090241806803,435.7663625211394,-35.331105541463934,-37.428906467390185,20.342955430723535,5.684341886080802e-14,6.022724668830037e-16,0.012832498693974624,34.06680785810253,-0.9419329664540218,-1.2331247134511614e-12,3.4158002075138607e-14
726,0.378125,0.04201339093014937,-0.28890630317559063,0.299940901932393,436.1040110747052,-35.357742616864506,-37.458437061309276,20.342955430728377,-1.1368683772161603e-13,-1.204544933766294e-15,0.012832498693976064,34.09319667014694,-0.9426567811104796,3.411271265463256e-12,3.4158002075138607e-14
727,0.37864583333333335,0.04194915940926896,-0.2890345437781756,0.2999409014467179,436.44165962827105,-35.384379692265064,-37.48796765522835,20.342955430721116,-5.684341886080802e-14,-6.022724668829321e-16,0.012832498693974622,34.11958548219135,-0.943380595766937,7.793765632868599e-13,4.047361482045714e-14
728,0.37916666666666665,0.041884927888388546,-0.2891627843807606,0.29994090096104287,436.7793081818369,-35.41101676766562,-37.51749824914743,20.342955430721116,-5.684341886080802e-14,-6.022724668829321e-16,0.012832498693974622,34.14597429423576,-0.9441044104233943,-1.8526291611919987e-12,9.47505962578532e-15
729,0.3796875,0.041820696367508126,-0.2892910249833456,0.2999409004753678,437.1169567354027,-35.43765384306618,-37.54702884306651,20.342955430723535,5.684341886080802e-14,6.022724668830037e-16,0.012832498693974624,34.17236310628016,-0.9448282250798518,2.798539178172632e-12,4.9454118618723144e-14
730,0.3802083333333333,0.041756464846627706,-0.28941926558593056,0.29994089998969276,437.45460528896854,-35.46429091846674,-37.57655943698558,20.342955430723535,5.684341886080802e-14,6.022724668830037e-16,0.012832498693974624,34.19875191832457,-0.9455520397363093,1.667554982986985e-13,3.789676905618933e-14
731,0.3807291666666667,0.04169223332574727,-0.28954750618851555,0.2999408995040177,437.79225384253436,-35.4909279938673,-37.60609003090467,20.342955430725958,2.842170943040401e-14,3.0113623344153767e-16,0.012832498693975345,34.22514073036898,-0.9462758543927668,1.1729506255164779e-12,3.4158002075138607e-14
732,0.38125,0.04162800180486684,-0.28967574679110053,0.29994089901834264,438.1299023961002,-35.51756506926787,-37.63562062482375,20.342955430725958,0.0,0.0,0.012832498693975345,34.25152954241338,-0.9469996690492245,-1.4516166046973922e-12,2.3683832682980945e-14
733,0.38177083333333334,0.04156377028398642,-0.2898039873936855,0.2999408985326676,438.467550949666,-35.544202144668425,-37.66515121874283,20.342955430723535,0.0,0.0,0.012832498693974624,34.27791835445779,-0.9477234837056819,-4.455324997820753e-13,3.4158002075138607e-14
734,0.38229166666666664,0.041499538763105984,-0.2899322279962705,0.29994089804699253,438.80519950323185,-35.57083922006899,-37.69468181266191,20.342955430725958,0.0,0.0,0.012832498693975345,34.3043071665022,-0.9484472983621394,5.605516051332415e-13,4.3672786498475206e-14
735,0.3828125,0.041435307242225564,-0.2900604685988555,0.2999408975613175,439.1428480567977,-35.59747629546955,-37.72421240658099,20.342955430722327,2.842170943040401e-14,3.0113623344148393e-16,0.012832498693974624,34.33069597854661,-0.949171113018597,-2.0711210524382295e-12,3.4158002075138607e-14
736,0.3833333333333333,0.041371075721345144,-0.29018870920144046,0.2999408970756424,439.4804966103635,-35.624113370870106,-37.753743000500066,20.342955430723535,5.684341886080802e-14,6.022724668830037e-16,0.012832498693974624,34.35708479059101,-0.9498949276750543,2.5799362646239388e-12,9.47505962578532e-15
737,0.38385416666666666,0.04130684420046471,-0.29031694980402545,0.29994089658996737,439.81814516392933,-35.65075044627067,-37.78327359441915,20.34295543072717,0.0,0.0,0.012832498693975345,34.38347360263542,-0.9506187423315121,-5.162537064506978e-14,2.3683832682980945e-14
738,0.384375,0.04124261267958429,-0.29044519040661043,0.2999408961042923,440.15579371749516,-35.67738752167123,-37.81280418833823,20.342955430723535,0.0,0.0,0.012832498693974624,34.40986241467983,-0.9513425569879694,-2.6836310951239284e-12,1.8946649804618687e-14
739,0.3848958333333333,0.041178381158703856,-0.2905734310091954,0.29994089561861725,440.493442271061,-35.70402459707179,-37.84233478225731,20.342955430725958,2.842170943040401e-14,3.0113623344153767e-16,0.012832498693975345,34.43625122672423,-0.9520663716444271,5.6057380959373404e-12,4.6653092764018e-14
740,0.3854166666666667,0.041114149637823436,-0.2907016716117804,0.2999408951329422,440.8310908246268,-35.73066167247235,-37.87186537617639,20.342955430723535,5.684341886080802e-14,6.022724668830037e-16,0.012832498693974624,34.46264003876864,-0.9527901863008845,-6.641354133307686e-13,3.4158002075138607e-14
741,0.3859375,0.04104991811694301,-0.2908299122143654,0.29994089464726714,441.16873937819264,-35.757298747872916,-37.90139597009547,20.342955430724746,0.0,0.0,0.012832498693975344,34.48902885081304,-0.9535140009573421,3.4916514124461173e-13,3.789676905618933e-14
742,0.38645833333333335,0.040985686596062575,-0.29095815281695037,0.2999408941615921,441.50638793175847,-35.78393582327348,-37.930926564014555,20.342955430725958,-5.684341886080802e-14,-6.022724668830753e-16,0.012832498693975345,34.51541766285745,-0.9542378156137997,-2.2825075163268593e-12,2.3683832682980945e-14
743,0.38697916666666665,0.040921455075182155,-0.29108639341953535,0.29994089367591703,441.8440364853243,-35.81057289867404,-37.96045715793363,20.342955430722327,-2.842170943040401e-14,-3.0113623344148393e-16,0.012832498693974624,34.54180647490186,-0.9549616302702572,2.3615553956801705e-12,3.4158002075138607e-14
744,0.3875,0.040857223554301735,-0.29121463402212033,0.299940893190242,442.1816850388901,-35.8372099740746,-37.98998775185271,20.342955430723535,5.684341886080802e-14,6.022724668830037e-16,0.012832498693974624,34.56819528694627,-0.9556854449267147,3.36775052289795e-12,2.3683832682980945e-14
745,0.3880208333333333,0.04079299203342131,-0.2913428746247053,0.2999408927045669,442.51933359245595,-35.86384704947516,-38.01951834577179,20.342955430724746,0.0,0.0,0.012832498693975344,34.59458409899068,-0.9564092595831722,-6.53999077115941e-12,4.737044090827596e-14
746,0.3885416666666667,0.040728760512540894,-0.2914711152272903,0.29994089221889186,442.8569821460218,-35.89048412487572,-38.04904893969087,20.342955430721116,0.0,0.0,0.012832498693974622,34.62097291103508,-0.9571330742396297,1.7491563752969341e-12,1.8946649804618687e-14
747,0.3890625,0.04066452899166046,-0.2915993558298753,0.2999408917332168,443.1946306995876,-35.917121200276284,-38.078579533609954,20.342955430725958,-2.842170943040401e-14,-3.0113623344153767e-16,0.012832498693975345,34.64736172307949,-0.9578568888960873,2.755462524817176e-12,2.3683832682980945e-14
748,0.38958333333333334,0.04060029747078004,-0.29172759643246027,0.29994089124754175,443.53227925315343,-35.94375827567684,-38.10811012752903,20.342955430723535,0.0,0.0,0.012832498693974624,34.6737505351239,-0.9585807035525447,-3.5145220067533955e-12,4.737044090827596e-14
749,0.39010416666666664,0.04053606594989961,-0.29185583703504525,0.2999408907618667,443.86992780671926,-35.97039535107741,-38.137640721448115,20.342955430724746,-5.684341886080802e-14,-6.0227246688303955e-16,0.012832498693975344,34.7001393471683,-0.9593045182090023,4.774847184307873e-12,1.1612760654425154e-13
750,0.390625,0.04047183442901919,-0.29198407763763023,0.29994089027619164,444.2075763602851,-35.997032426477965,-38.16717131536719,20.342955430723535,5.684341886080802e-14,6.022724668830037e-16,0.012832498693974624,34.72652815921271,-0.9600283328654597,-1.4950263249602358e-12,3.4158002075138607e-14
751,0.3911458333333333,0.04040760290813877,-0.2921123182402152,0.2999408897905166,444.5452249138509,-36.02366950187852,-38.19670190928627,20.342955430723535,5.684341886080802e-14,6.022724668830037e-16,0.012832498693974624,34.75291697125712,-0.9607521475219173,-4.888311977424564e-13,3.4158002075138607e-14
752,0.39166666666666666,0.04034337138725833,-0.2922405588428002,0.29994088930484153,444.88287346741674,-36.050306577279095,-38.22623250320536,20.342955430728377,-1.1368683772161603e-13,-1.204544933766294e-15,0.012832498693976064,34.77930578330153,-0.9614759621783749,5.174749517777855e-13,4.047361482045714e-14
753,0.3921875,0.04027913986637792,-0.2923687994453852,0.2999408888191665,445.22052202098257,-36.07694365267965,-38.25576309712444,20.342955430721116,-5.684341886080802e-14,-6.022724668829321e-16,0.012832498693974622,34.80569459534593,-0.9621997768348325,1.5307755063531658e-12,1.8946649804618687e-14
754,0.3927083333333333,0.040214908345497506,-0.29249704004797017,0.2999408883334914,445.5581705745484,-36.10358072808021,-38.28529369104351,20.342955430721116,-5.684341886080802e-14,-6.022724668829321e-16,0.012832498693974622,34.83208340739034,-0.9629235914912898,2.53674858896602e-12,1.7079963309350698e-14
755,0.3932291666666667,0.040150676824617086,-0.29262528065055515,0.29994088784781636,445.8958191281142,-36.13021780348077,-38.31482428496259,20.342955430723535,5.684341886080802e-14,6.022724668830037e-16,0.012832498693974624,34.858472219434745,-0.9636474061477474,-3.725908470642025e-12,1.8946649804618687e-14
756,0.39375,0.040086445303736666,-0.29275352125314014,0.2999408873621413,446.23346768168005,-36.156854878881326,-38.34435487888167,20.342955430723535,5.684341886080802e-14,6.022724668830037e-16,0.012832498693974624,34.884861031479154,-0.9643712208042048,9.181544413650045e-13,3.4158002075138607e-14
757,0.39427083333333335,0.04002221378285623,-0.2928817618557251,0.29994088687646625,446.5711162352459,-36.18349195428189,-38.37388547280075,20.342955430725958,2.842170943040401e-14,3.0113623344153767e-16,0.012832498693975345,34.911249843523564,-0.9650950354606623,1.924349568582784e-12,1.7079963309350698e-14
758,0.39479166666666665,0.0399579822619758,-0.2930100024583101,0.2999408863907912,446.9087647888117,-36.210129029682456,-38.403416066719835,20.342955430725958,0.0,0.0,0.012832498693975345,34.937638655567966,-0.9658188501171201,-7.001066393286237e-13,1.8946649804618687e-14
759,0.3953125,0.03989375074109538,-0.2931382430608951,0.29994088590511614,447.24641334237754,-36.236766105083014,-38.43294666063891,20.342955430723535,0.0,0.0,0.012832498693974624,34.96402746761238,-0.9665426647735774,2.987610159266296e-13,4.6653092764018e-14
760,0.3958333333333333,0.039829519220214944,-0.29326648366348007,0.2999408854194411,447.58406189594336,-36.26340318048358,-38.462477254557996,20.342955430725958,0.0,0.0,0.012832498693975345,34.990416279656785,-0.9672664794300351,1.3121725928044725e-12,3.789676905618933e-14
761,0.3963541666666667,0.039765287699334524,-0.29339472426606505,0.299940884933766,447.9217104495092,-36.290040255884136,-38.49200784847707,20.342955430722327,2.842170943040401e-14,3.0113623344148393e-16,0.012832498693974624,35.016805091701194,-0.9679902940864925,-1.3197221093719236e-12,3.4158002075138607e-14
762,0.396875,0.039701056178454104,-0.29352296486865004,0.29994088444809097,448.259359003075,-36.316677331284694,-38.52153844239615,20.342955430723535,5.684341886080802e-14,6.022724668830037e-16,0.012832498693974624,35.0431939037456,-0.9687141087429498,3.3242297803326437e-12,4.6653092764018e-14
763,0.39739583333333334,0.03963682465757367,-0.293651205471235,0.2999408839624159,448.59700755664085,-36.34331440668526,-38.55106903631523,20.34295543072717,0.0,0.0,0.012832498693975345,35.069582715790006,-0.9694379233994075,-6.576295064064652e-12,3.4158002075138607e-14
764,0.39791666666666664,0.03957259313669325,-0.29377944607382,0.29994088347674086,448.9346561102067,-36.36995148208582,-38.58059963023431,20.342955430723535,0.0,0.0,0.012832498693974624,35.095971527834415,-0.9701617380558649,1.7057466550340905e-12,2.3683832682980945e-14
765,0.3984375,0.039508361615812816,-0.293907686676405,0.2999408829910658,449.2723046637725,-36.39658855748638,-38.610130224153394,20.342955430725958,2.842170943040401e-14,3.0113623344153767e-16,0.012832498693975345,35.12236033987882,-0.9708855527123226,2.7191582319119334e-12,3.4158002075138607e-14
766,0.3989583333333333,0.039444130094932396,-0.29403592727899,0.29994088250539075,449.60995321733833,-36.42322563288694,-38.63966081807247,20.342955430723535,5.684341886080802e-14,6.022724668830037e-16,0.012832498693974624,35.14874915192323,-0.97160936736878,8.72635297355373e-14,9.47505962578532e-15
767,0.39947916666666666,0.03937989857405197,-0.29416416788157496,0.2999408820197157,449.94760177090416,-36.449862708287505,-38.669191411991555,20.342955430724746,0.0,0.0,0.012832498693975344,35.175137963967636,-0.9723331820252376,1.0934586569533167e-12,2.3683832682980945e-14
768,0.4,0.039315667053171535,-0.29429240848415994,0.29994088153404064,450.28525032447,-36.47649978368807,-38.69872200591064,20.342955430725958,-5.684341886080802e-14,-6.022724668830753e-16,0.012832498693975345,35.201526776012045,-0.9730569966816953,2.099875828776021e-12,9.47505962578532e-15
