tick,time_s,body_wx,body_wy,body_wz,engine_absolute_omega,left_absolute_omega,right_absolute_omega,clutch_torque_nm,clutch_slip_radps,clutch_work_j,BE_loss_j,combustion_work_j,external_output_work_j,energy_balance_j,momentum_balance_nms
1,0.0005208333333333333,0.09977691441213943,-0.19999860816453752,0.2999990227881852,240.0299272317285,-10.118937401069893,-30.118937401069893,68.50794301625825,0.0,0.0,0.025600309222449096,10.009580243328877,0.0,1.5649703755116207e-12,0.0
2,0.0010416666666666667,0.09974911549350403,-0.2000693898428533,0.29999905594067655,240.2151416175076,-10.13435003277271,-30.13435003277271,8.877675860822507,0.0,0.0,0.0038601076553634052,10.017300458639603,0.0,-1.4210854715202004e-12,5.728578676879116e-14
3,0.0015625,0.09972131657486863,-0.20014017152116909,0.2999990890931679,240.40035600328673,-10.14976266447553,-30.149762664475528,8.877675860823718,-2.842170943040401e-14,-1.3141600194460598e-16,0.003860107655363553,10.025020673950328,0.0,1.2381207170619746e-12,0.0
4,0.0020833333333333333,0.09969351765623323,-0.20021095319948487,0.2999991222456593,240.58557038906585,-10.165175296178344,-30.165175296178344,8.877675860821297,2.842170943040401e-14,1.3141600194457014e-16,0.003860107655363307,10.032740889261055,0.0,2.575717417130363e-13,7.105427357601002e-15
5,0.0026041666666666665,0.09966571873759783,-0.20028173487780065,0.29999915539815064,240.77078477484497,-10.180587927881163,-30.180587927881163,8.877675860823718,0.0,0.0,0.003860107655363553,10.040461104571781,0.0,1.0960121699099545e-12,0.0
6,0.003125,0.09963791981896243,-0.20035251655611644,0.299999188550642,240.9559991606241,-10.19600055958398,-30.19600055958398,8.877675860822507,0.0,0.0,0.0038601076553634052,10.048181319882508,0.0,1.1546319456101628e-13,5.684341886080802e-14
7,0.0036458333333333334,0.09961012090032703,-0.20042329823443222,0.29999922170313337,241.1412135464032,-10.211413191286798,-30.211413191286795,8.877675860822507,0.0,0.0,0.0038601076553634052,10.055901535193234,0.0,9.539036227579345e-13,6.07087979554246e-14
8,0.004166666666666667,0.09958232198169163,-0.200494079912748,0.29999925485562473,241.32642793218233,-10.226825822989616,-30.22682582298961,8.877675860822507,2.842170943040401e-14,1.3141600194458804e-16,0.0038601076553634052,10.06362175050396,0.0,8.828493491819245e-13,2.842170943040401e-14
9,0.0046875,0.09955452306305623,-0.2005648615910638,0.2999992880081161,241.51164231796145,-10.242238454692435,-30.24223845469243,8.877675860823718,-2.842170943040401e-14,-1.3141600194460598e-16,0.003860107655363553,10.071341965814687,0.0,-9.769962616701378e-14,2.929642751054232e-14
10,0.005208333333333333,0.09952672414442083,-0.20063564326937958,0.29999932116060746,241.69685670374056,-10.257651086395253,-30.257651086395246,8.877675860822507,0.0,0.0,0.0038601076553634052,10.079062181125414,0.0,-1.687538997430238e-13,2.842170943040401e-14
11,0.005729166666666666,0.09949892522578543,-0.20070642494769536,0.2999993543130988,241.88207108951968,-10.27306371809807,-30.27306371809806,8.877675860822507,2.842170943040401e-14,1.3141600194458804e-16,0.0038601076553634052,10.08678239643614,0.0,6.696865284538944e-13,1.4210854715202004e-14
12,0.00625,0.09947112630715003,-0.20077720662601115,0.2999993874655902,242.0672854752988,-10.28847634980089,-30.28847634980088,8.877675860823718,0.0,0.0,0.003860107655363553,10.094502611746867,0.0,1.5081269566508126e-12,2.929642751054232e-14
13,0.0067708333333333336,0.09944332738851464,-0.20084798830432693,0.29999942061808155,242.25249986107792,-10.303888981503707,-30.303888981503697,8.877675860822507,-2.842170943040401e-14,-1.3141600194458804e-16,0.0038601076553634052,10.102222827057593,0.0,5.275779813018744e-13,0.0
14,0.007291666666666667,0.09941552846987924,-0.20091876998264271,0.2999994537705729,242.43771424685704,-10.319301613206521,-30.319301613206513,8.877675860821297,0.0,0.0,0.003860107655363307,10.10994304236832,0.0,-4.5297099404706387e-13,7.105427357601002e-15
15,0.0078125,0.09938772955124384,-0.2009895516609585,0.2999994869230643,242.62292863263616,-10.334714244909339,-30.33471424490933,8.877675860822507,2.842170943040401e-14,1.3141600194458804e-16,0.0038601076553634052,10.117663257679046,0.0,1.2949641359227826e-12,2.842170943040401e-14
16,0.008333333333333333,0.09935993063260844,-0.20106033333927428,0.29999952007555564,242.80814301841528,-10.350126876612158,-30.350126876612148,8.877675860823718,0.0,0.0,0.003860107655363553,10.125383472989773,0.0,1.2239098623467726e-12,2.842170943040401e-14
17,0.008854166666666666,0.09933213171397302,-0.20113111501759007,0.299999553228047,242.9933574041944,-10.36553950831498,-30.365539508314967,8.877675860824928,-2.842170943040401e-14,-1.3141600194462388e-16,0.0038601076553636034,10.1331036883005,0.0,-6.661338147750939e-13,7.105427357601002e-15
18,0.009375,0.09930433279533762,-0.20120189669590585,0.29999958638053836,243.17857178997352,-10.380952140017794,-30.380952140017783,8.877675860821297,2.842170943040401e-14,1.3141600194457014e-16,0.003860107655363307,10.140823903611224,0.0,1.7408297026122455e-13,2.842170943040401e-14
19,0.009895833333333333,0.09927653387670222,-0.20127267837422164,0.2999996195330297,243.36378617575264,-10.396364771720613,-30.396364771720602,8.877675860823718,0.0,0.0,0.003860107655363553,10.14854411892195,0.0,1.922018100231071e-12,2.929642751054232e-14
20,0.010416666666666666,0.09924873495806683,-0.20134346005253742,0.2999996526855211,243.54900056153176,-10.41177740342343,-30.411777403423418,8.877675860822507,0.0,0.0,0.0038601076553634052,10.156264334232677,0.0,3.197442310920451e-14,1.2058310082691391e-13
21,0.0109375,0.09922093603943143,-0.2014142417308532,0.29999968583801245,243.73421494731087,-10.427190035126248,-30.427190035126234,8.877675860822507,0.0,0.0,0.0038601076553634052,10.163984549543404,0.0,8.704148513061227e-13,2.842170943040401e-14
22,0.011458333333333333,0.09919313712079603,-0.201485023409169,0.2999997189905038,243.91942933309,-10.442602666829066,-30.44260266682905,8.877675860822507,2.842170943040401e-14,1.3141600194458804e-16,0.0038601076553634052,10.17170476485413,0.0,-1.1013412404281553e-13,7.105427357601002e-15
23,0.011979166666666666,0.09916533820216063,-0.20155580508748477,0.2999997521429952,244.1046437188691,-10.458015298531885,-30.45801529853187,8.877675860823718,0.0,0.0,0.003860107655363553,10.179424980164857,0.0,1.637801005927031e-12,2.842170943040401e-14
24,0.0125,0.09913753928352523,-0.20162658676580056,0.29999978529548654,244.28985810464823,-10.473427930234704,-30.47342793023469,8.877675860823718,-2.842170943040401e-14,-1.3141600194460598e-16,0.003860107655363553,10.187145195475583,0.0,-2.5224267119483557e-13,2.929642751054232e-14
25,0.013020833333333334,0.09910974036488983,-0.20169736844411634,0.2999998184479779,244.47507249042735,-10.488840561937518,-30.488840561937504,8.877675860821297,2.842170943040401e-14,1.3141600194457014e-16,0.003860107655363307,10.19486541078631,0.0,5.861977570020827e-13,5.684341886080802e-14
26,0.013541666666666667,0.09908194144625443,-0.20176815012243213,0.29999985160046927,244.66028687620647,-10.504253193640338,-30.504253193640324,8.877675860823718,0.0,0.0,0.003860107655363553,10.202585626097036,0.0,1.4246381851990009e-12,0.0
27,0.0140625,0.09905414252761903,-0.2018389318007479,0.29999988475296063,244.8455012619856,-10.519665825343155,-30.51966582534314,8.877675860822507,0.0,0.0,0.0038601076553634052,10.210305841407763,0.0,-4.654054919228656e-13,7.105427357601002e-15
28,0.014583333333333334,0.09902634360898363,-0.2019097134790637,0.299999917905452,245.0307156477647,-10.535078457045973,-30.535078457045955,8.877675860822507,0.0,0.0,0.0038601076553634052,10.21802605671849,0.0,3.730349362740526e-13,2.842170943040401e-14
29,0.015104166666666667,0.09899854469034823,-0.20198049515737948,0.29999995105794336,245.21593003354383,-10.55049108874879,-30.55049108874877,8.877675860822507,2.842170943040401e-14,1.3141600194458804e-16,0.0038601076553634052,10.225746272029216,0.0,1.2114753644709708e-12,2.929642751054232e-14
30,0.015625,0.09897074577171283,-0.20205127683569526,0.2999999842104347,245.40114441932295,-10.56590372045161,-30.56590372045159,8.877675860823718,-2.842170943040401e-14,-1.3141600194460598e-16,0.003860107655363553,10.233466487339943,0.0,2.3092638912203256e-13,1.4210854715202004e-14
31,0.01614583333333333,0.09894294685307743,-0.20212205851401105,0.3000000173629261,245.58635880510207,-10.581316352154428,-30.581316352154406,8.877675860822507,0.0,0.0,0.0038601076553634052,10.241186702650669,0.0,1.5987211554602254e-13,0.0
32,0.016666666666666666,0.09891514793444203,-0.20219284019232683,0.30000005051541745,245.77157319088118,-10.596728983857245,-30.596728983857222,8.877675860822507,2.842170943040401e-14,1.3141600194458804e-16,0.0038601076553634052,10.248906917961396,0.0,9.983125437429408e-13,7.105427357601002e-15
33,0.0171875,0.09888734901580663,-0.20226362187064262,0.3000000836679088,245.9567875766603,-10.612141615560065,-30.61214161556004,8.877675860823718,0.0,0.0,0.003860107655363553,10.256627133272122,0.0,1.836752971939859e-12,0.0
34,0.017708333333333333,0.09885955009717123,-0.2023344035489584,0.3000001168204002,246.14200196243942,-10.627554247262882,-30.627554247262857,8.877675860822507,-2.842170943040401e-14,-1.3141600194458804e-16,0.0038601076553634052,10.264347348582849,0.0,-9.627854069549358e-13,7.105427357601002e-15
35,0.018229166666666668,0.09883175117853583,-0.2024051852272742,0.30000014997289154,246.32721634821854,-10.642966878965696,-30.642966878965673,8.877675860821297,0.0,0.0,0.003860107655363307,10.272067563893575,0.0,7.851497230149107e-13,5.684341886080802e-14
36,0.01875,0.09880395225990043,-0.20247596690558997,0.3000001831253829,246.51243073399766,-10.658379510668514,-30.65837951066849,8.877675860822507,2.842170943040401e-14,1.3141600194458804e-16,0.0038601076553634052,10.279787779204302,0.0,1.623590151211829e-12,0.0
37,0.019270833333333334,0.09877615334126504,-0.20254674858390576,0.30000021627787427,246.69764511977678,-10.673792142371333,-30.67379214237131,8.877675860823718,0.0,0.0,0.003860107655363553,10.287507994515028,0.0,-2.6645352591003757e-13,7.105427357601002e-15
38,0.019791666666666666,0.09874835442262962,-0.20261753026222154,0.30000024943036563,246.8828595055559,-10.689204774074154,-30.689204774074128,8.877675860824928,-2.842170943040401e-14,-1.3141600194462388e-16,0.0038601076553636034,10.295228209825755,0.0,1.4814816040598089e-12,5.684341886080802e-14
39,0.0203125,0.09872055550399422,-0.20268831194053732,0.300000282582857,247.06807389133502,-10.704617405776968,-30.704617405776943,8.877675860821297,2.842170943040401e-14,1.3141600194457014e-16,0.003860107655363307,10.302948425136481,0.0,-4.085620730620576e-13,3.552713678800501e-14
40,0.020833333333333332,0.09869275658535882,-0.2027590936188531,0.30000031573534836,247.25328827711414,-10.720030037479788,-30.720030037479763,8.877675860823718,0.0,0.0,0.003860107655363553,10.310668640447208,0.0,1.3393730569077889e-12,2.842170943040401e-14
41,0.021354166666666667,0.09866495766672342,-0.2028298752971689,0.3000003488878397,247.43850266289326,-10.735442669182605,-30.73544266918258,8.877675860822507,0.0,0.0,0.0038601076553634052,10.318388855757934,0.0,1.2683187833317788e-12,3.1776437161565096e-14
42,0.021875,0.09863715874808802,-0.20290065697548468,0.3000003820403311,247.62371704867238,-10.750855300885423,-30.750855300885394,8.877675860822507,0.0,0.0,0.0038601076553634052,10.326109071068661,0.0,-6.217248937900877e-13,2.929642751054232e-14
43,0.022395833333333334,0.09860935982945263,-0.20297143865380046,0.30000041519282244,247.8089314344515,-10.76626793258824,-30.76626793258821,8.877675860822507,2.842170943040401e-14,1.3141600194458804e-16,0.0038601076553634052,10.333829286379387,0.0,2.1671553440683056e-13,0.0
44,0.022916666666666665,0.09858156091081723,-0.20304222033211625,0.3000004483453138,247.9941458202306,-10.78168056429106,-30.78168056429103,8.877675860823718,0.0,0.0,0.003860107655363553,10.341549501690114,0.0,1.4566126083082054e-13,2.1316282072803006e-14
45,0.0234375,0.09855376199218183,-0.20311300201043203,0.30000048149780517,248.17936020600973,-10.79709319599388,-30.79709319599385,8.877675860823718,-2.842170943040401e-14,-1.3141600194460598e-16,0.003860107655363553,10.34926971700084,0.0,1.893596390800667e-12,0.0
46,0.02395833333333333,0.09852596307354643,-0.20318378368874782,0.30000051465029653,248.36457459178885,-10.812505827696693,-30.812505827696665,8.877675860821297,2.842170943040401e-14,1.3141600194457014e-16,0.003860107655363307,10.356989932311567,0.0,3.552713678800501e-15,2.842170943040401e-14
47,0.024479166666666666,0.09849816415491103,-0.2032545653670636,0.3000005478027879,248.54978897756797,-10.827918459399513,-30.827918459399484,8.877675860823718,0.0,0.0,0.003860107655363553,10.364710147622294,0.0,1.751487843648647e-12,7.105427357601002e-15
48,0.025,0.09847036523627563,-0.20332534704537938,0.30000058095527926,248.7350033633471,-10.84333109110233,-30.8433310911023,8.877675860822507,0.0,0.0,0.0038601076553634052,10.37243036293302,0.0,-1.3855583347321954e-13,2.842170943040401e-14
49,0.025520833333333333,0.09844256631764023,-0.20339612872369517,0.3000006141077706,248.9202177491262,-10.858743722805148,-30.858743722805116,8.877675860822507,0.0,0.0,0.0038601076553634052,10.380150578243745,0.0,7.016609515630989e-13,2.1316282072803006e-14
50,0.026041666666666668,0.09841476739900483,-0.20346691040201095,0.300000647260262,249.10543213490533,-10.874156354507965,-30.87415635450793,8.877675860822507,2.842170943040401e-14,1.3141600194458804e-16,0.0038601076553634052,10.387870793554471,0.0,6.306066779870889e-13,0.0
51,0.0265625,0.09838696848036943,-0.20353769208032674,0.30000068041275335,249.29064652068445,-10.889568986210785,-30.88956898621075,8.877675860823718,-2.842170943040401e-14,-1.3141600194460598e-16,0.003860107655363553,10.395591008865198,0.0,1.4690471061840071e-12,3.1776437161565096e-14
52,0.027083333333333334,0.09835916956173403,-0.20360847375864252,0.3000007135652447,249.47586090646357,-10.904981617913602,-30.904981617913567,8.877675860822507,0.0,0.0,0.0038601076553634052,10.403311224175924,0.0,-1.3304912727107876e-12,2.929642751054232e-14
53,0.027604166666666666,0.09833137064309863,-0.2036792554369583,0.3000007467177361,249.66107529224269,-10.92039424961642,-30.920394249616383,8.877675860822507,2.842170943040401e-14,1.3141600194458804e-16,0.0038601076553634052,10.411031439486651,0.0,1.326938559031987e-12,0.0
54,0.028125,0.09830357172446323,-0.2037500371152741,0.30000077987022744,249.8462896780218,-10.93580688131924,-30.935806881319202,8.877675860823718,0.0,0.0,0.003860107655363553,10.418751654797378,0.0,3.4638958368304884e-13,7.105427357601002e-15
55,0.028645833333333332,0.09827577280582783,-0.20382081879358988,0.3000008130227188,250.03150406380092,-10.951219513022057,-30.951219513022018,8.877675860822507,-2.842170943040401e-14,-1.3141600194458804e-16,0.0038601076553634052,10.426471870108104,0.0,1.184830011879967e-12,2.842170943040401e-14
56,0.029166666666666667,0.09824797388719243,-0.20389160047190566,0.30000084617521017,250.21671844958004,-10.966632144724871,-30.966632144724834,8.877675860821297,0.0,0.0,0.003860107655363307,10.43419208541883,0.0,2.042810365310288e-13,1.4210854715202004e-14
57,0.0296875,0.09822017496855703,-0.20396238215022144,0.30000087932770153,250.40193283535916,-10.982044776427689,-30.98204477642765,8.877675860822507,2.842170943040401e-14,1.3141600194458804e-16,0.0038601076553634052,10.441912300729557,0.0,1.042721464727947e-12,1.139086659085919e-13
58,0.030208333333333334,0.09819237604992163,-0.20403316382853723,0.3000009124801929,250.58714722113828,-10.997457408130508,-30.99745740813047,8.877675860823718,0.0,0.0,0.003860107655363553,10.449632516040284,0.0,6.217248937900877e-14,2.842170943040401e-14
59,0.030729166666666665,0.09816457713128622,-0.204103945506853,0.30000094563268426,250.7723616069174,-11.012870039833329,-31.012870039833288,8.877675860824928,-2.842170943040401e-14,-1.3141600194462388e-16,0.0038601076553636034,10.45735273135101,0.0,-8.881784197001252e-15,3.552713678800501e-14
60,0.03125,0.09813677821265082,-0.2041747271851688,0.3000009787851756,250.95757599269652,-11.028282671536143,-31.028282671536104,8.877675860821297,2.842170943040401e-14,1.3141600194457014e-16,0.003860107655363307,10.465072946661737,0.0,1.7390533457728452e-12,0.0
61,0.03177083333333333,0.09810897929401542,-0.20424550886348458,0.300001011937667,251.14279037847564,-11.043695303238962,-31.043695303238923,8.877675860823718,0.0,0.0,0.003860107655363553,10.472793161972463,0.0,7.585043704239069e-13,3.1776437161565096e-14
62,0.03229166666666666,0.09808118037538002,-0.20431629054180037,0.30000104509015835,251.32800476425476,-11.05910793494178,-31.05910793494174,8.877675860822507,0.0,0.0,0.0038601076553634052,10.48051337728319,0.0,-2.220446049250313e-13,2.929642751054232e-14
63,0.0328125,0.09805338145674462,-0.20438707222011615,0.3000010782426497,251.51321915003388,-11.074520566644598,-31.074520566644555,8.877675860822507,0.0,0.0,0.0038601076553634052,10.488233592593916,0.0,1.5258905250448151e-12,0.0
64,0.03333333333333333,0.09802558253810922,-0.20445785389843193,0.3000011113951411,251.698433535813,-11.089933198347415,-31.08993319834737,8.877675860822507,2.842170943040401e-14,1.3141600194458804e-16,0.0038601076553634052,10.495953807904641,0.0,-3.623767952376511e-13,2.929642751054232e-14
65,0.033854166666666664,0.09799778361947382,-0.20452863557674772,0.30000114454763244,251.88364792159211,-11.105345830050235,-31.10534583005019,8.877675860823718,0.0,0.0,0.003860107655363553,10.503674023215368,0.0,1.3855583347321954e-12,0.0
66,0.034375,0.09796998470083843,-0.2045994172550635,0.3000011777001238,252.06886230737123,-11.120758461753054,-31.12075846175301,8.877675860823718,-2.842170943040401e-14,-1.3141600194460598e-16,0.003860107655363553,10.511394238526094,0.0,4.050093593832571e-13,0.0
67,0.034895833333333334,0.09794218578220303,-0.2046701989333793,0.30000121085261516,252.25407669315035,-11.136171093455868,-31.136171093455825,8.877675860821297,2.842170943040401e-14,1.3141600194457014e-16,0.003860107655363307,10.51911445383682,0.0,3.339550858072471e-13,2.929642751054232e-14
68,0.035416666666666666,0.09791438686356763,-0.20474098061169507,0.3000012440051065,252.43929107892947,-11.151583725158687,-31.151583725158645,8.877675860823718,0.0,0.0,0.003860107655363553,10.526834669147547,0.0,2.6290081223123707e-13,4.0194366942304644e-14
69,0.0359375,0.09788658794493223,-0.20481176229001086,0.3000012771575979,252.6245054647086,-11.166996356861505,-31.16699635686146,8.877675860822507,0.0,0.0,0.0038601076553634052,10.534554884458274,0.0,1.1013412404281553e-12,2.929642751054232e-14
70,0.036458333333333336,0.09785878902629683,-0.20488254396832664,0.30000131031008925,252.8097198504877,-11.182408988564323,-31.182408988564276,8.877675860822507,0.0,0.0,0.0038601076553634052,10.542275099769,0.0,1.2079226507921703e-13,0.0
71,0.03697916666666667,0.09783099010766143,-0.20495332564664243,0.3000013434625806,252.99493423626683,-11.19782162026714,-31.197821620267092,8.877675860822507,2.842170943040401e-14,1.3141600194458804e-16,0.0038601076553634052,10.549995315079727,0.0,9.592326932761353e-13,3.1776437161565096e-14
72,0.0375,0.09780319118902603,-0.2050241073249582,0.300001376615072,253.18014862204595,-11.21323425196996,-31.21323425196991,8.877675860823718,-2.842170943040401e-14,-1.3141600194460598e-16,0.003860107655363553,10.557715530390453,0.0,8.881784197001252e-13,7.105427357601002e-15
73,0.03802083333333333,0.09777539227039063,-0.205094889003274,0.30000140976756334,253.36536300782507,-11.228646883672777,-31.228646883672727,8.877675860822507,0.0,0.0,0.0038601076553634052,10.56543574570118,0.0,-9.237055564881302e-14,0.0
74,0.03854166666666667,0.09774759335175523,-0.20516567068158978,0.3000014429200547,253.5505773936042,-11.244059515375595,-31.244059515375543,8.877675860822507,2.842170943040401e-14,1.3141600194458804e-16,0.0038601076553634052,10.573155961011906,0.0,-1.6342482922482304e-13,2.929642751054232e-14
75,0.0390625,0.09771979443311983,-0.20523645235990556,0.30000147607254607,253.7357917793833,-11.259472147078414,-31.259472147078363,8.877675860823718,0.0,0.0,0.003860107655363553,10.580876176322633,0.0,6.750155989720952e-13,2.842170943040401e-14
76,0.03958333333333333,0.09769199551448443,-0.20530723403822135,0.30000150922503743,253.92100616516242,-11.274884778781232,-31.27488477878118,8.877675860822507,-2.842170943040401e-14,-1.3141600194458804e-16,0.0038601076553634052,10.58859639163336,0.0,2.4229507289419416e-12,0.0
77,0.04010416666666666,0.09766419659584903,-0.20537801571653713,0.3000015423775288,254.10622055094154,-11.290297410484046,-31.290297410483994,8.877675860821297,0.0,0.0,0.003860107655363307,10.596316606944086,0.0,-3.765876499528531e-13,2.929642751054232e-14
78,0.040625,0.09763639767721363,-0.20544879739485292,0.30000157553002016,254.29143493672066,-11.305710042186863,-31.30571004218681,8.877675860822507,2.842170943040401e-14,1.3141600194458804e-16,0.0038601076553634052,10.604036822254812,0.0,1.3713474800169934e-12,3.1776437161565096e-14
79,0.04114583333333333,0.09760859875857823,-0.2055195790731687,0.3000016086825115,254.47664932249978,-11.321122673889683,-31.32112267388963,8.877675860823718,0.0,0.0,0.003860107655363553,10.611757037565539,0.0,-1.4281908988778014e-12,2.929642751054232e-14
80,0.041666666666666664,0.09758079983994283,-0.20559036075148449,0.3000016418350029,254.6618637082789,-11.3365353055925,-31.336535305592445,8.877675860822507,5.684341886080802e-14,2.6283200388917607e-16,0.0038601076553634052,10.619477252876266,0.0,1.2292389328649733e-12,1.4210854715202004e-14
81,0.0421875,0.09755300092130742,-0.20566114242980027,0.30000167498749425,254.84707809405802,-11.351947937295321,-31.351947937295265,8.877675860824928,0.0,0.0,0.0038601076553636034,10.627197468186992,0.0,1.1581846592889633e-12,3.1776437161565096e-14
82,0.042708333333333334,0.09752520200267202,-0.20573192410811605,0.3000017081399856,255.03229247983714,-11.367360568998139,-31.36736056899808,8.877675860822507,-2.842170943040401e-14,-1.3141600194458804e-16,0.0038601076553634052,10.634917683497719,0.0,1.7763568394002505e-13,5.728578676879116e-14
83,0.043229166666666666,0.09749740308403662,-0.20580270578643184,0.300001741292477,255.21750686561626,-11.382773200700953,-31.382773200700896,8.877675860821297,5.684341886080802e-14,2.628320038891403e-16,0.003860107655363307,10.642637898808445,0.0,1.0160761121369433e-12,0.0
84,0.04375,0.09746960416540121,-0.20587348746474762,0.30000177444496834,255.40272125139538,-11.398185832403774,-31.398185832403716,8.877675860824928,0.0,0.0,0.0038601076553636034,10.650358114119172,0.0,9.450218385609332e-13,2.929642751054232e-14
85,0.044270833333333336,0.09744180524676581,-0.2059442691430634,0.3000018075974597,255.5879356371745,-11.413598464106592,-31.41359846410653,8.877675860822507,0.0,0.0,0.0038601076553634052,10.658078329429898,0.0,-9.450218385609332e-13,2.842170943040401e-14
86,0.04479166666666667,0.09741400632813041,-0.2060150508213792,0.30000184074995107,255.77315002295362,-11.42901109580941,-31.429011095809347,8.877675860822507,2.842170943040401e-14,1.3141600194458804e-16,0.0038601076553634052,10.665798544740625,0.0,1.7124079931818414e-12,0.0
87,0.0453125,0.09738620740949501,-0.20608583249969498,0.30000187390244243,255.95836440873273,-11.444423727512229,-31.444423727512167,8.877675860823718,0.0,0.0,0.003860107655363553,10.673518760051351,0.0,7.318590178329032e-13,2.1316282072803006e-14
88,0.04583333333333333,0.09735840849085961,-0.20615661417801076,0.3000019070549338,256.1435787945118,-11.459836359215046,-31.459836359214982,8.877675860822507,0.0,0.0,0.003860107655362352,10.681238975362074,0.0,-1.156408302449563e-12,2.929642751054232e-14
89,0.04635416666666667,0.09733060957222422,-0.20622739585632655,0.30000194020742516,256.3287931802909,-11.475248990917859,-31.475248990917795,8.877675860820085,2.842170943040401e-14,1.314160019445522e-16,0.003860107655362104,10.6889591906728,0.0,-1.227462576025573e-12,2.929642751054232e-14
90,0.046875,0.09730281065358883,-0.20629817753464233,0.3000019733599165,256.51400756607,-11.490661622620673,-31.49066162262061,8.877675860821297,2.842170943040401e-14,1.3141600194457014e-16,0.0038601076553622534,10.696679405983526,0.0,-3.872457909892546e-13,5.728578676879116e-14
91,0.04739583333333333,0.09727501173495343,-0.20636895921295811,0.3000020065124079,256.6992219518491,-11.506074254323487,-31.506074254323426,8.877675860821297,0.0,0.0,0.0038601076553622534,10.704399621294252,0.0,-1.3677947663381929e-12,3.1776437161565096e-14
92,0.04791666666666666,0.09724721281631803,-0.2064397408912739,0.30000203966489924,256.8844363376282,-11.521486886026304,-31.521486886026242,8.877675860822507,-2.842170943040401e-14,-1.3141600194458804e-16,0.003860107655362352,10.712119836604977,0.0,-1.4370726830748026e-12,2.929642751054232e-14
93,0.0484375,0.09721941389768263,-0.20651052256958968,0.3000020728173906,257.0696507234073,-11.536899517729118,-31.536899517729058,8.877675860821297,0.0,0.0,0.0038601076553622534,10.719840051915703,0.0,-5.986322548778844e-13,3.552713678800501e-14
94,0.04895833333333333,0.09719161497904723,-0.20658130424790547,0.30000210596988197,257.25486510918637,-11.552312149431936,-31.552312149431874,8.877675860822507,-2.842170943040401e-14,-1.3141600194458804e-16,0.003860107655362352,10.727560267226426,0.0,-6.661338147750939e-13,1.1740092732181256e-13
95,0.049479166666666664,0.09716381606041183,-0.20665208592622125,0.30000213912237333,257.44007949496546,-11.56772478113475,-31.56772478113469,8.877675860821297,0.0,0.0,0.0038601076553622534,10.735280482537153,0.0,-7.371880883511039e-13,2.929642751054232e-14
96,0.05,0.09713601714177643,-0.20672286760453704,0.3000021722748647,257.62529388074455,-11.583137412837567,-31.583137412837505,8.877675860822507,-2.842170943040401e-14,-1.3141600194458804e-16,0.003860107655362352,10.743000697847878,0.0,-1.715960706860642e-12,3.1776437161565096e-14
97,0.050520833333333334,0.09710821822314104,-0.20679364928285282,0.30000220542735606,257.81050826652364,-11.598550044540378,-31.598550044540318,8.877675860818876,2.842170943040401e-14,1.314160019445343e-16,0.003860107655362055,10.750720913158604,0.0,-1.787014980436652e-12,3.552713678800501e-14
98,0.051041666666666666,0.09708041930450564,-0.2068644309611686,0.3000022385798474,257.99572265230273,-11.613962676243192,-31.613962676243133,8.877675860821297,-2.842170943040401e-14,-1.3141600194457014e-16,0.0038601076553622534,10.758441128469329,0.0,8.72191208145523e-13,2.929642751054232e-14
99,0.0515625,0.09705262038587024,-0.2069352126394844,0.3000022717323388,258.1809370380818,-11.629375307946006,-31.62937530794595,8.877675860821297,0.0,0.0,0.0038601076553622534,10.766161343780055,0.0,-1.9273471707492718e-12,7.105427357601002e-15
100,0.052083333333333336,0.09702482146723485,-0.20700599431780017,0.30000230488483015,258.3661514238609,-11.644787939648824,-31.644787939648765,8.877675860822507,-2.842170943040401e-14,-1.3141600194458804e-16,0.003860107655362352,10.773881559090778,0.0,-1.758593271006248e-13,5.728578676879116e-14
101,0.05260416666666667,0.09699702254859945,-0.20707677599611596,0.3000023380373215,258.55136580964,-11.660200571351638,-31.66020057135158,8.877675860821297,0.0,0.0,0.0038601076553622534,10.781601774401505,0.0,-1.156408302449563e-12,1.4210854715202004e-14
102,0.053125,0.09696922362996405,-0.20714755767443174,0.3000023711898129,258.7365801954191,-11.675613203054455,-31.675613203054397,8.877675860822507,-2.842170943040401e-14,-1.3141600194458804e-16,0.003860107655362352,10.78932198971223,0.0,-2.135180920959101e-12,5.728578676879116e-14
103,0.05364583333333333,0.09694142471132866,-0.20721833935274753,0.30000240434230424,258.9217945811982,-11.691025834757266,-31.69102583475721,8.877675860818876,5.684341886080802e-14,2.628320038890686e-16,0.003860107655362055,10.797042205022954,0.0,-3.8546943414985435e-13,2.929642751054232e-14
104,0.05416666666666667,0.09691362579269326,-0.2072891210310633,0.3000024374947956,259.1070089669773,-11.706438466460083,-31.706438466460025,8.877675860822507,5.684341886080802e-14,2.6283200388917607e-16,0.003860107655362352,10.804762420333681,0.0,-1.3660184094987926e-12,2.929642751054232e-14
105,0.0546875,0.09688582687405786,-0.2073599027093791,0.30000247064728697,259.29222335275637,-11.721851098162901,-31.72185109816284,8.877675860822507,-2.842170943040401e-14,-1.3141600194458804e-16,0.003860107655362352,10.812482635644404,0.0,-5.240252676230739e-13,2.1316282072803006e-14
106,0.05520833333333333,0.09685802795542246,-0.20743068438769488,0.30000250379977833,259.47743773853546,-11.737263729865715,-31.737263729865656,8.877675860821297,0.0,0.0,0.0038601076553622534,10.82020285095513,0.0,-1.5045742429720121e-12,1.4210854715202004e-14
107,0.05572916666666666,0.09683022903678706,-0.20750146606601066,0.3000025369522697,259.66265212431455,-11.752676361568533,-31.752676361568472,8.877675860822507,-2.842170943040401e-14,-1.3141600194458804e-16,0.003860107655362352,10.827923066265855,0.0,-1.573852159708622e-12,3.552713678800501e-14
108,0.05625,0.09680243011815166,-0.20757224774432645,0.30000257010476106,259.84786651009364,-11.768088993271347,-31.768088993271288,8.877675860821297,0.0,0.0,0.0038601076553622534,10.835643281576582,0.0,-7.354117315117037e-13,2.929642751054232e-14
109,0.05677083333333333,0.09677463119951626,-0.20764302942264223,0.3000026032572524,260.03308089587273,-11.783501624974164,-31.783501624974104,8.877675860822507,-2.842170943040401e-14,-1.3141600194458804e-16,0.003860107655362352,10.843363496887306,0.0,-8.046896482483135e-13,2.929642751054232e-14
110,0.057291666666666664,0.09674683228088087,-0.20771381110095802,0.3000026364097438,260.2182952816518,-11.798914256676978,-31.79891425667692,8.877675860821297,0.0,0.0,0.0038601076553622534,10.851083712198033,0.0,-8.757439218243235e-13,7.105427357601002e-15
111,0.057812499999999996,0.09671903336224548,-0.2077845927792738,0.30000266956223515,260.4035096674309,-11.81432688837979,-31.814326888379732,8.877675860820085,0.0,0.0,0.003860107655362104,10.858803927508756,0.0,-1.8527401834944612e-12,3.1776437161565096e-14
112,0.058333333333333334,0.0966912344436101,-0.2078553744575896,0.3000027027147265,260.58872405321,-11.829739520082603,-31.829739520082544,8.877675860820085,0.0,0.0,0.003860107655362104,10.866524142819483,0.0,-1.014299755297543e-12,7.105427357601002e-15
113,0.058854166666666666,0.0966634355249747,-0.20792615613590537,0.3000027358672179,260.7739384389891,-11.84515215178542,-31.84515215178536,8.877675860822507,-2.842170943040401e-14,-1.3141600194458804e-16,0.003860107655362352,10.874244358130207,0.0,-1.7408297026122455e-13,7.105427357601002e-15
114,0.059375,0.0966356366063393,-0.20799693781422116,0.30000276901970924,260.9591528247682,-11.860564783488234,-31.860564783488176,8.877675860821297,0.0,0.0,0.0038601076553622534,10.881964573440934,0.0,-1.1546319456101628e-12,2.929642751054232e-14
115,0.059895833333333336,0.0966078376877039,-0.20806771949253694,0.3000028021722006,261.1443672105473,-11.875977415191052,-31.87597741519099,8.877675860822507,-2.842170943040401e-14,-1.3141600194458804e-16,0.003860107655362352,10.889684788751659,0.0,-3.1441516057384433e-13,2.929642751054232e-14
116,0.06041666666666667,0.0965800387690685,-0.20813850117085272,0.30000283532469196,261.32958159632636,-11.891390046893866,-31.891390046893807,8.877675860821297,0.0,0.0,0.0038601076553622534,10.897405004062385,0.0,-2.204458837695711e-12,3.1776437161565096e-14
117,0.0609375,0.0965522398504331,-0.2082092828491685,0.3000028684771833,261.51479598210545,-11.906802678596684,-31.906802678596623,8.877675860822507,-2.842170943040401e-14,-1.3141600194458804e-16,0.003860107655362352,10.905125219373108,0.0,-4.5297099404706387e-13,4.5496934130773415e-14
118,0.06145833333333333,0.09652444093179771,-0.2082800645274843,0.3000029016296747,261.70001036788454,-11.922215310299494,-31.922215310299435,8.877675860818876,5.684341886080802e-14,2.628320038890686e-16,0.003860107655362055,10.912845434683833,0.0,-1.4317436125566019e-12,7.105427357601002e-15
119,0.06197916666666667,0.09649664201316231,-0.20835084620580008,0.30000293478216605,261.88522475366364,-11.937627942002312,-31.93762794200225,8.877675860822507,-2.842170943040401e-14,-1.3141600194458804e-16,0.003860107655362352,10.92056564999456,0.0,-5.933031843596837e-13,2.929642751054232e-14
120,0.0625,0.09646884309452691,-0.20842162788411586,0.3000029679346574,262.0704391394427,-11.953040573705126,-31.953040573705067,8.877675860821297,0.0,0.0,0.0038601076553622534,10.928285865305284,0.0,-1.5720758028692217e-12,7.105427357601002e-15
121,0.06302083333333333,0.09644104417589151,-0.20849240956243165,0.3000030010871488,262.2556535252218,-11.968453205407943,-31.968453205407883,8.877675860822507,-2.842170943040401e-14,-1.3141600194458804e-16,0.003860107655362352,10.93600608061601,0.0,-7.336353746723034e-13,3.1776437161565096e-14
122,0.06354166666666666,0.09641324525725611,-0.20856319124074743,0.30000303423964014,262.4408679110009,-11.983865837110757,-31.9838658371107,8.877675860821297,0.0,0.0,0.0038601076553622534,10.943726295926734,0.0,-8.01136934569513e-13,2.929642751054232e-14
123,0.0640625,0.09638544633862071,-0.20863397291906322,0.3000030673921315,262.62608229678,-11.999278468813575,-31.999278468813515,8.877675860822507,-2.842170943040401e-14,-1.3141600194458804e-16,0.003860107655362352,10.95144651123746,0.0,-8.72191208145523e-13,7.105427357601002e-15
124,0.06458333333333333,0.09635764741998532,-0.208704754597379,0.30000310054462287,262.8112966825591,-12.014691100516389,-32.01469110051633,8.877675860821297,0.0,0.0,0.0038601076553622534,10.959166726548185,0.0,-1.850963826655061e-12,2.929642751054232e-14
125,0.06510416666666667,0.09632984850134993,-0.20877553627569478,0.30000313369711423,262.9965110683382,-12.030103732219201,-32.030103732219146,8.877675860820085,0.0,0.0,0.003860107655362203,10.966886941858911,0.0,-1.0125233984581428e-12,7.105427357601002e-15
126,0.065625,0.09630204958271454,-0.20884631795401057,0.3000031668496056,263.18172545411727,-12.045516363922014,-32.04551636392196,8.877675860820085,-2.842170943040401e-14,-1.314160019445522e-16,0.003860107655362203,10.974607157169636,0.0,-1.9912960169676808e-12,3.1776437161565096e-14
127,0.06614583333333333,0.09627425066407914,-0.20891709963232635,0.30000320000209696,263.36693983989636,-12.060928995624828,-32.06092899562478,8.877675860821297,0.0,0.0,0.0038601076553622534,10.982327372480363,0.0,-2.433608869978343e-13,7.105427357601002e-15
128,0.06666666666666667,0.09624645174544375,-0.20898788131064214,0.3000032331545883,263.55215422567545,-12.076341627327645,-32.076341627327594,8.877675860822507,-2.842170943040401e-14,-1.3141600194458804e-16,0.003860107655362352,10.990047587791086,0.0,5.986322548778844e-13,3.552713678800501e-14
129,0.0671875,0.09621865282680835,-0.20905866298895792,0.3000032663070797,263.73736861145454,-12.09175425903046,-32.09175425903041,8.877675860821297,0.0,0.0,0.0038601076553622534,10.997767803101812,0.0,-1.291411422243982e-12,7.105427357601002e-15
130,0.06770833333333333,0.09619085390817295,-0.2091294446672737,0.30000329945957105,263.92258299723363,-12.107166890733277,-32.107166890733225,8.877675860822507,-2.842170943040401e-14,-1.3141600194458804e-16,0.003860107655362352,11.005488018412537,0.0,-1.3606893389805919e-12,7.105427357601002e-15
131,0.06822916666666666,0.09616305498953755,-0.2092002263455895,0.3000033326120624,264.1077973830127,-12.12257952243609,-32.12257952243604,8.877675860821297,0.0,0.0,0.0038601076553622534,11.013208233723264,0.0,-2.34123831432953e-12,1.180442248897588e-13
132,0.06875,0.09613525607090216,-0.20927100802390528,0.3000033657645538,264.2930117687918,-12.137992154138903,-32.13799215413886,8.877675860820085,0.0,0.0,0.003860107655362203,11.020928449033988,0.0,-5.915268275202834e-13,7.105427357601002e-15
133,0.06927083333333334,0.09610745715226678,-0.20934178970222106,0.30000339891704514,264.4782261545709,-12.153404785841715,-32.15340478584167,8.877675860820085,-2.842170943040401e-14,-1.314160019445522e-16,0.003860107655362203,11.028648664344711,0.0,-6.590283874174929e-13,7.105427357601002e-15
134,0.06979166666666667,0.09607965823363138,-0.20941257138053684,0.3000034320695365,264.66344054035,-12.16881741754453,-32.16881741754449,8.877675860821297,0.0,0.0,0.0038601076553622534,11.036368879655438,0.0,-1.6395773627664312e-12,2.929642751054232e-14
135,0.0703125,0.09605185931499598,-0.20948335305885263,0.30000346522202787,264.8486549261291,-12.184230049247347,-32.184230049247304,8.877675860822507,-2.842170943040401e-14,-1.3141600194458804e-16,0.003860107655362352,11.044089094966163,0.0,1.1013412404281553e-13,7.105427357601002e-15
136,0.07083333333333333,0.09602406039636058,-0.2095541347371684,0.30000349837451923,265.0338693119082,-12.199642680950161,-32.19964268095012,8.877675860821297,0.0,0.0,0.0038601076553622534,11.051809310276889,0.0,-2.6894042548519792e-12,5.859285502108464e-14
137,0.07135416666666666,0.09599626147772518,-0.2096249164154842,0.3000035315270106,265.21908369768727,-12.215055312652979,-32.215055312652936,8.877675860822507,-2.842170943040401e-14,-1.3141600194458804e-16,0.003860107655362352,11.059529525587614,0.0,-3.019806626980426e-14,2.929642751054232e-14
138,0.071875,0.09596846255908978,-0.20969569809379998,0.30000356467950196,265.40429808346636,-12.230467944355793,-32.23046794435575,8.877675860821297,0.0,0.0,0.0038601076553622534,11.06724974089834,0.0,-1.0107470416187425e-12,3.552713678800501e-14
139,0.07239583333333333,0.0959406636404544,-0.20976647977211577,0.3000035978319933,265.58951246924545,-12.245880576058605,-32.24588057605857,8.877675860820085,0.0,0.0,0.003860107655362203,11.074969956209063,0.0,-1.9877433032888803e-12,7.105427357601002e-15
140,0.07291666666666667,0.09591286472181901,-0.20983726145043155,0.3000036309844847,265.77472685502454,-12.261293207761417,-32.26129320776138,8.877675860820085,-2.842170943040401e-14,-1.314160019445522e-16,0.003860107655362203,11.08269017151979,0.0,6.696865284538944e-13,2.929642751054232e-14
141,0.0734375,0.09588506580318361,-0.20990804312874733,0.30000366413697604,265.95994124080363,-12.276705839464231,-32.2767058394642,8.877675860821297,-2.842170943040401e-14,-1.3141600194457014e-16,0.0038601076553622534,11.090410386830515,0.0,-2.1280754936015e-12,4.0194366942304644e-14
142,0.07395833333333333,0.09585726688454821,-0.20997882480706312,0.3000036972894674,266.1451556265827,-12.292118471167045,-32.292118471167015,8.877675860821297,0.0,0.0,0.0038601076553622534,11.098130602141241,0.0,-1.2896350654045818e-12,2.929642751054232e-14
143,0.07447916666666667,0.09582946796591281,-0.2100496064853789,0.30000373044195877,266.3303700123618,-12.307531102869863,-32.30753110286983,8.877675860822507,-2.842170943040401e-14,-1.3141600194458804e-16,0.003860107655362352,11.105850817451966,0.0,-4.4941828036826337e-13,2.929642751054232e-14
144,0.075,0.09580166904727741,-0.2101203881636947,0.30000376359445013,266.5155843981409,-12.322943734572677,-32.32294373457265,8.877675860821297,0.0,0.0,0.0038601076553622534,11.113571032762692,0.0,-1.4299672557172016e-12,7.105427357601002e-15
145,0.07552083333333333,0.09577387012864201,-0.21019116984201047,0.3000037967469415,266.70079878392,-12.338356366275494,-32.33835636627546,8.877675860822507,-2.842170943040401e-14,-1.3141600194458804e-16,0.003860107655362352,11.121291248073415,0.0,-5.879741138414829e-13,2.929642751054232e-14
146,0.07604166666666666,0.09574607121000663,-0.21026195152032626,0.30000382989943286,266.8860131696991,-12.353768997978305,-32.35376899797827,8.877675860818876,5.684341886080802e-14,2.628320038890686e-16,0.0038601076553619568,11.129011463384142,0.0,-1.5685230891904212e-12,3.1776437161565096e-14
147,0.0765625,0.09571827229137123,-0.21033273319864204,0.3000038630519242,267.0712275554782,-12.369181629681123,-32.36918162968109,8.877675860822507,0.0,0.0,0.003860107655362352,11.136731678694867,0.0,-2.547295707699959e-12,7.105427357601002e-15
148,0.07708333333333334,0.09569047337273583,-0.21040351487695783,0.3000038962044156,267.25644194125726,-12.38459426138394,-32.3845942613839,8.877675860822507,0.0,0.0,0.003860107655362352,11.144451894005591,0.0,1.1191048088221578e-13,2.1316282072803006e-14
149,0.07760416666666667,0.09566267445410043,-0.2104742965552736,0.30000392935690695,267.44165632703636,-12.400006893086758,-32.40000689308672,8.877675860822507,-2.842170943040401e-14,-1.3141600194458804e-16,0.003860107655362352,11.152172109316318,0.0,-8.686384944667225e-13,5.728578676879116e-14
150,0.078125,0.09563487553546503,-0.2105450782335894,0.3000039625093983,267.62687071281545,-12.415419524789572,-32.415419524789534,8.877675860821297,0.0,0.0,0.0038601076553622534,11.159892324627041,0.0,-2.6645352591003757e-14,7.105427357601002e-15
151,0.07864583333333333,0.09560707661682963,-0.21061585991190518,0.3000039956618897,267.81208509859454,-12.43083215649239,-32.43083215649235,8.877675860822507,-2.842170943040401e-14,-1.3141600194458804e-16,0.003860107655362352,11.167612539937767,0.0,-2.8261837314857985e-12,1.4210854715202004e-14
152,0.07916666666666666,0.09557927769819423,-0.21068664159022096,0.30000402881438104,267.9972994843736,-12.446244788195203,-32.446244788195166,8.877675860821297,0.0,0.0,0.0038601076553622534,11.175332755248492,0.0,-1.6697754290362354e-13,5.728578676879116e-14
153,0.0796875,0.09555147877955884,-0.21075742326853675,0.3000040619668724,268.1825138701527,-12.461657419898016,-32.46165741989798,8.877675860820085,0.0,0.0,0.003860107655362203,11.183052970559219,0.0,6.714628852932947e-13,7.105427357601002e-15
154,0.08020833333333333,0.09552367986092346,-0.21082820494685253,0.30000409511936377,268.3677282559318,-12.477070051600828,-32.4770700516008,8.877675860820085,-2.842170943040401e-14,-1.314160019445522e-16,0.003860107655362203,11.190773185869944,0.0,-2.1262991367621e-12,3.552713678800501e-14
155,0.08072916666666667,0.09549588094228806,-0.21089898662516832,0.30000412827185513,268.5529426417109,-12.492482683303642,-32.492482683303614,8.877675860821297,0.0,0.0,0.0038601076553622534,11.19849340118067,0.0,-1.2878587085651816e-12,7.105427357601002e-15
156,0.08125,0.09546808202365266,-0.2109697683034841,0.3000041614243465,268.73815702749,-12.50789531500646,-32.50789531500643,8.877675860822507,-2.842170943040401e-14,-1.3141600194458804e-16,0.003860107655362352,11.206213616491393,0.0,-2.2648549702353193e-12,3.1776437161565096e-14
157,0.08177083333333333,0.09544028310501726,-0.21104054998179989,0.30000419457683786,268.9233714132691,-12.523307946709274,-32.523307946709245,8.877675860821297,0.0,0.0,0.0038601076553622534,11.21393383180212,0.0,3.9257486150745535e-13,2.929642751054232e-14
158,0.08229166666666667,0.09541248418638186,-0.21111133166011567,0.3000042277293292,269.10858579904817,-12.538720578412091,-32.53872057841206,8.877675860822507,-2.842170943040401e-14,-1.3141600194458804e-16,0.003860107655362352,11.221654047112844,0.0,-5.861977570020827e-13,7.105427357601002e-15
159,0.0828125,0.09538468526774646,-0.21118211333843145,0.3000042608818206,269.29380018482726,-12.554133210114905,-32.55413321011488,8.877675860821297,0.0,0.0,0.0038601076553622534,11.22937426242357,0.0,-1.566746732351021e-12,2.929642751054232e-14
160,0.08333333333333333,0.09535688634911108,-0.21125289501674724,0.30000429403431195,269.47901457060635,-12.569545841817718,-32.56954584181769,8.877675860820085,0.0,0.0,0.003860107655362203,11.237094477734296,0.0,-7.265299473147024e-13,7.105427357601002e-15
161,0.08385416666666666,0.09532908743047569,-0.21132367669506302,0.3000043271868033,269.66422895638544,-12.58495847352053,-32.58495847352051,8.877675860820085,-2.842170943040401e-14,-1.314160019445522e-16,0.003860107655362203,11.244814693045022,0.0,-1.7070789226636407e-12,1.4210854715202004e-14
162,0.084375,0.09530128851184029,-0.2113944583733788,0.3000043603392947,269.84944334216453,-12.600371105223344,-32.600371105223324,8.877675860821297,0.0,0.0,0.0038601076553622534,11.252534908355745,0.0,-8.65085780787922e-13,2.929642751054232e-14
163,0.08489583333333334,0.09527348959320489,-0.2114652400516946,0.30000439349178604,270.0346577279436,-12.615783736926161,-32.61578373692614,8.877675860822507,-2.842170943040401e-14,-1.3141600194458804e-16,0.003860107655362352,11.260255123666472,0.0,-1.8456347561368602e-12,2.929642751054232e-14
164,0.08541666666666667,0.09524569067456949,-0.21153602173001038,0.3000044266442774,270.2198721137227,-12.631196368628975,-32.631196368628956,8.877675860821297,0.0,0.0,0.0038601076553622534,11.267975338977196,0.0,-1.0054179711005418e-12,2.929642751054232e-14
165,0.0859375,0.09521789175593409,-0.21160680340832616,0.30000445979676876,270.4050864995018,-12.646609000331793,-32.64660900033177,8.877675860822507,-2.842170943040401e-14,-1.3141600194458804e-16,0.003860107655362352,11.275695554287921,0.0,-1.652011860642233e-13,2.929642751054232e-14
166,0.08645833333333333,0.09519009283729869,-0.21167758508664195,0.3000044929492601,270.5903008852809,-12.662021632034607,-32.66202163203459,8.877675860821297,0.0,0.0,0.0038601076553622534,11.283415769598648,0.0,-2.964739564959018e-12,4.0194366942304644e-14
167,0.08697916666666666,0.09516229391866331,-0.21174836676495773,0.3000045261017515,270.77551527106,-12.67743426373742,-32.6774342637374,8.877675860820085,0.0,0.0,0.003860107655362203,11.29113598490937,0.0,-3.0375701953744283e-13,7.105427357601002e-15
168,0.0875,0.09513449500002792,-0.21181914844327351,0.30000455925424285,270.9607296568391,-12.692846895440232,-32.69284689544022,8.877675860820085,-2.842170943040401e-14,-1.314160019445522e-16,0.003860107655362203,11.298856200220097,0.0,5.346834086594754e-13,1.139086659085919e-13
169,0.08802083333333333,0.09510669608139252,-0.2118899301215893,0.3000045924067342,271.14594404261817,-12.708259527143046,-32.708259527143035,8.877675860821297,-2.842170943040401e-14,-1.3141600194457014e-16,0.0038601076553622534,11.306576415530822,0.0,-2.263078613395919e-12,2.1316282072803006e-14
170,0.08854166666666667,0.09507889716275712,-0.21196071179990508,0.3000046255592256,271.33115842839726,-12.72367215884586,-32.72367215884585,8.877675860821297,0.0,0.0,0.0038601076553622534,11.314296630841548,0.0,-1.4246381851990009e-12,2.929642751054232e-14
171,0.0890625,0.09505109824412172,-0.21203149347822087,0.30000465871171694,271.51637281417635,-12.739084790548677,-32.73908479054867,8.877675860822507,-2.842170943040401e-14,-1.3141600194458804e-16,0.003860107655362352,11.322016846152273,0.0,-5.844214001626824e-13,3.1776437161565096e-14
172,0.08958333333333333,0.09502329932548632,-0.21210227515653665,0.3000046918642083,271.70158719995544,-12.754497422251491,-32.75449742225148,8.877675860821297,0.0,0.0,0.0038601076553622534,11.329737061463,0.0,-1.5649703755116207e-12,2.929642751054232e-14
173,0.09010416666666667,0.09499550040685092,-0.21217305683485244,0.30000472501669967,271.88680158573453,-12.769910053954309,-32.7699100539543,8.877675860822507,-2.842170943040401e-14,-1.3141600194458804e-16,0.003860107655362352,11.337457276773723,0.0,-7.229772336359019e-13,7.105427357601002e-15
174,0.090625,0.09496770148821554,-0.21224383851316822,0.30000475816919103,272.0720159715136,-12.78532268565712,-32.78532268565711,8.877675860818876,2.842170943040401e-14,1.314160019445343e-16,0.0038601076553619568,11.34517749208445,0.0,-1.7035262089848402e-12,2.929642751054232e-14
175,0.09114583333333333,0.09493990256958014,-0.212314620191484,0.3000047913216824,272.2572303572927,-12.800735317359933,-32.80073531735992,8.877675860821297,0.0,0.0,0.0038601076553622534,11.352897707395174,0.0,-8.633094239485217e-13,2.929642751054232e-14
176,0.09166666666666666,0.09491210365094474,-0.2123854018697998,0.30000482447417376,272.4424447430718,-12.816147949062751,-32.81614794906274,8.877675860822507,-2.842170943040401e-14,-1.3141600194458804e-16,0.003860107655362352,11.3606179227059,0.0,-1.84385839929746e-12,1.4210854715202004e-14
177,0.0921875,0.09488430473230934,-0.21245618354811557,0.3000048576266651,272.6276591288509,-12.831560580765565,-32.831560580765554,8.877675860821297,0.0,0.0,0.0038601076553622534,11.368338138016625,0.0,-1.0036416142611415e-12,2.929642751054232e-14
178,0.09270833333333334,0.09485650581367394,-0.21252696522643136,0.3000048907791565,272.81287351463,-12.846973212468383,-32.84697321246837,8.877675860822507,-2.842170943040401e-14,-1.3141600194458804e-16,0.003860107655362352,11.376058353327352,0.0,-1.652011860642233e-13,7.105427357601002e-15
179,0.09322916666666667,0.09482870689503854,-0.21259774690474714,0.30000492393164785,272.9980879004091,-12.862385844171197,-32.862385844171186,8.877675860821297,0.0,0.0,0.0038601076553622534,11.383778568638075,0.0,-1.142197447734361e-12,2.1316282072803006e-14
180,0.09375,0.09480090797640314,-0.21266852858306293,0.3000049570841392,273.18330228618817,-12.877798475874014,-32.877798475874,8.877675860822507,-2.842170943040401e-14,-1.3141600194458804e-16,0.003860107655362352,11.3914987839488,0.0,-3.019806626980426e-13,2.929642751054232e-14
181,0.09427083333333333,0.09477310905776776,-0.2127393102613787,0.3000049902366306,273.36851667196726,-12.893211107576825,-32.89321110757681,8.877675860818876,5.684341886080802e-14,2.628320038890686e-16,0.0038601076553619568,11.399218999259526,0.0,-1.2825296380469808e-12,1.4210854715202004e-14
182,0.09479166666666666,0.09474531013913236,-0.2128100919396945,0.30000502338912194,273.55373105774635,-12.908623739279642,-32.908623739279626,8.877675860822507,2.842170943040401e-14,1.3141600194458804e-16,0.003860107655362352,11.40693921457025,0.0,-2.261302256556519e-12,5.728578676879116e-14
183,0.0953125,0.09471751122049696,-0.21288087361801028,0.3000050565416133,273.73894544352544,-12.924036370982456,-32.92403637098244,8.877675860821297,0.0,0.0,0.0038601076553622534,11.414659429880977,0.0,3.9612757518625585e-13,7.105427357601002e-15
184,0.09583333333333333,0.09468971230186156,-0.21295165529632606,0.30000508969410467,273.92415982930453,-12.939449002685274,-32.93944900268526,8.877675860822507,-2.842170943040401e-14,-1.3141600194458804e-16,0.003860107655362352,11.4223796451917,0.0,-2.3998580900297384e-12,7.105427357601002e-15
185,0.09635416666666667,0.09466191338322616,-0.21302243697464185,0.30000512284659603,274.1093742150836,-12.954861634388088,-32.954861634388074,8.877675860821297,0.0,0.0,0.0038601076553622534,11.430099860502427,0.0,2.575717417130363e-13,5.728578676879116e-14
186,0.096875,0.09463411446459076,-0.21309321865295763,0.3000051559990874,274.2945886008627,-12.970274266090906,-32.97027426609089,8.877675860822507,-2.842170943040401e-14,-1.3141600194458804e-16,0.003860107655362352,11.437820075813152,0.0,-2.540190280342358e-12,1.4210854715202004e-14
187,0.09739583333333333,0.09460631554595536,-0.21316400033127342,0.30000518915157875,274.4798029866418,-12.98568689779372,-32.985686897793705,8.877675860821297,0.0,0.0,0.0038601076553622534,11.445540291123878,0.0,1.1723955140041653e-13,7.105427357601002e-15
188,0.09791666666666667,0.09457851662731998,-0.2132347820095892,0.3000052223040701,274.6650173724209,-13.001099529496532,-33.00109952949652,8.877675860820085,0.0,0.0,0.003860107655362203,11.453260506434603,0.0,-8.615330671091215e-13,2.929642751054232e-14
189,0.0984375,0.09455071770868459,-0.213305563687905,0.3000052554565615,274.8502317582,-13.016512161199344,-33.01651216119934,8.877675860820085,-2.842170943040401e-14,-1.314160019445522e-16,0.003860107655362203,11.46098072174533,0.0,-1.8420820424580597e-12,7.105427357601002e-15
190,0.09895833333333333,0.09452291879004919,-0.21337634536622077,0.30000528860905284,275.0354461439791,-13.031924792902158,-33.03192479290215,8.877675860821297,0.0,0.0,0.0038601076553622534,11.468700937056052,0.0,-1.000088900582341e-12,4.5496934130773415e-14
191,0.09947916666666666,0.09449511987141379,-0.21344712704453656,0.3000053217615442,275.22066052975816,-13.047337424604976,-33.04733742460497,8.877675860822507,-2.842170943040401e-14,-1.3141600194458804e-16,0.003860107655362352,11.476421152366779,0.0,-1.9806378759312793e-12,3.1776437161565096e-14
192,0.1,0.09446732095277839,-0.21351790872285234,0.30000535491403557,275.40587491553725,-13.06275005630779,-33.062750056307785,8.877675860821297,0.0,0.0,0.0038601076553622534,11.484141367677504,0.0,-1.1404210908949608e-12,2.929642751054232e-14
193,0.10052083333333334,0.09443952203414299,-0.21358869040116812,0.30000538806652693,275.59108930131634,-13.078162688010607,-33.0781626880106,8.877675860822507,-2.842170943040401e-14,-1.3141600194458804e-16,0.003860107655362352,11.49186158298823,0.0,-3.019806626980426e-13,7.105427357601002e-15
194,0.10104166666666667,0.09441172311550759,-0.2136594720794839,0.3000054212190183,275.77630368709544,-13.093575319713421,-33.093575319713416,8.877675860821297,0.0,0.0,0.0038601076553622534,11.499581798298955,0.0,-1.2807532812075806e-12,2.929642751054232e-14
195,0.1015625,0.09438392419687221,-0.2137302537577997,0.30000545437150966,275.9615180728745,-13.108987951416234,-33.10898795141623,8.877675860820085,0.0,0.0,0.003860107655362203,11.507302013609678,0.0,-4.3876013933186186e-13,2.929642751054232e-14
196,0.10208333333333333,0.09435612527823682,-0.21380103543611548,0.300005487524001,276.1467324586536,-13.124400583119046,-33.12440058311905,8.877675860820085,2.842170943040401e-14,1.314160019445522e-16,0.003860107655362203,11.515022228920405,0.0,-3.2382985182266566e-12,1.4210854715202004e-14
197,0.10260416666666666,0.09432832635960142,-0.21387181711443126,0.3000055206764924,276.3319468444327,-13.13981321482186,-33.139813214821864,8.877675860821297,-2.842170943040401e-14,-1.3141600194457014e-16,0.0038601076553622534,11.52274244423113,0.0,1.2398970739013748e-12,7.105427357601002e-15
198,0.103125,0.09430052744096602,-0.21394259879274705,0.30000555382898375,276.5171612302118,-13.155225846524674,-33.15522584652468,8.877675860821297,0.0,0.0,0.0038601076553622534,11.530462659541856,0.0,2.5934809855243657e-13,2.929642751054232e-14
199,0.10364583333333333,0.09427272852233062,-0.21401338047106283,0.3000055869814751,276.7023756159909,-13.170638478227492,-33.170638478227495,8.877675860822507,-2.842170943040401e-14,-1.3141600194458804e-16,0.003860107655362352,11.53818287485258,0.0,-2.538413923502958e-12,2.929642751054232e-14
200,0.10416666666666667,0.09424492960369522,-0.21408416214937862,0.3000056201339665,276.88759000177,-13.186051109930306,-33.18605110993031,8.877675860821297,0.0,0.0,0.0038601076553622534,11.545903090163307,0.0,1.1901590823981678e-13,2.1316282072803006e-14
201,0.1046875,0.09421713068505982,-0.2141549438276944,0.30000565328645784,277.07280438754907,-13.201463741633123,-33.20146374163313,8.877675860822507,-2.842170943040401e-14,-1.3141600194458804e-16,0.003860107655362352,11.55362330547403,0.0,-2.6769697569761775e-12,3.1776437161565096e-14
202,0.10520833333333333,0.09418933176642444,-0.21422572550601018,0.3000056864389492,277.25801877332816,-13.216876373335934,-33.216876373335936,8.877675860818876,5.684341886080802e-14,2.628320038890686e-16,0.0038601076553619568,11.561343520784757,0.0,-1.9539925233402755e-14,3.552713678800501e-14
203,0.10572916666666667,0.09416153284778904,-0.21429650718432597,0.30000571959144057,277.44323315910725,-13.232289005038751,-33.23228900503875,8.877675860822507,5.684341886080802e-14,2.6283200388917607e-16,0.003860107655362352,11.569063736095481,0.0,-9.983125437429408e-13,5.728578676879116e-14
204,0.10625,0.09413373392915364,-0.21436728886264175,0.30000575274393193,277.62844754488634,-13.247701636741569,-33.24770163674157,8.877675860822507,0.0,0.0,0.003860107655362352,11.576783951406208,0.0,-1.978861519091879e-12,7.105427357601002e-15
205,0.10677083333333333,0.09410593501051824,-0.21443807054095754,0.3000057858964233,277.81366193066543,-13.263114268444387,-33.26311426844438,8.877675860822507,-2.842170943040401e-14,-1.3141600194458804e-16,0.003860107655362352,11.584504166716933,0.0,-1.1386447340555605e-12,1.139086659085919e-13
206,0.10729166666666666,0.09407813609188284,-0.21450885221927332,0.30000581904891466,277.9988763164445,-13.2785269001472,-33.2785269001472,8.877675860821297,0.0,0.0,0.0038601076553622534,11.59222438202766,0.0,-2.119193709404499e-12,5.859285502108464e-14
207,0.10781249999999999,0.09405033717324744,-0.2145796338975891,0.300005852201406,278.1840907022236,-13.293939531850018,-33.293939531850015,8.877675860822507,-2.842170943040401e-14,-1.3141600194458804e-16,0.003860107655362352,11.599944597338382,0.0,5.417888360170764e-13,2.929642751054232e-14
208,0.10833333333333334,0.09402253825461204,-0.2146504155759049,0.3000058853538974,278.3693050880027,-13.309352163552832,-33.30935216355283,8.877675860821297,0.0,0.0,0.0038601076553622534,11.607664812649109,0.0,-2.2577495428777183e-12,2.929642751054232e-14
209,0.10885416666666667,0.09399473933597666,-0.21472119725422067,0.30000591850638875,278.5545194737818,-13.324764795255645,-33.324764795255646,8.877675860820085,0.0,0.0,0.003860107655362203,11.615385027959833,0.0,4.014566457044566e-13,7.105427357601002e-15
210,0.109375,0.09396694041734127,-0.21479197893253646,0.3000059516588801,278.7397338595609,-13.340177426958457,-33.34017742695846,8.877675860820085,2.842170943040401e-14,1.314160019445522e-16,0.003860107655362203,11.623105243270558,0.0,-2.396305376350938e-12,2.929642751054232e-14
211,0.10989583333333333,0.09393914149870587,-0.21486276061085224,0.3000059848113715,278.92494824534,-13.35559005866127,-33.35559005866128,8.877675860821297,0.0,0.0,0.0038601076553622534,11.630825458581285,0.0,-1.5578649481540197e-12,2.842170943040401e-14
212,0.11041666666666666,0.09391134258007047,-0.21493354228916803,0.30000601796386284,279.11016263111907,-13.371002690364088,-33.371002690364094,8.877675860822507,-2.842170943040401e-14,-1.3141600194458804e-16,0.003860107655362352,11.638545673892008,0.0,-7.158718062783009e-13,2.929642751054232e-14
213,0.1109375,0.09388354366143507,-0.2150043239674838,0.3000060511163542,279.29537701689816,-13.386415322066902,-33.38641532206691,8.877675860821297,0.0,0.0,0.0038601076553622534,11.646265889202734,0.0,1.2256862191861728e-13,2.929642751054232e-14
214,0.11145833333333333,0.09385574474279967,-0.2150751056457996,0.30000608426884556,279.48059140267725,-13.40182795376972,-33.401827953769725,8.877675860822507,-2.842170943040401e-14,-1.3141600194458804e-16,0.003860107655362352,11.653986104513459,0.0,-8.562039965909207e-13,7.105427357601002e-15
215,0.11197916666666667,0.09382794582416427,-0.21514588732411538,0.3000061174213369,279.66580578845634,-13.417240585472534,-33.41724058547254,8.877675860821297,0.0,0.0,0.0038601076553622534,11.661706319824185,0.0,-1.836752971939859e-12,2.1316282072803006e-14
216,0.1125,0.09380014690552889,-0.21521666900243117,0.3000061505738283,279.85102017423543,-13.432653217175346,-33.43265321717536,8.877675860820085,0.0,0.0,0.003860107655362203,11.66942653513491,0.0,-2.815525590449397e-12,1.4210854715202004e-14
217,0.11302083333333333,0.0937723479868935,-0.21528745068074695,0.30000618372631965,280.0362345600145,-13.448065848878159,-33.44806584887817,8.877675860820085,2.842170943040401e-14,1.314160019445522e-16,0.003860107655362203,11.677146750445637,0.0,1.6608936448392342e-12,2.929642751054232e-14
218,0.11354166666666667,0.0937445490682581,-0.21535823235906273,0.300006216878811,280.2214489457936,-13.463478480580973,-33.46347848058099,8.877675860821297,0.0,0.0,0.0038601076553622534,11.68486696575636,0.0,-2.9540814239226165e-12,7.105427357601002e-15
219,0.1140625,0.0937167501496227,-0.21542901403737852,0.3000062500313024,280.4066633315727,-13.47889111228379,-33.478891112283804,8.877675860822507,-2.842170943040401e-14,-1.3141600194458804e-16,0.003860107655362352,11.692587181067086,0.0,-2.9665159217984183e-13,7.105427357601002e-15
220,0.11458333333333333,0.0936889512309873,-0.2154997957156943,0.30000628318379374,280.5918777173518,-13.494303743986604,-33.49430374398662,8.877675860821297,0.0,0.0,0.0038601076553622534,11.700307396377811,0.0,-1.2754242106893798e-12,5.728578676879116e-14
221,0.11510416666666666,0.0936611523123519,-0.2155705773940101,0.3000063163362851,280.7770921031309,-13.509716375689422,-33.509716375689436,8.877675860822507,-2.842170943040401e-14,-1.3141600194458804e-16,0.003860107655362352,11.708027611688538,0.0,-4.369837824924616e-13,2.842170943040401e-14
222,0.11562499999999999,0.0936333533937165,-0.21564135907232587,0.30000634948877647,280.96230648891,-13.525129007392236,-33.52512900739225,8.877675860821297,0.0,0.0,0.0038601076553622534,11.715747826999262,0.0,-1.4157564010019996e-12,7.105427357601002e-15
223,0.11614583333333334,0.09360555447508112,-0.21571214075064166,0.30000638264126783,281.14752087468906,-13.540541639095048,-33.54054163909507,8.877675860820085,0.0,0.0,0.003860107655362203,11.723468042309989,0.0,-5.773159728050814e-13,2.929642751054232e-14
224,0.11666666666666667,0.09357775555644574,-0.21578292242895744,0.3000064157937592,281.33273526046816,-13.55595427079786,-33.55595427079788,8.877675860820085,2.842170943040401e-14,1.314160019445522e-16,0.003860107655362203,11.731188257620712,0.0,-1.5543122344752192e-12,7.105427357601002e-15
225,0.1171875,0.09354995663781034,-0.21585370410727323,0.30000644894625056,281.51794964624725,-13.571366902500674,-33.5713669025007,8.877675860821297,-2.842170943040401e-14,-1.3141600194457014e-16,0.0038601076553622534,11.738908472931437,0.0,-2.533084852984757e-12,7.105427357601002e-15
226,0.11770833333333333,0.09352215771917494,-0.215924485785589,0.3000064820987419,281.70316403202634,-13.586779534203488,-33.586779534203515,8.877675860821297,0.0,0.0,0.0038601076553622534,11.746628688242163,0.0,-1.694644424787839e-12,3.1776437161565096e-14
227,0.11822916666666666,0.09349435880053954,-0.2159952674639048,0.3000065152512333,281.8883784178054,-13.602192165906306,-33.60219216590633,8.877675860822507,-2.842170943040401e-14,-1.3141600194458804e-16,0.003860107655362352,11.754348903552888,0.0,9.64561763794336e-13,7.105427357601002e-15
228,0.11875,0.09346655988190414,-0.21606604914222058,0.30000654840372465,282.0735928035845,-13.61760479760912,-33.61760479760915,8.877675860821297,0.0,0.0,0.0038601076553622534,11.762069118863614,0.0,-1.8349766151004587e-12,7.105427357601002e-15
229,0.11927083333333333,0.09343876096326874,-0.21613683082053636,0.300006581556216,282.2588071893636,-13.633017429311938,-33.63301742931196,8.877675860822507,-2.842170943040401e-14,-1.3141600194458804e-16,0.003860107655362352,11.769789334174337,0.0,-9.9298347322474e-13,2.929642751054232e-14
230,0.11979166666666667,0.09341096204463335,-0.21620761249885215,0.3000066147087074,282.4440215751427,-13.648430061014748,-33.64843006101477,8.877675860818876,5.684341886080802e-14,2.628320038890686e-16,0.0038601076553619568,11.777509549485064,0.0,-1.9735324485736783e-12,2.929642751054232e-14
231,0.1203125,0.09338316312599795,-0.21627839417716793,0.30000664786119874,282.6292359609218,-13.663842692717566,-33.66384269271759,8.877675860822507,5.684341886080802e-14,2.6283200388917607e-16,0.003860107655362352,11.785229764795789,0.0,-1.1333156635373598e-12,4.0194366942304644e-14
232,0.12083333333333333,0.09335536420736255,-0.21634917585548372,0.3000066810136901,282.8144503467009,-13.679255324420383,-33.6792553244204,8.877675860822507,0.0,0.0,0.003860107655362352,11.792949980106515,0.0,-2.113864638886298e-12,7.105427357601002e-15
233,0.12135416666666667,0.09332756528872715,-0.2164199575337995,0.30000671416618147,282.99966473247997,-13.694667956123201,-33.69466795612322,8.877675860822507,-2.842170943040401e-14,-1.3141600194458804e-16,0.003860107655362352,11.80067019541724,0.0,5.453415496958769e-13,2.929642751054232e-14
234,0.121875,0.09329976637009176,-0.21649073921211529,0.30000674731867283,283.18487911825906,-13.710080587826015,-33.710080587826035,8.877675860821297,0.0,0.0,0.0038601076553622534,11.808390410727966,0.0,-4.3520742565306136e-13,2.929642751054232e-14
235,0.12239583333333333,0.09327196745145636,-0.21656152089043107,0.3000067804711642,283.37009350403815,-13.725493219528833,-33.72549321952885,8.877675860822507,-2.842170943040401e-14,-1.3141600194458804e-16,0.003860107655362352,11.81611062603869,0.0,-1.4122036873231991e-12,2.929642751054232e-14
236,0.12291666666666666,0.09324416853282096,-0.21663230256874685,0.30000681362365555,283.55530788981724,-13.740905851231647,-33.740905851231666,8.877675860821297,0.0,0.0,0.0038601076553622534,11.823830841349416,0.0,-2.3927526626721374e-12,5.859285502108464e-14
237,0.12343749999999999,0.09321636961418557,-0.21670308424706264,0.3000068467761469,283.74052227559633,-13.756318482934459,-33.75631848293448,8.877675860820085,0.0,0.0,0.003860107655362203,11.83155105666014,0.0,2.6645352591003757e-13,7.105427357601002e-15
238,0.12395833333333334,0.09318857069555019,-0.21677386592537842,0.3000068799286383,283.9257366613754,-13.771731114637271,-33.7717311146373,8.877675860820085,2.842170943040401e-14,1.314160019445522e-16,0.003860107655362203,11.839271271970867,0.0,-2.533084852984757e-12,7.105427357601002e-15
239,0.12447916666666667,0.09316077177691479,-0.2168446476036942,0.30000691308112964,284.1109510471545,-13.787143746340085,-33.787143746340114,8.877675860821297,0.0,0.0,0.0038601076553622534,11.846991487281592,0.0,1.2612133559741778e-13,3.552713678800501e-14
240,0.125,0.09313297285827939,-0.21691542928201,0.300006946233621,284.2961654329336,-13.802556378042903,-33.80255637804293,8.877675860822507,-2.842170943040401e-14,-1.3141600194458804e-16,0.003860107655362352,11.854711702592315,0.0,-8.5087492607272e-13,2.929642751054232e-14
241,0.12552083333333333,0.09310517393964399,-0.21698621096032578,0.30000697938611237,284.4813798187127,-13.817969009745717,-33.817969009745745,8.877675860821297,0.0,0.0,0.0038601076553622534,11.862431917903042,0.0,-1.8314239014216582e-12,3.1776437161565096e-14
242,0.12604166666666666,0.09307737502100859,-0.21705699263864156,0.30000701253860373,284.6665942044918,-13.833381641448534,-33.83338164144856,8.877675860822507,-2.842170943040401e-14,-1.3141600194458804e-16,0.003860107655362352,11.870152133213766,0.0,-2.8101965199311962e-12,1.156679772130055e-13
243,0.1265625,0.09304957610237319,-0.21712777431695734,0.3000070456910951,284.8518085902709,-13.848794273151348,-33.84879427315138,8.877675860821297,0.0,0.0,0.0038601076553622534,11.877872348524493,0.0,1.666222715357435e-12,2.929642751054232e-14
244,0.12708333333333333,0.0930217771837378,-0.21719855599527313,0.30000707884358646,285.03702297604997,-13.86420690485416,-33.86420690485419,8.877675860820085,0.0,0.0,0.003860107655362203,11.885592563835218,0.0,-1.1315393066979595e-12,7.105427357601002e-15
245,0.12760416666666666,0.09299397826510242,-0.2172693376735889,0.3000071119960778,285.22223736182906,-13.879619536556973,-33.87961953655701,8.877675860820085,2.842170943040401e-14,1.314160019445522e-16,0.003860107655362203,11.893312779145944,0.0,-2.112088282046898e-12,2.929642751054232e-14
246,0.128125,0.09296617934646702,-0.2173401193519047,0.3000071451485692,285.40745174760815,-13.895032168259787,-33.895032168259824,8.877675860821297,0.0,0.0,0.0038601076553622534,11.901032994456667,0.0,-3.0890845437170356e-12,0.0
247,0.12864583333333332,0.09293838042783162,-0.21741090103022048,0.30000717830106055,285.59266613338724,-13.910444799962605,-33.91044479996264,8.877675860822507,-2.842170943040401e-14,-1.3141600194458804e-16,0.003860107655362352,11.908753209767394,0.0,1.3873346915715956e-12,2.929642751054232e-14
248,0.12916666666666665,0.09291058150919622,-0.21748168270853627,0.3000072114535519,285.77788051916633,-13.925857431665419,-33.925857431665456,8.877675860821297,0.0,0.0,0.0038601076553622534,11.916473425078118,0.0,-1.4104273304837989e-12,2.929642751054232e-14
249,0.1296875,0.09288278259056082,-0.21755246438685205,0.3000072446060433,285.9630949049454,-13.941270063368236,-33.94127006336827,8.877675860822507,-2.842170943040401e-14,-1.3141600194458804e-16,0.003860107655362352,11.924193640388845,0.0,-5.719869022868806e-13,7.105427357601002e-15
250,0.13020833333333334,0.09285498367192542,-0.21762324606516784,0.30000727775853464,286.1483092907245,-13.95668269507105,-33.95668269507109,8.877675860821297,0.0,0.0,0.0038601076553622534,11.93191385569957,0.0,-1.5507595207964187e-12,2.929642751054232e-14
251,0.13072916666666667,0.09282718475329003,-0.21769402774348362,0.300007310911026,286.3335236765036,-13.972095326773863,-33.9720953267739,8.877675860820085,0.0,0.0,0.003860107655362203,11.939634071010296,0.0,-2.531308496145357e-12,4.0194366942304644e-14
252,0.13125,0.09279938583465465,-0.2177648094217994,0.30000734406351737,286.5187380622827,-13.987507958476675,-33.98750795847672,8.877675860820085,2.842170943040401e-14,1.314160019445522e-16,0.003860107655362203,11.94735428632102,0.0,-1.6893153542696382e-12,2.1316282072803006e-14
253,0.13177083333333334,0.09277158691601925,-0.2178355911001152,0.30000737721600873,286.7039524480618,-14.002920590179489,-34.002920590179535,8.877675860821297,-2.842170943040401e-14,-1.3141600194457014e-16,0.0038601076553622534,11.955074501631746,0.0,9.681144774731365e-13,2.929642751054232e-14
254,0.13229166666666667,0.09274378799738385,-0.21790637277843097,0.3000074103685001,286.8891668338409,-14.018333221882303,-34.01833322188235,8.877675860821297,0.0,0.0,0.0038601076553622534,11.96279471694247,0.0,-1.829647544582258e-12,7.105427357601002e-15
255,0.1328125,0.09271598907874845,-0.21797715445674676,0.30000744352099146,287.07438121961997,-14.03374585358512,-34.03374585358517,8.877675860822507,-2.842170943040401e-14,-1.3141600194458804e-16,0.003860107655362352,11.970514932253195,0.0,8.29558643999917e-13,5.728578676879116e-14
256,0.13333333333333333,0.09268819016011305,-0.21804793613506254,0.3000074766734828,287.25959560539906,-14.049158485287935,-34.04915848528798,8.877675860821297,0.0,0.0,0.0038601076553622534,11.978235147563922,0.0,-1.9699797348948778e-12,0.0
257,0.13385416666666666,0.09266039124147765,-0.21811871781337833,0.3000075098259742,287.44480999117815,-14.064571116990752,-34.0645711169908,8.877675860822507,-2.842170943040401e-14,-1.3141600194458804e-16,0.003860107655362352,11.985955362874645,0.0,-1.127986593019159e-12,7.105427357601002e-15
258,0.134375,0.09263259232284227,-0.2181894994916941,0.30000754297846555,287.63002437695724,-14.079983748693563,-34.07998374869361,8.877675860818876,2.842170943040401e-14,1.314160019445343e-16,0.0038601076553619568,11.993675578185371,0.0,-2.1085355683680973e-12,2.929642751054232e-14
259,0.13489583333333333,0.09260479340420687,-0.2182602811700099,0.3000075761309569,287.8152387627363,-14.095396380396377,-34.09539638039642,8.877675860821297,5.684341886080802e-14,2.628320038891403e-16,0.0038601076553622534,12.001395793496096,0.0,5.506706202140776e-13,2.929642751054232e-14
260,0.13541666666666666,0.09257699448557147,-0.21833106284832568,0.3000076092834483,288.0004531485154,-14.110809012099194,-34.11080901209924,8.877675860822507,-2.842170943040401e-14,-1.3141600194458804e-16,0.003860107655362352,12.009116008806823,0.0,-2.248867758680717e-12,7.105427357601002e-15
261,0.1359375,0.09254919556693607,-0.21840184452664146,0.30000764243593964,288.1856675342945,-14.126221643802008,-34.126221643802054,8.877675860821297,0.0,0.0,0.0038601076553622534,12.016836224117547,0.0,-1.4086509736443986e-12,5.859285502108464e-14
262,0.13645833333333332,0.09252139664830067,-0.21847262620495725,0.300007675588431,288.3708819200736,-14.141634275504826,-34.14163427550487,8.877675860822507,-2.842170943040401e-14,-1.3141600194458804e-16,0.003860107655362352,12.024556439428274,0.0,-2.389199948993337e-12,2.1316282072803006e-14
263,0.13697916666666665,0.09249359772966527,-0.21854340788327303,0.30000770874092236,288.5560963058527,-14.15704690720764,-34.157046907207686,8.877675860821297,0.0,0.0,0.0038601076553622534,12.032276654738997,0.0,-1.5472068071176182e-12,2.1316282072803006e-14
264,0.1375,0.09246579881102987,-0.21861418956158882,0.3000077418934137,288.7413106916318,-14.172459538910458,-34.1724595389105,8.877675860822507,-2.842170943040401e-14,-1.3141600194458804e-16,0.003860107655362352,12.039996870049723,0.0,1.1102230246251565e-12,7.105427357601002e-15
265,0.13802083333333334,0.09243799989239448,-0.2186849712399046,0.3000077750459051,288.9265250774109,-14.187872170613268,-34.18787217061331,8.877675860818876,5.684341886080802e-14,2.628320038890686e-16,0.0038601076553619568,12.047717085360448,0.0,-3.5065284009760944e-12,2.929642751054232e-14
266,0.13854166666666667,0.09241020097375909,-0.2187557529182204,0.30000780819839645,289.11173946318996,-14.203284802316086,-34.203284802316126,8.877675860822507,2.842170943040401e-14,1.3141600194458804e-16,0.003860107655362352,12.055437300671175,0.0,9.698908343125368e-13,0.0
267,0.1390625,0.09238240205512369,-0.21882653459653617,0.3000078413508878,289.29695384896905,-14.2186974340189,-34.21869743401894,8.877675860821297,0.0,0.0,0.0038601076553622534,12.0631575159819,0.0,-1.8278711877428577e-12,2.929642751054232e-14
268,0.13958333333333334,0.09235460313648829,-0.21889731627485196,0.3000078745033792,289.48216823474814,-14.234110065721717,-34.23411006572176,8.877675860822507,-2.842170943040401e-14,-1.3141600194458804e-16,0.003860107655362352,12.070877731292626,0.0,-2.808420163091796e-12,2.929642751054232e-14
269,0.14010416666666667,0.09232680421785289,-0.21896809795316774,0.30000790765587054,289.66738262052723,-14.249522697424531,-34.249522697424574,8.877675860821297,0.0,0.0,0.0038601076553622534,12.078597946603349,0.0,1.6715517858756357e-12,2.929642751054232e-14
270,0.140625,0.09229900529921749,-0.21903887963148352,0.3000079408083619,289.8525970063063,-14.264935329127349,-34.26493532912739,8.877675860822507,-2.842170943040401e-14,-1.3141600194458804e-16,0.003860107655362352,12.086318161914075,0.0,-2.9469759965650155e-12,7.105427357601002e-15
271,0.14114583333333333,0.09227120638058209,-0.2191096613097993,0.30000797396085327,290.0378113920854,-14.280347960830163,-34.280347960830206,8.877675860821297,0.0,0.0,0.0038601076553622534,12.0940383772248,0.0,-2.106759211528697e-12,3.1776437161565096e-14
272,0.14166666666666666,0.0922434074619467,-0.2191804429881151,0.30000800711334463,290.2230257778645,-14.295760592532975,-34.29576059253302,8.877675860820085,0.0,0.0,0.003860107655362203,12.101758592535525,0.0,-1.2665424264923786e-12,7.105427357601002e-15
273,0.1421875,0.09221560854331132,-0.21925122466643088,0.300008040265836,290.4082401636436,-14.311173224235787,-34.31117322423584,8.877675860820085,2.842170943040401e-14,1.314160019445522e-16,0.003860107655362203,12.109478807846251,0.0,-4.2810199829546036e-13,3.552713678800501e-14
274,0.14270833333333333,0.09218780962467592,-0.21932200634474666,0.30000807341832736,290.5934545494227,-14.326585855938601,-34.32658585593865,8.877675860821297,0.0,0.0,0.0038601076553622534,12.117199023156974,0.0,-1.4050982599655981e-12,5.728578676879116e-14
275,0.14322916666666666,0.09216001070604052,-0.21939278802306245,0.3000081065708187,290.7786689352018,-14.341998487641419,-34.34199848764147,8.877675860822507,-2.842170943040401e-14,-1.3141600194458804e-16,0.003860107655362352,12.124919238467701,0.0,1.2523315717771766e-12,7.105427357601002e-15
276,0.14375,0.09213221178740512,-0.21946356970137823,0.3000081397233101,290.96388332098087,-14.357411119344233,-34.357411119344285,8.877675860821297,0.0,0.0,0.0038601076553622534,12.132639453778426,0.0,-3.3644198538240744e-12,1.4210854715202004e-14
277,0.14427083333333332,0.09210441286876972,-0.21953435137969401,0.30000817287580145,291.14909770675996,-14.37282375104705,-34.3728237510471,8.877675860822507,-2.842170943040401e-14,-1.3141600194458804e-16,0.003860107655362352,12.140359669089152,0.0,1.1119993814645568e-12,7.105427357601002e-15
278,0.14479166666666665,0.09207661395013432,-0.2196051330580098,0.3000082060282928,291.33431209253905,-14.388236382749865,-34.388236382749916,8.877675860821297,0.0,0.0,0.0038601076553622534,12.148079884399877,0.0,-1.6857626405908377e-12,1.2730419646209808e-13
279,0.1453125,0.09204881503149893,-0.21967591473632558,0.3000082391807842,291.51952647831814,-14.403649014452677,-34.40364901445273,8.877675860820085,0.0,0.0,0.003860107655362203,12.155800099710603,0.0,-2.666311615939776e-12,7.105427357601002e-15
280,0.14583333333333334,0.09202101611286355,-0.21974669641464137,0.30000827233327554,291.70474086409723,-14.41906164615549,-34.41906164615555,8.877675860820085,2.842170943040401e-14,1.314160019445522e-16,0.003860107655362203,12.163520315021326,0.0,1.8136603330276557e-12,7.105427357601002e-15
281,0.14635416666666667,0.09199321719422815,-0.21981747809295715,0.3000083054857669,291.8899552498763,-14.434474277858303,-34.434474277858364,8.877675860821297,-2.842170943040401e-14,-1.3141600194457014e-16,0.0038601076553622534,12.171240530332053,0.0,-2.8048674494129955e-12,1.4210854715202004e-14
282,0.146875,0.09196541827559275,-0.21988825977127294,0.30000833863825827,292.0751696356554,-14.449886909561117,-34.44988690956118,8.877675860821297,0.0,0.0,0.0038601076553622534,12.178960745642778,0.0,-1.4566126083082054e-13,2.929642751054232e-14
283,0.14739583333333334,0.09193761935695735,-0.21995904144958872,0.30000837179074963,292.2603840214345,-14.465299541263935,-34.465299541263995,8.877675860822507,-2.842170943040401e-14,-1.3141600194458804e-16,0.003860107655362352,12.186680960953504,0.0,-4.764189043271472e-12,3.552713678800501e-14
284,0.14791666666666667,0.09190982043832195,-0.2200298231279045,0.300008404943241,292.4455984072136,-14.480712172966749,-34.48071217296681,8.877675860821297,0.0,0.0,0.0038601076553622534,12.194401176264229,0.0,1.5329959524024162e-12,7.105427357601002e-15
285,0.1484375,0.09188202151968655,-0.2201006048062203,0.30000843809573235,292.6308127929927,-14.496124804669567,-34.49612480466963,8.877675860822507,-2.842170943040401e-14,-1.3141600194458804e-16,0.003860107655362352,12.202121391574956,0.0,-1.2665424264923786e-12,2.929642751054232e-14
286,0.14895833333333333,0.09185422260105117,-0.22017138648453607,0.3000084712482237,292.8160271787718,-14.511537436372377,-34.511537436372436,8.877675860818876,5.684341886080802e-14,2.628320038890686e-16,0.0038601076553619568,12.209841606885679,0.0,-2.2435386881625163e-12,3.1776437161565096e-14
287,0.14947916666666666,0.09182642368241577,-0.22024216816285186,0.3000085044007151,293.00124156455087,-14.526950068075195,-34.52695006807525,8.877675860822507,5.684341886080802e-14,2.6283200388917607e-16,0.003860107655362352,12.217561822196403,0.0,-1.4033219031261979e-12,7.105427357601002e-15
288,0.15,0.09179862476378037,-0.22031294984116764,0.30000853755320644,293.18645595032996,-14.542362699778012,-34.54236269977807,8.877675860822507,0.0,0.0,0.003860107655362352,12.22528203750713,0.0,-5.648814749292796e-13,2.1316282072803006e-14
289,0.15052083333333333,0.09177082584514497,-0.22038373151948343,0.3000085707056978,293.37167033610905,-14.55777533148083,-34.55777533148088,8.877675860822507,-2.842170943040401e-14,-1.3141600194458804e-16,0.003860107655362352,12.233002252817855,0.0,2.753353101070388e-13,7.105427357601002e-15
290,0.15104166666666666,0.09174302692650957,-0.2204545131977992,0.30000860385818917,293.55688472188814,-14.573187963183644,-34.5731879631837,8.877675860821297,0.0,0.0,0.0038601076553622534,12.240722468128581,0.0,-7.052136652418994e-13,5.728578676879116e-14
291,0.1515625,0.09171522800787417,-0.220525294876115,0.30000863701068053,293.74209910766723,-14.588600594886461,-34.588600594886515,8.877675860822507,-2.842170943040401e-14,-1.3141600194458804e-16,0.003860107655362352,12.248442683439304,0.0,-3.5011993304578937e-12,1.4210854715202004e-14
292,0.15208333333333332,0.09168742908923877,-0.22059607655443078,0.3000086701631719,293.9273134934463,-14.604013226589275,-34.60401322658933,8.877675860821297,0.0,0.0,0.0038601076553622534,12.25616289875003,0.0,-8.43769498715119e-13,7.105427357601002e-15
293,0.15260416666666665,0.09165963017060338,-0.22066685823274657,0.30000870331566326,294.1125278792254,-14.619425858292088,-34.619425858292146,8.877675860820085,0.0,0.0,0.003860107655362203,12.263883114060755,0.0,-1.822542117224657e-12,3.552713678800501e-14
294,0.153125,0.091631831251968,-0.22073763991106235,0.3000087364681546,294.2977422650045,-14.6348384899949,-34.63483848999496,8.877675860820085,2.842170943040401e-14,1.314160019445522e-16,0.003860107655362203,12.271603329371482,0.0,-9.841016890277388e-13,2.929642751054232e-14
295,0.15364583333333334,0.0916040323333326,-0.22080842158937813,0.300008769620646,294.4829566507836,-14.650251121697714,-34.65025112169778,8.877675860821297,0.0,0.0,0.0038601076553622534,12.279323544682207,0.0,-1.9628743075372768e-12,2.929642751054232e-14
296,0.15416666666666667,0.0915762334146972,-0.22087920326769392,0.30000880277313735,294.6681710365627,-14.665663753400532,-34.665663753400594,8.877675860822507,-2.842170943040401e-14,-1.3141600194458804e-16,0.003860107655362352,12.287043759992933,0.0,2.5135449277513544e-12,3.1776437161565096e-14
297,0.1546875,0.0915484344960618,-0.2209499849460097,0.3000088359256287,294.8533854223418,-14.681076385103346,-34.68107638510341,8.877675860821297,0.0,0.0,0.0038601076553622534,12.294763975303656,0.0,-5.739408948102209e-12,2.929642751054232e-14
298,0.15520833333333334,0.0915206355774264,-0.2210207666243255,0.3000088690781201,295.03859980812086,-14.696489016806163,-34.696489016806225,8.877675860822507,-2.842170943040401e-14,-1.3141600194458804e-16,0.003860107655362352,12.302484190614383,0.0,2.374989094278135e-12,7.105427357601002e-15
299,0.15572916666666667,0.091492836658791,-0.22109154830264127,0.30000890223061144,295.22381419389995,-14.711901648508977,-34.71190164850904,8.877675860821297,0.0,0.0,0.0038601076553622534,12.310204405925107,0.0,-4.227729277772596e-13,2.929642751054232e-14
300,0.15625,0.09146503774015562,-0.22116232998095706,0.3000089353831028,295.40902857967905,-14.72731428021179,-34.72731428021186,8.877675860820085,0.0,0.0,0.003860107655362203,12.317924621235834,0.0,-3.2223113066720543e-12,2.1316282072803006e-14
301,0.15677083333333333,0.09143723882152023,-0.22123311165927284,0.30000896853559417,295.59424296545814,-14.742726911914602,-34.74272691191467,8.877675860820085,2.842170943040401e-14,1.314160019445522e-16,0.003860107655362203,12.325644836546559,0.0,-5.631051180898794e-13,1.4210854715202004e-14
302,0.15729166666666666,0.09140943990288483,-0.22130389333758863,0.30000900168808553,295.7794573512372,-14.758139543617416,-34.75813954361749,8.877675860821297,0.0,0.0,0.0038601076553622534,12.333365051857282,0.0,2.788880237858393e-13,7.105427357601002e-15
303,0.1578125,0.09138164098424943,-0.2213746750159044,0.3000090348405769,295.9646717370163,-14.773552175320233,-34.773552175320305,8.877675860822507,-2.842170943040401e-14,-1.3141600194458804e-16,0.003860107655362352,12.341085267168008,0.0,-2.5206503551089554e-12,7.105427357601002e-15
304,0.15833333333333333,0.09135384206561403,-0.2214454566942202,0.30000906799306826,296.1498861227954,-14.788964807023047,-34.78896480702312,8.877675860821297,0.0,0.0,0.0038601076553622534,12.348805482478733,0.0,-1.680433570072637e-12,6.07087979554246e-14
305,0.15885416666666666,0.09132604314697863,-0.22151623837253598,0.3000091011455596,296.3351005085745,-14.804377438725865,-34.804377438725936,8.877675860822507,-2.842170943040401e-14,-1.3141600194458804e-16,0.003860107655362352,12.35652569778946,0.0,-8.419931418757187e-13,7.105427357601002e-15
306,0.159375,0.09129824422834323,-0.22158702005085176,0.300009134298051,296.5203148943536,-14.81979007042868,-34.81979007042875,8.877675860821297,0.0,0.0,0.0038601076553622534,12.364245913100184,0.0,-1.8207657603852567e-12,3.1776437161565096e-14
307,0.15989583333333332,0.09127044530970785,-0.22165780172916755,0.30000916745054235,296.7055292801327,-14.835202702131491,-34.83520270213157,8.877675860820085,0.0,0.0,0.003860107655362203,12.37196612841091,0.0,-9.823253321883385e-13,7.105427357601002e-15
308,0.16041666666666665,0.09124264639107246,-0.22172858340748333,0.3000092006030337,296.89074366591177,-14.850615333834304,-34.850615333834384,8.877675860820085,2.842170943040401e-14,1.314160019445522e-16,0.003860107655362203,12.379686343721634,0.0,-1.4033219031261979e-13,7.105427357601002e-15
309,0.1609375,0.09121484747243706,-0.22179936508579912,0.3000092337555251,297.07595805169086,-14.866027965537118,-34.8660279655372,8.877675860821297,-2.842170943040401e-14,-1.3141600194457014e-16,0.0038601076553622534,12.38740655903236,0.0,-1.120881165661558e-12,7.105427357601002e-15
310,0.16145833333333334,0.09118704855380166,-0.2218701467641149,0.30000926690801644,297.26117243746995,-14.881440597239932,-34.881440597240015,8.877675860821297,0.0,0.0,0.0038601076553622534,12.395126774343085,0.0,-2.099653784171096e-12,2.929642751054232e-14
311,0.16197916666666667,0.09115924963516626,-0.22194092844243068,0.3000093000605078,297.44638682324904,-14.89685322894275,-34.89685322894283,8.877675860822507,-2.842170943040401e-14,-1.3141600194458804e-16,0.003860107655362352,12.402846989653812,0.0,5.577760475716786e-13,3.1776437161565096e-14
312,0.1625,0.09113145071653087,-0.22201171012074647,0.30000933321299916,297.63160120902813,-14.912265860645563,-34.91226586064565,8.877675860821297,0.0,0.0,0.0038601076553622534,12.410567204964536,0.0,-2.239985974483716e-12,3.552713678800501e-14
313,0.16302083333333334,0.09110365179789547,-0.22208249179906225,0.3000093663654905,297.8168155948072,-14.927678492348381,-34.92767849234846,8.877675860822507,-2.842170943040401e-14,-1.3141600194458804e-16,0.003860107655362352,12.418287420275263,0.0,-1.4015455462867976e-12,2.929642751054232e-14
314,0.16354166666666667,0.09107585287926008,-0.22215327347737804,0.3000093995179819,298.0020299805863,-14.943091124051191,-34.94309112405127,8.877675860818876,5.684341886080802e-14,2.628320038890686e-16,0.0038601076553619568,12.426007635585986,0.0,-5.595524044110789e-13,3.552713678800501e-14
315,0.1640625,0.09104805396062468,-0.22222405515569382,0.30000943267047325,298.1872443663654,-14.958503755754009,-34.95850375575409,8.877675860822507,5.684341886080802e-14,2.6283200388917607e-16,0.003860107655362352,12.433727850896712,0.0,-1.5401013797600172e-12,1.139086659085919e-13
316,0.16458333333333333,0.09102025504198928,-0.2222948368340096,0.3000094658229646,298.3724587521445,-14.973916387456827,-34.9739163874569,8.877675860822507,0.0,0.0,0.003860107655362352,12.441448066207437,0.0,-6.998845947236987e-13,3.1776437161565096e-14
317,0.16510416666666666,0.09099245612335388,-0.2223656185123254,0.300009498975456,298.5576731379236,-14.989329019159644,-34.98932901915972,8.877675860822507,-2.842170943040401e-14,-1.3141600194458804e-16,0.003860107655362352,12.449168281518162,0.0,-1.6786572132332367e-12,2.929642751054232e-14
318,0.165625,0.09096465720471848,-0.22243640019064118,0.30000953212794734,298.7428875237027,-15.004741650862458,-35.004741650862535,8.877675860821297,0.0,0.0,0.0038601076553622534,12.456888496828888,0.0,-8.402167850363185e-13,2.929642751054232e-14
319,0.16614583333333333,0.09093685828608308,-0.22250718186895696,0.3000095652804387,298.92810190948177,-15.020154282565276,-35.02015428256535,8.877675860822507,-2.842170943040401e-14,-1.3141600194458804e-16,0.003860107655362352,12.464608712139611,0.0,1.7763568394002505e-15,7.105427357601002e-15
320,0.16666666666666666,0.09090905936744768,-0.22257796354727274,0.30000959843293007,299.11331629526086,-15.03556691426809,-35.035566914268166,8.877675860821297,0.0,0.0,0.0038601076553622534,12.472328927450338,0.0,-2.7977620220553945e-12,2.929642751054232e-14
321,0.1671875,0.0908812604488123,-0.22264874522558853,0.30000963158542143,299.29853068103995,-15.050979545970902,-35.05097954597098,8.877675860820085,0.0,0.0,0.003860107655362203,12.480049142761063,0.0,-1.957545237019076e-12,1.4210854715202004e-14
322,0.16770833333333332,0.09085346153017691,-0.2227195269039043,0.3000096647379128,299.48374506681904,-15.066392177673714,-35.0663921776738,8.877675860820085,2.842170943040401e-14,1.314160019445522e-16,0.003860107655362203,12.48776935807179,0.0,6.998845947236987e-13,7.105427357601002e-15
323,0.16822916666666665,0.09082566261154151,-0.2227903085822201,0.30000969789040416,299.66895945259813,-15.081804809376528,-35.081804809376614,8.877675860821297,0.0,0.0,0.0038601076553622534,12.495489573382514,0.0,-2.097877427331696e-12,7.105427357601002e-15
324,0.16875,0.09079786369290611,-0.22286109026053588,0.3000097310428955,299.8541738383772,-15.097217441079346,-35.09721744107943,8.877675860822507,-2.842170943040401e-14,-1.3141600194458804e-16,0.003860107655362352,12.50320978869324,0.0,-3.078426402680634e-12,3.552713678800501e-14
325,0.16927083333333334,0.09077006477427071,-0.22293187193885167,0.3000097641953869,300.0393882241563,-15.11263007278216,-35.112630072782245,8.877675860821297,0.0,0.0,0.0038601076553622534,12.510930004003963,0.0,-4.1744385725905886e-13,5.728578676879116e-14
326,0.16979166666666667,0.09074226585563532,-0.22300265361716745,0.30000979734787825,300.2246026099354,-15.128042704484978,-35.12804270448506,8.877675860822507,-2.842170943040401e-14,-1.3141600194458804e-16,0.003860107655362352,12.51865021931469,0.0,-3.2169822361538536e-12,1.4210854715202004e-14
327,0.1703125,0.09071446693699992,-0.22307343529548324,0.3000098305003696,300.4098169957145,-15.143455336187792,-35.14345533618788,8.877675860821297,0.0,0.0,0.0038601076553622534,12.526370434625415,0.0,3.0802027595200343e-12,7.105427357601002e-15
328,0.17083333333333334,0.09068666801836453,-0.22314421697379902,0.300009863652861,300.5950313814936,-15.158867967890604,-35.15886796789069,8.877675860820085,0.0,0.0,0.003860107655362203,12.534090649936141,0.0,-1.538325022920617e-12,7.105427357601002e-15
329,0.17135416666666667,0.09065886909972914,-0.2232149986521148,0.30000989680535234,300.7802457672727,-15.174280599593416,-35.17428059959351,8.877675860820085,2.842170943040401e-14,1.314160019445522e-16,0.003860107655362203,12.541810865246866,0.0,-4.336087044976011e-12,7.105427357601002e-15
330,0.171875,0.09063107018109375,-0.2232857803304306,0.3000099299578437,300.96546015305177,-15.18969323129623,-35.189693231296324,8.877675860821297,0.0,0.0,0.0038601076553622534,12.549531080557593,0.0,1.9593215938584763e-12,2.929642751054232e-14
331,0.17239583333333333,0.09060327126245835,-0.22335656200874637,0.30000996311033507,301.15067453883086,-15.205105862999048,-35.20510586299914,8.877675860822507,-2.842170943040401e-14,-1.3141600194458804e-16,0.003860107655362352,12.557251295868316,0.0,-4.474642878449231e-12,3.1776437161565096e-14
332,0.17291666666666666,0.09057547234382295,-0.22342734368706216,0.30000999626282643,301.33588892460995,-15.220518494701862,-35.220518494701956,8.877675860821297,0.0,0.0,0.0038601076553622534,12.56497151117904,0.0,3.552713678800501e-15,2.929642751054232e-14
333,0.1734375,0.09054767342518755,-0.22349812536537794,0.3000100294153178,301.52110331038904,-15.23593112640468,-35.23593112640477,8.877675860822507,-2.842170943040401e-14,-1.3141600194458804e-16,0.003860107655362352,12.572691726489767,0.0,-9.769962616701378e-13,7.105427357601002e-15
334,0.17395833333333333,0.09051987450655215,-0.22356890704369373,0.30001006256780915,301.7063176961681,-15.251343758107494,-35.25134375810759,8.877675860821297,0.0,0.0,0.0038601076553622534,12.580411941800492,0.0,-1.3677947663381929e-13,2.929642751054232e-14
335,0.17447916666666666,0.09049207558791676,-0.2236396887220095,0.3000100957203005,301.8915320819472,-15.266756389810306,-35.2667563898104,8.877675860820085,0.0,0.0,0.003860107655362203,12.588132157111218,0.0,-1.1173284519827575e-12,2.1316282072803006e-14
336,0.175,0.09046427666928138,-0.2237104704003253,0.3000101288727919,302.0767464677263,-15.282169021513118,-35.28216902151322,8.877675860820085,2.842170943040401e-14,1.314160019445522e-16,0.003860107655362203,12.595852372421941,0.0,-2.0943247136528953e-12,5.859285502108464e-14
337,0.17552083333333332,0.09043647775064598,-0.22378125207864108,0.30001016202528324,302.2619608535054,-15.297581653215932,-35.297581653216035,8.877675860821297,-2.842170943040401e-14,-1.3141600194457014e-16,0.0038601076553622534,12.603572587732668,0.0,5.631051180898794e-13,6.07087979554246e-14
338,0.17604166666666665,0.09040867883201058,-0.22385203375695686,0.3000101951777746,302.4471752392845,-15.312994284918746,-35.31299428491885,8.877675860821297,0.0,0.0,0.0038601076553622534,12.611292803043392,0.0,-4.0536463075113716e-12,7.105427357601002e-15
339,0.1765625,0.09038087991337518,-0.22392281543527265,0.30001022833026597,302.6323896250636,-15.328406916621564,-35.32840691662167,8.877675860822507,-2.842170943040401e-14,-1.3141600194458804e-16,0.003860107655362352,12.619013018354119,0.0,2.241762331323116e-12,5.728578676879116e-14
340,0.17708333333333334,0.09035308099473978,-0.22399359711358843,0.30001026148275733,302.8176040108427,-15.343819548324378,-35.34381954832448,8.877675860821297,0.0,0.0,0.0038601076553622534,12.626733233664844,0.0,-4.193978497823991e-12,7.105427357601002e-15
341,0.17760416666666667,0.09032528207610438,-0.22406437879190422,0.3000102946352487,303.00281839662176,-15.359232180027195,-35.3592321800273,8.877675860822507,-2.842170943040401e-14,-1.3141600194458804e-16,0.003860107655362352,12.63445344897557,0.0,2.824407374646398e-13,1.4210854715202004e-14
342,0.178125,0.090297483157469,-0.22413516047022,0.30001032778774006,303.18803278240085,-15.374644811730006,-35.37464481173011,8.877675860818876,2.842170943040401e-14,1.314160019445343e-16,0.0038601076553619568,12.642173664286293,0.0,-2.5135449277513544e-12,5.728578676879116e-14
343,0.17864583333333334,0.0902696842388336,-0.2242059421485358,0.3000103609402314,303.37324716817994,-15.39005744343282,-35.39005744343292,8.877675860821297,5.684341886080802e-14,2.628320038891403e-16,0.0038601076553622534,12.64989387959702,0.0,-1.6751044995544362e-12,7.105427357601002e-15
344,0.17916666666666667,0.0902418853201982,-0.22427672382685157,0.3000103940927228,303.55846155395903,-15.405470075135637,-35.40547007513574,8.877675860822507,-2.842170943040401e-14,-1.3141600194458804e-16,0.003860107655362352,12.657614094907744,0.0,-8.348877145181177e-13,7.105427357601002e-15
345,0.1796875,0.0902140864015628,-0.22434750550516736,0.30001042724521415,303.7436759397381,-15.420882706838452,-35.420882706838555,8.877675860821297,0.0,0.0,0.0038601076553622534,12.665334310218471,0.0,1.822542117224657e-12,6.07087979554246e-14
346,0.18020833333333333,0.0901862874829274,-0.22441828718348314,0.3000104603977055,303.9288903255172,-15.43629533854127,-35.43629533854137,8.877675860822507,-2.842170943040401e-14,-1.3141600194458804e-16,0.003860107655362352,12.673054525529196,0.0,-4.6131987119224505e-12,1.4210854715202004e-14
347,0.18072916666666666,0.090158488564292,-0.22448906886179892,0.3000104935501969,304.1141047112963,-15.451707970244083,-35.451707970244186,8.877675860821297,0.0,0.0,0.0038601076553622534,12.680774740839919,0.0,1.6857626405908377e-12,7.105427357601002e-15
348,0.18125,0.0901306896456566,-0.2245598505401147,0.30001052670268824,304.2993190970754,-15.4671206019469,-35.467120601947,8.877675860822507,-2.842170943040401e-14,-1.3141600194458804e-16,0.003860107655362352,12.688494956150645,0.0,-2.9327651418498135e-12,5.728578676879116e-14
349,0.18177083333333333,0.09010289072702121,-0.2246306322184305,0.3000105598551796,304.4845334828545,-15.482533233649711,-35.48253323364981,8.877675860818876,5.684341886080802e-14,2.628320038890686e-16,0.0038601076553619568,12.69621517146137,0.0,-2.092548356813495e-12,3.552713678800501e-14
350,0.18229166666666666,0.09007509180838581,-0.22470141389674628,0.30001059300767097,304.6697478686336,-15.497945865352529,-35.49794586535263,8.877675860822507,2.842170943040401e-14,1.3141600194458804e-16,0.003860107655362352,12.703935386772097,0.0,-3.0730973321624333e-12,7.105427357601002e-15
351,0.1828125,0.09004729288975041,-0.22477219557506206,0.30001062616016233,304.85496225441267,-15.513358497055343,-35.51335849705544,8.877675860821297,0.0,0.0,0.0038601076553622534,12.711655602082821,0.0,-4.1389114358025836e-13,3.1776437161565096e-14
352,0.18333333333333332,0.09001949397111501,-0.22484297725337785,0.3000106593126537,305.04017664019176,-15.52877112875816,-35.52877112875826,8.877675860822507,-2.842170943040401e-14,-1.3141600194458804e-16,0.003860107655362352,12.719375817393548,0.0,4.2454928461665986e-13,1.1740092732181256e-13
353,0.18385416666666665,0.08999169505247961,-0.22491375893169363,0.30001069246514506,305.22539102597085,-15.544183760460974,-35.544183760461074,8.877675860821297,0.0,0.0,0.0038601076553622534,12.72709603270427,0.0,-2.3714363805993344e-12,2.929642751054232e-14
354,0.184375,0.08996389613384422,-0.22498454061000941,0.3000107256176364,305.41060541174994,-15.559596392163792,-35.55959639216389,8.877675860822507,-2.842170943040401e-14,-1.3141600194458804e-16,0.003860107655362352,12.734816248014997,0.0,2.859934511434403e-13,7.105427357601002e-15
355,0.18489583333333334,0.08993609721520882,-0.2250553222883252,0.3000107587701278,305.59581979752903,-15.575009023866606,-35.575009023866706,8.877675860821297,0.0,0.0,0.0038601076553622534,12.742536463325722,0.0,-2.511768570911954e-12,3.552713678800501e-14
356,0.18541666666666667,0.08990829829657343,-0.22512610396664098,0.30001079192261915,305.7810341833081,-15.590421655569418,-35.59042165556952,8.877675860820085,0.0,0.0,0.003860107655362203,12.750256678636449,0.0,1.4566126083082054e-13,3.1776437161565096e-14
357,0.1859375,0.08988049937793804,-0.22519688564495677,0.3000108250751105,305.9662485690872,-15.60583428727223,-35.60583428727234,8.877675860820085,2.842170943040401e-14,1.314160019445522e-16,0.003860107655362203,12.757976893947173,0.0,-8.331113576787175e-13,5.728578676879116e-14
358,0.18645833333333334,0.08985270045930265,-0.22526766732327255,0.3000108582276019,306.1514629548663,-15.621246918975045,-35.62124691897515,8.877675860821297,0.0,0.0,0.0038601076553622534,12.7656971092579,0.0,-1.8136603330276557e-12,5.728578676879116e-14
359,0.18697916666666667,0.08982490154066725,-0.22533844900158834,0.30001089138009324,306.3366773406454,-15.636659550677862,-35.63665955067797,8.877675860822507,-2.842170943040401e-14,-1.3141600194458804e-16,0.003860107655362352,12.773417324568623,0.0,-9.71667191151937e-13,7.105427357601002e-15
360,0.1875,0.08979710262203185,-0.22540923067990412,0.3000109245325846,306.5218917264245,-15.652072182380676,-35.652072182380785,8.877675860821297,0.0,0.0,0.0038601076553622534,12.78113753987935,0.0,-1.9522161665008753e-12,5.728578676879116e-14
361,0.18802083333333333,0.08976930370339645,-0.2254800123582199,0.30001095768507596,306.7071061122036,-15.667484814083494,-35.6674848140836,8.877675860822507,-2.842170943040401e-14,-1.3141600194458804e-16,0.003860107655362352,12.788857755190074,0.0,7.069900220812997e-13,6.355287432313019e-14
362,0.18854166666666666,0.08974150478476105,-0.2255507940365357,0.3000109908375673,306.89232049798267,-15.682897445786308,-35.682897445786416,8.877675860821297,0.0,0.0,0.0038601076553622534,12.796577970500799,0.0,-3.909761403519951e-12,5.728578676879116e-14
363,0.1890625,0.08971370586612566,-0.22562157571485147,0.3000110239900587,307.07753488376176,-15.69831007748912,-35.69831007748923,8.877675860820085,0.0,0.0,0.003860107655362203,12.804298185811525,0.0,5.666578317686799e-13,7.105427357601002e-15
364,0.18958333333333333,0.08968590694749028,-0.22569235739316726,0.30001105714255005,307.26274926954085,-15.713722709191932,-35.71372270919205,8.877675860820085,2.842170943040401e-14,1.314160019445522e-16,0.003860107655362203,12.812018401122248,0.0,-2.2293278334473143e-12,2.929642751054232e-14
365,0.19010416666666666,0.08965810802885488,-0.22576313907148304,0.3000110902950414,307.44796365531994,-15.729135340894747,-35.729135340894864,8.877675860821297,-2.842170943040401e-14,-1.3141600194457014e-16,0.0038601076553622534,12.819738616432975,0.0,4.2810199829546036e-13,2.929642751054232e-14
366,0.190625,0.08963030911021948,-0.22583392074979883,0.3000111234475328,307.63317804109903,-15.74454797259756,-35.74454797259768,8.877675860821297,0.0,0.0,0.0038601076553622534,12.8274588317437,0.0,-2.369660023759934e-12,6.355287432313019e-14
367,0.19114583333333332,0.08960251019158408,-0.2259047024281146,0.30001115660002414,307.8183924268781,-15.759960604300378,-35.759960604300495,8.877675860822507,-2.842170943040401e-14,-1.3141600194458804e-16,0.003860107655362352,12.835179047054426,0.0,-1.531219595563016e-12,7.105427357601002e-15
368,0.19166666666666665,0.08957471127294868,-0.2259754841064304,0.3000111897525155,308.0036068126572,-15.775373236003192,-35.77537323600331,8.877675860821297,0.0,0.0,0.0038601076553622534,12.842899262365151,0.0,-6.910028105266974e-13,7.105427357601002e-15
369,0.1921875,0.08954691235431328,-0.22604626578474618,0.30001122290500687,308.1888211984363,-15.79078586770601,-35.79078586770613,8.877675860822507,-2.842170943040401e-14,-1.3141600194458804e-16,0.003860107655362352,12.850619477675878,0.0,1.474376176702208e-13,5.728578676879116e-14
370,0.19270833333333334,0.0895191134356779,-0.22611704746306197,0.30001125605749823,308.3740355842154,-15.80619849940882,-35.806198499408936,8.877675860818876,5.684341886080802e-14,2.628320038890686e-16,0.0038601076553619568,12.8583396929866,0.0,-2.6485480475457734e-12,7.105427357601002e-15
371,0.19322916666666667,0.0894913145170425,-0.22618782914137775,0.3000112892099896,308.5592499699945,-15.821611131111638,-35.82161113111175,8.877675860822507,5.684341886080802e-14,2.6283200388917607e-16,0.003860107655362352,12.866059908297327,0.0,-1.8101076193488552e-12,1.4210854715202004e-14
372,0.19375,0.0894635155984071,-0.22625861081969353,0.30001132236248096,308.7444643557736,-15.837023762814455,-35.83702376281457,8.877675860822507,0.0,0.0,0.003860107655362352,12.873780123608052,0.0,-9.698908343125368e-13,2.929642751054232e-14
373,0.19427083333333334,0.0894357166797717,-0.22632939249800932,0.3000113555149723,308.92967874155266,-15.852436394517273,-35.85243639451738,8.877675860822507,-2.842170943040401e-14,-1.3141600194458804e-16,0.003860107655362352,12.881500338918778,0.0,-1.950439809661475e-12,7.105427357601002e-15
374,0.19479166666666667,0.0894079177611363,-0.2264001741763251,0.3000113886674637,309.11489312733175,-15.867849026220087,-35.8678490262202,8.877675860821297,0.0,0.0,0.0038601076553622534,12.889220554229503,0.0,7.087663789206999e-13,7.105427357601002e-15
375,0.1953125,0.0893801188425009,-0.2264709558546409,0.30001142181995505,309.30010751311085,-15.883261657922905,-35.883261657923015,8.877675860822507,-2.842170943040401e-14,-1.3141600194458804e-16,0.003860107655362352,12.89694076954023,0.0,-2.0907719999740948e-12,2.929642751054232e-14
376,0.19583333333333333,0.0893523199238655,-0.22654173753295667,0.3000114549724464,309.48532189888994,-15.898674289625719,-35.89867428962583,8.877675860821297,0.0,0.0,0.0038601076553622534,12.904660984850953,0.0,-1.248778858098376e-12,4.0194366942304644e-14
377,0.19635416666666666,0.08932452100523011,-0.22661251921127246,0.3000114881249378,309.670536284669,-15.914086921328531,-35.914086921328646,8.877675860820085,0.0,0.0,0.003860107655362203,12.91238120016168,0.0,-4.1033842990145786e-13,7.105427357601002e-15
378,0.196875,0.08929672208659473,-0.22668330088958824,0.30001152127742914,309.8557506704481,-15.929499553031343,-35.92949955303146,8.877675860820085,2.842170943040401e-14,1.314160019445522e-16,0.003860107655362203,12.920101415472404,0.0,-3.2081004519568523e-12,2.929642751054232e-14
379,0.19739583333333333,0.08926892316795933,-0.22675408256790403,0.3000115544299205,310.0409650562272,-15.944912184734157,-35.94491218473428,8.877675860821297,0.0,0.0,0.0038601076553622534,12.927821630783129,0.0,-5.488942633746774e-13,5.728578676879116e-14
380,0.19791666666666666,0.08924112424932393,-0.2268248642462198,0.30001158758241186,310.2261794420063,-15.960324816436975,-35.960324816437094,8.877675860822507,-2.842170943040401e-14,-1.3141600194458804e-16,0.003860107655362352,12.935541846093855,0.0,2.8954616482224083e-13,7.105427357601002e-15
381,0.1984375,0.08921332533068853,-0.2268956459245356,0.30001162073490323,310.4113938277854,-15.975737448139789,-35.97573744813991,8.877675860821297,0.0,0.0,0.0038601076553622534,12.943262061404578,0.0,-2.5064395003937534e-12,1.4210854715202004e-14
382,0.19895833333333332,0.08918552641205313,-0.22696642760285138,0.3000116538873946,310.5966082135645,-15.991150079842607,-35.991150079842726,8.877675860822507,-2.842170943040401e-14,-1.3141600194458804e-16,0.003860107655362352,12.950982276715305,0.0,1.509903313490213e-13,5.728578676879116e-14
383,0.19947916666666665,0.08915772749341773,-0.22703720928116716,0.30001168703988595,310.78182259934357,-16.00656271154542,-36.00656271154554,8.877675860821297,0.0,0.0,0.0038601076553622534,12.95870249202603,0.0,-2.646771690706373e-12,7.105427357601002e-15
384,0.2,0.08912992857478234,-0.22710799095948295,0.3000117201923773,310.96703698512266,-16.021975343248233,-36.02197534324836,8.877675860820085,0.0,0.0,0.003860107655362203,12.966422707336756,0.0,-1.808331262509455e-12,2.929642751054232e-14
385,0.20052083333333334,0.08910212965614696,-0.22717877263779873,0.3000117533448687,311.15225137090175,-16.037387974951045,-36.03738797495117,8.877675860820085,2.842170943040401e-14,1.314160019445522e-16,0.003860107655362203,12.97414292264748,0.0,-9.681144774731365e-13,6.07087979554246e-14
386,0.20104166666666667,0.08907433073751156,-0.22724955431611452,0.30001178649736004,311.33746575668084,-16.05280060665386,-36.05280060665399,8.877675860821297,-2.842170943040401e-14,-1.3141600194457014e-16,0.003860107655362303,12.981863137958207,0.0,-1.9486634528220748e-12,3.1776437161565096e-14
387,0.2015625,0.08904653181887616,-0.2273203359944303,0.3000118196498514,311.52268014245993,-16.068213238356677,-36.068213238356805,8.877675860821297,-2.842170943040401e-14,-1.3141600194457014e-16,0.003860107655362303,12.98958335326893,0.0,2.531308496145357e-12,3.552713678800501e-14
388,0.20208333333333334,0.08901873290024076,-0.22739111767274608,0.30001185280234277,311.707894528239,-16.083625870059493,-36.08362587005962,8.877675860821297,-2.842170943040401e-14,-1.3141600194457014e-16,0.003860107655362303,12.997303568579657,0.0,-3.906208689841151e-12,7.105427357601002e-15
389,0.20260416666666667,0.08899093398160536,-0.22746189935106187,0.30001188595483413,311.8931089140181,-16.09903850176231,-36.099038501762436,8.877675860821297,-2.842170943040401e-14,-1.3141600194457014e-16,0.003860107655362303,13.005023783890381,0.0,-1.2470025012589758e-12,1.1740092732181256e-13
390,0.203125,0.08896313506296996,-0.22753268102937765,0.3000119191073255,312.0783232997972,-16.114451133465124,-36.11445113346525,8.877675860821297,-2.842170943040401e-14,-1.3141600194457014e-16,0.003860107655362303,13.012743999201108,0.0,1.4104273304837989e-12,2.929642751054232e-14
391,0.20364583333333333,0.08893533614433458,-0.22760346270769344,0.30001195225981686,312.2635376855763,-16.129863765167936,-36.12986376516806,8.877675860818876,5.684341886080802e-14,2.628320038890686e-16,0.0038601076553620058,13.020464214511833,0.0,-5.0253134986633086e-12,3.1776437161565096e-14
392,0.20416666666666666,0.08890753722569918,-0.22767424438600922,0.3000119854123082,312.4487520713554,-16.145276396870752,-36.14527639687088,8.877675860822507,5.684341886080802e-14,2.6283200388917607e-16,0.003860107655362303,13.02818442982256,0.0,-5.488942633746774e-13,7.105427357601002e-15
393,0.2046875,0.08887973830706378,-0.227745026064325,0.3000120185647996,312.6339664571345,-16.160689028573568,-36.16068902857369,8.877675860822507,0.0,0.0,0.003860107655362303,13.035904645133282,0.0,2.9309887850104133e-13,2.929642751054232e-14
394,0.20520833333333333,0.08885193938842838,-0.2278158077426408,0.30001205171729095,312.81918084291357,-16.176101660276384,-36.17610166027651,8.877675860822507,0.0,0.0,0.003860107655362303,13.043624860444007,0.0,-4.32365254710021e-12,2.929642751054232e-14
395,0.20572916666666666,0.08882414046979298,-0.22788658942095658,0.3000120848697823,313.00439522869266,-16.1915142919792,-36.191514291979324,8.877675860822507,0.0,0.0,0.003860107655362303,13.051345075754734,0.0,1.971756091734278e-12,7.105427357601002e-15
396,0.20625,0.08879634155115758,-0.22795737109927236,0.3000121180222737,313.18960961447175,-16.206926923682015,-36.20692692368214,8.877675860822507,0.0,0.0,0.003860107655362303,13.059065291065458,0.0,-2.644995333866973e-12,3.1776437161565096e-14
397,0.20677083333333332,0.08876854263252218,-0.22802815277758814,0.30001215117476504,313.37482400025084,-16.22233955538483,-36.222339555384956,8.877675860822507,0.0,0.0,0.003860107655362303,13.066785506376185,0.0,-1.8065549056700547e-12,3.552713678800501e-14
398,0.20729166666666665,0.0887407437138868,-0.22809893445590393,0.3000121843272564,313.56003838602993,-16.237752187087644,-36.23775218708777,8.877675860820085,0.0,0.0,0.003860107655362203,13.074505721686908,0.0,-9.64561763794336e-13,7.105427357601002e-15
399,0.20781249999999998,0.08871294479525141,-0.2281697161342197,0.30001221747974777,313.745252771809,-16.253164818790456,-36.25316481879059,8.877675860820085,2.842170943040401e-14,1.314160019445522e-16,0.003860107655362203,13.082225936997634,0.0,1.6928680679484387e-12,2.929642751054232e-14
400,0.20833333333333334,0.08868514587661601,-0.2282404978125355,0.30001225063223913,313.9304671575881,-16.26857745049327,-36.2685774504934,8.877675860821297,-2.842170943040401e-14,-1.3141600194457014e-16,0.003860107655362303,13.08994615230836,0.0,-4.742872761198669e-12,2.929642751054232e-14
401,0.20885416666666667,0.08865734695798061,-0.22831127949085128,0.3000122837847305,314.1156815433672,-16.283990082196087,-36.28399008219622,8.877675860821297,-2.842170943040401e-14,-1.3141600194457014e-16,0.003860107655362303,13.097666367619086,0.0,1.552535877635819e-12,3.1776437161565096e-14
402,0.209375,0.08862954803934521,-0.22838206116916707,0.30001231693722186,314.3008959291463,-16.299402713898903,-36.299402713899035,8.877675860821297,-2.842170943040401e-14,-1.3141600194457014e-16,0.003860107655362303,13.10538658292981,0.0,-3.064215547965432e-12,7.105427357601002e-15
403,0.20989583333333334,0.08860174912070981,-0.22845284284748285,0.3000123500897132,314.4861103149254,-16.31481534560172,-36.31481534560185,8.877675860821297,-2.842170943040401e-14,-1.3141600194457014e-16,0.003860107655362303,13.113106798240537,0.0,-4.0678571622265736e-13,2.929642751054232e-14
404,0.21041666666666667,0.08857395020207441,-0.22852362452579864,0.3000123832422046,314.6713247007045,-16.330227977304535,-36.330227977304666,8.877675860821297,-2.842170943040401e-14,-1.3141600194457014e-16,0.003860107655362303,13.12082701355126,0.0,-3.2027713814386516e-12,2.929642751054232e-14
405,0.2109375,0.08854615128343901,-0.22859440620411442,0.30001241639469595,314.85653908648356,-16.34564060900735,-36.34564060900748,8.877675860821297,-2.842170943040401e-14,-1.3141600194457014e-16,0.003860107655362303,13.128547228861986,0.0,-5.453415496958769e-13,2.929642751054232e-14
406,0.21145833333333333,0.08851835236480363,-0.2286651878824302,0.3000124495471873,315.04175347226266,-16.361053240710163,-36.36105324071029,8.877675860818876,2.842170943040401e-14,1.314160019445343e-16,0.0038601076553620058,13.136267444172711,0.0,-1.5241141682054149e-12,3.1776437161565096e-14
407,0.21197916666666666,0.08849055344616823,-0.228735969560746,0.3000124826996787,315.22696785804175,-16.37646587241298,-36.37646587241311,8.877675860821297,-2.842170943040401e-14,-1.3141600194457014e-16,0.003860107655362303,13.143987659483438,0.0,-6.856737400084967e-13,6.07087979554246e-14
408,0.2125,0.08846275452753283,-0.22880675123906177,0.30001251585217004,315.41218224382084,-16.391878504115795,-36.39187850411592,8.877675860821297,-2.842170943040401e-14,-1.3141600194457014e-16,0.003860107655362303,13.151707874794162,0.0,-1.6644463585180347e-12,7.105427357601002e-15
409,0.21302083333333333,0.08843495560889743,-0.22887753291737756,0.3000125490046614,315.5973966295999,-16.40729113581861,-36.40729113581874,8.877675860821297,-2.842170943040401e-14,-1.3141600194457014e-16,0.003860107655362303,13.159428090104885,0.0,-8.22453216642316e-13,7.105427357601002e-15
410,0.21354166666666666,0.08840715669026203,-0.22894831459569334,0.30001258215715276,315.782611015379,-16.422703767521426,-36.422703767521554,8.877675860821297,-2.842170943040401e-14,-1.3141600194457014e-16,0.003860107655362303,13.167148305415612,0.0,1.8349766151004587e-12,2.1316282072803006e-14
411,0.2140625,0.08837935777162663,-0.22901909627400913,0.3000126153096441,315.9678254011581,-16.438116399224242,-36.43811639922437,8.877675860821297,-2.842170943040401e-14,-1.3141600194457014e-16,0.003860107655362303,13.174868520726337,0.0,-2.7817748105007922e-12,5.859285502108464e-14
412,0.21458333333333332,0.08835155885299123,-0.2290898779523249,0.3000126484621355,316.1530397869372,-16.453529030927058,-36.453529030927186,8.877675860821297,-2.842170943040401e-14,-1.3141600194457014e-16,0.003860107655362303,13.182588736037063,0.0,-1.943334382303874e-12,7.105427357601002e-15
413,0.21510416666666665,0.08832375993435584,-0.2291606596306407,0.30001268161462685,316.3382541727163,-16.46894166262987,-36.468941662629994,8.877675860818876,2.842170943040401e-14,1.314160019445343e-16,0.0038601076553620058,13.190308951347788,0.0,-1.1031175972675555e-12,7.105427357601002e-15
414,0.21562499999999998,0.08829596101572044,-0.22923144130895648,0.3000127147671182,316.5234685584954,-16.484354294332686,-36.48435429433281,8.877675860821297,-2.842170943040401e-14,-1.3141600194457014e-16,0.003860107655362303,13.198029166658515,0.0,-2.0836665726164938e-12,2.929642751054232e-14
415,0.21614583333333334,0.08826816209708505,-0.22930222298727226,0.3000127479196096,316.70868294427447,-16.4997669260355,-36.499766926035626,8.877675860821297,-2.842170943040401e-14,-1.3141600194457014e-16,0.003860107655362303,13.205749381969238,0.0,-1.241673430740775e-12,2.929642751054232e-14
416,0.21666666666666667,0.08824036317844965,-0.22937300466558805,0.30001278107210094,316.89389733005356,-16.515179557738318,-36.51517955773844,8.877675860821297,-2.842170943040401e-14,-1.3141600194457014e-16,0.003860107655362303,13.213469597279964,0.0,-4.0323300254385686e-13,1.4210854715202004e-14
417,0.2171875,0.08821256425981425,-0.22944378634390383,0.3000128142245923,317.07911171583265,-16.530592189441133,-36.53059218944126,8.877675860821297,-2.842170943040401e-14,-1.3141600194457014e-16,0.003860107655362303,13.221189812590689,0.0,-1.3820056210533949e-12,3.552713678800501e-14
418,0.21770833333333334,0.08818476534117885,-0.22951456802221962,0.30001284737708367,317.26432610161174,-16.54600482114395,-36.546004821144074,8.877675860821297,-2.842170943040401e-14,-1.3141600194457014e-16,0.003860107655362303,13.228910027901415,0.0,-2.362554596402333e-12,2.929642751054232e-14
419,0.21822916666666667,0.08815696642254345,-0.2295853497005354,0.30001288052957503,317.44954048739083,-16.561417452846765,-36.56141745284689,8.877675860821297,-2.842170943040401e-14,-1.3141600194457014e-16,0.003860107655362303,13.23663024321214,0.0,2.9665159217984183e-13,7.105427357601002e-15
420,0.21875,0.08812916750390806,-0.22965613137885119,0.3000129136820664,317.6347548731699,-16.576830084549577,-36.5768300845497,8.877675860818876,5.684341886080802e-14,2.628320038890686e-16,0.0038601076553620058,13.244350458522867,0.0,-2.502886786714953e-12,2.929642751054232e-14
421,0.21927083333333333,0.08810136858527266,-0.22972691305716697,0.30001294683455776,317.819969258949,-16.592242716252393,-36.592242716252514,8.877675860822507,0.0,0.0,0.003860107655362303,13.25207067383359,0.0,-3.4798830483850907e-12,3.1776437161565096e-14
422,0.21979166666666666,0.08807356966663726,-0.22979769473548275,0.3000129799870491,318.0051836447281,-16.60765534795521,-36.60765534795533,8.877675860822507,0.0,0.0,0.003860107655362303,13.259790889144316,0.0,-8.22453216642316e-13,7.105427357601002e-15
423,0.2203125,0.08804577074800186,-0.22986847641379854,0.3000130131395405,318.1903980305072,-16.623067979658025,-36.623067979658146,8.877675860822507,0.0,0.0,0.003860107655362303,13.267511104455041,0.0,1.7763568394002505e-14,7.105427357601002e-15
424,0.22083333333333333,0.08801797182936646,-0.22993925809211432,0.30001304629203185,318.3756124162863,-16.63848061136084,-36.63848061136096,8.877675860822507,0.0,0.0,0.003860107655362303,13.275231319765766,0.0,-9.610090501155355e-13,2.929642751054232e-14
425,0.22135416666666666,0.08799017291073107,-0.2300100397704301,0.3000130794445232,318.5608268020654,-16.653893243063656,-36.65389324306378,8.877675860822507,0.0,0.0,0.003860107655362303,13.282951535076492,0.0,-1.2256862191861728e-13,2.929642751054232e-14
426,0.221875,0.08796237399209567,-0.2300808214487459,0.3000131125970146,318.74604118784447,-16.669305874766472,-36.66930587476659,8.877675860822507,0.0,0.0,0.003860107655362303,13.290671750387215,0.0,-1.099564883588755e-12,1.1457157353758233e-13
427,0.22239583333333332,0.08793457507346028,-0.23015160312706168,0.30001314574950594,318.93125557362356,-16.684718506469284,-36.68471850646941,8.877675860820085,0.0,0.0,0.003860107655362203,13.298391965697942,0.0,-2.0801138589376933e-12,2.1316282072803006e-14
428,0.22291666666666665,0.0879067761548249,-0.23022238480537746,0.3000131789019973,319.11646995940265,-16.700131138172097,-36.700131138172225,8.877675860820085,-2.842170943040401e-14,-1.314160019445522e-16,0.003860107655362203,13.306112181008666,0.0,-1.2398970739013748e-12,7.105427357601002e-15
429,0.22343749999999998,0.0878789772361895,-0.23029316648369325,0.30001321205448866,319.30168434518174,-16.715543769874913,-36.71554376987504,8.877675860821297,-2.842170943040401e-14,-1.3141600194457014e-16,0.003860107655362303,13.313832396319393,0.0,-4.014566457044566e-13,2.929642751054232e-14
430,0.22395833333333334,0.0878511783175541,-0.23036394816200903,0.30001324520698003,319.48689873096083,-16.73095640157773,-36.730956401577856,8.877675860821297,-2.842170943040401e-14,-1.3141600194457014e-16,0.003860107655362303,13.321552611630118,0.0,-1.3802292642139946e-12,7.105427357601002e-15
431,0.22447916666666667,0.0878233793989187,-0.23043472984032481,0.3000132783594714,319.6721131167399,-16.746369033280544,-36.74636903328067,8.877675860821297,-2.842170943040401e-14,-1.3141600194457014e-16,0.003860107655362303,13.329272826940844,0.0,-2.360778239562933e-12,3.1776437161565096e-14
432,0.225,0.0877955804802833,-0.2305055115186406,0.30001331151196275,319.857327502519,-16.76178166498336,-36.76178166498349,8.877675860821297,-2.842170943040401e-14,-1.3141600194457014e-16,0.003860107655362303,13.336993042251567,0.0,-1.5187850976872141e-12,2.929642751054232e-14
433,0.22552083333333334,0.0877677815616479,-0.23057629319695638,0.3000133446644541,320.0425418882981,-16.777194296686176,-36.777194296686304,8.877675860821297,-2.842170943040401e-14,-1.3141600194457014e-16,0.003860107655362303,13.344713257562294,0.0,-6.803446694902959e-13,7.105427357601002e-15
434,0.22604166666666667,0.08773998264301251,-0.23064707487527217,0.3000133778169455,320.2277562740772,-16.792606928388988,-36.79260692838911,8.877675860818876,5.684341886080802e-14,2.628320038890686e-16,0.0038601076553620058,13.352433472873019,0.0,-3.4781066915456904e-12,2.842170943040401e-14
435,0.2265625,0.08771218372437711,-0.23071785655358795,0.30001341096943684,320.4129706598563,-16.808019560091804,-36.80801956009193,8.877675860822507,0.0,0.0,0.003860107655362303,13.360153688183745,0.0,9.983125437429408e-13,2.842170943040401e-14
436,0.22708333333333333,0.08768438480574171,-0.23078863823190374,0.3000134441219282,320.5981850456354,-16.82343219179462,-36.823432191794744,8.877675860822507,0.0,0.0,0.003860107655362303,13.36787390349447,0.0,-3.61843888185831e-12,3.1776437161565096e-14
437,0.22760416666666666,0.08765658588710631,-0.23085941991021952,0.30001347727441957,320.78339943141447,-16.838844823497435,-36.83884482349756,8.877675860822507,0.0,0.0,0.003860107655362303,13.375594118805196,0.0,2.6769697569761775e-12,0.0
438,0.228125,0.08762878696847091,-0.2309302015885353,0.30001351042691093,320.96861381719356,-16.85425745520025,-36.854257455200376,8.877675860822507,0.0,0.0,0.003860107655362303,13.38331433411592,0.0,-1.9380053117856733e-12,4.0194366942304644e-14
439,0.22864583333333333,0.08760098804983552,-0.2310009832668511,0.3000135435794023,321.15382820297265,-16.869670086903067,-36.86967008690319,8.877675860822507,0.0,0.0,0.003860107655362303,13.391034549426644,0.0,-2.9167779302952113e-12,3.1776437161565096e-14
440,0.22916666666666666,0.08757318913120012,-0.23107176494516687,0.30001357673189366,321.33904258875174,-16.885082718605883,-36.88508271860601,8.877675860822507,0.0,0.0,0.003860107655362303,13.39875476473737,0.0,-2.5934809855243657e-13,0.0
441,0.2296875,0.08754539021256473,-0.23114254662348266,0.300013609884385,321.52425697453083,-16.900495350308695,-36.90049535030882,8.877675860820085,0.0,0.0,0.003860107655362203,13.406474980048095,0.0,-4.8760995241536875e-12,1.4210854715202004e-14
442,0.23020833333333332,0.08751759129392934,-0.23121332830179844,0.3000136430368764,321.7094713603099,-16.915907982011507,-36.91590798201164,8.877675860820085,-2.842170943040401e-14,-1.314160019445522e-16,0.003860107655362203,13.414195195358822,0.0,1.4193091146808001e-12,3.1776437161565096e-14
443,0.23072916666666665,0.08748979237529395,-0.23128410998011423,0.30001367618936775,321.894685746089,-16.931320613714323,-36.931320613714455,8.877675860821297,-2.842170943040401e-14,-1.3141600194457014e-16,0.003860107655362303,13.421915410669545,0.0,-1.3766765505351941e-12,1.4210854715202004e-14
444,0.23124999999999998,0.08746199345665855,-0.23135489165843,0.3000137093418591,322.0799001318681,-16.94673324541714,-36.94673324541727,8.877675860821297,-2.842170943040401e-14,-1.3141600194457014e-16,0.003860107655362303,13.429635625980271,0.0,-5.382361223382759e-13,1.4210854715202004e-14
445,0.23177083333333334,0.08743419453802315,-0.2314256733367458,0.3000137424943505,322.2651145176472,-16.962145877119955,-36.962145877120086,8.877675860821297,-2.842170943040401e-14,-1.3141600194457014e-16,0.003860107655362303,13.437355841290996,0.0,-1.5170087408478139e-12,5.684341886080802e-14
446,0.23229166666666667,0.08740639561938775,-0.23149645501506158,0.30001377564684184,322.4503289034263,-16.97755850882277,-36.9775585088229,8.877675860821297,-2.842170943040401e-14,-1.3141600194457014e-16,0.003860107655362303,13.445076056601723,0.0,-6.785683126508957e-13,2.842170943040401e-14
447,0.2328125,0.08737859670075235,-0.23156723669337737,0.3000138087993332,322.6355432892054,-16.992971140525587,-36.99297114052572,8.877675860821297,-2.842170943040401e-14,-1.3141600194457014e-16,0.003860107655362303,13.452796271912447,0.0,-1.6573409311604337e-12,0.0
448,0.23333333333333334,0.08735079778211696,-0.23163801837169315,0.30001384195182457,322.82075767498446,-17.0083837722284,-37.00838377222853,8.877675860818876,2.842170943040401e-14,1.314160019445343e-16,0.0038601076553620058,13.460516487223174,0.0,-2.637889906509372e-12,2.842170943040401e-14
449,0.23385416666666667,0.08732299886348156,-0.23170880005000893,0.30001387510431593,323.00597206076355,-17.023796403931215,-37.02379640393134,8.877675860821297,-2.842170943040401e-14,-1.3141600194457014e-16,0.003860107655362303,13.468236702533897,0.0,-1.7958967646336532e-12,3.1776437161565096e-14
450,0.234375,0.08729519994484616,-0.23177958172832472,0.3000139082568073,323.19118644654264,-17.03920903563403,-37.03920903563416,8.877675860821297,-2.842170943040401e-14,-1.3141600194457014e-16,0.003860107655362303,13.475956917844623,0.0,-9.57456336436735e-13,2.842170943040401e-14
451,0.23489583333333333,0.08726740102621076,-0.2318503634066405,0.30001394140929866,323.37640083232174,-17.054621667336846,-37.054621667336974,8.877675860821297,-2.842170943040401e-14,-1.3141600194457014e-16,0.003860107655362303,13.483677133155348,0.0,-1.1723955140041653e-13,0.0
452,0.23541666666666666,0.08723960210757536,-0.2319211450849563,0.30001397456179,323.5616152181008,-17.070034299039662,-37.07003429903979,8.877675860821297,-2.842170943040401e-14,-1.3141600194457014e-16,0.003860107655362303,13.491397348466075,0.0,-1.0977885267493548e-12,2.842170943040401e-14
453,0.2359375,0.08721180318893997,-0.23199192676327207,0.3000140077142814,323.7468296038799,-17.085446930742478,-37.085446930742606,8.877675860821297,-2.842170943040401e-14,-1.3141600194457014e-16,0.003860107655362303,13.4991175637768,0.0,-2.0765611452588928e-12,3.1776437161565096e-14
454,0.23645833333333333,0.08718400427030457,-0.23206270844158786,0.30001404086677275,323.932043989659,-17.100859562445294,-37.10085956244542,8.877675860821297,-2.842170943040401e-14,-1.3141600194457014e-16,0.003860107655362303,13.506837779087522,0.0,-1.234568003383174e-12,1.4210854715202004e-14
455,0.23697916666666666,0.08715620535166918,-0.23213349011990364,0.3000140740192641,324.1172583754381,-17.116272194148106,-37.11627219414823,8.877675860818876,2.842170943040401e-14,1.314160019445343e-16,0.0038601076553620058,13.514557994398249,0.0,-3.9612757518625585e-13,2.842170943040401e-14
456,0.2375,0.08712840643303378,-0.23220427179821942,0.3000141071717555,324.3024727612172,-17.131684825850922,-37.131684825851046,8.877675860821297,-2.842170943040401e-14,-1.3141600194457014e-16,0.003860107655362303,13.522278209708974,0.0,-1.3749001936957939e-12,3.1776437161565096e-14
457,0.23802083333333332,0.08710060751439838,-0.2322750534765352,0.30001414032424684,324.4876871469963,-17.147097457553738,-37.14709745755386,8.877675860821297,-2.842170943040401e-14,-1.3141600194457014e-16,0.003860107655362303,13.5299984250197,0.0,-2.355449169044732e-12,0.0
458,0.23854166666666665,0.08707280859576298,-0.232345835154851,0.3000141734767382,324.67290153277537,-17.162510089256553,-37.16251008925668,8.877675860821297,-2.842170943040401e-14,-1.3141600194457014e-16,0.003860107655362303,13.537718640330425,0.0,3.0375701953744283e-13,4.263256414560601e-14
459,0.23906249999999998,0.08704500967712758,-0.23241661683316678,0.30001420662922956,324.85811591855446,-17.17792272095937,-37.177922720959494,8.877675860821297,-2.842170943040401e-14,-1.3141600194457014e-16,0.003860107655362303,13.545438855641152,0.0,-2.495781359357352e-12,3.1776437161565096e-14
460,0.23958333333333334,0.08701721075849218,-0.23248739851148256,0.3000142397817209,325.04333030433355,-17.193335352662185,-37.19333535266231,8.877675860821297,-2.842170943040401e-14,-1.3141600194457014e-16,0.003860107655362303,13.553159070951875,0.0,-1.6537882174816332e-12,2.842170943040401e-14
461,0.24010416666666667,0.08698941183985678,-0.23255818018979835,0.3000142729342123,325.22854469011264,-17.208747984365,-37.208747984365125,8.877675860821297,-2.842170943040401e-14,-1.3141600194457014e-16,0.003860107655362303,13.560879286262601,0.0,-8.15347789284715e-13,0.0
462,0.240625,0.0869616129212214,-0.23262896186811413,0.30001430608670365,325.41375907589173,-17.224160616067813,-37.224160616067934,8.877675860818876,5.684341886080802e-14,2.628320038890686e-16,0.0038601076553620058,13.568599501573326,0.0,-1.794120407794253e-12,0.0
463,0.24114583333333334,0.086933814002586,-0.23269974354642992,0.300014339239195,325.5989734616708,-17.23957324777063,-37.23957324777075,8.877675860822507,0.0,0.0,0.003860107655362303,13.576319716884052,0.0,-9.556799795973347e-13,1.2789769243681803e-13
464,0.24166666666666667,0.0869060150839506,-0.2327705252247457,0.3000143723916864,325.7841878474499,-17.254985879473445,-37.254985879473566,8.877675860822507,0.0,0.0,0.003860107655362303,13.584039932194777,0.0,-1.9344525981068728e-12,1.4210854715202004e-14
465,0.2421875,0.0868782161653152,-0.23284130690306148,0.30001440554417774,325.969402233229,-17.27039851117626,-37.27039851117638,8.877675860822507,0.0,0.0,0.003860107655362303,13.591760147505504,0.0,7.229772336359019e-13,0.0
466,0.24270833333333333,0.0868504172466798,-0.23291208858137727,0.3000144386966691,326.1546166190081,-17.285811142879076,-37.2858111428792,8.877675860822507,0.0,0.0,0.003860107655362303,13.599480362816227,0.0,-2.0730084315800923e-12,5.859285502108464e-14
467,0.24322916666666666,0.0868226183280444,-0.23298287025969305,0.30001447184916047,326.3398310047872,-17.301223774581892,-37.30122377458201,8.877675860822507,0.0,0.0,0.003860107655362303,13.607200578126953,0.0,-1.234568003383174e-12,0.0
468,0.24375,0.086794819409409,-0.23305365193800884,0.30001450500165183,326.5250453905663,-17.316636406284708,-37.31663640628483,8.877675860822507,0.0,0.0,0.003860107655362303,13.614920793437678,0.0,-2.213340621892712e-12,2.842170943040401e-14
469,0.24427083333333333,0.08676702049077362,-0.23312443361632462,0.3000145381541432,326.71025977634537,-17.33204903798752,-37.332049037987645,8.877675860820085,0.0,0.0,0.003860107655362203,13.622641008748403,0.0,-1.3731238368563936e-12,3.1776437161565096e-14
470,0.24479166666666666,0.08673922157213823,-0.2331952152946404,0.30001457130663456,326.89547416212446,-17.347461669690333,-37.34746166969046,8.877675860820085,-2.842170943040401e-14,-1.314160019445522e-16,0.003860107655362203,13.63036122405913,0.0,1.284305994886381e-12,0.0
471,0.2453125,0.08671142265350283,-0.2332659969729562,0.3000146044591259,327.08068854790355,-17.36287430139315,-37.362874301393276,8.877675860821297,-2.842170943040401e-14,-1.3141600194457014e-16,0.003860107655362303,13.638081439369852,0.0,-5.149658477421326e-12,3.1776437161565096e-14
472,0.24583333333333332,0.08668362373486743,-0.23333677865127198,0.3000146376116173,327.26590293368264,-17.378286933095964,-37.37828693309609,8.877675860821297,-2.842170943040401e-14,-1.3141600194457014e-16,0.003860107655362303,13.645801654680579,0.0,1.1457501614131615e-12,2.842170943040401e-14
473,0.24635416666666665,0.08665582481623203,-0.23340756032958776,0.30001467076410865,327.45111731946173,-17.39369956479878,-37.39369956479891,8.877675860821297,-2.842170943040401e-14,-1.3141600194457014e-16,0.003860107655362303,13.653521869991303,0.0,-3.4710012641880894e-12,3.1776437161565096e-14
474,0.24687499999999998,0.08662802589759663,-0.23347834200790354,0.3000147039166,327.6363317052408,-17.409112196501596,-37.409112196501724,8.877675860821297,-2.842170943040401e-14,-1.3141600194457014e-16,0.003860107655362303,13.66124208530203,0.0,-8.135714324453147e-13,3.1776437161565096e-14
475,0.24739583333333334,0.08660022697896123,-0.23354912368621933,0.3000147370690914,327.8215460910199,-17.42452482820441,-37.42452482820454,8.877675860821297,-2.842170943040401e-14,-1.3141600194457014e-16,0.003860107655362303,13.668962300612755,0.0,1.8456347561368602e-12,0.0
476,0.24791666666666667,0.08657242806032585,-0.2336199053645351,0.30001477022158274,328.006760476799,-17.439937459907224,-37.43993745990735,8.877675860818876,5.684341886080802e-14,2.628320038890686e-16,0.0038601076553620058,13.676682515923481,0.0,-2.772893026303791e-12,3.1776437161565096e-14
477,0.2484375,0.08654462914169045,-0.2336906870428509,0.3000148033740741,328.1919748625781,-17.45535009161004,-37.455350091610164,8.877675860822507,0.0,0.0,0.003860107655362303,13.684402731234204,0.0,-1.1191048088221578e-13,2.842170943040401e-14
478,0.24895833333333334,0.08651683022305505,-0.23376146872116668,0.30001483652656546,328.3771892483572,-17.470762723312856,-37.47076272331298,8.877675860822507,0.0,0.0,0.003860107655362303,13.69212294654493,0.0,-2.9114488597770105e-12,2.842170943040401e-14
479,0.24947916666666667,0.08648903130441965,-0.23383225039948247,0.30001486967905683,328.5624036341363,-17.48617535501567,-37.486175355015796,8.877675860822507,0.0,0.0,0.003860107655362303,13.699843161855656,0.0,-2.5224267119483557e-13,3.1776437161565096e-14
480,0.25,0.08646123238578425,-0.23390303207779825,0.3000149028315482,328.74761801991536,-17.501587986718487,-37.50158798671861,8.877675860822507,0.0,0.0,0.003860107655362303,13.707563377166382,0.0,-4.870770453635487e-12,2.842170943040401e-14
481,0.2505208333333333,0.08643343346714885,-0.23397381375611404,0.30001493598403955,328.93283240569446,-17.517000618421303,-37.51700061842143,8.877675860822507,0.0,0.0,0.003860107655362303,13.715283592477107,0.0,1.4264145420384011e-12,0.0
482,0.25104166666666666,0.08640563454851345,-0.23404459543442982,0.3000149691365309,329.11804679147355,-17.53241325012412,-37.53241325012424,8.877675860822507,0.0,0.0,0.003860107655362303,13.723003807787833,0.0,-1.3731238368563936e-12,2.842170943040401e-14
483,0.2515625,0.08637783562987807,-0.2341153771127456,0.3000150022890223,329.30326117725264,-17.54782588182693,-37.54782588182706,8.877675860820085,0.0,0.0,0.003860107655362203,13.730724023098556,0.0,-2.3501200985265314e-12,4.0194366942304644e-14
484,0.2520833333333333,0.08635003671124268,-0.2341861587910614,0.30001503544151364,329.4884755630317,-17.563238513529743,-37.563238513529875,8.877675860820085,-2.842170943040401e-14,-1.314160019445522e-16,0.003860107655362203,13.738444238409281,0.0,3.090860900556436e-13,1.4210854715202004e-14
485,0.2526041666666667,0.08632223779260728,-0.23425694046937717,0.300015068594005,329.6736899488108,-17.57865114523256,-37.57865114523269,8.877675860821297,-2.842170943040401e-14,-1.3141600194457014e-16,0.003860107655362303,13.746164453720008,0.0,-2.490452288839151e-12,0.0
486,0.253125,0.08629443887397188,-0.23432772214769296,0.30001510174649637,329.8589043345899,-17.594063776935375,-37.594063776935506,8.877675860821297,-2.842170943040401e-14,-1.3141600194457014e-16,0.003860107655362303,13.753884669030732,0.0,-1.6502355038028327e-12,3.1776437161565096e-14
487,0.25364583333333335,0.08626663995533648,-0.23439850382600874,0.30001513489898773,330.044118720369,-17.60947640863819,-37.60947640863832,8.877675860821297,-2.842170943040401e-14,-1.3141600194457014e-16,0.003860107655362303,13.761604884341459,0.0,-8.117950756059145e-13,2.842170943040401e-14
488,0.25416666666666665,0.08623884103670108,-0.23446928550432453,0.3000151680514791,330.2293331061481,-17.624889040341007,-37.62488904034114,8.877675860821297,-2.842170943040401e-14,-1.3141600194457014e-16,0.003860107655362303,13.769325099652182,0.0,-3.6077807408219087e-12,1.4210854715202004e-14
489,0.2546875,0.08621104211806568,-0.2345400671826403,0.30001520120397046,330.4145474919272,-17.640301672043822,-37.640301672043954,8.877675860821297,-2.842170943040401e-14,-1.3141600194457014e-16,0.003860107655362303,13.777045314962908,0.0,-9.50350909079134e-13,4.0194366942304644e-14
490,0.2552083333333333,0.0861832431994303,-0.2346108488609561,0.3000152343564618,330.59976187770627,-17.655714303746635,-37.65571430374676,8.877675860818876,2.842170943040401e-14,1.314160019445343e-16,0.0038601076553620058,13.784765530273633,0.0,1.708855279503041e-12,2.842170943040401e-14
491,0.2557291666666667,0.0861554442807949,-0.23468163053927188,0.3000152675089532,330.78497626348536,-17.67112693544945,-37.67112693544958,8.877675860821297,-2.842170943040401e-14,-1.3141600194457014e-16,0.003860107655362303,13.79248574558436,0.0,-1.0906830993917538e-12,2.842170943040401e-14
492,0.25625,0.0861276453621595,-0.23475241221758766,0.30001530066144455,330.97019064926445,-17.686539567152266,-37.686539567152394,8.877675860821297,-2.842170943040401e-14,-1.3141600194457014e-16,0.003860107655362303,13.800205960895084,0.0,-2.504663143554353e-13,0.0
493,0.25677083333333334,0.0860998464435241,-0.23482319389590345,0.3000153338139359,331.15540503504354,-17.701952198855082,-37.70195219885521,8.877675860821297,-2.842170943040401e-14,-1.3141600194457014e-16,0.003860107655362303,13.807926176205811,0.0,-4.8689940967960865e-12,3.1776437161565096e-14
494,0.25729166666666664,0.0860720475248887,-0.23489397557421923,0.3000153669664273,331.34061942082263,-17.717364830557898,-37.717364830558026,8.877675860821297,-2.842170943040401e-14,-1.3141600194457014e-16,0.003860107655362303,13.815646391516534,0.0,-3.8902214782865485e-13,3.1776437161565096e-14
495,0.2578125,0.0860442486062533,-0.23496475725253502,0.30001540011891864,331.5258338066017,-17.732777462260714,-37.73277746226084,8.877675860821297,-2.842170943040401e-14,-1.3141600194457014e-16,0.003860107655362303,13.82336660682726,0.0,4.4941828036826337e-13,3.1776437161565096e-14
496,0.2583333333333333,0.0860164496876179,-0.2350355389308508,0.30001543327141,331.7110481923808,-17.74819009396353,-37.74819009396366,8.877675860821297,-2.842170943040401e-14,-1.3141600194457014e-16,0.003860107655362303,13.831086822137985,0.0,-4.1673331452329876e-12,3.1776437161565096e-14
497,0.25885416666666666,0.08598865076898252,-0.23510632060916659,0.30001546642390137,331.8962625781599,-17.763602725666342,-37.763602725666466,8.877675860818876,2.842170943040401e-14,1.314160019445343e-16,0.0038601076553620058,13.838807037448712,0.0,3.090860900556436e-13,2.842170943040401e-14
498,0.259375,0.08596085185034712,-0.23517710228748237,0.30001549957639273,332.081476963939,-17.779015357369158,-37.77901535736928,8.877675860821297,-2.842170943040401e-14,-1.3141600194457014e-16,0.003860107655362303,13.846527252759437,0.0,-6.696865284538944e-13,3.1776437161565096e-14
499,0.2598958333333333,0.08593305293171172,-0.23524788396579815,0.3000155327288841,332.2666913497181,-17.794427989071973,-37.7944279890721,8.877675860821297,-2.842170943040401e-14,-1.3141600194457014e-16,0.003860107655362303,13.854247468070163,0.0,-5.288214310894546e-12,2.842170943040401e-14
500,0.2604166666666667,0.08590525401307632,-0.23531866564411394,0.30001556588137546,332.4519057354972,-17.80984062077479,-37.809840620774914,8.877675860821297,-2.842170943040401e-14,-1.3141600194457014e-16,0.003860107655362303,13.861967683380886,0.0,1.0107470416187425e-12,1.180442248897588e-13
501,0.2609375,0.08587745509444092,-0.23538944732242972,0.3000155990338668,332.63712012127627,-17.825253252477605,-37.82525325247773,8.877675860821297,-2.842170943040401e-14,-1.3141600194457014e-16,0.003860107655362303,13.86968789869161,0.0,-1.787014980436652e-12,3.1776437161565096e-14
502,0.26145833333333335,0.08584965617580552,-0.2354602290007455,0.3000156321863582,332.82233450705536,-17.84066588418042,-37.840665884180545,8.877675860821297,-2.842170943040401e-14,-1.3141600194457014e-16,0.003860107655362303,13.877408114002337,0.0,8.704148513061227e-13,0.0
503,0.26197916666666665,0.08582185725717012,-0.2355310106790613,0.30001566533884955,333.00754889283445,-17.856078515883237,-37.85607851588336,8.877675860821297,-2.842170943040401e-14,-1.3141600194457014e-16,0.003860107655362303,13.885128329313062,0.0,-1.9273471707492718e-12,3.1776437161565096e-14
504,0.2625,0.08579405833853473,-0.23560179235737708,0.3000156984913409,333.19276327861354,-17.87149114758605,-37.87149114758617,8.877675860818876,5.684341886080802e-14,2.628320038890686e-16,0.0038601076553620058,13.892848544623789,0.0,-2.90789614609821e-12,1.4210854715202004e-14
505,0.2630208333333333,0.08576625941989933,-0.23567257403569286,0.3000157316438323,333.37797766439263,-17.886903779288865,-37.886903779288986,8.877675860822507,0.0,0.0,0.003860107655362303,13.900568759934512,0.0,-2.469136006766348e-13,2.842170943040401e-14
506,0.2635416666666667,0.08573846050126394,-0.23574335571400865,0.30001576479632364,333.5631920501717,-17.90231641099168,-37.9023164109918,8.877675860822507,0.0,0.0,0.003860107655362303,13.908288975245238,0.0,-1.227462576025573e-12,1.4210854715202004e-14
507,0.2640625,0.08571066158262854,-0.23581413739232443,0.300015797948815,333.7484064359508,-17.917729042694496,-37.91772904269462,8.877675860822507,0.0,0.0,0.003860107655362303,13.916009190555963,0.0,-3.872457909892546e-13,1.4210854715202004e-14
508,0.26458333333333334,0.08568286266399314,-0.23588491907064021,0.30001583110130636,333.9336208217299,-17.933141674397312,-37.93314167439743,8.877675860822507,0.0,0.0,0.003860107655362303,13.92372940586669,0.0,-1.3677947663381929e-12,3.1776437161565096e-14
509,0.26510416666666664,0.08565506374535774,-0.235955700748956,0.3000158642537977,334.118835207509,-17.948554306100128,-37.94855430610025,8.877675860822507,0.0,0.0,0.003860107655362303,13.931449621177414,0.0,-4.165556788393587e-12,2.842170943040401e-14
510,0.265625,0.08562726482672234,-0.23602648242727178,0.3000158974062891,334.3040495932881,-17.963966937802944,-37.963966937803065,8.877675860822507,0.0,0.0,0.003860107655362303,13.93916983648814,0.0,2.1298518504409003e-12,3.1776437161565096e-14
511,0.2661458333333333,0.08559946590808695,-0.23609726410558757,0.30001593055878045,334.4892639790672,-17.979379569505756,-37.97937956950588,8.877675860820085,0.0,0.0,0.003860107655362203,13.946890051798864,0.0,-2.4851232183209504e-12,1.4210854715202004e-14
512,0.26666666666666666,0.08557166698945157,-0.23616804578390335,0.3000159637112718,334.67447836484627,-17.99479220120857,-37.994792201208696,8.877675860820085,-2.842170943040401e-14,-1.314160019445522e-16,0.003860107655362203,13.95461026710959,0.0,-1.6466827901240322e-12,0.0
513,0.2671875,0.08554386807081617,-0.23623882746221914,0.3000159968637632,334.85969275062536,-18.010204832911384,-38.01020483291151,8.877675860821297,-2.842170943040401e-14,-1.3141600194457014e-16,0.003860107655362303,13.962330482420315,0.0,-2.62545540863357e-12,1.4210854715202004e-14
514,0.2677083333333333,0.08551606915218077,-0.23630960914053492,0.30001603001625454,335.04490713640445,-18.0256174646142,-38.02561746461433,8.877675860821297,-2.842170943040401e-14,-1.3141600194457014e-16,0.003860107655362303,13.970050697731041,0.0,-1.787014980436652e-12,3.1776437161565096e-14
515,0.2682291666666667,0.08548827023354537,-0.2363803908188507,0.3000160631687459,335.23012152218354,-18.041030096317016,-38.041030096317144,8.877675860821297,-2.842170943040401e-14,-1.3141600194457014e-16,0.003860107655362303,13.977770913041766,0.0,8.72191208145523e-13,2.842170943040401e-14
516,0.26875,0.08546047131490997,-0.2364511724971665,0.30001609632123727,335.41533590796263,-18.05644272801983,-38.05644272801996,8.877675860821297,-2.842170943040401e-14,-1.3141600194457014e-16,0.003860107655362303,13.98549112835249,0.0,-1.9237944570704713e-12,1.4210854715202004e-14
517,0.26927083333333335,0.08543267239627457,-0.23652195417548227,0.30001612947372863,335.6005502937417,-18.071855359722647,-38.071855359722775,8.877675860821297,-2.842170943040401e-14,-1.3141600194457014e-16,0.003860107655362303,13.993211343663216,0.0,7.336353746723034e-13,2.842170943040401e-14
518,0.26979166666666665,0.08540487347763918,-0.23659273585379806,0.30001616262622,335.7857646795208,-18.08726799142546,-38.087267991425584,8.877675860818876,5.684341886080802e-14,2.628320038890686e-16,0.0038601076553620058,14.00093155897394,0.0,-3.8831160509289475e-12,3.1776437161565096e-14
519,0.2703125,0.08537707455900378,-0.23666351753211384,0.30001619577871136,335.9709790652999,-18.102680623128276,-38.1026806231284,8.877675860822507,5.684341886080802e-14,2.6283200388917607e-16,0.003860107655362303,14.008651774284667,0.0,-1.2256862191861728e-12,4.263256414560601e-14
520,0.2708333333333333,0.08534927564036839,-0.23673429921042963,0.3000162289312027,336.156193451079,-18.11809325483109,-38.118093254831216,8.877675860822507,0.0,0.0,0.003860107655362303,14.016371989595392,0.0,-3.8546943414985435e-13,1.4210854715202004e-14
521,0.2713541666666667,0.08532147672173299,-0.2368050808887454,0.3000162620836941,336.3414078368581,-18.133505886533907,-38.13350588653403,8.877675860822507,0.0,0.0,0.003860107655362303,14.024092204906118,0.0,-3.185007813044649e-12,3.1776437161565096e-14
522,0.271875,0.08529367780309759,-0.2368758625670612,0.30001629523618545,336.5266222226372,-18.148918518236723,-38.14891851823685,8.877675860822507,0.0,0.0,0.003860107655362303,14.031812420216841,0.0,1.2949641359227826e-12,2.842170943040401e-14
523,0.27239583333333334,0.08526587888446219,-0.23694664424537698,0.3000163283886768,336.71183660841626,-18.16433114993954,-38.16433114993966,8.877675860822507,0.0,0.0,0.003860107655362303,14.039532635527568,0.0,-3.3235636465178686e-12,1.4210854715202004e-14
524,0.27291666666666664,0.08523807996582679,-0.23701742592369276,0.3000163615411682,336.89705099419535,-18.179743781642355,-38.17974378164248,8.877675860822507,0.0,0.0,0.003860107655362303,14.047252850838293,0.0,-2.48334686148155e-12,3.1776437161565096e-14
525,0.2734375,0.0852102810471914,-0.23708820760200855,0.30001639469365954,337.08226537997444,-18.195156413345167,-38.195156413345295,8.877675860820085,0.0,0.0,0.003860107655362203,14.054973066149019,0.0,1.7408297026122455e-13,0.0
526,0.2739583333333333,0.08518248212855602,-0.23715898928032433,0.3000164278461509,337.26747976575354,-18.21056904504798,-38.21056904504811,8.877675860820085,2.842170943040401e-14,1.314160019445522e-16,0.003860107655362203,14.062693281459744,0.0,-2.62367905179417e-12,3.1776437161565096e-14
527,0.27447916666666666,0.08515468320992062,-0.23722977095864012,0.30001646099864226,337.4526941515326,-18.225981676750795,-38.225981676750926,8.877675860821297,-2.842170943040401e-14,-1.3141600194457014e-16,0.003860107655362303,14.07041349677047,0.0,1.8527401834944612e-12,0.0
528,0.275,0.08512688429128522,-0.2373005526369559,0.30001649415113363,337.6379085373117,-18.24139430845361,-38.24139430845374,8.877675860821297,-2.842170943040401e-14,-1.3141600194457014e-16,0.003860107655362303,14.078133712081193,0.0,-9.43245481721533e-13,1.4210854715202004e-14
529,0.2755208333333333,0.08509908537264982,-0.2373713343152717,0.300016527303625,337.8231229230908,-18.256806940156427,-38.25680694015656,8.877675860821297,-2.842170943040401e-14,-1.3141600194457014e-16,0.003860107655362303,14.08585392739192,0.0,-5.561773264162184e-12,5.859285502108464e-14
530,0.2760416666666667,0.08507128645401442,-0.23744211599358747,0.30001656045611635,338.0083373088699,-18.272219571859242,-38.272219571859374,8.877675860821297,-2.842170943040401e-14,-1.3141600194457014e-16,0.003860107655362303,14.093574142702645,0.0,2.55440113505756e-12,0.0
531,0.2765625,0.08504348753537902,-0.23751289767190326,0.3000165936086077,338.193551694649,-18.287632203562058,-38.28763220356219,8.877675860821297,-2.842170943040401e-14,-1.3141600194457014e-16,0.003860107655362303,14.10129435801337,0.0,-2.0623502905436908e-12,1.4210854715202004e-14
532,0.27708333333333335,0.08501568861674363,-0.23758367935021904,0.3000166267610991,338.3787660804281,-18.30304483526487,-38.303044835265,8.877675860818876,2.842170943040401e-14,1.314160019445343e-16,0.0038601076553620058,14.109014573324096,0.0,-3.042899265892629e-12,1.4210854715202004e-14
533,0.27760416666666665,0.08498788969810823,-0.23765446102853482,0.30001665991359044,338.56398046620717,-18.318457466967686,-38.318457466967814,8.877675860821297,2.842170943040401e-14,1.3141600194457014e-16,0.003860107655362303,14.116734788634819,0.0,-2.2009061240169103e-12,1.4210854715202004e-14
534,0.278125,0.08496009077947284,-0.2377252427068506,0.3000166930660818,338.74919485198626,-18.333870098670502,-38.33387009867063,8.877675860821297,-2.842170943040401e-14,-1.3141600194457014e-16,0.003860107655362303,14.124455003945545,0.0,-1.3624656958199921e-12,3.1776437161565096e-14
535,0.2786458333333333,0.08493229186083744,-0.2377960243851664,0.30001672621857317,338.93440923776535,-18.349282730373318,-38.349282730373446,8.877675860821297,-2.842170943040401e-14,-1.3141600194457014e-16,0.003860107655362303,14.13217521925627,0.0,1.2967404927621828e-12,2.842170943040401e-14
536,0.2791666666666667,0.08490449294220204,-0.23786680606348218,0.30001675937106453,339.11962362354444,-18.364695362076134,-38.36469536207626,8.877675860821297,-2.842170943040401e-14,-1.3141600194457014e-16,0.003860107655362303,14.139895434566997,0.0,-3.3217872896784684e-12,3.1776437161565096e-14
537,0.2796875,0.08487669402356664,-0.23793758774179796,0.3000167925235559,339.30483800932353,-18.38010799377895,-38.38010799377908,8.877675860821297,-2.842170943040401e-14,-1.3141600194457014e-16,0.003860107655362303,14.147615649877721,0.0,-2.48157050464215e-12,1.1368683772161603e-13
538,0.28020833333333334,0.08484889510493124,-0.23800836942011375,0.30001682567604726,339.4900523951026,-18.395520625481765,-38.39552062548189,8.877675860821297,-2.842170943040401e-14,-1.3141600194457014e-16,0.003860107655362303,14.155335865188448,0.0,1.758593271006248e-13,3.1776437161565096e-14
539,0.28072916666666664,0.08482109618629585,-0.23807915109842953,0.3000168588285386,339.6752667808817,-18.410933257184578,-38.4109332571847,8.877675860818876,2.842170943040401e-14,1.314160019445343e-16,0.0038601076553620058,14.163056080499171,0.0,-2.6201263381153694e-12,2.842170943040401e-14
540,0.28125,0.08479329726766045,-0.23814993277674532,0.30001689198103,339.8604811666608,-18.426345888887393,-38.42634588888752,8.877675860821297,2.842170943040401e-14,1.3141600194457014e-16,0.003860107655362303,14.170776295809898,0.0,1.8562928971732617e-12,1.4210854715202004e-14
541,0.2817708333333333,0.08476549834902505,-0.2382207144550611,0.30001692513352135,340.0456955524399,-18.44175852059021,-38.441758520590334,8.877675860821297,-2.842170943040401e-14,-1.3141600194457014e-16,0.003860107655362303,14.178496511120622,0.0,-4.579447931973846e-12,3.1776437161565096e-14
542,0.28229166666666666,0.08473769943038965,-0.23829149613337688,0.3000169582860127,340.230909938219,-18.457171152293025,-38.45717115229315,8.877675860821297,-2.842170943040401e-14,-1.3141600194457014e-16,0.003860107655362303,14.186216726431349,0.0,1.715960706860642e-12,2.842170943040401e-14
543,0.2828125,0.08470990051175425,-0.23836227781169267,0.3000169914385041,340.4161243239981,-18.47258378399584,-38.472583783995965,8.877675860821297,-2.842170943040401e-14,-1.3141600194457014e-16,0.003860107655362303,14.193936941742074,0.0,-1.0818013151947525e-12,3.1776437161565096e-14
544,0.2833333333333333,0.08468210159311886,-0.23843305949000845,0.30001702459099544,340.60133870977717,-18.487996415698657,-38.48799641569878,8.877675860821297,-2.842170943040401e-14,-1.3141600194457014e-16,0.003860107655362303,14.2016571570528,0.0,-5.700329097635404e-12,4.0194366942304644e-14
545,0.2838541666666667,0.08465430267448346,-0.23850384116832424,0.3000170577434868,340.78655309555626,-18.503409047401473,-38.5034090474016,8.877675860821297,-2.842170943040401e-14,-1.3141600194457014e-16,0.003860107655362303,14.209377372363523,0.0,5.986322548778844e-13,2.842170943040401e-14
546,0.284375,0.08462650375584807,-0.23857462284664002,0.30001709089597817,340.97176748133535,-18.518821679104285,-38.518821679104406,8.877675860818876,5.684341886080802e-14,2.628320038890686e-16,0.0038601076553620058,14.217097587674248,0.0,-2.19912976717751e-12,3.1776437161565096e-14
547,0.28489583333333335,0.08459870483721267,-0.2386454045249558,0.30001712404846953,341.15698186711444,-18.5342343108071,-38.53423431080722,8.877675860822507,5.684341886080802e-14,2.6283200388917607e-16,0.003860107655362303,14.224817802984974,0.0,4.583000645652646e-13,0.0
548,0.28541666666666665,0.08457090591857727,-0.2387161862032716,0.3000171572009609,341.34219625289353,-18.549646942509916,-38.54964694251004,8.877675860822507,0.0,0.0,0.003860107655362303,14.232538018295699,0.0,-4.158451361035986e-12,3.1776437161565096e-14
549,0.2859375,0.08454310699994187,-0.23878696788158738,0.30001719035345226,341.5274106386726,-18.565059574212732,-38.56505957421285,8.877675860822507,0.0,0.0,0.003860107655362303,14.240258233606426,0.0,-1.5010215292932116e-12,2.842170943040401e-14
550,0.2864583333333333,0.08451530808130647,-0.23885774955990316,0.3000172235059436,341.7126250244517,-18.580472205915548,-38.58047220591567,8.877675860822507,0.0,0.0,0.003860107655362303,14.247978448917149,0.0,2.97895041967422e-12,1.4210854715202004e-14
551,0.2869791666666667,0.08448750916267107,-0.23892853123821894,0.300017256658435,341.8978394102308,-18.595884837618364,-38.595884837618485,8.877675860822507,0.0,0.0,0.003860107655362303,14.255698664227875,0.0,-5.277556169858144e-12,3.1776437161565096e-14
552,0.2875,0.08445971024403567,-0.23899931291653473,0.30001728981092635,342.0830537960099,-18.61129746932118,-38.6112974693213,8.877675860822507,0.0,0.0,0.003860107655362303,14.2634188795386,0.0,1.0196288258157438e-12,2.842170943040401e-14
553,0.28802083333333334,0.08443191132540029,-0.2390700945948505,0.3000173229634177,342.268268181789,-18.626710101023992,-38.626710101024116,8.877675860820085,0.0,0.0,0.003860107655362203,14.271139094849326,0.0,-1.779909553079051e-12,1.4210854715202004e-14
554,0.28854166666666664,0.0844041124067649,-0.2391408762731663,0.3000173561159091,342.4534825675681,-18.642122732726804,-38.64212273272693,8.877675860820085,2.842170943040401e-14,1.314160019445522e-16,0.003860107655362203,14.278859310160051,0.0,-2.758682171588589e-12,3.1776437161565096e-14
555,0.2890625,0.0843763134881295,-0.23921165795148208,0.30001738926840044,342.63869695334716,-18.65753536442962,-38.65753536442975,8.877675860821297,-2.842170943040401e-14,-1.3141600194457014e-16,0.003860107655362303,14.286579525470778,0.0,-1.9202417433916708e-12,2.842170943040401e-14
556,0.2895833333333333,0.0843485145694941,-0.23928243962979787,0.3000174224208918,342.82391133912625,-18.672947996132436,-38.672947996132564,8.877675860821297,-2.842170943040401e-14,-1.3141600194457014e-16,0.003860107655362303,14.2942997407815,0.0,7.407408020299044e-13,2.842170943040401e-14
557,0.29010416666666666,0.0843207156508587,-0.23935322130811365,0.30001745557338316,343.00912572490535,-18.68836062783525,-38.68836062783538,8.877675860821297,-2.842170943040401e-14,-1.3141600194457014e-16,0.003860107655362303,14.302019956092227,0.0,1.5791812302268227e-12,0.0
558,0.290625,0.0842929167322233,-0.23942400298642944,0.3000174887258745,343.19434011068444,-18.703773259538067,-38.703773259538195,8.877675860821297,-2.842170943040401e-14,-1.3141600194457014e-16,0.003860107655362303,14.309740171402952,0.0,-4.856559598920285e-12,3.1776437161565096e-14
559,0.2911458333333333,0.0842651178135879,-0.23949478466474522,0.3000175218783659,343.3795544964635,-18.719185891240883,-38.71918589124101,8.877675860821297,-2.842170943040401e-14,-1.3141600194457014e-16,0.003860107655362303,14.317460386713678,0.0,-2.19912976717751e-12,2.842170943040401e-14
560,0.2916666666666667,0.08423731889495252,-0.239565566343061,0.30001755503085725,343.5647688822426,-18.734598522943696,-38.73459852294382,8.877675860818876,5.684341886080802e-14,2.628320038890686e-16,0.0038601076553620058,14.325180602024403,0.0,4.600764214046649e-13,3.1776437161565096e-14
561,0.2921875,0.08420951997631712,-0.2396363480213768,0.3000175881833486,343.7499832680217,-18.75001115464651,-38.750011154646636,8.877675860822507,5.684341886080802e-14,2.6283200388917607e-16,0.003860107655362303,14.332900817335126,0.0,-4.154898647357186e-12,1.4210854715202004e-14
562,0.29270833333333335,0.08418172105768172,-0.23970712969969257,0.30001762133584,343.9351976538008,-18.765423786349327,-38.76542378634945,8.877675860822507,0.0,0.0,0.003860107655362303,14.340621032645853,0.0,3.2152058793144533e-13,2.842170943040401e-14
563,0.29322916666666665,0.08415392213904632,-0.23977791137800836,0.30001765448833134,344.1204120395799,-18.780836418052143,-38.78083641805227,8.877675860822507,0.0,0.0,0.003860107655362303,14.348341247956578,0.0,-2.476241434123949e-12,3.1776437161565096e-14
564,0.29375,0.08412612322041092,-0.23984869305632414,0.3000176876408227,344.305626425359,-18.79624904975496,-38.79624904975508,8.877675860822507,0.0,0.0,0.003860107655362303,14.356061463267304,0.0,1.8118839761882555e-13,1.4210854715202004e-14
565,0.2942708333333333,0.08409832430177552,-0.23991947473463993,0.30001772079331407,344.49084081113807,-18.811661681457775,-38.8116616814579,8.877675860822507,0.0,0.0,0.003860107655362303,14.363781678578029,0.0,-7.975842208907125e-13,2.842170943040401e-14
566,0.2947916666666667,0.08407052538314012,-0.2399902564129557,0.30001775394580543,344.67605519691716,-18.82707431316059,-38.827074313160715,8.877675860822507,0.0,0.0,0.003860107655362303,14.371501893888755,0.0,-1.7781331962396507e-12,3.1776437161565096e-14
567,0.2953125,0.08404272646450474,-0.2400610380912715,0.3000177870982968,344.86126958269625,-18.842486944863403,-38.84248694486353,8.877675860820085,0.0,0.0,0.003860107655362203,14.379222109199478,0.0,8.828493491819245e-13,0.0
568,0.29583333333333334,0.08401492754586935,-0.24013181976958728,0.30001782025078816,345.04648396847534,-18.857899576566215,-38.857899576566346,8.877675860820085,2.842170943040401e-14,1.314160019445522e-16,0.003860107655362203,14.386942324510205,0.0,-3.735678433258727e-12,6.355287432313019e-14
569,0.29635416666666664,0.08398712862723395,-0.24020260144790306,0.3000178534032795,345.23169835425443,-18.87331220826903,-38.87331220826916,8.877675860821297,-2.842170943040401e-14,-1.3141600194457014e-16,0.003860107655362303,14.39466253982093,0.0,-2.8954616482224083e-12,2.842170943040401e-14
570,0.296875,0.08395932970859855,-0.24027338312621885,0.3000178865557709,345.4169127400335,-18.888724839971847,-38.88872483997198,8.877675860821297,-2.842170943040401e-14,-1.3141600194457014e-16,0.003860107655362303,14.402382755131656,0.0,1.580957587066223e-12,3.1776437161565096e-14
571,0.2973958333333333,0.08393153078996315,-0.24034416480453463,0.30001791970826225,345.6021271258126,-18.904137471674662,-38.904137471674794,8.877675860821297,-2.842170943040401e-14,-1.3141600194457014e-16,0.003860107655362303,14.41010297044238,0.0,-3.035793838535028e-12,1.4210854715202004e-14
572,0.29791666666666666,0.08390373187132776,-0.24041494648285042,0.3000179528607536,345.7873415115917,-18.919550103377478,-38.91955010337761,8.877675860821297,-2.842170943040401e-14,-1.3141600194457014e-16,0.003860107655362303,14.417823185753107,0.0,1.4406253967536031e-12,2.842170943040401e-14
573,0.2984375,0.08387593295269236,-0.2404857281611662,0.300017986013245,345.9725558973708,-18.934962735080294,-38.934962735080425,8.877675860821297,-2.842170943040401e-14,-1.3141600194457014e-16,0.003860107655362303,14.42554340106383,0.0,-3.1743496720082476e-12,3.1776437161565096e-14
574,0.2989583333333333,0.08384813403405697,-0.24055650983948199,0.30001801916573634,346.1577702831499,-18.950375366783106,-38.950375366783234,8.877675860818876,2.842170943040401e-14,1.314160019445343e-16,0.0038601076553620058,14.433263616374557,0.0,-4.154898647357186e-12,1.180442248897588e-13
575,0.2994791666666667,0.08382033511542157,-0.24062729151779777,0.3000180523182277,346.342984668929,-18.965787998485922,-38.96578799848605,8.877675860821297,2.842170943040401e-14,1.3141600194457014e-16,0.003860107655362303,14.440983831685282,0.0,3.232969447708456e-13,0.0
576,0.3,0.08379253619678617,-0.24069807319611355,0.30001808547071906,346.52819905470807,-18.981200630188738,-38.981200630188866,8.877675860821297,-2.842170943040401e-14,-1.3141600194457014e-16,0.003860107655362303,14.448704046996006,0.0,-6.554756737386924e-13,3.1776437161565096e-14
577,0.30052083333333335,0.08376473727815077,-0.24076885487442934,0.30001811862321043,346.71341344048716,-18.996613261891554,-38.99661326189168,8.877675860821297,-2.842170943040401e-14,-1.3141600194457014e-16,0.003860107655362303,14.456424262306733,0.0,1.829647544582258e-13,2.842170943040401e-14
578,0.30104166666666665,0.08373693835951537,-0.24083963655274512,0.3000181517757018,346.89862782626625,-19.01202589359437,-39.0120258935945,8.877675860821297,-2.842170943040401e-14,-1.3141600194457014e-16,0.003860107655362303,14.464144477617456,0.0,-2.6130209107577684e-12,0.0
579,0.3015625,0.08370913944087997,-0.2409104182310609,0.30001818492819315,347.08384221204534,-19.027438525297185,-39.02743852529731,8.877675860821297,-2.842170943040401e-14,-1.3141600194457014e-16,0.003860107655362303,14.471864692928182,0.0,-3.5935698861067067e-12,3.1776437161565096e-14
580,0.3020833333333333,0.08368134052224457,-0.2409811999093767,0.3000182180806845,347.26905659782443,-19.042851157,-39.04285115700013,8.877675860821297,-2.842170943040401e-14,-1.3141600194457014e-16,0.003860107655362303,14.479584908238907,0.0,-9.343636975245317e-13,2.842170943040401e-14
581,0.3026041666666667,0.08365354160360919,-0.24105198158769248,0.3000182512331759,347.4542709836035,-19.058263788702813,-39.05826378870294,8.877675860818876,2.842170943040401e-14,1.314160019445343e-16,0.0038601076553620058,14.487305123549634,0.0,-1.91491267287347e-12,3.1776437161565096e-14
582,0.303125,0.08362574268497379,-0.24112276326600826,0.30001828438566724,347.6394853693826,-19.07367642040563,-39.073676420405754,8.877675860821297,2.842170943040401e-14,1.3141600194457014e-16,0.003860107655362303,14.495025338860358,0.0,-1.0746958878371515e-12,0.0
583,0.30364583333333334,0.08359794376633839,-0.24119354494432405,0.3000183175381586,347.8246997551617,-19.089089052108445,-39.08908905210857,8.877675860821297,-2.842170943040401e-14,-1.3141600194457014e-16,0.003860107655362303,14.502745554171085,0.0,-2.362554596402333e-13,3.1776437161565096e-14
584,0.30416666666666664,0.08357014484770299,-0.24126432662263983,0.30001835069064997,348.0099141409408,-19.10450168381126,-39.104501683811385,8.877675860821297,-2.842170943040401e-14,-1.3141600194457014e-16,0.003860107655362303,14.510465769481808,0.0,-3.0322411248562275e-12,3.1776437161565096e-14
585,0.3046875,0.08354234592906759,-0.24133510830095561,0.30001838384314133,348.1951285267199,-19.119914315514077,-39.1199143155142,8.877675860821297,-2.842170943040401e-14,-1.3141600194457014e-16,0.003860107655362303,14.518185984792535,0.0,1.4441781104324036e-12,0.0
586,0.3052083333333333,0.08351454701043219,-0.2414058899792714,0.3000184169956327,348.380342912499,-19.135326947216893,-39.13532694721702,8.877675860821297,-2.842170943040401e-14,-1.3141600194457014e-16,0.003860107655362303,14.52590620010326,0.0,-3.1725733151688473e-12,3.1776437161565096e-14
587,0.30572916666666666,0.08348674809179679,-0.24147667165758718,0.30001845014812406,348.56555729827807,-19.15073957891971,-39.15073957891983,8.877675860821297,-2.842170943040401e-14,-1.3141600194457014e-16,0.003860107655362303,14.533626415413986,0.0,-5.151434834260726e-13,2.842170943040401e-14
588,0.30625,0.0834589491731614,-0.24154745333590297,0.3000184833006154,348.75077168405716,-19.16615221062252,-39.16615221062264,8.877675860818876,5.684341886080802e-14,2.628320038890686e-16,0.0038601076553620058,14.54134663072471,0.0,-1.4939161019356106e-12,2.842170943040401e-14
589,0.3067708333333333,0.08343115025452601,-0.24161823501421875,0.3000185164531068,348.93598606983625,-19.181564842325336,-39.18156484232546,8.877675860822507,5.684341886080802e-14,2.6283200388917607e-16,0.003860107655362303,14.549066846035437,0.0,-6.554756737386924e-13,1.4210854715202004e-14
590,0.3072916666666667,0.08340335133589061,-0.24168901669253454,0.30001854960559815,349.12120045561534,-19.196977474028152,-39.19697747402827,8.877675860822507,0.0,0.0,0.003860107655362303,14.55678706134616,0.0,-1.6324719354088302e-12,0.0
591,0.3078125,0.08337555241725521,-0.24175979837085032,0.3000185827580895,349.3064148413944,-19.212390105730968,-39.21239010573109,8.877675860822507,0.0,0.0,0.003860107655362303,14.564507276656885,0.0,-4.430233957464225e-12,6.355287432313019e-14
592,0.30833333333333335,0.08334775349861981,-0.2418305800491661,0.3000186159105809,349.4916292271735,-19.227802737433784,-39.227802737433905,8.877675860822507,0.0,0.0,0.003860107655362303,14.572227491967611,0.0,4.618527782440651e-14,5.684341886080802e-14
593,0.30885416666666665,0.08331995457998441,-0.2419013617274819,0.30001864906307224,349.6768436129526,-19.2432153691366,-39.24321536913672,8.877675860822507,0.0,0.0,0.003860107655362303,14.579947707278336,0.0,-9.325873406851315e-13,6.355287432313019e-14
594,0.309375,0.08329215566134901,-0.24197214340579767,0.3000186822155636,349.8620579987317,-19.258628000839416,-39.258628000839536,8.877675860822507,0.0,0.0,0.003860107655362303,14.587667922589063,0.0,-3.732125719579926e-12,1.4210854715202004e-14
595,0.3098958333333333,0.08326435674271362,-0.24204292508411346,0.30001871536805497,350.0472723845108,-19.274040632542228,-39.27404063254235,8.877675860820085,0.0,0.0,0.003860107655362203,14.595388137899786,0.0,7.478462293875054e-13,0.0
596,0.3104166666666667,0.08323655782407824,-0.24211370676242924,0.30001874852054633,350.2324867702899,-19.28945326424504,-39.28945326424517,8.877675860820085,2.842170943040401e-14,1.314160019445522e-16,0.003860107655362203,14.603108353210512,0.0,-2.0516921495072893e-12,1.4210854715202004e-14
597,0.3109375,0.08320875890544284,-0.24218448844074503,0.3000187816730377,350.417701156069,-19.304865895947856,-39.304865895947984,8.877675860821297,-2.842170943040401e-14,-1.3141600194457014e-16,0.003860107655362303,14.610828568521237,0.0,2.426503442620742e-12,2.842170943040401e-14
598,0.31145833333333334,0.08318095998680744,-0.2422552701190608,0.30001881482552906,350.60291554184806,-19.32027852765067,-39.3202785276508,8.877675860821297,-2.842170943040401e-14,-1.3141600194457014e-16,0.003860107655362303,14.618548783831963,0.0,-2.192024339819909e-12,2.842170943040401e-14
599,0.31197916666666664,0.08315316106817204,-0.2423260517973766,0.3000188479780204,350.78812992762715,-19.335691159353487,-39.335691159353615,8.877675860821297,-2.842170943040401e-14,-1.3141600194457014e-16,0.003860107655362303,14.626268999142688,0.0,-4.9897863618753036e-12,1.4210854715202004e-14
600,0.3125,0.08312536214953664,-0.24239683347569238,0.3000188811305118,350.97334431340624,-19.351103791056303,-39.35110379105643,8.877675860821297,-2.842170943040401e-14,-1.3141600194457014e-16,0.003860107655362303,14.633989214453415,0.0,1.305622276959184e-12,2.842170943040401e-14
601,0.3130208333333333,0.08309756323090124,-0.24246761515400816,0.30001891428300315,351.15855869918533,-19.36651642275912,-39.36651642275925,8.877675860821297,-2.842170943040401e-14,-1.3141600194457014e-16,0.003860107655362303,14.641709429764138,0.0,-1.4903633882568101e-12,4.0194366942304644e-14
602,0.31354166666666666,0.08306976431226586,-0.24253839683232395,0.3000189474354945,351.3437730849644,-19.38192905446193,-39.381929054462056,8.877675860818876,5.684341886080802e-14,2.628320038890686e-16,0.0038601076553620058,14.649429645074864,0.0,-2.4709123636057484e-12,0.0
603,0.3140625,0.08304196539363046,-0.24260917851063973,0.3000189805879859,351.5289874707435,-19.397341686164747,-39.39734168616487,8.877675860822507,5.684341886080802e-14,2.6283200388917607e-16,0.003860107655362303,14.657149860385589,0.0,-3.4496849821152864e-12,3.1776437161565096e-14
604,0.3145833333333333,0.08301416647499506,-0.24267996018895552,0.30001901374047724,351.7142018565226,-19.412754317867563,-39.41275431786769,8.877675860822507,0.0,0.0,0.003860107655362303,14.664870075696316,0.0,-7.922551503725117e-13,3.1776437161565096e-14
605,0.3151041666666667,0.08298636755635966,-0.2427507418672713,0.3000190468929686,351.8994162423017,-19.42816694957038,-39.4281669495705,8.877675860822507,0.0,0.0,0.003860107655362303,14.67259029100704,0.0,1.8669510382096632e-12,1.4210854715202004e-14
606,0.315625,0.08295856863772426,-0.2428215235455871,0.30001908004545996,352.0846306280808,-19.443579581273195,-39.44357958127332,8.877675860822507,0.0,0.0,0.003860107655362303,14.680310506317767,0.0,-2.751576744230988e-12,1.4210854715202004e-14
607,0.31614583333333335,0.08293076971908886,-0.24289230522390287,0.3000191131979513,352.2698450138599,-19.45899221297601,-39.458992212976135,8.877675860822507,0.0,0.0,0.003860107655362303,14.68803072162849,0.0,-1.9095836023552692e-12,2.842170943040401e-14
608,0.31666666666666665,0.08290297080045346,-0.24296308690221866,0.3000191463504427,352.45505939963897,-19.474404844678826,-39.47440484467895,8.877675860822507,0.0,0.0,0.003860107655362303,14.695750936939215,0.0,-1.0693668173189508e-12,2.842170943040401e-14
609,0.3171875,0.08287517188181807,-0.24303386858053444,0.30001917950293405,352.64027378541806,-19.48981747638164,-39.489817476381766,8.877675860820085,0.0,0.0,0.003860107655362203,14.703471152249941,0.0,-2.049915792667889e-12,3.1776437161565096e-14
610,0.3177083333333333,0.08284737296318269,-0.24310465025885022,0.3000192126554254,352.82548817119715,-19.50523010808445,-39.50523010808458,8.877675860820085,2.842170943040401e-14,1.314160019445522e-16,0.003860107655362203,14.711191367560666,0.0,-1.2096990076315706e-12,1.1368683772161603e-13
611,0.3182291666666667,0.08281957404454729,-0.243175431937166,0.3000192458079168,353.01070255697624,-19.520642739787267,-39.5206427397874,8.877675860821297,-2.842170943040401e-14,-1.3141600194457014e-16,0.003860107655362303,14.718911582871392,0.0,-3.7125857943465235e-13,4.0194366942304644e-14
612,0.31875,0.08279177512591189,-0.2432462136154818,0.30001927896040814,353.19591694275533,-19.536055371490082,-39.536055371490214,8.877675860821297,-2.842170943040401e-14,-1.3141600194457014e-16,0.003860107655362303,14.726631798182115,0.0,-1.3482548411047901e-12,2.842170943040401e-14
613,0.31927083333333334,0.08276397620727649,-0.24331699529379758,0.3000193121128995,353.3811313285344,-19.5514680031929,-39.55146800319303,8.877675860821297,-2.842170943040401e-14,-1.3141600194457014e-16,0.003860107655362303,14.734352013492842,0.0,-2.3288038164537284e-12,1.4210854715202004e-14
614,0.31979166666666664,0.08273617728864109,-0.24338777697211336,0.30001934526539087,353.5663457143135,-19.566880634895714,-39.566880634895846,8.877675860821297,-2.842170943040401e-14,-1.3141600194457014e-16,0.003860107655362303,14.742072228803567,0.0,-3.3075764349632664e-12,3.1776437161565096e-14
615,0.3203125,0.08270837837000569,-0.24345855865042915,0.30001937841788223,353.7515601000926,-19.58229326659853,-39.58229326659866,8.877675860821297,-2.842170943040401e-14,-1.3141600194457014e-16,0.003860107655362303,14.749792444114293,0.0,1.1688428003253648e-12,2.842170943040401e-14
616,0.3208333333333333,0.0826805794513703,-0.24352934032874493,0.3000194115703736,353.9367744858717,-19.597705898301342,-39.59770589830147,8.877675860818876,2.842170943040401e-14,1.314160019445343e-16,0.0038601076553620058,14.757512659425018,0.0,-3.447908625275886e-12,3.1776437161565096e-14
617,0.32135416666666666,0.0826527805327349,-0.24360012200706072,0.30001944472286496,354.1219888716508,-19.613118530004158,-39.613118530004286,8.877675860821297,2.842170943040401e-14,1.3141600194457014e-16,0.003860107655362303,14.765232874735744,0.0,1.028510610012745e-12,0.0
618,0.321875,0.08262498161409951,-0.2436709036853765,0.3000194778753563,354.3072032574299,-19.628531161706974,-39.6285311617071,8.877675860821297,-2.842170943040401e-14,-1.3141600194457014e-16,0.003860107655362303,14.772953090046467,0.0,-1.7674750552032492e-12,3.1776437161565096e-14
619,0.3223958333333333,0.08259718269546411,-0.24374168536369228,0.3000195110278477,354.49241764320897,-19.64394379340979,-39.64394379340992,8.877675860821297,-2.842170943040401e-14,-1.3141600194457014e-16,0.003860107655362303,14.780673305357194,0.0,-4.567013434098044e-12,3.1776437161565096e-14
620,0.3229166666666667,0.08256938377682871,-0.24381246704200807,0.30001954418033905,354.67763202898806,-19.659356425112605,-39.65935642511273,8.877675860821297,-2.842170943040401e-14,-1.3141600194457014e-16,0.003860107655362303,14.788393520667919,0.0,1.730171561575844e-12,0.0
621,0.3234375,0.08254158485819331,-0.24388324872032385,0.3000195773328304,354.86284641476715,-19.67476905681542,-39.67476905681555,8.877675860821297,-2.842170943040401e-14,-1.3141600194457014e-16,0.003860107655362303,14.796113735978645,0.0,-4.707345624410664e-12,4.0194366942304644e-14
622,0.32395833333333335,0.08251378593955791,-0.24395403039863964,0.3000196104853218,355.04806080054624,-19.690181688518237,-39.690181688518365,8.877675860821297,-2.842170943040401e-14,-1.3141600194457014e-16,0.003860107655362303,14.80383395128937,0.0,3.4088287748090806e-12,2.842170943040401e-14
623,0.32447916666666665,0.08248598702092252,-0.24402481207695542,0.30001964363781314,355.23327518632533,-19.70559432022105,-39.705594320221174,8.877675860818876,2.842170943040401e-14,1.314160019445343e-16,0.0038601076553620058,14.811554166600093,0.0,-3.0251356974986265e-12,1.4210854715202004e-14
624,0.325,0.08245818810228712,-0.2440955937552712,0.3000196767903045,355.4184895721044,-19.721006951923865,-39.72100695192399,8.877675860821297,2.842170943040401e-14,1.3141600194457014e-16,0.003860107655362303,14.81927438191082,0.0,-4.005684672847565e-12,3.1776437161565096e-14
625,0.3255208333333333,0.08243038918365173,-0.244166375433587,0.30001970994279586,355.6037039578835,-19.73641958362668,-39.736419583626805,8.877675860821297,-2.842170943040401e-14,-1.3141600194457014e-16,0.003860107655362303,14.826994597221544,0.0,2.291500322826323e-12,2.842170943040401e-14
626,0.3260416666666667,0.08240259026501633,-0.24423715711190278,0.30001974309528723,355.7889183436626,-19.751832215329497,-39.75183221532962,8.877675860821297,-2.842170943040401e-14,-1.3141600194457014e-16,0.003860107655362303,14.83471481253227,0.0,-4.1460168631601846e-12,1.4210854715202004e-14
627,0.3265625,0.08237479134638093,-0.24430793879021856,0.3000197762477786,355.9741327294417,-19.767244847032313,-39.76724484703244,8.877675860821297,-2.842170943040401e-14,-1.3141600194457014e-16,0.003860107655362303,14.842435027842996,0.0,3.3217872896784684e-13,3.1776437161565096e-14
628,0.32708333333333334,0.08234699242774553,-0.24437872046853434,0.30001980940026995,356.1593471152208,-19.78265747873513,-39.78265747873525,8.877675860821297,-2.842170943040401e-14,-1.3141600194457014e-16,0.003860107655362303,14.850155243153722,0.0,-4.286349053472804e-12,3.1776437161565096e-14
629,0.32760416666666664,0.08231919350911013,-0.24444950214685013,0.3000198425527613,356.3445615009999,-19.798070110437944,-39.79807011043807,8.877675860821297,-2.842170943040401e-14,-1.3141600194457014e-16,0.003860107655362303,14.857875458464445,0.0,-1.6253665080512292e-12,2.842170943040401e-14
630,0.328125,0.08229139459047474,-0.2445202838251659,0.3000198757052527,356.52977588677896,-19.813482742140756,-39.81348274214088,8.877675860818876,5.684341886080802e-14,2.628320038890686e-16,0.0038601076553620058,14.865595673775172,0.0,1.0320633236915455e-12,0.0
631,0.3286458333333333,0.08226359567183934,-0.2445910655034817,0.30001990885774404,356.71499027255805,-19.828895373843572,-39.82889537384369,8.877675860822507,5.684341886080802e-14,2.6283200388917607e-16,0.003860107655362303,14.873315889085896,0.0,-1.765698698363849e-12,3.1776437161565096e-14
632,0.32916666666666666,0.08223579675320394,-0.24466184718179748,0.3000199420102354,356.90020465833715,-19.844308005546388,-39.84430800554651,8.877675860822507,0.0,0.0,0.003860107655362303,14.881036104396623,0.0,-2.7462476737127872e-12,3.1776437161565096e-14
633,0.3296875,0.08220799783456854,-0.24473262886011327,0.30001997516272677,357.08541904411624,-19.859720637249204,-39.859720637249325,8.877675860822507,0.0,0.0,0.003860107655362303,14.888756319707348,0.0,-8.704148513061227e-14,1.4210854715202004e-14
634,0.3302083333333333,0.08218019891593314,-0.24480341053842905,0.30002000831521813,357.2706334298953,-19.87513326895202,-39.87513326895214,8.877675860822507,0.0,0.0,0.003860107655362303,14.896476535018074,0.0,-2.886579864025407e-12,3.1776437161565096e-14
635,0.3307291666666667,0.08215239999729775,-0.24487419221674483,0.3000200414677095,357.4558478156744,-19.890545900654836,-39.890545900654956,8.877675860822507,0.0,0.0,0.003860107655362303,14.904196750328797,0.0,-2.255973186038318e-13,2.842170943040401e-14
636,0.33125,0.08212460107866235,-0.24494497389506062,0.30002007462020086,357.6410622014535,-19.90595853235765,-39.90595853235777,8.877675860822507,0.0,0.0,0.003860107655362303,14.911916965639524,0.0,-1.20614629395277e-12,3.1776437161565096e-14
637,0.33177083333333335,0.08209680216002696,-0.2450157555733764,0.3000201077726922,357.8262765872326,-19.921371164060464,-39.92137116406059,8.877675860820085,0.0,0.0,0.003860107655362203,14.919637180950248,0.0,1.4530598946294049e-12,3.1776437161565096e-14
638,0.33229166666666665,0.08206900324139157,-0.2450865372516922,0.3000201409251836,358.0114909730117,-19.936783795763276,-39.936783795763404,8.877675860820085,2.842170943040401e-14,1.314160019445522e-16,0.003860107655362203,14.927357396260973,0.0,-3.163691530971846e-12,1.4210854715202004e-14
639,0.3328125,0.08204120432275618,-0.24515731893000797,0.30002017407767495,358.1967053587908,-19.95219642746609,-39.95219642746622,8.877675860821297,-2.842170943040401e-14,-1.3141600194457014e-16,0.003860107655362303,14.9350776115717,0.0,-4.144240506320784e-12,3.1776437161565096e-14
640,0.3333333333333333,0.08201340540412078,-0.24522810060832376,0.3000202072301663,358.38191974456987,-19.967609059168907,-39.967609059169035,8.877675860821297,-2.842170943040401e-14,-1.3141600194457014e-16,0.003860107655362303,14.942797826882423,0.0,2.154720846192504e-12,0.0
641,0.3338541666666667,0.08198560648548538,-0.24529888228663954,0.3000202403826577,358.56713413034896,-19.983021690871723,-39.98302169087185,8.877675860821297,-2.842170943040401e-14,-1.3141600194457014e-16,0.003860107655362303,14.95051804219315,0.0,-4.282796339794004e-12,2.842170943040401e-14
642,0.334375,0.08195780756684998,-0.24536966396495533,0.30002027353514904,358.75234851612805,-19.99843432257454,-39.99843432257467,8.877675860821297,-2.842170943040401e-14,-1.3141600194457014e-16,0.003860107655362303,14.958238257503874,0.0,2.014388655879884e-12,3.1776437161565096e-14
643,0.33489583333333334,0.08193000864821458,-0.2454404456432711,0.3000203066876404,358.93756290190714,-20.013846954277355,-40.01384695427748,8.877675860821297,-2.842170943040401e-14,-1.3141600194457014e-16,0.003860107655362303,14.9659584728146,0.0,-4.423128530106624e-12,3.1776437161565096e-14
644,0.33541666666666664,0.08190220972957919,-0.2455112273215869,0.30002033984013177,359.12277728768623,-20.029259585980167,-40.02925958598029,8.877675860818876,5.684341886080802e-14,2.628320038890686e-16,0.0038601076553620058,14.973678688125325,0.0,-1.7639223415244487e-12,1.4210854715202004e-14
645,0.3359375,0.08187441081094379,-0.24558200899990268,0.30002037299262313,359.3079916734653,-20.044672217682983,-40.04467221768311,8.877675860822507,5.684341886080802e-14,2.6283200388917607e-16,0.003860107655362303,14.981398903436052,0.0,-9.254819133275305e-13,2.842170943040401e-14
646,0.3364583333333333,0.0818466118923084,-0.24565279067821846,0.3000204061451145,359.4932060592444,-20.0600848493858,-40.06008484938592,8.877675860822507,0.0,0.0,0.003860107655362303,14.989119118746775,0.0,-1.9024781749976682e-12,3.1776437161565096e-14
647,0.33697916666666666,0.081818812973673,-0.24572357235653425,0.30002043929760586,359.6784204450235,-20.075497481088615,-40.07549748108874,8.877675860822507,0.0,0.0,0.003860107655362303,14.996839334057501,0.0,-1.06403774680075e-12,1.1457157353758233e-13
648,0.3375,0.0817910140550376,-0.24579435403485003,0.3000204724500972,359.8636348308026,-20.09091011279143,-40.090910112791555,8.877675860822507,0.0,0.0,0.003860107655362303,15.004559549368226,0.0,-2.2382096176443156e-13,3.1776437161565096e-14
649,0.3380208333333333,0.0817632151364022,-0.24586513571316582,0.3000205056025886,360.0488492165817,-20.106322744494246,-40.10632274449437,8.877675860822507,0.0,0.0,0.003860107655362303,15.012279764678953,0.0,-3.0233593406592263e-12,3.1776437161565096e-14
650,0.3385416666666667,0.0817354162177668,-0.2459359173914816,0.30002053875507995,360.2340636023608,-20.121735376197062,-40.121735376197186,8.877675860822507,0.0,0.0,0.003860107655362303,15.019999979989677,0.0,1.4548362514688051e-12,0.0
651,0.3390625,0.08170761729913141,-0.24600669906979739,0.3000205719075713,360.41927798813987,-20.137148007899874,-40.1371480079,8.877675860820085,0.0,0.0,0.003860107655362203,15.027720195300404,0.0,-3.163691530971846e-12,1.4210854715202004e-14
652,0.33958333333333335,0.08167981838049602,-0.24607748074811317,0.3000206050600627,360.60449237391896,-20.152560639602687,-40.15256063960282,8.877675860820085,2.842170943040401e-14,1.314160019445522e-16,0.003860107655362203,15.035440410611127,0.0,1.3162804179955856e-12,3.1776437161565096e-14
653,0.34010416666666665,0.08165201946186063,-0.24614826242642895,0.30002063821255404,360.78970675969805,-20.167973271305502,-40.167973271305634,8.877675860821297,-2.842170943040401e-14,-1.3141600194457014e-16,0.003860107655362303,15.043160625921852,0.0,-5.119460411151522e-12,2.842170943040401e-14
654,0.340625,0.08162422054322523,-0.24621904410474474,0.3000206713650454,360.97492114547714,-20.18338590300832,-40.18338590300845,8.877675860821297,-2.842170943040401e-14,-1.3141600194457014e-16,0.003860107655362303,15.050880841232578,0.0,-6.430411758628907e-13,1.4210854715202004e-14
655,0.3411458333333333,0.08159642162458983,-0.24628982578306052,0.30002070451753676,361.16013553125623,-20.198798534711134,-40.198798534711266,8.877675860821297,-2.842170943040401e-14,-1.3141600194457014e-16,0.003860107655362303,15.058601056543303,0.0,1.971756091734278e-13,0.0
656,0.3416666666666667,0.08156862270595443,-0.2463606074613763,0.3000207376700281,361.3453499170353,-20.21421116641395,-40.21421116641408,8.877675860821297,-2.842170943040401e-14,-1.3141600194457014e-16,0.003860107655362303,15.06632127185403,0.0,-4.4213521732672234e-12,5.859285502108464e-14
657,0.3421875,0.08154082378731903,-0.2464313891396921,0.3000207708225195,361.5305643028144,-20.229623798116766,-40.2296237981169,8.877675860821297,-2.842170943040401e-14,-1.3141600194457014e-16,0.003860107655362303,15.074041487164752,0.0,5.861977570020827e-14,1.4210854715202004e-14
658,0.34270833333333334,0.08151302486868364,-0.24650217081800788,0.30002080397501085,361.7157786885935,-20.245036429819578,-40.245036429819706,8.877675860818876,2.842170943040401e-14,1.314160019445343e-16,0.0038601076553620058,15.081761702475479,0.0,-2.7409186031945865e-12,1.4210854715202004e-14
659,0.34322916666666664,0.08148522595004824,-0.24657295249632366,0.3000208371275022,361.9009930743726,-20.260449061522394,-40.26044906152252,8.877675860821297,2.842170943040401e-14,1.3141600194457014e-16,0.003860107655362303,15.089481917786204,0.0,-1.900701818158268e-12,3.1776437161565096e-14
660,0.34375,0.08145742703141284,-0.24664373417463945,0.3000208702799936,362.0862074601517,-20.27586169322521,-40.27586169322534,8.877675860821297,-2.842170943040401e-14,-1.3141600194457014e-16,0.003860107655362303,15.09720213309693,0.0,-1.0622613899613498e-12,2.842170943040401e-14
661,0.3442708333333333,0.08142962811277744,-0.24671451585295523,0.30002090343248494,362.2714218459308,-20.291274324928025,-40.29127432492815,8.877675860821297,-2.842170943040401e-14,-1.3141600194457014e-16,0.003860107655362303,15.104922348407655,0.0,-2.220446049250313e-13,1.4210854715202004e-14
662,0.34479166666666666,0.08140182919414204,-0.24678529753127101,0.3000209365849763,362.45663623170987,-20.30668695663084,-40.30668695663097,8.877675860821297,-2.842170943040401e-14,-1.3141600194457014e-16,0.003860107655362303,15.112642563718381,0.0,6.163958232718869e-13,3.1776437161565096e-14
663,0.3453125,0.08137403027550665,-0.2468560792095868,0.30002096973746767,362.64185061748896,-20.322099588333657,-40.322099588333785,8.877675860821297,-2.842170943040401e-14,-1.3141600194457014e-16,0.003860107655362303,15.120362779029104,0.0,-2.1795898419441073e-12,3.1776437161565096e-14
664,0.3458333333333333,0.08134623135687125,-0.24692686088790258,0.30002100288995903,362.82706500326805,-20.337512220036473,-40.3375122200366,8.877675860821297,-2.842170943040401e-14,-1.3141600194457014e-16,0.003860107655362303,15.128082994339831,0.0,-3.1601388172930456e-12,1.4210854715202004e-14
665,0.3463541666666667,0.08131843243823586,-0.24699764256621837,0.3000210360424504,363.01227938904714,-20.352924851739285,-40.35292485173941,8.877675860818876,2.842170943040401e-14,1.314160019445343e-16,0.0038601076553620058,15.135803209650556,0.0,-5.009326287108706e-13,2.842170943040401e-14
666,0.346875,0.08129063351960046,-0.24706842424453415,0.30002106919494176,363.1974937748262,-20.3683374834421,-40.368337483442225,8.877675860821297,2.842170943040401e-14,1.3141600194457014e-16,0.003860107655362303,15.143523424961282,0.0,-3.3004710076056654e-12,1.4210854715202004e-14
667,0.34739583333333335,0.08126283460096506,-0.24713920592284994,0.3000211023474331,363.3827081606053,-20.383750115144917,-40.38375011514504,8.877675860821297,-2.842170943040401e-14,-1.3141600194457014e-16,0.003860107655362303,15.151243640272007,0.0,1.177724584522366e-12,2.842170943040401e-14
668,0.34791666666666665,0.08123503568232966,-0.24720998760116572,0.3000211354999245,363.5679225463844,-20.399162746847733,-40.39916274684786,8.877675860821297,-2.842170943040401e-14,-1.3141600194457014e-16,0.003860107655362303,15.15896385558273,0.0,-3.4372504842394846e-12,1.4210854715202004e-14
669,0.3484375,0.08120723676369426,-0.2472807692794815,0.30002116865241585,363.7531369321635,-20.41457537855055,-40.41457537855067,8.877675860821297,-2.842170943040401e-14,-1.3141600194457014e-16,0.003860107655362303,15.166684070893456,0.0,-2.5988100560425664e-12,3.1776437161565096e-14
670,0.3489583333333333,0.08117943784505886,-0.2473515509577973,0.3000212018049072,363.9383513179426,-20.429988010253364,-40.42998801025349,8.877675860821297,-2.842170943040401e-14,-1.3141600194457014e-16,0.003860107655362303,15.174404286204181,0.0,6.039613253960852e-14,2.842170943040401e-14
671,0.3494791666666667,0.08115163892642346,-0.24742233263611307,0.3000212349573986,364.1235657037217,-20.44540064195618,-40.445400641956304,8.877675860821297,-2.842170943040401e-14,-1.3141600194457014e-16,0.003860107655362303,15.182124501514908,0.0,-2.7391422463551862e-12,1.4210854715202004e-14
672,0.35,0.08112384000778808,-0.24749311431442886,0.30002126810988994,364.3087800895008,-20.460813273658992,-40.46081327365911,8.877675860818876,5.684341886080802e-14,2.628320038890686e-16,0.0038601076553620058,15.189844716825633,0.0,1.7390533457728452e-12,1.4210854715202004e-14
673,0.35052083333333334,0.08109604108915268,-0.24756389599274464,0.3000213012623813,364.49399447527986,-20.476225905361808,-40.47622590536193,8.877675860822507,5.684341886080802e-14,2.6283200388917607e-16,0.003860107655362303,15.197564932136359,0.0,-4.6984638402136625e-12,5.859285502108464e-14
674,0.35104166666666664,0.08106824217051728,-0.24763467767106043,0.30002133441487266,364.67920886105895,-20.491638537064624,-40.491638537064745,8.877675860822507,0.0,0.0,0.003860107655362303,15.205285147447082,0.0,-2.184918912462308e-13,1.4210854715202004e-14
675,0.3515625,0.08104044325188188,-0.2477054593493762,0.30002136756736403,364.86442324683804,-20.50705116876744,-40.50705116876756,8.877675860822507,0.0,0.0,0.003860107655362303,15.213005362757809,0.0,-1.199040866595169e-12,0.0
676,0.3520833333333333,0.08101264433324648,-0.247776241027692,0.3000214007198554,365.04963763261713,-20.522463800470256,-40.522463800470376,8.877675860822507,0.0,0.0,0.003860107655362303,15.220725578068533,0.0,-2.177813485104707e-12,5.684341886080802e-14
677,0.35260416666666666,0.08098484541461108,-0.24784702270600778,0.30002143387234675,365.2348520183962,-20.53787643217307,-40.53787643217319,8.877675860822507,0.0,0.0,0.003860107655362303,15.22844579337926,0.0,2.298605750183924e-12,0.0
678,0.353125,0.08095704649597568,-0.24791780438432356,0.3000214670248381,365.4200664041753,-20.553289063875887,-40.55328906387601,8.877675860822507,0.0,0.0,0.003860107655362303,15.236166008689985,0.0,-5.95612448250904e-12,2.842170943040401e-14
679,0.3536458333333333,0.0809292475773403,-0.24798858606263935,0.3000215001773295,365.6052807899544,-20.5687016955787,-40.568701695578824,8.877675860820085,0.0,0.0,0.003860107655362203,15.243886224000711,0.0,-1.4797052472204086e-12,1.4210854715202004e-14
680,0.3541666666666667,0.08090144865870491,-0.24805936774095513,0.30002153332982084,365.7904951757335,-20.58411432728151,-40.58411432728164,8.877675860820085,2.842170943040401e-14,1.314160019445522e-16,0.003860107655362203,15.251606439311434,0.0,-6.377121053446899e-13,0.0
681,0.3546875,0.08087364974006951,-0.24813014941927092,0.3000215664823122,365.9757095615126,-20.599526958984328,-40.599526958984455,8.877675860821297,-2.842170943040401e-14,-1.3141600194457014e-16,0.003860107655362303,15.25932665462216,0.0,-1.6182610806936282e-12,3.1776437161565096e-14
682,0.35520833333333335,0.08084585082143411,-0.2482009310975867,0.30002159963480357,366.1609239472917,-20.614939590687143,-40.61493959068727,8.877675860821297,-2.842170943040401e-14,-1.3141600194457014e-16,0.003860107655362303,15.267046869932885,0.0,-7.780442956573097e-13,0.0
683,0.35572916666666665,0.08081805190279871,-0.2482717127759025,0.30002163278729493,366.34613833307077,-20.63035222238996,-40.63035222239009,8.877675860821297,-2.842170943040401e-14,-1.3141600194457014e-16,0.003860107655362303,15.27476708524361,0.0,-1.7568169141668477e-12,4.0194366942304644e-14
684,0.35625,0.08079025298416331,-0.24834249445421827,0.3000216659397863,366.53135271884986,-20.645764854092775,-40.6457648540929,8.877675860821297,-2.842170943040401e-14,-1.3141600194457014e-16,0.003860107655362303,15.282487300554337,0.0,-9.183764859699295e-13,1.180442248897588e-13
685,0.3567708333333333,0.08076245406552791,-0.24841327613253406,0.30002169909227766,366.71656710462895,-20.66117748579559,-40.66117748579572,8.877675860821297,-2.842170943040401e-14,-1.3141600194457014e-16,0.003860107655362303,15.29020751586506,0.0,1.7426060594516457e-12,0.0
686,0.3572916666666667,0.08073465514689253,-0.24848405781084984,0.300021732244769,366.90178149040804,-20.676590117498403,-40.67659011749853,8.877675860818876,5.684341886080802e-14,2.628320038890686e-16,0.0038601076553620058,15.297927731175786,0.0,-6.5139005300807185e-12,2.842170943040401e-14
687,0.3578125,0.08070685622825713,-0.24855483948916562,0.3000217653972604,367.08699587618713,-20.69200274920122,-40.69200274920134,8.877675860822507,5.684341886080802e-14,2.6283200388917607e-16,0.003860107655362303,15.305647946486511,0.0,-2.1671553440683056e-13,2.842170943040401e-14
688,0.35833333333333334,0.08067905730962173,-0.2486256211674814,0.30002179854975175,367.2722102619662,-20.707415380904035,-40.70741538090416,8.877675860822507,0.0,0.0,0.003860107655362303,15.313368161797237,0.0,-1.1972645097557688e-12,1.4210854715202004e-14
689,0.35885416666666664,0.08065125839098633,-0.2486964028457972,0.3000218317022431,367.4574246477453,-20.72282801260685,-40.722828012606975,8.877675860822507,0.0,0.0,0.003860107655362303,15.321088377107962,0.0,-2.176037128265307e-12,3.1776437161565096e-14
690,0.359375,0.08062345947235093,-0.24876718452411298,0.3000218648547345,367.6426390335244,-20.738240644309666,-40.73824064430979,8.877675860822507,0.0,0.0,0.003860107655362303,15.328808592418689,0.0,4.813927034774679e-13,1.4210854715202004e-14
691,0.3598958333333333,0.08059566055371553,-0.24883796620242876,0.30002189800722584,367.8278534193035,-20.753653276012482,-40.75365327601261,8.877675860822507,0.0,0.0,0.003860107655362303,15.336528807729412,0.0,-2.3145929617385264e-12,3.1776437161565096e-14
692,0.36041666666666666,0.08056786163508013,-0.24890874788074455,0.3000219311597172,368.0130678050826,-20.769065907715298,-40.76906590771542,8.877675860822507,0.0,0.0,0.003860107655362303,15.344249023040138,0.0,3.4283687000424834e-13,0.0
693,0.3609375,0.08054006271644475,-0.24897952955906033,0.30002196431220857,368.1982821908617,-20.78447853941811,-40.78447853941824,8.877675860820085,0.0,0.0,0.003860107655362203,15.351969238350863,0.0,-4.273914555597003e-12,2.842170943040401e-14
694,0.3614583333333333,0.08051226379780936,-0.24905031123737612,0.30002199746469993,368.38349657664077,-20.799891171120922,-40.799891171121054,8.877675860820085,2.842170943040401e-14,1.314160019445522e-16,0.003860107655362203,15.35968945366159,0.0,-3.4354741274000844e-12,1.4210854715202004e-14
695,0.3619791666666667,0.08048446487917396,-0.2491210929156919,0.3000220306171913,368.56871096241986,-20.81530380282374,-40.81530380282387,8.877675860821297,-2.842170943040401e-14,-1.3141600194457014e-16,0.003860107655362303,15.367409668972314,0.0,1.042721464727947e-12,2.842170943040401e-14
696,0.3625,0.08045666596053856,-0.24919187459400768,0.30002206376968266,368.75392534819895,-20.830716434526554,-40.830716434526686,8.877675860821297,-2.842170943040401e-14,-1.3141600194457014e-16,0.003860107655362303,15.37512988428304,0.0,-1.7568169141668477e-12,0.0
697,0.36302083333333335,0.08042886704190316,-0.24926265627232347,0.300022096922174,368.93913973397804,-20.84612906622937,-40.8461290662295,8.877675860821297,-2.842170943040401e-14,-1.3141600194457014e-16,0.003860107655362303,15.382850099593764,0.0,-9.14823772291129e-13,2.842170943040401e-14
698,0.36354166666666665,0.08040106812326776,-0.24933343795063925,0.3000221300746654,369.12435411975713,-20.861541697932186,-40.86154169793232,8.877675860821297,-2.842170943040401e-14,-1.3141600194457014e-16,0.003860107655362303,15.390570314904489,0.0,-1.893596390800667e-12,3.1776437161565096e-14
699,0.3640625,0.08037326920463236,-0.24940421962895504,0.30002216322715675,369.3095685055362,-20.876954329635,-40.87695432963513,8.877675860821297,-2.842170943040401e-14,-1.3141600194457014e-16,0.003860107655362303,15.398290530215215,0.0,-1.0551559626037488e-12,1.4210854715202004e-14
700,0.3645833333333333,0.08034547028599698,-0.24947500130727082,0.3000221963796481,369.4947828913153,-20.892366961337814,-40.89236696133794,8.877675860818876,2.842170943040401e-14,1.314160019445343e-16,0.0038601076553620058,15.40601074552594,0.0,-2.0339285811132868e-12,2.842170943040401e-14
701,0.3651041666666667,0.08031767136736158,-0.2495457829855866,0.3000222295321395,369.6799972770944,-20.90777959304063,-40.90777959304076,8.877675860821297,2.842170943040401e-14,1.3141600194457014e-16,0.003860107655362303,15.413730960836666,0.0,-3.014477556462225e-12,3.1776437161565096e-14
702,0.365625,0.08028987244872618,-0.2496165646639024,0.30002226268463084,369.8652116628735,-20.923192224743445,-40.92319222474357,8.877675860821297,-2.842170943040401e-14,-1.3141600194457014e-16,0.003860107655362303,15.42145117614739,0.0,1.4654943925052066e-12,3.1776437161565096e-14
703,0.36614583333333334,0.08026207353009078,-0.24968734634221817,0.3000222958371222,370.0504260486526,-20.93860485644626,-40.93860485644639,8.877675860821297,-2.842170943040401e-14,-1.3141600194457014e-16,0.003860107655362303,15.429171391458116,0.0,-1.334043986389588e-12,4.0194366942304644e-14
704,0.36666666666666664,0.08023427461145538,-0.24975812802053396,0.30002232898961356,370.2356404344317,-20.954017488149077,-40.954017488149205,8.877675860821297,-2.842170943040401e-14,-1.3141600194457014e-16,0.003860107655362303,15.43689160676884,0.0,-2.312816604899126e-12,3.1776437161565096e-14
705,0.3671875,0.08020647569281998,-0.24982890969884974,0.3000223621421049,370.42085482021076,-20.969430119851893,-40.96943011985202,8.877675860821297,-2.842170943040401e-14,-1.3141600194457014e-16,0.003860107655362303,15.444611822079567,0.0,-1.4743761767022079e-12,3.1776437161565096e-14
706,0.3677083333333333,0.08017867677418458,-0.24989969137716553,0.3000223952945963,370.60606920598985,-20.98484275155471,-40.98484275155484,8.877675860821297,-2.842170943040401e-14,-1.3141600194457014e-16,0.003860107655362303,15.452332037390292,0.0,-2.453148795211746e-12,1.4210854715202004e-14
707,0.36822916666666666,0.0801508778555492,-0.2499704730554813,0.30002242844708765,370.79128359176894,-21.00025538325752,-41.000255383257645,8.877675860818876,2.842170943040401e-14,1.314160019445343e-16,0.0038601076553620058,15.460052252701018,0.0,-1.6147083670148277e-12,2.842170943040401e-14
708,0.36875,0.0801230789369138,-0.25004125473379707,0.300022461599579,370.97649797754804,-21.015668014960337,-41.01566801496046,8.877675860821297,2.842170943040401e-14,1.3141600194457014e-16,0.003860107655362302,15.467772468011741,0.0,-7.72715225139109e-13,2.842170943040401e-14
709,0.3692708333333333,0.0800952800182784,-0.2501120364121128,0.3000224947520704,371.1617123633271,-21.031080646663153,-41.03108064666328,8.877675860821297,-2.842170943040401e-14,-1.3141600194457014e-16,0.003860107655362302,15.475492683322468,0.0,-1.7532642004880472e-12,0.0
710,0.3697916666666667,0.080067481099643,-0.2501828180904286,0.30002252790456174,371.3469267491062,-21.04649327836597,-41.04649327836609,8.877675860821297,-2.842170943040401e-14,-1.3141600194457014e-16,0.003860107655362302,15.483212898633193,0.0,-9.130474154517287e-13,3.1776437161565096e-14
711,0.3703125,0.0800396821810076,-0.25025359976874434,0.3000225610570531,371.5321411348853,-21.061905910068784,-41.06190591006891,8.877675860821297,-2.842170943040401e-14,-1.3141600194457014e-16,0.003860107655362302,15.49093311394392,0.0,-3.7125857943465235e-12,3.1776437161565096e-14
712,0.37083333333333335,0.0800118832623722,-0.2503243814470601,0.30002259420954447,371.7173555206644,-21.0773185417716,-41.077318541771724,8.877675860821297,-2.842170943040401e-14,-1.3141600194457014e-16,0.003860107655362302,15.498653329254644,0.0,7.65609797781508e-13,1.4210854715202004e-14
713,0.37135416666666665,0.0799840843437368,-0.25039516312537585,0.30002262736203583,371.9025699064435,-21.092731173474416,-41.09273117347454,8.877675860821297,-2.842170943040401e-14,-1.3141600194457014e-16,0.003860107655362302,15.50637354456537,0.0,-3.852917984659143e-12,3.1776437161565096e-14
714,0.371875,0.07995628542510141,-0.2504659448036916,0.3000226605145272,372.0877842922226,-21.108143805177228,-41.10814380517735,8.877675860818876,5.684341886080802e-14,2.628320038890686e-16,0.003860107655362005,15.514093759876094,0.0,6.270539643082884e-13,3.1776437161565096e-14
715,0.3723958333333333,0.07992848650646601,-0.25053672648200737,0.30002269366701856,372.27299867800167,-21.123556436880044,-41.123556436880165,8.877675860822507,5.684341886080802e-14,2.6283200388917607e-16,0.003860107655362302,15.521813975186818,0.0,-3.517186542012496e-13,1.4210854715202004e-14
716,0.3729166666666667,0.07990068758783062,-0.2506075081603231,0.3000227268195099,372.45821306378076,-21.13896906858286,-41.13896906858298,8.877675860822507,0.0,0.0,0.003860107655362302,15.529534190497545,0.0,-4.970246436641901e-12,2.842170943040401e-14
717,0.3734375,0.07987288866919522,-0.2506782898386389,0.3000227599720013,372.64342744955985,-21.154381700285676,-41.154381700285796,8.877675860822507,0.0,0.0,0.003860107655362302,15.53725440580827,0.0,1.326938559031987e-12,3.1776437161565096e-14
718,0.37395833333333334,0.07984508975055982,-0.25074907151695464,0.30002279312449265,372.82864183533894,-21.16979433198849,-41.16979433198861,8.877675860822507,0.0,0.0,0.003860107655362302,15.544974621118996,0.0,-1.4725998198628076e-12,0.0
719,0.37447916666666664,0.07981729083192442,-0.2508198531952704,0.300022826276984,373.01385622111803,-21.185206963691307,-41.18520696369143,8.877675860822507,0.0,0.0,0.003860107655362302,15.552694836429719,0.0,-2.4495960815329454e-12,2.842170943040401e-14
720,0.375,0.07978949191328902,-0.25089063487358615,0.3000228594294754,373.1990706068971,-21.200619595394123,-41.200619595394244,8.877675860822507,0.0,0.0,0.003860107655362302,15.560415051740446,0.0,2.078337502098293e-13,3.1776437161565096e-14
721,0.3755208333333333,0.07976169299465363,-0.2509614165519019,0.30002289258196674,373.3842849926762,-21.216032227096935,-41.21603222709706,8.877675860820085,0.0,0.0,0.003860107655362202,15.56813526705117,0.0,-4.408917675391422e-12,2.842170943040401e-14
722,0.37604166666666666,0.07973389407601825,-0.25103219823021766,0.3000229257344581,373.5694993784553,-21.231444858799748,-41.231444858799875,8.877675860820085,2.842170943040401e-14,1.314160019445522e-16,0.003860107655362202,15.575855482361897,0.0,6.750155989720952e-14,1.1457157353758233e-13
723,0.3765625,0.07970609515738285,-0.2511029799085334,0.30002295888694946,373.7547137642344,-21.246857490502563,-41.24685749050269,8.877675860821297,-2.842170943040401e-14,-1.3141600194457014e-16,0.003860107655362302,15.583575697672622,0.0,9.07718344933528e-13,2.842170943040401e-14
724,0.3770833333333333,0.07967829623874745,-0.2511737615868492,0.30002299203944083,373.9399281500135,-21.26227012220538,-41.26227012220551,8.877675860821297,-2.842170943040401e-14,-1.3141600194457014e-16,0.003860107655362302,15.591295912983348,0.0,-3.710809437507123e-12,3.1776437161565096e-14
725,0.3776041666666667,0.07965049732011205,-0.25124454326516493,0.3000230251919322,374.1251425357926,-21.277682753908195,-41.27768275390832,8.877675860821297,-2.842170943040401e-14,-1.3141600194457014e-16,0.003860107655362302,15.599016128294071,0.0,-1.049826892085548e-12,1.4210854715202004e-14
726,0.378125,0.07962269840147665,-0.2513153249434807,0.30002305834442355,374.31035692157167,-21.29309538561101,-41.29309538561114,8.877675860821297,-2.842170943040401e-14,-1.3141600194457014e-16,0.003860107655362302,15.606736343604798,0.0,-3.849365270980343e-12,2.842170943040401e-14
727,0.37864583333333335,0.07959489948284125,-0.25138610662179645,0.3000230914969149,374.49557130735076,-21.308508017313827,-41.308508017313954,8.877675860821297,-2.842170943040401e-14,-1.3141600194457014e-16,0.003860107655362302,15.614456558915522,0.0,2.447819724693545e-12,0.0
728,0.37916666666666665,0.07956710056420586,-0.2514568883001122,0.3000231246494063,374.68078569312985,-21.32392064901664,-41.32392064901676,8.877675860818876,5.684341886080802e-14,2.628320038890686e-16,0.003860107655362005,15.622176774226249,0.0,-2.170708057747106e-12,0.0
729,0.3796875,0.07953930164557046,-0.25152766997842796,0.30002315780189764,374.86600007890894,-21.339333280719455,-41.33933328071958,8.877675860822507,5.684341886080802e-14,2.6283200388917607e-16,0.003860107655362302,15.629896989536974,0.0,-4.9684700798025005e-12,2.842170943040401e-14
730,0.3802083333333333,0.07951150272693507,-0.2515984516567437,0.300023190954389,375.05121446468803,-21.35474591242227,-41.354745912422395,8.877675860822507,0.0,0.0,0.003860107655362302,15.637617204847697,0.0,3.149480676256644e-12,5.123796534383003e-14
731,0.3807291666666667,0.07948370380829967,-0.2516692333350595,0.30002322410688037,375.2364288504671,-21.370158544125086,-41.37015854412521,8.877675860822507,0.0,0.0,0.003860107655362302,15.645337420158423,0.0,-5.10702591327572e-12,0.0
732,0.38125,0.07945590488966427,-0.25174001501337523,0.30002325725937173,375.4216432362462,-21.385571175827902,-41.38557117582803,8.877675860822507,0.0,0.0,0.003860107655362302,15.653057635469148,0.0,-6.288303211476887e-13,3.1776437161565096e-14
733,0.38177083333333334,0.07942810597102887,-0.251810796691691,0.3000232904118631,375.6068576220253,-21.400983807530718,-41.40098380753084,8.877675860822507,0.0,0.0,0.003860107655362302,15.660777850779874,0.0,-1.609379296496627e-12,2.842170943040401e-14
734,0.38229166666666664,0.07940030705239347,-0.25188157837000674,0.30002332356435446,375.7920720078044,-21.416396439233534,-41.41639643923366,8.877675860822507,0.0,0.0,0.003860107655362302,15.6684980660906,0.0,-7.691625114603085e-13,1.4210854715202004e-14
735,0.3828125,0.07937250813375808,-0.2519523600483225,0.3000233567168458,375.9772863935835,-21.431809070936346,-41.431809070936474,8.877675860820085,0.0,0.0,0.003860107655362202,15.676218281401326,0.0,6.927791673660977e-14,1.4210854715202004e-14
736,0.3833333333333333,0.0793447092151227,-0.25202314172663826,0.3000233898693372,376.1625007793626,-21.44722170263916,-41.44722170263929,8.877675860820085,2.842170943040401e-14,1.314160019445522e-16,0.003860107655362202,15.683938496712049,0.0,-4.545697152025241e-12,0.0
737,0.38385416666666666,0.0793169102964873,-0.252093923404954,0.30002342302182855,376.34771516514166,-21.462634334341974,-41.462634334342106,8.877675860821297,-2.842170943040401e-14,-1.3141600194457014e-16,0.003860107655362302,15.691658712022775,0.0,-6.927791673660977e-14,1.4210854715202004e-14
738,0.384375,0.0792891113778519,-0.25216470508326977,0.3000234561743199,376.53292955092076,-21.47804696604479,-41.47804696604492,8.877675860821297,-2.842170943040401e-14,-1.3141600194457014e-16,0.003860107655362302,15.6993789273335,0.0,-1.0480505352461478e-12,5.684341886080802e-14
739,0.3848958333333333,0.0792613124592165,-0.2522354867615855,0.3000234893268113,376.71814393669985,-21.493459597747606,-41.49345959774774,8.877675860821297,-2.842170943040401e-14,-1.3141600194457014e-16,0.003860107655362302,15.707099142644227,0.0,-3.8475889141409425e-12,1.4210854715202004e-14
740,0.3854166666666667,0.0792335135405811,-0.2523062684399013,0.30002352247930264,376.90335832247894,-21.50887222945042,-41.50887222945055,8.877675860821297,-2.842170943040401e-14,-1.3141600194457014e-16,0.003860107655362302,15.714819357954951,0.0,2.4495960815329454e-12,1.4210854715202004e-14
741,0.3859375,0.0792057146219457,-0.25237705011821704,0.300023555631794,377.088572708258,-21.524284861153237,-41.52428486115337,8.877675860821297,-2.842170943040401e-14,-1.3141600194457014e-16,0.003860107655362302,15.722539573265678,0.0,-2.168931700907706e-12,0.0
742,0.38645833333333335,0.07917791570331031,-0.2524478317965328,0.30002358878428537,377.2737870940371,-21.53969749285605,-41.53969749285618,8.877675860818876,2.842170943040401e-14,1.314160019445343e-16,0.003860107655362005,15.7302597885764,0.0,-3.1459279625778436e-12,3.1776437161565096e-14
743,0.38697916666666665,0.07915011678467491,-0.25251861347484855,0.30002362193677673,377.4590014798162,-21.555110124558865,-41.55511012455899,8.877675860821297,2.842170943040401e-14,1.3141600194457014e-16,0.003860107655362302,15.737980003887127,0.0,-4.884981308350689e-13,2.842170943040401e-14
744,0.3875,0.07912231786603952,-0.2525893951531643,0.3000236550892681,377.6442158655953,-21.57052275626168,-41.57052275626181,8.877675860821297,-2.842170943040401e-14,-1.3141600194457014e-16,0.003860107655362302,15.745700219197852,0.0,-3.2862601528904634e-12,1.4210854715202004e-14
745,0.3880208333333333,0.07909451894740412,-0.25266017683148007,0.30002368824175946,377.8294302513744,-21.585935387964497,-41.585935387964625,8.877675860821297,-2.842170943040401e-14,-1.3141600194457014e-16,0.003860107655362302,15.753420434508577,0.0,-6.270539643082884e-13,3.1776437161565096e-14
746,0.3885416666666667,0.07906672002876872,-0.2527309585097958,0.3000237213942508,378.0146446371535,-21.601348019667313,-41.60134801966744,8.877675860821297,-2.842170943040401e-14,-1.3141600194457014e-16,0.003860107655362302,15.761140649819303,0.0,-3.426592343203083e-12,2.842170943040401e-14
747,0.3890625,0.07903892111013332,-0.2528017401881116,0.3000237545467422,378.19985902293257,-21.61676065137013,-41.61676065137026,8.877675860821297,-2.842170943040401e-14,-1.3141600194457014e-16,0.003860107655362302,15.768860865130026,0.0,2.872369009310205e-12,1.4210854715202004e-14
748,0.38958333333333334,0.07901112219149792,-0.25287252186642734,0.30002378769923355,378.38507340871166,-21.632173283072945,-41.63217328307307,8.877675860821297,-2.842170943040401e-14,-1.3141600194457014e-16,0.003860107655362302,15.776581080440753,0.0,-3.5651481766763027e-12,2.842170943040401e-14
749,0.39010416666666664,0.07898332327286253,-0.2529433035447431,0.3000238208517249,378.57028779449075,-21.647585914775757,-41.64758591477588,8.877675860818876,2.842170943040401e-14,1.314160019445343e-16,0.003860107655362005,15.784301295751478,0.0,-2.7249313916399842e-12,2.842170943040401e-14
750,0.390625,0.07895552435422713,-0.25301408522305885,0.3000238540042163,378.75550218026984,-21.662998546478573,-41.6629985464787,8.877675860821297,2.842170943040401e-14,1.3141600194457014e-16,0.003860107655362302,15.792021511062204,0.0,-1.886490963443066e-12,4.263256414560601e-14
751,0.3911458333333333,0.07892772543559173,-0.2530848669013746,0.30002388715670764,378.94071656604893,-21.67841117818139,-41.67841117818151,8.877675860821297,-2.842170943040401e-14,-1.3141600194457014e-16,0.003860107655362302,15.799741726372929,0.0,-1.0462741784067475e-12,1.4210854715202004e-14
752,0.39166666666666666,0.07889992651695633,-0.25315564857969036,0.300023920309199,379.125930951828,-21.693823809884204,-41.69382380988433,8.877675860821297,-2.842170943040401e-14,-1.3141600194457014e-16,0.003860107655362302,15.807461941683655,0.0,-2.078337502098293e-13,3.1776437161565096e-14
753,0.3921875,0.07887212759832093,-0.2532264302580061,0.30002395346169036,379.3111453376071,-21.70923644158702,-41.709236441587144,8.877675860821297,-2.842170943040401e-14,-1.3141600194457014e-16,0.003860107655362302,15.815182156994378,0.0,-3.0038194154258235e-12,0.0
754,0.3927083333333333,0.07884432867968554,-0.2532972119363219,0.3000239866141817,379.4963597233862,-21.724649073289836,-41.72464907328996,8.877675860821297,-2.842170943040401e-14,-1.3141600194457014e-16,0.003860107655362302,15.822902372305105,0.0,-2.1653789872289053e-12,3.1776437161565096e-14
755,0.3932291666666667,0.07881652976105014,-0.25336799361463763,0.3000240197666731,379.6815741091653,-21.74006170499265,-41.740061704992776,8.877675860821297,-2.842170943040401e-14,-1.3141600194457014e-16,0.003860107655362302,15.83062258761583,0.0,-1.3251622021925868e-12,3.1776437161565096e-14
756,0.39375,0.07878873084241475,-0.2534387752929534,0.30002405291916445,379.8667884949444,-21.755474336695464,-41.755474336695585,8.877675860818876,5.684341886080802e-14,2.628320038890686e-16,0.003860107655362005,15.838342802926556,0.0,-4.867217739956686e-13,0.0
757,0.39427083333333335,0.07876093192377935,-0.25350955697126915,0.3000240860716558,380.0520028807235,-21.77088696839828,-41.7708869683984,8.877675860822507,5.684341886080802e-14,2.6283200388917607e-16,0.003860107655362302,15.846063018237281,0.0,3.5349501104064984e-13,3.1776437161565096e-14
758,0.39479166666666665,0.07873313300514395,-0.2535803386495849,0.3000241192241472,380.23721726650257,-21.786299600101096,-41.786299600101216,8.877675860822507,0.0,0.0,0.003860107655362302,15.853783233548008,0.0,-6.084022174945858e-12,2.842170943040401e-14
759,0.3953125,0.07870533408650855,-0.25365112032790066,0.30002415237663854,380.42243165228166,-21.80171223180391,-41.80171223180403,8.877675860822507,0.0,0.0,0.003860107655362302,15.86150344885873,0.0,-1.6040502259784262e-12,0.0
760,0.3958333333333333,0.07867753516787315,-0.2537219020062164,0.3000241855291299,380.60764603806075,-21.817124863506727,-41.81712486350685,8.877675860822507,0.0,0.0,0.003860107655362302,15.869223664169455,0.0,-7.638334409421077e-13,3.1776437161565096e-14
761,0.3963541666666667,0.07864973624923775,-0.25379268368453217,0.30002421868162127,380.79286042383984,-21.832537495209543,-41.832537495209664,8.877675860822507,0.0,0.0,0.003860107655362302,15.876943879480182,0.0,7.460698725481052e-14,1.1718571004216928e-13
762,0.396875,0.07862193733060235,-0.25386346536284793,0.30002425183411263,380.97807480961893,-21.84795012691236,-41.84795012691248,8.877675860822507,0.0,0.0,0.003860107655362302,15.884664094790907,0.0,9.14823772291129e-13,1.4210854715202004e-14
763,0.39739583333333334,0.07859413841196697,-0.2539342470411637,0.300024284986604,381.163289195398,-21.86336275861517,-41.863362758615295,8.877675860820085,0.0,0.0,0.003860107655362202,15.892384310101633,0.0,-5.522693413695379e-12,3.1776437161565096e-14
764,0.39791666666666664,0.07856633949333158,-0.25400502871947944,0.30002431813909536,381.3485035811771,-21.878775390317983,-41.87877539031811,8.877675860820085,2.842170943040401e-14,1.314160019445522e-16,0.003860107655362202,15.900104525412356,0.0,-1.042721464727947e-12,1.4210854715202004e-14
765,0.3984375,0.07853854057469618,-0.2540758103977952,0.3000243512915867,381.5337179669562,-21.8941880220208,-41.89418802202093,8.877675860821297,-2.842170943040401e-14,-1.3141600194457014e-16,0.003860107655362302,15.907824740723083,0.0,-2.042810365310288e-13,1.4210854715202004e-14
766,0.3989583333333333,0.07851074165606078,-0.25414659207611096,0.3000243844440781,381.7189323527353,-21.909600653723615,-41.90960065372374,8.877675860821297,-2.842170943040401e-14,-1.3141600194457014e-16,0.003860107655362302,15.915544956033807,0.0,-3.0020430585864233e-12,2.842170943040401e-14
767,0.39947916666666666,0.07848294273742538,-0.2542173737544267,0.30002441759656945,381.9041467385144,-21.92501328542643,-41.92501328542656,8.877675860821297,-2.842170943040401e-14,-1.3141600194457014e-16,0.003860107655362302,15.923265171344534,0.0,1.4743761767022079e-12,3.1776437161565096e-14
768,0.4,0.07845514381878999,-0.25428815543274247,0.3000244507490608,382.0893611242935,-21.940425917129247,-41.940425917129375,8.877675860821297,-2.842170943040401e-14,-1.3141600194457014e-16,0.003860107655362302,15.930985386655259,0.0,-1.3233858453531866e-12,0.0
