tick,time_s,body_wx,body_wy,body_wz,engine_absolute_omega,left_absolute_omega,right_absolute_omega,clutch_torque_nm,clutch_slip_radps,clutch_work_j,BE_loss_j,combustion_work_j,external_output_work_j,energy_balance_j,momentum_balance_nms
1,0.0010416666666666667,0.1016107005067839,-0.19990245964703687,0.30001158905546677,199.47916666666666,10.850694444444445,10.856481481481481,250,68.1666025884488,17.75171942407521,1.3411412761050792,31.188181416448305,-0.5652608989197531,-1.1263212584822213e-12,2.750581063949865e-14
2,0.0020833333333333333,0.1032214010135678,-0.19980491929407374,0.30002317811093354,198.95833333333331,11.70138888888889,11.712962962962962,250,57.38317586702746,14.943535382038402,1.3411412761050792,31.10670749220808,-0.6096884645061728,9.11604125519716e-13,1.1752316259954387e-13
3,0.003125,0.1048321015203517,-0.1997073789411106,0.3000347671664003,198.43749999999997,12.552083333333334,12.569444444444443,250,46.599749145606125,12.135351340001597,1.3411412761050792,31.025233567967852,-0.6541160300925926,-6.812328479099961e-13,3.281544315458059e-14
4,0.004166666666666667,0.1064428020271356,-0.19960983858814746,0.3000463562218671,197.91666666666663,13.402777777777779,13.425925925925924,250,35.816322424184804,9.327167297964793,1.3411412761050792,30.94375964372762,-0.6985435956790124,-4.550804177938517e-13,1.137610661383764e-13
5,0.005208333333333333,0.1080535025339195,-0.19951229823518432,0.30005794527733387,197.3958333333333,14.253472222222223,14.282407407407405,250,25.032895702763454,6.518983255927983,1.3411412761050792,30.862285719487392,-0.7429711612654321,-1.1420864254318985e-12,2.7610806819664868e-14
6,0.00625,0.1096642030407034,-0.19941475788222118,0.30006953433280065,196.87499999999994,15.104166666666668,15.138888888888886,250,14.249468981342119,3.710799213891177,1.3411412761050792,30.78081179524716,-0.7873987268518519,9.030554082301023e-13,1.111954711146907e-14
7,0.007291666666666667,0.1112749035474873,-0.19931721752925805,0.3000811233882674,196.3541666666666,15.954861111111112,15.995370370370367,250,3.4660422599207976,0.9026151718543745,1.3411412761050792,30.699337871006932,-0.8318262924382714,-1.599498311577463e-12,1.1749853919560845e-13
8,0.008333333333333333,0.11186839082452883,-0.19945929461291392,0.30008136269858504,196.64498636317282,16.264453535662522,16.310749831958812,94.16261827080554,0.0,0.0,0.18457880887397154,30.744770225980822,-0.8480714611552624,8.15347789284715e-13,6.120966933957217e-14
9,0.009375,0.11198005238089277,-0.19971487183666836,0.3000762259491188,197.32026360958886,16.31774092694072,16.369824260274047,20.346768688120676,0.0,0.0,0.05132419736066917,30.85031456893617,-0.8509674093892734,-3.694822225952521e-13,1.1415331925184897e-13
10,0.010416666666666666,0.11209171393725671,-0.1999704490604228,0.3000710891996526,197.9955408560049,16.37102831821892,16.428898688589285,20.34676868812128,0.0,0.0,0.05132419736066989,30.95585891189152,-0.8538633576232847,8.583134203377085e-13,3.281544315458059e-14
11,0.011458333333333333,0.11220337549362065,-0.20022602628417724,0.30006595245018636,198.67081810242095,16.424315709497115,16.48797311690452,20.34676868812007,0.0,0.0,0.05132419736066917,31.061403254846873,-0.8567593058572958,1.1692868895352149e-12,3.331075427260857e-15
12,0.0125,0.11231503704998459,-0.20048160350793168,0.30006081570072013,199.346095348837,16.477603100775315,16.54704754521976,20.34676868812128,-2.842170943040401e-14,-6.023853619806516e-16,0.05132419736066989,31.166947597802217,-0.8596552540913068,-3.2451819009793326e-13,1.169669469981884e-13
13,0.013541666666666667,0.11242669860634853,-0.20073718073168612,0.3000556789512539,200.02137259525304,16.530890492053512,16.606121973534993,20.346768688120676,2.842170943040401e-14,6.023853619806338e-16,0.05132419736066917,31.27249194075757,-0.8625512023253179,8.959499808725013e-13,2.9480805338355946e-14
14,0.014583333333333334,0.11253836016271247,-0.20099275795544055,0.3000505422017877,200.69664984166909,16.584177883331712,16.66519640185023,20.34676868812128,0.0,0.0,0.05132419736066989,31.378036283712916,-0.8654471505593292,-6.011857678345223e-13,1.271018317880021e-13
15,0.015625,0.11265002171907641,-0.201248335179195,0.30004540545232145,201.37192708808513,16.637465274609912,16.72427083016547,20.34676868812128,-2.842170943040401e-14,-6.023853619806516e-16,0.05132419736066989,31.483580626668264,-0.8683430987933404,6.264988527959758e-13,2.5299987665993383e-14
16,0.016666666666666666,0.11276168327544035,-0.20150391240294943,0.3000402687028552,202.04720433450117,16.69075266588811,16.783345258480704,20.346768688120676,2.842170943040401e-14,6.023853619806338e-16,0.05132419736066917,31.589124969623615,-0.8712390470273514,2.7977620220553945e-14,1.182058171541828e-13
17,0.017708333333333333,0.11287334483180429,-0.20175948962670387,0.300035131953389,202.72248158091722,16.74404005716631,16.842419686795942,20.34676868812128,0.0,0.0,0.05132419736066989,31.694669312578966,-0.8741349952613627,1.2557732631535146e-12,1.8203838990653974e-14
18,0.01875,0.11298500638816823,-0.2020150668504583,0.30002999520392276,203.39775882733326,16.797327448444506,16.901494115111177,20.346768688120676,0.0,0.0,0.05132419736066917,31.80021365553431,-0.8770309434953737,-2.452482661396971e-13,5.5887541926258844e-14
19,0.019791666666666666,0.11309666794453217,-0.20227064407421275,0.30002485845445653,204.0730360737493,16.850614839722702,16.96056854342641,20.346768688120676,2.842170943040401e-14,6.023853619806338e-16,0.05132419736066917,31.905757998489662,-0.8799268917293847,9.786615962070755e-13,1.169669469981884e-13
20,0.020833333333333332,0.11320832950089613,-0.20252622129796718,0.3000197217049903,204.74831332016535,16.903902231000902,17.01964297174165,20.346768688121884,0.0,0.0,0.05132419736066989,32.01130234144501,-0.8828228399633959,-5.184741524999481e-13,2.978248942344766e-14
21,0.021875,0.11331999105726007,-0.20278179852172162,0.3000145849555241,205.4235905665814,16.957189622279103,17.078717400056888,20.34676868812128,0.0,0.0,0.05132419736066989,32.11684668440036,-0.8857187881974071,1.6187051699034782e-12,1.1699168228713487e-13
22,0.022916666666666665,0.113431652613624,-0.20303737574547606,0.30000944820605785,206.09886781299744,17.0104770135573,17.137791828372123,20.346768688120676,2.842170943040401e-14,6.023853619806338e-16,0.05132419736066917,32.222391027355705,-0.8886147364314181,1.141309269314661e-13,4.10890469577914e-15
23,0.02395833333333333,0.11354331416998796,-0.2032929529692305,0.3000043114565916,206.77414505941348,17.0637644048355,17.19686625668736,20.346768688121884,0.0,0.0,0.05132419736066989,32.32793537031106,-0.8915106846654294,-4.806155473602303e-13,5.683465995961025e-14
24,0.025,0.1136549757263519,-0.20354853019298494,0.2999991747071254,207.44942230582953,17.1170517961137,17.2559406850026,20.34676868812128,0.0,0.0,0.05132419736066989,32.43347971326641,-0.8944066328994406,1.656563775043196e-12,1.1422933685837995e-13
25,0.026041666666666668,0.11376663728271584,-0.20380410741673938,0.29999403795765917,208.12469955224557,17.170339187391896,17.315015113317834,20.34676868812007,0.0,0.0,0.05132419736066917,32.539024056221756,-0.8973025811334515,1.5198953207118393e-13,2.918487246001517e-14
26,0.027083333333333334,0.11387829883907978,-0.20405968464049382,0.29998890120819294,208.79997679866162,17.223626578670096,17.374089541633072,20.34676868812128,-2.842170943040401e-14,-6.023853619806516e-16,0.05132419736066989,32.6445683991771,-0.9001985293674628,-4.3565151486291143e-13,1.15135037348058e-13
27,0.028125,0.11398996039544372,-0.20431526186424825,0.2999837644587267,209.47525404507766,17.276913969948293,17.433163969948307,20.346768688120676,2.842170943040401e-14,6.023853619806338e-16,0.05132419736066917,32.75011274213245,-0.903094477601474,1.6979750938617144e-12,2.918487246001517e-14
28,0.029166666666666667,0.11410162195180766,-0.2045708390880027,0.2999786277092605,210.1505312914937,17.330201361226493,17.492238398263545,20.34676868812128,0.0,0.0,0.05132419736066989,32.8556570850878,-0.9059904258354851,-7.088774012231625e-13,2.9480805338355946e-14
29,0.030208333333333334,0.1142132835081716,-0.20482641631175713,0.29997349095979425,210.82580853790975,17.383488752504693,17.551312826578783,20.34676868812128,-2.842170943040401e-14,-6.023853619806516e-16,0.05132419736066989,32.961201428043154,-0.9088863740694962,5.117017920497346e-13,1.174470729926425e-13
30,0.03125,0.11432494506453554,-0.20508199353551157,0.299968354210328,211.5010857843258,17.43677614378289,17.610387254894018,20.346768688120676,2.842170943040401e-14,6.023853619806338e-16,0.05132419736066917,33.066745770998494,-0.9117823223035074,-9.81992265280951e-13,1.111954711146907e-14
31,0.03229166666666666,0.11443660662089948,-0.205337570759266,0.2999632174608618,212.17636303074184,17.49006353506109,17.669461683209256,20.34676868812128,0.0,0.0,0.05132419736066989,33.17229011395385,-0.9146782705375185,2.05746530923534e-12,1.2665830955528935e-13
32,0.03333333333333333,0.11454826817726342,-0.20559314798302045,0.29995808071139557,212.85164027715788,17.543350926339286,17.72853611152449,20.346768688120676,0.0,0.0,0.05132419736066917,33.2778344569092,-0.9175742187715296,5.56554802244591e-13,1.111954711146907e-14
33,0.034375,0.11465992973362736,-0.20584872520677489,0.29995294396192934,213.52691752357393,17.596638317617483,17.787610539839726,20.346768688120676,2.842170943040401e-14,6.023853619806338e-16,0.05132419736066917,33.383378799864545,-0.9204701670055406,8.746336987996983e-13,1.266811525590938e-13
34,0.035416666666666666,0.11477159128999131,-0.20610430243052932,0.2999478072124631,214.20219476998997,17.649925708895683,17.846684968154964,20.346768688121884,0.0,0.0,0.05132419736066989,33.48892314281989,-0.9233661152395517,-6.262768081910508e-13,3.152392593607205e-14
35,0.036458333333333336,0.11488325284635525,-0.20635987965428376,0.2999426704629969,214.87747201640602,17.703213100173883,17.905759396470202,20.34676868812128,0.0,0.0,0.05132419736066989,33.59446748577525,-0.9262620634735631,5.945244296867713e-13,2.7610806819664868e-14
36,0.0375,0.1149949144027192,-0.2066154568780382,0.29993753371353066,215.55274926282206,17.75650049145208,17.964833824785437,20.346768688120676,2.842170943040401e-14,6.023853619806338e-16,0.05132419736066917,33.700011828730595,-0.9291580117075742,3.1086244689504383e-15,1.1415331925184897e-13
37,0.03854166666666667,0.11510657595908315,-0.20687103410179264,0.29993239696406443,216.2280265092381,17.80978788273028,18.023908253100675,20.346768688121884,0.0,0.0,0.05132419736066989,33.80555617168594,-0.9320539599415852,1.230682222796986e-12,3.281544315458059e-14
38,0.03958333333333333,0.11521823751544709,-0.20712661132554708,0.2999272602145982,216.90330375565415,17.86307527400848,18.082982681415913,20.34676868812128,0.0,0.0,0.05132419736066989,33.91110051464129,-0.9349499081755965,-2.7000623958883807e-13,1.182058171541828e-13
39,0.040625,0.11532989907181103,-0.20738218854930152,0.299922123465132,217.5785810020702,17.916362665286677,18.142057109731148,20.34676868812007,0.0,0.0,0.05132419736066917,34.016644857596646,-0.9378458564096076,4.0967229608668276e-14,2.5299987665993383e-14
40,0.041666666666666664,0.11544156062817497,-0.20763776577305595,0.29991698671566575,218.25385824848624,17.969650056564877,18.201131538046386,20.34676868812128,-2.842170943040401e-14,-6.023853619806516e-16,0.05132419736066989,34.122189200551986,-0.9407418046436187,-5.433431482515516e-13,5.668172077340137e-14
41,0.042708333333333334,0.11555322218453891,-0.2078933429968104,0.2999118499661995,218.92913549490228,18.022937447843073,18.26020596636162,20.346768688120676,2.842170943040401e-14,6.023853619806338e-16,0.05132419736066917,34.22773354350734,-0.9436377528776299,2.496225448567202e-12,1.1885365120011033e-13
42,0.04375,0.11566488374090285,-0.20814892022056483,0.2999067132167333,219.60441274131833,18.076224839121274,18.31928039467686,20.34676868812128,0.0,0.0,0.05132419736066989,34.33327788646269,-0.946533701111641,8.593126210598712e-14,5.683465995961025e-14
43,0.04479166666666667,0.11577654529726679,-0.20840449744431927,0.29990157646726706,220.27968998773437,18.129512230399474,18.378354822992097,20.34676868812128,-2.842170943040401e-14,-6.023853619806516e-16,0.05132419736066989,34.43882222941804,-0.9494296493456521,4.0401015866109447e-13,1.169669469981884e-13
44,0.04583333333333333,0.11588820685363073,-0.2086600746680737,0.29989643971780083,220.95496723415042,18.18279962167767,18.437429251307332,20.346768688120676,2.842170943040401e-14,6.023853619806338e-16,0.05132419736066917,34.544366572373384,-0.9523255975796633,-1.872946242542639e-13,3.281544315458059e-14
45,0.046875,0.11599986840999467,-0.20891565189182815,0.2998913029683346,221.63024448056646,18.23608701295587,18.49650367962257,20.34676868812128,0.0,0.0,0.05132419736066989,34.64991091532874,-0.9552215458136746,1.942890293094024e-12,3.331075427260857e-15
46,0.04791666666666666,0.11611152996635861,-0.20917122911558259,0.2998861662188684,222.3055217269825,18.289374404234067,18.555578107937805,20.346768688120676,0.0,0.0,0.05132419736066917,34.75545525828408,-0.9581174940476855,-4.605205106145149e-13,1.169669469981884e-13
47,0.04895833333333333,0.11622319152272255,-0.20942680633933702,0.29988102946940215,222.98079897339855,18.342661795512264,18.61465253625304,20.346768688120676,2.842170943040401e-14,6.023853619806338e-16,0.05132419736066917,34.860999601239435,-0.9610134422816966,-1.4954704141700859e-13,1.111954711146907e-14
48,0.05,0.1163348530790865,-0.20968238356309146,0.2998758927199359,223.6560762198146,18.395949186790464,18.673726964568278,20.346768688121884,0.0,0.0,0.05132419736066989,34.96654394419478,-0.9639093905157078,1.6864287744056128e-13,2.290439803570421e-13
49,0.051041666666666666,0.11644651463545044,-0.2099379607868459,0.2998707559704697,224.33135346623064,18.449236578068664,18.732801392883516,20.34676868812128,0.0,0.0,0.05132419736066989,35.07208828715013,-0.966805338749719,4.868327962981311e-13,3.331075427260857e-15
50,0.052083333333333336,0.11655817619181438,-0.21019353801060034,0.29986561922100347,225.00663071264668,18.50252396934686,18.79187582119875,20.346768688120676,2.842170943040401e-14,6.023853619806338e-16,0.05132419736066917,35.17763263010548,-0.96970128698373,-1.0458300891968975e-13,1.1832814703430697e-13
51,0.053125,0.11666983774817834,-0.21044911523435478,0.29986048247153724,225.68190795906273,18.55581136062506,18.85095024951399,20.346768688121884,0.0,0.0,0.05132419736066989,35.28317697306083,-0.9725972352177412,2.0254908861261356e-12,1.0309375590863679e-14
52,0.05416666666666667,0.11678149930454228,-0.21070469245810922,0.299855345722071,226.35718520547877,18.60909875190326,18.910024677829227,20.34676868812128,-2.842170943040401e-14,-6.023853619806516e-16,0.05132419736066989,35.38872131601617,-0.9754931834517524,5.3179682879545e-13,3.7223150475655243e-14
53,0.05520833333333333,0.11689316086090622,-0.21096026968186365,0.2998502089726048,227.03246245189482,18.662386143181457,18.969099106144462,20.34676868812007,0.0,0.0,0.05132419736066917,35.49426565897153,-0.9783891316857635,-6.672440377997191e-14,1.2665830955528935e-13
54,0.05625,0.11700482241727016,-0.2112158469056181,0.29984507222313855,227.70773969831086,18.715673534459658,19.0281735344597,20.34676868812128,-2.842170943040401e-14,-6.023853619806516e-16,0.05132419736066989,35.599810001926876,-0.9812850799197746,-6.580291866953303e-13,1.111954711146907e-14
55,0.057291666666666664,0.1171164839736341,-0.21147142412937253,0.2998399354736723,228.3830169447269,18.768960925737854,19.087247962774935,20.346768688120676,2.842170943040401e-14,6.023853619806338e-16,0.05132419736066917,35.705354344882224,-0.9841810281537858,1.479150135708096e-12,1.1699168228713487e-13
56,0.058333333333333334,0.11722814552999804,-0.21172700135312697,0.2998347987242061,229.05829419114295,18.822248317016054,19.146322391090173,20.34676868812128,0.0,0.0,0.05132419736066989,35.81089868783757,-0.987076976387797,8.878453527927377e-13,4.10890469577914e-15
57,0.059375,0.11733980708636198,-0.2119825785768814,0.29982966197473987,229.733571437559,18.875535708294255,19.20539681940541,20.34676868812128,-2.842170943040401e-14,-6.023853619806516e-16,0.05132419736066989,35.91644303079293,-0.9899729246218082,-6.200595592531499e-13,2.750581063949865e-14
58,0.06041666666666667,0.11745146864272592,-0.21223815580063585,0.29982452522527364,230.40884868397504,18.92882309957245,19.264471247720646,20.346768688120676,2.842170943040401e-14,6.023853619806338e-16,0.05132419736066917,36.02198737374827,-0.9928688728558193,1.5241141682054149e-12,1.174470729926425e-13
59,0.06145833333333333,0.11756313019908986,-0.21249373302439029,0.2998193884758074,231.08412593039108,18.98211049085065,19.323545676035884,20.34676868812128,-2.842170943040401e-14,-6.023853619806516e-16,0.05132419736066989,36.12753171670362,-0.9957648210898304,-8.93285445613401e-13,5.5887541926258844e-14
60,0.0625,0.1176747917554538,-0.21274931024814472,0.2998142517263412,231.75940317680713,19.035397882128848,19.38262010435112,20.346768688120676,0.0,0.0,0.05132419736066917,36.23307605965897,-0.9986607693238414,1.2436718321851004e-12,1.21838351282629e-13
61,0.06354166666666666,0.11778645331181774,-0.21300488747189916,0.29980911497687496,232.43468042322317,19.088685273407044,19.441694532666354,20.346768688120676,2.842170943040401e-14,6.023853619806338e-16,0.05132419736066917,36.33862040261432,-1.0015567175578526,-2.5712765250318625e-13,4.175120884993958e-14
62,0.06458333333333333,0.11789811486818169,-0.2132604646956536,0.29980397822740873,233.10995766963921,19.141972664685245,19.500768960981592,20.346768688121884,0.0,0.0,0.05132419736066989,36.444164745569665,-1.0044526657918638,1.88005166990024e-12,1.111954711146907e-14
63,0.065625,0.11800977642454563,-0.21351604191940804,0.2997988414779425,233.78523491605526,19.195260055963445,19.55984338929683,20.34676868812128,0.0,0.0,0.05132419736066989,36.54970908852502,-1.007348614025875,3.7214675785435247e-13,1.271018317880021e-13
64,0.06666666666666667,0.11812143798090957,-0.21377161914316248,0.2997937047284763,234.4605121624713,19.24854744724164,19.618917817612065,20.346768688120676,2.842170943040401e-14,6.023853619806338e-16,0.05132419736066917,36.65525343148036,-1.010244562259886,-2.1227464230832993e-13,1.111954711146907e-14
65,0.06770833333333333,0.11823309953727353,-0.21402719636691692,0.29978856797901005,235.13578940888735,19.30183483851984,19.677992245927303,20.346768688121884,0.0,0.0,0.05132419736066989,36.760797774435716,-1.0131405104938973,9.903189379656396e-14,1.1373562825536754e-13
66,0.06875,0.11834476109363747,-0.21428277359067135,0.2997834312295438,235.8110666553034,19.35512222979804,19.73706667424254,20.34676868812128,-2.842170943040401e-14,-6.023853619806516e-16,0.05132419736066989,36.86634211739106,-1.0160364587279083,1.326494469822137e-12,1.8203838990653974e-14
67,0.06979166666666667,0.1184564226500014,-0.2145383508144258,0.2997782944800776,236.48634390171944,19.40840962107624,19.796141102557776,20.34676868812007,0.0,0.0,0.05132419736066917,36.97188646034641,-1.0189324069619194,7.351896869067787e-13,1.173731393958959e-13
68,0.07083333333333333,0.11856808420636535,-0.21479392803818023,0.29977315773061136,237.16162114813548,19.46169701235444,19.855215530873014,20.34676868812128,-2.842170943040401e-14,-6.023853619806516e-16,0.05132419736066989,37.07743080330176,-1.0218283551959306,-7.65609797781508e-13,5.683465995961025e-14
69,0.071875,0.11867974576272929,-0.21504950526193467,0.29976802098114513,237.83689839455153,19.514984403632635,19.91428995918825,20.346768688120676,2.842170943040401e-14,6.023853619806338e-16,0.05132419736066917,37.182975146257114,-1.0247243034299416,4.547473508864641e-13,1.8203838990653974e-14
70,0.07291666666666667,0.11879140731909323,-0.2153050824856891,0.2997628842316789,238.51217564096757,19.568271794910835,19.973364387503487,20.34676868812128,0.0,0.0,0.05132419736066989,37.288519489212455,-1.027620251663953,-1.2922996006636822e-13,1.182058171541828e-13
71,0.07395833333333333,0.11890306887545717,-0.21556065970944355,0.2997577474822127,239.1874528873836,19.621559186189035,20.032438815818725,20.34676868812128,-2.842170943040401e-14,-6.023853619806516e-16,0.05132419736066989,37.39406383216781,-1.0305161998979642,2.000843934979457e-12,3.7223150475655243e-14
72,0.075,0.1190147304318211,-0.21581623693319799,0.29975261073274645,239.86273013379966,19.674846577467232,20.09151324413396,20.346768688120676,2.842170943040401e-14,6.023853619806338e-16,0.05132419736066917,37.49960817512316,-1.0334121481319751,4.998224056862455e-13,1.182058171541828e-13
73,0.07604166666666666,0.11912639198818505,-0.21607181415695242,0.2997474739832802,240.5380073802157,19.728133968745432,20.1505876724492,20.34676868812128,-2.842170943040401e-14,-6.023853619806516e-16,0.05132419736066989,37.60515251807851,-1.0363080963659863,-1.0080825063596421e-12,3.7223150475655243e-14
74,0.07708333333333334,0.11923805354454899,-0.21632739138070686,0.299742337233814,241.21328462663175,19.78142136002363,20.209662100764433,20.346768688120676,0.0,0.0,0.05132419736066917,37.71069686103385,-1.0392040445999975,1.1362022434013852e-12,2.918487246001517e-14
75,0.078125,0.11934971510091293,-0.2165829686044613,0.29973720048434777,241.8885618730478,19.834708751301825,20.268736529079668,20.346768688120676,2.842170943040401e-14,6.023853619806338e-16,0.05132419736066917,37.81624120398921,-1.0420999928340084,1.447064690296429e-12,1.15135037348058e-13
76,0.07916666666666666,0.11946137665727688,-0.21683854582821574,0.29973206373488154,242.56383911946384,19.887996142580025,20.327810957394906,20.346768688121884,0.0,0.0,0.05132419736066989,37.921785546944555,-1.0449959410680196,-5.3734794391857577e-14,3.331075427260857e-15
77,0.08020833333333333,0.11957303821364082,-0.21709412305197018,0.2997269269854153,243.23911636587988,19.941283533858225,20.386885385710144,20.34676868812128,0.0,0.0,0.05132419736066989,38.0273298898999,-1.0478918893020308,2.644551244657123e-13,1.1422933685837995e-13
78,0.08125,0.11968469977000476,-0.21734970027572462,0.2997217902359491,243.91439361229592,19.994570925136422,20.44595981402538,20.346768688120676,2.842170943040401e-14,6.023853619806338e-16,0.05132419736066917,38.13287423285525,-1.0507878375360418,5.824229987183571e-13,5.668172077340137e-14
79,0.08229166666666667,0.11979636132636871,-0.21760527749947906,0.29971665348648285,244.58967085871197,20.047858316414622,20.505034242340617,20.346768688121884,0.0,0.0,0.05132419736066989,38.2384185758106,-1.053683785770053,9.00612917575927e-13,4.381651255095784e-14
80,0.08333333333333333,0.11990802288273265,-0.2178608547232335,0.2997115167370166,245.264948105128,20.10114570769282,20.564108670655852,20.346768688120676,2.842170943040401e-14,6.023853619806338e-16,0.05132419736066917,38.343962918765946,-1.0565797340040641,-6.001865671123596e-13,1.169669469981884e-13
81,0.084375,0.1200196844390966,-0.21811643194698793,0.2997063799875504,245.94022535154406,20.15443309897102,20.62318309897109,20.34676868812128,0.0,0.0,0.05132419736066989,38.4495072617213,-1.0594756822380753,6.203926261605375e-13,4.10890469577914e-15
82,0.08541666666666667,0.12013134599546053,-0.21837200917074237,0.29970124323808417,246.6155025979601,20.20772049024922,20.68225752728633,20.34676868812128,-2.842170943040401e-14,-6.023853619806516e-16,0.05132419736066989,38.55505160467665,-1.0623716304720865,1.8480772467910356e-12,1.266811525590938e-13
83,0.08645833333333333,0.12024300755182447,-0.2186275863944968,0.29969610648861794,247.29077984437615,20.261007881527416,20.741331955601563,20.346768688120676,2.842170943040401e-14,6.023853619806338e-16,0.05132419736066917,38.660595947632,-1.0652675787060977,-5.622169396701793e-13,5.838646099288366e-14
84,0.0875,0.12035466910818841,-0.21888316361825125,0.2996909697391517,247.9660570907922,20.314295272805616,20.8004063839168,20.34676868812128,0.0,0.0,0.05132419736066989,38.766140290587344,-1.0681635269401089,6.654676809603188e-13,1.1821366361301271e-13
85,0.08854166666666667,0.12046633066455235,-0.21913874084200569,0.2996858329896855,248.64133433720824,20.367582664083816,20.85948081223204,20.34676868812128,-2.842170943040401e-14,-6.023853619806516e-16,0.05132419736066989,38.8716846335427,-1.07105947517412,-8.424372310855688e-13,5.838646099288366e-14
86,0.08958333333333333,0.1205779922209163,-0.21939431806576012,0.29968069624021926,249.31661158362428,20.420870055362013,20.918555240547274,20.346768688120676,2.842170943040401e-14,6.023853619806338e-16,0.05132419736066917,38.97722897649804,-1.073955423408131,1.3016254740705335e-12,1.111954711146907e-14
87,0.090625,0.12068965377728023,-0.21964989528951456,0.29967555949075303,249.99188883004032,20.47415744664021,20.97762966886251,20.346768688120676,0.0,0.0,0.05132419736066917,39.082773319453395,-1.0768513716421422,7.032152637975742e-13,1.1373562825536754e-13
88,0.09166666666666666,0.12080131533364417,-0.219905472513269,0.2996704227412868,250.66716607645637,20.52744483791841,21.036704097177747,20.34676868812128,0.0,0.0,0.05132419736066989,39.18831766240874,-1.0797473198761531,1.1168843627729075e-13,3.7223150475655243e-14
89,0.09270833333333334,0.12091297689000811,-0.22016104973702344,0.2996652859918206,251.3424433228724,20.580732229196606,21.09577852549298,20.346768688120676,2.842170943040401e-14,6.023853619806338e-16,0.05132419736066917,39.29386200536409,-1.0826432681101645,4.3010039973978564e-13,1.174470729926425e-13
90,0.09375,0.12102463844637207,-0.22041662696077788,0.29966014924235435,252.01772056928846,20.634019620474806,21.15485295380822,20.346768688121884,0.0,0.0,0.05132419736066989,39.39940634831944,-1.0855392163441757,1.6577850203702837e-12,4.10890469577914e-15
91,0.09479166666666666,0.12113630000273601,-0.22067220418453232,0.2996550124928881,252.6929978157045,20.687307011753006,21.213927382123458,20.34676868812128,0.0,0.0,0.05132419736066989,39.504950691274786,-1.088435164578187,-7.525091660909311e-13,1.0309375590863679e-14
92,0.09583333333333333,0.12124796155909995,-0.22092778140828676,0.2996498757434219,253.36827506212055,20.740594403031203,21.273001810438693,20.346768688120676,2.842170943040401e-14,6.023853619806338e-16,0.05132419736066917,39.610495034230134,-1.091331112812198,2.2941648580854235e-12,1.1832814703430697e-13
93,0.096875,0.1213596231154639,-0.2211833586320412,0.29964473899395566,254.0435523085366,20.793881794309403,21.33207623875393,20.346768688121884,0.0,0.0,0.05132419736066989,39.71603937718549,-1.094227061046209,-1.0329515021112456e-12,2.750581063949865e-14
94,0.09791666666666667,0.12147128467182784,-0.22143893585579563,0.29963960224448943,254.71882955495263,20.8471691855876,21.391150667069166,20.34676868812037,2.842170943040401e-14,6.023853619806247e-16,0.05132419736066917,39.821583720140836,-1.0971230092802202,1.9473311851925246e-13,1.137610661383764e-13
95,0.09895833333333333,0.12158294622819178,-0.22169451307955007,0.2996344654950232,255.39410680136868,20.9004565768658,21.450225095384404,20.34676868812128,0.0,0.0,0.05132419736066989,39.927128063096184,-1.1000189575142314,1.4224177391497506e-12,2.9480805338355946e-14
96,0.1,0.12169460778455574,-0.2219500903033045,0.299629328745557,256.06938404778475,20.953743968144,21.509299523699642,20.346768688121884,0.0,0.0,0.051324197360673736,40.03267240605154,-1.1029149057482426,8.240075288767912e-13,2.968517545780852e-14
97,0.10104166666666667,0.12180626934091968,-0.22220566752705895,0.29962419199609075,256.7446612942008,21.0070313594222,21.56837395201488,20.34676868812128,0.0,0.0,0.05132419736066989,40.13821674900689,-1.1058108539822538,1.142197447734361e-12,1.271018317880021e-13
98,0.10208333333333333,0.12191793089728362,-0.22246124475081339,0.2996190552466245,257.41993854061684,21.060318750700397,21.627448380330115,20.346768688120676,0.0,0.0,0.05132419736066917,40.24376109196224,-1.108706802216265,5.437872374614017e-13,1.111954711146907e-14
99,0.103125,0.12202959245364757,-0.22271682197456782,0.2996139184971583,258.0952157870329,21.113606141978597,21.686522808645353,20.346768688121884,-2.842170943040401e-14,-6.023853619806695e-16,0.05132419736066989,40.34930543491758,-1.1116027504502761,-4.04121180963557e-14,1.1415331925184897e-13
100,0.10416666666666667,0.12214125401001151,-0.22297239919832226,0.29960878174769207,258.77049303344893,21.166893533256797,21.74559723696059,20.34676868812128,-2.842170943040401e-14,-6.023853619806516e-16,0.05132419736066989,40.45484977787293,-1.114498698684287,2.7755575615628914e-13,5.863372748476766e-14
101,0.10520833333333333,0.12225291556637545,-0.2232279764220767,0.29960364499822584,259.445770279865,21.220180924534993,21.804671665275826,20.346768688120676,0.0,0.0,0.05132419736066917,40.560394120828285,-1.1173946469182985,5.88862292261183e-13,1.137610661383764e-13
102,0.10625,0.1223645771227394,-0.22348355364583114,0.2995985082487596,260.121047526281,21.273468315813194,21.863746093591065,20.346768688121884,-2.842170943040401e-14,-6.023853619806695e-16,0.05132419736066989,40.66593846378363,-1.1202905951523094,1.816324868286756e-12,2.918487246001517e-14
103,0.10729166666666666,0.12247623867910334,-0.22373913086958558,0.2995933714992934,260.79632477269706,21.326755707091394,21.922820521906303,20.34676868812128,-2.842170943040401e-14,-6.023853619806516e-16,0.05132419736066989,40.77148280673897,-1.1231865433863208,-5.866418462119327e-13,2.9480805338355946e-14
104,0.10833333333333334,0.12258790023546728,-0.22399470809334002,0.29958823474982715,261.4716020191131,21.38004309836959,21.981894950221537,20.346768688120676,0.0,0.0,0.05132419736066917,40.87702714969433,-1.1260824916203318,6.337153024560394e-13,1.137610661383764e-13
105,0.109375,0.12269956179183122,-0.22425028531709446,0.2995830980003609,262.14687926552915,21.433330489647787,22.040969378536772,20.346768688120676,2.842170943040401e-14,6.023853619806338e-16,0.05132419736066917,40.982571492649676,-1.1289784398543428,4.218847493575595e-14,1.8203838990653974e-14
106,0.11041666666666666,0.12281122334819516,-0.2245058625408489,0.2995779612508947,262.8221565119452,21.486617880925984,22.100043806852007,20.346768688120676,5.684341886080802e-14,1.2047707239612675e-15,0.05132419736066917,41.088115835605024,-1.1318743880883537,-5.493383525845275e-13,1.169669469981884e-13
107,0.11145833333333333,0.12292288490455912,-0.22476143976460333,0.29957282450142847,263.49743375836124,21.539905272204184,22.159118235167245,20.346768688121884,2.842170943040401e-14,6.023853619806695e-16,0.05132419736066989,41.19366017856038,-1.134770336322365,3.3997249460071544e-12,1.111954711146907e-14
108,0.1125,0.12303454646092306,-0.22501701698835777,0.29956768775196224,264.1727110047773,21.593192663482384,22.218192663482483,20.34676868812128,2.842170943040401e-14,6.023853619806516e-16,0.05132419736066989,41.299204521515726,-1.137666284556376,-8.29558643999917e-13,2.750581063949865e-14
109,0.11354166666666667,0.123146208017287,-0.2252725942121122,0.299562551002496,264.8479882511933,21.64648005476058,22.277267091797718,20.346768688120676,5.684341886080802e-14,1.2047707239612675e-15,0.05132419736066917,41.404748864471074,-1.1405622327903873,3.9812597663058114e-13,1.1422933685837995e-13
110,0.11458333333333333,0.12325786957365095,-0.22552817143586665,0.2995574142530298,265.5232654976094,21.69976744603878,22.336341520112956,20.346768688121884,2.842170943040401e-14,6.023853619806695e-16,0.05132419736066989,41.51029320742643,-1.1434581810243984,7.0921046813055e-13,2.918487246001517e-14
111,0.11562499999999999,0.12336953113001489,-0.2257837486596211,0.29955227750356356,266.1985427440254,21.75305483731698,22.395415948428194,20.34676868812128,-2.842170943040401e-14,-6.023853619806516e-16,0.05132419736066989,41.61583755038177,-1.1463541292584096,1.0345058143457209e-12,1.1646796317889515e-13
112,0.11666666666666667,0.12348119268637883,-0.22603932588337552,0.29954714075409733,266.87381999044146,21.806342228595177,22.45449037674343,20.346768688120676,0.0,0.0,0.05132419736066917,41.72138189333712,-1.1492500774924208,4.432010314303625e-13,5.668172077340137e-14
113,0.11770833333333333,0.12359285424274279,-0.22629490310712996,0.2995420040046311,267.5490972368575,21.859629619873377,22.513564805058667,20.346768688121884,-2.842170943040401e-14,-6.023853619806695e-16,0.05132419736066989,41.82692623629247,-1.1521460257264318,7.540634783254063e-13,3.886132980686833e-14
114,0.11875,0.12370451579910673,-0.2265504803308844,0.2995368672551649,268.22437448327355,21.912917011151578,22.572639233373906,20.34676868812128,-2.842170943040401e-14,-6.023853619806516e-16,0.05132419736066989,41.93247057924782,-1.1550419739604432,-7.465139617579553e-13,1.2703351739196588e-13
115,0.11979166666666667,0.12381617735547067,-0.22680605755463884,0.29953173050569865,268.8996517296896,21.966204402429774,22.63171366168914,20.346768688120676,0.0,0.0,0.05132419736066917,42.03801492220316,-1.1579379221944541,4.880540416252188e-13,3.331075427260857e-15
116,0.12083333333333333,0.12392783891183462,-0.22706163477839328,0.2995265937562324,269.57492897610564,22.019491793707974,22.69078809000438,20.346768688121884,-2.842170943040401e-14,-6.023853619806695e-16,0.05132419736066989,42.143559265158515,-1.1608338704284653,1.708633234898116e-12,1.2132577558064233e-13
117,0.121875,0.12403950046819856,-0.22731721200214772,0.2995214570067662,270.2502062225217,22.072779184986175,22.749862518319617,20.34676868812128,-2.842170943040401e-14,-6.023853619806516e-16,0.05132419736066989,42.24910360811386,-1.1637298186624765,-7.016609515630989e-13,3.667497363673231e-14
118,0.12291666666666666,0.1241511620245625,-0.22757278922590216,0.29951632025729996,270.9254834689377,22.126066576264368,22.808936946634848,20.346768688119464,2.842170943040401e-14,6.023853619805979e-16,0.051324197360668455,42.35464795106921,-1.1666257668964874,5.258016244624741e-13,1.1885365120011033e-13
119,0.12395833333333334,0.12426282358092644,-0.2278283664496566,0.29951118350783373,271.6007607153538,22.179353967542568,22.868011374950086,20.34676868812128,2.842170943040401e-14,6.023853619806516e-16,0.05132419736066989,42.460192294024566,-1.1695217151304989,-7.238654120556021e-14,5.5835744002049847e-14
120,0.125,0.12437448513729038,-0.22808394367341103,0.2995060467583675,272.2760379617698,22.232641358820764,22.92708580326532,20.346768688120676,5.684341886080802e-14,1.2047707239612675e-15,0.05132419736066917,42.56573663697991,-1.1724176633645096,1.1548539902150878e-12,3.4662563847130955e-14
121,0.12604166666666666,0.12448614669365433,-0.22833952089716547,0.2995009100089013,272.95131520818586,22.285928750098964,22.98616023158056,20.346768688121884,2.842170943040401e-14,6.023853619806695e-16,0.05132419736066989,42.67128097993527,-1.175313611598521,2.37565522809291e-12,1.2665830955528935e-13
122,0.12708333333333333,0.12459780825001827,-0.2285950981209199,0.29949577325943505,273.6265924546019,22.339216141377165,23.045234659895797,20.34676868812128,2.842170943040401e-14,6.023853619806516e-16,0.05132419736066989,42.776825322890616,-1.1782095598325322,-3.4638958368304884e-14,1.111954711146907e-14
123,0.128125,0.12470946980638221,-0.22885067534467435,0.2994906365099688,274.30186970101795,22.39250353265536,23.104309088211032,20.346768688120676,5.684341886080802e-14,1.2047707239612675e-15,0.05132419736066917,42.88236966584596,-1.1811055080665431,-6.190603585309873e-13,1.173731393958959e-13
124,0.12916666666666665,0.12482113136274617,-0.2291062525684288,0.2994854997605026,274.977146947434,22.44579092393356,23.16338351652627,20.346768688121884,2.842170943040401e-14,6.023853619806695e-16,0.05132419736066989,42.98791400880131,-1.1840014563005543,6.015188347419098e-13,4.381651255095784e-14
125,0.13020833333333334,0.12493279291911011,-0.22936182979218322,0.29948036301103637,275.65242419385004,22.49907831521176,23.22245794484151,20.34676868812128,-2.842170943040401e-14,-6.023853619806516e-16,0.05132419736066989,43.09345835175666,-1.1868974045345657,1.0436096431476471e-14,1.2665830955528935e-13
126,0.13125,0.12504445447547405,-0.22961740701593766,0.29947522626157014,276.3277014402661,22.552365706489958,23.281532373156743,20.346768688120676,0.0,0.0,0.05132419736066917,43.19900269471201,-1.1897933527685765,1.2376766278521245e-12,1.137610661383764e-13
127,0.13229166666666667,0.12515611603183802,-0.2298729842396921,0.2994700895121039,277.0029786866821,22.60565309776816,23.34060680147198,20.346768688121884,-2.842170943040401e-14,-6.023853619806695e-16,0.05132419736066989,43.30454703766736,-1.1926893010025879,2.4584778657299466e-12,4.10890469577914e-15
128,0.13333333333333333,0.12526777758820198,-0.23012856146344654,0.2994649527626377,277.67825593309817,22.65894048904636,23.39968122978722,20.34676868812128,-2.842170943040401e-14,-6.023853619806516e-16,0.05132419736066989,43.4100913806227,-1.1955852492365993,5.551115123125783e-14,1.2766124885708363e-13
129,0.134375,0.12537943914456595,-0.23038413868720098,0.29945981601317145,278.3535331795142,22.712227880324555,23.458755658102454,20.346768688120676,0.0,0.0,0.05132419736066917,43.51563572357805,-1.19848119747061,-5.362377208939506e-13,3.331075427260857e-15
130,0.13541666666666666,0.12549110070092992,-0.23063971591095542,0.2994546792637052,279.02881042593026,22.765515271602755,23.517830086417693,20.346768688121884,-2.842170943040401e-14,-6.023853619806695e-16,0.05132419736066989,43.621180066533405,-1.2013771457046214,6.845635169838715e-13,1.3007920947580616e-13
131,0.13645833333333332,0.1256027622572939,-0.23089529313470986,0.299449542514239,279.7040876723463,22.818802662880955,23.57690451473293,20.34676868812128,-2.842170943040401e-14,-6.023853619806516e-16,0.05132419736066989,43.72672440948875,-1.2042730939386326,9.325873406851315e-14,3.331075427260857e-15
132,0.1375,0.12571442381365783,-0.2311508703584643,0.29944440576477277,280.37936491876235,22.87209005415915,23.635978943048162,20.346768688119464,2.842170943040401e-14,6.023853619805979e-16,0.051324197360668455,43.8322687524441,-1.2071690421726435,1.3207213100940862e-12,2.4486325486302633e-14
133,0.13854166666666667,0.1258260853700218,-0.23140644758221873,0.29943926901530654,281.0546421651784,22.92537744543735,23.6950533713634,20.34676868812128,2.842170943040401e-14,6.023853619806516e-16,0.05132419736066989,43.937813095399456,-1.2100649904066547,7.223110998211268e-13,1.1821366361301271e-13
134,0.13958333333333334,0.12593774692638576,-0.23166202480597317,0.2994341322658403,281.72991941159444,22.978664836715545,23.754127799678635,20.346768688120676,5.684341886080802e-14,1.2047707239612675e-15,0.05132419736066917,44.0433574383548,-1.2129609386406657,-1.688205131245013e-12,5.883959139800072e-14
135,0.140625,0.12604940848274973,-0.2319176020297276,0.2994289955163741,282.4051966580105,23.031952227993745,23.813202227993873,20.346768688121884,2.842170943040401e-14,6.023853619806695e-16,0.05132419736066989,44.148901781310144,-1.2158568868746769,1.3655743202889425e-12,1.2807870896411871e-13
136,0.14166666666666666,0.1261610700391137,-0.23217317925348205,0.29942385876690786,283.0804739044265,23.085239619271945,23.87227665630911,20.34676868812128,2.842170943040401e-14,6.023853619806516e-16,0.05132419736066989,44.2544461242655,-1.2187528351086883,7.673861546209082e-13,1.8203838990653974e-14
137,0.14270833333333333,0.12627273159547767,-0.2324287564772365,0.29941872201744163,283.75575115084257,23.138527010550142,23.931351084624346,20.346768688120676,5.684341886080802e-14,1.2047707239612675e-15,0.05132419736066917,44.35999046722085,-1.221648783342699,1.9946266860415562e-12,5.883959139800072e-14
138,0.14375,0.12638439315184163,-0.23268433370099093,0.2994135852679754,284.4310283972586,23.191814401828342,23.990425512939584,20.346768688121884,-2.842170943040401e-14,-6.023853619806695e-16,0.05132419736066989,44.465534810176194,-1.2245447315767104,-2.23443485936059e-12,1.137610661383764e-13
139,0.14479166666666665,0.1264960547082056,-0.23293991092474536,0.2994084485185092,285.10630564367466,23.245101793106542,24.049499941254822,20.34676868812128,-2.842170943040401e-14,-6.023853619806516e-16,0.05132419736066989,44.57107915313155,-1.2274406798107218,2.624345185608945e-12,3.4662563847130955e-14
140,0.14583333333333334,0.12660771626456957,-0.2331954881484998,0.29940331176904295,285.7815828900907,23.29838918438474,24.108574369570057,20.346768688120676,0.0,0.0,0.05132419736066917,44.67662349608689,-1.2303366280447325,-1.5982770662503754e-12,1.179029001961925e-13
141,0.146875,0.12671937782093354,-0.23345106537225424,0.2993981750195767,286.45686013650675,23.35167657566294,24.167648797885295,20.346768688121884,-2.842170943040401e-14,-6.023853619806695e-16,0.05132419736066989,44.78216783904224,-1.233232576278744,3.2676084060767607e-12,5.898693600090078e-14
142,0.14791666666666667,0.1268310393772975,-0.23370664259600868,0.2993930382701105,287.1321373829228,23.40496396694114,24.226723226200534,20.34676868812128,-2.842170943040401e-14,-6.023853619806516e-16,0.05132419736066989,44.88771218199759,-1.2361285245127551,-9.687806112879116e-13,4.10890469577914e-15
143,0.14895833333333333,0.12694270093366147,-0.23396221981976312,0.29938790152064426,287.80741462933884,23.458251358219336,24.28579765451577,20.346768688120676,0.0,0.0,0.05132419736066917,44.99325652495294,-1.239024472746766,2.077671368283518e-12,1.2766124885708363e-13
144,0.15,0.12705436249002544,-0.23421779704351756,0.29938276477117803,288.4826918757549,23.511538749497536,24.344872082831007,20.346768688121884,-2.842170943040401e-14,-6.023853619806695e-16,0.05132419736066989,45.09880086790829,-1.2419204209807773,1.4863665853681596e-12,3.331075427260857e-15
145,0.15104166666666666,0.12716602404638938,-0.234473374267272,0.2993776280217118,289.1579691221709,23.564826140775732,24.40394651114624,20.34676868812007,2.842170943040401e-14,6.023853619806157e-16,0.05132419736066917,45.20434521086364,-1.2448163692147884,-9.310330284506563e-13,1.1821366361301271e-13
146,0.15208333333333332,0.12727768560275335,-0.23472895149102643,0.2993724912722456,289.83324636858697,23.61811353205393,24.463020939461476,20.346768688120676,2.842170943040401e-14,6.023853619806338e-16,0.05132419736066917,45.30988955381899,-1.2477123174487992,2.9620750296999176e-13,3.833658454113942e-14
147,0.153125,0.12738934715911732,-0.23498452871478087,0.29936735452277935,290.508523615003,23.67140092333213,24.522095367776714,20.34676868812128,2.842170943040401e-14,6.023853619806516e-16,0.05132419736066989,45.41543389677433,-1.2506082656828106,1.531219595563016e-12,1.1752316259954387e-13
148,0.15416666666666667,0.12750100871548128,-0.2352401059385353,0.2993622177733131,291.18380086141906,23.724688314610326,24.58116979609195,20.346768688120676,5.684341886080802e-14,1.2047707239612675e-15,0.05132419736066917,45.520978239729686,-1.2535042139168215,-8.86402062860725e-13,6.07222697600134e-14
149,0.15520833333333334,0.12761267027184525,-0.23549568316228975,0.2993570810238469,291.8590781078351,23.777975705888526,24.640244224407187,20.346768688121884,2.842170943040401e-14,6.023853619806695e-16,0.05132419736066989,45.626522582685034,-1.2564001621508327,2.1602719613156296e-12,4.10890469577914e-15
150,0.15625,0.12772433182820922,-0.2357512603860442,0.29935194427438067,292.53435535425115,23.831263097166726,24.699318652722425,20.34676868812128,2.842170943040401e-14,6.023853619806516e-16,0.05132419736066989,45.73206692564038,-1.2592961103848441,1.5691892230051963e-12,1.1749853919560845e-13
151,0.15729166666666666,0.1278359933845732,-0.23600683760979863,0.29934680752491444,293.2096326006672,23.884550488444923,24.75839308103766,20.346768688120676,0.0,0.0,0.05132419736066917,45.83761126859574,-1.262192058618855,-2.667421838964401e-12,3.152392593607205e-14
152,0.15833333333333333,0.12794765494093716,-0.23626241483355306,0.2993416707754482,293.88490984708324,23.937837879723123,24.8174675093529,20.346768688121884,-2.842170943040401e-14,-6.023853619806695e-16,0.05132419736066989,45.94315561155108,-1.2650880068528663,2.205347016115411e-12,1.1415331925184897e-13
153,0.159375,0.12805931649730112,-0.2365179920573075,0.299336534025982,294.5601870934993,23.991125271001323,24.876541937668136,20.34676868812128,-2.842170943040401e-14,-6.023853619806516e-16,0.05132419736066989,46.048699954506425,-1.2679839550868774,1.6140422332000526e-12,5.80749290882837e-14
154,0.16041666666666665,0.1281709780536651,-0.23677356928106194,0.29933139727651575,295.2354643399153,24.04441266227952,24.93561636598337,20.346768688120676,0.0,0.0,0.05132419736066917,46.15424429746178,-1.2708799033208886,-8.033573806187633e-13,6.637459969355487e-14
155,0.16145833333333334,0.12828263961002906,-0.23702914650481638,0.2993262605270495,295.91074158633137,24.09770005355772,24.99469079429861,20.346768688121884,-2.842170943040401e-14,-6.023853619806695e-16,0.05132419736066989,46.25978864041713,-1.2737758515548996,-1.3948842081390467e-12,1.173731393958959e-13
156,0.1625,0.12839430116639303,-0.23728472372857082,0.2993211237775833,296.5860188327474,24.15098744483592,25.053765222613848,20.34676868812128,-2.842170943040401e-14,-6.023853619806516e-16,0.05132419736066989,46.365332983372475,-1.276671799788911,-1.6697754290362354e-13,5.80749290882837e-14
157,0.16354166666666667,0.128505962722757,-0.23754030095232526,0.29931598702811707,297.26129607916346,24.204274836114116,25.112839650929082,20.346768688120676,0.0,0.0,0.05132419736066917,46.47087732632783,-1.279567748022922,4.6913584128560615e-12,1.1752316259954387e-13
158,0.16458333333333333,0.12861762427912096,-0.2377958781760797,0.29931085027865084,297.9365733255795,24.257562227392313,25.171914079244317,20.346768688120676,2.842170943040401e-14,6.023853619806338e-16,0.05132419736066917,46.57642166928318,-1.282463696256933,4.618527782440651e-13,5.80749290882837e-14
159,0.165625,0.12872928583548493,-0.23805145539983413,0.2993057135291846,298.61185057199555,24.31084961867051,25.23098850755955,20.346768688120676,5.684341886080802e-14,1.2047707239612675e-15,0.05132419736066917,46.68196601223852,-1.2853596444909443,-1.9411139362546237e-12,1.137610661383764e-13
160,0.16666666666666666,0.1288409473918489,-0.23830703262358857,0.2993005767797184,299.2871278184116,24.36413700994871,25.29006293587479,20.346768688121884,2.842170943040401e-14,6.023853619806695e-16,0.05132419736066989,46.787510355193874,-1.2882555927249553,1.0982326159592048e-12,6.07222697600134e-14
161,0.16770833333333332,0.12895260894821287,-0.238562609847343,0.29929544003025216,299.96240506482764,24.41742440122691,25.349137364190028,20.34676868812128,2.842170943040401e-14,6.023853619806516e-16,0.05132419736066989,46.89305469814922,-1.2911515409589664,2.325917236589703e-12,3.124734874404982e-14
162,0.16875,0.12906427050457683,-0.23881818707109745,0.29929030328078593,300.6376823112437,24.470711792505107,25.408211792505263,20.346768688120676,5.684341886080802e-14,1.2047707239612675e-15,0.05132419736066917,46.99859904110457,-1.2940474891929776,-8.43769498715119e-14,1.1752316259954387e-13
163,0.16979166666666667,0.1291759320609408,-0.2390737642948519,0.2992851665313197,301.3129595576597,24.523999183783307,25.4672862208205,20.346768688121884,2.842170943040401e-14,6.023853619806695e-16,0.05132419736066989,47.104143384059924,-1.2969434374269888,1.1362022434013852e-12,1.8203838990653974e-14
164,0.17083333333333334,0.12928759361730477,-0.23932934151860633,0.2992800297818535,301.98823680407577,24.577286575061507,25.52636064913574,20.34676868812128,-2.842170943040401e-14,-6.023853619806516e-16,0.05132419736066989,47.209687727015265,-1.2998393856609998,-1.2672085603071537e-12,1.179029001961925e-13
165,0.171875,0.12939925517366874,-0.23958491874236076,0.29927489303238725,302.6635140504918,24.630573966339703,25.585435077450974,20.346768688120676,0.0,0.0,0.05132419736066917,47.31523206997061,-1.3027353338950112,-3.930189507173054e-14,3.4662563847130955e-14
166,0.17291666666666666,0.1295109167300327,-0.2398404959661152,0.299269756282921,303.33879129690786,24.683861357617904,25.644509505766212,20.346768688121884,-2.842170943040401e-14,-6.023853619806695e-16,0.05132419736066989,47.42077641292597,-1.3056312821290221,1.1810552535962415e-12,5.883959139800072e-14
167,0.17395833333333333,0.12962257828639667,-0.24009607318986964,0.2992646195334548,304.0140685433239,24.737148748896104,25.70358393408145,20.34676868812128,-2.842170943040401e-14,-6.023853619806516e-16,0.05132419736066989,47.526320755881315,-1.3085272303630333,2.4087398742267396e-12,1.1752316259954387e-13
168,0.175,0.12973423984276064,-0.24035165041362408,0.29925948278398856,304.68934578973995,24.7904361401743,25.762658362396685,20.346768688120676,0.0,0.0,0.05132419736066917,47.63186509883666,-1.3114231785970447,-1.8203216711754067e-12,1.0309375590863679e-14
169,0.17604166666666665,0.1298459013991246,-0.24060722763737852,0.29925434603452233,305.364623036156,24.8437235314525,25.821732790711923,20.346768688121884,-2.842170943040401e-14,-6.023853619806695e-16,0.05132419736066989,47.73740944179202,-1.3143191268310557,-5.999645225074346e-13,1.288871254856314e-13
170,0.17708333333333334,0.12995756295548858,-0.24086280486113296,0.2992492092850561,306.03990028257203,24.8970109227307,25.88080721902716,20.34676868812128,-2.842170943040401e-14,-6.023853619806516e-16,0.05132419736066989,47.842953784747365,-1.3172150750650669,4.2656989052147765e-12,2.978248942344766e-14
171,0.178125,0.13006922451185252,-0.2411183820848874,0.2992440725355899,306.7151775289881,24.950298314008894,25.939881647342393,20.346768688119464,2.842170943040401e-14,6.023853619805979e-16,0.051324197360668455,47.948498127702706,-1.3201110232990778,4.3298697960381105e-14,1.8203838990653974e-14
172,0.17916666666666667,0.13018088606821648,-0.24137395930864183,0.29923893578612365,307.3904547754041,25.003585705287094,25.99895607565763,20.34676868812128,2.842170943040401e-14,6.023853619806516e-16,0.05132419736066989,48.05404247065806,-1.323006971533089,-5.551115123125783e-13,1.137610661383764e-13
173,0.18020833333333333,0.13029254762458045,-0.24162953653239627,0.2992337990366574,308.06573202182017,25.05687309656529,26.058030503972866,20.346768688120676,5.684341886080802e-14,1.2047707239612675e-15,0.05132419736066917,48.15958681361341,-1.3259029197671,6.723510637129948e-13,5.80749290882837e-14
174,0.18125,0.13040420918094442,-0.2418851137561507,0.2992286622871912,308.7410092682362,25.11016048784349,26.117104932288104,20.346768688121884,2.842170943040401e-14,6.023853619806695e-16,0.05132419736066989,48.265131156568756,-1.3287988680011114,1.900257728948418e-12,1.137610661383764e-13
175,0.18229166666666666,0.1305158707373084,-0.24214069097990515,0.29922352553772497,309.41628651465226,25.16344787912169,26.176179360603342,20.34676868812128,2.842170943040401e-14,6.023853619806516e-16,0.05132419736066989,48.37067549952411,-1.3316948162351223,1.3016254740705335e-12,5.883959139800072e-14
176,0.18333333333333332,0.13062753229367235,-0.2423962682036596,0.29921838878825874,310.0915637610683,25.216735270399887,26.235253788918577,20.346768688120676,5.684341886080802e-14,1.2047707239612675e-15,0.05132419736066917,48.47621984247945,-1.3345907644691335,7.174261185127762e-13,1.15135037348058e-13
177,0.184375,0.13073919385003632,-0.24265184542741403,0.2992132520387925,310.76684100748435,25.270022661678087,26.294328217233815,20.346768688121884,-2.842170943040401e-14,-6.023853619806695e-16,0.05132419736066989,48.5817641854348,-1.3374867127031447,-3.511857471494295e-12,5.802508383718446e-14
178,0.18541666666666667,0.1308508554064003,-0.24290742265116846,0.2992081152893263,311.4421182539004,25.323310052956288,26.353402645549053,20.34676868812128,-2.842170943040401e-14,-6.023853619806516e-16,0.05132419736066989,48.687308528390155,-1.3403826609371559,3.1656899324161714e-12,3.331075427260857e-15
179,0.18645833333333334,0.13096251696276426,-0.2431629998749229,0.29920297853986005,312.11739550031643,25.376597444234484,26.412477073864288,20.346768688120676,0.0,0.0,0.05132419736066917,48.7928528713455,-1.343278609171167,7.553957459549565e-13,1.17976501802537e-13
180,0.1875,0.13107417851912823,-0.24341857709867734,0.2991978417903938,312.7926727467325,25.429884835512684,26.471551502179526,20.346768688121884,-2.842170943040401e-14,-6.023853619806695e-16,0.05132419736066989,48.89839721430085,-1.3461745574051782,1.6409096303959814e-13,5.898693600090078e-14
181,0.18854166666666666,0.1311858400754922,-0.24367415432243178,0.2991927050409276,313.4679499931485,25.483172226790884,26.530625930494764,20.34676868812128,-2.842170943040401e-14,-6.023853619806516e-16,0.05132419736066989,49.003941557256205,-1.3490705056391894,-4.3431924723336124e-13,1.169669469981884e-13
182,0.18958333333333333,0.13129750163185616,-0.24392973154618622,0.29918756829146137,314.14322723956457,25.53645961806908,26.58970035881,20.346768688120676,0.0,0.0,0.05132419736066917,49.10948590021155,-1.3519664538732004,2.6121327323380683e-12,5.802508383718446e-14
183,0.190625,0.13140916318822013,-0.24418530876994066,0.29918243154199514,314.8185044859806,25.58974700934728,26.648774787125237,20.346768688121884,-2.842170943040401e-14,-6.023853619806695e-16,0.05132419736066989,49.21503024316689,-1.3548624021072118,2.091660178393795e-13,3.886132980686833e-14
184,0.19166666666666665,0.13152082474458407,-0.2444408859936951,0.2991772947925289,315.49378173239666,25.643034400625478,26.707849215440472,20.34676868812007,2.842170943040401e-14,6.023853619806157e-16,0.05132419736066917,49.32057458612225,-1.3577583503412227,1.4295231665073516e-12,1.1873186275011864e-13
185,0.19270833333333334,0.13163248630094804,-0.24469646321744953,0.2991721580430627,316.1690589788127,25.696321791903674,26.766923643755707,20.346768688120676,2.842170943040401e-14,6.023853619806338e-16,0.05132419736066917,49.426118929077596,-1.3606542985752337,-9.809930645587883e-13,2.5299987665993383e-14
186,0.19375,0.131744147857312,-0.24495204044120397,0.29916702129359646,316.84433622522874,25.749609183181875,26.825998072070945,20.34676868812128,2.842170943040401e-14,6.023853619806516e-16,0.05132419736066989,49.531663272032944,-1.3635502468092449,2.466915560717098e-13,1.276385812576015e-13
187,0.19479166666666667,0.13185580941367597,-0.2452076176649584,0.29916188454413023,317.5196134716448,25.80289657446007,26.88507250038618,20.346768688120676,5.684341886080802e-14,1.2047707239612675e-15,0.05132419736066917,49.6372076149883,-1.3664461950432558,1.4670487047396819e-12,3.331075427260857e-15
188,0.19583333333333333,0.13196747097003994,-0.24546319488871285,0.299156747794664,318.19489071806083,25.85618396573827,26.944146928701418,20.346768688121884,2.842170943040401e-14,6.023853619806695e-16,0.05132419736066989,49.74275195794364,-1.369342143277267,2.701838752727781e-12,1.1885365120011033e-13
189,0.196875,0.1320791325264039,-0.2457187721124673,0.2991516110451978,318.8701679644769,25.90947135701647,27.003221357016656,20.34676868812128,2.842170943040401e-14,6.023853619806516e-16,0.05132419736066989,49.848296300898994,-1.3722380915112784,-3.353317623577823e-12,2.978248942344766e-14
190,0.19791666666666666,0.13219079408276788,-0.24597434933622173,0.29914647429573155,319.5454452108929,25.962758748294668,27.06229578533189,20.346768688120676,0.0,0.0,0.05132419736066917,49.95384064385434,-1.3751340397452894,1.5121237595394632e-12,5.802508383718446e-14
191,0.19895833333333332,0.13230245563913184,-0.24622992655997616,0.2991413375462653,320.22072245730897,26.016046139572868,27.12137021364713,20.346768688121884,-2.842170943040401e-14,-6.023853619806695e-16,0.05132419736066989,50.05938498680969,-1.3780299879793005,9.208189766241048e-13,1.1422933685837995e-13
192,0.2,0.1324141171954958,-0.2464855037837306,0.2991362007967991,320.895999703725,26.06933353085107,27.180444641962367,20.34676868812128,-2.842170943040401e-14,-6.023853619806516e-16,0.05132419736066989,50.164929329765044,-1.380925936213312,2.141620214501927e-12,5.80749290882837e-14
193,0.20104166666666667,0.13252577875185978,-0.24674108100748504,0.29913106404733286,321.57127695014105,26.122620922129265,27.239519070277602,20.346768688120676,0.0,0.0,0.05132419736066917,50.27047367272039,-1.3838218844473227,-2.0881074647149944e-12,1.137610661383764e-13
194,0.20208333333333334,0.13263744030822375,-0.24699665823123948,0.29912592729786663,322.2465541965571,26.175908313407465,27.29859349859284,20.346768688121884,-2.842170943040401e-14,-6.023853619806695e-16,0.05132419736066989,50.37601801567574,-1.386717832681334,2.7777780076121417e-12,3.4662563847130955e-14
195,0.203125,0.13274910186458772,-0.24725223545499392,0.2991207905484004,322.92183144297314,26.229195704685665,27.35766792690808,20.34676868812128,-2.842170943040401e-14,-6.023853619806516e-16,0.05132419736066989,50.481562358631095,-1.3896137809153453,2.1793677973391823e-12,3.124734874404982e-14
196,0.20416666666666666,0.13286076342095168,-0.24750781267874836,0.2991156537989342,323.5971086893892,26.282483095963862,27.416742355223313,20.346768688120676,0.0,0.0,0.05132419736066917,50.587106701586436,-1.3925097291493562,-2.043032409915213e-12,1.2766124885708363e-13
197,0.20520833333333333,0.13297242497731565,-0.2477633899025028,0.29911051704946795,324.27238593580523,26.33577048724206,27.475816783538548,20.346768688120676,2.842170943040401e-14,6.023853619806338e-16,0.05132419736066917,50.69265104454178,-1.3954056773833674,2.822631017806998e-12,4.10890469577914e-15
198,0.20625,0.13308408653367962,-0.24801896712625723,0.2991053803000017,324.9476631822213,26.389057878520255,27.534891211853783,20.346768688120676,5.684341886080802e-14,1.2047707239612675e-15,0.05132419736066917,50.79819538749714,-1.3983016256173784,-3.232969447708456e-12,1.1752316259954387e-13
199,0.20729166666666665,0.1331957480900436,-0.24827454435001167,0.2991002435505355,325.6229404286373,26.442345269798455,27.59396564016902,20.346768688121884,2.842170943040401e-14,6.023853619806695e-16,0.05132419736066989,50.903739730452486,-1.4011975738513898,1.6329160246186802e-12,6.07222697600134e-14
200,0.20833333333333334,0.13330740964640755,-0.2485301215737661,0.29909510680106927,326.29821767505337,26.495632661076655,27.65304006848426,20.34676868812128,2.842170943040401e-14,6.023853619806516e-16,0.05132419736066989,51.00928407340783,-1.4040935220854007,1.0484946244559978e-12,1.179029001961925e-13
201,0.209375,0.13341907120277152,-0.24878569879752055,0.29908997005160304,326.9734949214694,26.548920052354852,27.712114496799494,20.346768688120676,5.684341886080802e-14,1.2047707239612675e-15,0.05132419736066917,51.11482841636318,-1.406989470319412,4.5008441418303846e-13,1.1885365120011033e-13
202,0.21041666666666667,0.1335307327591355,-0.249041276021275,0.2990848333021368,327.64877216788545,26.602207443633052,27.771188925114732,20.346768688121884,2.842170943040401e-14,6.023853619806695e-16,0.05132419736066989,51.22037275931853,-1.409885418553423,3.496758438359393e-12,3.833658454113942e-14
203,0.21145833333333333,0.13364239431549946,-0.24929685324502943,0.2990796965526706,328.3240494143015,26.655494834911252,27.83026335342997,20.34676868812128,-2.842170943040401e-14,-6.023853619806516e-16,0.05132419736066989,51.32591710227388,-1.4127813667874345,-2.5512925105886097e-12,1.21838351282629e-13
204,0.2125,0.13375405587186343,-0.24955243046878386,0.29907455980320435,328.99932666071754,26.70878222618945,27.889337781745205,20.346768688120676,0.0,0.0,0.05132419736066917,51.43146144522923,-1.4156773150214452,2.3068214005661503e-12,3.124734874404982e-14
205,0.21354166666666666,0.1338657174282274,-0.2498080076925383,0.2990694230537381,329.6746039071336,26.76206961746765,27.948412210060443,20.346768688121884,-2.842170943040401e-14,-6.023853619806695e-16,0.05132419736066989,51.53700578818458,-1.4185732632554566,-1.0325074129013956e-13,1.2766124885708363e-13
206,0.21458333333333332,0.13397737898459136,-0.2500635849162927,0.2990642863042719,330.34988115354963,26.81535700874585,28.00748663837568,20.34676868812128,-2.842170943040401e-14,-6.023853619806516e-16,0.05132419736066989,51.64255013113993,-1.4214692114894676,-6.94777568810423e-13,1.0309375590863679e-14
207,0.21562499999999998,0.13408904054095533,-0.2503191621400471,0.29905914955480567,331.0251583999657,26.868644400024046,28.066561066690916,20.346768688120676,0.0,0.0,0.05132419736066917,51.74809447409528,-1.4243651597234788,2.3447910280083306e-12,2.978248942344766e-14
208,0.21666666666666667,0.1342007020973193,-0.25057473936380154,0.29905401280533944,331.7004356463817,26.921931791302246,28.125635495006154,20.346768688121884,-2.842170943040401e-14,-6.023853619806695e-16,0.05132419736066989,51.85363881705062,-1.4272611079574902,-5.81756864903582e-14,1.199766259961539e-13
209,0.21770833333333334,0.13431236365368326,-0.25083031658755595,0.2990488760558732,332.37571289279776,26.975219182580446,28.184709923321392,20.34676868812128,-2.842170943040401e-14,-6.023853619806516e-16,0.05132419736066989,51.95918316000597,-1.4301570561915014,2.9884983376859964e-12,6.07222697600134e-14
210,0.21875,0.1344240252100472,-0.25108589381131036,0.299043739306407,333.0509901392138,27.02850657385864,28.243784351636624,20.346768688119464,2.842170943040401e-14,6.023853619805979e-16,0.05132419736066845,52.064727502961325,-1.4330530044255123,5.708766792622555e-13,1.1945606205796367e-13
211,0.21979166666666666,0.13453568676641117,-0.25134147103506477,0.29903860255694076,333.72626738562985,27.08179396513684,28.302858779951862,20.34676868812128,2.842170943040401e-14,6.023853619806516e-16,0.05132419736066989,52.17027184591667,-1.4359489526595233,-2.0650148258027912e-14,3.667497363673231e-14
212,0.22083333333333333,0.13464734832277514,-0.2515970482588192,0.29903346580747453,334.4015446320459,27.135081356415036,28.361933208267097,20.346768688120676,5.684341886080802e-14,1.2047707239612675e-15,0.05132419736066917,52.275816188872014,-1.4388449008935345,1.2141398997300712e-12,8.696772597997328e-14
213,0.221875,0.1347590098791391,-0.2518526254825736,0.2990283290580083,335.07682187846194,27.188368747693236,28.421007636582335,20.346768688121884,2.842170943040401e-14,6.023853619806695e-16,0.05132419736066989,52.38136053182737,-1.4417408491275456,-3.022249117634601e-12,1.1752316259954387e-13
214,0.22291666666666665,0.13487067143550308,-0.252108202706328,0.2990231923085421,335.752099124878,27.241656138971436,28.480082064897573,20.34676868812128,2.842170943040401e-14,6.023853619806516e-16,0.05132419736066989,52.48690487478272,-1.4446367973615568,1.84341431008761e-12,1.0309375590863679e-14
215,0.22395833333333334,0.13498233299186704,-0.2523637799300824,0.29901805555907585,336.42737637129403,27.294943530249633,28.539156493212808,20.346768688120676,5.684341886080802e-14,1.2047707239612675e-15,0.05132419736066917,52.592449217738064,-1.4475327455955678,3.070876886113183e-12,1.299234062737442e-13
216,0.225,0.135093994548231,-0.2526193571538368,0.2990129188096096,337.1026536177101,27.348230921527833,28.598230921528046,20.346768688121884,-2.842170943040401e-14,-6.023853619806695e-16,0.05132419736066989,52.69799356069342,-1.4504286938295792,-1.1652900866465643e-12,3.124734874404982e-14
217,0.22604166666666667,0.13520565610459498,-0.25287493437759123,0.2990077820601434,337.7779308641261,27.401518312806033,28.657305349843284,20.34676868812128,-2.842170943040401e-14,-6.023853619806516e-16,0.05132419736066989,52.80353790364877,-1.4533246420635901,1.8811618929248652e-12,1.179029001961925e-13
218,0.22708333333333333,0.13531731766095895,-0.25313051160134564,0.29900264531067716,338.45320811054216,27.45480570408423,28.71637977815852,20.346768688120676,0.0,0.0,0.05132419736066917,52.909082246604115,-1.4562205902976013,-5.291322935363496e-13,3.4662563847130955e-14
219,0.228125,0.13542897921732291,-0.25338608882510005,0.29899750856121093,339.1284853569582,27.50809309536243,28.775454206473757,20.346768688121884,-2.842170943040401e-14,-6.023853619806695e-16,0.05132419736066989,53.01462658955947,-1.4591165385316127,6.916689443414725e-13,4.865066709204249e-14
220,0.22916666666666666,0.13554064077368688,-0.25364166604885446,0.2989923718117447,339.80376260337425,27.56138048664063,28.834528634788995,20.34676868812128,-2.842170943040401e-14,-6.023853619806516e-16,0.05132419736066989,53.12017093251481,-1.4620124867656237,3.745226351270503e-12,1.2807870896411871e-13
221,0.23020833333333332,0.13565230233005085,-0.2538972432726089,0.2989872350622785,340.4790398497903,27.614667877918826,28.89360306310423,20.346768688120676,0.0,0.0,0.05132419736066917,53.22571527547016,-1.4649084349996349,-4.122036045828281e-12,1.739093391722193e-14
222,0.23124999999999998,0.13576396388641482,-0.2541528204963633,0.29898209831281225,341.15431709620634,27.667955269197023,28.952677491419465,20.346768688120676,2.842170943040401e-14,6.023853619806338e-16,0.05132419736066917,53.33125961842551,-1.4678043832336458,2.5552893134772603e-12,1.280109158901097e-13
223,0.23229166666666667,0.13587562544277879,-0.2544083977201177,0.298976961563346,341.8295943426224,27.72124266047522,29.0117519197347,20.346768688120676,5.684341886080802e-14,1.2047707239612675e-15,0.05132419736066917,53.43680396138086,-1.470700331467657,1.4499512701604544e-13,2.4486325486302633e-14
224,0.23333333333333334,0.13598728699914275,-0.2546639749438721,0.2989718248138798,342.50487158903843,27.77453005175342,29.070826348049938,20.346768688121884,2.842170943040401e-14,6.023853619806695e-16,0.05132419736066989,53.5423483043362,-1.4735962797016682,1.3797851750041445e-12,6.321316054991715e-14
225,0.234375,0.13609894855550672,-0.2549195521676265,0.29896668806441357,343.1801488354545,27.82781744303162,29.129900776365176,20.34676868812128,2.842170943040401e-14,6.023853619806516e-16,0.05132419736066989,53.647892647291556,-1.4764922279356791,7.811529201262601e-13,1.1799316487042152e-13
226,0.23541666666666666,0.1362106101118707,-0.25517512939138093,0.29896155131494734,343.8554260818705,27.881104834309816,29.18897520468041,20.346768688120676,5.684341886080802e-14,1.2047707239612675e-15,0.05132419736066917,53.753436990246904,-1.4793881761696903,1.8984813721090177e-13,5.802508383718446e-14
227,0.23645833333333333,0.13632227166823466,-0.25543070661513534,0.2989564145654811,344.53070332828656,27.934392225588017,29.24804963299565,20.346768688121884,2.842170943040401e-14,6.023853619806695e-16,0.05132419736066989,53.85898133320225,-1.4822841244037017,1.417754802446325e-12,1.276385812576015e-13
228,0.2375,0.13643393322459862,-0.25568628383888975,0.2989512778160149,345.2059805747026,27.987679616866217,29.307124061310887,20.34676868812128,2.842170943040401e-14,6.023853619806516e-16,0.05132419736066989,53.964525676157606,-1.485180072637713,-9.99644811372491e-13,3.237156372415513e-14
229,0.23854166666666665,0.1365455947809626,-0.25594186106264416,0.29894614106654865,345.88125782111865,28.040967008144413,29.36619848962612,20.346768688120676,0.0,0.0,0.05132419736066917,54.070070019112954,-1.4880760208717239,2.0468071681989386e-12,6.048354216911708e-14
230,0.23958333333333334,0.13665725633732656,-0.25619743828639857,0.2989410043170824,346.5565350675347,28.094254399422613,29.42527291794136,20.346768688121884,-2.842170943040401e-14,-6.023853619806695e-16,0.05132419736066989,54.1756143620683,-1.4909719691057353,-3.632649736573512e-13,1.216244240874227e-13
231,0.240625,0.13676891789369053,-0.256453015510153,0.2989358675676162,347.23181231395074,28.147541790700814,29.484347346256598,20.34676868812128,-2.842170943040401e-14,-6.023853619806516e-16,0.05132419736066989,54.28115870502366,-1.493867917339746,8.568701304056958e-13,7.011594325200222e-14
232,0.24166666666666667,0.1368805794500545,-0.2567085927339074,0.29893073081814997,347.9070895603668,28.20082918197901,29.543421774571833,20.346768688120676,0.0,0.0,0.05132419736066917,54.386703047979,-1.4967638655737574,2.09188222299872e-12,1.2256234757092355e-13
233,0.24270833333333333,0.13699224100641846,-0.2569641699576618,0.29892559406868374,348.58236680678283,28.25411657325721,29.60249620288707,20.346768688121884,-2.842170943040401e-14,-6.023853619806695e-16,0.05132419736066989,54.492247390934345,-1.4996598138077686,-2.1374013670083514e-12,2.968517545780852e-14
234,0.24375,0.13710390256278243,-0.2572197471814162,0.2989204573192175,349.2576440531989,28.30740396453541,29.66157063120231,20.34676868812128,-2.842170943040401e-14,-6.023853619806516e-16,0.05132419736066989,54.5977917338897,-1.5025557620417798,9.021672298104022e-13,1.1873186275011864e-13
235,0.24479166666666666,0.13721556411914637,-0.2574753244051706,0.2989153205697513,349.9329212996149,28.360691355813604,29.72064505951754,20.346768688119464,2.842170943040401e-14,6.023853619805979e-16,0.05132419736066845,54.70333607684505,-1.5054517102757903,2.1291857166261252e-12,3.152392593607205e-14
236,0.24583333333333332,0.13732722567551034,-0.25773090162892504,0.29891018382028506,350.60819854603096,28.413978747091804,29.77971948783278,20.34676868812128,2.842170943040401e-14,6.023853619806516e-16,0.05132419736066989,54.80888041980039,-1.5083476585098017,-2.737809978725636e-13,4.175120884993958e-14
237,0.24687499999999998,0.1374388872318743,-0.25798647885267945,0.29890504707081883,351.283475792447,28.46726613837,29.838793916148013,20.346768688120676,5.684341886080802e-14,1.2047707239612675e-15,0.05132419736066917,54.91442476275574,-1.5112436067438126,4.5845549578871214e-12,1.1749853919560845e-13
238,0.24791666666666667,0.13755054878823827,-0.25824205607643386,0.2988999103213526,351.95875303886305,28.5205535296482,29.89786834446325,20.346768688121884,2.842170943040401e-14,6.023853619806695e-16,0.05132419736066989,55.01996910571109,-1.5141395549778238,-1.4637180356658064e-12,6.321316054991715e-14
239,0.24895833333333334,0.13766221034460224,-0.25849763330018827,0.2988947735718864,352.6340302852791,28.5738409209264,29.95694277277849,20.34676868812128,2.842170943040401e-14,6.023853619806516e-16,0.05132419736066989,55.12551344866644,-1.5170355032118352,-2.3581137043038325e-13,1.1873186275011864e-13
240,0.25,0.1377738719009662,-0.2587532105239427,0.29888963682242015,353.30930753169514,28.627128312204597,30.016017201093725,20.346768688120676,5.684341886080802e-14,1.2047707239612675e-15,0.05132419736066917,55.231057791621794,-1.5199314514458462,9.845457782375888e-13,6.598108953183178e-14
241,0.25104166666666666,0.13788553345733018,-0.2590087877476971,0.2988845000729539,353.9845847781112,28.680415703482797,30.075091629408963,20.346768688121884,-2.842170943040401e-14,-6.023853619806695e-16,0.05132419736066989,55.33660213457714,-1.5228273996798574,3.9324099532223045e-13,1.739093391722193e-14
242,0.2520833333333333,0.13799719501369415,-0.2592643649714515,0.2988793633234877,354.65986202452723,28.733703094760997,30.1341660577242,20.34676868812128,-2.842170943040401e-14,-6.023853619806516e-16,0.05132419736066989,55.44214647753249,-1.5257233479138685,1.6209256159527285e-12,1.1422933685837995e-13
243,0.253125,0.13810885657005811,-0.2595199421952059,0.29887422657402146,355.3351392709433,28.786990486039194,30.193240486039436,20.346768688120676,0.0,0.0,0.05132419736066917,55.547690820487844,-1.5286192961478797,-2.6154634014119438e-12,7.384203587229294e-14
244,0.25416666666666665,0.13822051812642208,-0.2597755194189603,0.29886908982455523,356.0104165173593,28.840277877317394,30.252314914354674,20.346768688121884,-2.842170943040401e-14,-6.023853619806695e-16,0.05132419736066989,55.653235163443185,-1.5315152443818907,2.2570834090629432e-12,1.3007920947580616e-13
245,0.2552083333333333,0.13833217968278605,-0.26003109664271473,0.298863953075089,356.68569376377536,28.893565268595594,30.311389342669912,20.34676868812128,-2.842170943040401e-14,-6.023853619806516e-16,0.05132419736066989,55.75877950639853,-1.534411192615902,3.4849900742983664e-12,3.237156372415513e-14
246,0.25625,0.13844384123915002,-0.26028667386646914,0.2988588163256228,357.3609710101914,28.94685265987379,30.370463770985147,20.346768688120676,0.0,0.0,0.05132419736066917,55.86432384935389,-1.537307140849913,-7.51620987671231e-13,1.4319721902383252e-13
247,0.25729166666666664,0.13855550279551399,-0.26054225109022355,0.29885367957615655,358.03624825660745,29.00014005115199,30.429538199300385,20.346768688121884,-2.842170943040401e-14,-6.023853619806695e-16,0.05132419736066989,55.969868192309235,-1.5402030890839242,-1.3429257705865894e-12,5.999892366022381e-14
248,0.2583333333333333,0.13866716435187793,-0.26079782831397796,0.2988485428266903,358.7115255030235,29.053427442430188,30.48861262761562,20.34676868812007,2.842170943040401e-14,6.023853619806157e-16,0.05132419736066916,56.075412535264576,-1.5430990373179356,-1.0791367799356522e-13,2.9480805338355946e-14
249,0.259375,0.1387788259082419,-0.2610534055377324,0.2988434060772241,359.38680274943954,29.106714833708384,30.547687055930854,20.346768688120676,2.842170943040401e-14,6.023853619806338e-16,0.05132419736066917,56.18095687821993,-1.5459949855519464,1.1122214260694818e-12,1.276385812576015e-13
250,0.2604166666666667,0.13889048746460586,-0.2613089827614868,0.29883826932775787,360.0620799958556,29.160002224986584,30.606761484246093,20.34676868812128,2.842170943040401e-14,6.023853619806516e-16,0.05132419736066989,56.28650122117528,-1.5488909337859578,4.1591174948507614e-12,3.152392593607205e-14
251,0.26145833333333335,0.13900214902096983,-0.2615645599852412,0.29883313257829164,360.7373572422716,29.21328961626478,30.665835912561327,20.346768688120676,5.684341886080802e-14,1.2047707239612675e-15,0.05132419736066917,56.392045564130626,-1.5517868820199687,-1.8893775433070914e-12,1.2877482651692613e-13
252,0.2625,0.1391138105773338,-0.2618201372089956,0.2988279958288254,361.4126344886877,29.26657700754298,30.724910340876566,20.346768688121884,2.842170943040401e-14,6.023853619806695e-16,0.05132419736066989,56.49758990708598,-1.55468283025398,2.9691804570575187e-12,4.579117787254235e-14
253,0.2635416666666667,0.13922547213369776,-0.26207571443275,0.2988228590793592,362.0879117351037,29.31986439882118,30.783984769191804,20.34676868812128,2.842170943040401e-14,6.023853619806516e-16,0.05132419736066989,56.60313425004133,-1.557578778487991,-1.2601031329495527e-12,3.9502293696794526e-14
254,0.26458333333333334,0.13933713369006173,-0.26233129165650443,0.29881772232989295,362.76318898151976,29.373151790099378,30.84305919750704,20.346768688120676,0.0,0.0,0.05132419736066917,56.70867859299668,-1.5604747267220023,1.786570891226802e-12,1.6460973262030825e-13
255,0.265625,0.1394487952464257,-0.26258686888025884,0.2988125855804267,363.4384662279358,29.426439181377578,30.902133625822277,20.346768688121884,-2.842170943040401e-14,-6.023853619806695e-16,0.05132419736066989,56.81422293595203,-1.5633706749560132,1.1879386363489175e-12,1.739093391722193e-14
256,0.26666666666666666,0.13956045680278967,-0.26284244610401325,0.2988074488309605,364.11374347435185,29.47972657265578,30.961208054137515,20.34676868812128,-2.842170943040401e-14,-6.023853619806516e-16,0.05132419736066989,56.91976727890737,-1.5662666231900246,-1.2150280781497713e-12,1.182058171541828e-13
257,0.2677083333333333,0.13967211835915364,-0.26309802332776766,0.29880231208149427,364.7890207207679,29.533013963933975,31.02028248245275,20.346768688120676,0.0,0.0,0.05132419736066917,57.02531162186272,-1.5691625714240356,1.8314239014216582e-12,8.998439594148334e-14
258,0.26875,0.1397837799155176,-0.26335360055152207,0.29879717533202804,365.46429796718394,29.586301355212175,31.079356910767988,20.346768688121884,-2.842170943040401e-14,-6.023853619806695e-16,0.05132419736066989,57.130855964818075,-1.5720585196580468,-5.859757123971576e-13,3.1586229357069784e-14
259,0.26979166666666665,0.13989544147188157,-0.2636091777752765,0.2987920385825618,366.1395752136,29.639588746490375,31.138431339083226,20.34676868812128,-2.842170943040401e-14,-6.023853619806516e-16,0.05132419736066989,57.23640030777342,-1.5749544678920582,4.2799097599299785e-12,1.1799316487042152e-13
260,0.2708333333333333,0.14000710302824554,-0.2638647549990309,0.2987869018330956,366.814852460016,29.69287613776857,31.19750576739846,20.346768688120676,0.0,0.0,0.05132419736066917,57.34194465072876,-1.5778504161260691,5.750955267558311e-14,8.706748224807241e-14
261,0.271875,0.1401187645846095,-0.2641203322227853,0.29878176508362936,367.49012970643207,29.74616352904677,31.256580195713696,20.346768688120676,2.842170943040401e-14,6.023853619806338e-16,0.05132419736066917,57.44748899368412,-1.5807463643600803,-5.409006575973763e-13,1.1749853919560845e-13
262,0.27291666666666664,0.14023042614097347,-0.2643759094465397,0.29877662833416313,368.1654069528481,29.799450920324965,31.31565462402893,20.346768688120676,5.684341886080802e-14,1.2047707239612675e-15,0.05132419736066917,57.553033336639466,-1.583642312594091,6.863398738232718e-13,3.424263659492295e-14
263,0.2739583333333333,0.14034208769733744,-0.2646314866702941,0.2987714915846969,368.84068419926416,29.852738311603165,31.37472905234417,20.346768688121884,2.842170943040401e-14,6.023853619806695e-16,0.05132419736066989,57.65857767959482,-1.5865382608281025,8.815170815523743e-14,1.1749853919560845e-13
264,0.275,0.1404537492537014,-0.26488706389404854,0.2987663548352307,369.5159614456802,29.906025702881365,31.433803480659407,20.34676868812128,2.842170943040401e-14,6.023853619806516e-16,0.05132419736066989,57.76412202255017,-1.5894342090621136,1.3158363287857355e-12,3.331075427260857e-15
265,0.2760416666666667,0.14056541081006538,-0.26514264111780295,0.29876121808576445,370.19123869209625,29.959313094159562,31.49287790897464,20.346768688120676,5.684341886080802e-14,1.2047707239612675e-15,0.05132419736066917,57.869666365505516,-1.5923301572961246,7.243095012654521e-13,1.1608799119505892e-13
266,0.27708333333333335,0.14067707236642935,-0.26539821834155736,0.2987560813362982,370.8665159385123,30.012600485437762,31.55195233728988,20.346768688121884,2.842170943040401e-14,6.023853619806695e-16,0.05132419736066989,57.97521070846087,-1.5952261055301358,-1.6930901125533637e-12,1.1500931116068055e-13
267,0.278125,0.1407887339227933,-0.26565379556531177,0.298750944586832,371.54179318492834,30.065887876715962,31.611026765605118,20.34676868812128,-2.842170943040401e-14,-6.023853619806516e-16,0.05132419736066989,58.08075505141622,-1.5981220537641472,3.1727953597737724e-12,3.237156372415513e-14
268,0.2791666666666667,0.14090039547915728,-0.2659093727890662,0.29874580783736576,372.2170704313444,30.11917526799416,31.670101193920353,20.346768688120676,0.0,0.0,0.05132419736066917,58.18629939437156,-1.601018001998158,7.691625114603085e-13,1.4280369488111077e-13
269,0.28020833333333334,0.14101205703552125,-0.2661649500128206,0.29874067108789953,372.8923476777604,30.17246265927236,31.72917562223559,20.346768688121884,-2.842170943040401e-14,-6.023853619806695e-16,0.05132419736066989,58.291843737326914,-1.6039139502321693,1.709743457922741e-13,3.152392593607205e-14
270,0.28125,0.14112371859188522,-0.266420527236575,0.2987355343384333,373.56762492417647,30.22575005055056,31.78825005055083,20.34676868812128,-2.842170943040401e-14,-6.023853619806516e-16,0.05132419736066989,58.39738808028226,-1.6068098984661807,1.3988810110276972e-12,4.321809185348415e-14
271,0.28229166666666666,0.14123538014824918,-0.2666761044603294,0.2987303975889671,374.2429021705925,30.279037441828756,31.847324478866064,20.346768688120676,0.0,0.0,0.05132419736066917,58.50293242323761,-1.6097058467001915,-1.0118572646433677e-12,1.1373562825536754e-13
272,0.2833333333333333,0.14134704170461315,-0.2669316816840838,0.29872526083950085,374.91817941700856,30.332324833106956,31.906398907181302,20.346768688121884,-2.842170943040401e-14,-6.023853619806695e-16,0.05132419736066989,58.608476766192965,-1.6126017949342029,3.8469227803261674e-12,3.424263659492295e-14
273,0.284375,0.14145870326097712,-0.26718725890783823,0.2987201240900346,375.5934566634246,30.385612224385156,31.96547333549654,20.34676868812128,-2.842170943040401e-14,-6.023853619806516e-16,0.05132419736066989,58.714021109148305,-1.615497743168214,-3.752553823233029e-13,1.17976501802537e-13
274,0.28541666666666665,0.14157036481734106,-0.26744283613159264,0.2987149873405684,376.26873390984065,30.43889961566335,32.02454776381177,20.346768688119464,5.684341886080802e-14,1.2047707239611957e-15,0.051324197360668074,58.81956545210365,-1.618393691402225,-9.667822098435863e-13,5.802508383718446e-14
275,0.2864583333333333,0.14168202637370503,-0.26769841335534705,0.29870985059110217,376.9440111562567,30.492187006941553,32.083622192127,20.34676868812249,2.842170943040401e-14,6.023853619806875e-16,0.05132419736066985,58.92510979505901,-1.621289639636236,2.0725643423702422e-12,5.838646099288366e-14
276,0.2875,0.141793687930069,-0.26795399057910146,0.29870471384163594,377.61928840267274,30.545474398219753,32.14269662044224,20.34676868812128,5.684341886080802e-14,1.2047707239613032e-15,0.05132419736066951,59.030654138014356,-1.6241855878702471,-2.156719247636829e-12,1.6248421083553051e-13
277,0.28854166666666664,0.14190534948643296,-0.2682095678028559,0.2986995770921697,378.2945656490888,30.598761789497953,32.20177104875747,20.346768688121884,8.526512829121202e-14,1.8071560859420083e-15,0.05132419736066951,59.1361984809697,-1.6270815361042583,4.5279335836312384e-12,1.1373562825536754e-13
278,0.2895833333333333,0.14201701104279693,-0.2684651450266103,0.2986944403427035,378.9698428955048,30.652049180776157,32.260845477072706,20.34676868812249,5.684341886080802e-14,1.204770723961375e-15,0.05132419736066985,59.24174282392506,-1.6299774843382697,-1.5272227926743653e-12,1.2111094298853563e-13
279,0.290625,0.1421286725991609,-0.2687207222503647,0.29868930359323725,379.64512014192087,30.705336572054357,32.31991990538794,20.346768688121884,5.684341886080802e-14,1.204770723961339e-15,0.05132419736066951,59.347287166880406,-1.6328734325722805,1.5190071422921392e-12,8.808828934408594e-14
280,0.2916666666666667,0.14224033415552487,-0.2689762994741191,0.298684166843771,380.3203973883369,30.758623963332557,32.378994333703176,20.346768688121884,0.0,0.0,0.05132419736066951,59.45283150983575,-1.6357693808062919,2.7540192348851633e-12,1.216244240874227e-13
281,0.29270833333333335,0.14235199571188883,-0.2692318766978735,0.2986790300943048,380.99567463475296,30.811911354610757,32.43806876201841,20.346768688121884,2.842170943040401e-14,6.023853619806695e-16,0.05132419736066951,59.5583758527911,-1.6386653290403033,-3.3011371414204405e-12,6.127628742546452e-14
282,0.29375,0.1424636572682528,-0.26948745392162793,0.29867389334483857,381.670951881169,30.86519874588896,32.497143190333645,20.34676868812249,0.0,0.0,0.05132419736066985,59.66392019574645,-1.6415612772743142,3.383293645242702e-12,4.579117787254235e-14
283,0.2947916666666667,0.14257531882461677,-0.26974303114538234,0.29866875659537234,382.34622912758505,30.91848613716716,32.55621761864888,20.346768688121884,0.0,0.0,0.05132419736066951,59.7694645387018,-1.6444572255083254,-8.459899447643693e-13,1.276385812576015e-13
284,0.29583333333333334,0.14268698038098074,-0.26999860836913675,0.2986636198459061,383.0215063740011,30.97177352844536,32.615292046964115,20.346768688121884,2.842170943040401e-14,6.023853619806695e-16,0.05132419736066951,59.87500888165715,-1.6473531737423366,2.1935786520543843e-12,1.739093391722193e-14
285,0.296875,0.1427986419373447,-0.27025418559289116,0.2986584830964399,383.69678362041714,31.025060919723565,32.67436647527935,20.34676868812249,0.0,0.0,0.05132419736066985,59.98055322461249,-1.650249121976348,5.247580148193265e-12,1.4280369488111077e-13
286,0.29791666666666666,0.14291030349370867,-0.27050976281664557,0.29865334634697366,384.3720608668332,31.07834831100177,32.733440903594584,20.34676868812249,0.0,0.0,0.05132419736066985,60.08609756756784,-1.653145070210359,-6.257883100602157e-12,4.175120884993958e-14
287,0.2989583333333333,0.14302196505007264,-0.2707653400404,0.29864820959750743,385.0473381132492,31.131635702279965,32.79251533190982,20.346768688120676,0.0,0.0,0.05132419736066917,60.191641910523195,-1.6560410184443701,4.1966430330830917e-13,2.968517545780852e-14
288,0.3,0.1431336266064366,-0.2710209172641544,0.2986430728480412,385.72261535966527,31.18492309355816,32.85158976022505,20.346768688120676,2.842170943040401e-14,6.023853619806338e-16,0.05132419736066917,60.29718625347854,-1.6589369666783813,3.4663383274846638e-12,1.4280369488111077e-13
289,0.30104166666666665,0.14324528816280058,-0.2712764944879088,0.298637936098575,386.3978926060813,31.23821048483636,32.91066418854029,20.346768688121884,5.684341886080802e-14,1.204770723961339e-15,0.05132419736066951,60.40273059643389,-1.6618329149123923,2.8748114999643803e-12,2.968517545780852e-14
290,0.3020833333333333,0.14335694971916454,-0.2715320717116632,0.29863279934910875,387.07316985249736,31.291497876114565,32.96973861685552,20.34676868812249,2.842170943040401e-14,6.023853619806875e-16,0.05132419736066985,60.508274939389246,-1.6647288631464037,-1.361355472795367e-12,1.2111094298853563e-13
291,0.303125,0.1434686112755285,-0.2717876489354176,0.2986276625996425,387.7484470989134,31.344785267392766,33.02881304517076,20.34676868812128,2.842170943040401e-14,6.023853619806516e-16,0.05132419736066951,60.61381928234459,-1.6676248113804146,-1.9528823003156504e-12,8.808828934408594e-14
292,0.30416666666666664,0.14358027283189248,-0.27204322615917204,0.2986225258501763,388.42372434532945,31.398072658670966,33.08788747348599,20.34676868812128,5.684341886080802e-14,1.2047707239613032e-15,0.05132419736066951,60.719363625299934,-1.6705207596144258,1.1008971512183052e-12,1.17976501802537e-13
293,0.3052083333333333,0.14369193438825645,-0.27229880338292645,0.29861738910071006,389.0990015917455,31.451360049949166,33.14696190180123,20.346768688121884,0.0,0.0,0.05132419736066951,60.82490796825529,-1.673416707848437,4.140465748037059e-12,3.1586229357069784e-14
294,0.30625,0.14380359594462042,-0.27255438060668086,0.29861225235124383,389.77427883816154,31.50464744122737,33.20603633011646,20.34676868812249,0.0,0.0,0.05132419736066985,60.93045231121064,-1.6763126560824484,-3.7265746044568004e-12,2.968517545780852e-14
295,0.3072916666666667,0.14391525750098438,-0.27280995783043527,0.2986071156017776,390.4495560845776,31.55793483250557,33.265110758431696,20.346768688121884,-2.842170943040401e-14,-6.023853619806695e-16,0.05132419736066951,61.035996654165984,-1.6792086043164591,6.59561294469313e-12,1.1873186275011864e-13
296,0.30833333333333335,0.14402691905734835,-0.2730655350541897,0.2986019788523114,391.1248333309936,31.61122222378377,33.32418518674693,20.34676868812128,0.0,0.0,0.05132419736066951,61.14154099712134,-1.6821045525504705,-4.916511642250043e-12,8.706748224807241e-14
297,0.309375,0.14413858061371232,-0.2733211122779441,0.29859684210284515,391.80011057740967,31.66450961506197,33.383259615062165,20.346768688121884,2.842170943040401e-14,6.023853619806695e-16,0.05132419736066951,61.24708534007668,-1.685000500784482,5.413447468072263e-12,1.2111094298853563e-13
298,0.3104166666666667,0.1442502421700763,-0.2735766895016985,0.2985917053533789,392.4753878238257,31.717797006340174,33.4423340433774,20.34676868812249,0.0,0.0,0.05132419736066985,61.35262968303203,-1.687896449018493,1.183941833460267e-12,4.321809185348415e-14
299,0.31145833333333334,0.14436190372644025,-0.2738322667254529,0.2985865686039127,393.15066507024176,31.77108439761837,33.501408471692635,20.346768688120676,0.0,0.0,0.05132419736066917,61.45817402598738,-1.690792397252504,-3.0524471839044054e-12,8.998439594148334e-14
300,0.3125,0.14447356528280422,-0.2740878439492073,0.29858143185444647,393.8259423166578,31.82437178889657,33.56048290000787,20.34676868812128,2.842170943040401e-14,6.023853619806516e-16,0.05132419736066951,61.56371836894273,-1.693688345486515,3.631983602758737e-12,1.1749853919560845e-13
301,0.31354166666666666,0.1445852268391682,-0.27434342117296173,0.29857629510498024,394.50121956307385,31.87765918017477,33.619557328323104,20.34676868812128,5.684341886080802e-14,1.2047707239613032e-15,0.05132419736066951,61.66926271189808,-1.6965842937205262,-4.235278794340047e-12,3.237156372415513e-14
302,0.3145833333333333,0.14469688839553216,-0.27459899839671614,0.298571158355514,395.1764968094899,31.93094657145297,33.67863175663834,20.346768688121884,5.684341886080802e-14,1.204770723961339e-15,0.05132419736066951,61.77480705485343,-1.6994802419545374,2.4422686095704194e-12,1.3556306035534184e-13
303,0.315625,0.14480854995189613,-0.27485457562047055,0.2985660216060478,395.85177405590593,31.98423396273117,33.73770618495357,20.346768688121884,2.842170943040401e-14,6.023853619806695e-16,0.05132419736066951,61.88035139780878,-1.7023761901885484,1.850741782050136e-12,5.898693600090078e-14
304,0.31666666666666665,0.1449202115082601,-0.27511015284422496,0.29856088485658155,396.527051302322,32.03752135400937,33.79678061326881,20.34676868812128,5.684341886080802e-14,1.2047707239613032e-15,0.05132419736066951,61.98589574076412,-1.7052721384225595,1.2665424264923786e-12,3.331075427260857e-15
305,0.3177083333333333,0.14503187306462406,-0.2753657300679794,0.2985557481071153,397.202328548738,32.09080874528757,33.85585504158404,20.34676868812249,1.1368683772161603e-13,2.40954144792275e-15,0.05132419736066917,62.091440083719476,-1.7081680866565707,6.681322162194192e-13,1.3556306035534184e-13
306,0.31875,0.14514353462098803,-0.2756213072917338,0.2985506113576491,397.87760579515407,32.14409613656577,33.914929469899285,20.3467686881237,-5.684341886080802e-14,-1.2047707239614464e-15,0.051324197360670606,62.196984426674824,-1.7110640348905821,-3.560929329182727e-12,1.111954711146907e-14
307,0.31979166666666664,0.145255196177352,-0.2758768845154882,0.29854547460818287,398.5528830415701,32.19738352784397,33.97400389821452,20.34676868812128,0.0,0.0,0.05132419736066917,62.30252876963017,-1.713959983124593,3.1235014574804154e-12,1.4498927058267002e-13
308,0.3208333333333333,0.14536685773371597,-0.2761324617392426,0.29854033785871664,399.22816028798616,32.250670919122165,34.033078326529754,20.34676868812249,5.684341886080802e-14,1.204770723961375e-15,0.05132419736066917,62.40807311258553,-1.7168559313586043,2.525091247207456e-12,5.3313277205482955e-14
309,0.321875,0.14547851929007993,-0.276388038962997,0.2985352011092504,399.9034375344022,32.30395831040037,34.092152754844996,20.3467686881237,-5.684341886080802e-14,-1.2047707239614464e-15,0.051324197360670606,62.51361745554087,-1.7197518795926154,1.9408918916496987e-12,1.1500931116068055e-13
310,0.3229166666666667,0.1455901808464439,-0.27664361618675143,0.2985300643597842,400.57871478081825,32.357245701678565,34.15122718316023,20.34676868812128,0.0,0.0,0.05132419736066917,62.619161798496215,-1.7226478278266266,1.3495871087343403e-12,1.1531531314250974e-13
311,0.32395833333333335,0.14570184240280787,-0.27689919341050584,0.29852492761031796,401.2539920272343,32.41053309295676,34.210301611475465,20.34676868812249,5.684341886080802e-14,1.204770723961375e-15,0.05132419736066917,62.72470614145157,-1.7255437760606376,7.509548538564559e-13,1.739093391722193e-14
312,0.325,0.14581350395917184,-0.27715477063426025,0.29851979086085173,401.92926927365033,32.46382048423496,34.2693760397907,20.34676868812249,5.684341886080802e-14,1.204770723961375e-15,0.05132419736066917,62.83025048440692,-1.7284397242946488,1.596500709410975e-13,1.1373562825536754e-13
313,0.3260416666666667,0.1459251655155358,-0.27741034785801466,0.2985146541113855,402.6045465200664,32.517107875513155,34.328450468105935,20.34676868812249,5.684341886080802e-14,1.204770723961375e-15,0.05132419736066917,62.935794827362265,-1.7313356725286595,3.205880005907602e-12,9.194994302364544e-14
314,0.32708333333333334,0.14603682707189977,-0.27766592508176907,0.2985095173619193,403.2798237664824,32.57039526679135,34.38752489642117,20.34676868812249,1.1368683772161603e-13,2.40954144792275e-15,0.05132419736066917,63.04133917031762,-1.7342316207626707,-4.668487818548783e-12,1.201453287710315e-13
315,0.328125,0.14614848862826374,-0.2779215023055235,0.29850438061245305,403.95510101289847,32.623682658069555,34.44659932473641,20.3467686881237,5.684341886080802e-14,1.2047707239614464e-15,0.051324197360670606,63.14688351327297,-1.737127568996682,2.0163870573242093e-12,3.1586229357069784e-14
316,0.32916666666666666,0.1462601501846277,-0.2781770795292779,0.2984992438629868,404.6303782593145,32.67697004934775,34.505673753051646,20.34676868812249,5.684341886080802e-14,1.204770723961375e-15,0.05132419736066917,63.25242785622831,-1.740023517230693,1.431965657161527e-12,3.424263659492295e-14
317,0.3302083333333333,0.14637181174099168,-0.2784326567530323,0.2984941071135206,405.30565550573056,32.73025744062595,34.56474818136688,20.34676868812249,1.1368683772161603e-13,2.40954144792275e-15,0.05132419736066917,63.35797219918366,-1.7429194654647044,8.337774914934926e-13,1.2877482651692613e-13
318,0.33125,0.14648347329735564,-0.2786882339767867,0.29848897036405436,405.9809327521466,32.78354483190415,34.62382260968212,20.3467686881237,0.0,0.0,0.051324197360670606,63.46351654213901,-1.7458154136987156,3.880451515669847e-12,3.886132980686833e-14
319,0.33229166666666665,0.1465951348537196,-0.2789438112005411,0.29848383361458813,406.65620999856264,32.83683222318235,34.68289703799736,20.34676868812249,0.0,0.0,0.05132419736066917,63.56906088509436,-1.7487113619327266,-3.987032926033862e-12,1.2807870896411871e-13
320,0.3333333333333333,0.14670679641008358,-0.27919938842429554,0.2984786968651219,407.3314872449787,32.890119614460545,34.74197146631259,20.34676868812249,5.684341886080802e-14,1.204770723961375e-15,0.05132419736066917,63.674605228049714,-1.7516073101667375,6.328271240363392e-12,6.59192262987e-14
321,0.334375,0.14681845796644755,-0.27945496564804995,0.2984735601156557,408.00676449139473,32.94340700573875,34.80104589462783,20.3467686881237,0.0,0.0,0.051324197360670606,63.780149571005055,-1.7545032584007492,-5.169420447259654e-12,8.998439594148334e-14
322,0.33541666666666664,0.14693011952281151,-0.27971054287180436,0.29846842336618945,408.6820417378108,32.996694397016945,34.86012032294307,20.34676868812249,0.0,0.0,0.05132419736066917,63.8856939139604,-1.75739920663476,1.5147882947985636e-12,1.1799316487042152e-13
323,0.3364583333333333,0.14704178107917548,-0.27996612009555877,0.2984632866167232,409.3573189842268,33.04998178829514,34.9191947512583,20.34676868812249,5.684341886080802e-14,1.204770723961375e-15,0.05132419736066917,63.99123825691576,-1.7602951548687713,8.192557743313955e-12,3.1586229357069784e-14
324,0.3375,0.14715344263553945,-0.2802216973193132,0.298458149867257,410.03259623064287,33.103269179573346,34.978269179573545,20.3467686881237,0.0,0.0,0.051324197360670606,64.0967825998711,-1.7631911031027825,-1.0588641075059968e-11,1.2807870896411871e-13
325,0.3385416666666667,0.14726510419190342,-0.2804772745430676,0.29845301311779077,410.7078734770589,33.15655657085154,35.03734360788878,20.34676868812128,0.0,0.0,0.05132419736066917,64.20232694282645,-1.7660870513367934,3.3788527531442014e-12,3.152392593607205e-14
326,0.33958333333333335,0.14737676574826739,-0.280732851766822,0.29844787636832454,411.38315072347496,33.20984396212974,35.096418036204014,20.34676868812128,5.684341886080802e-14,1.2047707239613032e-15,0.05132419736066917,64.3078712857818,-1.7689829995708044,6.41819930535803e-12,1.1873186275011864e-13
327,0.340625,0.14748842730463135,-0.2809884289905764,0.2984427396188583,412.058427969891,33.263131353407935,35.15549246451925,20.34676868812249,1.1368683772161603e-13,2.40954144792275e-15,0.05132419736066917,64.41341562873716,-1.7718789478048156,-1.4561685190983553e-12,6.598108953183178e-14
328,0.3416666666666667,0.14760008886099532,-0.2812440062143308,0.2984376028693921,412.73370521630704,33.31641874468614,35.21456689283449,20.3467686881237,0.0,0.0,0.051324197360670606,64.5189599716925,-1.774774896038827,5.235811784132238e-12,3.331075427260857e-15
329,0.34270833333333334,0.1477117504173593,-0.28149958343808523,0.29843246611992585,413.4089824627231,33.369706135964336,35.273641321149725,20.34676868812128,5.684341886080802e-14,1.2047707239613032e-15,0.05132419736066917,64.62450431464785,-1.7776708442728382,-2.638556040324147e-12,1.1749853919560845e-13
330,0.34375,0.14782341197372326,-0.28175516066183964,0.2984273293704596,414.08425970913913,33.42299352724253,35.33271574946496,20.34676868812249,1.1368683772161603e-13,2.40954144792275e-15,0.05132419736066917,64.73004865760319,-1.7805667925068491,4.150013666048835e-13,8.64187375547475e-14
331,0.34479166666666666,0.14793507353008722,-0.28201073788559405,0.2984221926209934,414.7595369555552,33.476280918520736,35.3917901777802,20.3467686881237,-5.684341886080802e-14,-1.2047707239614464e-15,0.051324197360670606,64.83559300055855,-1.7834627407408603,-1.8340884366807586e-13,1.2780327029624312e-13
332,0.3458333333333333,0.1480467350864512,-0.28226631510934846,0.29841705587152717,415.4348142019712,33.52956830979893,35.450864606095436,20.34676868812128,0.0,0.0,0.05132419736066917,64.9411373435139,-1.7863586889748715,-7.818190539410352e-13,5.898693600090078e-14
333,0.346875,0.14815839664281516,-0.2825218923331029,0.29841191912206094,416.11009144838727,33.58285570107713,35.50993903441067,20.34676868812249,5.684341886080802e-14,1.204770723961375e-15,0.05132419736066917,65.04668168646924,-1.7892546372088824,5.909717160079708e-12,9.194994302364544e-14
334,0.34791666666666665,0.14827005819917913,-0.2827774695568573,0.2984067823725947,416.7853686948033,33.63614309235533,35.56901346272591,20.3467686881237,-5.684341886080802e-14,-1.2047707239614464e-15,0.051324197360670606,65.1522260294246,-1.7921505854428939,-1.964428619771752e-12,1.1373562825536754e-13
335,0.3489583333333333,0.1483817197555431,-0.2830330467806117,0.2984016456231285,417.46064594121935,33.68943048363353,35.62808789104115,20.34676868812128,0.0,0.0,0.05132419736066917,65.25777037237995,-1.7950465336769053,1.0753620216519266e-12,5.446967550310529e-14
336,0.35,0.14849338131190706,-0.2832886240043661,0.29839650887366226,418.1359231876354,33.742717874911726,35.68716231935638,20.34676868812249,5.684341886080802e-14,1.204770723961375e-15,0.05132419736066917,65.36331471533529,-1.797942481910916,4.907185768843192e-13,1.17976501802537e-13
337,0.35104166666666664,0.14860504286827103,-0.2835442012281205,0.29839137212419603,418.81120043405144,33.79600526618993,35.746236747671624,20.3467686881237,-5.684341886080802e-14,-1.2047707239614464e-15,0.051324197360670606,65.46885905829065,-1.8008384301449274,-1.0746958878371515e-13,3.152392593607205e-14
338,0.3520833333333333,0.14871670442463497,-0.28379977845187493,0.2983862353747298,419.4864776804675,33.84929265746812,35.80531117598685,20.34676868812007,5.684341886080802e-14,1.2047707239612314e-15,0.051324197360667734,65.57440340124599,-1.8037343783789381,-6.921130335513226e-13,6.048354216911708e-14
339,0.353125,0.14882836598099894,-0.28405535567562934,0.2983810986252636,420.16175492688353,33.902580048746316,35.864385604302086,20.34676868812249,1.1368683772161603e-13,2.40954144792275e-15,0.05132419736066917,65.67994774420134,-1.806630326612949,2.347233518662506e-12,1.169669469981884e-13
340,0.3541666666666667,0.1489400275373629,-0.28431093289938375,0.29837596187579735,420.8370321732996,33.95586744002452,35.92346003261733,20.3467686881237,5.684341886080802e-14,1.2047707239614464e-15,0.051324197360670606,65.7854920871567,-1.8095262748469605,5.3870241600861846e-12,3.1586229357069784e-14
341,0.35520833333333335,0.14905168909372687,-0.28456651012313816,0.2983708251263311,421.5123094197156,34.009154831302716,35.98253446093256,20.34676868812249,5.684341886080802e-14,1.204770723961375e-15,0.05132419736066917,65.89103643011204,-1.8124222230809717,-6.111111616746712e-12,1.4280369488111077e-13
342,0.35625,0.14916335065009084,-0.28482208734689257,0.2983656883768649,422.18758666613166,34.06244222258091,36.0416088892478,20.34676868812249,1.1368683772161603e-13,2.40954144792275e-15,0.05132419736066917,65.9965807730674,-1.8153181713149826,4.204192549650543e-12,4.579117787254235e-14
343,0.3572916666666667,0.1492750122064548,-0.285077664570647,0.29836055162739866,422.8628639125477,34.115729613859116,36.10068331756304,20.3467686881237,5.684341886080802e-14,1.2047707239614464e-15,0.051324197360670606,66.10212511602273,-1.818214119548994,3.6202152386977104e-12,1.2866561486568305e-13
344,0.35833333333333334,0.14938667376281878,-0.2853332417944014,0.29835541487793243,423.53814115896375,34.16901700513731,36.159757745878274,20.34676868812249,0.0,0.0,0.05132419736066917,66.20766945897809,-1.821110067783005,-4.2543746303636e-12,9.194994302364544e-14
345,0.359375,0.14949833531918275,-0.2855888190181558,0.2983502781284662,424.2134184053798,34.22230439641551,36.21883217419351,20.34676868812249,5.684341886080802e-14,1.204770723961375e-15,0.05132419736066917,66.31321380193343,-1.824006016017016,2.4371615836571436e-12,5.802508383718446e-14
346,0.36041666666666666,0.1496099968755467,-0.2858443962419102,0.298345141379,424.88869565179584,34.27559178769371,36.27790660250875,20.3467686881237,0.0,0.0,0.051324197360670606,66.41875814488878,-1.8269019642510278,1.8394175071989594e-12,1.1373562825536754e-13
347,0.3614583333333333,0.14972165843191068,-0.2860999734656646,0.29834000462953375,425.5639728982119,34.32887917897191,36.336981030823985,20.34676868812249,0.0,0.0,0.05132419736066917,66.52430248784414,-1.8297979124850385,1.24056320771615e-12,3.424263659492295e-14
348,0.3625,0.14983331998827465,-0.28635555068941904,0.2983348678800675,426.23925014462793,34.38216657025011,36.39605545913922,20.34676868812249,5.684341886080802e-14,1.204770723961375e-15,0.05132419736066917,66.62984683079948,-1.8326938607190497,6.563638521583925e-13,1.26062058608269e-13
349,0.36354166666666665,0.14994498154463862,-0.28661112791317345,0.2983297311306013,426.914527391044,34.43545396152831,36.45512988745446,20.3467686881237,0.0,0.0,0.051324197360670606,66.73539117375483,-1.835589808953061,5.795364188543317e-14,7.011594325200222e-14
350,0.3645833333333333,0.15005664310100258,-0.28686670513692786,0.29832459438113507,427.58980463746,34.48874135280651,36.514204315769696,20.34676868812249,0.0,0.0,0.05132419736066917,66.84093551671018,-1.838485757187072,3.1117330934193888e-12,3.237156372415513e-14
351,0.365625,0.15016830465736655,-0.28712228236068227,0.29831945763166884,428.26508188387606,34.5420287440847,36.57327874408493,20.34676868812128,5.684341886080802e-14,1.2047707239613032e-15,0.05132419736066917,66.94647985966553,-1.8413817054210828,-1.1251000131551336e-12,1.2877482651692613e-13
352,0.36666666666666664,0.15027996621373052,-0.2873778595844367,0.2983143208822026,428.9403591302921,34.5953161353629,36.632353172400165,20.34676868812249,1.1368683772161603e-13,2.40954144792275e-15,0.05132419736066917,67.05202420262088,-1.8442776536550942,-1.723288178823168e-12,9.194994302364544e-14
353,0.3677083333333333,0.1503916277700945,-0.2876334368081911,0.2983091841327364,429.61563637670815,34.648603526641104,36.69142760071541,20.3467686881237,0.0,0.0,0.051324197360670606,67.15756854557623,-1.8471736018891054,4.9684700798025005e-12,1.1373562825536754e-13
354,0.36875,0.15050328932645846,-0.2878890140319455,0.29830404738327015,430.2909136231242,34.7018909179193,36.75050202903064,20.34676868812128,5.684341886080802e-14,1.2047707239613032e-15,0.05132419736066917,67.26311288853157,-1.8500695501231166,-2.8916868899386827e-12,1.1500931116068055e-13
355,0.3697916666666667,0.15061495088282242,-0.2881445912556999,0.2982989106338039,430.96619086954024,34.7551783091975,36.80957645734588,20.34676868812249,1.1368683772161603e-13,2.40954144792275e-15,0.05132419736066917,67.36865723148694,-1.8529654983571275,1.3344880755994382e-13,1.2807870896411871e-13
356,0.37083333333333335,0.1507266124391864,-0.2884001684794543,0.2982937738843377,431.6414681159563,34.8084657004757,36.86865088566112,20.3467686881237,0.0,0.0,0.051324197360670606,67.47420157444228,-1.855861446591139,-4.505285033928885e-13,1.111954711146907e-14
357,0.371875,0.15083827399555036,-0.28865574570320873,0.29828863713487147,432.31674536237233,34.8617530917539,36.92772531397635,20.34676868812128,0.0,0.0,0.05132419736066917,67.57974591739762,-1.85875739482515,2.603028903536142e-12,3.1586229357069784e-14
358,0.3729166666666667,0.15094993555191433,-0.28891132292696314,0.29828350038540524,432.9920226087884,34.915040483032094,36.98679974229159,20.34676868812249,5.684341886080802e-14,1.204770723961375e-15,0.05132419736066917,67.68529026035297,-1.861653343059161,2.0046186932631826e-12,1.6158517955503858e-13
359,0.37395833333333334,0.1510615971082783,-0.28916690015071755,0.298278363635939,433.6672998552044,34.9683278743103,37.04587417060683,20.3467686881237,-5.684341886080802e-14,-1.2047707239614464e-15,0.051324197360670606,67.79083460330833,-1.8645492912931725,1.4064305275951483e-12,4.175120884993958e-14
360,0.375,0.15117325866464226,-0.28942247737447196,0.2982732268864728,434.34257710162046,35.021615265588494,37.104948598922064,20.34676868812128,0.0,0.0,0.05132419736066917,67.89637894626367,-1.8674452395271834,8.220091274324659e-13,1.276385812576015e-13
361,0.37604166666666666,0.15128492022100623,-0.2896780545982264,0.29826809013700656,435.0178543480365,35.07490265686669,37.1640230272373,20.34676868812249,5.684341886080802e-14,1.204770723961375e-15,0.05132419736066917,68.00192328921902,-1.8703411877611946,2.2359891715950653e-13,3.152392593607205e-14
362,0.3770833333333333,0.1513965817773702,-0.2899336318219808,0.29826295338754033,435.69313159445255,35.128190048144894,37.22309745555254,20.3467686881237,-5.684341886080802e-14,-1.2047707239614464e-15,0.051324197360670606,68.10746763217436,-1.8732371359952058,3.277378368693462e-12,3.331075427260857e-15
363,0.378125,0.15150824333373417,-0.2901892090457352,0.2982578166380741,436.3684088408686,35.18147743942309,37.282171883867775,20.34676868812128,0.0,0.0,0.05132419736066917,68.21301197512972,-1.8761330842292168,2.6787461138155777e-12,1.679151754883601e-13
364,0.37916666666666665,0.15161990489009813,-0.2904447862694896,0.2982526798886079,437.04368608728464,35.23476483070129,37.34124631218301,20.34676868812128,5.684341886080802e-14,1.2047707239613032e-15,0.05132419736066917,68.31855631808507,-1.879029032463228,-1.5576429035490946e-12,3.9502293696794526e-14
365,0.3802083333333333,0.1517315664464621,-0.290700363493244,0.29824754313914165,437.7189633337007,35.288052221979484,37.400320740498245,20.34676868812249,5.684341886080802e-14,1.204770723961375e-15,0.05132419736066917,68.42410066104041,-1.881924980697239,1.495914503379936e-12,1.2854792068145802e-13
366,0.38125,0.15184322800282607,-0.29095594071699843,0.2982424063896754,438.39424058011673,35.34133961325768,37.45939516881348,20.34676868812249,5.684341886080802e-14,1.204770723961375e-15,0.05132419736066917,68.52964500399577,-1.8848209289312499,-2.7406965585896614e-12,8.706748224807241e-14
367,0.38229166666666664,0.15195488955919004,-0.29121151794075284,0.2982372696402092,439.0695178265328,35.39462700453588,37.518469597128714,20.34676868812249,1.1368683772161603e-13,2.40954144792275e-15,0.05132419736066917,68.63518934695111,-1.887716877165261,3.1308289294429414e-13,2.968517545780852e-14
368,0.3833333333333333,0.152066551115554,-0.29146709516450725,0.29823213289074296,439.7447950729488,35.44791439581408,37.577544025443956,20.3467686881237,5.684341886080802e-14,1.2047707239614464e-15,0.051324197360670606,68.74073368990646,-1.8906128253992724,6.990852341459686e-12,1.1422933685837995e-13
369,0.384375,0.15217821267191797,-0.29172267238826166,0.29822699614127673,440.42007231936486,35.50120178709228,37.63661845375919,20.34676868812249,5.684341886080802e-14,1.204770723961375e-15,0.05132419736066917,68.8462780328618,-1.8935087736332832,-4.5077275245830606e-12,6.598108953183178e-14
370,0.3854166666666667,0.15228987422828194,-0.29197824961201607,0.2982218593918105,441.0953495657809,35.554489178370474,37.695692882074425,20.34676868812249,5.684341886080802e-14,1.204770723961375e-15,0.05132419736066917,68.95182237581716,-1.8964047218672946,2.170041923932331e-12,1.1500931116068055e-13
371,0.38645833333333335,0.1524015357846459,-0.2922338268357705,0.2982167226423443,441.77062681219695,35.60777656964868,37.75476731038967,20.3467686881237,0.0,0.0,0.051324197360670606,69.05736671877251,-1.8993006701013058,-2.0663470934323414e-12,1.739093391722193e-14
372,0.3875,0.15251319734100988,-0.2924894040595249,0.29821158589287805,442.445904058613,35.661063960926874,37.8138417387049,20.34676868812249,0.0,0.0,0.05132419736066917,69.16291106172785,-1.902196618335317,9.874323581016142e-13,1.2877482651692613e-13
373,0.3885416666666667,0.15262485889737384,-0.2927449812832793,0.2982064491434118,443.12118130502904,35.71435135220507,37.872916167020136,20.34676868812249,5.684341886080802e-14,1.204770723961375e-15,0.05132419736066917,69.26845540468321,-1.905092566569328,4.026778910315443e-12,3.152392593607205e-14
374,0.38958333333333334,0.1527365204537378,-0.2930005585070337,0.2982013123939456,443.7964585514451,35.767638743483275,37.93199059533538,20.3467686881237,0.0,0.0,0.051324197360670606,69.37399974763855,-1.9079885148033393,-1.9517720772910252e-13,1.739093391722193e-14
375,0.390625,0.15284818201010178,-0.2932561357307881,0.29819617564447937,444.47173579786113,35.82092613476147,37.99106502365061,20.34676868812249,0.0,0.0,0.05132419736066917,69.4795440905939,-1.91088446303735,2.843947299879801e-12,1.4319721902383252e-13
376,0.39166666666666666,0.15295984356646575,-0.29351171295454254,0.29819103889501314,445.1470130442772,35.87421352603967,38.05013945196585,20.34676868812128,5.684341886080802e-14,1.2047707239613032e-15,0.05132419736066917,69.58508843354926,-1.9137804112713614,-1.3922196728799463e-12,3.1586229357069784e-14
377,0.3927083333333333,0.15307150512282972,-0.29376729017829695,0.2981859021455469,445.8222902906932,35.927500917317865,38.10921388028108,20.34676868812249,1.1368683772161603e-13,2.40954144792275e-15,0.05132419736066917,69.6906327765046,-1.9166763595053726,1.6615597786540093e-12,1.2877482651692613e-13
378,0.39375,0.15318316667919368,-0.29402286740205136,0.2981807653960807,446.49756753710926,35.98078830859607,38.168288308596324,20.3467686881237,0.0,0.0,0.051324197360670606,69.79617711945994,-1.9195723077393838,-2.560618383995461e-12,3.424263659492295e-14
379,0.39479166666666665,0.15329482823555765,-0.29427844462580577,0.29817562864661445,447.1728447835253,36.034075699874265,38.22736273691156,20.34676868812128,5.684341886080802e-14,1.2047707239613032e-15,0.05132419736066917,69.90172146241531,-1.922468255973395,4.1027181651998035e-12,3.152392593607205e-14
380,0.3958333333333333,0.15340648979192162,-0.2945340218495602,0.2981704918971482,447.84812202994135,36.08736309115246,38.28643716522679,20.34676868812249,1.1368683772161603e-13,2.40954144792275e-15,0.05132419736066917,70.00726580537065,-1.9253642042074057,-1.199040866595169e-13,1.1749853919560845e-13
381,0.396875,0.1535181513482856,-0.2947895990733146,0.298165355147682,448.5233992763574,36.140650482430665,38.345511593542035,20.3467686881237,0.0,0.0,0.051324197360670606,70.11281014832599,-1.9282601524414171,2.9340974094793637e-12,4.321809185348415e-14
382,0.39791666666666664,0.15362981290464955,-0.295045176297069,0.29816021839821577,449.19867652277344,36.19393787370886,38.40458602185727,20.34676868812128,5.684341886080802e-14,1.2047707239613032e-15,0.05132419736066917,70.21835449128135,-1.9311561006754283,2.3356871992064043e-12,1.1646796317889515e-13
383,0.3989583333333333,0.15374147446101352,-0.2953007535208234,0.29815508164874954,449.8739537691895,36.24722526498706,38.463660450172505,20.34676868812249,5.684341886080802e-14,1.204770723961375e-15,0.05132419736066917,70.3238988342367,-1.9340520489094395,-1.900701818158268e-12,1.1904481089988054e-13
384,0.4,0.1538531360173775,-0.2955563307445778,0.2981499448992833,450.5492310156055,36.30051265626526,38.522734878487746,20.3467686881237,-5.684341886080802e-14,-1.2047707239614464e-15,0.051324197360670606,70.42944317719204,-1.9369479971434507,1.1530776333756876e-12,1.2780327029624312e-13
