time_s,tick,phase,command.steering_deg,command.throttle,command.brake,command.direction,state.position.0,state.position.1,state.position.2,state.heading,state.speed,state.pitch,state.roll,state.surface,state.steering,state.throttle,state.brake,state.rpm,state.gear,state.acceleration,state.lateral_acceleration,state.dynamics.aerodynamic_force,state.dynamics.rolling_force,state.dynamics.grade_force,state.dynamics.front_load,state.dynamics.rear_load,state.dynamics.yaw_rate,state.dynamics.sideslip,state.dynamics.traction_limited,state.dynamics.road_grade,state.active,state.generation,state.signal,state.velocity.0,state.velocity.1,state.velocity.2,state.hazards,state.wheel_contacts.0.in_contact,state.wheel_contacts.0.contact_point.0,state.wheel_contacts.0.contact_point.1,state.wheel_contacts.0.contact_point.2,state.wheel_contacts.0.contact_normal.0,state.wheel_contacts.0.contact_normal.1,state.wheel_contacts.0.contact_normal.2,state.wheel_contacts.0.suspension_force,state.wheel_contacts.0.normal_load,state.wheel_contacts.0.suspension_length,state.wheel_contacts.0.compression,state.wheel_contacts.0.skid,state.wheel_contacts.0.surface,state.wheel_contacts.1.in_contact,state.wheel_contacts.1.contact_point.0,state.wheel_contacts.1.contact_point.1,state.wheel_contacts.1.contact_point.2,state.wheel_contacts.1.contact_normal.0,state.wheel_contacts.1.contact_normal.1,state.wheel_contacts.1.contact_normal.2,state.wheel_contacts.1.suspension_force,state.wheel_contacts.1.normal_load,state.wheel_contacts.1.suspension_length,state.wheel_contacts.1.compression,state.wheel_contacts.1.skid,state.wheel_contacts.1.surface,state.wheel_contacts.2.in_contact,state.wheel_contacts.2.contact_point.0,state.wheel_contacts.2.contact_point.1,state.wheel_contacts.2.contact_point.2,state.wheel_contacts.2.contact_normal.0,state.wheel_contacts.2.contact_normal.1,state.wheel_contacts.2.contact_normal.2,state.wheel_contacts.2.suspension_force,state.wheel_contacts.2.normal_load,state.wheel_contacts.2.suspension_length,state.wheel_contacts.2.compression,state.wheel_contacts.2.skid,state.wheel_contacts.2.surface,state.wheel_contacts.3.in_contact,state.wheel_contacts.3.contact_point.0,state.wheel_contacts.3.contact_point.1,state.wheel_contacts.3.contact_point.2,state.wheel_contacts.3.contact_normal.0,state.wheel_contacts.3.contact_normal.1,state.wheel_contacts.3.contact_normal.2,state.wheel_contacts.3.suspension_force,state.wheel_contacts.3.normal_load,state.wheel_contacts.3.suspension_length,state.wheel_contacts.3.compression,state.wheel_contacts.3.skid,state.wheel_contacts.3.surface,state.contact_tick,state.wheel_dynamics.0.omega,state.wheel_dynamics.0.rotation,state.wheel_dynamics.0.relative_omega,state.wheel_dynamics.0.longitudinal_speed,state.wheel_dynamics.0.lateral_speed,state.wheel_dynamics.0.kappa,state.wheel_dynamics.0.alpha,state.wheel_dynamics.0.fx,state.wheel_dynamics.0.fy,state.wheel_dynamics.0.drive_torque,state.wheel_dynamics.0.brake_capacity,state.wheel_dynamics.0.brake_torque,state.wheel_dynamics.0.normal_load,state.wheel_dynamics.0.road_support,state.wheel_dynamics.0.steering,state.wheel_dynamics.0.force_contact_tick,state.wheel_dynamics.0.force_residual,state.wheel_dynamics.0.force_kappa,state.wheel_dynamics.0.force_alpha,state.wheel_dynamics.0.sample_support,state.wheel_dynamics.0.sample_tick,state.wheel_dynamics.1.omega,state.wheel_dynamics.1.rotation,state.wheel_dynamics.1.relative_omega,state.wheel_dynamics.1.longitudinal_speed,state.wheel_dynamics.1.lateral_speed,state.wheel_dynamics.1.kappa,state.wheel_dynamics.1.alpha,state.wheel_dynamics.1.fx,state.wheel_dynamics.1.fy,state.wheel_dynamics.1.drive_torque,state.wheel_dynamics.1.brake_capacity,state.wheel_dynamics.1.brake_torque,state.wheel_dynamics.1.normal_load,state.wheel_dynamics.1.road_support,state.wheel_dynamics.1.steering,state.wheel_dynamics.1.force_contact_tick,state.wheel_dynamics.1.force_residual,state.wheel_dynamics.1.force_kappa,state.wheel_dynamics.1.force_alpha,state.wheel_dynamics.1.sample_support,state.wheel_dynamics.1.sample_tick,state.wheel_dynamics.2.omega,state.wheel_dynamics.2.rotation,state.wheel_dynamics.2.relative_omega,state.wheel_dynamics.2.longitudinal_speed,state.wheel_dynamics.2.lateral_speed,state.wheel_dynamics.2.kappa,state.wheel_dynamics.2.alpha,state.wheel_dynamics.2.fx,state.wheel_dynamics.2.fy,state.wheel_dynamics.2.drive_torque,state.wheel_dynamics.2.brake_capacity,state.wheel_dynamics.2.brake_torque,state.wheel_dynamics.2.normal_load,state.wheel_dynamics.2.road_support,state.wheel_dynamics.2.steering,state.wheel_dynamics.2.force_contact_tick,state.wheel_dynamics.2.force_residual,state.wheel_dynamics.2.force_kappa,state.wheel_dynamics.2.force_alpha,state.wheel_dynamics.2.sample_support,state.wheel_dynamics.2.sample_tick,state.wheel_dynamics.3.omega,state.wheel_dynamics.3.rotation,state.wheel_dynamics.3.relative_omega,state.wheel_dynamics.3.longitudinal_speed,state.wheel_dynamics.3.lateral_speed,state.wheel_dynamics.3.kappa,state.wheel_dynamics.3.alpha,state.wheel_dynamics.3.fx,state.wheel_dynamics.3.fy,state.wheel_dynamics.3.drive_torque,state.wheel_dynamics.3.brake_capacity,state.wheel_dynamics.3.brake_torque,state.wheel_dynamics.3.normal_load,state.wheel_dynamics.3.road_support,state.wheel_dynamics.3.steering,state.wheel_dynamics.3.force_contact_tick,state.wheel_dynamics.3.force_residual,state.wheel_dynamics.3.force_kappa,state.wheel_dynamics.3.force_alpha,state.wheel_dynamics.3.sample_support,state.wheel_dynamics.3.sample_tick
0.050000000000,6,held_throttle,0.0,0.15,0.0,1,0.000749575556255877,1.7353250980377197,0.4162638187408447,0.0027405647560954094,41.62919998168945,-0.0005446294671855867,0.003263801336288452,asphalt,0.0,0.15,0.0,4142.50408596359,2,-0.7383779287338257,-0.07428459078073502,728.0712366675438,160.0,-0.0,5927.72918585752,5844.27081414248,0.0013961275108158588,0.025060423669727425,False,-0.0,True,0,0,0.016060378402471542,41.62919998168945,0.061274945735931396,False,True,-0.8392121195793152,3.1821799278259277,7.450580596923828e-09,0.0,0.0,1.0,3210.615966796875,3210.615966796875,0.33607664704322815,0.06392335891723633,0.0,asphalt,True,0.8407878875732422,3.1822798252105713,-1.862645149230957e-08,0.0,0.0,1.0,3232.949951171875,3232.949951171875,0.335954874753952,0.06404513120651245,0.0,asphalt,True,-0.8390812873840332,0.9821800589561462,1.862645149230957e-08,0.0,0.0,1.0,3205.484130859375,3205.484130859375,0.3361035883426666,0.06389641761779785,0.0,asphalt,True,0.8409186601638794,0.9822800159454346,7.450580596923828e-09,0.0,0.0,1.0,3227.81494140625,3227.81494140625,0.3359818756580353,0.0640181303024292,0.0,asphalt,246,126.18317538116226,6.311394999590245,126.18289363504137,41.62800598144531,0.015513292513787746,0.00029888278443547425,0.0003726647825155344,9.981320412738858,-19.601901086281103,0.0,0.0,-0.0,3245.449462890625,True,0.0,245,1.944206155798e-05,0.00015085411495752737,0.00035550779238334196,True,246,126.18960674373716,6.311625340997303,126.18932499761627,41.63034439086914,0.015513265505433083,0.0002936760371074082,0.0003726432008754412,9.792575040660873,-19.92399767303752,0.0,0.0,-0.0,3266.223876953125,True,0.0,245,1.3148535524200993e-05,0.00014706026385620725,0.00035905117162559155,True,246,126.14059790439623,6.309316139334992,126.14031615827534,41.62800598144531,0.01857907325029373,-3.8644007961228144e-05,0.00044631184171924966,-12.355864041865159,-23.787323062489282,4.7371111795147645,11.605049999999999,11.605049999999999,3240.77001953125,True,0.0,245,4.0891668657111714e-05,-0.00018701273251753496,0.0004320418663219864,True,246,126.14705698943919,6.309543060689898,126.1467752433183,41.630348205566406,0.018579045310616493,-4.370367123729835e-05,0.0004462860600013363,-12.58366813827093,-24.10687525346274,4.7371111795147645,11.605049999999999,11.605049999999999,3261.541259765625,True,0.0,245,5.151309685550909e-05,-0.00018924762575886248,0.00043505746419944774,True,246
0.100000000000,12,held_throttle,0.0,0.15,0.0,1,0.001478379825130105,3.816023111343384,0.4156729578971863,0.007223525550216436,41.592769622802734,-0.0014367153635248542,0.008167917840182781,asphalt,0.0,0.15,0.0,6106.380659508212,2,-0.7232685089111328,-0.06862305104732513,726.7931575415787,160.0,-0.0,5963.349158894309,5808.650841105691,0.0017907408764585853,0.02444878591964338,False,-0.0,True,0,0,0.01254595723003149,41.592769622802734,0.09095722436904907,False,True,-0.8386367559432983,5.2624993324279785,2.2351741790771484e-08,0.0,0.0,1.0,3062.095458984375,3062.095458984375,0.3358209431171417,0.06417906284332275,0.0,asphalt,True,0.8413631916046143,5.2627363204956055,-1.1175870895385742e-08,0.0,0.0,1.0,3081.825439453125,3081.825439453125,0.33555975556373596,0.06444025039672852,0.0,asphalt,True,-0.838326632976532,3.0625,2.60770320892334e-08,0.0,0.0,1.0,3057.63037109375,3057.63037109375,0.33588090538978577,0.06411910057067871,0.0,asphalt,True,0.8416733741760254,3.0627365112304688,-3.725290298461914e-09,0.0,0.0,1.0,3077.360595703125,3077.360595703125,0.33561971783638,0.06438028812408447,0.0,asphalt,252,126.07292034261594,12.617513824380039,126.07270101210419,41.59124755859375,0.01477830857038498,0.0003081454686218871,0.00035532254538949706,10.047260687388139,-17.532238532346877,0.0,0.0,-0.0,3075.652587890625,True,0.0,251,1.873238654944498e-05,0.00016023378093741748,0.0003355254961671278,True,252,126.08148177290926,12.61812719366043,126.0812624423975,41.59425354003906,0.014778265729546547,0.0003037786219395505,0.00035529583656250475,9.9176114518122,-17.800288825491204,0.0,0.0,-0.0,3094.068359375,True,0.0,251,1.3329156833922769e-05,0.00015722484546299177,0.0003386277948644886,True,252,126.04464145208549,12.61374386542925,126.04442212157373,41.591251373291016,0.018710635602474213,8.367879739809434e-05,0.0004498694730847751,-4.032260159225397,-22.57813407883403,7.203231448276351,11.605049999999999,11.605049999999999,3071.359619140625,True,0.0,251,2.064343811673092e-06,-6.439671853806693e-05,0.00043269766560692115,True,252,126.05321161435621,12.614355779807832,126.05299228384446,41.59425354003906,0.01871059276163578,7.948917018806522e-05,0.00044983597269224434,-4.147142017483467,-22.874433081822538,7.203231448276351,11.605049999999999,11.605049999999999,3089.772216796875,True,0.0,251,4.204712980132808e-06,-6.583671701388954e-05,0.0004357637963111283,True,252
0.150000000000,18,held_throttle,0.0,0.15,0.0,1,0.002034740289673209,5.8949079513549805,0.41633474826812744,0.012749412097036839,41.55649185180664,-0.0021452405489981174,0.01250468473881483,asphalt,0.0,0.15,0.0,7294.512060716942,2,-0.7292079329490662,-0.06876743584871292,725.5279210589538,160.0,-0.0,5988.480130334816,5783.519869665184,0.0021240210626274347,0.02511530224886389,False,-0.0,True,0,0,0.009136248379945755,41.556495666503906,0.10419417917728424,False,True,-0.8382486701011658,7.340993404388428,7.450580596923828e-09,0.0,0.0,1.0,2979.604736328125,2979.604736328125,0.3366601765155792,0.06333982944488525,0.0,asphalt,True,0.841751217842102,7.341397285461426,1.1175870895385742e-08,0.0,0.0,1.0,3004.153076171875,3004.153076171875,0.336275190114975,0.0637248158454895,0.0,asphalt,True,-0.8377202749252319,5.140993595123291,3.725290298461914e-09,0.0,0.0,1.0,2973.9501953125,2973.9501953125,0.33674702048301697,0.06325298547744751,0.0,asphalt,True,0.8422796726226807,5.141396522521973,7.450580596923828e-09,0.0,0.0,1.0,2998.49853515625,2998.49853515625,0.3363620340824127,0.06363797187805176,0.0,asphalt,258,125.96291212776788,18.918135256829373,125.96272052083742,41.5546989440918,0.015044186264276505,0.00031433408022466853,0.00036203331967934695,10.160816300287983,-17.19143786052841,0.0,0.0,-0.0,2992.71875,True,0.0,257,1.909076513836711e-05,0.00016653539248224364,0.0003381208068294772,True,258,125.97319734006881,18.919226326441553,125.97300573313835,41.558258056640625,0.01504412293434143,0.00031033701086564144,0.00036200079071377957,10.071018879015078,-17.484682265692854,0.0,0.0,-0.0,3016.792236328125,True,0.0,257,1.4034638717167982e-05,0.00016374654402378478,0.0003411441781255124,True,258,125.92376024705545,18.912714924909963,125.923568640125,41.55469512939453,0.019708387553691864,3.5074769124064424e-06,0.00047427579518041166,-8.795237212300037,-22.989289012212197,4.910859367212956,11.605049999999999,11.605049999999999,2987.298828125,True,0.0,257,1.5794765648716362e-05,-0.00014441614080906793,0.0004529762521330354,True,258,125.93412835605974,18.913805579605867,125.93393674912929,41.558258056640625,0.01970832608640194,1.0348987879738834e-07,0.0004742336548873042,-8.926945690957975,-23.32746880401846,4.910859367212956,11.605049999999999,11.605049999999999,3011.369384765625,True,0.0,257,2.146264596784216e-05,-0.00014540707760434497,0.0004559657724400513,True,258
0.200000000000,24,held_throttle,0.0,0.15,0.0,1,0.002419054973870516,7.971968173980713,0.4174971282482147,0.019199255853891373,41.519775390625,-0.0028845653869211674,0.015538515523076057,asphalt,0.0,0.15,0.0,8011.6523721942685,2,-0.7369721531867981,-0.07202787697315216,724.2488836500737,160.0,-0.0,6007.04665884254,5764.95334115746,0.0024386895820498466,0.026606435680035647,False,-0.0,True,0,0,0.005622952710837126,41.519779205322266,0.10521958023309708,False,True,-0.8380407094955444,9.417645454406738,0.0,0.0,0.0,1.0,2915.14697265625,2915.14697265625,0.33787187933921814,0.06212812662124634,0.0,asphalt,True,0.8419591784477234,9.418242454528809,1.4901161193847656e-08,0.0,0.0,1.0,2940.783447265625,2940.783447265625,0.33740636706352234,0.06259363889694214,0.0,asphalt,True,-0.8372588753700256,7.217645645141602,1.862645149230957e-08,0.0,0.0,1.0,2907.882568359375,2907.882568359375,0.3379878103733063,0.0620121955871582,0.0,asphalt,True,0.8427408933639526,7.21824312210083,1.4901161193847656e-08,0.0,0.0,1.0,2933.521728515625,2933.521728515625,0.3375222384929657,0.06247776746749878,0.0,asphalt,264,125.85173023099092,25.213228740298014,125.8515185245186,41.51771545410156,0.01600341871380806,0.000321682490940734,0.0003854599836763004,10.368631368309616,-17.814179193758402,0.0,0.0,-0.0,2923.862548828125,True,0.0,263,2.0417482334471233e-05,0.00017394379676953612,0.0003586204896343032,True,264,125.86359461594537,25.214878552344068,125.86338290947305,41.52180480957031,0.016003334894776344,0.0003174576286390984,0.0003854200022312983,10.285191855533848,-18.127581802509802,0.0,0.0,-0.0,2949.467529296875,True,0.0,263,1.527376148161066e-05,0.0001710462395472487,0.0003617616398052634,True,264,125.80019943134087,25.205494598085036,125.79998772486854,41.5177116394043,0.021358616650104523,-8.78137767677346e-05,0.0005144458575027729,-14.018762511719776,-24.299051656782282,3.2374380240672216,11.605049999999999,11.605049999999999,2916.88671875,True,0.0,263,5.7161641590366606e-05,-0.00023574314601208248,0.0004903443211077195,True,264,125.81228948125138,25.207151632077615,125.81207777477906,41.52180099487305,0.021358532831072807,-9.020480736254931e-05,0.0005143931726344206,-14.157836657918645,-24.6637575968657,3.2374380240672216,11.605049999999999,11.605049999999999,2942.49169921875,True,0.0,263,6.815393858912004e-05,-0.00023600999893086345,0.0004933731009601087,True,264
0.250000000000,30,held_throttle,0.0,0.15,0.0,1,0.0026234895922243595,10.047187805175781,0.4185980558395386,0.026548665016889572,41.4827880859375,-0.0037257384974509478,0.017006564885377884,asphalt,0.0,0.15,0.0,8443.15689172445,2,-0.7410721182823181,-0.07725843787193298,722.9604719544808,160.0,-0.0,6020.7345180639895,5751.2654819360105,0.0027560689486563206,0.02871368936313979,False,-0.0,True,0,0,0.0018890658393502235,41.482791900634766,0.09835024178028107,False,True,-0.8380208611488342,11.492440223693848,1.1175870895385742e-08,0.0,0.0,1.0,2881.948486328125,2881.948486328125,0.33892568945884705,0.06107431650161743,0.0,asphalt,True,0.841978907585144,11.493258476257324,3.725290298461914e-09,0.0,0.0,1.0,2907.45947265625,2907.45947265625,0.33842286467552185,0.06157714128494263,0.0,asphalt,True,-0.8369510769844055,9.292440414428711,0.0,0.0,0.0,1.0,2872.943603515625,2872.943603515625,0.33907440304756165,0.06092560291290283,0.0,asphalt,True,0.8430486917495728,9.293257713317871,3.725290298461914e-08,0.0,0.0,1.0,2898.45751953125,2898.45751953125,0.3385715186595917,0.0614284873008728,0.0,asphalt,270,125.73936705514639,31.502728915223834,125.73914423611855,41.4804573059082,0.017291903495788574,0.0003262698429358744,0.0004168686561627252,10.512566736305773,-18.99017857366113,0.0,0.0,-0.0,2885.2421875,True,0.0,269,2.1742648052310216e-05,0.00017871943657019501,0.0003874127088749721,True,270,125.75283026774363,31.505016816865176,125.75260744871579,41.485076904296875,0.01729179546236992,0.0003219732264047689,0.0004168196313301618,10.427522048114334,-19.32517506660405,0.0,0.0,-0.0,2910.764892578125,True,0.0,269,1.6371490131682368e-05,0.00017571935260101727,0.0003907899899920323,True,270,125.67929514746614,31.492168793855615,125.6790723284383,41.4804573059082,0.02334405854344368,-0.00015163543636930783,0.0005627723895817537,-17.56426332223565,-26.20636656712096,2.1342506832209547,11.605049999999999,11.605049999999999,2876.52099609375,True,0.0,269,0.00010844179951926668,-0.0002995118059783601,0.0005362581300490234,True,270,125.69306107217413,31.494476584735718,125.69283825314629,41.48508071899414,0.023343952372670174,-0.00015356280056018064,0.0005627071107062142,-17.701940683149196,-26.59662603393858,2.1342506832209547,11.605049999999999,11.605049999999999,2902.046875,True,0.0,269,0.00012429458460678784,-0.00029920425230921764,0.0005394569858394188,True,270
0.300000000000,36,held_throttle,0.0,0.15,0.0,1,0.002635194920003414,12.120545387268066,0.4193088710308075,0.03481966629624367,41.44289779663086,-0.004903475288301706,0.017674880102276802,asphalt,0.0,0.15,0.0,8700.34949256145,2,-0.9552854895591736,-0.08406462520360947,721.6332270488887,160.0,-0.0,6032.2128818691235,5739.7871181308765,0.003084941767156124,0.03132967698120079,False,-0.0,True,0,0,-0.0021477462723851204,41.44290542602539,0.08878534287214279,False,True,-0.838209331035614,13.565328598022461,-2.60770320892334e-08,0.0,0.0,1.0,2882.857666015625,2882.857666015625,0.3395329415798187,0.06046706438064575,0.0,asphalt,True,0.8417904376983643,13.56639289855957,0.0,0.0,0.0,1.0,2908.806640625,2908.806640625,0.33901187777519226,0.06098812818527222,0.0,asphalt,True,-0.8368159532546997,11.36532974243164,-7.450580596923828e-09,0.0,0.0,1.0,2863.0576171875,2863.0576171875,0.33974960446357727,0.06025040149688721,0.0,asphalt,True,0.8431838750839233,11.366393089294434,4.842877388000488e-08,0.0,0.0,1.0,2889.012451171875,2889.012451171875,0.33922842144966125,0.06077158451080322,0.0,asphalt,276,125.62283274792611,37.78655380092067,125.62147162114746,41.440189361572266,0.018790166825056076,0.0003703034537188901,0.0004534285635949197,13.092547117659297,-20.59927437687865,0.0,0.0,-0.0,2879.36181640625,True,0.0,275,4.0301362020624e-05,0.00022303585814306286,0.00042109932828565065,True,276,125.63792836417278,37.78956101201758,125.63656723739413,41.44536590576172,0.01879003271460533,0.00036555243473413964,0.0004533686943419043,13.027804171415736,-20.960189634616818,0.0,0.0,-0.0,2905.161376953125,True,0.0,275,3.3361631040822544e-05,0.000219962202220013,0.0004246722054100244,True,276,125.2552890595715,37.76921552554054,125.25392793279285,41.44019317626953,0.025564519688487053,-0.0025566431642891963,0.0006169014786378564,-157.75011614310347,-28.581185143865408,1.4069847654123095,77.36699999999999,77.36699999999999,2864.696533203125,True,0.0,275,5.4598519390005845e-09,-0.0027034748984867013,0.0005877790236717075,True,276,125.27236297401107,37.77227252561753,125.27100184723243,41.44536590576172,0.025564387440681458,-0.0025451850172566485,0.000616821293281894,-158.81072089632787,-28.82036746266746,1.4069847654123095,77.36699999999999,77.36699999999999,2890.4931640625,True,0.0,275,5.805323838950319e-09,-0.002697350687369885,0.0005874059026316361,True,276
0.350000000000,42,held_throttle,0.0,0.15,0.0,1,0.00243769702501595,14.191620826721191,0.4195510149002075,0.04405849426984787,41.390865325927734,-0.01315332856029272,0.018370825797319412,asphalt,0.0,0.15,0.0,8842.465431303259,2,-1.0577930212020874,-0.09248122572898865,719.8523749918676,160.0,-0.0,6057.426811241752,5714.573188758248,0.003445443930104375,0.034394377270005626,False,-0.0,True,0,0,-0.006553996820002794,41.390872955322266,0.08090901374816895,False,True,-0.8386294841766357,15.635763168334961,1.862645149230957e-08,0.0,0.0,1.0,2925.180419921875,2925.180419921875,0.3395319879055023,0.06046801805496216,0.0,asphalt,True,0.8413699865341187,15.637102127075195,0.0,0.0,0.0,1.0,2953.9755859375,2953.9755859375,0.3389889895915985,0.06101101636886597,0.0,asphalt,True,-0.8368749022483826,13.43576431274414,1.1175870895385742e-08,0.0,0.0,1.0,2860.22412109375,2860.22412109375,0.34011581540107727,0.05988419055938721,0.0,asphalt,True,0.8431245684623718,13.437104225158691,-3.725290298461914e-08,0.0,0.0,1.0,2887.7099609375,2887.7099609375,0.339572936296463,0.060427069664001465,0.0,asphalt,282,125.47042308160711,44.06350686403269,125.46674715256925,41.38764572143555,0.020488504320383072,0.00042510017634769223,0.0004950390941446734,16.575233131047,-22.745852321865996,0.0,0.0,-0.0,2915.93017578125,True,0.0,281,7.986748403131653e-05,0.0002788247052144694,0.00045915192275246416,True,282,125.48721334658526,44.06731588148352,125.48353741754741,41.39342498779297,0.020488344132900238,0.0004192795494765513,0.0004949661079213887,16.50220902709851,-23.15917008161782,0.0,0.0,-0.0,2944.3525390625,True,0.0,281,7.052371150856293e-05,0.00027491681286111153,0.00046298240360937283,True,282,124.9745571272108,44.02272779256359,124.97088119817295,41.38764953613281,0.028054652735590935,-0.003528726221230335,0.0006778507297021655,-213.87550467609594,-31.313666712146507,0.9275415234328344,77.36699999999999,77.36699999999999,2860.00048828125,True,0.0,281,4.551958240783524e-08,-0.003674092144398631,0.0006455116835784759,True,282,124.99574131529995,44.02675885570007,124.9920653862621,41.393428802490234,0.028054488822817802,-0.003498965237509788,0.0006777521297182145,-214.62752035741292,-31.535301179675127,0.9275415234328344,77.36699999999999,77.36699999999999,2887.19580078125,True,0.0,281,4.714619068240193e-08,-0.0036522112240474154,0.0006439448109578973,True,282
0.400000000000,48,held_throttle,0.0,0.15,0.0,1,0.0020106597803533077,16.260061264038086,0.41945400834083557,0.05439144745469093,41.33786392211914,-0.026135973632335663,0.019438456743955612,asphalt,0.0,0.15,0.0,8922.968249587564,2,-1.060522437095642,-0.10235972702503204,718.0111868087388,160.0,-0.0,6077.641937445081,5694.358062554919,0.003858098527416587,0.03789261616751418,False,-0.0,True,0,0,-0.011416896246373653,41.33787155151367,0.07730890810489655,False,True,-0.8393071889877319,17.70351219177246,4.0978193283081055e-08,0.0,0.0,1.0,2965.35107421875,2965.35107421875,0.33916571736335754,0.060834288597106934,0.0,asphalt,True,0.8406919836997986,17.70516014099121,-7.450580596923828e-09,0.0,0.0,1.0,2997.235595703125,2997.235595703125,0.3385891616344452,0.06141084432601929,0.0,asphalt,True,-0.8371484875679016,15.503512382507324,2.2351741790771484e-08,0.0,0.0,1.0,2864.669921875,2864.669921875,0.340250700712204,0.0597493052482605,0.0,asphalt,True,0.8428506851196289,15.505162239074707,-2.2351741790771484e-08,0.0,0.0,1.0,2894.545166015625,2894.545166015625,0.3396741449832916,0.06032586097717285,0.0,asphalt,288,125.30844938851347,50.33241869065581,125.30496682532517,41.334320068359375,0.022407405078411102,0.00042260837534486786,0.0005421016445018885,16.7343189349032,-25.251309935046006,0.0,0.0,-0.0,2960.384521484375,True,0.0,287,8.470481658021188e-05,0.00027727455364018344,0.0005020749183354675,True,288,125.32725815107072,50.33712339888073,125.32377558788242,41.340789794921875,0.022407202050089836,0.0004161844758364855,0.0005420118959266419,16.64253800291955,-25.738650219611216,0.0,0.0,-0.0,2991.678955078125,True,0.0,287,7.419668872831356e-05,0.0002728695174720968,0.0005064114613590677,True,288,124.80860218112355,50.266673707661,124.80511961793525,41.334320068359375,0.030880004167556763,-0.0035680119654732164,0.0007470789012979979,-216.38643362881834,-34.53291093317078,0.6114730584449413,77.36699999999999,77.36699999999999,2863.66357421875,True,0.0,287,4.972853202025261e-08,-0.003712625131901398,0.0007109931760958127,True,288,124.83227360604931,50.271822449790776,124.82879104286101,41.340789794921875,0.0308797936886549,-0.0035349954766357885,0.0007469568941175969,-217.12387472895452,-34.829392582218574,0.6114730584449413,77.36699999999999,77.36699999999999,2893.081787109375,True,0.0,287,5.145278119009082e-08,-0.0036873143173378354,0.0007097896343947734,True,288
0.450000000000,54,held_throttle,0.0,0.15,0.0,1,0.001329926773905754,18.325849533081055,0.4192195236682892,0.06595950573682785,41.284820556640625,-0.03758929297327995,0.020944399759173393,asphalt,0.0,0.15,0.0,8967.207472584014,2,-1.060514211654663,-0.11359794437885284,716.1702391643263,160.0,-0.0,6092.204310758053,5679.795689241947,0.004315666854381561,0.04187792865234506,False,-0.0,True,0,0,-0.01680009439587593,41.284828186035156,0.07683254033327103,False,True,-0.8402698636054993,19.768604278564453,2.2351741790771484e-08,0.0,0.0,1.0,2983.497802734375,2983.497802734375,0.3387373387813568,0.061262667179107666,0.0,asphalt,True,0.8397289514541626,19.770599365234375,-3.725290298461914e-08,0.0,0.0,1.0,3018.39697265625,3018.39697265625,0.33811530470848083,0.06188470125198364,0.0,asphalt,True,-0.8376588225364685,17.568607330322266,7.450580596923828e-09,0.0,0.0,1.0,2873.26318359375,2873.26318359375,0.3402407467365265,0.05975925922393799,0.0,asphalt,True,0.8423401117324829,17.570600509643555,7.450580596923828e-09,0.0,0.0,1.0,2908.16552734375,2908.16552734375,0.33961865305900574,0.06038135290145874,0.0,asphalt,294,125.14648438960354,56.59326545011348,125.14424511387985,41.281002044677734,0.02465747483074665,0.0004199947441361053,0.0005973079789016518,16.7048888129075,-27.983013857182126,0.0,0.0,-0.0,2981.72509765625,True,0.0,293,8.730477271783686e-05,0.00027480706737376104,0.0005524099134110139,True,294,125.16755084770534,56.59897355961218,125.16531157198165,41.288238525390625,0.02465720847249031,0.0004130293507594107,0.0005971968391445105,16.598491023962605,-28.556788139010305,0.0,0.0,-0.0,3016.130615234375,True,0.0,293,7.581135046308132e-05,0.0002699422068534619,0.0005573061352729329,True,294,124.64719014566799,56.50252061376668,124.6449508699443,41.281002044677734,0.03413522243499756,-0.0035713594463557853,0.0008268988872395394,-217.20764312629294,-38.3022590641576,0.4031078843998357,77.36699999999999,77.36699999999999,2871.824462890625,True,0.0,293,5.1452897485430335e-08,-0.0037161711748020013,0.0007863685809518504,True,294,124.67383992628749,56.50892336879935,124.67160065056379,41.288238525390625,0.03413496911525726,-0.003533000072794328,0.0008267478235247391,-217.97344387476693,-38.72669514249202,0.4031078843998357,77.36699999999999,77.36699999999999,2906.224365234375,True,0.0,293,5.331351537139941e-08,-0.00368502933190171,0.0007856497139366008,True,294
0.500000000000,60,held_throttle,0.0,0.15,0.0,1,0.0003680615045595914,20.388986587524414,0.4189858138561249,0.07888811081647873,41.2318000793457,-0.04540405794978142,0.022702541202306747,asphalt,0.0,0.15,0.0,8989.531885284227,2,-1.060030221939087,-0.12598420679569244,714.3323153491775,160.0,-0.0,6102.609452721677,5669.390547278323,0.004816632717847824,0.04638367458945002,False,-0.0,True,0,0,-0.022768286988139153,41.231807708740234,0.07796594500541687,False,True,-0.8415470123291016,21.8310546875,1.862645149230957e-08,0.0,0.0,1.0,2986.48388671875,2986.48388671875,0.3384002149105072,0.061599791049957275,0.0,asphalt,True,0.8384513854980469,21.83343505859375,7.450580596923828e-09,0.0,0.0,1.0,3024.97509765625,3024.97509765625,0.3377249538898468,0.062275052070617676,0.0,asphalt,True,-0.8384305834770203,19.631057739257812,7.450580596923828e-09,0.0,0.0,1.0,2878.0400390625,2878.0400390625,0.3401799499988556,0.05982005596160889,0.0,asphalt,True,0.841567873954773,19.633438110351562,2.60770320892334e-08,0.0,0.0,1.0,2916.5341796875,2916.5341796875,0.3395046293735504,0.06049537658691406,0.0,asphalt,300,124.98472979320327,62.84608493207148,124.9837666953576,41.22767639160156,0.02720334753394127,0.00041924361662647544,0.000659832082886104,16.696467442479804,-30.942564487653147,0.0,0.0,-0.0,2986.706787109375,True,0.0,299,9.047916576012923e-05,0.0002742118801920952,0.0006098186110470966,True,300,125.00827191070684,62.852915626533836,125.00730881286117,41.235755920410156,0.02720302902162075,0.0004116284458533068,0.0006596950745342164,16.577169232000212,-31.61716101534168,0.0,0.0,-0.0,3024.548095703125,True,0.0,299,7.82312203801837e-05,0.0002688466507071789,0.0006153176883789629,True,300,124.48630005226141,62.73038525895263,124.48533695441574,41.22767639160156,0.037781499326229095,-0.003570353394577412,0.0009164108205116588,-217.60042076471308,-42.52094450836012,0.2657450957505153,77.36699999999999,77.36699999999999,2877.625244140625,True,0.0,299,5.253410464010029e-08,-0.0037154273483804884,0.0008712305220954994,True,300,124.5159491552419,62.7381922789523,124.51498605739623,41.235755920410156,0.03778117895126343,-0.003528314103448193,0.0009162234942942787,-218.37705518479115,-43.07334643304021,0.2657450957505153,77.36699999999999,77.36699999999999,2915.46044921875,True,0.0,299,5.435946763503281e-08,-0.0036801845699084884,0.0008710685729312157,True,300
0.550000000000,66,held_throttle,0.0,0.15,0.0,1,-0.000905349850654602,22.449474334716797,0.41881510615348816,0.0933026373386383,41.17884063720703,-0.049738310277462006,0.0248227771371603,asphalt,0.0,0.15,0.0,8998.558133124216,2,-1.0586051940917969,-0.13967077434062958,712.4984686509674,160.0,-0.0,6109.996117313046,5662.003882686954,0.005362858064472675,0.05145271641406768,False,-0.0,True,0,0,-0.02937973290681839,41.1788444519043,0.07942338287830353,False,True,-0.8431726098060608,23.890857696533203,-2.60770320892334e-08,0.0,0.0,1.0,2981.61962890625,2981.61962890625,0.33820030093193054,0.061799705028533936,0.0,asphalt,True,0.8368251323699951,23.89366912841797,-3.725290298461914e-09,0.0,0.0,1.0,3024.350830078125,3024.350830078125,0.33746102452278137,0.0625389814376831,0.0,asphalt,True,-0.8394927382469177,21.69086265563965,3.725290298461914e-08,0.0,0.0,1.0,2878.4619140625,2878.4619140625,0.3401269018650055,0.059873104095458984,0.0,asphalt,True,0.8405050039291382,21.69367218017578,1.862645149230957e-08,0.0,0.0,1.0,2921.193115234375,2921.193115234375,0.3393876254558563,0.060612380504608154,0.0,asphalt,306,124.82307733498172,69.09087871815284,124.82312435888096,41.174346923828125,0.030086394399404526,0.00041940183648306496,0.0007307071342347758,16.694178359892387,-34.205267826448754,0.0,0.0,-0.0,2982.729248046875,True,0.0,305,9.422281541028875e-05,0.00027454179179971737,0.000675023887819346,True,306,124.8493016611207,69.09896162088788,124.84934868501995,41.18334197998047,0.030085992068052292,0.00041102949337125676,0.0007305377676859069,16.564488022518315,-35.00337494295282,0.0,0.0,-0.0,3024.714111328125,True,0.0,305,8.130335231809342e-05,0.00026862814321453656,0.0006811859378370864,True,306,124.32491645162513,68.95024991907356,124.32496347552437,41.174346923828125,0.041864290833473206,-0.0035732077320864406,0.0010167562945097453,-217.84298127399754,-47.181853007896976,0.17518996439524695,77.36699999999999,77.36699999999999,2878.587646484375,True,0.0,305,5.325298029174072e-08,-0.003718389107766711,0.0009664232431612394,True,306,124.35786632695815,68.95961933324152,124.35791335085739,41.18334197998047,0.04186389595270157,-0.00352681655012076,0.001016524631571137,-218.63708073988755,-47.8944298148332,0.17518996439524695,77.36699999999999,77.36699999999999,2920.5751953125,True,0.0,305,5.5369839843941585e-08,-0.0036781611009415933,0.0009668810426873825,True,306
0.600000000000,72,held_throttle,0.0,0.15,0.0,1,-0.0025239032693207264,24.507312774658203,0.4187147319316864,0.10933839529752731,41.12590026855469,-0.05143487825989723,0.0273171067237854,asphalt,0.0,0.15,0.0,8999.502609020068,2,-1.05807363986969,-0.15488411486148834,710.6681652101095,160.0,-0.0,6115.241916210515,5656.758083789485,0.005959739442914724,0.057118654426738,False,-0.0,True,0,0,-0.03670525923371315,41.12590789794922,0.08061333000659943,False,True,-0.8451836705207825,25.94800567626953,-2.2351741790771484e-08,0.0,0.0,1.0,2974.029541015625,2974.029541015625,0.33812186121940613,0.06187814474105835,0.0,asphalt,True,0.8348132371902466,25.951295852661133,7.450580596923828e-09,0.0,0.0,1.0,3021.5,3021.5,0.3373076021671295,0.06269240379333496,0.0,asphalt,True,-0.8408772349357605,23.74800682067871,4.0978193283081055e-08,0.0,0.0,1.0,2876.705322265625,2876.705322265625,0.34010049700737,0.05989950895309448,0.0,asphalt,True,0.8391196131706238,23.751298904418945,-1.862645149230957e-08,0.0,0.0,1.0,2924.17041015625,2924.17041015625,0.33928635716438293,0.06071364879608154,0.0,asphalt,312,124.6613831374703,75.32763304800238,124.66209113704059,41.1209716796875,0.03332677111029625,0.0004203391839166628,0.0008104566223072396,16.70977978904206,-37.83677545101836,0.0,0.0,-0.0,2975.34130859375,True,0.0,311,9.88592906728426e-05,0.00027548307946776123,0.0007485504808384713,True,312,124.6905475789127,75.3371092578438,124.691255578483,41.13096618652344,0.033326271921396255,0.00041123552607670306,0.0008102475511359118,16.567054791726076,-38.78400436821454,0.0,0.0,-0.0,3021.98876953125,True,0.0,311,8.534752908107533e-05,0.00026891444582663546,0.0007554465253329529,True,312,124.16321332046786,75.16207940398726,124.16392132003816,41.1209716796875,0.04641563072800636,-0.003577524506936092,0.0011287576416466327,-218.00658166120633,-52.34577250605285,0.11549234253271588,77.36699999999999,77.36699999999999,2877.08642578125,True,0.0,311,5.391162667262662e-08,-0.003723206180017352,0.001072778780208798,True,312,124.19980349040767,75.17318577124625,124.20051148997797,41.13096618652344,0.046415120363235474,-0.0035260789652061435,0.001128470954228346,-218.82110669902497,-53.25332457014207,0.11549234253271588,77.36699999999999,77.36699999999999,2923.72802734375,True,0.0,311,5.621071584737284e-08,-0.0036773512791339184,0.0010739244066262157,True,312
0.650000000000,78,held_throttle,0.0,0.15,0.0,1,-0.004524932708591223,26.5625057220459,0.418668657541275,0.12714828550815582,41.073036193847656,-0.05147659406065941,0.030184153467416763,asphalt,0.0,0.15,0.0,8995.533250657645,2,-1.0566093921661377,-0.17176009714603424,708.8423219299075,160.0,-0.0,6118.919717870067,5653.080282129933,0.006614274345338345,0.06341790065362717,False,-0.0,True,0,0,-0.04482436180114746,41.073036193847656,0.08140977472066879,False,True,-0.8476210236549377,28.002490997314453,7.450580596923828e-09,0.0,0.0,1.0,2967.91064453125,2967.91064453125,0.33812883496284485,0.06187117099761963,0.0,asphalt,True,0.8323748111724854,28.00631332397461,1.4901161193847656e-08,0.0,0.0,1.0,3019.186279296875,3019.186279296875,0.33722832798957825,0.06277167797088623,0.0,asphalt,True,-0.8426188230514526,25.8024959564209,0.0,0.0,0.0,1.0,2874.404541015625,2874.404541015625,0.34010180830955505,0.059898197650909424,0.0,asphalt,True,0.8373768925666809,25.806316375732422,3.725290298461914e-09,0.0,0.0,1.0,2926.772216796875,2926.772216796875,0.33920130133628845,0.060798704624176025,0.0,asphalt,318,124.49963196876031,81.55632700361558,124.50069757757281,41.06758499145508,0.03691631183028221,0.0004210999560706103,0.0008989158211898389,16.709129317966987,-41.881576235079955,0.0,0.0,-0.0,2968.760009765625,True,0.0,317,0.00010400232162035478,0.00027608597332675326,0.0008304172445274749,True,318,124.53201636084441,81.56735099747821,124.5330819696569,41.078678131103516,0.03691568970680237,0.00041109570082189525,0.0008986579278781159,16.54246055546885,-42.99244728394388,0.0,0.0,-0.0,3019.46240234375,True,0.0,317,8.979909343831854e-05,0.00026874283326250965,0.0008381296394409329,True,318,124.00139125881272,81.36584484948047,124.00245686762521,41.06758499145508,0.051442619413137436,-0.0035825305061763673,0.0012526325207054506,-218.14902117948452,-58.051901478476914,0.07613724467459312,77.36699999999999,77.36699999999999,2874.778076171875,True,0.0,317,5.467699521635387e-08,-0.003728731249218986,0.0011907080894760064,True,318,124.04196788928253,81.37888011774766,124.04303349809503,41.078678131103516,0.05144201219081879,-0.0035256423582583833,0.0012522794705349775,-218.97797234734415,-59.189577943667985,0.07613724467459312,77.36699999999999,77.36699999999999,2926.303955078125,True,0.0,317,5.7029202067247354e-08,-0.0036768284178548055,0.0011926121157211213,True,318
0.700000000000,84,held_throttle,0.0,0.15,0.0,1,-0.006949795410037041,28.61505699157715,0.4186588525772095,0.14690546691417694,41.02022933959961,-0.05065402388572693,0.03369307518005371,asphalt,0.0,0.15,0.0,8988.580902465512,2,-1.055125117301941,-0.19029651582241058,707.0209306776522,160.0,-0.0,6121.470441150716,5650.529558849284,0.007332977838814259,0.0704030108673065,False,-0.0,True,0,0,-0.05381743982434273,41.020225524902344,0.08192409574985504,False,True,-0.8505324721336365,30.0543155670166,2.2351741790771484e-08,0.0,0.0,1.0,2961.974609375,2961.974609375,0.3381946384906769,0.0618053674697876,0.0,asphalt,True,0.8294619917869568,30.05872344970703,-1.4901161193847656e-08,0.0,0.0,1.0,3018.46533203125,3018.46533203125,0.3371872007846832,0.06281280517578125,0.0,asphalt,True,-0.8447586894035339,27.854318618774414,0.0,0.0,0.0,1.0,2871.228515625,2871.228515625,0.3401327431201935,0.059867262840270996,0.0,asphalt,True,0.8352357745170593,27.858732223510742,3.3527612686157227e-08,0.0,0.0,1.0,2929.809326171875,2929.809326171875,0.3391251862049103,0.0608748197555542,0.0,asphalt,324,124.33782197418952,87.77694497024393,124.33903582382811,41.01418685913086,0.040859438478946686,0.00042166854145095996,0.0009962266252421862,16.719431534080293,-46.32091396466864,0.0,0.0,-0.0,2963.01806640625,True,0.0,323,0.00011007677039566338,0.0002767951277655569,0.0009202311388499316,True,324,124.37374796972475,87.78968685865586,124.37496181936334,41.026485443115234,0.04085870832204819,0.0004107441013268836,0.000995910187586142,16.53459943892351,-47.62899914098316,0.0,0.0,-0.0,3018.4716796875,True,0.0,323,9.541059059946524e-05,0.00026870685436920875,0.0009288354157086091,True,324,123.83956322564633,87.56153320245362,123.84077707528492,41.01418685913086,0.05696418881416321,-0.0035873195578133223,0.001388888980820159,-218.2254803276946,-64.29636034992312,0.05019276516100415,77.36699999999999,77.36699999999999,2871.841064453125,True,0.0,323,5.5248404045342424e-08,-0.0037339709040600205,0.0013201791045881618,True,324,123.88454638909893,87.57670705884745,123.88576023873752,41.026485443115234,0.05696340277791023,-0.003524190121356069,0.0013884534723830277,-219.09192483089217,-65.7215270033585,0.05019276516100415,77.36699999999999,77.36699999999999,2929.28515625,True,0.0,323,5.779835333770556e-08,-0.003675092126126264,0.0013229106042158207,True,324
0.750000000000,90,held_throttle,0.0,0.15,0.0,1,-0.009844048880040646,30.664968490600586,0.41867122054100037,0.16880212724208832,40.96748733520508,-0.04952764883637428,0.038010671734809875,asphalt,0.0,0.15,0.0,8979.818544199969,2,-1.0536144971847534,-0.21094554662704468,705.2045085390345,160.0,-0.0,6123.205860247978,5648.794139752022,0.008123863488435745,0.0781309255916446,False,-0.0,True,0,0,-0.06377840787172318,40.96747970581055,0.08216032385826111,False,True,-0.8539686799049377,32.10346984863281,4.470348358154297e-08,0.0,0.0,1.0,2955.733154296875,2955.733154296875,0.3382960855960846,0.06170392036437988,0.0,asphalt,True,0.8260239958763123,32.1085319519043,-3.725290298461914e-09,0.0,0.0,1.0,3019.31982421875,3019.31982421875,0.3371586501598358,0.06284135580062866,0.0,asphalt,True,-0.8473398089408875,29.90347671508789,-1.862645149230957e-08,0.0,0.0,1.0,2867.167236328125,2867.167236328125,0.34019073843955994,0.05980926752090454,0.0,asphalt,True,0.8326529264450073,29.908538818359375,0.0,0.0,0.0,1.0,2932.93115234375,2932.93115234375,0.3390531837940216,0.06094682216644287,0.0,asphalt,330,124.17599728720644,93.98947592835974,124.1772059798791,40.96078872680664,0.04526493698358536,0.000422120240086313,0.0011050792712912392,16.715563896826932,-51.26360419998567,0.0,0.0,-0.0,2956.7392578125,True,0.0,329,0.00011688967662782464,0.00027732319783601493,0.0010206039214064628,True,330,124.21579543680534,94.0041219808643,124.217004129478,40.97441101074219,0.04526402801275253,0.0004100481981100616,0.001104689694951153,16.518174898598065,-52.83614271526061,0.0,0.0,-0.0,3019.06689453125,True,0.0,329,0.00010205517081447269,0.00026839141934409616,0.0010301961258767146,True,330,123.6775885321658,93.74912942141412,123.67879722483846,40.96078872680664,0.06310658901929855,-0.003593302662543685,0.0015406573225366627,-218.28168045948343,-71.2124675788451,0.033089110136243244,77.36699999999999,77.36699999999999,2867.876220703125,True,0.0,329,5.5782600802047665e-08,-0.0037402414213729,0.0014642637719269674,True,330,123.72753728637312,93.7666782976444,123.72874597904578,40.97441482543945,0.06310567259788513,-0.003522381504438587,0.001540122609966247,-219.18152076754657,-73.00026485756746,0.033089110136243244,77.36699999999999,77.36699999999999,2932.408935546875,True,0.0,329,5.8508971153738987e-08,-0.003672794329619338,0.001467905316275419,True,330
0.800000000000,96,held_throttle,0.0,0.15,0.0,1,-0.013258370570838451,32.71224594116211,0.418692409992218,0.19305676221847534,40.91482925415039,-0.04848948121070862,0.042879413813352585,asphalt,0.0,0.15,0.0,8969.959547471584,2,-1.0520726442337036,-0.23395812511444092,703.3929142410462,160.0,-0.0,6124.3399077783515,5647.6600922216485,0.00899744313210249,0.086657006266812,False,-0.0,True,0,0,-0.07481911033391953,40.91481018066406,0.08217746764421463,False,True,-0.8579835295677185,34.14995193481445,4.0978193283081055e-08,0.0,0.0,1.0,2950.11474609375,2950.11474609375,0.3384092152118683,0.06159079074859619,0.0,asphalt,True,0.8220070600509644,34.15573501586914,-2.2351741790771484e-08,0.0,0.0,1.0,3021.6484375,3021.6484375,0.3371272385120392,0.06287276744842529,0.0,asphalt,True,-0.8504073619842529,31.949962615966797,1.1175870895385742e-08,0.0,0.0,1.0,2862.891845703125,2862.891845703125,0.3402654230594635,0.05973458290100098,0.0,asphalt,True,0.8295831680297852,31.955747604370117,-7.450580596923828e-09,0.0,0.0,1.0,2936.139892578125,2936.139892578125,0.3389833867549896,0.061016619205474854,0.0,asphalt,336,124.01416471360851,100.19391308032473,124.01528032617777,40.907386779785156,0.05016644299030304,0.00042260278806649406,0.0012263412989860273,16.718151104060976,-56.77475016910817,0.0,0.0,-0.0,2950.990478515625,True,0.0,335,0.00012491048974223214,0.00027791196749951333,0.0011325495950871118,True,336,124.05823138793878,100.21066771269145,124.05934700050804,40.922481536865234,0.050165340304374695,0.0004089395492667941,0.0012258620027901278,16.49402263421886,-58.67326877323706,0.0,0.0,-0.0,3021.1640625,True,0.0,335,0.00010993574112294014,0.0002678183896575578,0.0011432371585725952,True,336,123.51559280990877,99.92862329022577,123.51670842247803,40.90739059448242,0.06992660462856293,-0.003599471026450406,0.0017093863848022166,-218.3343940377137,-78.8871810111644,0.021813685818988883,77.36699999999999,77.36699999999999,2863.601318359375,True,0.0,335,5.635079980057225e-08,-0.0037469057404722166,0.001624568072463882,True,336,123.57097300988615,99.94880867009644,123.57208862245541,40.92247772216797,0.06992548704147339,-0.0035202323252167566,0.0017087288668373973,-219.2571029927966,-81.10693244478095,0.021813685818988883,77.36699999999999,77.36699999999999,2935.588623046875,True,0.0,335,5.9336268934586106e-08,-0.003670225054825297,0.0016292129824962314,True,336
0.850000000000,102,held_throttle,0.0,0.15,0.0,1,-0.017249885946512222,34.75703430175781,0.4187130630016327,0.21992987394332886,40.87257385253906,-0.04473297297954559,0.04802526533603668,asphalt,0.0,0.15,0.0,8072.4967249744395,3,-0.7350941896438599,-0.2600215971469879,701.8507123856584,160.0,-0.0,6114.322167652703,5657.677832347297,0.009967939928174019,0.0960332444208123,False,-0.0,True,0,0,-0.08711136132478714,40.87253952026367,0.08220973610877991,False,True,-0.8626384735107422,36.19401550292969,-3.3527612686157227e-08,0.0,0.0,1.0,2932.17333984375,2932.17333984375,0.33860352635383606,0.06139647960662842,0.0,asphalt,True,0.8173491954803467,36.20060729980469,3.3527612686157227e-08,0.0,0.0,1.0,3009.3203125,3009.3203125,0.3371700942516327,0.06282991170883179,0.0,asphalt,True,-0.8540128469467163,33.99403381347656,-1.4901161193847656e-08,0.0,0.0,1.0,2875.3251953125,2875.3251953125,0.34026363492012024,0.05973637104034424,0.0,asphalt,True,0.8259748220443726,34.0006217956543,2.60770320892334e-08,0.0,0.0,1.0,2960.085205078125,2960.085205078125,0.33883026242256165,0.06116974353790283,0.0,asphalt,342,123.87320533232666,106.39065367269336,123.87682978507034,40.864540100097656,0.055592671036720276,0.0003332390267157742,0.0013604126366038977,11.24882416180041,-62.651077326456125,0.0,0.0,-0.0,2935.820068359375,True,0.0,341,5.820212332015611e-05,0.00018796366727825904,0.001256254641099186,True,342,123.92224711385983,106.40974805540687,123.9258715666035,40.881256103515625,0.05559124797582626,0.0003200841976329341,0.001359821566396952,10.941190155887393,-64.89229463605135,0.0,0.0,-0.0,3011.7568359375,True,0.0,341,4.737179498545717e-05,0.0001782143521329054,0.001268389686579188,True,342,123.80077324926627,106.11409924303568,123.80439770200995,40.86454391479492,0.07748404890298843,-0.00025177676174490917,0.0018961169909567643,-23.521730103215642,-87.89889392746609,0.014380467986304712,8.20845,8.20845,2872.102294921875,True,0.0,341,0.00034785814665855687,-0.0004018179004830035,0.0018018877776803108,True,342,123.85231235033619,106.13696868807958,123.85593680307987,40.88125991821289,0.0774826779961586,-0.00024453362303272205,0.001895308152771477,-23.20904718485323,-91.02734356363077,0.014380467986304712,8.20845,8.20845,2955.666259765625,True,0.0,341,0.0004099613365223731,-0.00038526666957777896,0.0018132656471161886,True,342
0.900000000000,108,held_throttle,0.0,0.15,0.0,1,-0.021884547546505928,36.79990768432617,0.41873931884765625,0.24963349103927612,40.836429595947266,-0.03340594843029976,0.05325555056333542,asphalt,0.0,0.15,0.0,7391.67107157788,3,-0.7192725539207458,-0.28834307193756104,700.606076745484,160.0,-0.0,6096.635253464216,5675.364746535784,0.010983159765601158,0.1062962344958917,False,-0.0,True,0,0,-0.1007813811302185,40.83637619018555,0.08244688808917999,False,True,-0.8680038452148438,38.236228942871094,3.3527612686157227e-08,0.0,0.0,1.0,2910.34765625,2910.34765625,0.33894082903862,0.06105917692184448,0.0,asphalt,True,0.8119803071022034,38.24370574951172,-3.725290298461914e-09,0.0,0.0,1.0,2995.329345703125,2995.329345703125,0.33735284209251404,0.06264716386795044,0.0,asphalt,True,-0.8582187294960022,36.0362548828125,1.862645149230957e-08,0.0,0.0,1.0,2888.821533203125,2888.821533203125,0.3401373326778412,0.05986267328262329,0.0,asphalt,True,0.8217654228210449,36.04372787475586,2.2351741790771484e-08,0.0,0.0,1.0,2981.80029296875,2981.80029296875,0.33854934573173523,0.06145066022872925,0.0,asphalt,348,123.7597716696308,112.58139503492978,123.76462947472268,40.82765197753906,0.061549097299575806,0.00032019165457510224,0.0015075334409817526,10.34698664022295,-68.93533269924214,0.0,0.0,-0.0,2913.8466796875,True,0.0,347,5.462788013360214e-05,0.0001742032279709901,0.001392728707225826,True,348,123.81397064425734,112.60308622492596,123.81882844934923,40.846073150634766,0.06154736131429672,0.0003069367751441576,0.0015068110588412286,10.056759658209813,-71.59576364321192,0.0,0.0,-0.0,2997.44970703125,True,0.0,347,4.4761285235869884e-05,0.00016459525366642794,0.0014061379768112985,True,348,123.70758584457083,112.30201948085822,123.71244364966272,40.82765197753906,0.08566935360431671,-0.00010161370124758155,0.002098313856491431,-14.915293009286932,-97.80137980026328,0.009480188777868824,8.20845,8.20845,2887.23974609375,True,0.0,347,0.00012954970799477675,-0.0002534736039878175,0.0019944736251189046,True,348,123.7625257822303,112.3275441220365,123.76738358732219,40.84607696533203,0.08566766232252121,-0.00010878540917904332,0.0020973259386510832,-15.15564215286122,-101.55367255168268,0.009480188777868824,8.20845,8.20845,2978.740478515625,True,0.0,347,0.00018226409073838774,-0.00024964670024256604,0.0020073855329031747,True,348
0.950000000000,114,held_throttle,0.0,0.15,0.0,1,-0.027232615277171135,38.840972900390625,0.41877493262290955,0.28231480717658997,40.80046463012695,-0.01980467513203621,0.058865226805210114,asphalt,0.0,0.15,0.0,6976.651789538148,3,-0.7175838351249695,-0.31869521737098694,699.3728755438179,160.0,-0.0,6083.591125636418,5688.408874363582,0.012066761031746864,0.1174583804562828,False,-0.0,True,0,0,-0.11590639501810074,40.80038833618164,0.08242827653884888,False,True,-0.8741551041603088,40.276607513427734,7.450580596923828e-09,0.0,0.0,1.0,2892.110595703125,2892.110595703125,0.3393199145793915,0.060680091381073,0.0,asphalt,True,0.8058245182037354,40.28505325317383,2.9802322387695312e-08,0.0,0.0,1.0,2985.911865234375,2985.911865234375,0.33756503462791443,0.06243497133255005,0.0,asphalt,True,-0.8630949854850769,38.076637268066406,1.1175870895385742e-08,0.0,0.0,1.0,2893.6572265625,2893.6572265625,0.3399970829486847,0.060002923011779785,0.0,asphalt,True,0.8168846368789673,38.0850830078125,1.1175870895385742e-08,0.0,0.0,1.0,2996.1962890625,2996.1962890625,0.33824214339256287,0.06175786256790161,0.0,asphalt,354,123.64811759078243,118.76656406534103,123.65260002910459,40.790748596191406,0.06801435351371765,0.0003218918313262364,0.0016673950055613703,10.36541206941073,-75.77577989224683,0.0,0.0,-0.0,2894.7587890625,True,0.0,353,6.054351877188697e-05,0.00017567047937975145,0.0015410795335087418,True,354,123.70769218809988,118.79111468986315,123.71217462642204,40.81098556518555,0.06801234185695648,0.00030758524239428745,0.001666518902982315,10.057768278296159,-78.93822269370771,0.0,0.0,-0.0,2987.02783203125,True,0.0,353,5.0724297277503765e-05,0.000165192157584118,0.0015558099161491715,True,354,123.59640115523344,118.48459403890233,123.6008835935556,40.79075241088867,0.09451338648796082,-9.659124749518546e-05,0.0023170255944476225,-14.698816873779405,-108.23834435548258,0.0062497256243414165,8.20845,8.20845,2893.3515625,True,0.0,353,0.00013705960244511525,-0.0002492851230035895,0.0022028119949771725,True,354,123.65670528558816,118.5130144132363,123.66118772391032,40.81098937988281,0.09451135993003845,-0.00010479127567599998,0.00231582699683423,-14.984512142943078,-112.73604639612765,0.0062497256243414165,8.20845,8.20845,2994.220947265625,True,0.0,353,0.00019771585052029007,-0.0002455695621599925,0.0022170654561086004,True,354
1.000000000000,120,held_throttle,0.0,0.15,0.0,1,-0.03336907550692558,40.880245208740234,0.41880518198013306,0.3181968033313751,40.764549255371094,-0.00801986362785101,0.06501300632953644,asphalt,0.0,0.15,0.0,6722.718307646498,3,-0.7167465090751648,-0.35149824619293213,698.1428509237489,160.0,-0.0,6074.159307457238,5697.840692542762,0.013241481967270374,0.12957022501604665,False,-0.0,True,0,0,-0.13259780406951904,40.764442443847656,0.08207457512617111,False,True,-0.881173849105835,42.315120697021484,-3.725290298461914e-09,0.0,0.0,1.0,2879.947509765625,2879.947509765625,0.3396547734737396,0.060345232486724854,0.0,asphalt,True,0.7988002896308899,42.32463836669922,7.450580596923828e-09,0.0,0.0,1.0,2983.4677734375,2983.4677734375,0.3377167880535126,0.062283217906951904,0.0,asphalt,True,-0.8687140345573425,40.11515426635742,0.0,0.0,0.0,1.0,2892.250244140625,2892.250244140625,0.3399007022380829,0.06009930372238159,0.0,asphalt,True,0.8112601041793823,40.124671936035156,1.1175870895385742e-08,0.0,0.0,1.0,3005.35498046875,3005.35498046875,0.33796271681785583,0.06203728914260864,0.0,asphalt,360,123.53614037518574,124.94610211344494,123.539356842285,40.75373840332031,0.07501913607120514,0.00032360026362417333,0.001840789441069181,10.406221970048282,-83.30040963310417,0.0,0.0,-0.0,2881.5302734375,True,0.0,359,6.771903622585011e-05,0.0001771793795642368,0.0017019615696456476,True,360,123.60150899213363,124.97379230647925,123.6047254592329,40.775943756103516,0.07501664757728577,0.00030788278931503406,0.0018397259764825042,10.074365275814861,-87.06355401216805,0.0,0.0,-0.0,2983.369384765625,True,0.0,359,5.7964389203490335e-05,0.00016567493766099503,0.001718133595131104,True,360,123.48439393761623,124.66154066495174,123.4876104047155,40.75374221801758,0.10409698635339737,-9.550579633643103e-05,0.002554287147592218,-14.696256399799015,-119.31109439607891,0.004120073059170697,8.20845,8.20845,2892.822998046875,True,0.0,359,0.00014991127096554776,-0.0002493088453890943,0.002428813046969153,True,360,123.55057314063336,124.69314010151486,123.55378960773263,40.775943756103516,0.10409451276063919,-0.00010434141561395378,0.0025528357419810654,-14.991592228697044,-124.69824111979517,0.004120073059170697,8.20845,8.20845,3004.098876953125,True,0.0,359,0.0002198858881250317,-0.00024489911233900705,0.002444464493300257,True,360
1.050000000000,126,held_throttle,0.0,0.15,0.0,1,-0.040374912321567535,42.91771697998047,0.41881507635116577,0.3575669825077057,40.72868347167969,-0.00012098755541956052,0.07174848765134811,asphalt,0.0,0.15,0.0,6566.4713947151085,3,-0.7153711318969727,-0.3871440291404724,696.9154752501231,160.0,-0.0,6067.328348888412,5704.671651111588,0.01452984381467104,0.14271858356526598,False,-0.0,True,0,0,-0.15098746120929718,40.72853469848633,0.08156465739011765,False,True,-0.8891476392745972,44.35175704956055,-2.2351741790771484e-08,0.0,0.0,1.0,2873.73095703125,2873.73095703125,0.33989861607551575,0.06010138988494873,0.0,asphalt,True,0.7908196449279785,44.36244583129883,7.450580596923828e-09,0.0,0.0,1.0,2988.159912109375,2988.159912109375,0.33776018023490906,0.06223982572555542,0.0,asphalt,True,-0.8751521706581116,42.15180206298828,0.0,0.0,0.0,1.0,2886.70068359375,2886.70068359375,0.3398689925670624,0.0601310133934021,0.0,asphalt,True,0.8048151135444641,42.16249084472656,0.0,0.0,0.0,1.0,3011.30224609375,3011.30224609375,0.3377304971218109,0.062269508838653564,0.0,asphalt,366,123.42382692788175,131.1199604344586,123.42552444767585,40.71665954589844,0.08260563015937805,0.0003242736621764179,0.0020287891429724607,10.426794002984591,-91.59887523336907,0.0,0.0,-0.0,2874.4248046875,True,0.0,365,7.588659776294166e-05,0.0001779776364440412,0.001876235783964508,True,366,123.49555151291479,131.15109531483756,123.4972490327089,40.741024017333984,0.08260266482830048,0.00030701196716545107,0.0020275030791152278,10.057879060965584,-96.07674376424097,0.0,0.0,-0.0,2986.7109375,True,0.0,365,6.628640807464837e-05,0.0001652274303587871,0.0018939803500360745,True,366,123.37205727105044,130.8328055552233,123.37375479084454,40.7166633605957,0.11451195180416107,-9.540224636420747e-05,0.0028124025997652013,-14.702431695218701,-131.14445229270754,0.00271611955999956,8.20845,8.20845,2887.843994140625,True,0.0,365,0.0001645411386287634,-0.0002498695726327998,0.002674584970558195,True,366,123.44467667856348,130.86789338527788,123.44637419835759,40.74102783203125,0.11450900137424469,-0.0001051649487824979,0.0028106482810300536,-15.028105533485789,-137.58645550476606,0.00271611955999956,8.20845,8.20845,3010.458251953125,True,0.0,365,0.000246074531337699,-0.0002450026176311042,0.0026916979345613396,True,366
1.100000000000,132,held_throttle,0.0,0.15,0.0,1,-0.04833820089697838,44.95340347290039,0.4188013970851898,0.40077900886535645,40.692138671875,0.003553098766133189,0.07903166860342026,asphalt,0.0,0.15,0.0,6469.475850295303,3,-0.7999553680419922,-0.4262779951095581,695.690613973333,160.0,-0.0,6062.368111065256,5709.631888934744,0.015951504930853844,0.1570213292443808,False,-0.0,True,0,0,-0.17122882604599,40.69193649291992,0.0812889114022255,False,True,-0.8981719613075256,46.386512756347656,-3.725290298461914e-08,0.0,0.0,1.0,2872.710693359375,2872.710693359375,0.3400442898273468,0.059955716133117676,0.0,asphalt,True,0.7817869186401367,46.39848327636719,0.0,0.0,0.0,1.0,3004.31787109375,3004.31787109375,0.3376900851726532,0.06230992078781128,0.0,asphalt,True,-0.8824912309646606,44.18656539916992,7.450580596923828e-09,0.0,0.0,1.0,2879.904541015625,2879.904541015625,0.33990612626075745,0.06009387969970703,0.0,asphalt,True,0.7974676489830017,44.19853973388672,0.0,0.0,0.0,1.0,3012.02197265625,3012.02197265625,0.3375519812107086,0.06244802474975586,0.0,asphalt,372,123.31068769304375,137.28812049237214,123.310710545235,40.678775787353516,0.09086103737354279,0.00033804240871965744,0.002233618994458653,11.242039917033342,-100.74961794786235,0.0,0.0,-0.0,2871.505126953125,True,0.0,371,9.645709623839501e-05,0.00019210028842068133,0.0020658992785387966,True,372,123.38938540079016,137.3230353133714,123.38940825298141,40.70552062988281,0.09085755050182343,0.00031879096931181923,0.0022320657789942256,10.864459688287738,-106.22283183808293,0.0,0.0,-0.0,2999.328857421875,True,0.0,371,8.801597163644887e-05,0.00017773803102442528,0.00208531523202228,True,372,123.12272495390032,136.99747646485815,123.12274780609157,40.678775787353516,0.1258888840675354,-0.0011867749614386115,0.003094696921063221,-78.79072053323395,-144.00130945910018,0.2395092284056816,54.72299999999999,54.72299999999999,2882.478271484375,True,0.0,371,6.378014612140233e-11,-0.0013420052826991428,0.002943239386779045,True,372,123.20476140412677,137.03640611531623,123.20478425631802,40.705528259277344,0.12588529288768768,-0.0011781445412043184,0.0030925748159435873,-81.08350035720116,-151.44990311146248,0.2395092284056816,54.72299999999999,54.72299999999999,3014.341552734375,True,0.0,371,9.250938538152016e-11,-0.001320644277792275,0.0029600724615932946,True,372
1.150000000000,138,held_throttle,0.0,0.15,0.0,1,-0.05735356733202934,46.987064361572266,0.41877809166908264,0.44823676347732544,40.64666748046875,-6.864900205982849e-05,0.08679123967885971,asphalt,0.0,0.15,0.0,6403.418576968467,3,-0.9233347773551941,-0.4684695899486542,694.1732978077198,160.0,-0.0,6070.203561562659,5701.796438437341,0.017550069838762283,0.17266404071011882,False,-0.0,True,0,0,-0.19341829419136047,40.64639663696289,0.08135194331407547,False,True,-0.9083499312400818,48.419036865234375,-1.1175870895385742e-08,0.0,0.0,1.0,2883.6416015625,2883.6416015625,0.34004083275794983,0.05995917320251465,0.0,asphalt,True,0.7715986371040344,48.43242263793945,-1.1175870895385742e-08,0.0,0.0,1.0,3033.21435546875,3033.21435546875,0.33745577931404114,0.06254422664642334,0.0,asphalt,True,-0.8908179402351379,46.2191047668457,-7.450580596923828e-09,0.0,0.0,1.0,2861.631591796875,2861.631591796875,0.3400941789150238,0.059905827045440674,0.0,asphalt,True,0.7891305088996887,46.23249816894531,-2.9802322387695312e-08,0.0,0.0,1.0,2999.041259765625,2999.041259765625,0.33750906586647034,0.06249094009399414,0.0,asphalt,378,123.17458852032851,143.4499693168373,123.17209319445956,40.63173294067383,0.09975878894329071,0.00039085881613191547,0.0024551891163921125,14.422210770600971,-111.14774709326095,0.0,0.0,-0.0,2881.748779296875,True,0.0,377,0.00016671887034982105,0.0002455843593782843,0.0022711871515092843,True,378,123.2607713973049,143.48902453862559,123.25827607143594,40.661163330078125,0.09975449740886688,0.00036622737307364967,0.002453306524158616,13.977482999317143,-117.90804545277429,0.0,0.0,-0.0,3028.8076171875,True,0.0,377,0.0001611279759477731,0.0002264573891169375,0.002292361356432729,True,378,122.84297235233238,143.143996638257,122.84047702646343,40.63174057006836,0.13829714059829712,-0.0023026257917091505,0.0034036594200700173,-143.3032271312804,-157.3343577346301,2.8104828231775736,54.72299999999999,54.72299999999999,2864.8583984375,True,0.0,377,3.3272662646298665e-09,-0.0024574435244442577,0.0032376572839814175,True,378,122.9422444414073,143.1875696187213,122.93974911553835,40.66116714477539,0.13829274475574493,-0.002218983994968152,0.003401088095522784,-144.3122480481395,-165.62609447914218,2.8104828231775736,54.72299999999999,54.72299999999999,3000.3798828125,True,0.0,377,3.8155163076348685e-09,-0.002362859504071071,0.0032541920619075034,True,378
1.200000000000,144,held_throttle,0.0,0.15,0.0,1,-0.06752295792102814,49.01842498779297,0.41876235604286194,0.5005534291267395,40.60078430175781,-0.009428161196410656,0.09548241645097733,asphalt,0.0,0.15,0.0,6359.949024944928,3,-0.9078607559204102,-0.5148658752441406,692.6044163672486,160.0,-0.0,6077.564135882826,5694.435864117174,0.019381655380129814,0.1899355265086131,False,-0.0,True,0,0,-0.21779324114322662,40.60042953491211,0.08168647438287735,False,True,-0.9198010563850403,50.44915771484375,3.725290298461914e-09,0.0,0.0,1.0,2888.812744140625,2888.812744140625,0.3399701416492462,0.06002986431121826,0.0,asphalt,True,0.760134756565094,50.46410369873047,-2.60770320892334e-08,0.0,0.0,1.0,3054.1259765625,3054.1259765625,0.33712509274482727,0.06287491321563721,0.0,asphalt,True,-0.9002274870872498,48.249244689941406,2.2351741790771484e-08,0.0,0.0,1.0,2842.607421875,2842.607421875,0.3403988778591156,0.05960112810134888,0.0,asphalt,True,0.7797083258628845,48.264190673828125,7.450580596923828e-09,0.0,0.0,1.0,2994.198974609375,2994.198974609375,0.33755382895469666,0.06244617700576782,0.0,asphalt,384,123.03035448569194,149.6046057620016,123.02721668554791,40.584259033203125,0.10948812961578369,0.0003882773136827104,0.002697791375346275,14.340560509640065,-122.36105491865335,0.0,0.0,-0.0,2888.613037109375,True,0.0,383,0.00018425618730205474,0.0002436350556589483,0.0024945972136273475,True,384,123.12545796886266,149.64821581260284,123.12232016871863,40.616764068603516,0.10948292911052704,0.0003603699471587902,0.0026955043431618046,13.805552563826224,-130.45212608633557,0.0,0.0,-0.0,3051.25439453125,True,0.0,383,0.00018087163813997075,0.00022204619910796394,0.0025178098850652006,True,384,122.71542581737069,149.28243000286358,122.71228801722665,40.58426284790039,0.1520494967699051,-0.0021725743423876205,0.003746496171147181,-134.82900222337167,-171.97172155525928,6.371692132596859,54.72299999999999,54.72299999999999,2845.63671875,True,0.0,383,2.24831465304867e-09,-0.0023279958838009584,0.0035631600829326092,True,384,122.82464405037,149.3312420800678,122.82150625022597,40.61676788330078,0.15204431116580963,-0.0020837538555961255,0.0037433702605804025,-135.66393304942997,-181.92992969966787,6.371692132596859,54.72299999999999,54.72299999999999,2994.79248046875,True,0.0,383,2.5905946935163086e-09,-0.002225648534076368,0.003581588776338672,True,384
1.250000000000,150,held_throttle,0.0,0.15,0.0,1,-0.07896063476800919,51.04750061035156,0.4187621474266052,0.55836421251297,40.555763244628906,-0.019514504820108414,0.10515423119068146,asphalt,0.0,0.15,0.0,6331.203249256621,3,-0.8899096846580505,-0.5662823915481567,691.0661649513245,160.0,-0.0,6081.702695082466,5690.297304917534,0.02142602764070034,0.20915252718793237,False,-0.0,True,0,0,-0.24459455907344818,40.55530548095703,0.0818604901432991,False,True,-0.9326534271240234,52.476905822753906,-2.60770320892334e-08,0.0,0.0,1.0,2885.466552734375,2885.466552734375,0.3399268090724945,0.06007319688796997,0.0,asphalt,True,0.7472667694091797,52.49357986450195,0.0,0.0,0.0,1.0,3067.49072265625,3067.49072265625,0.33679357171058655,0.06320643424987793,0.0,asphalt,True,-0.9108234643936157,50.277015686035156,7.450580596923828e-09,0.0,0.0,1.0,2826.642822265625,2826.642822265625,0.34073391556739807,0.059266090393066406,0.0,asphalt,True,0.7690967321395874,50.29368591308594,-7.450580596923828e-09,0.0,0.0,1.0,2993.568603515625,2993.568603515625,0.3376007378101349,0.06239926815032959,0.0,asphalt,390,122.88816530040509,155.75207643222117,122.88563717801168,40.53758239746094,0.12033042311668396,0.0003826609964218384,0.00296835831303795,14.029065307360678,-134.47616670413228,0.0,0.0,-0.0,2886.506103515625,True,0.0,389,0.00019873168961265472,0.00023854258852353086,0.0027438870696263463,True,390,122.99335619810493,155.8007203364987,122.99082807571152,40.573516845703125,0.12032395601272583,0.00035221742610707334,0.0029655699735420538,13.413282600556702,-144.14084768798838,0.0,0.0,-0.0,3065.6455078125,True,0.0,389,0.00019893151840839175,0.00021474773658702363,0.0027692549207433887,True,390,122.59508850572013,155.41473827189841,122.59256038332671,40.537593841552734,0.16738247871398926,-0.002003439942255263,0.00412904446504793,-124.34241671999062,-188.37167496362588,9.944071681954863,54.72299999999999,54.72299999999999,2828.998046875,True,0.0,389,1.346181042220402e-09,-0.0021598513132212093,0.0039264417995782544,True,390,122.71465747829217,155.46929363924144,122.71212935589875,40.57352066040039,0.1673760712146759,-0.0019146401717066615,0.004125230422380861,-125.18021115519913,-200.3604126392795,9.944071681954863,54.72299999999999,54.72299999999999,2993.27880859375,True,0.0,389,1.5966504467030955e-09,-0.0020549847710771957,0.003946970098296387,True,390
1.300000000000,156,held_throttle,0.0,0.15,0.0,1,-0.09179344773292542,53.0743408203125,0.4187672734260559,0.6222735643386841,40.511600494384766,-0.02722747065126896,0.11579222232103348,asphalt,0.0,0.15,0.0,6311.481821900282,3,-0.87264084815979,-0.6237442493438721,689.5594859697728,160.0,-0.0,6083.510393016799,5688.489606983201,0.02368100918829441,0.2305388554287956,False,-0.0,True,0,0,-0.2740989923477173,40.51101303100586,0.08183389157056808,False,True,-0.9470478296279907,54.50236511230469,1.862645149230957e-08,0.0,0.0,1.0,2878.8447265625,2878.8447265625,0.33995321393013,0.06004679203033447,0.0,asphalt,True,0.7328529357910156,54.52094268798828,-2.9802322387695312e-08,0.0,0.0,1.0,3076.283203125,3076.283203125,0.3365029990673065,0.06349700689315796,0.0,asphalt,True,-0.9227235913276672,52.30249786376953,0.0,0.0,0.0,1.0,2814.97900390625,2814.97900390625,0.341034859418869,0.05896514654159546,0.0,asphalt,True,0.7571772336959839,52.321075439453125,-1.862645149230957e-08,0.0,0.0,1.0,3001.515380859375,3001.515380859375,0.337584525346756,0.062415480613708496,0.0,asphalt,396,122.74836586458915,161.8925500141139,122.74705020439652,40.491634368896484,0.13239499926567078,0.0003785069843886227,0.003269676058446008,13.748281652863398,-147.74788513139697,0.0,0.0,-0.0,2880.146240234375,True,0.0,395,0.00021680447321809464,0.00023431539510319346,0.003021743382009419,True,396,122.86471782900063,161.94676165639257,122.863402168808,40.531349182128906,0.1323871910572052,0.0003456016570866386,0.003266279631290439,13.057843669108262,-159.1915897423201,0.0,0.0,-0.0,3075.09619140625,True,0.0,395,0.00022214164905418353,0.00020844258594385394,0.0030494227709305937,True,396,122.47560226554508,161.54110795505918,122.47428660535245,40.49164581298828,0.18440020084381104,-0.0018447525127379975,0.004553999285202551,-114.78448223921455,-206.79470160287673,13.125623633450584,54.72299999999999,54.72299999999999,2816.679931640625,True,0.0,395,7.904977724925348e-10,-0.002002945029265705,0.004330158461783337,True,396,122.60659567321393,161.60195279271394,122.6052800130213,40.5313606262207,0.18439239263534546,-0.001756271019780517,0.004549344450572715,-115.66568775923004,-221.38190441959375,13.125623633450584,54.72299999999999,54.72299999999999,2999.498779296875,True,0.0,395,1.0023798147251822e-09,-0.0018952414913511464,0.004352919474866381,True,396
1.350000000000,162,held_throttle,0.0,0.15,0.0,1,-0.1061631441116333,55.09898376464844,0.4187714457511902,0.6928839683532715,40.4681510925293,-0.03128174692392349,0.12756898999214172,asphalt,0.0,0.15,0.0,6297.251383617898,3,-0.8582921624183655,-0.6877818703651428,688.0800015520971,160.0,-0.0,6083.800037473236,5688.199962526764,0.026147376745939255,0.2542426305761049,False,-0.0,True,0,0,-0.306625634431839,40.467403411865234,0.08184196054935455,False,True,-0.9631414413452148,56.525543212890625,2.9802322387695312e-08,0.0,0.0,1.0,2868.42333984375,2868.42333984375,0.34006747603416443,0.05993252992630005,0.0,asphalt,True,0.7167354822158813,56.546226501464844,2.60770320892334e-08,0.0,0.0,1.0,3081.9580078125,3081.9580078125,0.33626589179039,0.06373411417007446,0.0,asphalt,True,-0.9360615015029907,54.32571029663086,-1.1175870895385742e-08,0.0,0.0,1.0,2806.146484375,2806.146484375,0.3412807881832123,0.0587192177772522,0.0,asphalt,True,0.7438154220581055,54.34639358520508,-1.862645149230957e-08,0.0,0.0,1.0,3015.9951171875,3015.9951171875,0.33747920393943787,0.06252080202102661,0.0,asphalt,402,122.61038421811615,168.02614799506216,122.61032018484336,40.446231842041016,0.14578312635421753,0.0003756827087541767,0.0036043529497624444,13.528455501486542,-162.2723164316565,0.0,0.0,-0.0,2870.43896484375,True,0.0,401,0.00023981173899324416,0.00023138597119009885,0.00333056068965684,True,402,122.73895604614614,168.0865156422832,122.73889201287335,40.49007797241211,0.1457735002040863,0.00034026911050918777,0.0036002121430124606,12.78423788308437,-175.75614577956298,0.0,0.0,-0.0,3081.126220703125,True,0.0,401,0.0002531681298046797,0.00020370905310706624,0.0033606927345385573,True,402,122.35513153466187,167.66154361892376,122.35506750138907,40.44624710083008,0.2032051980495453,-0.0017072954684649953,0.0050240381472735724,-106.61944065104896,-227.31809637873718,15.80656277491658,54.72299999999999,54.72299999999999,2807.493896484375,True,0.0,401,5.266817411679505e-10,-0.0018670677157766938,0.0047767842144379275,True,402,122.49888747758256,167.72928847449347,122.49882344430976,40.49009323120117,0.20319563150405884,-0.0016167007377617078,0.00501836151832445,-107.53571032500628,-245.27563255601675,15.80656277491658,54.72299999999999,54.72299999999999,3013.353515625,True,0.0,401,6.815486306612242e-10,-0.0017544161977404227,0.004801890281132352,True,402
1.400000000000,168,held_throttle,0.0,0.15,0.0,1,-0.12222754955291748,57.121456146240234,0.4187764525413513,0.7708057761192322,40.425323486328125,-0.0318625383079052,0.14060886204242706,asphalt,0.0,0.15,0.0,6286.334291719571,3,-0.8463488817214966,-0.7584872841835022,686.6243903066078,160.0,-0.0,6083.120225943725,5688.879774056275,0.028832370415329933,0.28040222755687344,False,-0.0,True,0,0,-0.3424986004829407,40.424373626708984,0.08187577873468399,False,True,-0.9811070561408997,58.546478271484375,7.450580596923828e-09,0.0,0.0,1.0,2854.588134765625,2854.588134765625,0.3402657210826874,0.0597342848777771,0.0,asphalt,True,0.6987406015396118,58.569480895996094,0.0,0.0,0.0,1.0,3087.002197265625,3087.002197265625,0.33607521653175354,0.06392478942871094,0.0,asphalt,True,-0.9509865641593933,56.3466796875,-3.725290298461914e-09,0.0,0.0,1.0,2798.447265625,2798.447265625,0.34148237109184265,0.058517634868621826,0.0,asphalt,True,0.7288610339164734,56.369686126708984,-2.60770320892334e-08,0.0,0.0,1.0,3032.9228515625,3032.9228515625,0.3372918665409088,0.06270813941955566,0.0,asphalt,408,122.47380738279863,174.15294412343565,122.47469427564029,40.40123748779297,0.16057544946670532,0.00037421993658352516,0.003974497167257949,13.369712803348456,-178.0613262874944,0.0,0.0,-0.0,2857.069580078125,True,0.0,407,0.00026877298466291205,0.00022978627240869618,0.0036724504488479465,True,408,122.61569700345652,174.220109306911,122.61658389629818,40.449588775634766,0.1605638861656189,0.0003360042936721213,0.003969460449668072,12.565884822319823,-194.04572466490012,0.0,0.0,-0.0,3086.10986328125,True,0.0,407,0.000293794853412158,0.00019994639650272955,0.003705166865178093,True,408,122.23309642375519,173.77597056124068,122.23398331659685,40.40125274658203,0.22389447689056396,-0.0015923002968827942,0.005541713924388434,-99.8713723518757,-249.95210173930832,18.010323823677464,54.72299999999999,54.72299999999999,2799.71630859375,True,0.0,407,3.5507196546162097e-10,-0.0017543901664595248,0.005268890667935408,True,408,122.39074301266827,173.8512858934532,122.39162990550993,40.44960403442383,0.2238827645778656,-0.0014996151802048926,0.0055348002477379615,-100.81281402227624,-271.9322209089095,18.010323823677464,54.72299999999999,54.72299999999999,3030.011962890625,True,0.0,407,4.89744018007541e-10,-0.0016362901309842767,0.005296420138602836,True,408
1.450000000000,174,held_throttle,0.0,0.15,0.0,1,-0.14016093313694,59.14178466796875,0.4187832474708557,0.856680691242218,40.382999420166016,-0.029959218576550484,0.15504366159439087,asphalt,0.0,0.15,0.0,6277.396869243832,3,-0.8367429971694946,-0.8362008929252625,685.188957488543,160.0,-0.0,6081.87805550458,5690.12194449542,0.03175210952758789,0.30916363783751644,False,-0.0,True,0,0,-0.3820548951625824,40.38180160522461,0.08191807568073273,False,True,-1.0011345148086548,60.56515884399414,-4.0978193283081055e-08,0.0,0.0,1.0,2838.69580078125,2838.69580078125,0.3405306041240692,0.059469401836395264,0.0,asphalt,True,0.6786773204803467,60.590721130371094,0.0,0.0,0.0,1.0,3093.392578125,3093.392578125,0.3359096944332123,0.0640903115272522,0.0,asphalt,True,-0.9676637053489685,58.365413665771484,-1.4901161193847656e-08,0.0,0.0,1.0,2790.367919921875,2790.367919921875,0.341662734746933,0.058337271213531494,0.0,asphalt,True,0.712148129940033,58.3909797668457,-1.862645149230957e-08,0.0,0.0,1.0,3050.553466796875,3050.553466796875,0.3370418846607208,0.06295812129974365,0.0,asphalt,414,122.33819331088789,180.27297761926582,122.3396087342383,40.35651779174805,0.17685407400131226,0.0003738182001432379,0.004382264664068373,13.249878234900807,-195.21622854535508,0.0,0.0,-0.0,2841.4404296875,True,0.0,413,0.00030439898651687914,0.00022903420490756366,0.004049384038116003,True,414,122.49453519066036,180.3476376035869,122.49595061401077,40.409767150878906,0.17683997750282288,0.00033233208171855403,0.004376141242697723,12.375271695929536,-214.29602018831005,0.0,0.0,-0.0,3092.173828125,True,0.0,413,0.00034580502772137004,0.00019657499356140292,0.004084805074857941,True,414,122.10930797529866,179.88428507386982,122.11072339864907,40.35653305053711,0.24658456444740295,-0.0014981816850529075,0.006110076292921641,-94.3508410727197,-274.6876190556321,19.81120440568458,54.72299999999999,54.72299999999999,2791.79052734375,True,0.0,413,2.732050094749501e-10,-0.0016628812165983152,0.005809394872191773,True,414,122.28205268514527,179.96789958405495,122.28346810849568,40.409786224365234,0.2465703785419464,-0.0014033441788686787,0.006101673421199275,-95.32691561371507,-301.4119484265468,19.81120440568458,54.72299999999999,54.72299999999999,3047.6162109375,True,0.0,413,3.904794652900661e-10,-0.0015390246571773943,0.0058393809774724085,True,414
1.500000000000,180,held_throttle,0.0,0.15,0.0,1,-0.160154789686203,61.15999221801758,0.41879215836524963,0.9512075781822205,40.341068267822266,-0.026785260066390038,0.17097942531108856,asphalt,0.0,0.15,0.0,6269.629465792971,3,-0.8271052837371826,-0.9212707877159119,683.7689900664857,160.0,-0.0,6080.3938271069455,5691.6061728930545,0.03493143618106842,0.3406971904859107,False,-0.0,True,0,0,-0.42564913630485535,40.339561462402344,0.08195602148771286,False,True,-1.0234317779541016,62.58159637451172,7.450580596923828e-09,0.0,0.0,1.0,2821.813720703125,2821.813720703125,0.3408404290676117,0.05915957689285278,0.0,asphalt,True,0.65633624792099,62.6099739074707,1.4901161193847656e-08,0.0,0.0,1.0,3102.264892578125,3102.264892578125,0.335744708776474,0.06425529718399048,0.0,asphalt,True,-0.9862735271453857,60.38191223144531,-2.60770320892334e-08,0.0,0.0,1.0,2780.80908203125,2780.80908203125,0.34184691309928894,0.05815309286117554,0.0,asphalt,True,0.693494439125061,60.41028594970703,-3.725290298461914e-09,0.0,0.0,1.0,3067.93115234375,3067.93115234375,0.33675119280815125,0.06324881315231323,0.0,asphalt,420,122.20308981639795,186.38626375775746,122.20464360285081,40.31193161010742,0.19470912218093872,0.0003742819731347409,0.004830024269985651,13.184017682353074,-213.84785472471856,0.0,0.0,-0.0,2824.66748046875,True,0.0,419,0.00034884530514746705,0.00022931563419787792,0.0044635011300644175,True,420,122.37513325170073,186.46917607534675,122.37668703815359,40.370513916015625,0.19469210505485535,0.00032895437182808146,0.004822593938553395,12.24504885901051,-236.74229233182436,0.0,0.0,-0.0,3100.592041015625,True,0.0,419,0.00041410135274204434,0.00019403540638523277,0.004501743140211678,True,420,121.98378315832565,185.98637939304874,121.98533694477851,40.311954498291016,0.27142101526260376,-0.0014215648126408805,0.006732913778657174,-89.77751757469065,-301.526550508564,21.29405747660545,54.72299999999999,54.72299999999999,2782.535888671875,True,0.0,419,2.1853569048719962e-10,-0.0015884460818267083,0.006401853882424911,True,420,122.17296358976638,186.07908569857344,122.17451737621924,40.37053680419922,0.2714041471481323,-0.00132420383299815,0.006722726025283267,-90.79233784898724,-333.8318360487122,21.29405747660545,54.72299999999999,54.72299999999999,3065.0703125,True,0.0,419,3.2283732198030864e-10,-0.0014583067312639204,0.006434320430312742,True,420
1.550000000000,186,held_throttle,0.0,0.15,0.0,1,-0.18241874873638153,63.17609405517578,0.4188028573989868,1.0551644563674927,40.2994499206543,-0.02339058183133602,0.18849793076515198,asphalt,0.0,0.15,0.0,6262.545499235248,3,-0.8196268081665039,-1.0142509937286377,682.3625071908126,160.0,-0.0,6078.801455866795,5693.198544133205,0.03840237855911255,0.3752161771872115,False,-0.0,True,0,0,-0.47365832328796387,40.29755783081055,0.08198392391204834,False,True,-1.0482265949249268,64.59578704833984,1.4901161193847656e-08,0.0,0.0,1.0,2804.52587890625,2804.52587890625,0.3411768972873688,0.0588231086730957,0.0,asphalt,True,0.6314879059791565,64.62725830078125,-1.862645149230957e-08,0.0,0.0,1.0,3114.01611328125,3114.01611328125,0.33555957674980164,0.06444042921066284,0.0,asphalt,True,-1.0070135593414307,62.39616775512695,2.60770320892334e-08,0.0,0.0,1.0,2769.175537109375,2769.175537109375,0.3420545756816864,0.057945430278778076,0.0,asphalt,True,0.6727007627487183,62.42763900756836,-3.725290298461914e-09,0.0,0.0,1.0,3084.854736328125,3084.854736328125,0.33643725514411926,0.06356275081634521,0.0,asphalt,426,122.0682197183507,192.4928026366893,122.06963623169777,40.267391204833984,0.2142491340637207,0.00037552227172678586,0.005320610695912474,13.147847286972585,-234.0708857322167,0.0,0.0,-0.0,2807.424560546875,True,0.0,425,0.00040332790570713373,0.00023017182461679113,0.004917337988444149,True,426,122.2573932793939,192.58479176695644,122.25880979274096,40.33179473876953,0.21422863006591797,0.00032592260065777707,0.005311606308638063,12.126076930030337,-261.6173748364001,0.0,0.0,-0.0,3111.85546875,True,0.0,425,0.0005015710070601755,0.00019152255667866938,0.004958513720960645,True,426,121.8567153395953,192.08215380411033,121.85813185294236,40.267417907714844,0.2985830008983612,-0.0013584641998590895,0.007414866518310758,-85.96059273241168,-330.5098792547922,22.536477560123135,54.72299999999999,54.72299999999999,2771.26953125,True,0.0,425,1.8322118857543117e-10,-0.0015281634966786894,0.007050646078920515,True,426,122.06385775963868,192.18481636625546,122.06527427298575,40.33182144165039,0.29856252670288086,-0.0012582714877641264,0.007402518967379935,-87.03703083823622,-369.3969983812951,22.536477560123135,54.72299999999999,54.72299999999999,3082.05322265625,True,0.0,425,2.866949097061483e-10,-0.0013912660108064698,0.007085548062783163,True,426
1.600000000000,192,held_throttle,0.0,0.15,0.0,1,-0.2071818858385086,65.19010162353516,0.4188147485256195,1.1694289445877075,40.258079528808594,-0.020472977310419083,0.20768184959888458,asphalt,0.0,0.15,0.0,6255.858386502627,3,-0.8132736086845398,-1.1157848834991455,680.9675363484257,160.0,-0.0,6077.193598130542,5694.806401869458,0.04220188781619072,0.41298964072556243,False,-0.0,True,0,0,-0.5264883041381836,40.25571823120117,0.08200211822986603,False,True,-1.0757677555084229,66.60771179199219,-3.725290298461914e-09,0.0,0.0,1.0,2786.9541015625,2786.9541015625,0.34152868390083313,0.05847132205963135,0.0,asphalt,True,0.6038815379142761,66.64258575439453,2.2351741790771484e-08,0.0,0.0,1.0,3128.552001953125,3128.552001953125,0.3353404104709625,0.06465959548950195,0.0,asphalt,True,-1.030098795890808,64.4081802368164,-7.450580596923828e-09,0.0,0.0,1.0,2755.232421875,2755.232421875,0.3422989547252655,0.057701051235198975,0.0,asphalt,True,0.6495504975318909,64.44306182861328,-3.725290298461914e-09,0.0,0.0,1.0,3101.624755859375,3101.624755859375,0.3361106812953949,0.06388932466506958,0.0,asphalt,432,121.93330981013412,198.5925875565526,121.93444781763526,40.22282028198242,0.23561298847198486,0.00037719770159012303,0.005857627387776449,13.143922638500909,-256.00413744694174,0.0,0.0,-0.0,2789.9111328125,True,0.0,431,0.00047018692093015916,0.00023164552523905453,0.005414163232535985,True,432,122.14120110738179,198.69455387148645,122.14233911488293,40.2935905456543,0.23558825254440308,0.00032277639211527524,0.005846725617713509,12.023647209851788,-289.1677902946737,0.0,0.0,-0.0,3125.948486328125,True,0.0,431,0.0006146373283511488,0.0001891292426917726,0.005458319312613039,True,432,121.72825937452791,198.1715248300687,121.72939738202905,40.22285461425781,0.32829001545906067,-0.0013059495942632246,0.008161596914495662,-82.69357994171456,-361.72849066723404,23.602485244191563,54.72299999999999,54.72299999999999,2757.718017578125,True,0.0,431,1.575575015857128e-10,-0.0014785657876198708,0.007761114694175095,True,432,121.95506753537867,198.28508949238457,121.95620554287981,40.29362106323242,0.3282649517059326,-0.0012023932145841848,0.008146641600857863,-83.83726144402391,-408.42143408022343,23.602485244191563,54.72299999999999,54.72299999999999,3098.817626953125,True,0.0,431,2.7620303355155816e-10,-0.0013340114962106702,0.007798363175101632,True,432
1.650000000000,198,held_throttle,0.0,0.15,0.0,1,-0.23469547927379608,67.20207214355469,0.41882750391960144,1.295017123222351,40.222015380859375,-0.017124244943261147,0.22863829135894775,asphalt,0.0,0.15,0.0,5824.269156748695,4,-0.6123788952827454,-1.2270100116729736,679.6999282380999,160.0,-0.0,6070.663902640682,5701.336097359318,0.046394504606723785,0.45431724410881147,False,-0.0,True,0,0,-0.5847012400627136,40.21907424926758,0.08201494812965393,False,True,-1.1063315868377686,68.61747741699219,-1.862645149230957e-08,0.0,0.0,1.0,2762.20263671875,2762.20263671875,0.3419301211833954,0.05806988477706909,0.0,asphalt,True,0.5732383131980896,68.65608978271484,1.1175870895385742e-08,0.0,0.0,1.0,3134.484619140625,3134.484619140625,0.33511826395988464,0.06488174200057983,0.0,asphalt,True,-1.0557643175125122,66.41806030273438,-1.4901161193847656e-08,0.0,0.0,1.0,2745.673095703125,2745.673095703125,0.3425479829311371,0.05745202302932739,0.0,asphalt,True,0.6238054633140564,66.45667266845703,-1.4901161193847656e-08,0.0,0.0,1.0,3129.9384765625,3129.9384765625,0.3357361853122711,0.06426382064819336,0.0,asphalt,438,121.80725287372417,204.68575118984774,121.80951044388286,40.183345794677734,0.25894564390182495,0.0003247030179594947,0.006444014417015883,10.053850297559647,-279.1838434770461,0.0,0.0,-0.0,2766.99560546875,True,0.0,437,0.0004290350030684134,0.00017874487404744336,0.005956296203215308,True,438,122.03630863360402,204.7986904882204,122.03856620376271,40.261146545410156,0.25891584157943726,0.0002691255617112541,0.0064308221347309435,8.63823032070808,-318.7221404920783,0.0,0.0,-0.0,3134.14794921875,True,0.0,437,0.0005848344618444923,0.00013559095798780502,0.006003528840911695,True,438,121.87589391338363,204.2613799038936,121.87815148354233,40.18338394165039,0.360828697681427,0.0008874576073034209,0.008979308475450495,39.54268353002812,-396.06645768405843,19.506674365192136,6.2271,6.2271,2746.80615234375,True,0.0,437,5.694156666134413e-12,0.0007104343956719817,0.00853879516946347,True,438,122.09859611784346,204.38637983530973,122.10085368800215,40.26118469238281,0.3607988953590393,0.0007787159455211433,0.008961217616141784,41.41996423467713,-452.75282163970866,19.506674365192136,6.2271,6.2271,3124.342529296875,True,0.0,437,9.115706700230851e-12,0.000654273544813213,0.008581859308831936,True,438
1.700000000000,204,held_throttle,0.0,0.15,0.0,1,-0.26524174213409424,69.21236419677734,0.4188409447669983,1.4329150915145874,40.190696716308594,-0.009643816389143467,0.2515416145324707,asphalt,0.0,0.15,0.0,5397.483595463618,4,-0.6151164174079895,-1.3487205505371094,678.6524547567464,160.0,-0.0,6057.889483762177,5714.110516237823,0.050835106521844864,0.4994999302829116,False,-0.0,True,0,0,-0.6488109827041626,40.18703842163086,0.08202892541885376,False,True,-1.1402227878570557,70.62542724609375,7.450580596923828e-09,0.0,0.0,1.0,2733.824462890625,2733.824462890625,0.3424359858036041,0.05756402015686035,0.0,asphalt,True,0.5392506718635559,70.66815185546875,-1.4901161193847656e-08,0.0,0.0,1.0,3141.471923828125,3141.471923828125,0.334942489862442,0.06505751609802246,0.0,asphalt,True,-1.084280014038086,68.42613983154297,-1.1175870895385742e-08,0.0,0.0,1.0,2736.541259765625,2736.541259765625,0.3427523076534271,0.057247698307037354,0.0,asphalt,True,0.5951934456825256,68.46886444091797,7.450580596923828e-09,0.0,0.0,1.0,3160.536376953125,3160.536376953125,0.33525875210762024,0.06474125385284424,0.0,asphalt,444,121.70040549232934,210.77330228116523,121.7032474126884,40.14836120605469,0.28462785482406616,0.000318135187347825,0.007089282799821315,9.528300603079622,-303.8490375120514,0.0,0.0,-0.0,2738.450927734375,True,0.0,443,0.0004943098207524276,0.00017127257072566357,0.006554126985534356,True,444,121.95192788998678,210.89832236226997,121.95476981034584,40.23360824584961,0.2845917344093323,0.00026167073511523326,0.007073364794349568,8.17893723461583,-351.0131197173338,0.0,0.0,-0.0,3139.69580078125,True,0.0,443,0.0007217006062084759,0.00012823398452794162,0.00660420362991232,True,444,121.76646250923994,210.3525764657658,121.769304429599,40.14840316772461,0.39626049995422363,0.0008600456705667637,0.009869573936386924,37.61946807382379,-433.4999559361805,15.085874567870786,6.2271,6.2271,2738.392333984375,True,0.0,443,1.1310849477695364e-11,0.000678802579455769,0.009386169294371766,True,444,122.00534316084418,210.4890875192862,122.00818508120324,40.23365020751953,0.3962242007255554,0.0006987443449463044,0.00984776151807968,36.71068231269894,-501.95650035659986,15.085874567870786,6.2271,6.2271,3155.813232421875,True,0.0,443,1.2502017103344727e-11,0.0005748192662100488,0.009431338038612515,True,444
1.750000000000,210,held_throttle,0.0,0.15,0.0,1,-0.2991222143173218,71.22103118896484,0.41885507106781006,1.5838825702667236,40.15853500366211,-0.0014819280477240682,0.2765682637691498,asphalt,0.0,0.15,0.0,5136.896616185886,4,-0.6285723447799683,-1.480357050895691,677.5824931932427,160.0,-0.0,6049.511857039728,5722.488142960272,0.05561491847038269,0.5486096540574659,False,-0.0,True,0,0,-0.7191945314407349,40.15399932861328,0.08204551041126251,False,True,-1.1777598857879639,72.63154602050781,-3.725290298461914e-09,0.0,0.0,1.0,2707.267578125,2707.267578125,0.34297648072242737,0.05702352523803711,0.0,asphalt,True,0.5015966296195984,72.67875671386719,-7.450580596923828e-09,0.0,0.0,1.0,3156.852783203125,3156.852783203125,0.3347384035587311,0.0652616024017334,0.0,asphalt,True,-1.1159336566925049,70.43241119384766,3.725290298461914e-08,0.0,0.0,1.0,2722.278564453125,2722.278564453125,0.3429865539073944,0.05701345205307007,0.0,asphalt,True,0.5634229183197021,70.47962188720703,3.725290298461914e-09,0.0,0.0,1.0,3186.00537109375,3186.00537109375,0.33474859595298767,0.0652514100074768,0.0,asphalt,450,121.59189785855023,216.8554959495368,121.59423972644043,40.11215591430664,0.31255942583084106,0.0003283388467843463,0.007791979588350901,9.944270727615208,-330.53257613728294,0.0,0.0,-0.0,2711.546630859375,True,0.0,449,0.0006126715343038745,0.00018065655849277892,0.007205759648558928,True,450,121.8670154080168,216.99374663612736,121.869357275907,40.20541763305664,0.31251639127731323,0.00026606990347758963,0.0077728355004167814,8.519838295545926,-387.23436274805994,0.0,0.0,-0.0,3153.767333984375,True,0.0,449,0.0009514441725990955,0.00013308123676088662,0.007258604295804292,True,450,121.63845434263139,216.4374942116555,121.6407962105216,40.11220932006836,0.43468594551086426,0.0007100235435236987,0.010836324856635007,28.89699964679452,-473.00975105778224,12.28785672040094,6.2271,6.2271,2725.03271484375,True,0.0,449,3.768858257918697e-12,0.0005247407277913881,0.010306898077557351,True,450,121.9025055331755,216.58665517674524,121.90484740106571,40.20547103881836,0.4346429109573364,0.0005560384333756701,0.010810120339187301,27.844758593588764,-554.8079071328331,12.28785672040094,6.2271,6.2271,3182.065185546875,True,0.0,449,6.745121412807984e-12,0.0004330400107362647,0.01035363706063387,True,450
1.800000000000,216,held_throttle,0.0,0.15,0.0,1,-0.33666086196899414,73.22802734375,0.41887006163597107,1.7490206956863403,40.12567901611328,0.004766134545207024,0.30380338430404663,asphalt,0.0,0.15,0.0,4977.095673568024,4,-0.6360487937927246,-1.6224350929260254,676.4900987045457,160.0,-0.0,6044.213190805061,5727.786809194939,0.06083657592535019,0.601953034148003,False,-0.0,True,0,0,-0.7963512539863586,40.12006378173828,0.08206067979335785,False,True,-1.2192912101745605,74.63573455810547,-1.862645149230957e-08,0.0,0.0,1.0,2682.693359375,2682.693359375,0.3435087502002716,0.05649125576019287,0.0,asphalt,True,0.4599241018295288,74.6878662109375,-3.725290298461914e-09,0.0,0.0,1.0,3178.968505859375,3178.968505859375,0.33446118235588074,0.06553882360458374,0.0,asphalt,True,-1.1510303020477295,72.4367904663086,2.2351741790771484e-08,0.0,0.0,1.0,2702.7177734375,2702.7177734375,0.3432961404323578,0.05670386552810669,0.0,asphalt,True,0.5281850695610046,72.48892211914062,2.60770320892334e-08,0.0,0.0,1.0,3207.957763671875,3207.957763671875,0.3342485725879669,0.06575143337249756,0.0,asphalt,456,121.47989917817027,222.93213135257224,121.48128569757533,40.0748405456543,0.3428502678871155,0.00033752306828226054,0.008555040991306825,10.321991602088037,-359.3398830777027,0.0,0.0,-0.0,2686.681884765625,True,0.0,455,0.0007571900586251019,0.00018942056109810663,0.007913229085884835,True,456,121.78071894971148,223.08484930607892,121.78210546911654,40.176856994628906,0.34279829263687134,0.0002683201121812355,0.008532025653201214,8.753387694141999,-427.58677827862437,0.0,0.0,-0.0,3174.90087890625,True,0.0,455,3.396907077643218e-12,0.00013594708424894853,0.007968747284225638,True,456,121.51375284692338,222.51606660593478,121.51513936632844,40.07490539550781,0.47644078731536865,0.0006146750375028107,0.011888196301445537,23.20794964114788,-514.5182128400807,10.514506076410221,6.2271,6.2271,2706.321044921875,True,0.0,455,1.0588422522746832e-11,0.0004250958611643231,0.011308723550057753,True,456,121.8047237513979,222.67918779926433,121.80611027080296,40.17692184448242,0.4763888716697693,0.0004638731048392936,0.011856720866556073,22.113283721082524,-611.7524828908936,10.514506076410221,6.2271,6.2271,3204.449462890625,True,0.0,455,7.769290961269157e-12,0.0003421090448221226,0.011356634106005686,True,456
1.850000000000,222,held_throttle,0.0,0.15,0.0,1,-0.3782075345516205,75.23331451416016,0.418885737657547,1.9296964406967163,40.092281341552734,0.008181508630514145,0.3333176076412201,asphalt,0.0,0.15,0.0,4878.47529411896,4,-0.6409313082695007,-1.7761751413345337,675.3826519021543,160.0,-0.0,6040.8269294341,5731.1730705659,0.06658600270748138,0.6600533135952197,False,-0.0,True,0,0,-0.880829393863678,40.08535385131836,0.08207319676876068,False,True,-1.2651957273483276,76.637939453125,0.0,0.0,0.0,1.0,2659.18310546875,2659.18310546875,0.3440207540988922,0.055979251861572266,0.0,asphalt,True,0.4138491153717041,76.69544982910156,-3.725290298461914e-08,0.0,0.0,1.0,3205.78173828125,3205.78173828125,0.3340962827205658,0.06590372323989868,0.0,asphalt,True,-1.1898950338363647,74.4392318725586,-1.1175870895385742e-08,0.0,0.0,1.0,2678.621826171875,2678.621826171875,0.34369519352912903,0.05630481243133545,0.0,asphalt,True,0.4891498386859894,74.4967269897461,-7.450580596923828e-09,0.0,0.0,1.0,3228.700439453125,3228.700439453125,0.3337707221508026,0.06622928380966187,0.0,asphalt,462,121.36488153740545,229.00303396604474,121.36531219644719,40.03654861450195,0.37575721740722656,0.0003462409553661864,0.009385079337489168,10.644140107085532,-390.3954391378284,0.0,0.0,-0.0,2663.085693359375,True,0.0,461,0.0009329070605808114,0.00019726979985233923,0.008682390150393089,True,462,121.69395914955523,229.17157376593926,121.69438980859697,40.1482048034668,0.37569475173950195,0.000269046049239473,0.00935742427496059,8.900614064503158,-472.3535617450049,0.0,0.0,-0.0,3201.06494140625,True,0.0,461,7.475237152131652e-12,0.00013724953620414683,0.008740339386501176,True,462,121.39079980882397,228.58840759943578,121.39123046786571,40.03662872314453,0.5219708681106567,0.0005578694930043549,0.01303659459562023,19.6351409735115,-558.2165444616217,9.389263929022784,6.2271,6.2271,2682.912353515625,True,0.0,461,3.880345701256794e-12,0.00036355855957349533,0.012402294289107484,True,462,121.71068094438888,228.76688958360828,121.71111160343062,40.148284912109375,0.5219093561172485,0.0004044954740783978,0.012998810818781814,18.458822569858594,-673.6155065164911,9.389263929022784,6.2271,6.2271,3225.230712890625,True,0.0,461,4.6782912895566285e-12,0.0002843348650638511,0.012450792637336372,True,462
1.900000000000,228,held_throttle,0.0,0.15,0.0,1,-0.4241408407688141,77.23684692382812,0.41890206933021545,2.1275131702423096,40.05841064453125,0.00898729171603918,0.36525097489356995,asphalt,0.0,0.15,0.0,4816.99721301103,4,-0.6428765058517456,-1.943083643913269,674.2625029675514,160.0,-0.0,6038.672098041121,5733.327901958879,0.07294019311666489,0.7235771103251236,False,-0.0,True,0,0,-0.9732462167739868,40.049888610839844,0.08208665251731873,False,True,-1.315886378288269,78.63807678222656,1.862645149230957e-08,0.0,0.0,1.0,2635.370849609375,2635.370849609375,0.34452149271965027,0.05547851324081421,0.0,asphalt,True,0.3629525303840637,78.70146942138672,-1.1175870895385742e-08,0.0,0.0,1.0,3235.5869140625,3235.5869140625,0.3336482346057892,0.06635177135467529,0.0,asphalt,True,-1.232878565788269,76.43965148925781,0.0,0.0,0.0,1.0,2650.977294921875,2650.977294921875,0.3441790044307709,0.055821001529693604,0.0,asphalt,True,0.4459604024887085,76.50303649902344,1.862645149230957e-08,0.0,0.0,1.0,3250.434814453125,3250.434814453125,0.333305686712265,0.06669431924819946,0.0,asphalt,468,121.2469547913067,235.06806336783342,121.24667802598626,39.99729537963867,0.41163623332977295,0.00035501654193779037,0.010291238376137242,10.95960914347481,-423.79082575486416,0.0,0.0,-0.0,2639.419921875,True,0.0,467,7.649494171240343e-12,0.0002052026433030149,0.00952154791070403,True,468,121.60727213148762,235.25391986325508,121.60699536616717,40.11960983276367,0.4115617275238037,0.00026894505385822016,0.010258008324917946,8.997909876710809,-521.9115675027193,0.0,0.0,-0.0,3230.46484375,True,0.0,467,1.1126711437036748e-11,0.00013766157244587135,0.009581554297802077,True,468,121.26802879493164,234.65456664159754,121.26775202961119,39.997398376464844,0.5718021392822266,0.0005263123782317137,0.014295009506107322,17.423291171027806,-604.4251279017642,8.674651174412546,6.2271,6.2271,2655.79296875,True,0.0,467,9.192688349570963e-12,0.0003267253087296747,0.013600333608890297,True,468,121.61934453387899,234.84992460734293,121.61906776855854,40.11970520019531,0.5717281699180603,0.000365867493579744,0.014249593059102894,16.134481207305996,-741.4482772595131,8.674651174412546,6.2271,6.2271,3246.664794921875,True,0.0,467,4.581376850460621e-12,0.00024751895222032945,0.013648615216237706,True,468
1.950000000000,234,held_throttle,0.0,0.15,0.0,1,-0.47486793994903564,79.23849487304688,0.4189191460609436,2.344236373901367,40.018951416015625,0.00613003596663475,0.3998362720012665,asphalt,0.0,0.15,0.0,4776.128093288377,4,-0.7537315487861633,-2.124368190765381,672.9897379386998,160.0,-0.0,6042.987045477318,5729.012954522682,0.0799766480922699,0.7933350232201976,False,-0.0,True,0,0,-1.0740798711776733,40.00849914550781,0.08210605382919312,False,True,-1.3718057870864868,80.63595581054688,-2.9802322387695312e-08,0.0,0.0,1.0,2615.992431640625,2615.992431640625,0.3449839651584625,0.05501604080200195,0.0,asphalt,True,0.30678433179855347,80.7057876586914,-3.725290298461914e-09,0.0,0.0,1.0,3276.802001953125,3276.802001953125,0.3330828845500946,0.06691712141036987,0.0,asphalt,True,-1.2803549766540527,78.43785095214844,2.60770320892334e-08,0.0,0.0,1.0,2614.549560546875,2614.549560546875,0.3447822034358978,0.05521780252456665,0.0,asphalt,True,0.39823514223098755,78.5076904296875,-3.3527612686157227e-08,0.0,0.0,1.0,3265.196044921875,3265.196044921875,0.3328811824321747,0.0671188235282898,0.0,asphalt,474,121.11490498016623,241.1268260664924,121.11314014379435,39.951812744140625,0.45088624954223633,0.00040313312983765546,0.011285272861988742,13.362381334334065,-460.55578575960453,0.0,0.0,-0.0,2619.529052734375,True,0.0,473,2.6452005195794975e-12,0.00025247203106181144,0.010441841978712485,True,474,121.50899768426392,241.33162958687834,121.50723284789204,40.0859260559082,0.450797438621521,0.00030043411949850406,0.011245304291797115,11.223273753630881,-578.3010602186346,0.0,0.0,-0.0,3270.27490234375,True,0.0,473,5.358439514565469e-12,0.0001698760261981779,0.010503445841017525,True,474,120.97473558544895,240.70700108607386,120.97297074907708,39.951934814453125,0.6265053749084473,-0.0007577122708965447,0.015680192486560912,-50.49318734446921,-652.2091897816141,22.400936784717626,41.514,41.514,2620.62841796875,True,0.0,473,5.511592797212759e-11,-0.0009625858829944076,0.014919100468131774,True,474,121.39008374764525,240.92192453560003,121.38831891127337,40.08604431152344,0.6264157295227051,-0.0006814509954690097,0.01562550653981392,-52.2710853842435,-814.2280606127389,22.400936784717626,41.514,41.514,3262.064208984375,True,0.0,473,2.356067827984935e-10,-0.0008005967382066481,0.014963982515658879,True,474
2.000000000000,240,held_throttle,0.0,0.15,0.0,1,-0.5308287739753723,81.23805236816406,0.4189372956752777,2.582204580307007,39.98012161254883,0.0004933878080919385,0.43736037611961365,asphalt,0.0,0.15,0.0,4749.57367413289,4,-0.7081332206726074,-2.322960376739502,671.7007474342608,160.0,-0.0,6046.09349563186,5725.90650436814,0.08793016523122787,0.8703322834825794,False,-0.0,True,0,0,-1.1843383312225342,39.96734619140625,0.08213438838720322,False,True,-1.4334466457366943,82.63134765625,2.60770320892334e-08,0.0,0.0,1.0,2591.01953125,2591.01953125,0.3454534709453583,0.0545465350151062,0.0,asphalt,True,0.24484190344810486,82.70825958251953,2.60770320892334e-08,0.0,0.0,1.0,3312.977783203125,3312.977783203125,0.33243653178215027,0.06756347417831421,0.0,asphalt,True,-1.3327232599258423,80.43365478515625,7.450580596923828e-09,0.0,0.0,1.0,2578.701416015625,2578.701416015625,0.34546950459480286,0.05453050136566162,0.0,asphalt,True,0.34556517004966736,80.51056671142578,-1.1175870895385742e-08,0.0,0.0,1.0,3290.115234375,3290.115234375,0.33245256543159485,0.06754744052886963,0.0,asphalt,480,120.97677463538992,247.17868881270417,120.97504417646257,39.906341552734375,0.49396491050720215,0.0004007903586743756,0.012377473493800095,13.043218290687728,-499.5706602381534,0.0,0.0,-0.0,2595.65380859375,True,0.0,479,3.0257197631532057e-12,0.0002491589827766775,0.011451199299085132,True,480,121.40996337177369,247.40427108092086,121.40823291284634,40.05379104614258,0.4938575029373169,0.0002870356648512511,0.01232923191619464,10.483420475365651,-639.9262371299562,0.0,0.0,-0.0,3307.24609375,True,0.0,479,9.67592837682463e-12,0.00015718969638903212,0.01151365048329226,True,480,120.89734386228778,246.7534945290205,120.89561340336044,39.9064826965332,0.6870512962341309,-0.0002595874474082423,0.017214832757705405,-24.289821816822364,-703.6498002031215,31.527483449750257,41.514,41.514,2584.59423828125,True,0.0,479,1.4283295098481061e-11,-0.00047120337221753507,0.01637883612506462,True,480,121.34327377064052,246.990078587808,121.34154331171318,40.05393600463867,0.6869441270828247,-0.00026603278953810897,0.017148796227230433,-24.983241404822966,-896.6545832515241,31.527483449750257,41.514,41.514,3285.26318359375,True,0.0,479,6.135434785644171e-11,-0.0003813294322850222,0.01642173046166547,True,480
2.050000000000,246,held_throttle,0.0,0.15,0.0,1,-0.5925153493881226,83.23558044433594,0.418956995010376,2.84391188621521,39.94270706176758,-0.004152404144406319,0.4782670736312866,asphalt,0.0,0.15,0.0,4732.46668152636,4,-0.6748944520950317,-2.5416324138641357,670.4702197572926,160.0,-0.0,6045.700329818737,5726.299670181263,0.0967147946357727,0.9557217722380251,False,-0.0,True,0,0,-1.3050041198730469,39.9271354675293,0.0821782648563385,False,True,-1.501355528831482,84.62434387207031,1.1175870895385742e-08,0.0,0.0,1.0,2559.1875,2559.1875,0.34600260853767395,0.05399739742279053,0.0,asphalt,True,0.1765678972005844,84.70903778076172,-1.4901161193847656e-08,0.0,0.0,1.0,3346.02880859375,3346.02880859375,0.33176812529563904,0.06823188066482544,0.0,asphalt,True,-1.3904359340667725,82.42713928222656,-2.2351741790771484e-08,0.0,0.0,1.0,2543.704833984375,2543.704833984375,0.34618285298347473,0.053817152976989746,0.0,asphalt,True,0.28748753666877747,82.51184844970703,-7.450580596923828e-09,0.0,0.0,1.0,3324.312744140625,3324.312744140625,0.33194831013679504,0.06805169582366943,0.0,asphalt,486,120.84121631604006,253.2237377311377,120.84027189156126,39.86164474487305,0.541741132736206,0.00040030057771830877,0.01358969972813806,12.73705771327886,-540.7875663764232,0.0,0.0,-0.0,2564.958740234375,True,0.0,485,9.70514570956405e-12,0.0002467640241130359,0.012571809460553831,True,486,121.31794126696828,253.47218031444885,121.31699684248947,40.023834228515625,0.5416117906570435,0.00027699469072880984,0.013531405586489383,9.870650241292342,-707.7147157269278,0.0,0.0,-0.0,3340.608154296875,True,0.0,485,7.2625082325969484e-12,0.00014684755809593004,0.012633896956651958,True,486,120.80873096247184,252.79589232577064,120.80778653799304,39.861820220947266,0.7541207075119019,0.00012696351146004544,0.018916114589079415,-4.693620823294792,-759.3203607374721,37.593736669003775,41.514,41.514,2549.520751953125,True,0.0,485,3.687627808546576e-12,-9.27152580458664e-05,0.017997103265531385,True,486,121.2879412703569,253.0557028140965,121.2869968458781,40.02400588989258,0.7539901733398438,2.5353017586258763e-05,0.01883622045717996,-5.7344123856407565,-990.2454667226475,37.593736669003775,41.514,41.514,3318.0625,True,0.0,485,1.1239294969549906e-11,-8.704720216274239e-05,0.018036111367396718,True,486
2.100000000000,252,held_throttle,0.0,0.15,0.0,1,-0.6604688763618469,85.23110961914062,0.41897910833358765,3.131737470626831,39.90602493286133,-0.0062269666232168674,0.5230951905250549,asphalt,0.0,0.15,0.0,4720.923213912167,4,-0.6523667573928833,-2.781836986541748,669.2757402521605,160.0,-0.0,6043.564416893115,5728.435583106885,0.10633940249681473,1.050406512133139,False,-0.0,True,0,0,-1.437086582183838,39.8870849609375,0.08223787695169449,False,True,-1.576125144958496,86.61490631103516,7.450580596923828e-09,0.0,0.0,1.0,2520.881103515625,2520.881103515625,0.34666475653648376,0.05333524942398071,0.0,asphalt,True,0.10135607421398163,86.70816802978516,0.0,0.0,0.0,1.0,3378.911865234375,3378.911865234375,0.3310951292514801,0.06890487670898438,0.0,asphalt,True,-1.4539941549301147,84.41830444335938,3.3527612686157227e-08,0.0,0.0,1.0,2508.30322265625,2508.30322265625,0.3469068706035614,0.053093135356903076,0.0,asphalt,True,0.22348709404468536,84.51156616210938,-1.4901161193847656e-08,0.0,0.0,1.0,3365.458984375,3365.458984375,0.3313373029232025,0.06866270303726196,0.0,asphalt,492,120.70656858396663,259.26208579316636,120.70653854372043,39.8170051574707,0.594795823097229,0.0004059189076217269,0.014937125069903958,12.67706064415439,-584.2156606844771,0.0,0.0,-0.0,2527.66796875,True,0.0,491,9.307675909114819e-12,0.00024989301429686935,0.013818545856944437,True,492,121.23089772718605,259.53567853579204,121.23086768693985,39.99533462524414,0.5946389436721802,0.00027157229284436186,0.01486661232680371,9.529783792084086,-782.9698479823035,0.0,0.0,-0.0,3373.32568359375,True,0.0,491,1.9492817034284778e-11,0.00014077872639263928,0.013878814846143972,True,492,120.70649681649434,258.8335164181389,120.70646677624813,39.81721115112305,0.8283110857009888,0.0004001485252097415,0.020799840236037176,8.50837411040374,-819.0037306127431,41.62567020355241,41.514,41.514,2514.29638671875,True,0.0,491,8.049367317447817e-12,0.00017134538711633329,0.01978956585261901,True,492,121.22494891335029,259.11838446737556,121.22491887310409,39.99553680419922,0.8281542062759399,0.00021743269127638226,0.02070320708603263,7.113146647793903,-1095.608528508411,41.62567020355241,41.514,41.514,3358.220947265625,True,0.0,491,1.8365708605665823e-12,0.0001072602211328323,0.019822420670494584,True,492
2.150000000000,258,held_throttle,0.0,0.15,0.0,1,-0.7352821230888367,87.22461700439453,0.41900432109832764,3.4481329917907715,39.869529724121094,-0.005708407144993544,0.5723249316215515,asphalt,0.0,0.15,0.0,4712.609150703365,4,-0.6356099247932434,-3.0442843437194824,668.0993231746452,160.0,-0.0,6040.76489662682,5731.23510337318,0.1168593019247055,1.155240324237547,False,-0.0,True,0,0,-1.5816452503204346,39.84653854370117,0.08230436593294144,False,True,-1.6583997011184692,88.60298156738281,1.1175870895385742e-08,0.0,0.0,1.0,2477.178955078125,2477.178955078125,0.3474442660808563,0.052555739879608154,0.0,asphalt,True,0.018546143546700478,88.70565032958984,-7.450580596923828e-09,0.0,0.0,1.0,3414.177490234375,3414.177490234375,0.33040836453437805,0.06959164142608643,0.0,asphalt,True,-1.5239481925964355,86.40708923339844,-1.4901161193847656e-08,0.0,0.0,1.0,2470.9130859375,2470.9130859375,0.347652405500412,0.05234760046005249,0.0,asphalt,True,0.1529974490404129,86.50977325439453,-7.450580596923828e-09,0.0,0.0,1.0,3411.312744140625,3411.312744140625,0.3306165039539337,0.06938350200653076,0.0,asphalt,498,120.57083620500408,265.29372144546954,120.57149792465272,39.77178192138672,0.6536469459533691,0.00041723114889431843,0.01643346293033056,12.845159184037803,-629.8657237464096,0.0,0.0,-0.0,2484.785888671875,True,0.0,497,1.7566660341039263e-12,0.0002584170502228762,0.015204684984014939,True,498,121.14705304632298,265.5949624584776,121.14771476597161,39.96775436401367,0.6534576416015625,0.0002695458237356887,0.016348164565590326,9.38629084405303,-866.9956316814398,0.0,0.0,-0.0,3408.04736328125,True,0.0,497,2.212532902203591e-11,0.00013769461773853757,0.015261154706823817,True,498,120.59331337165298,264.8657602657656,120.59397509130162,39.772029876708984,0.9102643728256226,0.0005974936660303367,0.02288305344906163,17.432899533619874,-882.104559605731,44.30666149880493,41.514,41.514,2477.34423828125,True,0.0,497,2.3379719599103356e-11,0.00035863429774877185,0.02177282952176378,True,498,121.15672079623947,265.17780876841834,121.1573825158881,39.96800231933594,0.9100731611251831,0.0003431630961563905,0.022766109734587016,15.702404131542911,-1213.0915115692344,44.30666149880493,41.514,41.514,3403.42236328125,True,0.0,497,2.357495136535378e-11,0.00023515307551406458,0.021796689505101226,True,498
2.200000000000,264,held_throttle,0.0,0.15,0.0,1,-0.8176015615463257,89.2160873413086,0.41903284192085266,3.7957687377929688,39.83281326293945,-0.0033887310419231653,0.6263077855110168,asphalt,0.0,0.15,0.0,4706.138377744014,4,-0.6245731115341187,-3.3299431800842285,666.9293038695166,160.0,-0.0,6037.808570047196,5734.191429952804,0.12837615609169006,1.2712024935253203,False,-0.0,True,0,0,-1.7397778034210205,39.80495834350586,0.08236467838287354,False,True,-1.7488785982131958,90.58846282958984,3.725290298461914e-09,0.0,0.0,1.0,2429.242919921875,2429.242919921875,0.3483295142650604,0.05167049169540405,0.0,asphalt,True,-0.07258038222789764,90.70147705078125,7.450580596923828e-09,0.0,0.0,1.0,3453.591552734375,3453.591552734375,0.3296864926815033,0.07031351327896118,0.0,asphalt,True,-1.6008952856063843,88.3934555053711,-7.450580596923828e-09,0.0,0.0,1.0,2430.194580078125,2430.194580078125,0.3484407961368561,0.0515592098236084,0.0,asphalt,True,0.0754028931260109,88.5064697265625,7.450580596923828e-09,0.0,0.0,1.0,3460.287109375,3460.287109375,0.3297978341579437,0.07020217180252075,0.0,asphalt,504,120.43247780462217,271.31853275564254,120.43348466490816,39.7254753112793,0.7188562154769897,0.0004340379595439971,0.0180936228438983,13.180109802741901,-677.7555512255677,0.0,0.0,-0.0,2437.488525390625,True,0.0,503,1.1391717549885036e-11,0.0002713736222873583,0.016744120586094223,True,504,121.06531174780358,271.65014537401447,121.06631860808957,39.940765380859375,0.7186262607574463,0.0002700873609441742,0.01799035956644233,9.354286387323095,-961.1214076801037,0.0,0.0,-0.0,3446.68359375,True,0.0,503,4.0590488765577315e-11,0.0001362248870125386,0.01679439862656394,True,504,120.47096957991121,270.89211409728966,120.47197644019721,39.72578048706055,1.000760555267334,0.0007461017492107631,0.02518638833130949,23.516389287587124,-947.8542509993696,46.09139878861769,41.514,41.514,2437.256591796875,True,0.0,503,5.903112086271654e-11,0.0004956108301019009,0.02396678557457126,True,504,121.08504591101286,271.23375086343907,121.08605277129885,39.94106674194336,1.000530481338501,0.00042558724835052423,0.02504493145550655,21.458749246624578,-1343.0647391605382,46.09139878861769,41.514,41.514,3451.9482421875,True,0.0,503,8.405751984327187e-11,0.00031931747886602854,0.023978015527660903,True,504
2.250000000000,270,held_throttle,0.0,0.15,0.0,1,-0.9081293940544128,91.2054443359375,0.4190641939640045,4.177657604217529,39.795494079589844,-0.00027975262491963804,0.6852787137031555,asphalt,0.0,0.15,0.0,4700.690966062993,4,-0.6153818368911743,-3.6395833492279053,665.7540586928883,160.0,-0.0,6035.030166660375,5736.969833339625,0.14103595912456512,1.3995253915389467,False,-0.0,True,0,0,-1.9126191139221191,39.761810302734375,0.08240892738103867,False,True,-1.848320722579956,92.57122039794922,1.1175870895385742e-08,0.0,0.0,1.0,2377.930419921875,2377.930419921875,0.34930387139320374,0.05069613456726074,0.0,asphalt,True,-0.17280583083629608,92.6955795288086,-7.450580596923828e-09,0.0,0.0,1.0,3498.114501953125,3498.114501953125,0.32890668511390686,0.07109332084655762,0.0,asphalt,True,-1.6854783296585083,90.37725830078125,2.9802322387695312e-08,0.0,0.0,1.0,2385.210693359375,2385.210693359375,0.3492942750453949,0.05070573091506958,0.0,asphalt,True,-0.0099634462967515,90.50162506103516,-2.9802322387695312e-08,0.0,0.0,1.0,3511.61865234375,3511.61865234375,0.3288971483707428,0.07110285758972168,0.0,asphalt,510,120.28997940638864,277.3363300445217,120.2910128297407,39.67759323120117,0.7910964488983154,0.00045617617988097397,0.01993547445028843,13.676624580026068,-727.8885609560186,0.0,0.0,-0.0,2386.696044921875,True,0.0,509,3.5762982455929726e-12,0.0002889774065203974,0.01845362971974795,True,510,120.98481356462644,277.7012913184801,120.98584698797849,39.91411590576172,0.7908194065093994,0.00027239913294525495,0.01981043379350562,9.416604825103855,-1066.711653360569,0.0,0.0,-0.0,3490.314208984375,True,0.0,509,7.538634645661536e-11,0.00013606959177302414,0.018494623779714572,True,510,120.34028374254139,276.91212904660466,120.34131716589344,39.677955627441406,1.1007994413375854,0.0008654177629431052,0.02773623610967452,27.778091036016207,-1015.4362630003623,47.28210571700844,41.514,41.514,2393.031005859375,True,0.0,509,1.1212618466368036e-10,0.0006018931056878264,0.026396722087904233,True,510,121.01101648052631,277.28605357722205,121.01204990387836,39.91447448730469,1.1005213260650635,0.00048005019520144327,0.02756500216887248,25.347563802101707,-1486.1212522176138,47.28210571700844,41.514,41.514,3502.90869140625,True,0.0,509,2.0033913254414432e-10,0.0003751902006155638,0.026390639403102007,True,510
2.300000000000,276,held_throttle,0.0,0.15,0.0,1,-1.0076253414154053,93.1926040649414,0.41909751296043396,4.597278594970703,39.75721740722656,0.002758612623438239,0.7494215965270996,asphalt,0.0,0.15,0.0,4695.781112468451,4,-0.6080566644668579,-3.9744105339050293,664.5650641549564,160.0,-0.0,6032.533020656778,5739.466979343222,0.15502476692199707,1.5418054680126456,False,-0.0,True,0,0,-2.101348400115967,39.71657180786133,0.0824345275759697,False,True,-1.9575490951538086,94.55107879638672,3.725290298461914e-09,0.0,0.0,1.0,2323.60986328125,2323.60986328125,0.3503539264202118,0.049646079540252686,0.0,asphalt,True,-0.2829817831516266,94.68789672851562,0.0,0.0,0.0,1.0,3548.09619140625,3548.09619140625,0.32804980874061584,0.07195019721984863,0.0,asphalt,True,-1.7783863544464111,92.35838317871094,-3.725290298461914e-09,0.0,0.0,1.0,2335.4326171875,2335.4326171875,0.35023048520088196,0.04976952075958252,0.0,asphalt,True,-0.10381908714771271,92.49520874023438,3.725290298461914e-08,0.0,0.0,1.0,3565.306396484375,3565.306396484375,0.32792630791664124,0.07207369804382324,0.0,asphalt,516,120.14192310985867,283.3468546359314,120.14276826571198,39.627628326416016,0.8712410926818848,0.00048466942505716337,0.021982157212697917,14.359912254972434,-780.2087975432713,0.0,0.0,-0.0,2332.870361328125,True,0.0,515,4.493699720997651e-12,0.0003122384007434811,0.020354790292624592,True,516,120.9049906815834,283.74843315128703,120.90583583743671,39.88760757446289,0.8709073066711426,0.00027676140864113394,0.021830563545347438,9.555055227253469,-1185.2310090478254,0.0,0.0,-0.0,3539.380615234375,True,0.0,515,1.4615309654205594e-10,0.00013695120403759572,0.020382467427912103,True,516,120.20141859747459,282.9253813148171,120.2022637533279,39.62806701660156,1.211660385131836,0.0009690384481526093,0.030566290564855755,30.88175138480046,-1084.0158222440698,48.07948535895554,41.514,41.514,2344.076904296875,True,0.0,515,1.8666489719265738e-10,0.000690912533908881,0.029094804778141824,True,516,120.93531511813163,283.3346059366081,120.93616027398494,39.88804626464844,1.21132493019104,0.0005166391003027117,0.03035878863656868,28.022645181196374,-1643.1582962473447,48.07948535895554,41.514,41.514,3556.17724609375,True,0.0,515,3.7528761176319e-10,0.00041318907949322055,0.02906551582116188,True,516
2.350000000000,282,held_throttle,0.0,0.15,0.0,1,-1.1169095039367676,95.17745208740234,0.41913190484046936,5.058685779571533,39.7176513671875,0.0051845042034983635,0.8189293146133423,asphalt,0.0,0.15,0.0,4691.119223605909,4,-0.6009758710861206,-4.335799217224121,663.354973788826,160.0,-0.0,6030.301618591525,5741.698381408475,0.17056484520435333,1.7000946855866976,False,-0.0,True,0,0,-2.3072047233581543,39.668724060058594,0.08244603872299194,False,True,-2.0774550437927246,96.52783203125,-1.862645149230957e-08,0.0,0.0,1.0,2266.23095703125,2266.23095703125,0.35147228837013245,0.04852771759033203,0.0,asphalt,True,-0.4040346145629883,96.6783676147461,-1.4901161193847656e-08,0.0,0.0,1.0,3603.50537109375,3603.50537109375,0.3271028697490692,0.07289713621139526,0.0,asphalt,True,-1.880355715751648,94.33667755126953,1.4901161193847656e-08,0.0,0.0,1.0,2280.64306640625,2280.64306640625,0.3512606918811798,0.04873931407928467,0.0,asphalt,True,-0.2069353461265564,94.48721313476562,7.450580596923828e-09,0.0,0.0,1.0,3621.804443359375,3621.804443359375,0.3268912136554718,0.07310879230499268,0.0,asphalt,522,119.98686026205745,289.3497803429634,119.98742109205544,39.5750846862793,0.9604260921478271,0.000520003945987703,0.024263690557009384,15.194040178239318,-834.5495915882253,0.0,0.0,-0.0,2276.022216796875,True,0.0,521,6.265764557860616e-12,0.00034105277997844495,0.022475459650564186,True,522,120.8254407632867,289.7915838502058,120.82600159328469,39.86112594604492,0.9600186347961426,0.00028271920504552127,0.02407942724196868,9.730555386604893,-1318.291404323105,0.0,0.0,-0.0,3593.90576171875,True,0.0,521,2.7252017781814015e-10,0.00013832640921726349,0.022484692087951504,True,522,120.05406819145422,288.9314463642756,120.05462902145221,39.57561111450195,1.3349671363830566,0.0010671064195510427,0.033719280950928736,33.258106936704465,-1152.726606737983,48.61671971892828,41.514,41.514,2290.1298828125,True,0.0,521,2.866734916594175e-10,0.0007720942309672114,0.032101928613323,True,522,120.85839677713818,289.37932875046465,120.85895760713618,39.861656188964844,1.334559440612793,0.0005422440901174195,0.03346727831462671,29.89096477586161,-1815.346978508631,48.61671971892828,41.514,41.514,3612.16015625,True,0.0,521,6.332497005267885e-10,0.0004398090719684867,0.03204176871641138,True,522
2.400000000000,288,held_throttle,0.0,0.15,0.0,1,-1.2368649244308472,97.15984344482422,0.41916677355766296,5.566623210906982,39.6764030456543,0.006789318285882473,0.8940439224243164,asphalt,0.0,0.15,0.0,4686.530354989006,4,-0.5958490967750549,-4.725500106811523,662.1165961951847,160.0,-0.0,6028.2756821140065,5743.7243178859935,0.1879136711359024,1.8770145647479248,False,-0.0,True,0,0,-2.531486749649048,39.617671966552734,0.08245085179805756,False,True,-2.2090022563934326,98.50122833251953,7.450580596923828e-09,0.0,0.0,1.0,2205.393310546875,2205.393310546875,0.3526593744754791,0.04734063148498535,0.0,asphalt,True,-0.5369721055030823,98.66683197021484,1.4901161193847656e-08,0.0,0.0,1.0,3664.1220703125,3664.1220703125,0.3260587751865387,0.07394123077392578,0.0,asphalt,True,-1.99216890335083,96.31194305419922,3.725290298461914e-08,0.0,0.0,1.0,2220.779296875,2220.779296875,0.35239139199256897,0.04760861396789551,0.0,asphalt,True,-0.3201387822628021,96.4775390625,-3.725290298461914e-08,0.0,0.0,1.0,3681.804443359375,3681.804443359375,0.3257909119129181,0.07420909404754639,0.0,asphalt,528,119.82325888654562,295.34471441580513,119.82353628865788,39.51935577392578,1.0601258277893066,0.0005647778967338306,0.026819051717860608,16.22629495579483,-890.6137448700608,0.0,0.0,-0.0,2215.79296875,True,0.0,527,1.3563477773052426e-11,0.00037740518549411067,0.02485247868345371,True,528,120.74575838723703,295.83074463189456,120.74603578934929,39.834495544433594,1.0596325397491455,0.0002913234671613991,0.026594605930669053,9.959246199292872,-1467.7187184305485,0.0,0.0,-0.0,3653.666259765625,True,0.0,527,5.169560859070342e-10,0.0001404697630309346,0.02483654313983825,True,528,119.89748812950499,294.92988006081345,119.89776553161725,39.52000045776367,1.4727604389190674,0.001168285031330507,0.037248967970982386,35.24183153452389,-1220.5917897014183,48.98212980179794,41.514,41.514,2231.104736328125,True,0.0,527,4.0936962847884345e-10,0.0008537807554241329,0.03546969050701209,True,528,120.78041862279338,295.4201652573193,120.78069602490564,39.83514404296875,1.4722683429718018,0.0005621694885528525,0.036942216956182765,31.25591148369568,-2004.043356118551,48.98212980179794,41.514,41.514,3671.53125,True,0.0,527,9.978032709385763e-10,0.0004598833464185989,0.035368995428378666,True,528
2.450000000000,294,held_throttle,0.0,0.15,0.0,1,-1.3684422969818115,99.13961791992188,0.41920188069343567,6.126655101776123,39.63523864746094,0.0080583356320858,0.9750444293022156,asphalt,0.0,0.15,0.0,4475.754670078397,5,-0.4749239683151245,-5.143795490264893,660.8836973164288,160.0,-0.0,6024.553679279344,5747.446320720656,0.2074633538722992,2.075792511115509,False,-0.0,True,0,0,-2.7757644653320312,39.56496810913086,0.08245408535003662,False,True,-2.3532354831695557,100.47100830078125,-2.60770320892334e-08,0.0,0.0,1.0,2137.284912109375,2137.284912109375,0.3539370000362396,0.046063005924224854,0.0,asphalt,True,-0.6828940510749817,100.6532211303711,-2.9802322387695312e-08,0.0,0.0,1.0,3723.937255859375,3723.937255859375,0.3249312937259674,0.07506871223449707,0.0,asphalt,True,-2.114657163619995,98.28398895263672,-2.60770320892334e-08,0.0,0.0,1.0,2159.24658203125,2159.24658203125,0.353609174489975,0.0463908314704895,0.0,asphalt,True,-0.44431546330451965,98.46620178222656,-2.2351741790771484e-08,0.0,0.0,1.0,3751.581298828125,3751.581298828125,0.32460346817970276,0.07539653778076172,0.0,asphalt,534,119.65205176808608,301.33121863249636,119.65286450267972,39.46197509765625,1.1721265316009521,0.0005879580470754368,0.029693952429479514,16.10260343460685,-946.8200649071505,0.0,0.0,-0.0,2149.4697265625,True,0.0,533,1.2350872549196855e-11,0.00039024438919743864,0.027528309710725164,True,534,120.66941325893569,301.86594511679573,120.67022599352933,39.809913635253906,1.1715259552001953,0.0002761307220003037,0.029419504858804686,8.329309705425409,-1633.5688122168851,0.0,0.0,-0.0,3714.466064453125,True,0.0,533,8.387525249790707e-10,0.00011678500042582057,0.027478145052158065,True,534,119.93870778421729,300.92393871249976,119.93952051881092,39.46276092529297,1.6276881694793701,0.0029651408253025275,0.04122281459639105,103.28933068141228,-1287.0083390233456,41.02658550848756,4.98168,4.98168,2169.299072265625,True,0.0,533,8.255984958092136e-09,0.0026271829485494127,0.039262163082026694,True,534,120.84711810723182,301.45991123334903,120.84793084182546,39.810699462890625,1.627086877822876,0.0017294223267807275,0.04084785853575721,110.55315068591726,-2212.359671152448,41.02658550848756,4.98168,4.98168,3738.830078125,True,0.0,533,4.349881757053633e-08,0.001629471570976923,0.03911029838305843,True,534
2.500000000000,300,held_throttle,0.0,0.15,0.0,1,-1.5126802921295166,101.11677551269531,0.4192371368408203,6.745145320892334,39.594390869140625,0.011690055951476097,1.0622162818908691,asphalt,0.0,0.15,0.0,4186.818542029449,5,-0.49424266815185547,-5.594883441925049,659.7443998885542,160.0,-0.0,6016.227292170504,5755.772707829496,0.22908250987529755,2.3004798382316207,False,-0.0,True,0,0,-3.0415878295898438,39.510623931884766,0.08245972543954849,False,True,-2.511293888092041,102.43704986572266,-7.450580596923828e-09,0.0,0.0,1.0,2062.926513671875,2062.926513671875,0.35535141825675964,0.044648587703704834,0.0,asphalt,True,-0.8430060148239136,102.63758850097656,3.725290298461914e-08,0.0,0.0,1.0,3787.885009765625,3787.885009765625,0.32375720143318176,0.07624280452728271,0.0,asphalt,True,-2.248724937438965,100.25277709960938,2.2351741790771484e-08,0.0,0.0,1.0,2094.304931640625,2094.304931640625,0.35487696528434753,0.04512304067611694,0.0,asphalt,True,-0.5804374814033508,100.45331573486328,1.4901161193847656e-08,0.0,0.0,1.0,3827.10791015625,3827.10791015625,0.323282927274704,0.0767170786857605,0.0,asphalt,540,119.4807658897341,307.3092395800459,119.48187648294035,39.403194427490234,1.2993974685668945,0.0006460977718156342,0.0329650113838836,17.11332914353421,-1002.1599710465009,0.0,0.0,-0.0,2075.431396484375,True,0.0,539,1.5736037308325876e-11,0.0004352892522656999,0.030579215623425,True,540,120.60331215201798,307.89772407933583,120.60442274522423,39.78739547729492,1.2986650466918945,0.00029400097017374455,0.032628528116628704,8.830134593920109,-1818.6010283188184,0.0,0.0,-0.0,3776.392822265625,True,0.0,539,1.6368392594524808e-09,0.00012338001949104018,0.030483276156705468,True,540,119.75088770391244,306.91649679256744,119.75199829711869,39.40415573120117,1.8024282455444336,0.002883888995493858,0.04571022247141227,93.88706952902422,-1352.8302226878948,29.15142672274316,4.98168,4.98168,2105.7119140625,True,0.0,539,6.624354498176393e-09,0.002520175095389632,0.043548661258759065,True,540,120.73693968044574,307.4995722091915,120.738050273652,39.788360595703125,1.8016955852508545,0.0013780285998989705,0.045251064325531394,86.19257175468219,-2442.554646934075,29.15142672274316,4.98168,4.98168,3814.64501953125,True,0.0,539,2.9154530351778912e-08,0.0012749281386164768,0.04332808681567455,True,540
2.550000000000,306,held_throttle,0.0,0.15,0.0,1,-1.670670509338379,103.0910415649414,0.4192727208137512,7.4282941818237305,39.54799270629883,0.015132824890315533,1.155930995941162,asphalt,0.0,0.15,0.0,4009.401951891437,5,-0.5273493528366089,-6.073432922363281,658.4800895265737,160.0,-0.0,6012.436003628767,5759.563996371233,0.25326335430145264,2.5551548140582314,False,-0.0,True,0,0,-3.3297617435455322,39.448577880859375,0.08246690034866333,False,True,-2.684349536895752,104.39885711669922,-7.450580596923828e-09,0.0,0.0,1.0,1987.134765625,1987.134765625,0.356852263212204,0.0431477427482605,0.0,asphalt,True,-1.018561601638794,104.61961364746094,2.2351741790771484e-08,0.0,0.0,1.0,3862.541015625,3862.541015625,0.3224771320819855,0.077522873878479,0.0,asphalt,True,-2.3953146934509277,102.21792602539062,-2.2351741790771484e-08,0.0,0.0,1.0,2021.0631103515625,2021.0631103515625,0.35625579953193665,0.04374420642852783,0.0,asphalt,True,-0.7295268774032593,102.43867492675781,7.450580596923828e-09,0.0,0.0,1.0,3901.30126953125,3901.30126953125,0.32188066840171814,0.07811933755874634,0.0,asphalt,546,119.29186205650824,313.27826097002577,119.29242530526737,39.336692810058594,1.4439430236816406,0.0007530289526921059,0.0366908072253045,19.609521102003292,-1058.0880159664882,0.0,0.0,-0.0,1999.857177734375,True,0.0,545,2.981807215418474e-11,0.0005262509306309546,0.03406127757302611,True,546,120.52860750132609,313.92598381479456,120.52917075008523,39.76145553588867,1.4430480003356934,0.0003265710315162576,0.03627671342323911,10.150064091755837,-2028.964827010348,0.0,0.0,-0.0,3849.494384765625,True,0.0,545,3.3498239800654667e-09,0.00014139833371162893,0.033905082994145214,True,546,119.49672972567438,312.89712554803197,119.49729297443352,39.33786392211914,2.0000667572021484,0.0024418429923795206,0.05079955564201456,71.57020185213862,-1411.3206626978754,21.34107009404445,4.98168,4.98168,2033.809814453125,True,0.0,545,3.2204594277778864e-09,0.00204762294586609,0.048415583149801086,True,546,120.61760680425306,313.5331997400852,120.6181700530122,39.762630462646484,1.9991731643676758,0.0010356403054297837,0.050235388290576055,62.08845939448406,-2687.306416097598,21.34107009404445,4.98168,4.98168,3888.96142578125,True,0.0,545,1.6100858771559272e-08,0.0009269170190726361,0.04810533273896037,True,546
2.600000000000,312,held_throttle,0.0,0.15,0.0,1,-1.8435537815093994,105.0620346069336,0.4193084239959717,8.184369087219238,39.4956169128418,0.0165533646941185,1.256081461906433,asphalt,0.0,0.15,0.0,3899.4933384117276,5,-0.5463051199913025,-6.576587677001953,657.0865661379753,160.0,-0.0,6011.446587736097,5760.553412263903,0.28074464201927185,2.845725885316563,False,-0.0,True,0,0,-3.64139461517334,39.378292083740234,0.082450270652771,False,True,-2.8736510276794434,106.3558349609375,1.1175870895385742e-08,0.0,0.0,1.0,1909.8924560546875,1909.8924560546875,0.35840752720832825,0.04159247875213623,0.0,asphalt,True,-1.210914134979248,106.59893798828125,-1.4901161193847656e-08,0.0,0.0,1.0,3944.63720703125,3944.63720703125,0.3210643231868744,0.07893568277359009,0.0,asphalt,True,-2.555363416671753,104.17898559570312,1.1175870895385742e-08,0.0,0.0,1.0,1940.8011474609375,1940.8011474609375,0.3577714264392853,0.0422285795211792,0.0,asphalt,True,-0.8926265239715576,104.4220962524414,-7.450580596923828e-09,0.0,0.0,1.0,3975.88232421875,3975.88232421875,0.3204282224178314,0.07957178354263306,0.0,asphalt,552,119.07955367973108,319.23718039964893,119.07936494860832,39.26150131225586,1.609032392501831,0.0008851266735577109,0.04095952581529005,22.39752422886597,-1113.6835601932148,0.0,0.0,-0.0,1922.8880615234375,True,0.0,551,5.326361477567269e-11,0.0006381068353278719,0.03805631255219211,True,552,120.44456496264266,319.9502188132331,120.4443762315199,39.73237609863281,1.6079330444335938,0.00036067158439492223,0.04044701746744064,11.277434333516368,-2265.280586200009,0.0,0.0,-0.0,3930.56982421875,True,0.0,551,6.606716330498509e-09,0.00015697823430856436,0.037820323961443546,True,552,119.2377901939301,318.8648735514888,119.23760146280733,39.26294708251953,2.225497245788574,0.0021782287839386613,0.05662128317554348,56.6946554421032,-1460.231587194921,16.203416134338436,4.98168,4.98168,1954.5859375,True,0.0,551,1.8500773185387643e-09,0.0017484470246013752,0.053987239429315624,True,552,120.50423270125347,319.56101105977336,120.50404397013071,39.73381805419922,2.224395751953125,0.0008199246588885512,0.05592405775187611,46.42350218938313,-2946.2890192942114,16.203416134338436,4.98168,4.98168,3963.343017578125,True,0.0,551,9.050096477439771e-09,0.0007039421050621125,0.05355993915104795,True,552
2.650000000000,318,held_throttle,0.0,0.15,0.0,1,-2.0325241088867188,107.02934265136719,0.4193428158760071,9.02358341217041,39.43659973144531,0.0157412588596344,1.3621772527694702,asphalt,0.0,0.15,0.0,3830.514601600174,5,-0.5539008378982544,-7.101832866668701,655.567535902817,160.0,-0.0,6011.632654666001,5760.367345333999,0.3121810257434845,3.1802658405685666,False,-0.0,True,0,0,-3.977461576461792,39.29914093017578,0.08238940685987473,False,True,-3.0805158615112305,108.30733489990234,-7.450580596923828e-09,0.0,0.0,1.0,1830.649169921875,1830.649169921875,0.36000779271125793,0.03999221324920654,0.0,asphalt,True,-1.421515941619873,108.57521057128906,2.2351741790771484e-08,0.0,0.0,1.0,4031.264404296875,4031.264404296875,0.31952473521232605,0.08047527074813843,0.0,asphalt,True,-2.7298107147216797,106.13545989990234,-7.450580596923828e-09,0.0,0.0,1.0,1855.4315185546875,1855.4315185546875,0.3594152629375458,0.0405847430229187,0.0,asphalt,True,-1.0708109140396118,106.4033432006836,1.4901161193847656e-08,0.0,0.0,1.0,4052.701171875,4052.701171875,0.3189321458339691,0.08106786012649536,0.0,asphalt,558,118.84124474145395,325.18475728827326,118.84047807950449,39.17648696899414,1.7994165420532227,0.001049706057569962,0.04589877487416044,25.48259899837866,-1167.680496091691,0.0,0.0,-0.0,1844.01708984375,True,0.0,557,8.807291400303433e-11,0.000776777684947914,0.04268687817608514,True,558,120.35150874173081,325.9699737661072,120.35074207978136,39.70010757446289,1.798058032989502,0.00040025862092375546,0.045260081548953175,12.321284897680409,-2528.0984770241857,0.0,0.0,-0.0,4016.612548828125,True,0.0,557,1.2541643940209456e-08,0.00017208233347575056,0.04234438613437117,True,558,118.96964923598794,324.81942188367367,118.96888257403849,39.17826843261719,2.484915018081665,0.0020857434115390356,0.06334100509740426,47.93603750438072,-1498.2053575557177,12.823484465907287,4.98168,4.98168,1869.9295654296875,True,0.0,557,1.2175057261621178e-09,0.0016130409584235845,0.06042363747945277,True,558,120.39211760897072,325.5831747499077,120.39135094702127,39.70188903808594,2.4835541248321533,0.0006929084116882413,0.0624736574218086,36.484881393352325,-3218.745093586546,12.823484465907287,4.98168,4.98168,4039.683837890625,True,0.0,557,4.943982855962237e-09,0.0005659495034161892,0.05984304873781817,True,558
2.700000000000,324,held_throttle,0.0,0.15,0.0,1,-2.2388195991516113,108.99249267578125,0.4193735718727112,9.958019256591797,39.36970901489258,0.01336505264043808,1.4735291004180908,asphalt,0.0,0.15,0.0,3786.278595037484,5,-0.5541532039642334,-7.644176006317139,653.917750192039,160.0,-0.0,6012.032785754595,5759.967214245405,0.3482089638710022,3.5689985094556134,False,-0.0,True,0,0,-4.338667869567871,39.210147857666016,0.08227808773517609,False,True,-3.3063127994537354,110.25257873535156,2.9802322387695312e-08,0.0,0.0,1.0,1749.0250244140625,1749.0250244140625,0.36165449023246765,0.038345515727996826,0.0,asphalt,True,-1.6519094705581665,110.54798889160156,2.2351741790771484e-08,0.0,0.0,1.0,4120.04541015625,4120.04541015625,0.31788119673728943,0.08211880922317505,0.0,asphalt,True,-2.9195873737335205,108.08683776855469,1.4901161193847656e-08,0.0,0.0,1.0,1767.001953125,1767.001953125,0.36115971207618713,0.038840293884277344,0.0,asphalt,True,-1.2651844024658203,108.38224792480469,0.0,0.0,0.0,1.0,4132.74462890625,4132.74462890625,0.3173864185810089,0.08261358737945557,0.0,asphalt,564,118.57351520802156,331.1196170469938,118.57248793966399,39.07992935180664,2.0212836265563965,0.001262301842881788,0.05167573585932604,28.999035342815922,-1218.2584278649258,0.0,0.0,-0.0,1762.787109375,True,0.0,563,1.3901451342313127e-10,0.0009551550152689745,0.04811446572972964,True,564,120.24816786796727,331.984782409491,120.2471405996097,39.66401290893555,2.0195908546447754,0.0004508491749109524,0.05087352726845845,13.465733728870704,-2817.0712842056473,0.0,0.0,-0.0,4105.1884765625,True,0.0,563,2.290632466250554e-08,0.00018987076726323406,0.04762978036996218,True,564,118.68466160765635,330.7601164177509,118.68363433929878,39.08214569091797,2.7858948707580566,0.002144013286049023,0.07116268883095123,43.52465848535583,-1523.9165707669604,10.599752641819006,4.98168,4.98168,1781.866943359375,True,0.0,563,8.783513460405727e-10,0.0016191321231248546,0.06792360774165795,True,564,120.27663390428933,331.5996411603354,120.27560663593175,39.666229248046875,2.7842025756835938,0.0006317701693271142,0.07007582388696898,30.483571810681156,-3502.035238342867,10.599752641819006,4.98168,4.98168,4119.1767578125,True,0.0,563,2.5962831891639433e-09,0.0004877627321094728,0.0671415301858152,True,564
2.750000000000,330,held_throttle,0.0,0.15,0.0,1,-2.4636969566345215,110.950927734375,0.41939809918403625,11.00135612487793,39.29016876220703,0.009359627962112427,1.5891518592834473,asphalt,0.0,0.15,0.0,3755.6512139321967,5,-0.6295316219329834,-8.193462371826172,652.0504636696508,160.0,-0.0,6015.173085612452,5756.826914387548,0.38933148980140686,4.0245399427407555,False,-0.0,True,0,0,-4.724715709686279,39.10722732543945,0.08211320638656616,False,True,-3.5524168014526367,112.19066619873047,-3.725290298461914e-09,0.0,0.0,1.0,1669.377197265625,1669.377197265625,0.36332032084465027,0.03667968511581421,0.0,asphalt,True,-1.903687834739685,112.51673889160156,-1.4901161193847656e-08,0.0,0.0,1.0,4215.24658203125,4215.24658203125,0.3161373436450958,0.08386266231536865,0.0,asphalt,True,-3.1255857944488525,110.032470703125,1.4901161193847656e-08,0.0,0.0,1.0,1673.634521484375,1673.634521484375,0.3629961311817169,0.03700387477874756,0.0,asphalt,True,-1.4768567085266113,110.3585433959961,-7.450580596923828e-09,0.0,0.0,1.0,4209.18017578125,4209.18017578125,0.3158130943775177,0.08418691158294678,0.0,asphalt,570,118.26747047625622,337.04009595302114,118.26570561252674,38.96664810180664,2.282409191131592,0.0015812793339814672,0.058506555371492165,34.211180554940405,-1265.7552105913396,0.0,0.0,-0.0,1682.67626953125,True,0.0,569,2.2767245609100478e-10,0.001229919637874921,0.054551731636317075,True,570,120.124673810173,337.99392899412766,120.12290894644352,39.619754791259766,2.2802910804748535,0.0005398207588615,0.05749097279747561,16.448331610467342,-3134.046514821708,0.0,0.0,-0.0,4199.5537109375,True,0.0,569,4.323726002426778e-08,0.0002358623922190094,0.05387695377948612,True,570,118.14002006631556,336.6787792187696,118.13825520258608,38.96942138671875,3.137326240539551,0.00043072836516651325,0.08033412448065848,-3.742817333115127,-1533.5210194325828,19.62087313071427,33.2112,33.2112,1689.1962890625,True,0.0,569,6.294100356927254e-12,-0.00015637030948725852,0.07673140259701343,True,570,120.03296309773776,337.60577889187033,120.03119823400829,39.622528076171875,3.1352081298828125,-0.0002940310597045758,0.07896238587158769,-27.85760556177005,-3785.670625962874,19.62087313071427,33.2112,33.2112,4196.26708984375,True,0.0,569,3.0996945846730764e-08,-0.00046499114685314373,0.07568236134785035,True,570
2.800000000000,336,held_throttle,0.0,0.15,0.0,1,-2.708390951156616,112.9039306640625,0.4194135069847107,12.169638633728027,39.19773483276367,0.0037527759559452534,1.707396149635315,asphalt,0.0,0.15,0.0,3733.452823534105,5,-0.5870804786682129,-8.73471736907959,649.9729215685875,160.0,-0.0,6018.32421253486,5753.67578746514,0.4367523491382599,4.562142015250848,False,-0.0,True,0,0,-5.135471343994141,38.99136734008789,0.08187773823738098,False,True,-3.820185899734497,114.1204605102539,0.0,0.0,0.0,1.0,1588.26416015625,1588.26416015625,0.36499086022377014,0.035009145736694336,0.0,asphalt,True,-2.1784908771514893,114.48074340820312,-7.450580596923828e-09,0.0,0.0,1.0,4304.349609375,4304.349609375,0.3143315017223358,0.08566850423812866,0.0,asphalt,True,-3.348598003387451,111.97160339355469,2.9802322387695312e-08,0.0,0.0,1.0,1583.1734619140625,1583.1734619140625,0.3648795783519745,0.03512042760848999,0.0,asphalt,True,-1.7069028615951538,112.33187866210938,-2.9802322387695312e-08,0.0,0.0,1.0,4289.72900390625,4289.72900390625,0.31422027945518494,0.08577972650527954,0.0,asphalt,576,117.91497440090315,342.94398041985386,117.91346216214733,38.83561706542969,2.591719627380371,0.0019653218523542726,0.06663682821200942,39.101074587663156,-1305.7430770238204,0.0,0.0,-0.0,1601.8900146484375,True,0.0,575,3.0842126956556875e-10,0.0015550627998868203,0.062235330702894935,True,576,119.97887004544123,343.99621503105243,119.9773578066854,39.568321228027344,2.5890583992004395,0.0006243855236082998,0.06533946419356118,17.805524424551074,-3467.26619487435,0.0,0.0,-0.0,4290.12353515625,True,0.0,575,6.897396782213524e-08,0.00026267370989305547,0.06130356740875953,True,576,117.82531186834174,342.57677580991026,117.82379962958592,38.8390998840332,3.550776958465576,0.0011136466254037512,0.09116930313003356,9.407485071752106,-1528.895524062927,27.275504779773303,33.2112,33.2112,1597.822509765625,True,0.0,575,4.530117108438093e-11,0.00044801010654719353,0.08715089405203781,True,576,119.92954602840449,343.6046050031726,119.92803378964867,39.571807861328125,3.548119068145752,0.00012489517948431858,0.08942367286078465,-4.7287907326238665,-4066.5291971747156,27.275504779773303,33.2112,33.2112,4276.0244140625,True,0.0,575,8.65435527459301e-09,-8.330055716221507e-05,0.08575049677210118,True,576
2.850000000000,342,held_throttle,0.0,0.15,0.0,1,-2.974123954772949,114.85088348388672,0.41941606998443604,13.48109245300293,39.09062957763672,-0.00047069607535377145,1.8257725238800049,asphalt,0.0,0.15,0.0,3717.4102052378284,5,-0.5395760536193848,-9.251005172729492,647.7539700163263,160.0,-0.0,6017.5807803783755,5754.4192196216245,0.49048301577568054,5.200734739369157,False,-0.0,True,0,0,-5.569916248321533,38.862937927246094,0.0815517008304596,False,True,-4.110937118530273,116.0409164428711,-7.450580596923828e-09,0.0,0.0,1.0,1506.915771484375,1506.915771484375,0.36667749285697937,0.03332251310348511,0.0,asphalt,True,-2.4779911041259766,116.4394302368164,-2.2351741790771484e-08,0.0,0.0,1.0,4384.09033203125,4384.09033203125,0.31255200505256653,0.08744800090789795,0.0,asphalt,True,-3.5893404483795166,113.90364074707031,-2.2351741790771484e-08,0.0,0.0,1.0,1499.9051513671875,1499.9051513671875,0.36671319603919983,0.03328680992126465,0.0,asphalt,True,-1.9563941955566406,114.30215454101562,-1.4901161193847656e-08,0.0,0.0,1.0,4372.25,4372.25,0.31258758902549744,0.08741241693496704,0.0,asphalt,582,117.51732509060817,348.8290614111936,117.51668685711043,38.68517303466797,2.9619317054748535,0.0024697897860533756,0.07641594775197166,44.301402416424615,-1334.658926245134,0.0,0.0,-0.0,1520.3280029296875,True,0.0,581,3.656153401697149e-10,0.001981512784849078,0.07151377466065195,True,582,119.81082976975308,349.99066614140594,119.81019153625535,39.50807571411133,2.9585766792297363,0.000746634944223788,0.07474585317649025,19.965888764550368,-3804.2971420669996,0.0,0.0,-0.0,4371.48974609375,True,0.0,581,1.0144759516927568e-07,0.0003076873235679057,0.07023630662902644,True,582,117.51499040984982,348.4596353313497,117.51435217635208,38.68956756591797,4.038985729217529,0.0023360113596123315,0.10401791893697826,28.610366302490807,-1513.6825910427133,32.331973366489656,33.2112,33.2112,1513.1722412109375,True,0.0,581,1.4378840431458318e-10,0.0015729017653752341,0.09953064734178838,True,582,119.7980290091827,349.5976211554686,119.79739077568496,39.51247024536133,4.035630702972412,0.0005284237492444782,0.10178267900432623,14.083022419766996,-4335.781514000072,32.331973366489656,33.2112,33.2112,4358.60400390625,True,0.0,581,6.750514689463206e-10,0.00026520382962743575,0.09766716476111385,True,582
2.900000000000,348,held_throttle,0.0,0.15,0.0,1,-3.2620315551757812,116.79113006591797,0.4194011092185974,14.95352840423584,38.96357345581055,-0.002032728400081396,1.9409451484680176,asphalt,0.0,0.15,0.0,3704.715876314399,5,-0.49550867080688477,-9.719704627990723,645.3515193860466,160.0,-0.0,6014.053749474035,5757.946250525965,0.550311267375946,5.960806701552437,False,-0.0,True,0,0,-6.025450706481934,38.72003173828125,0.08111961930990219,False,True,-4.425812721252441,117.95086669921875,2.0489096641540527e-08,0.0,0.0,1.0,1429.70361328125,1429.70361328125,0.3683425486087799,0.03165745735168457,0.0,asphalt,True,-2.803757667541504,118.39204406738281,2.2351741790771484e-08,0.0,0.0,1.0,4453.37939453125,4453.37939453125,0.31086334586143494,0.08913666009902954,0.0,asphalt,True,-3.8484134674072266,115.82799530029297,7.450580596923828e-09,0.0,0.0,1.0,1426.5875244140625,1426.5875244140625,0.36842039227485657,0.03157961368560791,0.0,asphalt,True,-2.2263591289520264,116.26917266845703,1.4901161193847656e-08,0.0,0.0,1.0,4450.83203125,4450.83203125,0.3109411895275116,0.08905881643295288,0.0,asphalt,588,117.06803990074182,354.69294491472,117.068356769278,38.51036834716797,3.4065661430358887,0.003170180533622808,0.0882287663488543,50.4154642776968,-1351.8518743662235,0.0,0.0,-0.0,1442.063720703125,True,0.0,587,3.8892917910660227e-10,0.0025783831066328975,0.08277525919641228,True,588,119.60702379421501,355.97584052522353,119.60734066275118,39.433712005615234,3.4023427963256836,0.0009282881223687619,0.08606690839506467,23.6276873447577,-4130.060473982433,0.0,0.0,-0.0,4442.62451171875,True,0.0,587,1.3628069762773812e-07,0.0003871753398566776,0.08103489064333096,True,588,117.15591454939012,354.3257910672512,117.15623141792629,38.51590347290039,4.614994525909424,0.0037789150785663235,0.11925196304528972,45.11464804877324,-1490.303446229612,35.67317238656064,33.2112,33.2112,1437.9937744140625,True,0.0,587,1.954582232624827e-10,0.0028946387477319204,0.1142450816217669,True,588,119.62419119264723,355.58299921689166,119.6245080611834,39.43924331665039,4.610771656036377,0.000931553798540749,0.11637992796630582,28.787989840790743,-4578.534050241225,35.67317238656064,33.2112,33.2112,4438.2734375,True,0.0,587,5.310867338547151e-10,0.0005881213290386223,0.11177619265901247,True,588
2.950000000000,354,held_throttle,0.0,0.15,0.0,1,-3.5730929374694824,118.72389221191406,0.4193631112575531,16.603914260864258,38.809913635253906,-0.001012468826957047,2.0486862659454346,asphalt,0.0,0.15,0.0,3693.413105854875,5,-0.45003366470336914,-10.11884880065918,642.716097446253,160.0,-0.0,6008.655904237601,5763.344095762399,0.6157718896865845,6.863821968057018,False,-0.0,True,0,0,-6.498206615447998,38.56089782714844,0.08057685196399689,False,True,-4.765696048736572,119.84903717041016,0.0,0.0,0.0,1.0,1361.8909912109375,1361.8909912109375,0.36991074681282043,0.030089259147644043,0.0,asphalt,True,-3.157181739807129,120.33766174316406,7.450580596923828e-09,0.0,0.0,1.0,4510.587890625,4510.587890625,0.3093181550502777,0.09068185091018677,0.0,asphalt,True,-4.126248836517334,117.7440185546875,5.587935447692871e-09,0.0,0.0,1.0,1365.987548828125,1365.987548828125,0.36993536353111267,0.030064642429351807,0.0,asphalt,True,-2.5177342891693115,118.23263549804688,2.9802322387695312e-08,0.0,0.0,1.0,4519.50146484375,4519.50146484375,0.3093428313732147,0.09065717458724976,0.0,asphalt,594,116.55752668746008,360.5327925914036,116.5585791564752,38.305171966552734,3.939621925354004,0.004145963381857751,0.10248795173385218,57.639316300925245,-1358.9319978239512,0.0,0.0,-0.0,1372.32275390625,True,0.0,593,3.705817757922265e-10,0.0034192958658307046,0.09643785706725382,True,594,119.34956706675858,361.94947324856355,119.3506195357737,39.33841323852539,3.9343295097351074,0.001193334698588494,0.09968093950848851,29.21401447257799,-4425.3676525369365,0.0,0.0,-0.0,4501.95849609375,True,0.0,593,1.630886622535171e-07,0.0005191137343707955,0.09408443651941703,True,594,116.73566841393395,360.17241935429143,116.73672088294907,38.312095642089844,5.291792869567871,0.005498914402294218,0.13725483997080457,59.16009556567659,-1462.817171623085,37.882423610773905,33.2112,33.2112,1375.089599609375,True,0.0,593,1.847932796314764e-10,0.004463802249435885,0.13168215333677488,True,594,119.39431012572318,361.55826312507025,119.3953625947383,39.3453369140625,5.286504745483398,0.0013924249154560655,0.13356175960110603,41.627526980304204,-4780.81128208957,37.882423610773905,33.2112,33.2112,4508.95849609375,True,0.0,593,2.753907438994048e-09,0.000937043008908292,0.12842948991501807,True,594
3.000000000000,360,held_throttle,0.0,0.15,0.0,1,-3.9080703258514404,120.64833068847656,0.4192967712879181,18.447420120239258,38.62156295776367,0.001820939127355814,2.1443209648132324,asphalt,0.0,0.15,0.0,3682.1587605098084,5,-0.402940034866333,-10.433985710144043,639.8032630446195,160.0,-0.0,6001.773861553049,5770.226138446951,0.6860347986221313,7.93110308397579,False,-0.0,True,0,0,-6.983306884765625,38.38419723510742,0.07995274662971497,False,True,-5.131133556365967,121.73406219482422,1.862645149230957e-09,0.0,0.0,1.0,1308.1348876953125,1308.1348876953125,0.37129083275794983,0.02870917320251465,0.0,asphalt,True,-3.539391279220581,122.275146484375,-2.2351741790771484e-08,0.0,0.0,1.0,4554.1748046875,4554.1748046875,0.3079623878002167,0.0920376181602478,0.0,asphalt,True,-4.42307710647583,119.651123046875,-1.862645149230957e-09,0.0,0.0,1.0,1320.50537109375,1320.50537109375,0.37119850516319275,0.02880150079727173,0.0,asphalt,True,-2.8313348293304443,120.19219970703125,-2.9802322387695312e-08,0.0,0.0,1.0,4573.7939453125,4573.7939453125,0.3078700006008148,0.09213000535964966,0.0,asphalt,600,115.97484304354859,366.3452380872156,115.97631512926293,38.06248092651367,4.5746870040893555,0.005496680005207582,0.11961512192809241,66.08923115988114,-1359.5534230567162,0.0,0.0,-0.0,1315.975830078125,True,0.0,599,3.170133160727264e-10,0.004594269798145091,0.11293058404388127,True,600,119.01683939499425,367.9082964126567,119.01831148070859,39.213680267333984,4.568113803863525,0.001577937408380965,0.11597015168505284,37.22763744490799,-4671.493447585395,0.0,0.0,-0.0,4547.8955078125,True,0.0,599,1.7118065035993194e-07,0.0007319528446958507,0.10977543981224855,True,600,116.24607154524996,365.99622842596636,116.2475436309643,38.07108688354492,6.081131935119629,0.007620395164314591,0.15839294407921972,71.8776988801159,-1436.3096684622494,39.345152253253794,33.2112,33.2112,1326.968505859375,True,0.0,599,1.4444753838521237e-10,0.006397299421591937,0.1522156984710439,True,600,119.09009268333033,367.5201185674497,119.09156476904467,39.22228240966797,6.074563980102539,0.0019745963537284336,0.1536545539569661,54.286332310089456,-4933.46463085375,39.345152253253794,33.2112,33.2112,4565.86083984375,True,0.0,599,4.743397725066292e-09,0.0013667613524328014,0.1479618892808606,True,600
3.050000000000,366,held_throttle,0.0,0.15,0.0,1,-4.267469882965088,122.56356048583984,0.4191989302635193,20.496488571166992,38.38884735107422,0.005543205421417952,2.2236835956573486,asphalt,0.0,0.15,0.0,3669.9591667810573,5,-0.34975337982177734,-10.66109561920166,636.5694108084137,160.0,-0.0,5993.600182172326,5778.399817827674,0.7599493265151978,9.182239293525015,False,-0.0,True,0,0,-7.475368499755859,38.18894958496094,0.07932720333337784,False,True,-5.522289752960205,123.60459899902344,-1.862645149230957e-08,0.0,0.0,1.0,1271.063720703125,1271.063720703125,0.3724028170108795,0.02759718894958496,0.0,asphalt,True,-3.9511985778808594,124.20325469970703,2.9802322387695312e-08,0.0,0.0,1.0,4583.63427734375,4583.63427734375,0.30683252215385437,0.09316748380661011,0.0,asphalt,True,-4.7389397621154785,121.54878997802734,-4.0978193283081055e-08,0.0,0.0,1.0,1291.2203369140625,1291.2203369140625,0.37216487526893616,0.02783513069152832,0.0,asphalt,True,-3.167849063873291,122.1474380493164,0.0,0.0,0.0,1.0,4611.75634765625,4611.75634765625,0.3065946400165558,0.09340536594390869,0.0,asphalt,606,115.30739152732671,372.12632231694744,115.30900241922022,37.773929595947266,5.323501110076904,0.007346590917041529,0.14000849778808577,75.94486302573425,-1358.1193788852827,0.0,0.0,-0.0,1276.0531005859375,True,0.0,605,2.49475232887534e-10,0.006218472577704509,0.1326619129956086,True,606,118.58315985881926,373.8478476030897,118.58477075071276,39.04920959472656,5.315430641174316,0.002131494069857869,0.13528983078678247,48.131898862853525,-4856.027005361474,0.0,0.0,-0.0,4579.6796875,True,0.0,605,1.570861162126927e-07,0.0010670498443526015,0.12847403911715183,True,606,115.67701162407836,371.7934717996356,115.67862251597187,37.78448486328125,6.9922404289245605,0.010293351201476016,0.18298577940211766,84.29739690436406,-1415.3717748853849,40.31607164129687,33.2112,33.2112,1294.98779296875,True,0.0,605,1.0443499408718008e-10,0.008835544610873271,0.17617526732236444,True,606,118.68851648115117,373.4642239534795,118.69012737304467,39.05976486206055,6.984176158905029,0.0027507993736978834,0.17693755484623966,68.03840020817415,-5034.46171579001,40.31607164129687,33.2112,33.2112,4606.5595703125,True,0.0,605,5.652497519432071e-09,0.0019409019544373303,0.17066266292977564,True,606
3.100000000000,372,held_throttle,0.0,0.15,0.0,1,-4.6515278816223145,124.4686279296875,0.4190709590911865,22.760000228881836,38.10060119628906,0.009397621266543865,2.284177303314209,asphalt,0.0,0.15,0.0,3655.9926250219146,5,-0.2883124351501465,-10.807355880737305,632.9763555449853,160.0,-0.0,5984.071829208843,5787.928170791157,0.836201012134552,10.633410722583823,False,-0.0,True,0,0,-7.969077110290527,37.97453689575195,0.078822061419487,False,True,-5.938931465148926,125.45928955078125,-4.0978193283081055e-08,0.0,0.0,1.0,1250.550537109375,1250.550537109375,0.37320104241371155,0.02679896354675293,0.0,asphalt,True,-4.393068313598633,126.12052154541016,4.470348358154297e-08,0.0,0.0,1.0,4599.9072265625,4599.9072265625,0.3059494197368622,0.0940505862236023,0.0,asphalt,True,-5.073709964752197,123.43657684326172,1.1175870895385742e-08,0.0,0.0,1.0,1277.2802734375,1277.2802734375,0.3728160560131073,0.027183949947357178,0.0,asphalt,True,-3.527846097946167,124.09780883789062,7.450580596923828e-09,0.0,0.0,1.0,4634.1533203125,4634.1533203125,0.3055644929409027,0.09443551301956177,0.0,asphalt,612,114.54075917968046,377.8714115806083,114.54232393944156,37.429779052734375,6.194520950317383,0.009849683484392567,0.164010532938553,87.42030127406822,-1358.1109825442031,0.0,0.0,-0.0,1252.9093017578125,True,0.0,611,1.8546029414067912e-10,0.008435688673823194,0.15598480917922505,True,612,118.01965316568943,379.7622975760513,118.02121792545053,38.83305740356445,6.184760093688965,0.002920917092215615,0.1579388581249973,62.36642349095699,-4976.7155162910985,0.0,0.0,-0.0,4598.02880859375,True,0.0,611,1.2777407620031244e-07,0.0015835443288839748,0.15048994741254001,True,612,115.01554222568333,377.55982441854314,115.01710698544443,37.442562103271484,8.03067684173584,0.013689416600025732,0.21127898290300262,97.22777157250056,-1402.5698497787748,40.963593153386036,33.2112,33.2112,1278.6314697265625,True,0.0,611,7.377064926947567e-11,0.011939891676066308,0.20381822544343128,True,612,118.1627369649743,379.3849853388054,118.1643017247354,38.84584426879883,8.020917892456055,0.0038062998095643313,0.20361918444821836,83.84878211971967,-5088.702657965901,40.963593153386036,33.2112,33.2112,4631.39892578125,True,0.0,611,5.556730607910729e-09,0.0027370493884329855,0.19675192127748367,True,612
3.150000000000,378,held_throttle,0.0,0.15,0.0,1,-5.06022310256958,126.36255645751953,0.41892048716545105,25.24310302734375,37.7442512512207,0.012929762713611126,2.3254337310791016,asphalt,0.0,0.15,0.0,3639.5036061248006,5,-0.21860408782958984,-10.888172149658203,628.9886547591598,160.0,-0.0,5973.045184256263,5798.954815743737,0.9135108590126038,12.296434179298842,False,-0.0,True,0,0,-8.45964241027832,37.74052810668945,0.0785609632730484,False,True,-6.380457401275635,127.29682922363281,3.725290298461914e-08,0.0,0.0,1.0,1243.96142578125,1243.96142578125,0.3736860454082489,0.026313960552215576,0.0,asphalt,True,-4.865121364593506,128.02540588378906,0.0,0.0,0.0,1.0,4605.11865234375,4605.11865234375,0.30531343817710876,0.09468656778335571,0.0,asphalt,True,-5.427134037017822,125.3141098022461,4.0978193283081055e-08,0.0,0.0,1.0,1275.9913330078125,1275.9913330078125,0.37316831946372986,0.02683168649673462,0.0,asphalt,True,-3.911797046661377,126.04269409179688,-3.725290298461914e-08,0.0,0.0,1.0,4643.68505859375,4643.68505859375,0.3047957122325897,0.09520429372787476,0.0,asphalt,618,113.65861503000279,383.57510399380055,113.66005475412031,37.01883316040039,7.191882133483887,0.013196250605302714,0.19188599852366928,100.71628510461217,-1360.9031713561767,0.0,0.0,-0.0,1244.258544921875,True,0.0,617,1.3452408587013462e-10,0.01142483063336191,0.18317361741799681,True,618,117.29498646089027,385.64430862692416,117.29642618500779,38.5518798828125,7.180238723754883,0.004032634718562725,0.18413890393786256,80.17959190291724,-5040.716231092198,0.0,0.0,-0.0,4604.90966796875,True,0.0,617,9.448185792242954e-08,0.0023580660466242325,0.17605399944282052,True,618,114.2460592913782,383.29024462144923,114.24749901549572,37.03409194946289,9.19778823852539,0.018013338023847244,0.24343456864409233,111.26479579011328,-1397.8865503804216,41.39917687092939,33.2112,33.2112,1275.4793701171875,True,0.0,617,5.248836468860911e-11,0.01590308420327241,0.2353180529159743,True,618,117.48294125641445,385.27538762928083,117.48438098053197,38.56714630126953,9.186136245727539,0.005243434703920019,0.23382862860371528,102.37030028007318,-5105.501196223669,41.39917687092939,33.2112,33.2112,4642.845703125,True,0.0,617,4.8576951475457245e-09,0.003848388849761837,0.22636873722943404,True,618
3.200000000000,384,held_throttle,0.0,0.15,0.0,1,-5.493311405181885,128.244384765625,0.41876083612442017,27.947423934936523,37.30609130859375,0.015988191589713097,2.3492307662963867,asphalt,0.0,0.15,0.0,3619.7468837344545,5,-0.1393723487854004,-10.919843673706055,624.5735747466667,160.0,-0.0,5960.350986708309,5811.649013291691,0.990777850151062,14.178487918270342,False,-0.0,True,0,0,-8.942995071411133,37.48662185668945,0.07861663401126862,False,True,-6.845937728881836,129.1160125732422,0.0,0.0,0.0,1.0,1247.216552734375,1247.216552734375,0.3739008605480194,0.02609914541244507,0.0,asphalt,True,-5.367156028747559,129.91624450683594,1.4901161193847656e-08,0.0,0.0,1.0,4601.8662109375,4601.8662109375,0.30490633845329285,0.09509366750717163,0.0,asphalt,True,-5.798879623413086,127.18116760253906,7.450580596923828e-09,0.0,0.0,1.0,1283.6632080078125,1283.6632080078125,0.3732685148715973,0.026731491088867188,0.0,asphalt,True,-4.320097923278809,127.98139190673828,-2.2351741790771484e-08,0.0,0.0,1.0,4643.8505859375,4643.8505859375,0.3042740523815155,0.09572595357894897,0.0,asphalt,624,112.64316453232829,389.2311442557079,112.64448273375098,36.528541564941406,8.315081596374512,0.01762191161074792,0.2238186339705971,115.98244387380575,-1365.8514130053725,0.0,0.0,-0.0,1246.172607421875,True,0.0,623,9.820738398203643e-11,0.015409953309437589,0.21442021194871766,True,624,116.37625852424532,391.4849366551261,116.377576725668,38.1912727355957,8.301376342773438,0.005574377656360015,0.2140338245260174,101.76819377693143,-5060.45593234294,0.0,0.0,-0.0,4602.88916015625,True,0.0,623,6.556717966883076e-08,0.0034900354540732927,0.2053172010018364,True,624,113.35109595600602,388.97886155181055,113.35241415742871,36.54650115966797,10.490623474121094,0.02351416629623607,0.2795328725023068,126.80294838167882,-1399.3320172638032,41.69672219535839,33.2112,33.2112,1281.925537109375,True,0.0,623,3.896339858167608e-11,0.020961368732085973,0.2707656825245732,True,624,116.61730112436574,391.12687306526436,116.61861932578843,38.209228515625,10.476923942565918,0.007183627256526573,0.2676211729766012,124.06011572714725,-5095.368932339547,41.69672219535839,33.2112,33.2112,4644.3310546875,True,0.0,623,3.9618117724876566e-09,0.005388305053131631,0.25957703125379317,True,624
3.250000000000,390,held_throttle,0.0,0.15,0.0,1,-5.950360298156738,130.11309814453125,0.41860929131507874,30.87175941467285,36.77164077758789,0.01859460584819317,2.358968734741211,asphalt,0.0,0.15,0.0,3595.9594594663226,5,-0.04951810836791992,-10.921765327453613,619.69995348908,160.0,-0.0,5945.814211409828,5826.185788590172,1.067083716392517,16.28265756111479,False,-0.0,True,0,0,-9.415867805480957,37.2125358581543,0.07914717495441437,False,True,-7.334165573120117,130.91566467285156,-5.587935447692871e-09,0.0,0.0,1.0,1256.9783935546875,1256.9783935546875,0.3739190995693207,0.0260809063911438,0.0,asphalt,True,-5.898682117462158,131.7912139892578,1.4901161193847656e-08,0.0,0.0,1.0,4593.7763671875,4593.7763671875,0.3046937882900238,0.09530621767044067,0.0,asphalt,True,-6.188564300537109,129.0374755859375,3.725290298461914e-09,0.0,0.0,1.0,1301.4127197265625,1301.4127197265625,0.3731898367404938,0.026810169219970703,0.0,asphalt,True,-4.753081321716309,129.9130096435547,-2.9802322387695312e-08,0.0,0.0,1.0,4638.2138671875,4638.2138671875,0.3039644658565521,0.09603554010391235,0.0,asphalt,630,111.47589681608827,394.83236706495467,111.47705876020939,35.945316314697266,9.559008598327637,0.023416948879865635,0.25991634152832316,133.30705138485126,-1371.5888237994257,0.0,0.0,-0.0,1254.7147216796875,True,0.0,629,7.246954629620704e-11,0.02066691625456003,0.24983756220031864,True,630,115.22973420148857,397.27357086179444,115.23089614560969,37.73610305786133,9.543109893798828,0.007677242882914733,0.24769747538361067,127.19596488545582,-5049.959067481547,0.0,0.0,-0.0,4595.30419921875,True,0.0,629,4.407754694193511e-08,0.0050999859062134095,0.23835771502838,True,630,112.30996634450472,394.6188613064821,112.31112828862584,35.96614456176758,11.902093887329102,0.030477115222524914,0.31958142795384364,144.46821951127617,-1409.1416776678627,41.9053713875172,33.2112,33.2112,1298.808349609375,True,0.0,629,2.993592692437813e-11,0.02738365139510422,0.31017444365139546,True,630,115.53282372530317,396.9292602383019,115.5339856694243,37.75692367553711,11.886209487915039,0.009770609411485396,0.3049868178221889,149.1695656160108,-5067.826108519855,41.9053713875172,33.2112,33.2112,4639.40625,True,0.0,629,3.117265749729902e-09,0.007490266507335238,0.2963719906738386,True,630
3.300000000000,396,held_throttle,0.0,0.15,0.0,1,-6.430788516998291,131.96768188476562,0.4184902310371399,34.01252746582031,36.126075744628906,0.02076372131705284,2.3594486713409424,asphalt,0.0,0.15,0.0,3567.3497882958054,5,0.05071210861206055,-10.895878791809082,614.3401597460545,160.0,-0.0,5929.243128281185,5842.756871718815,1.141858458518982,18.60863768979878,False,-0.0,True,0,0,-9.875494003295898,36.9181022644043,0.0800512284040451,False,True,-7.843708038330078,132.69473266601562,1.862645149230957e-09,0.0,0.0,1.0,1267.966552734375,1267.966552734375,0.37383773922920227,0.026162266731262207,0.0,asphalt,True,-6.458945274353027,133.64846801757812,7.450580596923828e-09,0.0,0.0,1.0,4581.86083984375,4581.86083984375,0.30463287234306335,0.09536713361740112,0.0,asphalt,True,-6.595792770385742,130.88290405273438,-5.587935447692871e-09,0.0,0.0,1.0,1315.27490234375,1315.27490234375,0.373026579618454,0.026973426342010498,0.0,asphalt,True,-5.211030006408691,131.83663940429688,0.0,0.0,0.0,1.0,4629.1689453125,4629.1689453125,0.30382171273231506,0.09617829322814941,0.0,asphalt,636,110.13724642131774,400.3706495551319,110.13836229477374,35.25486755371094,10.91455078125,0.030929736543830553,0.3002314783613973,152.64537682700242,-1376.2971162174783,0.0,0.0,-0.0,1266.2705078125,True,0.0,635,5.4932745911539224e-11,0.027528765596285885,0.28948247427108953,True,636,113.82171580157404,402.99790672249424,113.82283167503005,37.17112350463867,10.896355628967285,0.010493164400373652,0.28515170414191454,156.35516654020492,-5020.169726105474,0.0,0.0,-0.0,4584.21923828125,True,0.0,635,2.9453148892276114e-08,0.007328584908207021,0.27519841251701965,True,636,111.10526913264964,400.20241792303716,111.10638500610564,35.278717041015625,13.421814918518066,0.039287760128786646,0.3635408393987964,163.40632230866623,-1413.8833425715056,42.057962143794285,33.2112,33.2112,1313.0,True,0.0,635,2.3505492583041218e-11,0.03553999915791237,0.3535127729000163,True,636,114.19624419888207,402.6707057293291,114.19736007233807,37.194976806640625,13.403618812561035,0.013168008721624295,0.3458751206192342,177.7800207464394,-5030.09065877547,42.057962143794285,33.2112,33.2112,4630.95458984375,True,0.0,635,2.4229345606859963e-09,0.010309542452473548,0.33670745393789925,True,636
3.350000000000,402,held_throttle,0.0,0.15,0.0,1,-6.9338765144348145,133.80711364746094,0.41841742396354675,37.364864349365234,35.354515075683594,0.022909361869096756,2.353504180908203,asphalt,0.0,0.15,0.0,3533.146409676733,5,0.16195440292358398,-10.852677345275879,608.4727377381921,160.0,-0.0,5910.5455524654035,5861.4544475345965,1.214660406112671,21.154770415896735,False,-0.0,True,0,0,-10.319196701049805,36.60340881347656,0.08103451132774353,False,True,-8.372912406921387,134.4522247314453,-3.91155481338501e-08,0.0,0.0,1.0,1277.708251953125,1277.708251953125,0.37371137738227844,0.026288628578186035,0.0,asphalt,True,-7.04692268371582,135.48611450195312,-2.9802322387695312e-08,0.0,0.0,1.0,4570.32861328125,4570.32861328125,0.30470994114875793,0.09529006481170654,0.0,asphalt,True,-7.020131587982178,132.71730041503906,-2.7939677238464355e-08,0.0,0.0,1.0,1330.14404296875,1330.14404296875,0.3728158175945282,0.02718418836593628,0.0,asphalt,True,-5.694140911102295,133.7511749267578,-1.4901161193847656e-08,0.0,0.0,1.0,4618.26904296875,4618.26904296875,0.30381444096565247,0.09618556499481201,0.0,asphalt,642,108.61123424910146,405.8369914991678,108.61248357363182,34.44265365600586,12.369889259338379,0.040619798351503186,0.3447980170211085,173.74620837365245,-1376.2490133702638,0.0,0.0,-0.0,1276.1158447265625,True,0.0,641,4.333780427744274e-11,0.036434506516812605,0.3333914223697165,True,642,112.11908504981436,408.6439837275564,112.12033437434472,36.48107147216797,12.349284172058105,0.014205355636720688,0.32640418215793976,189.24222044184498,-4980.655013296409,0.0,0.0,-0.0,4572.728515625,True,0.0,641,1.9976636125831427e-08,0.010347096775071143,0.3158496489799246,True,642,109.72140582778013,405.7209680313218,109.7226551523105,34.46965026855469,15.036981582641602,0.05043316775971595,0.4113509491921105,184.25939757853942,-1417.3700708406495,42.17658210909472,33.2112,33.2112,1327.51904296875,True,0.0,641,1.979900016699681e-11,0.04589541183483167,0.4007240805454436,True,642,112.57512090587738,408.3377330377607,112.57637023040775,36.508056640625,15.01639461517334,0.01757785314708967,0.3902244224744278,209.89720065958147,-4985.650341336276,42.17658210909472,33.2112,33.2112,4619.78515625,True,0.0,641,1.895948833242477e-09,0.01403410396936212,0.38052314231071166,True,642
3.400000000000,408,held_throttle,0.0,0.15,0.0,1,-7.458781719207764,135.63040161132812,0.4183941185474396,40.922611236572266,34.442596435546875,0.025483062490820885,2.3417928218841553,asphalt,0.0,0.15,0.0,3492.5705179758456,5,0.2841181755065918,-10.797724723815918,602.0776847533369,160.0,-0.0,5889.638130716274,5882.361869283726,1.2850357294082642,23.917342141928415,False,-0.0,True,0,0,-10.744833946228027,36.268516540527344,0.08199399709701538,False,True,-8.919950485229492,136.1873779296875,9.313225746154785e-09,0.0,0.0,1.0,1287.68310546875,1287.68310546875,0.3735579550266266,0.02644205093383789,0.0,asphalt,True,-7.661336421966553,137.30227661132812,-2.2351741790771484e-08,0.0,0.0,1.0,4552.22119140625,4552.22119140625,0.30492761731147766,0.09507238864898682,0.0,asphalt,True,-7.461147308349609,134.54058837890625,-1.862645149230957e-08,0.0,0.0,1.0,1346.9014892578125,1346.9014892578125,0.3725603520870209,0.027439653873443604,0.0,asphalt,True,-6.202533721923828,135.65548706054688,7.450580596923828e-09,0.0,0.0,1.0,4606.0498046875,4606.0498046875,0.30393001437187195,0.09606999158859253,0.0,asphalt,648,106.88035886714282,411.22156528155443,106.88177539387765,33.494598388671875,13.909313201904297,0.05302108766546329,0.39360075918339804,196.84067146050592,-1374.1813538449028,0.0,0.0,-0.0,1285.9696044921875,True,0.0,647,3.5045719549203493e-11,0.04789268536336392,0.3815553308736287,True,648,110.09027084957128,414.19621119125304,110.09168737630611,35.65107727050781,13.886266708374023,0.019037632571405512,0.3714262020330702,225.53148545044314,-4929.685448447243,0.0,0.0,-0.0,4555.61962890625,True,0.0,647,1.3846296930071618e-08,0.014362680328467898,0.3602854279711984,True,648,108.13784701790797,411.1650102476418,108.1392635446428,33.524803161621094,16.730926513671875,0.0644503815241508,0.4628962396755048,207.31444289951315,-1421.5822260232715,42.27622761820291,33.2112,33.2112,1343.998779296875,True,0.0,647,1.7416386633173265e-11,0.058959609191992106,0.4516992077257889,True,648,110.63709445102512,413.91524273966184,110.63851097775995,35.68128204345703,16.707876205444336,0.023232324566467438,0.4379292169693304,245.46563644994944,-4938.715669496321,42.27622761820291,33.2112,33.2112,4608.40673828125,True,0.0,647,1.5154310832442976e-09,0.0188812362594233,0.42771945404950995,True,648
3.450000000000,414,held_throttle,0.0,0.15,0.0,1,-8.004555702209473,137.4365234375,0.4184156060218811,44.67829895019531,33.37715148925781,0.028540002182126045,2.3249528408050537,asphalt,0.0,0.15,0.0,3444.831085862593,5,0.41691064834594727,-10.730863571166992,595.144530733698,160.0,-0.0,5866.404157244402,5905.595842755598,1.352587342262268,26.891427276175282,False,-0.0,True,0,0,-11.150251388549805,35.91386795043945,0.08265149593353271,False,True,-9.482855796813965,137.8994903564453,-1.1175870895385742e-08,0.0,0.0,1.0,1298.388916015625,1298.388916015625,0.37338241934776306,0.026617586612701416,0.0,asphalt,True,-8.300660133361816,139.0950927734375,7.450580596923828e-09,0.0,0.0,1.0,4529.87060546875,4529.87060546875,0.30526813864707947,0.09473186731338501,0.0,asphalt,True,-7.918445587158203,136.35269165039062,1.862645149230957e-09,0.0,0.0,1.0,1365.107177734375,1365.107177734375,0.37226441502571106,0.027735590934753418,0.0,asphalt,True,-6.736249923706055,137.5482940673828,0.0,0.0,0.0,1.0,4590.3798828125,4590.3798828125,0.30415013432502747,0.09584987163543701,0.0,asphalt,654,104.92604167440786,416.5136254843494,104.92759820872797,32.39763259887695,15.514131546020508,0.06876925796593147,0.4465980870995485,221.96911361404804,-1371.3016869672917,0.0,0.0,-0.0,1296.5648193359375,True,0.0,653,3.024776336793468e-11,0.06250746909882895,0.43393920885653675,True,654,107.7061158534042,419.63748581845806,107.70767238772432,34.66743087768555,15.488588333129883,0.025256770743326974,0.4201699071114549,265.0271551115743,-4870.552179956018,0.0,0.0,-0.0,4533.76513671875,True,0.0,653,9.920967001229736e-09,0.01962566830827994,0.40846399008341594,True,654,106.33401638115038,416.52399981133703,106.3355729154705,32.431121826171875,18.484027862548828,0.08199234037787305,0.5180286937542086,232.54807066954885,-1426.055502652962,42.36722912804631,33.2112,33.2112,1362.00341796875,True,0.0,653,1.5474805172527003e-11,0.07535344986067163,0.5062979098123652,True,654,108.35282396478523,419.386583799446,108.35438049910535,34.70092010498047,18.458484649658203,0.030417401043125826,0.4888646731211809,284.16603950286304,-4886.0310168779,42.36722912804631,33.2112,33.2112,4593.111328125,True,0.0,653,1.2390008635213038e-09,0.02511951537402246,0.4781758148489963,True,654
3.500000000000,420,held_throttle,0.0,0.15,0.0,1,-8.570144653320312,139.22450256347656,0.41846486926078796,48.62354278564453,32.14659881591797,0.03201565891504288,2.304391860961914,asphalt,0.0,0.15,0.0,3389.1510826334925,5,0.5597901344299316,-10.658180236816406,587.6666966105404,160.0,-0.0,5840.839304501346,5931.160695498654,1.4170531034469604,30.070963257200088,False,-0.0,True,0,0,-11.53349494934082,35.53999328613281,0.0828995406627655,False,True,-10.059569358825684,139.58804321289062,-3.3527612686157227e-08,0.0,0.0,1.0,1309.68701171875,1309.68701171875,0.37318751215934753,0.026812493801116943,0.0,asphalt,True,-8.963135719299316,140.86273193359375,-3.725290298461914e-08,0.0,0.0,1.0,4506.0947265625,4506.0947265625,0.30569055676460266,0.09430944919586182,0.0,asphalt,True,-8.391668319702148,138.1534423828125,2.0489096641540527e-08,0.0,0.0,1.0,1384.3389892578125,1384.3389892578125,0.37193354964256287,0.02806645631790161,0.0,asphalt,True,-7.295234203338623,139.42811584472656,2.2351741790771484e-08,0.0,0.0,1.0,4573.8671875,4573.8671875,0.304436594247818,0.09556341171264648,0.0,asphalt,660,102.7302721120912,421.7015066057417,102.73192771678151,31.140098571777344,17.1627254486084,0.08866032388590389,0.5037222542668863,249.01704944158575,-1367.5875879946584,0.0,0.0,-0.0,1307.774169921875,True,0.0,659,2.7134040916367714e-11,0.0810277553873036,0.4904760845323966,True,660,104.93955214599296,424.94929817347605,104.94120775068328,33.51803970336914,17.134679794311523,0.03317653760929114,0.4725735108139295,307.43593649849066,-4807.5638574959685,0.0,0.0,-0.0,4510.06103515625,True,0.0,659,7.380580284501246e-09,0.02642402294289954,0.46032237265900233,True,660,104.29012533247112,421.7863811366377,104.29178093716143,31.17685890197754,20.274152755737305,0.1038873886532709,0.5765825130555551,259.8702341230417,-1430.1702147905737,42.456838262004744,33.2112,33.2112,1381.0819091796875,True,0.0,659,1.4729466935719077e-11,0.09585453409735155,0.5643537076795928,True,660,105.6950341300648,424.7336975445972,105.69668973475511,33.55478286743164,20.24612045288086,0.03947509959229639,0.542897496261673,325.80795289229616,-4830.69389983094,42.456838262004744,33.2112,33.2112,4576.5888671875,True,0.0,659,1.0513781755983628e-09,0.033063943873391254,0.5317569330268995,True,660
3.550000000000,426,held_throttle,0.0,0.15,0.0,1,-9.154404640197754,140.99342346191406,0.41852182149887085,52.74922561645508,30.741596221923828,0.03581730276346207,2.2817678451538086,asphalt,0.0,0.15,0.0,3324.78062701224,5,0.7128462791442871,-10.581945419311523,579.6426885829121,160.0,-0.0,5812.9292733304255,5959.0707266695745,1.478225827217102,33.4489442145075,True,-0.0,True,0,0,-11.892800331115723,35.147586822509766,0.08279865980148315,False,True,-10.647960662841797,141.25271606445312,-9.313225746154785e-09,0.0,0.0,1.0,1321.495361328125,1321.495361328125,0.3729760944843292,0.027023911476135254,0.0,asphalt,True,-9.646778106689453,142.60345458984375,2.2351741790771484e-08,0.0,0.0,1.0,4482.87841796875,4482.87841796875,0.3061494529247284,0.09385055303573608,0.0,asphalt,True,-8.880499839782715,139.94273376464844,2.7939677238464355e-08,0.0,0.0,1.0,1404.2840576171875,1404.2840576171875,0.37157443165779114,0.02842557430267334,0.0,asphalt,True,-7.879316329956055,141.29347229003906,-2.9802322387695312e-08,0.0,0.0,1.0,4558.28759765625,4558.28759765625,0.3047478497028351,0.0952521562576294,0.0,asphalt,666,100.27632577028119,426.77267540272317,100.27803748156869,29.712387084960938,18.83108139038086,0.11371689556851707,0.5648872764032938,277.8341466822177,-1362.8345507817196,0.0,0.0,-0.0,1319.4896240234375,True,0.0,665,2.5011685645146694e-11,0.1044120774044897,0.5510825426906951,True,666,101.76629247828417,430.11185610430636,101.76800418957167,32.192901611328125,18.800575256347656,0.04317644067276438,0.5285698769627002,352.3952417625314,-4743.420177629887,0.0,0.0,-0.0,4486.67041015625,True,0.0,665,5.7625865212502035e-09,0.03510193802450682,0.5157922378619381,True,666,101.98769177145248,426.93964227268725,101.98940348273997,29.752395629882812,22.076793670654297,0.13120095279910352,0.6383726048788297,289.1463812945344,-1433.3378437603533,42.550264491337565,33.2112,33.2112,1400.9146728515625,True,0.0,665,1.4577206335461885e-11,0.12146230498306716,0.625684753744674,True,666,102.63889173176106,429.93722210528006,102.64060344304856,32.23291015625,22.046295166015625,0.050815272567424546,0.59988534198615,370.079600560758,-4774.58142444559,42.550264491337565,33.2112,33.2112,4560.78662109375,True,0.0,665,9.208858419305796e-10,0.04309105680484564,0.5883212610088263,True,666
3.600000000000,432,held_throttle,0.0,0.15,0.0,1,-9.756103515625,142.74232482910156,0.4185708165168762,57.04576110839844,29.155433654785156,0.03985404968261719,2.2583587169647217,asphalt,0.0,0.15,0.0,3251.0131363572564,5,0.8750338554382324,-10.501785278320312,571.0761583292406,160.0,-0.0,5782.724745983607,5989.275254016393,1.5359234809875488,37.01789736122136,True,-0.0,True,0,0,-12.226478576660156,34.73751449584961,0.08250269293785095,False,True,-11.245868682861328,142.89334106445312,-3.5390257835388184e-08,0.0,0.0,1.0,1333.9539794921875,1333.9539794921875,0.3727497160434723,0.027250289916992188,0.0,asphalt,True,-10.349390029907227,144.31568908691406,0.0,0.0,0.0,1.0,4460.87939453125,4460.87939453125,0.30661216378211975,0.09338784217834473,0.0,asphalt,True,-9.384665489196777,141.7203369140625,-2.60770320892334e-08,0.0,0.0,1.0,1424.986572265625,1424.986572265625,0.37119171023368835,0.028808295726776123,0.0,asphalt,True,-8.488186836242676,143.1427001953125,-7.450580596923828e-09,0.0,0.0,1.0,4544.1845703125,4544.1845703125,0.3050541579723358,0.09494584798812866,0.0,asphalt,672,97.54890221873063,431.71380118161846,97.5506353690638,28.107507705688477,20.49320411682129,0.1452860947065107,0.6299908534472622,308.26138628383444,-1356.9201223461255,0.0,0.0,-0.0,1331.8248291015625,True,0.0,671,2.313324625361939e-11,0.13391715354047587,0.6156616516542149,True,672,98.16571983735568,435.1042483985119,98.16745298768885,30.684768676757812,20.460281372070312,0.05572533029602865,0.5880876328675607,399.4632628211716,-4678.90127798969,0.0,0.0,-0.0,4464.46728515625,True,0.0,671,4.713777259864665e-09,0.04608641053746259,0.5748063137205403,True,672,99.40972078206268,431.9703881033761,99.41145393239584,28.150680541992188,23.86559295654297,0.16534333190081743,0.7032040132700323,320.22848897331005,-1435.1766045493248,42.651350194852036,33.2112,33.2112,1421.4801025390625,True,0.0,671,1.505653302150977e-11,0.15349465150176253,0.6901006403894541,True,672,99.163031391833,434.97664445774836,99.16476454216617,30.727962493896484,23.832664489746094,0.06495184527138234,0.659685966780019,416.575245982161,-4717.980413387716,42.651350194852036,33.2112,33.2112,4546.44775390625,True,0.0,671,8.446052262749823e-10,0.055672237331053205,0.647729757278799,True,672
3.650000000000,438,held_throttle,0.0,0.15,0.0,1,-10.37392520904541,144.4703826904297,0.4186042547225952,61.50293731689453,27.384607315063477,0.044050563126802444,2.234734535217285,asphalt,0.0,0.15,0.0,3167.201818752044,5,1.0448179244995117,-10.41600227355957,561.9775703635253,160.0,-0.0,5750.325301321998,6021.674698678002,1.5899580717086792,40.76995121505289,True,-0.0,True,0,0,-12.532866477966309,34.31090545654297,0.08217847347259521,False,True,-11.851117134094238,144.50994873046875,-2.7939677238464355e-08,0.0,0.0,1.0,1347.3699951171875,1347.3699951171875,0.3725073039531708,0.0274927020072937,0.0,asphalt,True,-11.068568229675293,145.99801635742188,1.4901161193847656e-08,0.0,0.0,1.0,4439.7177734375,4439.7177734375,0.3070644438266754,0.09293556213378906,0.0,asphalt,True,-9.903922080993652,143.48602294921875,-1.1175870895385742e-08,0.0,0.0,1.0,1446.6505126953125,1446.6505126953125,0.3707873523235321,0.029212653636932373,0.0,asphalt,True,-9.121373176574707,144.9740753173828,-1.4901161193847656e-08,0.0,0.0,1.0,4531.04736328125,4531.04736328125,0.30534449219703674,0.09465551376342773,0.0,asphalt,678,94.53425565116345,436.5108299219184,94.53598251693188,26.321474075317383,22.121639251708984,0.1852035442854572,0.6989181785059293,340.12124779985027,-1349.7487126780225,0.0,0.0,-0.0,1345.05224609375,True,0.0,677,2.449582040673597e-11,0.17124023973082464,0.6841009629865898,True,678,94.12186553776206,439.9046560613418,94.1235924035305,28.98937225341797,22.086345672607422,0.07143457112284836,0.6510593678249189,448.0789503116039,-4613.2601970468,0.0,0.0,-0.0,4443.228515625,True,0.0,677,4.026376313069928e-09,0.059924429953213364,0.6372980830756824,True,678,96.54071367478261,436.8644158184769,96.54244054055104,26.367755889892578,25.612638473510742,0.20823461980283273,0.7708722192566154,352.92012319007705,-1435.403400399049,42.73806511553513,33.2112,33.2112,1442.9649658203125,True,0.0,677,1.5257031999229675e-11,0.19372463985684935,0.7573945646752833,True,678,95.25057068618098,439.83050255157343,95.25229755194941,29.03563690185547,25.57735252380371,0.08255549663631026,0.7221591228587371,464.7173724313014,-4659.785798212648,42.73806511553513,33.2112,33.2112,4533.21826171875,True,0.0,677,7.974709644277627e-10,0.07141040453941488,0.7098399918390231,True,678
3.700000000000,444,held_throttle,0.0,0.15,0.0,1,-11.006468772888184,146.17678833007812,0.4186224639415741,66.11005401611328,25.429161071777344,0.04834195226430893,2.2107646465301514,asphalt,0.0,0.15,0.0,3072.7659089026356,5,1.219862699508667,-10.320809364318848,552.3659810507987,160.0,-0.0,5715.923685111279,6056.076314888721,1.6401219367980957,44.69708003367474,True,-0.0,True,0,0,-12.810276985168457,33.869239807128906,0.08194871246814728,False,True,-12.461556434631348,146.10284423828125,4.0978193283081055e-08,0.0,0.0,1.0,1362.2265625,1362.2265625,0.37224557995796204,0.02775442600250244,0.0,asphalt,True,-11.801717758178711,147.64918518066406,3.725290298461914e-08,0.0,0.0,1.0,4418.349609375,4418.349609375,0.3075099289417267,0.09249007701873779,0.0,asphalt,True,-10.438045501708984,145.23947143554688,1.30385160446167e-08,0.0,0.0,1.0,1469.6197509765625,1469.6197509765625,0.370360404253006,0.029639601707458496,0.0,asphalt,True,-9.778206825256348,146.78582763671875,1.4901161193847656e-08,0.0,0.0,1.0,4517.70654296875,4517.70654296875,0.30562475323677063,0.09437525272369385,0.0,asphalt,684,91.22038085417213,441.1490668751378,91.22207519443097,24.35396385192871,23.68792152404785,0.23605035569981028,0.7715352673958454,373.21743781934674,-1341.2480828944729,0.0,0.0,-0.0,1359.6240234375,True,0.0,683,2.4768080704500282e-11,0.21875570415029114,0.7562729234874891,True,684,89.62450208085458,444.490611952295,89.62619642111342,27.105937957763672,23.650381088256836,0.0911293950708259,0.7174217454346651,497.5677429559047,-4544.664711283957,0.0,0.0,-0.0,4421.9755859375,True,0.0,683,3.586161612578358e-09,0.07734888053059413,0.7032058059188951,True,684,93.36440118178123,441.60673920299297,93.36609552204007,24.403209686279297,27.289043426513672,0.2625491804592767,0.8411674729319237,386.9316954629555,-1433.7081432814634,42.65507990398485,33.2112,33.2112,1465.6826171875,True,0.0,683,1.7203940331480177e-11,0.24461607823795173,0.8273625728607149,True,684,90.88807657250639,444.47658842527403,90.88977091276523,27.155202865600586,27.251493453979492,0.10450529194615026,0.787167991274454,513.6652538032329,-4597.8971257074445,42.65507990398485,33.2112,33.2112,4520.00634765625,True,0.0,683,7.899432711620064e-10,0.09109343136050113,0.7745162781181875,True,684
3.750000000000,450,held_throttle,0.0,0.15,0.0,1,-11.652250289916992,147.86082458496094,0.41863101720809937,70.85584259033203,23.2930908203125,0.052657246589660645,2.18575119972229,asphalt,0.0,0.15,0.0,2967.18818011977,5,1.3985800743103027,-10.21043872833252,542.2713550738245,160.0,-0.0,5679.776096538032,6092.223903461968,1.6861851215362549,48.79117507662529,True,-0.0,True,0,0,-13.057059288024902,33.41443634033203,0.08187174797058105,False,True,-13.075092315673828,147.67247009277344,1.6763806343078613e-08,0.0,0.0,1.0,1379.1934814453125,1379.1934814453125,0.37195780873298645,0.028042197227478027,0.0,asphalt,True,-12.546072959899902,149.26828002929688,-7.450580596923828e-09,0.0,0.0,1.0,4395.46923828125,4395.46923828125,0.30796459317207336,0.09203541278839111,0.0,asphalt,True,-10.986820220947266,146.9802703857422,1.1175870895385742e-08,0.0,0.0,1.0,1494.4000244140625,1494.4000244140625,0.3699069321155548,0.030093073844909668,0.0,asphalt,True,-10.457799911499023,148.5760955810547,1.4901161193847656e-08,0.0,0.0,1.0,4502.71142578125,4502.71142578125,0.30591365694999695,0.09408634901046753,0.0,asphalt,690,87.59720490199902,445.6132682565802,87.59884092097559,22.208454132080078,25.163297653198242,0.301624932817969,0.8476931002285597,407.32471324693665,-1331.315033823339,0.0,0.0,-0.0,1376.188232421875,True,0.0,689,2.6587168563328566e-11,0.27992705291532155,0.832033953819394,True,690,84.67029734979138,448.8393195785788,84.67193336876795,25.03765296936035,25.12361717224121,0.11596714594710607,0.7871119182222462,547.1270482119472,-4470.676564106891,0.0,0.0,-0.0,4399.44140625,True,0.0,689,3.323832543443714e-09,0.09938092663257117,0.7724698450913993,True,690,89.86588581774348,446.18157058716713,89.86752183672004,22.260496139526367,28.865537643432617,0.33221389738918594,0.9138778779129325,421.88527096287476,-1429.7146371588942,42.414971549115926,33.2112,33.2112,1490.1190185546875,True,0.0,689,1.7195768397132852e-11,0.30974392582523996,0.8997914146896446,True,690,86.06893521748924,448.892182022541,86.07057123646581,25.089717864990234,28.825851440429688,0.1320473500183979,0.8545835688268368,562.4716696736537,-4529.55946991992,42.414971549115926,33.2112,33.2112,4505.38037109375,True,0.0,689,7.863017708938129e-10,0.11582670488121524,0.8416295660995271,True,690
3.800000000000,456,held_throttle,0.0,0.15,0.0,1,-12.309706687927246,149.5218963623047,0.4186376929283142,75.72822570800781,20.984676361083984,0.05692398548126221,2.158644437789917,asphalt,0.0,0.15,0.0,2850.064377337378,5,1.5786182880401611,-10.07837963104248,531.7373517373635,160.0,-0.0,5642.215228912474,6129.784771087526,1.727898359298706,53.04367700364152,True,-0.0,True,0,0,-13.271651268005371,32.94892883300781,0.08194731175899506,False,True,-13.689717292785645,149.21949768066406,-2.9802322387695312e-08,0.0,0.0,1.0,1399.0670166015625,1399.0670166015625,0.37163427472114563,0.028365731239318848,0.0,asphalt,True,-13.298727989196777,150.85458374023438,-1.4901161193847656e-08,0.0,0.0,1.0,4369.7958984375,4369.7958984375,0.3084506690502167,0.0915493369102478,0.0,asphalt,True,-11.550021171569824,148.7079315185547,-3.166496753692627e-08,0.0,0.0,1.0,1521.6466064453125,1521.6466064453125,0.3694200813770294,0.03057992458343506,0.0,asphalt,True,-11.159031867980957,150.343017578125,-1.4901161193847656e-08,0.0,0.0,1.0,4484.6328125,4484.6328125,0.30623647570610046,0.09376353025436401,0.0,asphalt,696,83.6572201840854,449.8877520029973,83.65877312908832,19.892658233642578,26.519262313842773,0.38779253815657805,0.9272177181303585,442.1129216179902,-1319.61832568376,0.0,0.0,-0.0,1395.5208740234375,True,0.0,695,2.819456496136322e-11,0.3600441258744977,0.911211764910359,True,696,79.26408953253099,452.92803284054855,79.2656424775339,22.79178237915039,26.47759246826172,0.1476570419373356,0.8600684284933074,595.8284529857053,-4388.391019941898,0.0,0.0,-0.0,4374.3203125,True,0.0,695,3.158906458065987e-09,0.1275126371539914,0.84502973803271,True,696,86.03516145051553,450.57250624022066,86.03671439551844,19.94733428955078,30.313058853149414,0.4233281934590525,0.9887868624761107,457.31592923009885,-1422.77640723177,42.05040721916609,33.2112,33.2112,1516.9080810546875,True,0.0,695,1.9463455559828327e-11,0.3946212435890458,0.9744662320770702,True,696,80.79641714028776,453.05449912242074,80.79797008529067,22.846458435058594,30.271390914916992,0.16704379946171646,0.9242805340323493,610.1579690300715,-4451.548575930389,42.05040721916609,33.2112,33.2112,4487.91357421875,True,0.0,695,8.079431136303821e-10,0.14725156773082076,0.9110533080387168,True,696
3.850000000000,462,held_throttle,0.0,0.15,0.0,1,-12.977198600769043,151.15953063964844,0.41864970326423645,80.71442413330078,18.51651954650879,0.061068516224622726,2.1282100677490234,asphalt,0.0,0.15,0.0,2721.153494463706,5,1.7562386989593506,-9.916245460510254,520.8227031218865,160.0,-0.0,5603.6713560947355,6168.3286439052645,1.765006184577942,57.445832902342964,True,-0.0,True,0,0,-13.452664375305176,32.475730895996094,0.08213990926742554,False,True,-14.303549766540527,150.7449188232422,-3.725290298461914e-09,0.0,0.0,1.0,1422.9151611328125,1422.9151611328125,0.3712613880634308,0.02873861789703369,0.0,asphalt,True,-14.056672096252441,152.40782165527344,-1.4901161193847656e-08,0.0,0.0,1.0,4340.16015625,4340.16015625,0.3089916408061981,0.09100836515426636,0.0,asphalt,True,-12.127386093139648,150.4219207763672,-2.0489096641540527e-08,0.0,0.0,1.0,1552.2906494140625,1552.2906494140625,0.36888906359672546,0.031110942363739014,0.0,asphalt,True,-11.880508422851562,152.08485412597656,1.4901161193847656e-08,0.0,0.0,1.0,4462.17578125,4462.17578125,0.306619256734848,0.09338074922561646,0.0,asphalt,702,79.39687588065674,453.9565610572955,79.39832272566666,17.418792724609375,27.728378295898438,0.5041782432831775,1.0099037096092152,477.07095393508746,-1305.4066305266183,0.0,0.0,-0.0,1418.5987548828125,True,0.0,701,3.1674844372445836e-11,0.4677041403655797,0.9936092457435196,True,702,73.42015111557535,456.7344964707753,73.42159796058527,20.38006591796875,27.684907913208008,0.18884060363994645,0.9362224976551979,642.5745722044778,-4294.338950521644,0.0,0.0,-0.0,4345.4326171875,True,0.0,701,3.081616092021793e-09,0.16403608927441704,0.9208227463039407,True,702,81.86833983021769,454.76280102962227,81.86978667522762,17.475818634033203,31.603635787963867,0.5459391465277957,1.0656768081226042,492.5373116101965,-1411.7395509570092,41.58236029893973,33.2112,33.2112,1546.8880615234375,True,0.0,701,2.3081508037223962e-11,0.508226084978606,1.0511696040128025,True,702,75.08430375379436,456.9411983573479,75.08575059880428,20.437143325805664,31.56015396118164,0.2123915678305964,0.9961371922693895,655.5868794014619,-4359.96592660544,41.58236029893973,33.2112,33.2112,4466.2841796875,True,0.0,701,8.377751540668496e-10,0.18790487271870815,0.9826671147505269,True,702
3.900000000000,468,held_throttle,0.0,0.15,0.0,1,-13.653023719787598,152.77337646484375,0.4186724126338959,85.801025390625,15.905454635620117,0.06502170860767365,2.092987537384033,asphalt,0.0,0.15,0.0,2580.4262523887114,5,1.9272167682647705,-9.713696479797363,509.6063834263722,160.0,-0.0,5564.677554401753,6207.322445598247,1.7972584962844849,61.9885738591792,True,-0.0,True,0,0,-13.599007606506348,31.99860954284668,0.08241235464811325,False,True,-14.914856910705566,152.24978637695312,-1.4901161193847656e-08,0.0,0.0,1.0,1452.392822265625,1452.392822265625,0.370820552110672,0.02917945384979248,0.0,asphalt,True,-14.816841125488281,153.92803955078125,1.4901161193847656e-08,0.0,0.0,1.0,4305.16162109375,4305.16162109375,0.30961325764656067,0.09038674831390381,0.0,asphalt,True,-12.718591690063477,152.12161254882812,-2.2351741790771484e-08,0.0,0.0,1.0,1587.832275390625,1587.832275390625,0.36829784512519836,0.03170216083526611,0.0,asphalt,True,-12.620577812194824,153.7998809814453,-3.725290298461914e-08,0.0,0.0,1.0,4433.787109375,4433.787109375,0.3070906102657318,0.09290939569473267,0.0,asphalt,708,74.81872405319477,457.8037144808865,74.82004091956655,14.803109169006348,28.765403747558594,0.6679049418380796,1.095525170193163,511.4028544785089,-1287.3473840804845,0.0,0.0,-0.0,1447.001953125,True,0.0,707,3.5140084777598597e-11,0.6179750822348876,1.079004445830373,True,708,67.16441555594322,460.2374744708817,67.165732422315,17.818449020385742,28.720327377319336,0.24389373666044478,1.0155027188520562,685.990607314088,-4183.673754274682,0.0,0.0,-0.0,4311.43408203125,True,0.0,707,3.0711467384636667e-09,0.21270116877298267,0.9997785014642336,True,708,77.37005747240556,458.73573256610825,77.37137433877734,14.862274169921875,32.711448669433594,0.7179146794079125,1.1443352037917744,526.5055232755901,-1394.6999104590232,41.024447582901445,33.2112,33.2112,1581.4925537109375,True,0.0,707,2.5892660861221445e-11,0.6663109946496066,1.1296901796282037,True,708,68.95887039344609,460.5309568192582,68.96018725981787,17.877639770507812,32.66636657714844,0.27289885700559774,1.0700440256366914,697.3468705344703,-4249.388864917326,41.024447582901445,33.2112,33.2112,4439.01171875,True,0.0,707,8.759625070699118e-10,0.24195956945914648,1.056361963667859,True,708
3.950000000000,474,held_throttle,0.0,0.15,0.0,1,-14.335431098937988,154.36338806152344,0.41870957612991333,90.97383880615234,13.172245025634766,0.06869997829198837,2.051039457321167,asphalt,0.0,0.15,0.0,2428.1333989482187,5,2.083993434906006,-9.451335906982422,498.1913994510064,160.0,0.0,5526.0007756808745,6245.9992243191255,1.8244279623031616,66.66244502542814,True,0.0,True,0,0,-13.709973335266113,31.522260665893555,0.08275149762630463,False,True,-15.522099494934082,153.735595703125,1.862645149230957e-08,0.0,0.0,1.0,1490.2589111328125,1490.2589111328125,0.3702826201915741,0.02971738576889038,0.0,asphalt,True,-15.57617473602295,155.415771484375,-1.4901161193847656e-08,0.0,0.0,1.0,4262.73291015625,4262.73291015625,0.31034740805625916,0.08965259790420532,0.0,asphalt,True,-13.323240280151367,153.8064422607422,-5.587935447692871e-09,0.0,0.0,1.0,1630.748046875,1630.748046875,0.3676208555698395,0.032379150390625,0.0,asphalt,True,-13.377314567565918,155.48663330078125,2.9802322387695312e-08,0.0,0.0,1.0,4397.19287109375,4397.19287109375,0.307685524225235,0.09231448173522949,0.0,asphalt,714,69.93634422082683,461.41362872307434,69.93750211078437,12.066043853759766,29.608137130737305,0.9127225023039729,1.1838201145120446,543.566462313627,-1262.582615319461,0.0,0.0,-0.0,1483.1898193359375,True,0.0,713,3.818591786989196e-11,0.8399850138910456,1.1671395789575394,True,714,60.53794572669413,463.4174179367405,60.53910361665167,15.126832008361816,29.561681747436523,0.3206679414940207,1.0978293856144832,724.2352639539209,-4048.764917198837,0.0,0.0,-0.0,4270.4482421875,True,0.0,713,3.1000722292538395e-09,0.28015880238417085,1.0818203922287126,True,714,72.5593129507998,462.4751650554759,72.56047084075733,12.126981735229492,33.61381530761719,0.9744874525706377,1.2245559504484675,557.2838026932301,-1367.8472932225675,40.385895699389856,33.2112,33.2112,1622.9217529296875,True,0.0,713,3.0114139037943826e-11,0.8993265880846911,1.209818051000432,True,714,62.46283199019617,463.804187757244,62.46398988015371,15.187797546386719,33.56736373901367,0.3571905007167185,1.14590081833292,733.4368605618407,-4111.327139468655,40.385895699389856,33.2112,33.2112,4404.001953125,True,0.0,713,9.075094101994052e-10,0.31679208464966846,1.1320314561302585,True,714
4.000000000000,480,held_throttle,0.0,0.15,0.0,1,-15.0226469039917,155.92965698242188,0.41876479983329773,96.2181396484375,10.340888023376465,0.07198914885520935,1.9993057250976562,asphalt,0.0,0.15,0.0,2264.9345018908343,5,2.2152905464172363,-9.09335708618164,486.7212373855655,160.0,0.0,5488.742676344446,6283.257323655554,1.8463352918624878,71.45809799038685,True,0.0,True,0,0,-13.785469055175781,31.053003311157227,0.08319850265979767,False,True,-16.12395668029785,155.20388793945312,3.725290298461914e-09,0.0,0.0,1.0,1541.5438232421875,1541.5438232421875,0.3695993721485138,0.030400633811950684,0.0,asphalt,True,-16.331676483154297,156.8720245361328,-2.9802322387695312e-08,0.0,0.0,1.0,4209.0810546875,4209.0810546875,0.3112437427043915,0.088756263256073,0.0,asphalt,True,-13.940829277038574,155.47584533691406,-2.9802322387695312e-08,0.0,0.0,1.0,1685.5675048828125,1685.5675048828125,0.36681440472602844,0.033185601234436035,0.0,asphalt,True,-14.148550033569336,157.1439666748047,2.2351741790771484e-08,0.0,0.0,1.0,4348.20947265625,4348.20947265625,0.30845871567726135,0.09154129028320312,0.0,asphalt,720,64.78574723992682,464.77193586570655,64.78670311030186,9.231191635131836,30.239089965820312,1.3159844832828587,1.2745085445814663,570.2671917669248,-1224.8201142084104,0.0,0.0,-0.0,1531.7286376953125,True,0.0,719,4.28730535263048e-11,1.1986066065018188,1.2577369956035431,True,720,53.60432491443648,466.25740025969725,53.60528078481152,12.328676223754883,30.191516876220703,0.43481967574751174,1.1831133065604358,754.4364727061446,-3876.0171742939015,0.0,0.0,-0.0,4219.0615234375,True,0.0,719,3.107598067127882e-09,0.3794795030012122,1.1668672409595306,True,720,67.48256688769072,465.9665770210448,67.48352275806576,9.29365348815918,34.2928581237793,1.396177897240375,1.3061448246863918,580.953016110537,-1323.3031046204055,39.67368257997086,33.2112,33.2112,1675.306884765625,True,0.0,719,3.295349826524146e-11,1.274997438527366,1.2913638109909589,True,720,55.663352778789346,466.7440571839733,55.66430864916438,12.391108512878418,34.245277404785156,0.4824264026022513,1.223618039967651,760.7366205100706,-3930.893200966101,39.67368257997086,33.2112,33.2112,4357.51904296875,True,0.0,719,9.433464506758624e-10,0.42689816224486915,1.2095917038886952,True,720
4.050000000000,486,held_throttle,0.0,0.15,0.0,1,-15.712907791137695,157.4727783203125,0.41884487867355347,101.5186996459961,7.437351226806641,0.07468899339437485,1.932203769683838,asphalt,0.0,0.15,0.0,2092.1780050779266,5,2.293630838394165,-8.564708709716797,475.41182698509186,160.0,0.0,5454.8293335097105,6317.1706664902895,1.862907886505127,76.36672120795264,True,0.0,True,0,0,-13.826292037963867,30.600143432617188,0.08389037847518921,False,True,-16.719377517700195,156.65673828125,1.4901161193847656e-08,0.0,0.0,1.0,1616.5274658203125,1616.5274658203125,0.3686812222003937,0.0313187837600708,0.0,asphalt,True,-17.080524444580078,158.29843139648438,7.450580596923828e-09,0.0,0.0,1.0,4136.349609375,4136.349609375,0.31239619851112366,0.08760380744934082,0.0,asphalt,True,-14.570772171020508,157.12950134277344,3.725290298461914e-09,0.0,0.0,1.0,1761.4942626953125,1761.4942626953125,0.3657975494861603,0.0342024564743042,0.0,asphalt,True,-14.931917190551758,158.77117919921875,-7.450580596923828e-09,0.0,0.0,1.0,4278.228515625,4278.228515625,0.30951252579689026,0.09048748016357422,0.0,asphalt,726,59.45798867838397,467.8673436580612,59.45866516502514,6.32433557510376,30.64753532409668,2.1024818387415816,1.3672957395926466,582.833118062011,-1157.7003817680334,0.0,0.0,-0.0,1601.648193359375,True,0.0,725,4.357336342022063e-11,1.8735252583211366,1.3505030304141492,True,726,46.466308869919786,468.7446361570141,46.466985356560954,9.449481964111328,30.599103927612305,0.6227219635225366,1.2712715372148475,771.2365819078659,-3638.859462802188,0.0,0.0,-0.0,4150.35888671875,True,0.0,725,3.0433101054089422e-09,0.5402648541616386,1.2548336729327243,True,726,62.24901734096599,469.1992417044367,62.24969382760716,6.387908935546875,34.73768615722656,2.215790320398508,1.3889381568836074,587.8914714309163,-1242.0410731461222,38.894334315466125,33.2112,33.2112,1746.7171630859375,True,0.0,725,3.0846656194430616e-11,1.9799603995094253,1.374155063660236,True,726,48.67038790363687,469.33814111063293,48.67106439027804,9.51302719116211,34.68925094604492,0.6883403868667101,1.3031409208088471,773.4029865832183,-3679.5281761430438,38.894334315466125,33.2112,33.2112,4291.96484375,True,0.0,725,8.767571380653774e-10,0.6049894316604871,1.2889779685124836,True,726
4.100000000000,492,held_throttle,0.0,0.15,0.0,1,-16.404521942138672,158.99386596679688,0.41896551847457886,106.86046600341797,4.48668098449707,0.07639878243207932,1.8381561040878296,asphalt,0.0,0.15,0.0,1912.6233202370975,5,2.246476173400879,-7.681168079376221,464.63334355773867,160.0,0.0,5428.40151598636,6343.59848401364,1.8743380308151245,81.38217098242725,True,0.0,True,0,0,-13.834786415100098,30.17978286743164,0.0851820856332779,False,True,-17.3076229095459,158.09666442871094,2.0489096641540527e-08,0.0,0.0,1.0,1739.3543701171875,1739.3543701171875,0.3673402965068817,0.032659709453582764,0.0,asphalt,True,-17.820158004760742,159.6974639892578,-2.9802322387695312e-08,0.0,0.0,1.0,4026.38720703125,4026.38720703125,0.3140062391757965,0.08599376678466797,0.0,asphalt,True,-15.212421417236328,158.767578125,-2.60770320892334e-08,0.0,0.0,1.0,1880.0462646484375,1880.0462646484375,0.3644002377986908,0.03559976816177368,0.0,asphalt,True,-15.724956512451172,160.36837768554688,-7.450580596923828e-09,0.0,0.0,1.0,4167.32763671875,4167.32763671875,0.31106600165367126,0.08893400430679321,0.0,asphalt,732,54.211390456445734,470.6968353812945,54.21161665979795,3.3704051971435547,30.8339900970459,4.3078955805636685,1.4619204690357397,552.6434865973428,-1010.1148884976687,0.0,0.0,-0.0,1713.6278076171875,True,0.0,731,2.800483205228768e-11,3.610233998217922,1.445174608637774,True,732,39.30935481859867,470.87343756683293,39.30958102195088,6.514542102813721,30.78496551513672,0.9912507871481463,1.3622584206622184,762.3863226994141,-3279.163270524935,0.0,0.0,-0.0,4048.723876953125,True,0.0,731,2.6731122717380964e-09,0.8460222646214058,1.3456711226092162,True,732,57.14230576880149,472.17183912632197,57.142531972153705,3.434718132019043,34.94922637939453,4.4901043343023135,1.472833535589665,549.20683387677,-1069.9941243383953,38.05605128838944,33.2112,33.2112,1855.6151123046875,True,0.0,731,2.069225373352939e-11,3.7789377391136094,1.4580871990973132,True,732,41.68273605998867,471.5816265169594,41.68296226334088,6.578854560852051,34.90020751953125,1.0908355356642454,1.384477936505344,758.358583897197,-3296.680875690986,38.05605128838944,33.2112,33.2112,4190.212890625,True,0.0,731,6.912825367776733e-10,0.9427276425578844,1.3701879776826635,True,732
4.150000000000,498,held_throttle,0.0,0.15,0.0,1,-17.09596824645996,160.4951171875,0.4191664457321167,112.22974395751953,1.5051307678222656,0.07665795832872391,1.6888439655303955,asphalt,0.0,0.15,0.0,1835.999155409047,4,1.8287255764007568,-5.902738094329834,455.1794892074159,160.0,0.0,5421.107465470318,6350.892534529682,1.881798267364502,86.50765934144854,True,0.0,True,0,0,-13.816426277160645,29.827497482299805,0.08810149133205414,False,True,-17.88839340209961,159.52743530273438,1.4901161193847656e-08,0.0,0.0,1.0,1974.454345703125,1974.454345703125,0.3651205599308014,0.034879446029663086,0.0,asphalt,True,-18.548513412475586,161.0730743408203,0.0,0.0,0.0,1.0,3826.47314453125,3826.47314453125,0.31659838557243347,0.083401620388031,0.0,asphalt,True,-15.865218162536621,160.3916015625,-7.450580596923828e-09,0.0,0.0,1.0,2106.991943359375,2106.991943359375,0.3621792495250702,0.03782075643539429,0.0,asphalt,True,-16.52533721923828,161.93722534179688,2.2351741790771484e-08,0.0,0.0,1.0,3963.171142578125,3963.171142578125,0.3136570155620575,0.08634299039840698,0.0,asphalt,738,49.95570003463954,473.28443412367676,49.95558545961112,0.38575172424316406,30.822803497314453,16.099629287187884,1.5383641906002614,367.2448343865009,-604.0487143107897,0.0,0.0,-0.0,1921.957275390625,True,0.0,737,1.482295011829285e-12,15.588033916981503,1.538305685316399,True,738,32.54374279514667,472.6524827609567,32.54362822011825,3.54213809967041,30.77338981628418,2.031907514672476,1.4561967280157557,690.9693064312677,-2647.4327795404565,0.0,0.0,-0.0,3869.99951171875,True,0.0,737,1.550269839917502e-09,1.646761370176693,1.4394809694233357,True,738,53.46959761144748,474.9186805272315,53.469483036419064,0.45059967041015625,34.95444869995117,17.194367541367512,1.542195466172892,358.5998956753489,-625.4341976243338,30.229432653424766,6.2271,6.2271,2057.074951171875,True,0.0,737,1.2297111682519208e-12,16.682094831244267,1.5421625925998788,True,738,35.50509223242506,473.49244988598235,35.504977657396644,3.6069583892822266,34.905025482177734,2.2483547554957664,1.4678254472856533,689.1777107471959,-2633.752282730918,30.229432653424766,6.2271,6.2271,4008.119140625,True,0.0,737,3.43511303514713e-10,1.8487019296490002,1.453386051746584,True,738
4.200000000000,504,held_throttle,0.0,0.15,0.0,1,-17.786222457885742,161.98072814941406,0.4195426404476166,117.6117172241211,-1.482041358947754,0.07476326823234558,1.438358187675476,asphalt,0.0,0.15,0.0,1764.4661163094368,4,1.828784465789795,-4.317351341247559,447.9960034564781,160.0,0.0,5437.121511886401,6334.878488113599,1.8775594234466553,88.2680484276619,True,0.0,True,0,0,-13.79119873046875,29.564653396606445,0.09265709668397903,False,True,-18.462379455566406,160.95449829101562,1.1175870895385742e-08,0.0,0.0,1.0,2279.3564453125,2279.3564453125,0.36152806878089905,0.03847193717956543,0.0,asphalt,True,-19.26441192626953,162.43125915527344,2.2351741790771484e-08,0.0,0.0,1.0,3538.35107421875,3538.35107421875,0.32082173228263855,0.07917827367782593,0.0,asphalt,True,-16.52913475036621,162.00454711914062,-1.862645149230957e-08,0.0,0.0,1.0,2391.018798828125,2391.018798828125,0.3586808741092682,0.04131913185119629,0.0,asphalt,True,-17.331165313720703,163.4812774658203,-7.450580596923828e-09,0.0,0.0,1.0,3661.973876953125,3661.973876953125,0.3179745376110077,0.08202546834945679,0.0,asphalt,744,45.65356705435065,475.6767614995925,45.65247770868687,-2.5990028381347656,30.633190155029297,6.796714380946173,1.486156317065379,632.6608927266789,-941.2791852721845,0.0,0.0,-0.0,2231.34619140625,True,0.0,743,2.9817177299832576e-11,8.20458565456973,1.502634484127839,True,744,27.3363398864422,474.1276976754544,27.335250540778414,0.5499210357666016,30.58401107788086,8.471071126759325,1.5381111480876175,425.3765625904444,-1362.0448133228958,0.0,0.0,-0.0,3588.056884765625,True,0.0,743,9.902549392571297e-11,7.5077637291074675,1.5361452726903375,True,744,49.87681668254841,477.50565107199174,49.87572733688462,-2.5344552993774414,34.75556564331055,7.494235471142071,1.49800288853767,601.4667819441655,-942.6310900587878,22.186355223150727,6.2271,6.2271,2346.475341796875,True,0.0,743,9.495403454739563e-12,9.118458869567858,1.512549045641707,True,744,30.847050803880517,475.1316914512895,30.84596145821673,0.6144161224365234,34.70635986328125,9.565110642844047,1.5419911334840115,427.20828102640877,-1364.6262265542182,22.186355223150727,6.2271,6.2271,3714.049560546875,True,0.0,743,7.95340798905929e-12,8.086839114021952,1.5385473968564607,True,744
4.250000000000,510,held_throttle,0.0,0.15,0.0,1,-18.475366592407227,163.45375061035156,0.42010417580604553,122.9557113647461,-4.3866777420043945,0.07070058584213257,1.1541364192962646,asphalt,0.0,0.15,0.0,1650.9888470301053,4,2.737473964691162,-5.443239688873291,441.49869883943,160.0,0.0,5422.815022750026,6349.184977249974,1.856420636177063,83.06792460193884,True,0.0,True,0,0,-13.7678804397583,29.300479888916016,0.09133492410182953,False,True,-19.031719207763672,162.38040161132812,-2.2351741790771484e-08,0.0,0.0,1.0,2289.39111328125,2289.39111328125,0.35804107785224915,0.04195892810821533,0.0,asphalt,True,-19.96746063232422,163.77606201171875,-7.450580596923828e-09,0.0,0.0,1.0,3401.51708984375,3401.51708984375,0.32520171999931335,0.07479828596115112,0.0,asphalt,True,-17.20444679260254,163.6055908203125,-1.4901161193847656e-08,0.0,0.0,1.0,2399.503662109375,2399.503662109375,0.35534611344337463,0.044653892517089844,0.0,asphalt,True,-18.140188217163086,165.00123596191406,-4.470348358154297e-08,0.0,0.0,1.0,3520.829833984375,3520.829833984375,0.32250675559043884,0.07749325037002563,0.0,asphalt,750,37.8106333989216,477.7578043279781,37.809464391650074,-5.494816780090332,30.17083168029785,3.270777993336296,1.3906473168167295,956.5173941127513,-1378.0871249984546,0.0,0.0,-0.0,2323.72509765625,True,0.0,749,4.845949699536479e-10,3.4957368879175323,1.4068207484656081,True,750,22.906500581696413,475.3826876050568,22.905331574424885,-2.38165283203125,30.12275505065918,4.173907250584804,1.4918955561709761,616.2748407309901,-1640.838799325578,0.0,0.0,-0.0,3399.31640625,True,0.0,749,1.2523775274271228e-10,5.008961467805205,1.5083919123662763,True,750,42.67168052597852,479.81605005973694,42.670511518706995,-5.431766510009766,34.24681854248047,3.5924631604880224,1.4135001192189438,930.9506504124867,-1399.3330567500914,16.806146110835066,6.2271,6.2271,2431.19189453125,True,0.0,749,2.2750111109822805e-10,3.8515035114389238,1.4278341669367087,True,750,26.905702249210215,476.57527062651525,26.904533241938687,-2.318624496459961,34.198726654052734,4.829374595065095,1.503101360994786,592.8256130824401,-1581.195055453143,16.806146110835066,6.2271,6.2271,3517.71142578125,True,0.0,749,6.859801989231461e-11,5.85613273766869,1.5174950270301442,True,750
4.300000000000,516,held_throttle,0.0,0.15,0.0,1,-19.16274642944336,164.9117431640625,0.42043745517730713,128.2474822998047,-7.15433406829834,0.0699327290058136,1.052380919456482,asphalt,0.0,0.15,0.0,1479.0827587835745,4,3.456542491912842,-6.799192428588867,432.6353665427724,160.0,0.0,5352.3066205358155,6419.6933794641845,1.8441740274429321,77.94432743376709,True,0.0,True,0,0,-13.7109375,28.950593948364258,0.07882130146026611,False,True,-19.595661163330078,163.8007354736328,-1.1175870895385742e-08,0.0,0.0,1.0,2015.1402587890625,2015.1402587890625,0.3573753535747528,0.04262465238571167,0.0,asphalt,True,-20.655977249145508,165.10423278808594,-1.4901161193847656e-08,0.0,0.0,1.0,3591.801513671875,3591.801513671875,0.32633301615715027,0.07366698980331421,0.0,asphalt,True,-17.889026641845703,165.18905639648438,1.1175870895385742e-08,0.0,0.0,1.0,2152.39990234375,2152.39990234375,0.3546692430973053,0.04533076286315918,0.0,asphalt,True,-18.949342727661133,166.4925537109375,7.450580596923828e-09,0.0,0.0,1.0,3735.763916015625,3735.763916015625,0.32362696528434753,0.07637304067611694,0.0,asphalt,756,28.812313375445967,479.40442409242934,28.812647789168125,-8.267058372497559,29.344369888305664,2.1501144645994184,1.2961882514375167,972.3413342956086,-1378.6261805544905,0.0,0.0,-0.0,2044.0787353515625,True,0.0,755,5.260104595101705e-10,2.2209874606431037,1.3120930485353104,True,756,15.162207097890493,476.33045438681165,15.16254151161265,-5.1744890213012695,29.296932220458984,1.966960857720708,1.3959770855005664,964.5747246993172,-2435.8864498474354,0.0,0.0,-0.0,3526.57275390625,True,0.0,755,3.619965967763565e-09,2.065973227972855,1.4124092097289505,True,756,33.980192016440846,481.7156476407222,33.980526430163,-8.204839706420898,33.39347457885742,2.3666889015089603,1.3298670198916849,977.2464762149771,-1440.0527770132874,13.135165482900296,6.2271,6.2271,2177.123779296875,True,0.0,755,3.2148008491543534e-10,2.45121530934445,1.3440554411746213,True,756,19.539883371622114,477.73440565374455,19.54021778534427,-5.112272262573242,33.346038818359375,2.261310270941955,1.4186710599790708,959.0658252447153,-2411.2826905665574,13.135165482900296,6.2271,6.2271,3659.61767578125,True,0.0,755,1.6659527691828322e-09,2.389368073176406,1.432956969588283,True,756
4.350000000000,522,held_throttle,0.0,0.15,0.0,1,-19.846311569213867,166.35104370117188,0.4202335774898529,133.51235961914062,-9.788372993469238,0.07613760977983475,1.162951946258545,asphalt,0.0,0.15,0.0,1264.396362145227,4,3.8895249366760254,-7.8345794677734375,421.9444281559624,160.0,0.0,5264.297588477177,6507.702411522823,1.837581753730774,72.82245185880701,True,0.0,True,0,0,-13.605268478393555,28.547496795654297,0.07668422907590866,False,True,-20.15230941772461,165.21238708496094,1.862645149230957e-08,0.0,0.0,1.0,1802.9044189453125,1802.9044189453125,0.3592882454395294,0.04071176052093506,0.0,asphalt,True,-21.327749252319336,166.41319274902344,0.0,0.0,0.0,1.0,3930.885986328125,3930.885986328125,0.3242606222629547,0.07573938369750977,0.0,asphalt,True,-18.58018684387207,166.75135803222656,1.4901161193847656e-08,0.0,0.0,1.0,1970.9337158203125,1970.9337158203125,0.3562993109226227,0.0437006950378418,0.0,asphalt,True,-19.75562858581543,167.95217895507812,1.4901161193847656e-08,0.0,0.0,1.0,4121.31591796875,4121.31591796875,0.321271687746048,0.0787283182144165,0.0,asphalt,762,19.91799174623632,480.60315461563636,19.920208496992228,-10.916341781616211,28.222023010253906,1.6021190438840252,1.2017188440039135,952.6976272881806,-1321.2358104351842,0.0,0.0,-0.0,1839.8277587890625,True,0.0,761,4.769435872720855e-10,1.6286915937469746,1.2173499092643463,True,762,4.933042989449392,476.81888188020446,4.935259740205298,-7.834728240966797,28.17490005493164,1.207780555553439,1.2995738000194437,1175.7819563169842,-3080.7514923015615,0.0,0.0,-0.0,3886.402587890625,True,0.0,761,1.8049547896998545e-08,1.2208131736307208,1.3159420419973815,True,762,25.051800717343767,483.1731074320232,25.054017468099673,-10.854573249816895,32.256614685058594,1.761623146894596,1.246192291389368,983.3091476955112,-1422.219813441156,10.542347090153937,6.2271,6.2271,2002.351806640625,True,0.0,761,3.428988016475854e-10,1.7952997064807936,1.2602534580825617,True,762,9.352984045966657,478.4443484399614,9.355200796722563,-7.7729339599609375,32.209510803222656,1.3970810444380142,1.3339996563837657,1202.3312622193841,-3114.4822281086463,10.542347090153937,6.2271,6.2271,4069.135009765625,True,0.0,761,8.741642107392187e-09,1.4215164126045212,1.348234657294815,True,762
4.400000000000,528,held_throttle,0.0,0.15,0.0,1,-20.5234317779541,167.7695770263672,0.42002469301223755,138.75784301757812,-12.283315658569336,0.08809095621109009,1.3740328550338745,asphalt,0.0,0.15,0.0,1121.0175659288284,4,3.9781761169433594,-8.416913032531738,410.09306674164867,160.0,0.0,5184.121626203316,6587.878373796684,1.8292126655578613,67.6523004907883,True,0.0,True,0,0,-13.443402290344238,28.122007369995117,0.08015280961990356,False,True,-20.700305938720703,166.61436462402344,-1.4901161193847656e-08,0.0,0.0,1.0,1604.564697265625,1604.564697265625,0.36256328225135803,0.037436723709106445,0.0,asphalt,True,-21.980640411376953,167.70286560058594,-2.9802322387695312e-08,0.0,0.0,1.0,4104.8115234375,4104.8115234375,0.3211783468723297,0.07882165908813477,0.0,asphalt,True,-19.27536964416504,168.29054260253906,-3.3527612686157227e-08,0.0,0.0,1.0,1804.07421875,1804.07421875,0.3590916693210602,0.0409083366394043,0.0,asphalt,True,-20.55570411682129,169.37905883789062,3.725290298461914e-08,0.0,0.0,1.0,4334.29833984375,4334.29833984375,0.3177066147327423,0.08229339122772217,0.0,asphalt,768,11.426339232143478,481.3672717551583,11.429560900446491,-13.43063735961914,26.8443660736084,1.2807530160813063,1.106896798781793,902.3995526585131,-1210.9717898653087,0.0,0.0,-0.0,1633.5443115234375,True,0.0,767,3.506936748498521e-10,1.290227926098264,1.1222191510872777,True,768,-6.362825147267335,476.76082158569733,-6.359603478964322,-10.362812995910645,26.797672271728516,0.797378154037247,1.2018028121794315,1221.856352457868,-3508.1792264876053,0.0,0.0,-0.0,4085.66015625,True,0.0,767,3.5918524362208294e-08,0.7883954608299839,1.2180534180041969,True,768,16.235443475684686,484.18617971532683,16.2386651439877,-13.369373321533203,30.86055564880371,1.4007440153044903,1.161984916543675,956.3767759386341,-1352.0746533355152,8.6871362353965,6.2271,6.2271,1828.02685546875,True,0.0,767,3.0775866906862653e-10,1.4142910915712479,1.1759074754418453,True,768,-2.144503068293444,478.60144878920534,-2.141281399990431,-10.301527976989746,30.813886642456055,0.9313028111831977,1.2481630154310608,1276.9114799421534,-3597.823634869254,8.6871362353965,6.2271,-6.2271,4309.38818359375,True,0.0,767,1.832292515028437e-08,0.9283308650798926,1.262369772745386,True,768
4.450000000000,534,held_throttle,0.0,0.15,0.0,1,-21.191307067871094,169.16683959960938,0.41996943950653076,143.9716796875,-14.62195110321045,0.1022285595536232,1.5839316844940186,asphalt,0.0,0.15,0.0,1034.0539300708929,4,3.927999496459961,-8.738840103149414,397.8047861968225,160.0,0.0,5125.629668687427,6646.370331312573,1.8136266469955444,62.419158473290224,True,0.0,True,0,0,-13.227057456970215,27.700233459472656,0.08133018016815186,False,True,-21.238786697387695,168.00697326660156,-2.60770320892334e-08,0.0,0.0,1.0,1475.478271484375,1475.478271484375,0.3658182919025421,0.03418171405792236,0.0,asphalt,True,-22.612743377685547,168.97488403320312,-2.2351741790771484e-08,0.0,0.0,1.0,4166.2890625,4166.2890625,0.3184654414653778,0.08153456449508667,0.0,asphalt,True,-19.971853256225586,169.8055419921875,-1.1175870895385742e-08,0.0,0.0,1.0,1700.76708984375,1700.76708984375,0.3618023693561554,0.03819763660430908,0.0,asphalt,True,-21.345809936523438,170.77349853515625,-7.450580596923828e-09,0.0,0.0,1.0,4421.2138671875,4421.2138671875,0.3144495189189911,0.08555048704147339,0.0,asphalt,774,3.3157816126469504,481.7180142153385,3.3189835010554622,-15.787088394165039,25.244659423828125,1.0693103062992868,1.0119356660052936,871.80033175406,-1121.5149092721078,0.0,0.0,-0.0,1491.63232421875,True,0.0,773,3.0976008396761386e-10,1.0711600986665604,1.0268910193631178,True,774,-17.522418198510355,476.1380545366689,-17.519216310101843,-12.74515151977539,25.198741912841797,0.5463060602664125,1.102531250483999,1167.675548158064,-3771.103256858439,0.0,0.0,-0.0,4160.6064453125,True,0.0,773,4.567409271749051e-08,0.5311452503947869,1.1185715728267045,True,774,7.338592336414028,484.7504345290639,7.34179422482254,-15.726829528808594,29.226573944091797,1.1539875196447233,1.0771350076995045,940.5043550644092,-1300.1976607237498,16.713091706943413,8.876973828996444,8.876973828996444,1713.293212890625,True,0.0,773,3.243114671751278e-10,1.1581055415018215,1.0908823022512928,True,774,-13.092973181469606,478.20134375418814,-13.089771293061094,-12.684843063354492,29.180727005004883,0.659382372465681,1.1607390103537285,1267.0723008561872,-3896.693878918733,16.713091706943413,8.876973828996444,-8.876973828996444,4412.49267578125,True,0.0,773,2.6183742762410103e-08,0.6483070201256833,1.1748968058048257,True,774
4.500000000000,540,held_throttle,0.0,0.15,0.0,1,-21.847305297851562,170.54331970214844,0.419930100440979,149.12924194335938,-16.778446197509766,0.11514987051486969,1.7426996231079102,asphalt,0.0,0.15,0.0,981.30781864297,4,3.859116554260254,-8.95273494720459,385.51088843061126,160.0,0.0,5088.256017952795,6683.743982047205,1.7879763841629028,57.137890952022964,True,0.0,True,0,0,-12.960883140563965,27.295795440673828,0.07942690700292587,False,True,-21.767131805419922,169.39065551757812,-1.30385160446167e-08,0.0,0.0,1.0,1415.10400390625,1415.10400390625,0.36822596192359924,0.031774044036865234,0.0,asphalt,True,-23.222471237182617,170.2315216064453,2.9802322387695312e-08,0.0,0.0,1.0,4181.5185546875,4181.5185546875,0.3165052831172943,0.08349472284317017,0.0,asphalt,True,-20.666627883911133,171.2956085205078,-3.725290298461914e-09,0.0,0.0,1.0,1659.538330078125,1659.538330078125,0.36372318863868713,0.036276817321777344,0.0,asphalt,True,-22.121965408325195,172.13648986816406,-3.725290298461914e-08,0.0,0.0,1.0,4451.69580078125,4451.69580078125,0.31200262904167175,0.08799737691879272,0.0,asphalt,780,-4.68785865044202,481.6673255077268,-4.685180961135582,-17.956459045410156,23.450828552246094,0.9138475269130919,0.9173184130349116,873.4701718650081,-1074.3058262048467,0.0,0.0,-0.0,1422.115478515625,True,0.0,779,3.753218354606078e-10,0.9119977579709194,0.9318384418764373,True,780,-27.949293336908703,474.9756863087076,-27.946615647602265,-14.957319259643555,23.406211853027344,0.38336097257312474,1.0021701302681747,1072.3257269329756,-3942.2156129869322,0.0,0.0,-0.0,4181.61962890625,True,0.0,779,4.901387302796426e-08,0.3673185921854888,1.017891249295344,True,780,-1.223535610380282,484.8773604697461,-1.220857921073844,-17.897842407226562,27.37639617919922,0.977440479012014,0.9917760237466035,952.4331037957021,-1280.122344026206,21.643177555266256,41.514,-41.514,1662.206787109375,True,0.0,779,4.351973874535513e-10,0.9769549261817905,1.0052951102339807,True,780,-23.120404815576574,477.270280797685,-23.117727126270136,-14.89869499206543,27.331804275512695,0.48789249036887977,1.0717192702616665,1226.6640106883626,-4083.940704159064,21.643177555266256,41.514,-41.514,4446.97509765625,True,0.0,779,3.379016395362273e-08,0.4749540662893737,1.0857801698029466,True,780
4.550000000000,546,held_throttle,0.0,0.15,0.0,1,-22.48904800415039,171.9000701904297,0.41977831721305847,154.20074462890625,-18.72641372680664,0.1275976002216339,1.8445408344268799,asphalt,0.0,0.15,0.0,949.3156848813157,4,3.8062736988067627,-9.12895393371582,373.43971431896534,160.0,0.0,5065.259146291852,6706.740853708148,1.7513903379440308,51.837490691039925,True,0.0,True,0,0,-12.650145530700684,26.914745330810547,0.07669032365083694,False,True,-22.28480339050293,170.76577758789062,1.862645149230957e-08,0.0,0.0,1.0,1394.19921875,1394.19921875,0.3696844279766083,0.0303155779838562,0.0,asphalt,True,-23.808637619018555,171.4752197265625,3.725290298461914e-08,0.0,0.0,1.0,4185.1328125,4185.1328125,0.3152153789997101,0.0847846269607544,0.0,asphalt,True,-21.356416702270508,172.76031494140625,2.2351741790771484e-08,0.0,0.0,1.0,1659.428955078125,1659.428955078125,0.3647069036960602,0.0352931022644043,0.0,asphalt,True,-22.8802547454834,173.4697265625,0.0,0.0,0.0,1.0,4474.2666015625,4474.2666015625,0.310237854719162,0.08976215124130249,0.0,asphalt,786,-12.81949009406575,481.21365258677287,-12.817081006571735,-19.91057586669922,21.49347686767578,0.7875284090543475,0.8236101352855835,894.2118948651347,-1055.5590687282381,0.0,0.0,-0.0,1395.8564453125,True,0.0,785,5.842154101326414e-10,0.7838307650895576,0.8376241755714383,True,786,-37.419964391547374,473.3173717438149,-37.41755530405336,-16.972660064697266,21.450695037841797,0.2724423748463915,0.9014193719089137,962.8878571852538,-4065.0953771021245,0.0,0.0,-0.0,4183.58984375,True,0.0,785,5.0309800287495695e-08,0.2574637501667698,0.9167124326435981,True,786,-8.42718606435086,484.62271679580044,-8.424776976856844,-19.854270935058594,25.338748931884766,0.859930822424451,0.9061643637606783,1000.8034668655976,-1275.6995663201676,24.674363157794904,41.514,-41.514,1658.3095703125,True,0.0,785,7.379985251970339e-10,0.8574860319997434,0.9193961176943394,True,786,-32.4487876949372,475.85884570863755,-32.44637860744319,-16.91636848449707,25.295917510986328,0.36699771294632966,0.9813603508250456,1167.633129218074,-4232.066447777299,24.674363157794904,41.514,-41.514,4470.72900390625,True,0.0,785,4.268161084070532e-08,0.35436952901726027,0.9952594008756701,True,786
4.600000000000,552,held_throttle,0.0,0.15,0.0,1,-23.1143798828125,173.23834228515625,0.4195018708705902,159.15423583984375,-20.44670295715332,0.13810108602046967,1.9060232639312744,asphalt,0.0,0.15,0.0,954.4472924627487,4,3.734966993331909,-9.304742813110352,361.7441364101382,160.0,0.0,5052.633536041332,6719.366463958668,1.7035874128341675,46.54739451356693,True,0.0,True,0,0,-12.298054695129395,26.561691284179688,0.07522228360176086,False,True,-22.791181564331055,172.1325225830078,3.725290298461914e-09,0.0,0.0,1.0,1389.835205078125,1389.835205078125,0.37043246626853943,0.02956753969192505,0.0,asphalt,True,-24.370407104492188,172.70838928222656,-2.2351741790771484e-08,0.0,0.0,1.0,4204.201171875,4204.201171875,0.3142940104007721,0.08570599555969238,0.0,asphalt,True,-22.037681579589844,174.199462890625,1.1175870895385742e-08,0.0,0.0,1.0,1665.572265625,1665.572265625,0.3650735318660736,0.03492647409439087,0.0,asphalt,True,-23.616905212402344,174.77529907226562,-3.725290298461914e-08,0.0,0.0,1.0,4496.7041015625,4496.7041015625,0.3089350759983063,0.0910649299621582,0.0,asphalt,792,-21.189527328933007,480.3470897287103,-21.188342435161,-21.62924575805664,19.407928466796875,0.6767088368791939,0.731321544838866,921.3249962914914,-1052.9864349099994,0.0,0.0,-0.0,1390.3411865234375,True,0.0,791,1.0764019947995276e-09,0.6721475445982819,0.7447514757519892,True,792,-45.879103593876884,471.2127887803393,-45.87791870010488,-18.771425247192383,19.36745834350586,0.19344940585990622,0.8010248552041008,851.1837050695109,-4182.199003329793,0.0,0.0,-0.0,4199.92919921875,True,0.0,791,5.293849708371808e-08,0.18023395623666588,0.815772729102182,True,792,-16.01747826683026,483.9974002421878,-16.016293373058254,-21.575939178466797,23.148204803466797,0.755015631795566,0.8205384314297777,1047.887823141354,-1279.2363204118128,26.584565413810658,41.514,-41.514,1665.0482177734375,True,0.0,791,1.3582272842723517e-09,0.7515459063280269,0.8334168313970622,True,792,-41.07604334046931,473.9993620410402,-41.074858446697306,-18.718143463134766,23.107688903808594,0.2758312634449285,0.8899635766415832,1089.9000519201436,-4361.734957298427,26.584565413810658,41.514,-41.514,4492.79833984375,True,0.0,791,5.300769385816932e-08,0.2643646264988959,0.9036206976516297,True,792
4.650000000000,558,held_throttle,0.0,0.15,0.0,1,-23.721298217773438,174.55960083007812,0.4191765785217285,163.95831298828125,-21.92914390563965,0.14455483853816986,1.94789719581604,asphalt,0.0,0.15,0.0,1071.5927888946428,4,3.6261484622955322,-9.473938941955566,350.5715734140726,160.0,0.0,5049.210856851842,6722.789143148158,1.6452325582504272,41.29576300118414,True,0.0,True,0,0,-11.90766716003418,26.24148941040039,0.07569148391485214,False,True,-23.285533905029297,173.49105834960938,-2.0489096641540527e-08,0.0,0.0,1.0,1383.89599609375,1383.89599609375,0.3708183467388153,0.02918165922164917,0.0,asphalt,True,-24.907258987426758,173.9334259033203,-3.725290298461914e-08,0.0,0.0,1.0,4235.96484375,4235.96484375,0.31349900364875793,0.08650100231170654,0.0,asphalt,True,-22.706764221191406,175.61355590820312,0.0,0.0,0.0,1.0,1660.3653564453125,1660.3653564453125,0.3652403652667999,0.03475964069366455,0.0,asphalt,True,-24.328489303588867,176.05592346191406,1.4901161193847656e-08,0.0,0.0,1.0,4520.26171875,4520.26171875,0.3079209625720978,0.0920790433883667,0.0,asphalt,798,-29.78076476776864,479.05566108589807,-29.78112371066477,-23.101713180541992,17.233139038085938,0.5745920531278501,0.6409156379493921,941.3127652393277,-1054.6801152802643,0.0,0.0,-0.0,1385.385986328125,True,0.0,797,2.2088804928986868e-09,0.569752346355575,0.653690958615688,True,798,-53.30017793153979,468.7131469704484,-53.30053687443592,-20.34173583984375,17.195371627807617,0.1353216433498215,0.7017735384442196,736.1646928038514,-4300.844238611831,0.0,0.0,-0.0,4230.16259765625,True,0.0,797,5.711861911315217e-08,0.12406496370042831,0.7158655513312142,True,798,-23.927240527326074,482.9833134736526,-23.9275994702222,-23.051971435546875,20.845279693603516,0.6574701041906664,0.7351709688989215,1081.128879833176,-1278.1375090890706,28.262393222022865,41.514,-41.514,1662.32958984375,True,0.0,797,2.5984844790904574e-09,0.6535525222300379,0.7476278224276356,True,798,-48.86801263138878,471.73052024090043,-48.86837157428491,-20.291996002197266,20.807512283325195,0.20528053688695347,0.7979406309303404,997.4523976647906,-4481.727064488982,28.262393222022865,41.514,-41.514,4516.431640625,True,0.0,797,6.57549910786594e-08,0.19531905740364555,0.8112666261337348,True,798
4.700000000000,564,held_throttle,0.0,0.15,0.0,1,-24.307964324951172,175.86563110351562,0.41889429092407227,168.58392333984375,-23.172630310058594,0.1465052217245102,1.9843875169754028,asphalt,0.0,0.15,0.0,1260.105611258189,4,3.4733784198760986,-9.626998901367188,340.0799918195899,160.0,0.0,5055.115445697079,6716.884554302921,1.5773884057998657,36.11047065932915,True,0.0,True,0,0,-11.483039855957031,25.959077835083008,0.07751044631004333,False,True,-23.767024993896484,174.84164428710938,-7.450580596923828e-09,0.0,0.0,1.0,1370.068115234375,1370.068115234375,0.3711167871952057,0.02888321876525879,0.0,asphalt,True,-25.41900634765625,175.15272521972656,-2.9802322387695312e-08,0.0,0.0,1.0,4271.83447265625,4271.83447265625,0.3127296268939972,0.08727037906646729,0.0,asphalt,True,-23.360092163085938,177.00367736816406,2.2351741790771484e-08,0.0,0.0,1.0,1639.8040771484375,1639.8040771484375,0.3654908835887909,0.034509122371673584,0.0,asphalt,True,-25.01207160949707,177.31475830078125,2.2351741790771484e-08,0.0,0.0,1.0,4541.13720703125,4541.13720703125,0.3071037828922272,0.0928962230682373,0.0,asphalt,804,-38.48765920229183,477.3309241879662,-38.48941774420367,-24.326631546020508,15.0091552734375,0.4779002792585973,0.5528146052707319,947.3199952835804,-1057.380049370626,0.0,0.0,-0.0,1372.929931640625,True,0.0,803,4.962970853303817e-09,0.4731619335260242,0.5648745074754764,True,804,-59.64594047785579,465.8713564008141,-59.64769901976763,-21.680402755737305,14.974434852600098,0.09212201546930954,0.6044501965978994,617.6935463160856,-4417.080064303588,0.0,0.0,-0.0,4265.880859375,True,0.0,803,6.291534174470931e-08,0.08280736033791637,0.6177907625424882,True,804,-31.996690834101706,481.56860905925475,-31.998449376013546,-24.28089141845703,18.472352981567383,0.5651350770743431,0.6503630266895609,1096.2060772290843,-1269.5084517617104,30.28882560033367,41.514,-41.514,1644.179443359375,True,0.0,803,5.109533833173516e-09,0.5611575052666019,0.6623311692064129,True,804,-55.701861723773334,469.09751008346393,-55.703620265685174,-21.634662628173828,18.437633514404297,0.15036279119473445,0.7057852617163043,894.4610827440371,-4591.389752323256,30.28882560033367,41.514,-41.514,4537.95654296875,True,0.0,803,8.222215639770231e-08,0.14201053950647613,0.7186890547335203,True,804
4.750000000000,570,held_throttle,0.0,0.15,0.0,1,-24.872766494750977,177.1584014892578,0.4187096655368805,173.00546264648438,-24.183982849121094,0.14460188150405884,2.021604061126709,asphalt,0.0,0.15,0.0,1484.8490756544684,4,3.284142255783081,-9.766026496887207,330.4149686356136,160.0,0.0,5070.379786172819,6701.620213827181,1.5013656616210938,31.01944884816876,True,0.0,True,0,0,-11.029059410095215,25.71844482421875,0.07965537905693054,False,True,-24.23478126525879,176.18470764160156,-9.313225746154785e-09,0.0,0.0,1.0,1349.3817138671875,1349.3817138671875,0.37146350741386414,0.028536498546600342,0.0,asphalt,True,-25.90574836730957,176.36856079101562,0.0,0.0,0.0,1.0,4306.08251953125,4306.08251953125,0.3119749128818512,0.08802509307861328,0.0,asphalt,True,-23.994359970092773,178.3715362548828,-1.1175870895385742e-08,0.0,0.0,1.0,1607.8070068359375,1607.8070068359375,0.36593130230903625,0.03406870365142822,0.0,asphalt,True,-25.665327072143555,178.55538940429688,1.4901161193847656e-08,0.0,0.0,1.0,4557.853515625,4557.853515625,0.3064427077770233,0.09355729818344116,0.0,asphalt,810,-47.16895790846163,475.1708532497745,-47.17173271049821,-25.31077003479004,12.774166107177734,0.3850145179938434,0.46739488278221714,936.8832529232145,-1064.4468413703344,0.0,0.0,-0.0,1353.174072265625,True,0.0,809,1.2675368081745615e-08,0.3806345117468357,0.47869467942857297,True,810,-64.89568732044648,462.7419030429211,-64.89846212248307,-22.79201316833496,12.742704391479492,0.06039117046930765,0.5097925510739997,499.2524398617383,-4526.935236936577,0.0,0.0,-0.0,4300.56787109375,True,0.0,809,7.264168789391642e-08,0.052902706274685754,0.5223074144235974,True,810,-40.051929485980914,479.7500785772354,-40.0547042880175,-25.269309997558594,16.070478439331055,0.4769490448433027,0.5664477332712734,1094.5503359929878,-1257.0701625586821,32.81651102779284,41.514,-41.514,1613.683837890625,True,0.0,809,1.073013666616836e-08,0.47317924881563755,0.5778674784655531,True,810,-61.49539148799357,466.15071512372117,-61.498166290030156,-22.75055503845215,16.039016723632812,0.10800069902740443,0.6140701346981553,787.2992297296078,-4690.31109177319,32.81651102779284,41.514,-41.514,4555.29296875,True,0.0,809,1.0700954234411425e-07,0.10123398025624612,0.6264673760757029,True,810
4.800000000000,576,held_throttle,0.0,0.15,0.0,1,-25.414342880249023,178.44004821777344,0.4186279773712158,177.20130920410156,-24.97650718688965,0.14001111686229706,2.060629367828369,asphalt,0.0,0.15,0.0,1722.8415209232596,4,3.069512367248535,-9.905584335327148,321.68868076285025,160.0,0.0,5094.377140714613,6677.622859285387,1.41866934299469,26.049622077139844,True,0.0,True,0,0,-10.550633430480957,25.522104263305664,0.08134879171848297,False,True,-24.687877655029297,177.52076721191406,-3.166496753692627e-08,0.0,0.0,1.0,1324.6737060546875,1324.6737060546875,0.37188950181007385,0.028110504150390625,0.0,asphalt,True,-26.367816925048828,177.5830078125,2.9802322387695312e-08,0.0,0.0,1.0,4338.1005859375,4338.1005859375,0.3112470805644989,0.08875292539596558,0.0,asphalt,True,-24.606586456298828,179.71926879882812,2.60770320892334e-08,0.0,0.0,1.0,1569.899658203125,1569.899658203125,0.3665459454059601,0.033454060554504395,0.0,asphalt,True,-26.286527633666992,179.7815399169922,7.450580596923828e-09,0.0,0.0,1.0,4572.884765625,4572.884765625,0.3059035837650299,0.09409642219543457,0.0,asphalt,816,-55.66379258598963,472.58099175682827,-55.667141717661345,-26.067731857299805,10.561826705932617,0.2953337231665342,0.38495411966154636,907.0808262912793,-1082.5655293467269,0.0,0.0,-0.0,1328.98876953125,True,0.0,815,3.860991377041992e-08,0.2914859819200748,0.3954605683589001,True,816,-69.0729561257096,459.37919263919065,-69.0763052573813,-23.687644958496094,10.533708572387695,0.037723017149977514,0.4184311154333572,386.39078381350777,-4630.945940747475,0.0,0.0,-0.0,4332.8154296875,True,0.0,815,9.312272828065079e-08,0.031894239595068916,0.4300719781633141,True,816,-47.942183570114786,477.5326448753942,-47.9455327017865,-26.030704498291016,13.67658805847168,0.3922208068100283,0.4837622050802742,1078.8528415252454,-1246.8913816971244,35.79375311974143,41.514,-41.514,1576.4508056640625,True,0.0,815,2.532345455727222e-08,0.38883959264642115,0.49457932693525847,True,816,-66.23061467695389,462.94295036039324,-66.2339638086256,-23.650611877441406,13.64851188659668,0.0758757973512842,0.5234029261561756,683.2363644870783,-4782.045384848149,35.79375311974143,41.514,-41.514,4570.3095703125,True,0.0,815,1.5297967796765195e-07,0.07059773088847818,0.5352161514528814,True,816
4.850000000000,582,held_throttle,0.0,0.15,0.0,1,-25.93155860900879,179.7128143310547,0.41862189769744873,-178.84564208984375,-25.568700790405273,0.1339513659477234,2.1012821197509766,asphalt,0.0,0.15,0.0,1959.1700697560966,4,2.834035873413086,-10.064847946166992,313.97624480170407,160.0,-0.0,5126.0853751379,6645.9146248621,1.3310264348983765,21.224691123966107,True,-0.0,True,0,0,-10.05190658569336,25.37134552001953,0.08231525123119354,False,True,-25.125303268432617,178.85052490234375,-3.725290298461914e-09,0.0,0.0,1.0,1297.2630615234375,1297.2630615234375,0.37238553166389465,0.027614474296569824,0.0,asphalt,True,-26.805620193481445,178.79803466796875,-1.4901161193847656e-08,0.0,0.0,1.0,4370.94970703125,4370.94970703125,0.3105405271053314,0.08945947885513306,0.0,asphalt,True,-25.19415855407715,181.0494384765625,3.166496753692627e-08,0.0,0.0,1.0,1529.2210693359375,1529.2210693359375,0.36728015542030334,0.03271985054016113,0.0,asphalt,True,-26.87447738647461,180.9969940185547,-1.4901161193847656e-08,0.0,0.0,1.0,4590.791015625,4590.791015625,0.3054352104663849,0.09456479549407959,0.0,asphalt,822,-63.75994851949689,469.5760846834632,-63.76350490187359,-26.616769790649414,8.399742126464844,0.209491490630629,0.3056891301726112,849.1190200638648,-1119.160805077495,0.0,0.0,-0.0,1302.02880859375,True,0.0,821,1.442639524145611e-07,0.20629000043840845,0.31538435318491453,True,822,-72.25220363136643,455.8350594575545,-72.25576001374313,-24.383649826049805,8.374996185302734,0.02216331974721564,0.3308435896457837,284.3784720903595,-4732.404374273504,0.0,0.0,-0.0,4365.2314453125,True,0.0,821,1.436172165710409e-07,0.017802989822149753,0.3415804970864529,True,822,-55.5365221775365,474.92817051692174,-55.5400785599132,-26.58416748046875,11.322074890136719,0.3106027363071709,0.40262882265359773,1049.3073475846368,-1244.5138579293675,38.8411642270736,41.514,-41.514,1536.161376953125,True,0.0,821,7.075387079754751e-08,0.30772373196859903,0.41280054701823915,True,822,-69.95673813040543,459.5260944920837,-69.96029451278213,-24.351045608520508,11.29738998413086,0.05196171227423492,0.43438461761382674,588.1443902016434,-4873.230663735705,38.8411642270736,41.514,-41.514,4587.42333984375,True,0.0,821,2.5685986304639514e-07,0.04803178064233659,0.44554842376866144,True,822
4.900000000000,588,held_throttle,0.0,0.15,0.0,1,-26.423471450805664,180.97900390625,0.4186559319496155,-175.147216796875,-25.9833984375,0.12732724845409393,2.1442697048187256,asphalt,0.0,0.15,0.0,2184.3933358324534,4,2.562682628631592,-10.253392219543457,307.3346221026909,160.0,-0.0,5165.027526570335,6606.972473429665,1.2404288053512573,16.56317242496803,True,-0.0,True,0,0,-9.536139488220215,25.267255783081055,0.08267638087272644,False,True,-25.545942306518555,180.17486572265625,-1.1175870895385742e-08,0.0,0.0,1.0,1266.8717041015625,1266.8717041015625,0.3729455769062042,0.027054429054260254,0.0,asphalt,True,-27.21954345703125,180.01536560058594,7.450580596923828e-09,0.0,0.0,1.0,4408.404296875,4408.404296875,0.3098231852054596,0.09017682075500488,0.0,asphalt,True,-25.754838943481445,182.3649139404297,-9.313225746154785e-09,0.0,0.0,1.0,1485.97509765625,1485.97509765625,0.36809638142585754,0.031903624534606934,0.0,asphalt,True,-27.428443908691406,182.20541381835938,-2.9802322387695312e-08,0.0,0.0,1.0,4614.88134765625,4614.88134765625,0.30497410893440247,0.09502589702606201,0.0,asphalt,828,-71.11339222270821,466.18461416859014,-71.11696049574589,-26.981983184814453,6.3087310791015625,0.130255946245595,0.2296865263909157,742.9250301796721,-1178.4029739447813,0.0,0.0,-0.0,1272.1336669921875,True,0.0,827,6.081551109959407e-07,0.12776865896833714,0.23856365765615306,True,828,-74.54861272443034,452.1564461755231,-74.55218099746801,-24.90079689025879,6.287253379821777,0.012037955753698744,0.24732274793938,197.03654458575915,-4827.7191176384285,0.0,0.0,-0.0,4401.77685546875,True,0.0,827,2.874049722631997e-07,0.008944160223113177,0.2571535441023256,True,828,-62.700907585854345,471.9549739298427,-62.70447585889202,-26.95366096496582,9.032159805297852,0.23233806605246168,0.32333931107454666,1001.4726928336032,-1254.2219509516253,41.393752040542246,41.514,-41.514,1493.373046875,True,0.0,827,2.459137286710062e-07,0.2300211964725372,0.33282830224303245,True,828,-72.77766529015658,455.94795643810306,-72.78123356319425,-24.872467041015625,9.010683059692383,0.0344090312333169,0.34756846358693716,504.62403027733393,-4969.326232299656,41.393752040542246,41.514,-41.514,4610.45166015625,True,0.0,827,5.424030531564547e-07,0.03166237101630153,0.35803168870341945,True,828
4.950000000000,594,held_throttle,0.0,0.15,0.0,1,-26.88930320739746,182.24099731445312,0.41870272159576416,-171.70938110351562,-26.24696159362793,0.12049123644828796,2.190357208251953,asphalt,0.0,0.15,0.0,2392.4703795233945,4,2.2252917289733887,-10.411041259765625,301.83719886366424,160.0,-0.0,5212.25598511538,6559.74401488462,1.1488438844680786,12.079820010916153,True,-0.0,True,0,0,-9.007678031921387,25.21158218383789,0.0826326459646225,False,True,-25.948619842529297,181.49493408203125,-1.862645149230957e-08,0.0,0.0,1.0,1236.541015625,1236.541015625,0.37355396151542664,0.026446044445037842,0.0,asphalt,True,-27.609893798828125,181.2366180419922,-2.2351741790771484e-08,0.0,0.0,1.0,4447.5869140625,4447.5869140625,0.30907031893730164,0.09092968702316284,0.0,asphalt,True,-26.286808013916016,183.66879272460938,7.450580596923828e-09,0.0,0.0,1.0,1442.4078369140625,1442.4078369140625,0.3689688742160797,0.031031131744384766,0.0,asphalt,True,-27.948083877563477,183.4104766845703,-3.725290298461914e-08,0.0,0.0,1.0,4640.32421875,4640.32421875,0.3044852316379547,0.09551477432250977,0.0,asphalt,834,-77.12965147023432,462.45855399202395,-77.133224042257,-27.19123649597168,4.304836273193359,0.06393425731308319,0.15701388814906547,556.0338934925741,-1241.3136204733028,0.0,0.0,-0.0,1241.01171875,True,0.0,833,1.7619238650545905e-06,0.062188599640826625,0.1650827977560881,True,834,-76.10318437882047,448.3837756966459,-76.10675695084315,-25.263641357421875,4.286410331726074,0.005921177802311281,0.1680666502367614,126.94247961860607,-4862.314340739787,0.0,0.0,-0.0,4441.70166015625,True,0.0,833,7.635891173853916e-07,0.0038917838234546467,0.1770095614931821,True,834,-69.24189873420437,468.6394471400035,-69.24547130622705,-27.16693115234375,6.827216148376465,0.1589102775667712,0.246207577300768,926.588325963464,-1280.5442792271951,43.5685921309424,41.514,-41.514,1449.1817626953125,True,0.0,833,1.117134561959284e-06,0.15717242459559683,0.2549811014581516,True,834,-74.81698175763532,452.25050658264485,-74.820554329658,-25.239336013793945,6.80879020690918,0.021780764496888823,0.2634965091315493,434.3786602046336,-5062.351594002735,43.5685921309424,41.514,-41.514,4636.87158203125,True,0.0,833,1.55599752272255e-06,0.020037400937095814,0.2732170821516857,True,834
5.000000000000,600,held_throttle,0.0,0.15,0.0,1,-27.328655242919922,183.50125122070312,0.41874080896377563,-168.53472900390625,-26.387922286987305,0.11323446780443192,2.231602191925049,asphalt,0.0,0.15,0.0,2578.9369643289265,4,1.8057641983032227,-10.11512279510498,297.6078512936729,160.0,-0.0,5270.449792191951,6501.550207808049,1.055050015449524,7.804102450459284,False,-0.0,True,0,0,-8.482182502746582,25.204837799072266,0.0818379670381546,False,True,-26.332626342773438,182.81211853027344,-1.6763806343078613e-08,0.0,0.0,1.0,1236.25439453125,1236.25439453125,0.3740057051181793,0.025994300842285156,0.0,asphalt,True,-27.977359771728516,182.46348571777344,-7.450580596923828e-09,0.0,0.0,1.0,4448.720703125,4448.720703125,0.30842289328575134,0.09157711267471313,0.0,asphalt,True,-26.78899574279785,184.9642791748047,-2.421438694000244e-08,0.0,0.0,1.0,1426.77099609375,1426.77099609375,0.36970391869544983,0.03029608726501465,0.0,asphalt,True,-28.433732986450195,184.61563110351562,2.2351741790771484e-08,0.0,0.0,1.0,4624.51904296875,4624.51904296875,0.3041209876537323,0.09587901830673218,0.0,asphalt,840,-80.98852142794135,458.4867946768253,-80.99221294103268,-27.271875381469727,2.4152321815490723,0.020008279688012876,0.0883308314486837,283.4426364000733,-1193.2147751774116,0.0,0.0,-0.0,1230.5389404296875,True,0.0,839,6.707690147599755e-07,0.018988143825225578,0.09562919598489414,True,840,-77.0746513079485,444.5499452718001,-77.07834282103983,-25.501605987548828,2.399704933166504,0.0026261505239521545,0.09382386856999776,77.23502476397336,-4488.157390938847,0.0,0.0,-0.0,4456.05615234375,True,0.0,839,1.8749154641991353e-06,0.0014663746588807465,0.1018997586000375,True,840,-74.87596102702463,465.020023091741,-74.87965254011596,-27.251375198364258,4.7316975593566895,0.09329100058035707,0.1719175380432622,813.412504085978,-1338.1705856328874,45.448716229267184,41.514,-41.514,1423.8314208984375,True,0.0,839,6.9256918196951876e-06,0.09213436625125035,0.1799208761184097,True,840,-76.20930739936992,448.469229410131,-76.21299891246125,-25.481096267700195,4.716156005859375,0.01303024102338153,0.1830134703490961,378.98014547957746,-5076.623386036779,45.448716229267184,41.514,-41.514,4634.986328125,True,0.0,839,6.370526696257067e-06,0.012089355108425171,0.19193904164295558,True,840
5.050000000000,606,held_throttle,0.0,0.15,0.0,1,-27.74271011352539,184.76199340820312,0.418728232383728,-165.644775390625,-26.43341827392578,0.10514523833990097,2.212078332901001,asphalt,0.0,0.15,0.0,2739.6340830398585,4,1.3809731006622314,-7.862796783447266,294.7731991965502,160.0,-0.0,5340.181471828421,6431.818528171579,0.9407081007957458,3.871439923601539,False,-0.0,True,0,0,-8.024118423461914,25.231781005859375,0.08263196051120758,False,True,-26.700040817260742,184.12693786621094,-5.587935447692871e-09,0.0,0.0,1.0,1490.0513916015625,1490.0513916015625,0.37319037318229675,0.026809632778167725,0.0,asphalt,True,-28.325468063354492,183.69737243652344,0.0,0.0,0.0,1.0,4294.58203125,4294.58203125,0.3088666498661041,0.09113335609436035,0.0,asphalt,True,-27.262300491333008,186.25387573242188,2.7939677238464355e-08,0.0,0.0,1.0,1644.8013916015625,1644.8013916015625,0.36920496821403503,0.030795037746429443,0.0,asphalt,True,-28.887727737426758,185.82431030273438,0.0,0.0,0.0,1.0,4466.83740234375,4466.83740234375,0.30488136410713196,0.09511864185333252,0.0,asphalt,846,-82.37425411953268,454.3903849496886,-82.37803310802815,-27.234289169311523,0.7454676628112793,0.0018647562104526798,0.027365559710602536,39.37897775479663,-747.9492456184431,0.0,0.0,-0.0,1417.52685546875,True,0.0,845,3.517254599146894e-10,0.0014904793501025763,0.0339584544208546,True,846,-77.65544100160355,440.6791691066316,-77.65921999009902,-25.65589141845703,0.733116626739502,0.0011535708288259456,0.028567208028316887,54.20940571859299,-2387.902411047147,0.0,0.0,-0.0,4337.76123046875,True,0.0,845,2.626873312120226e-07,0.0006763940344517378,0.03573863711555117,True,846,-79.21563868798675,461.1520332664231,-79.21941767648222,-27.21798324584961,2.810901165008545,0.039562904756294974,0.10290885362164766,644.3419260564,-1517.9128714004555,47.07925335706249,41.514,-41.514,1576.006591796875,True,0.0,845,4.874962772004439e-05,0.03904955097488548,0.10994435353089246,True,846,-77.11056605033139,444.63242380454693,-77.11434503882685,-25.639585494995117,2.7985496520996094,0.007531272236185345,0.108719183409884,341.62434072653764,-4690.55979461657,47.07925335706249,41.514,-41.514,4513.23291015625,True,0.0,845,3.052969208488514e-05,0.00711376261701862,0.11667545473191843,True,846
5.100000000000,612,held_throttle,0.0,0.15,0.0,1,-28.137481689453125,186.02403259277344,0.4189036786556244,-163.13648986816406,-26.412769317626953,0.09618078917264938,1.9623634815216064,asphalt,0.0,0.15,0.0,2868.891069052319,4,0.9563356637954712,-2.8224873542785645,293.1904676468429,160.0,-0.0,5417.818074246617,6354.181925753383,0.7824227809906006,0.6604218873194392,False,-0.0,True,0,0,-7.765637397766113,25.24561309814453,0.09612573683261871,False,True,-27.06011390686035,185.43629455566406,9.313225746154785e-09,0.0,0.0,1.0,2211.010498046875,2211.010498046875,0.36866840720176697,0.03133159875869751,0.0,asphalt,True,-28.665531158447266,184.93821716308594,7.450580596923828e-09,0.0,0.0,1.0,3763.885009765625,3763.885009765625,0.31341269612312317,0.08658730983734131,0.0,asphalt,True,-27.712127685546875,187.53746032714844,3.725290298461914e-09,0.0,0.0,1.0,2339.630615234375,2339.630615234375,0.36503568291664124,0.03496432304382324,0.0,asphalt,True,-29.31754493713379,187.0393829345703,0.0,0.0,0.0,1.0,3914.385986328125,3914.385986328125,0.30977997183799744,0.09022003412246704,0.0,asphalt,852,-82.20201403802496,450.272469514467,-82.20591406306487,-27.085126876831055,-0.48944807052612305,-0.001533600189730508,-0.018068765435135376,-60.05133221631298,420.7412482315722,0.0,0.0,-0.0,2062.7451171875,True,0.0,851,3.9945085128880226e-10,-0.0014458019144947824,-0.012155171663206206,True,852,-78.05318240079811,436.7850226152949,-78.05708242583802,-25.77250862121582,-0.49799013137817383,0.0005804025200763597,-0.019320128125750284,42.58435840498167,859.9742200803507,0.0,0.0,-0.0,3884.51904296875,True,0.0,851,8.112934795938925e-10,0.0005455170369470993,-0.013219030082940012,True,852,-81.28935888888405,457.1222944891195,-81.29325891392396,-27.073848724365234,1.2285327911376953,0.00917343867737515,0.0453459952269396,342.45060113836865,-1572.985915430851,48.4790502065632,41.514,-41.514,2196.287841796875,True,0.0,851,2.1921664237295564e-05,0.00930160618330487,0.05122547619324454,True,852,-77.68304464472497,440.75989905460284,-77.68694466976488,-25.76123046875,1.2199902534484863,0.004884306133722666,0.04732225188942358,314.55988541597054,-3013.744530506035,48.4790502065632,41.514,-41.514,4039.0302734375,True,0.0,851,4.2154434185676145e-05,0.004703311173301904,0.054021335511876524,True,852
5.150000000000,618,held_throttle,0.0,0.15,0.0,1,-28.524789810180664,187.28567504882812,0.41989225149154663,-161.07769775390625,-26.357975006103516,0.08553434163331985,1.3225510120391846,asphalt,0.0,0.15,0.0,2957.4740429668896,4,0.7659043669700623,2.257293462753296,292.2336774975065,160.0,-0.0,5495.438032464558,6276.561967535442,0.6433438658714294,-1.529796751450148,False,-0.0,True,0,0,-7.765286922454834,25.201725006103516,0.11735142022371292,False,True,-27.425500869750977,186.73606872558594,-3.3527612686157227e-08,0.0,0.0,1.0,3143.766357421875,3143.766357421875,0.3591775596141815,0.04082244634628296,0.0,asphalt,True,-29.01211166381836,186.18264770507812,-1.4901161193847656e-08,0.0,0.0,1.0,2870.389892578125,2870.389892578125,0.32453325390815735,0.07546675205230713,0.0,asphalt,True,-28.15012550354004,188.8133087158203,3.725290298461914e-08,0.0,0.0,1.0,3240.070068359375,3240.070068359375,0.35596898198127747,0.04403102397918701,0.0,asphalt,True,-29.736736297607422,188.2598876953125,1.4901161193847656e-08,0.0,0.0,1.0,2994.251953125,2994.251953125,0.3213246762752533,0.07867532968521118,0.0,asphalt,858,-81.66501284549916,446.1766302477935,-81.66945668469155,-26.911693572998047,-1.2692346572875977,-0.0014031322820413,-0.047128020266608346,-58.60860549207685,1860.7162045631676,0.0,0.0,-0.0,2995.64990234375,True,0.0,857,3.336578681258745e-08,-0.0010931345360432091,-0.041621978717796396,True,858,-78.27238845782824,432.87538859212447,-78.27683229702063,-25.832656860351562,-1.2750129699707031,0.00010717710079955685,-0.049316612850732994,13.429921414894253,1964.5119038081748,0.0,0.0,-0.0,3030.13525390625,True,0.0,857,3.0085287265635515e-10,0.0002510955207444011,-0.0440474132171099,True,858,-81.24881793215478,453.05497754915274,-81.25326177134717,-26.904085159301758,0.14348888397216797,0.003418634796391889,0.005333298740709323,243.73979373290567,-548.0472939532335,49.64115576601202,41.514,-41.514,3097.346923828125,True,0.0,857,2.170103418297158e-06,0.0039023909301517294,0.010529010799984124,True,858,-77.91207823167572,436.8677284287893,-77.91652207086811,-25.82504653930664,0.1377100944519043,0.004416670563595945,0.005332373322701874,281.79430493064,-579.5443288177106,49.64115576601202,41.514,-41.514,3158.578857421875,True,0.0,857,5.562113533733932e-06,0.004429611106797835,0.010931606721613344,True,858
5.200000000000,624,held_throttle,0.0,0.15,0.0,1,-28.916400909423828,188.54376220703125,0.4218536615371704,-159.34027099609375,-26.286293029785156,0.07297556847333908,0.4001929759979248,asphalt,0.0,0.15,0.0,3009.5226358325895,4,0.7203645706176758,5.357036590576172,291.23220955034367,160.0,-0.0,5558.008453706373,6213.991546293627,0.5678576231002808,-2.901915134157662,False,-0.0,True,0,0,-7.951972007751465,25.09446907043457,0.1273367553949356,False,True,-27.80328941345215,188.02569580078125,1.862645149230957e-08,0.0,0.0,1.0,3825.088623046875,3825.088623046875,0.34710797667503357,0.05289202928543091,0.0,asphalt,True,-29.372446060180664,187.42552185058594,-1.862645149230957e-08,0.0,0.0,1.0,1988.4913330078125,1988.4913330078125,0.3400835692882538,0.05991643667221069,0.0,asphalt,True,-28.589218139648438,190.0805206298828,1.862645149230957e-08,0.0,0.0,1.0,3893.73828125,3893.73828125,0.3443889319896698,0.05561107397079468,0.0,asphalt,True,-30.158376693725586,189.4803466796875,-1.862645149230957e-08,0.0,0.0,1.0,2086.668701171875,2086.668701171875,0.33736446499824524,0.06263554096221924,0.0,asphalt,864,-81.21777671567835,442.1058537103314,-81.22251781068482,-26.77351188659668,-1.789818286895752,-0.0010590478267205714,-0.06675101897675538,-38.94069491729632,3021.493366846538,0.0,0.0,-0.0,3739.66796875,True,0.0,863,3.7425390163480665e-08,-0.0006589179292726817,-0.06127544817097395,True,864,-78.28356287143022,428.9605155255683,-78.28830396643669,-25.821199417114258,-1.7943263053894043,-0.00047930889103133635,-0.06937890050712492,-9.408450100833864,1761.370193618646,0.0,0.0,-0.0,2118.147705078125,True,0.0,863,2.5372397121486463e-09,-0.0002873081958040856,-0.0644554741547568,True,864,-80.89519208468641,449.00210322702975,-80.89993317969288,-26.76761245727539,-0.5427541732788086,0.002697254730660426,-0.020273747249359358,253.39042210313397,965.4825094517992,50.55636149944348,41.514,-41.514,3812.12939453125,True,0.0,863,3.122735866132121e-06,0.003327016715584959,-0.015210971418431148,True,864,-77.78965165038254,432.97405425037624,-77.794392745389,-25.81529426574707,-0.5472631454467773,0.005605561557081983,-0.021196008107293,255.69361120615451,597.2678296499265,50.55636149944348,41.514,-41.514,2220.21826171875,True,0.0,863,3.822583431129726e-06,0.005794499991304073,-0.016240832089797385,True,864
5.250000000000,630,held_throttle,0.0,0.15,0.0,1,-29.319595336914062,189.79551696777344,0.42403167486190796,-157.75894165039062,-26.205278396606445,0.06043677031993866,-0.5111649036407471,asphalt,0.0,0.15,0.0,3036.476656043268,4,0.7023310661315918,6.848906517028809,290.03290225652626,160.0,-0.0,5604.792861074362,6167.207138925638,0.5378493666648865,-3.8405216334856425,False,-0.0,True,0,0,-8.232415199279785,24.945209503173828,0.11455050110816956,False,True,-28.19542121887207,189.30630493164062,7.450580596923828e-09,0.0,0.0,1.0,4131.837890625,4131.837890625,0.3360436260700226,0.0639563798904419,0.0,asphalt,True,-29.747663497924805,188.66343688964844,-2.9802322387695312e-08,0.0,0.0,1.0,1428.35546875,1428.35546875,0.3549279272556305,0.045072078704833984,0.0,asphalt,True,-29.037214279174805,191.33889770507812,2.2351741790771484e-08,0.0,0.0,1.0,4186.2275390625,4186.2275390625,0.3337959945201874,0.0662040114402771,0.0,asphalt,True,-30.589458465576172,190.6959991455078,1.1175870895385742e-08,0.0,0.0,1.0,1508.2764892578125,1508.2764892578125,0.35268017649650574,0.04731982946395874,0.0,asphalt,870,-80.8764638198533,438.0544419352829,-80.88077364545249,-26.664941787719727,-2.206399440765381,-0.0009109816561853779,-0.08255725663247698,-26.676487342024355,3728.8026711311195,0.0,0.0,-0.0,4100.72314453125,True,0.0,869,6.156592205411294e-09,-0.0004600186169623649,-0.0770083336396099,True,870,-78.16371906942038,425.0489350057556,-78.16802889501957,-25.762882232666016,-2.2104310989379883,-0.0012089121070165223,-0.08558944985702839,-20.481849045302283,1387.6950328637176,0.0,0.0,-0.0,1494.758544921875,True,0.0,869,1.2285314722945304e-09,-0.000995754565400749,-0.0807815715185011,True,870,-80.57029345657695,444.9663632458485,-80.57460328217614,-26.659671783447266,-1.0251922607421875,0.0026810136057732067,-0.03843585829938169,262.5506468063992,2157.16600746294,51.241518938153796,41.514,-41.514,4156.4375,True,0.0,869,1.1083300712928747e-05,0.0033820068876048905,-0.03333230394545585,True,870,-77.43316075242676,429.0934326832411,-77.43747057802595,-25.75760269165039,-1.0292387008666992,0.007945601374459458,-0.039937390320914624,239.7190669436786,853.9977188764229,51.241518938153796,41.514,-41.514,1577.0494384765625,True,0.0,869,2.7235874902242166e-06,0.008267289670179631,-0.03532789876973032,True,870
5.300000000000,636,held_throttle,0.0,0.15,0.0,1,-29.73786735534668,191.0391845703125,0.42533794045448303,-156.22988891601562,-26.116405487060547,0.05041918158531189,-1.1938962936401367,asphalt,0.0,0.15,0.0,3047.176618652814,4,0.6964104175567627,7.720536708831787,288.656396745368,160.0,-0.0,5639.0779714122,6132.9220285878,0.533525288105011,-4.587412688518905,False,-0.0,True,0,0,-8.558395385742188,24.767845153808594,0.08645760267972946,False,True,-28.602479934692383,190.5787353515625,2.2351741790771484e-08,0.0,0.0,1.0,4233.4658203125,4233.4658203125,0.327693372964859,0.07230663299560547,0.0,asphalt,True,-30.137327194213867,189.89459228515625,-2.2351741790771484e-08,0.0,0.0,1.0,1225.9326171875,1225.9326171875,0.36524465680122375,0.03475534915924072,0.0,asphalt,True,-29.498119354248047,192.58816528320312,0.0,0.0,0.0,1.0,4287.8955078125,4287.8955078125,0.32580670714378357,0.07419329881668091,0.0,asphalt,True,-31.032968521118164,191.90403747558594,0.0,0.0,0.0,1.0,1297.6246337890625,1297.6246337890625,0.36335787177085876,0.03664213418960571,0.0,asphalt,876,-80.59038306617714,434.01850079614906,-80.59363463738538,-26.571271896362305,-2.575977325439453,-0.0008864654867867978,-0.09664394001381439,-21.0334661152054,4104.425375040858,0.0,0.0,-0.0,4222.34130859375,True,0.0,875,7.848257772475934e-10,-0.00038983856705649176,-0.09103440047960286,True,876,-77.96623104607879,421.14559578219666,-77.96948261728703,-25.67630386352539,-2.5799503326416016,-0.0020467268949588336,-0.10014369696455827,-27.72729744543125,1223.8660168443182,0.0,0.0,-0.0,1239.7445068359375,True,0.0,875,6.882946871332383e-10,-0.0018061028755246504,-0.09537409940797636,True,876,-80.27260251172761,440.9461417816169,-80.27585408293585,-26.56609344482422,-1.4042863845825195,0.0028658566647080746,-0.052810949721727084,267.4004177187188,2932.0860824471747,51.73061370382651,41.514,-41.514,4275.9130859375,True,0.0,875,2.0065396062321688e-05,0.00362497750400122,-0.04766199028967271,True,876,-76.98588530130021,425.233746545073,-76.98913687250845,-25.671127319335938,-1.4082508087158203,0.010353467013763456,-0.054802451987160265,237.5106677833764,926.8912749893906,51.73061370382651,41.514,-41.514,1312.127197265625,True,0.0,875,1.9209117398876804e-06,0.010770468089769194,-0.050395715790670585,True,876
5.350000000000,642,held_throttle,0.0,0.15,0.0,1,-30.173110961914062,192.27345275878906,0.4252105951309204,-154.6934814453125,-26.019086837768555,0.04446050524711609,-1.6087994575500488,asphalt,0.0,0.15,0.0,3047.991818636144,4,0.6935467720031738,8.484070777893066,287.11264766201026,160.0,-0.0,5663.881942416623,6108.118057583377,0.5447180271148682,-5.246995875706959,False,-0.0,True,0,0,-8.91567611694336,24.565433502197266,0.059403516352176666,False,True,-29.02560043334961,191.84292602539062,-1.4901161193847656e-08,0.0,0.0,1.0,4299.42822265625,4299.42822265625,0.32178398966789246,0.07821601629257202,0.0,asphalt,True,-30.54174041748047,191.1175994873047,2.421438694000244e-08,0.0,0.0,1.0,1242.892578125,1242.892578125,0.37036994099617004,0.029630064964294434,0.0,asphalt,True,-29.974973678588867,193.82752990722656,2.9802322387695312e-08,0.0,0.0,1.0,4363.8369140625,4363.8369140625,0.3200981318950653,0.07990187406539917,0.0,asphalt,True,-31.491111755371094,193.1022186279297,2.421438694000244e-08,0.0,0.0,1.0,1315.2008056640625,1315.2008056640625,0.3686840832233429,0.03131592273712158,0.0,asphalt,882,-80.32651259582428,429.9962453513456,-80.32849102904959,-26.483293533325195,-2.911097526550293,-0.0009234358734893139,-0.109482493512885,-18.781922710612758,4340.432297366911,0.0,0.0,-0.0,4286.9814453125,True,0.0,881,3.097966555287704e-09,-0.0003756179379898449,-0.10379038071628602,True,882,-77.70078874353388,417.25403209239147,-77.70276717675918,-25.569408416748047,-2.91524600982666,-0.002810071607721258,-0.11352284110153975,-35.1229630382524,1262.2790127079902,0.0,0.0,-0.0,1232.10205078125,True,0.0,881,8.133024967804105e-10,-0.002531105255053609,-0.10872754118300793,True,882,-79.99010384375245,436.94043194972284,-79.99208227697775,-26.477895736694336,-1.7148513793945312,0.003065253714386,-0.06467506830780669,270.4341867408839,3448.039503034723,52.06261642620917,41.514,-41.514,4349.30615234375,True,0.0,881,2.556686208858657e-05,0.003890926967562268,-0.05946107000377331,True,882,-76.56904796387711,421.39593141208064,-76.57102639710241,-25.564014434814453,-1.7189922332763672,0.011587718646081904,-0.0671415826808492,243.4792630293671,1056.691247999885,52.06261642620917,41.514,-41.514,1303.82421875,True,0.0,881,1.8291893101871479e-06,0.012080334360879196,-0.06283104938676697,True,882
5.400000000000,648,held_throttle,0.0,0.15,0.0,1,-30.626815795898438,193.49705505371094,0.4238722622394562,-153.11170959472656,-25.912477493286133,0.042641326785087585,-1.8322029113769531,asphalt,0.0,0.15,0.0,3043.246744840449,4,0.6830668449401855,9.220239639282227,285.4001881979002,160.0,-0.0,5682.043433435105,6089.956566564895,0.5666389465332031,-5.864125979996163,False,-0.0,True,0,0,-9.301033973693848,24.3371524810791,0.04503687843680382,False,True,-29.466552734375,193.0981903076172,-2.2351741790771484e-08,0.0,0.0,1.0,4391.125,4391.125,0.31737133860588074,0.08262866735458374,0.0,asphalt,True,-30.962114334106445,192.33094787597656,-3.725290298461914e-09,0.0,0.0,1.0,1321.6864013671875,1321.6864013671875,0.37186864018440247,0.02813136577606201,0.0,asphalt,True,-30.4706974029541,195.05564880371094,1.4901161193847656e-08,0.0,0.0,1.0,4469.24560546875,4469.24560546875,0.31573179364204407,0.08426821231842041,0.0,asphalt,True,-31.96626091003418,194.28842163085938,-7.450580596923828e-09,0.0,0.0,1.0,1400.103271484375,1400.103271484375,0.3702290952205658,0.02977091073989868,0.0,asphalt,888,-80.06704995586281,425.987087925994,-80.06796541615134,-26.395862579345703,-3.2207202911376953,-0.000995000864627133,-0.12141593289182243,-18.089054294588575,4546.393510943664,0.0,0.0,-0.0,4374.27880859375,True,0.0,887,4.575991173229201e-09,-0.0003848908753137506,-0.11556612820136969,True,888,-77.37021946943638,413.3775991343629,-77.3711349297249,-25.445112228393555,-3.225203037261963,-0.0034214899796473465,-0.1260790548921208,-41.85413123759458,1373.3488936002404,0.0,0.0,-0.0,1309.1741943359375,True,0.0,887,1.163165973153179e-09,-0.0030924440177660484,-0.12116938152575647,True,888,-79.71400723332947,432.94871521384584,-79.71492269361799,-26.390026092529297,-1.9763498306274414,0.0031983183811427275,-0.07475049136489229,272.32500280409033,3844.4781694165717,52.274925404293036,41.514,-41.514,4450.09912109375,True,0.0,887,2.8301920503888976e-05,0.004103153154092158,-0.06939862560386348,True,888,-76.18508431015387,417.5778956536011,-76.1859997704424,-25.43927764892578,-1.9808235168457031,0.011722024134895054,-0.07770797783004928,244.7176642275266,1219.9061586124942,52.274925404293036,41.514,-41.514,1386.356689453125,True,0.0,887,1.7463245865455213e-06,0.012288581738198056,-0.07337762997191169,True,888
5.450000000000,654,held_throttle,0.0,0.15,0.0,1,-31.100303649902344,194.70872497558594,0.4220079183578491,-151.45718383789062,-25.795480728149414,0.043870896100997925,-1.9609614610671997,asphalt,0.0,0.15,0.0,3035.1908999750367,4,0.6662347316741943,9.85875129699707,283.5226944798334,160.0,-0.0,5695.952178479161,6076.047821520839,0.5967088937759399,-6.472442128304386,False,-0.0,True,0,0,-9.709976196289062,24.082937240600586,0.04578766971826553,False,True,-29.927120208740234,194.34365844726562,3.725290298461914e-08,0.0,0.0,1.0,4493.89208984375,4493.89208984375,0.3137814700603485,0.08621853590011597,0.0,asphalt,True,-31.399810791015625,193.5331268310547,3.725290298461914e-09,0.0,0.0,1.0,1377.6131591796875,1377.6131591796875,0.3718210756778717,0.028178930282592773,0.0,asphalt,True,-30.987844467163086,196.27105712890625,7.450580596923828e-09,0.0,0.0,1.0,4583.74267578125,4583.74267578125,0.31208136677742004,0.08791863918304443,0.0,asphalt,True,-32.460533142089844,195.4605255126953,-2.421438694000244e-08,0.0,0.0,1.0,1467.4638671875,1467.4638671875,0.37012097239494324,0.02987903356552124,0.0,asphalt,894,-79.80118007890785,421.9910986220843,-79.80154254779124,-26.305482864379883,-3.5214900970458984,-0.0010988797205791715,-0.13307785807309402,-18.45387319064564,4738.269998073778,0.0,0.0,-0.0,4477.12744140625,True,0.0,893,4.6991672076615925e-09,-0.0004143810488660396,-0.12699014802146066,True,894,-76.98592474979297,409.5192386545032,-76.98628721867637,-25.304210662841797,-3.5264601707458496,-0.003997141263861377,-0.13847072351790138,-47.23582022460281,1465.2800433820787,0.0,0.0,-0.0,1374.4547119140625,True,0.0,893,1.3928048597570518e-09,-0.0036038212753221033,-0.13335475454650803,True,894,-79.43309687752615,428.97094827922876,-79.43345934640955,-26.299013137817383,-2.2110824584960938,0.0032735512843237845,-0.08387747128843963,272.73976091023655,4177.182418602398,52.39911024610426,41.514,-41.514,4565.3896484375,True,0.0,893,2.8983260701159205e-05,0.00426909626998899,-0.07830029067519828,True,894,-75.77214776815534,413.7796970035253,-75.77251023703873,-25.297740936279297,-2.2160539627075195,0.01157938068564625,-0.08737584826832674,240.20624064308154,1360.0588277571064,52.39911024610426,41.514,-41.514,1462.7139892578125,True,0.0,893,1.4800429560442007e-06,0.012230685797987867,-0.08291034704406576,True,894
5.500000000000,660,held_throttle,0.0,0.15,0.0,1,-31.59459686279297,195.90716552734375,0.4203227758407593,-149.7087860107422,-25.666454315185547,0.046430833637714386,-2.060955762863159,asphalt,0.0,0.15,0.0,3024.650536963598,4,0.6431193351745605,10.26053237915039,281.4900661905194,160.0,-0.0,5707.230530576412,6064.769469423588,0.6330435276031494,-7.109360182193763,False,-0.0,True,0,0,-10.13367748260498,23.80512046813965,0.05560201033949852,False,True,-30.408628463745117,195.57838439941406,-3.725290298461914e-08,0.0,0.0,1.0,4567.2822265625,4567.2822265625,0.31081220507621765,0.08918780088424683,0.0,asphalt,True,-31.855730056762695,194.72280883789062,2.7939677238464355e-08,0.0,0.0,1.0,1356.9661865234375,1356.9661865234375,0.3717200458049774,0.02827996015548706,0.0,asphalt,True,-31.528228759765625,197.47218322753906,7.450580596923828e-09,0.0,0.0,1.0,4663.755859375,4663.755859375,0.30901089310646057,0.0909891128540039,0.0,asphalt,True,-32.97533416748047,196.61659240722656,2.60770320892334e-08,0.0,0.0,1.0,1452.190185546875,1452.190185546875,0.3699187934398651,0.030081212520599365,0.0,asphalt,900,-79.5198828365539,418.00881335599803,-79.52020233235106,-26.20880699157715,-3.8366127014160156,-0.0012497457246401498,-0.1453539972016079,-19.958725360074137,4889.934351233334,0.0,0.0,-0.0,4558.791015625,True,0.0,899,3.2207850207247473e-09,-0.0004756963814888638,-0.13895477552841162,True,900,-76.56128763468196,405.68126486463956,-76.56160713047912,-25.146501541137695,-3.8422088623046875,-0.00472126820954129,-0.1516203411456937,-50.833184947528935,1469.0018927655365,0.0,0.0,-0.0,1361.9337158203125,True,0.0,899,1.1257599487946637e-09,-0.0042464941977150665,-0.1462098399634076,True,900,-79.1331983906045,425.0077114828272,-79.13351788640166,-26.201526641845703,-2.446415901184082,0.003342216434303438,-0.09309929763477282,270.9735767404017,4449.668533517418,52.45898077202515,41.514,-41.514,4654.490234375,True,0.0,899,2.708906074698177e-05,0.004436860259158039,-0.087207693652627,True,900,-75.27695208677798,410.0041867686605,-75.27727158257514,-25.13921546936035,-2.4520187377929688,0.011846880467952623,-0.09723004278828792,230.16534625740428,1412.4300711830633,52.45898077202515,41.514,-41.514,1457.627197265625,True,0.0,899,9.755361780739087e-07,0.01259941411613027,-0.09251604557141975,True,900
5.550000000000,666,held_throttle,0.0,0.15,0.0,1,-32.110191345214844,197.09130859375,0.41915929317474365,-147.85069274902344,-25.522985458374023,0.04904802516102791,-2.1473770141601562,asphalt,0.0,0.15,0.0,3011.710357906964,4,0.6194291114807129,10.498200416564941,279.3167729995551,160.0,-0.0,5716.833498038796,6055.166501961204,0.6740078330039978,-7.816080603824069,False,-0.0,True,0,0,-10.56159782409668,23.50739288330078,0.06697490811347961,False,True,-30.911636352539062,196.80165100097656,1.4901161193847656e-08,0.0,0.0,1.0,4593.85107421875,4593.85107421875,0.30858030915260315,0.09141969680786133,0.0,asphalt,True,-32.33000946044922,195.89907836914062,-2.0489096641540527e-08,0.0,0.0,1.0,1325.7860107421875,1325.7860107421875,0.371957927942276,0.028042078018188477,0.0,asphalt,True,-32.09268569946289,198.65774536132812,2.2351741790771484e-08,0.0,0.0,1.0,4693.95556640625,4693.95556640625,0.306680291891098,0.09331971406936646,0.0,asphalt,True,-33.51105499267578,197.7551727294922,-5.587935447692871e-09,0.0,0.0,1.0,1421.67236328125,1421.67236328125,0.3700579106807709,0.029942095279693604,0.0,asphalt,906,-79.21336533616545,414.041240989727,-79.21385402719739,-26.102075576782227,-4.185677528381348,-0.0014686565457067908,-0.15900433999619973,-22.800712250835453,4975.849684305633,0.0,0.0,-0.0,4591.732421875,True,0.0,905,1.0819682581609126e-09,-0.0005859886511417845,-0.15227004282238046,True,906,-76.09979090470556,401.86549986261207,-76.10027959573749,-24.97096824645996,-4.1920166015625,-0.00568511203457232,-0.1663247184224686,-54.81401849057528,1449.1188490058325,0.0,0.0,-0.0,1332.090087890625,True,0.0,905,8.276402898796648e-10,-0.005105579196852406,-0.16057696639663055,True,906,-78.79903859664238,421.06035888244327,-78.79952728767431,-26.09381675720215,-2.7055253982543945,0.0034542290669411324,-0.10331536579808602,267.31176855451884,4652.8423580645485,52.470937535779655,41.514,-41.514,4691.46826171875,True,0.0,905,2.26633265266657e-05,0.004662208431054633,-0.0970746870771681,True,906,-74.69568942781288,406.25589596571825,-74.69617811884481,-24.962711334228516,-2.7118654251098633,0.012544062976881052,-0.10821228086945549,222.38124675580184,1430.4297175913116,52.470937535779655,41.514,-41.514,1427.4342041015625,True,0.0,905,6.116007040731474e-07,0.013416155516159236,-0.10318876342365127,True,906
5.600000000000,672,held_throttle,0.0,0.15,0.0,1,-32.64715576171875,198.26016235351562,0.4185450077056885,-145.87083435058594,-25.362022399902344,0.0511123389005661,-2.2195870876312256,asphalt,0.0,0.15,0.0,2996.4214841212683,4,0.5930066108703613,10.62443733215332,277.00178161444757,160.0,-0.0,5725.325833493934,6046.674166506066,0.718670666217804,-8.619933504358753,False,-0.0,True,0,0,-10.987154006958008,23.1917724609375,0.07616746425628662,False,True,-31.436344146728516,198.01283264160156,-3.725290298461914e-08,0.0,0.0,1.0,4592.671875,4592.671875,0.307081013917923,0.0929189920425415,0.0,asphalt,True,-32.82239532470703,197.0612335205078,2.9802322387695312e-08,0.0,0.0,1.0,1286.4183349609375,1286.4183349609375,0.3725030720233917,0.027496933937072754,0.0,asphalt,True,-32.68147659301758,199.82656860351562,1.4901161193847656e-08,0.0,0.0,1.0,4692.9072265625,4692.9072265625,0.3051072061061859,0.09489279985427856,0.0,asphalt,True,-34.06753158569336,198.87496948242188,2.421438694000244e-08,0.0,0.0,1.0,1384.0665283203125,1384.0665283203125,0.37052926421165466,0.029470741748809814,0.0,asphalt,912,-78.87137708046905,410.08990609063284,-78.87222835028044,-25.981576919555664,-4.578714370727539,-0.0017696199557663158,-0.1744381606178193,-26.921852737251022,5015.376556037789,0.0,0.0,-0.0,4594.16455078125,True,0.0,911,4.205768071716015e-11,-0.0007556496226045555,-0.16734758312149356,True,912,-75.59742129107156,398.07390020028254,-75.59827256088295,-24.775466918945312,-4.585925102233887,-0.006929520548289699,-0.1830279157582639,-59.037483803974645,1414.4312206271911,0.0,0.0,-0.0,1292.7647705078125,True,0.0,911,5.632408121304686e-10,-0.0062183082856627474,-0.17690641018071612,True,912,-78.41957469874004,417.1308918863679,-78.42042596855143,-25.972198486328125,-3.0004806518554688,0.0036091991131693302,-0.11501675518669394,262.0737252655319,4801.962698223397,52.44588667980891,41.514,-41.514,4694.5966796875,True,0.0,911,1.7087829622189022e-05,0.004949320386836267,-0.10839680279568625,True,912,-74.0402531860198,402.5386433286553,-74.04110445583119,-24.766084671020508,-3.0076894760131836,0.013437776865206056,-0.12085206769089728,214.13238552679073,1432.1984189526597,52.44588667980891,41.514,-41.514,1390.291748046875,True,0.0,911,3.5166983836427713e-07,0.014451029189039028,-0.11546880622002081,True,912
5.650000000000,678,held_throttle,0.0,0.15,0.0,1,-33.205265045166016,199.4128875732422,0.41834306716918945,-143.75982666015625,-25.18001937866211,0.052190180867910385,-2.2751142978668213,asphalt,0.0,0.15,0.0,2978.7390403844515,4,0.5631065368652344,10.688413619995117,274.53914586984473,160.0,-0.0,5733.208990565178,6038.791009434822,0.7660819888114929,-9.541192508858604,False,-0.0,True,0,0,-11.405574798583984,22.859663009643555,0.08150479942560196,False,True,-31.98271942138672,199.21136474609375,-2.9802322387695312e-08,0.0,0.0,1.0,4578.904296875,4578.904296875,0.30618974566459656,0.09381026029586792,0.0,asphalt,True,-33.33243179321289,198.2087860107422,0.0,0.0,0.0,1.0,1254.3916015625,1254.3916015625,0.3731551468372345,0.02684485912322998,0.0,asphalt,True,-33.29450988769531,200.9774932861328,2.9802322387695312e-08,0.0,0.0,1.0,4676.6533203125,4676.6533203125,0.3041812479496002,0.09581875801086426,0.0,asphalt,True,-34.64422607421875,199.9748992919922,-2.60770320892334e-08,0.0,0.0,1.0,1351.5306396484375,1351.5306396484375,0.3711467683315277,0.028853237628936768,0.0,asphalt,918,-78.48273978188757,406.1568699631331,-78.48400246903424,-25.843067169189453,-5.022002220153809,-0.002176094596871034,-0.1919347186845448,-32.42973155810977,5025.354285051986,0.0,0.0,-0.0,4581.453125,True,0.0,917,4.658897910902367e-10,-0.0010034598579383896,-0.18447544375689956,True,918,-75.04946475284262,394.30861575640046,-75.05072743998929,-24.55734634399414,-5.0301971435546875,-0.008509755961276063,-0.20203997675665464,-63.92578782235855,1381.7103099563458,0.0,0.0,-0.0,1258.8568115234375,True,0.0,917,3.8080275404445423e-10,-0.0076358620356142305,-0.19552222015680557,True,918,-77.98295854916257,413.2218812545216,-77.98422123630924,-25.83241081237793,-3.3396596908569336,0.0037950190505373045,-0.12856864177519703,255.22356775451252,4908.555553160916,52.39102443021553,41.514,-41.514,4679.7490234375,True,0.0,917,1.1639386617656912e-05,0.0052928427114813425,-0.12155055190657368,True,918,-73.30715962758534,398.8562463194391,-73.308422314732,-24.546682357788086,-3.3478622436523438,0.014475262909498254,-0.13555120603728057,205.57464079231872,1428.0270218988758,52.39102443021553,41.514,-41.514,1356.217041015625,True,0.0,917,1.880208112542319e-07,0.015655923735644454,-0.12977148404962674,True,918
5.700000000000,684,held_throttle,0.0,0.15,0.0,1,-33.784095764160156,200.54867553710938,0.4183618724346161,-141.51080322265625,-24.97296905517578,0.05222523584961891,-2.312992811203003,asphalt,0.0,0.15,0.0,2958.528768978201,4,0.5298123359680176,10.72943115234375,271.91605622756043,160.0,-0.0,5740.8934657356385,6031.1065342643615,0.815417468547821,-10.592401524199405,False,-0.0,True,0,0,-11.81399154663086,22.511505126953125,0.08340071886777878,False,True,-32.55062484741211,200.3966522216797,2.9802322387695312e-08,0.0,0.0,1.0,4565.48193359375,4565.48193359375,0.30572083592414856,0.09427917003631592,0.0,asphalt,True,-33.859554290771484,199.34132385253906,-1.30385160446167e-08,0.0,0.0,1.0,1235.5450439453125,1235.5450439453125,0.3737172782421112,0.02628272771835327,0.0,asphalt,True,-33.931419372558594,202.109375,-1.4901161193847656e-08,0.0,0.0,1.0,4659.291015625,4659.291015625,0.30371716618537903,0.09628283977508545,0.0,asphalt,True,-35.24034881591797,201.05404663085938,-1.4901161193847656e-08,0.0,0.0,1.0,1330.521484375,1330.521484375,0.3717136085033417,0.028286397457122803,0.0,asphalt,924,-78.03512858555823,402.2447938058128,-78.03675053597598,-25.68195343017578,-5.5176591873168945,-0.0027115929186527347,-0.21162874438559126,-39.35904770409405,5021.768825843787,0.0,0.0,-0.0,4567.33984375,True,0.0,923,1.79069851046148e-09,-0.0013497881585027016,-0.20379229987399558,True,924,-74.44849262003844,390.572120022886,-74.4501145704562,-24.313413619995117,-5.526935577392578,-0.01047113122808041,-0.22352195803312644,-69.70141028491477,1359.7658204733239,0.0,0.0,-0.0,1237.7774658203125,True,0.0,923,2.6681443576759004e-10,-0.009399558573735659,-0.21659310868418266,True,924,-77.47693680270041,409.3365121749306,-77.47855875311816,-25.669872283935547,-3.7269840240478516,0.003992350951763313,-0.14418156058959425,246.84895909297475,4984.611965153931,52.31085334694324,41.514,-41.514,4661.86083984375,True,0.0,923,7.2376429371370035e-06,0.005678967432735113,-0.1367513333039469,True,924,-72.49517380242054,395.21261322259403,-72.4967957528383,-24.301334381103516,-3.736260414123535,0.015551698535476648,-0.15255259259238427,196.64599881943963,1426.8730517720594,52.31085334694324,41.514,-41.514,1333.1978759765625,True,0.0,923,9.523433454807163e-08,0.01692897261696221,-0.14635104114020164,True,924
5.750000000000,690,held_throttle,0.0,0.15,0.0,1,-34.38311004638672,201.66673278808594,0.4184454679489136,-139.11907958984375,-24.73649787902832,0.05140165984630585,-2.3357837200164795,asphalt,0.0,0.15,0.0,2935.59460080983,4,0.4921112060546875,10.764823913574219,269.11483058902235,160.0,-0.0,5748.691072724051,6023.308927275949,0.8659592866897583,-11.780510085557644,False,-0.0,True,0,0,-12.210553169250488,22.147144317626953,0.08320848643779755,False,True,-33.13992691040039,201.56802368164062,2.9802322387695312e-08,0.0,0.0,1.0,4558.58837890625,4558.58837890625,0.3054891526699066,0.09451085329055786,0.0,asphalt,True,-34.403228759765625,200.4584503173828,9.313225746154785e-09,0.0,0.0,1.0,1228.470458984375,1228.470458984375,0.3740933835506439,0.025906622409820557,0.0,asphalt,True,-34.59169006347656,203.22103881835938,3.725290298461914e-08,0.0,0.0,1.0,4647.9619140625,4647.9619140625,0.30352160334587097,0.0964784026145935,0.0,asphalt,True,-35.854984283447266,202.1114501953125,1.4901161193847656e-08,0.0,0.0,1.0,1320.303466796875,1320.303466796875,0.3721257746219635,0.027874231338500977,0.0,asphalt,930,-77.51548140594848,398.3569817233539,-77.51736437628158,-25.493309020996094,-6.065319061279297,-0.0034048088027888676,-0.23357551753090564,-47.725058212648975,5014.466604346506,0.0,0.0,-0.0,4559.2265625,True,0.0,929,3.2754480005769627e-09,-0.0018182444872980735,-0.2253571856218235,True,930,-73.78614865995024,386.86729242268837,-73.78803163028334,-24.03993797302246,-6.075778007507324,-0.012874038406772521,-0.24755285114117115,-76.41858632331468,1348.6798226178792,0.0,0.0,-0.0,1228.9969482421875,True,0.0,929,1.938455519548314e-10,-0.01156535057673507,-0.2402054527698484,True,930,-76.88861931036648,405.4786033214281,-76.89050228069958,-25.47968864440918,-4.16365909576416,0.004177612743772588,-0.16197925098265573,236.9003659655944,5038.897457926444,52.20794790330131,41.514,-41.514,4649.34619140625,True,0.0,929,4.154128624297287e-06,0.006086820067685661,-0.15412863377719957,True,930,-71.600012746263,391.611792522922,-71.6018957165961,-24.026315689086914,-4.174132347106934,0.016578134074923593,-0.1720147764820062,186.9966085805117,1430.0657332040837,52.20794790330131,41.514,-41.514,1321.394775390625,True,0.0,929,4.59154473770643e-08,0.01818624565660462,-0.16537204405317452,True,930
5.800000000000,696,held_throttle,0.0,0.15,0.0,1,-35.001678466796875,202.76622009277344,0.41850700974464417,-136.58203125,-24.46596908569336,0.0499848797917366,-2.3478856086730957,asphalt,0.0,0.15,0.0,2909.6722936838487,4,0.44961023330688477,10.794574737548828,266.1168620265453,160.0,-0.0,5756.863340654984,6015.136659345016,0.9170697331428528,-13.10953585228865,False,-0.0,True,0,0,-12.593591690063477,21.766368865966797,0.0822543203830719,False,True,-33.75043487548828,202.72467041015625,-2.2351741790771484e-08,0.0,0.0,1.0,4558.048828125,4558.048828125,0.3053600490093231,0.09463995695114136,0.0,asphalt,True,-34.962890625,201.5597381591797,1.1175870895385742e-08,0.0,0.0,1.0,1229.1905517578125,1229.1905517578125,0.37427976727485657,0.02572023868560791,0.0,asphalt,True,-35.27461242675781,204.31114196777344,1.4901161193847656e-08,0.0,0.0,1.0,4642.99169921875,4642.99169921875,0.30344972014427185,0.09655028581619263,0.0,asphalt,True,-36.4870719909668,203.1461944580078,9.313225746154785e-09,0.0,0.0,1.0,1317.393310546875,1317.393310546875,0.3723694384098053,0.02763056755065918,0.0,asphalt,936,-76.91028856142454,394.49740514624307,-76.91233364894084,-25.271991729736328,-6.663408279418945,-0.0042894717873074575,-0.25780045469456486,-57.56509406582928,5006.236422430761,0.0,0.0,-0.0,4557.8212890625,True,0.0,935,4.441653347645427e-09,-0.002438570908523002,-0.24919898726970185,True,936,-73.05418602009676,383.19743104748056,-73.05623110761307,-23.732847213745117,-6.675144195556641,-0.015802325338765605,-0.27417842004395804,-84.03669007608862,1344.814275213179,0.0,0.0,-0.0,1228.697265625,True,0.0,935,1.4565493859629923e-10,-0.01421092084927632,-0.26640889467356116,True,936,-76.2045473612236,401.65263613985024,-76.20659244873991,-25.256710052490234,-4.649540901184082,0.004323976601048888,-0.18205300671579733,225.38044532487257,5075.499635514459,52.08346095544946,41.514,-41.514,4643.48681640625,True,0.0,935,2.223820729281681e-06,0.006495967203913057,-0.17377409906009153,True,936,-70.61429813064741,388.0581378563276,-70.61634321816372,-23.717552185058594,-4.661284446716309,0.017490582447470336,-0.19405980641406628,176.37303246434467,1435.403082008739,52.08346095544946,41.514,-41.514,1317.522216796875,True,0.0,935,2.1104720599138676e-08,0.01936992253282401,-0.18696013753683505,True,936
5.850000000000,702,held_throttle,0.0,0.15,0.0,1,-35.63908386230469,203.84632873535156,0.41852036118507385,-133.89877319335938,-24.15656280517578,0.048224132508039474,-2.353327751159668,asphalt,0.0,0.15,0.0,2880.4334687519868,4,0.4025278091430664,10.81344223022461,262.9049450224815,160.0,-0.0,5765.608029963022,6006.391970036978,0.9681721329689026,-14.582082354361313,False,-0.0,True,0,0,-12.96125316619873,21.369216918945312,0.08137886971235275,False,True,-34.38191604614258,203.86578369140625,-7.450580596923828e-09,0.0,0.0,1.0,4560.4921875,4560.4921875,0.3052646815776825,0.09473532438278198,0.0,asphalt,True,-35.537994384765625,202.64486694335938,7.450580596923828e-09,0.0,0.0,1.0,1234.47509765625,1234.47509765625,0.3743201792240143,0.025679826736450195,0.0,asphalt,True,-35.97934341430664,205.3784637451172,2.9802322387695312e-08,0.0,0.0,1.0,4641.27490234375,4641.27490234375,0.3034234344959259,0.09657657146453857,0.0,asphalt,True,-37.13542175292969,204.15756225585938,4.470348358154297e-08,0.0,0.0,1.0,1318.5338134765625,1318.5338134765625,0.37247899174690247,0.02752101421356201,0.0,asphalt,942,-76.20572046001205,390.6707205764162,-76.20784857307324,-25.012737274169922,-7.309517860412598,-0.005403266190047077,-0.2843148799146713,-68.89866662495326,4995.6311744125815,0.0,0.0,-0.0,4560.052734375,True,0.0,941,5.12256358689745e-09,-0.0032469466213725633,-0.2753359823027115,True,942,-72.24469183011381,379.5662362833462,-72.246819943175,-23.38782501220703,-7.322599411010742,-0.01936577221242802,-0.3034263864841503,-92.53002544967593,1344.453707207602,0.0,0.0,-0.0,1233.0806884765625,True,0.0,941,1.1317660396972649e-10,-0.017442521902398485,-0.2952378964498513,True,942,-75.41069380806842,397.86378167423294,-75.4128219211296,-24.99567985534668,-5.183455467224121,0.004406797467464711,-0.20447583757440468,212.23889276954955,5095.63347483563,51.937455310631556,41.514,-41.514,4641.51513671875,True,0.0,941,1.1185028966370042e-06,0.006883083426772698,-0.19576690305705274,True,942,-69.52911100911119,384.55642045758185,-69.53123912217238,-23.37078094482422,-5.196526527404785,0.01823534749753017,-0.21879206845272892,164.68502883252424,1440.4997896303646,51.937455310631556,41.514,-41.514,1318.15478515625,True,0.0,941,9.268099328049606e-09,0.02042846097174119,-0.21122676238906013,True,942
5.900000000000,708,held_throttle,0.0,0.15,0.0,1,-36.29452133178711,204.90623474121094,0.4184955358505249,-131.0699005126953,-23.803348541259766,0.04633776843547821,-2.354794979095459,asphalt,0.0,0.15,0.0,2847.5024872078693,4,0.35073423385620117,10.818428039550781,259.46437845109494,160.0,-0.0,5775.061119048582,5996.938880951418,1.018723487854004,-16.19987868325298,False,-0.0,True,0,0,-13.31151008605957,20.956045150756836,0.08098650723695755,False,True,-35.03408432006836,204.9904022216797,1.4901161193847656e-08,0.0,0.0,1.0,4562.44775390625,4562.44775390625,0.3051852881908417,0.0948147177696228,0.0,asphalt,True,-36.12795639038086,203.71343994140625,-3.725290298461914e-08,0.0,0.0,1.0,1243.787841796875,1243.787841796875,0.37427011132240295,0.025729894638061523,0.0,asphalt,True,-36.70481872558594,206.42169189453125,-2.2351741790771484e-08,0.0,0.0,1.0,4639.97119140625,4639.97119140625,0.3034164011478424,0.09658360481262207,0.0,asphalt,True,-37.798702239990234,205.144775390625,9.313225746154785e-09,0.0,0.0,1.0,1321.3170166015625,1321.3170166015625,0.37250110507011414,0.027498900890350342,0.0,asphalt,948,-75.38805856093258,386.8822717014269,-75.3901651194641,-24.710121154785156,-8.000292778015137,-0.006796331319892168,-0.31311522595840974,-81.73448859313861,4980.359518640612,0.0,0.0,-0.0,4562.30029296875,True,0.0,947,5.347120802022223e-09,-0.00428705569824904,-0.30376814973092175,True,948,-71.3488567888001,375.9778214280378,-71.35096334733163,-23.00037384033203,-8.014791488647461,-0.023684349817687248,-0.3353053724190195,-102.04774624843392,1348.2158246723882,0.0,0.0,-0.0,1242.3973388671875,True,0.0,947,9.098655405800246e-11,-0.021373171400666607,-0.3267064196117409,True,948,-74.49306869028622,394.1179119861509,-74.49517524881774,-24.69123077392578,-5.763246536254883,0.004395005948667581,-0.22930718894411256,197.47726880221933,5100.452236057501,51.769150400763934,41.514,-41.514,4640.2890625,True,0.0,947,5.317586317505934e-07,0.00722078356516887,-0.22017053139486104,True,948,-68.33542473049788,381.11186309355145,-68.3375312890294,-22.98151206970215,-5.777706146240234,0.018746456165772776,-0.24630217869199716,151.94802505107484,1443.758551646776,51.769150400763934,41.514,-41.514,1320.6998291015625,True,0.0,947,3.906465830018382e-09,0.021301614214840822,-0.23826714324522363,True,948
5.950000000000,714,held_throttle,0.0,0.15,0.0,1,-36.96706771850586,205.94517517089844,0.4184572696685791,-128.09754943847656,-23.401458740234375,0.04454692825675011,-2.3538100719451904,asphalt,0.0,0.15,0.0,2810.480539128019,4,0.29496145248413086,10.806550025939941,255.7837114596242,160.0,-0.0,5785.322335632721,5986.677664367279,1.0683521032333374,-17.963643409991665,False,-0.0,True,0,0,-13.642239570617676,20.527549743652344,0.08104989677667618,False,True,-35.7065315246582,206.09759521484375,-1.4901161193847656e-08,0.0,0.0,1.0,4561.42919921875,4561.42919921875,0.30513235926628113,0.09486764669418335,0.0,asphalt,True,-36.73217010498047,204.76522827148438,1.862645149230957e-08,0.0,0.0,1.0,1251.6376953125,1251.6376953125,0.3741772472858429,0.025822758674621582,0.0,asphalt,True,-37.449798583984375,207.4396209716797,0.0,0.0,0.0,1.0,4637.5166015625,4637.5166015625,0.30343177914619446,0.09656822681427002,0.0,asphalt,True,-38.47543716430664,206.1072540283203,-1.30385160446167e-08,0.0,0.0,1.0,1326.1949462890625,1326.1949462890625,0.372476726770401,0.027523279190063477,0.0,asphalt,954,-74.44385865740442,383.1380845996783,-74.4459588978436,-24.35896873474121,-8.731584548950195,-0.008518612773056367,-0.3441868180262155,-95.9888332130465,4958.835683490274,0.0,0.0,-0.0,4561.857421875,True,0.0,953,5.209900335607078e-09,-0.0056062012169616725,-0.33448455673554,True,954,-70.35949135171457,372.43671281069015,-70.36159159215374,-22.565959930419922,-8.747511863708496,-0.02892286513218765,-0.3698076682621985,-112.28149494337161,1349.4644993343377,0.0,0.0,-0.0,1250.3023681640625,True,0.0,953,7.37803982913777e-11,-0.026162973220703618,-0.36081206016688433,True,954,-73.43830720328154,390.4215844017054,-73.44040744372072,-24.338199615478516,-6.385560035705566,0.004254967090077865,-0.2565846542304899,181.2006445821401,5092.395127983743,51.577133808385135,41.514,-41.514,4638.1474609375,True,0.0,953,2.401700631707289e-07,0.007477589292552728,-0.24702640816727692,True,954,-67.02543428614591,377.730113265078,-67.02753452658509,-22.545188903808594,-6.401487350463867,0.01893067257947633,-0.2766587771823733,138.35995443216078,1446.5235117327964,51.577133808385135,41.514,-41.514,1325.4119873046875,True,0.0,953,1.6029676331517543e-09,0.021901408408110657,-0.26815181786794695,True,954
6.000000000000,720,held_throttle,0.0,0.15,0.0,1,-37.65571212768555,206.96238708496094,0.41842564940452576,-124.984619140625,-22.946117401123047,0.042734041810035706,-2.350428819656372,asphalt,0.0,0.15,0.0,2768.9708664796412,4,0.2343273162841797,10.777607917785645,251.85423421867569,160.0,-0.0,5796.4325007068055,5975.5674992931945,1.1167620420455933,-19.873549517920257,False,-0.0,True,0,0,-13.951359748840332,20.084684371948242,0.0813487246632576,False,True,-36.39878845214844,207.1863555908203,2.2351741790771484e-08,0.0,0.0,1.0,4557.244140625,4557.244140625,0.3051227629184723,0.09487724304199219,0.0,asphalt,True,-37.349998474121094,205.7998809814453,7.450580596923828e-09,0.0,0.0,1.0,1260.586181640625,1260.586181640625,0.3740551769733429,0.025944828987121582,0.0,asphalt,True,-38.21286392211914,208.4309844970703,2.9802322387695312e-08,0.0,0.0,1.0,4631.5458984375,4631.5458984375,0.3034927546977997,0.0965072512626648,0.0,asphalt,True,-39.1640739440918,207.0445098876953,-1.862645149230957e-08,0.0,0.0,1.0,1331.2318115234375,1331.2318115234375,0.3724251687526703,0.02757483720779419,0.0,asphalt,960,-73.36037951876388,379.44482974323034,-73.36253954266176,-23.954208374023438,-9.498357772827148,-0.010633491334443947,-0.3775040468892424,-111.62993352840475,4931.155815885591,0.0,0.0,-0.0,4557.84228515625,True,0.0,959,4.852648041879957e-09,-0.007261915105853299,-0.36746232324097633,True,960,-69.26886346233307,368.94778252943854,-69.27102348623096,-22.079975128173828,-9.515762329101562,-0.035269505960738565,-0.40691470286156173,-123.4830942322785,1350.7556947963449,0.0,0.0,-0.0,1258.966796875,True,0.0,959,6.13264425768425e-11,-0.03198800054259667,-0.3975362187848491,True,960,-72.23375763398666,386.78199736913416,-72.23591765788454,-23.93149185180664,-7.046059608459473,0.003942580478279786,-0.2863354585340448,163.50618785269162,5072.518069956627,51.35956337378907,41.514,-41.514,4632.79931640625,True,0.0,959,1.029362787795794e-07,0.007618353045556973,-0.2763592793007632,True,960,-65.59152403660035,374.41718677453724,-65.59368406049823,-22.05725860595703,-7.063462257385254,0.018681182518648518,-0.30991429395509146,123.85154406929135,1447.4930463500723,51.35956337378907,41.514,-41.514,1330.333984375,True,0.0,959,6.391730524820056e-10,0.022129560423767167,-0.3009362580358195,True,960
6.050000000000,726,held_throttle,0.0,0.15,0.0,1,-38.35932922363281,207.95718383789062,0.4184105396270752,-121.73507690429688,-22.43285369873047,0.04074763134121895,-2.344175100326538,asphalt,0.0,0.15,0.0,2722.5816684996585,4,0.16971492767333984,10.739625930786133,247.66955801024605,160.0,-0.0,5808.439001993075,5963.560998006925,1.1636172533035278,-21.92857900514917,False,-0.0,True,0,0,-14.237027168273926,19.628448486328125,0.08174905925989151,False,True,-37.1102409362793,208.25567626953125,-1.4901161193847656e-08,0.0,0.0,1.0,4551.630859375,4551.630859375,0.3051694929599762,0.09483051300048828,0.0,asphalt,True,-37.98076248168945,206.81716918945312,-2.60770320892334e-08,0.0,0.0,1.0,1270.9559326171875,1270.9559326171875,0.3739032447338104,0.026096761226654053,0.0,asphalt,True,-38.992401123046875,209.39476013183594,-1.4901161193847656e-08,0.0,0.0,1.0,4621.88134765625,4621.88134765625,0.3036169111728668,0.09638309478759766,0.0,asphalt,True,-39.86292266845703,207.95623779296875,-1.862645149230957e-08,0.0,0.0,1.0,1337.24755859375,1337.24755859375,0.37235066294670105,0.027649343013763428,0.0,asphalt,966,-72.1250283790721,375.8098119210147,-72.12724442761079,-23.491031646728516,-10.294173240661621,-0.013206219421550328,-0.41301222956662753,-128.6094811352572,4900.816596049983,0.0,0.0,-0.0,4552.78466796875,True,0.0,965,4.401596196541125e-09,-0.009314299896400422,-0.4026487188620566,True,966,-68.06773804408064,365.51634067774785,-68.06995409261933,-21.538177490234375,-10.31307601928711,-0.04290874029296439,-0.446566761036117,-135.70695339197903,1353.0104133477023,0.0,0.0,-0.0,1269.1441650390625,True,0.0,965,5.353431737071451e-11,-0.039025699097819846,-0.4368250173580304,True,966,-70.8674820217409,383.20696613542026,-70.86969807027958,-23.466381072998047,-7.738986015319824,0.0034139054323861326,-0.31855848693439454,144.449549752383,5043.030284486566,51.11432177832203,41.514,-41.514,4623.7265625,True,0.0,965,4.148907276143091e-08,0.007598111055306328,-0.3081771500796343,True,966,-64.02696615894271,371.1794664291324,-64.0291822074814,-21.513511657714844,-7.757896900177002,0.01787773336975527,-0.346091765558703,108.58403150696779,1448.0439346393284,51.11432177832203,41.514,-41.514,1336.1671142578125,True,0.0,965,2.4993173825487124e-10,0.02186938482168116,-0.3366500830787748,True,966
6.100000000000,732,held_throttle,0.0,0.15,0.0,1,-39.07671356201172,208.9289093017578,0.41841521859169006,-118.35364532470703,-21.85763168334961,0.038610849529504776,-2.334895372390747,asphalt,0.0,0.15,0.0,2670.9409476241053,4,0.1012105941772461,10.693260192871094,243.22497532286332,160.0,-0.0,5821.34991459694,5950.65008540306,1.2086752653121948,-24.12651507685452,False,-0.0,True,0,0,-14.497565269470215,19.159944534301758,0.08210214227437973,False,True,-37.84020233154297,209.30450439453125,0.0,0.0,0.0,1.0,4543.3017578125,4543.3017578125,0.30527612566947937,0.09472388029098511,0.0,asphalt,True,-38.62379455566406,207.81687927246094,1.30385160446167e-08,0.0,0.0,1.0,1282.335693359375,1282.335693359375,0.37372341752052307,0.026276588439941406,0.0,asphalt,True,-39.78664779663086,210.32984924316406,1.4901161193847656e-08,0.0,0.0,1.0,4609.35498046875,4609.35498046875,0.3038063943386078,0.09619361162185669,0.0,asphalt,True,-40.57025146484375,208.84222412109375,4.0978193283081055e-08,0.0,0.0,1.0,1344.232177734375,1344.232177734375,0.3722536861896515,0.02774631977081299,0.0,asphalt,972,-70.72633130749308,372.240941153636,-70.72858084266626,-22.9650936126709,-11.111568450927734,-0.01631152588009218,-0.45064108662607116,-146.79116064731105,4866.304345662741,0.0,0.0,-0.0,4544.82568359375,True,0.0,971,3.938525130744693e-09,-0.011833456219392847,-0.43997668622515235,True,972,-66.74721581738393,362.14815534128,-66.74946535255711,-20.93665885925293,-11.131962776184082,-0.05205808471212105,-0.48868265040708314,-148.90028229895972,1355.7898650280652,0.0,0.0,-0.0,1280.38916015625,True,0.0,971,4.796735866505057e-11,-0.04748438824400771,-0.4786015287962058,True,972,-69.32889329264957,379.70486929958247,-69.33114282782275,-22.938488006591797,-8.457472801208496,0.002613651780370556,-0.35323798148285,124.22484809137762,5006.664735534629,50.839142327582096,41.514,-41.514,4611.57958984375,True,0.0,971,1.5410965242115435e-08,0.007371347559001202,-0.34245997880161844,True,972,-62.3259826704853,368.02364345518777,-62.32823220565848,-20.910045623779297,-8.477855682373047,0.016378316369127486,-0.3851907818696286,92.61338293214247,1448.694713765834,50.839142327582096,41.514,-41.514,1343.0145263671875,True,0.0,971,9.501524224764687e-11,0.02098816676398466,-0.3752939616604148,True,972
6.150000000000,738,held_throttle,0.0,0.15,0.0,1,-39.80657196044922,209.87696838378906,0.41843581199645996,-114.84569549560547,-21.21700668334961,0.03637566789984703,-2.323040723800659,asphalt,0.0,0.15,0.0,2613.704203971319,4,0.028900146484375,10.64138412475586,238.51860502949427,160.0,-0.0,5835.166462787701,5936.833537212299,1.251768946647644,-26.46451558931025,False,-0.0,True,0,0,-14.731457710266113,18.68039894104004,0.082305409014225,False,True,-38.58784866333008,210.331787109375,-1.4901161193847656e-08,0.0,0.0,1.0,4533.5478515625,4533.5478515625,0.30543115735054016,0.09456884860992432,0.0,asphalt,True,-39.27840042114258,208.7987518310547,2.2351741790771484e-08,0.0,0.0,1.0,1294.383544921875,1294.383544921875,0.37351974844932556,0.026480257511138916,0.0,asphalt,True,-40.59371566772461,211.23536682128906,0.0,0.0,0.0,1.0,4595.31640625,4595.31640625,0.3040477931499481,0.09595221281051636,0.0,asphalt,True,-41.28426742553711,209.7023468017578,1.862645149230957e-09,0.0,0.0,1.0,1351.86669921875,1351.86669921875,0.37213650345802307,0.027863502502441406,0.0,asphalt,978,-69.15410426605564,368.7466668999546,-69.15636915315014,-22.372726440429688,-11.942319869995117,-0.020030100871338722,-0.49031217679361305,-166.02896190637495,4829.257596534285,0.0,0.0,-0.0,4535.216796875,True,0.0,977,3.5011592161071493e-09,-0.014892397391180761,-0.4793676024814961,True,978,-65.29893903915463,358.849426042028,-65.30120392624913,-20.27198028564453,-11.964197158813477,-0.0629770540069321,-0.5331705416956589,-162.9898208607648,1358.7074599283017,0.0,0.0,-0.0,1292.347412109375,True,0.0,977,4.419425023435537e-11,-0.05760554932897838,-0.5227732876735842,True,978,-67.60895292039832,376.2845756685762,-67.61121780749282,-22.34415054321289,-9.193624496459961,0.0014856720293412772,-0.39034266775892534,103.00381072348752,4966.248660209218,50.53171748881546,41.514,-41.514,4597.69921875,True,0.0,977,5.024061531173715e-09,0.006887005799992945,-0.3791797751193084,True,978,-60.483101983702376,364.95668986691766,-60.485366870796874,-20.24342155456543,-9.215493202209473,0.014029145180726479,-0.4271979657730522,75.97341073993239,1449.3499271872022,50.53171748881546,41.514,-41.514,1350.566162109375,True,0.0,977,3.5468383164760974e-11,0.01934295691283058,-0.4168572240837933,True,978
6.200000000000,744,held_throttle,0.0,0.15,0.0,1,-40.547550201416016,210.8008270263672,0.4184643626213074,-111.2169189453125,-20.508193969726562,0.03407539054751396,-2.3094303607940674,asphalt,0.0,0.15,0.0,2550.5586276073104,4,-0.04640007019042969,10.587054252624512,233.55019685894248,160.0,-0.0,5849.848910612314,5922.151089387686,1.2927740812301636,-28.939093032261113,False,-0.0,True,0,0,-14.937338829040527,18.191091537475586,0.08233679831027985,False,True,-39.3522834777832,211.33639526367188,-7.450580596923828e-09,0.0,0.0,1.0,4523.5732421875,4523.5732421875,0.3056146800518036,0.09438532590866089,0.0,asphalt,True,-39.943878173828125,209.76255798339844,-1.30385160446167e-08,0.0,0.0,1.0,1306.802734375,1306.802734375,0.3732975423336029,0.026702463626861572,0.0,asphalt,True,-41.411582946777344,212.11053466796875,-7.450580596923828e-09,0.0,0.0,1.0,4580.98681640625,4580.98681640625,0.3043201267719269,0.0956798791885376,0.0,asphalt,True,-42.003177642822266,210.53668212890625,-7.450580596923828e-09,0.0,0.0,1.0,1359.859130859375,1359.859130859375,0.3720029294490814,0.027997076511383057,0.0,asphalt,984,-67.3993173781141,365.3359168242457,-67.40158462518,-21.710838317871094,-12.777570724487305,-0.024454901700848984,-0.5319460999137622,-186.17356920409026,4791.131965789313,0.0,0.0,-0.0,4525.2177734375,True,0.0,983,3.1184510884066614e-09,-0.018572302516371444,-0.5207397290099646,True,984,-63.71519542442739,355.62675285156024,-63.717462671493294,-19.541332244873047,-12.800897598266602,-0.0759765110476294,-0.5799295785608729,-177.90215668540782,1361.3798144802029,0.0,0.0,-0.0,1304.7052001953125,True,0.0,983,4.141108411968232e-11,-0.06968363177511973,-0.5692401623002842,True,984,-65.70018780709894,372.9553637324939,-65.70245505416484,-21.68039321899414,-9.938837051391602,-3.08461816976799e-05,-0.4298381360335828,80.96757766024672,4924.012025908624,50.189781779391,41.514,-41.514,4583.36376953125,True,0.0,983,1.2625170772828344e-09,0.006091412808881614,-0.41830103642803407,True,984,-58.493380803148554,361.9858380803751,-58.495648050214456,-19.510868072509766,-9.962169647216797,0.010663411115155948,-0.4720883692003093,58.72854072358658,1449.7791539686616,50.189781779391,41.514,-41.514,1358.498291015625,True,0.0,983,1.2304737534310664e-11,0.016780275716572934,-0.4613150216554361,True,984
6.250000000000,750,held_throttle,0.0,0.15,0.0,1,-41.2982177734375,211.70005798339844,0.41849273443222046,-107.47354125976562,-19.729293823242188,0.03173273801803589,-2.294886350631714,asphalt,0.0,0.15,0.0,2481.2285519758993,4,-0.1250011920928955,10.530951499938965,228.3221282211648,160.0,-0.0,5865.362562693153,5906.637437306847,1.3315865993499756,-31.546440011060305,False,-0.0,True,0,0,-15.113996505737305,17.693422317504883,0.08223788440227509,False,True,-40.1324462890625,212.31735229492188,-4.470348358154297e-08,0.0,0.0,1.0,4514.07958984375,4514.07958984375,0.30580785870552063,0.09419214725494385,0.0,asphalt,True,-40.61949920654297,210.70809936523438,-1.862645149230957e-09,0.0,0.0,1.0,1319.50146484375,1319.50146484375,0.3730609118938446,0.026939094066619873,0.0,asphalt,True,-42.23809814453125,212.95469665527344,0.0,0.0,0.0,1.0,4567.0869140625,4567.0869140625,0.30460354685783386,0.09539645910263062,0.0,asphalt,True,-42.725154876708984,211.345458984375,4.470348358154297e-08,0.0,0.0,1.0,1368.083251953125,1368.083251953125,0.37185660004615784,0.02814340591430664,0.0,asphalt,990,-65.45455300503608,362.01802740576926,-65.45681509071227,-20.97736358642578,-13.607839584350586,-0.02968146605606002,-0.575454882708054,-207.05227853622935,4752.731358138642,0.0,0.0,-0.0,4515.61962890625,True,0.0,989,2.8009362188876883e-09,-0.022964189668566535,-0.5640109104810457,True,990,-61.98900251950772,352.48710119434696,-61.991264605183915,-18.74275016784668,-13.632593154907227,-0.09142845357511079,-0.6288487030919137,-193.55699606983748,1363.6164031424264,0.0,0.0,-0.0,1317.3636474609375,True,0.0,989,4.089220299107954e-11,-0.08407069053420423,-0.6178960189182002,True,990,-63.59686808686025,369.7268364219814,-63.59913017253644,-20.945037841796875,-10.683903694152832,-0.0020018405879094576,-0.47168885752609935,58.275303569779155,4881.255626551621,49.81117711880802,41.514,-41.514,4569.36279296875,True,0.0,989,1.4744395112379817e-10,0.004926541216106968,-0.459790844085277,True,990,-56.352664749839136,359.1185464550088,-56.35492683551533,-18.710445404052734,-10.708648681640625,0.006096382749985894,-0.5198293931128403,40.95865235933099,1449.8861296030311,49.81117711880802,41.514,-41.514,1366.6961669921875,True,0.0,989,3.639539723355637e-12,0.013126086703287906,-0.5086417696113598,True,990
6.300000000000,756,held_throttle,0.0,0.15,0.0,1,-42.057090759277344,212.57424926757812,0.41851523518562317,-103.6218490600586,-18.8792781829834,0.02935103140771389,-2.2799971103668213,asphalt,0.0,0.15,0.0,2405.4802927327246,4,-0.20560836791992188,10.473857879638672,222.83932913627277,160.0,-0.0,5881.643152672672,5890.356847327328,1.368116021156311,-34.282548217825905,True,-0.0,True,0,0,-15.260322570800781,17.188915252685547,0.08207980543375015,False,True,-40.927181243896484,213.27352905273438,2.9802322387695312e-08,0.0,0.0,1.0,4505.25830078125,4505.25830078125,0.305997759103775,0.09400224685668945,0.0,asphalt,True,-41.30453872680664,211.6350860595703,2.0489096641540527e-08,0.0,0.0,1.0,1332.49072265625,1332.49072265625,0.3728128969669342,0.027187108993530273,0.0,asphalt,True,-43.071044921875,213.767333984375,-2.2351741790771484e-08,0.0,0.0,1.0,4553.78369140625,4553.78369140625,0.30488529801368713,0.09511470794677734,0.0,asphalt,True,-43.44839859008789,212.12890625,-2.7939677238464355e-08,0.0,0.0,1.0,1376.528076171875,1376.528076171875,0.3717004358768463,0.028299570083618164,0.0,asphalt,996,-63.3142346729526,358.80265590405975,-63.31648711385221,-20.17095184326172,-14.423357009887695,-0.03583101107120434,-0.6207592515157968,-228.45289250228822,4714.191619580174,0.0,0.0,-0.0,4506.69091796875,True,0.0,995,2.53661395105876e-09,-0.028170804802994373,-0.6090967688957516,True,996,-60.114218165036405,349.4377635552662,-60.116470605936016,-17.87506103515625,-14.449481964111328,-0.10979716127658025,-0.6798176755776503,-209.8526746079026,1365.2661889718522,0.0,0.0,-0.0,1330.2938232421875,True,0.0,995,4.090199003579775e-11,-0.1011939394249598,-0.6686264305060144,True,996,-61.29511323478207,366.60883583762086,-61.29736567568168,-20.136823654174805,-11.419224739074707,-0.0044974180068614355,-0.5158631269011954,35.16327850494071,4838.441311227787,49.39390837466616,41.514,-41.514,4555.9697265625,True,0.0,995,1.000686625372954e-11,0.0033370163583873076,-0.5036146312948582,True,996,-54.057767620053355,356.36245555412313,-54.060020060952965,-17.840951919555664,-11.44534969329834,0.00010585785705672373,-0.5703916493555315,22.780502596175083,1449.559597112438,49.39390837466616,41.514,-41.514,1375.09619140625,True,0.0,995,9.266795825752653e-13,0.00818882268071747,-0.5588016211713748,True,996
6.350000000000,762,held_throttle,0.0,0.15,0.0,1,-42.8226318359375,213.423095703125,0.418529748916626,-99.66856384277344,-17.95819854736328,0.02693730778992176,-2.2650327682495117,asphalt,0.0,0.15,0.0,2323.1287534645717,4,-0.2883061170578003,10.414202690124512,217.10974058875027,160.0,-0.0,5898.607649734642,5873.392350265358,1.4022728204727173,-37.14345921873733,True,-0.0,True,0,0,-15.375332832336426,16.679277420043945,0.08192964643239975,False,True,-41.73518753051758,214.20391845703125,7.450580596923828e-09,0.0,0.0,1.0,4496.869140625,4496.869140625,0.30618003010749817,0.09381997585296631,0.0,asphalt,True,-41.99821090698242,212.54331970214844,-7.450580596923828e-09,0.0,0.0,1.0,1345.8043212890625,1345.8043212890625,0.3725554049015045,0.02744460105895996,0.0,asphalt,True,-43.90809631347656,214.5481414794922,-1.4901161193847656e-08,0.0,0.0,1.0,4540.86962890625,4540.86962890625,0.3051605522632599,0.09483945369720459,0.0,asphalt,True,-44.17111587524414,212.88751220703125,9.313225746154785e-09,0.0,0.0,1.0,1385.26513671875,1385.26513671875,0.37153592705726624,0.028464078903198242,0.0,asphalt,1002,-60.97481438440734,355.69968542951574,-60.97705252298617,-19.291419982910156,-15.214017868041992,-0.043038240040379865,-0.6677766628232056,-250.1436592798664,4675.082405973089,0.0,0.0,-0.0,4498.25439453125,True,0.0,1001,2.340772312701441e-09,-0.03431445165538388,-0.6559197892173574,True,1002,-58.085640447674855,346.4863145380251,-58.08787858625369,-16.938274383544922,-15.241464614868164,-0.13165372774656153,-0.7327178167541176,-226.68192474041712,1366.2295984988477,0.0,0.0,-0.0,1343.556396484375,True,0.0,1001,4.1812691310095987e-11,-0.12159052199063235,-0.7213180989349807,True,1002,-58.79308521069357,363.61134302996805,-58.7953233492724,-19.255584716796875,-12.134891510009766,-0.00758914387079251,-0.5623307237087801,11.836069664439636,4795.352104189789,48.93619294951866,41.514,-41.514,4543.013671875,True,0.0,1001,1.7917677342843035e-10,0.0012603575874686925,-0.5497466067437142,True,1002,-51.60658286998324,353.72533660768244,-51.608821008562074,-16.902395248413086,-12.162347793579102,-0.0075597036280039345,-0.6237355630920852,4.3036347686387595,1448.7842906580743,48.93619294951866,41.514,-41.514,1383.7821044921875,True,0.0,1001,0.0005105741173974448,0.0017364245435131927,-0.6117632183360046,True,1002
6.400000000000,768,held_throttle,0.0,0.15,0.0,1,-43.59325408935547,214.24639892578125,0.41853728890419006,-95.62049102783203,-16.967172622680664,0.024496154859662056,-2.2499449253082275,asphalt,0.0,0.15,0.0,2234.044162658934,4,-0.3719390630722046,10.35132884979248,211.1453609902782,160.0,-0.0,5916.1634233477635,5855.8365766522365,1.433968186378479,-40.1253662634217,True,-0.0,True,0,0,-15.458168983459473,16.166427612304688,0.08183301985263824,False,True,-42.55504608154297,215.10757446289062,-2.2351741790771484e-08,0.0,0.0,1.0,4488.40869140625,4488.40869140625,0.3063575327396393,0.0936424732208252,0.0,asphalt,True,-42.699745178222656,213.43252563476562,1.862645149230957e-08,0.0,0.0,1.0,1359.617431640625,1359.617431640625,0.3722885549068451,0.027711451053619385,0.0,asphalt,True,-44.74687957763672,215.2969512939453,-7.450580596923828e-09,0.0,0.0,1.0,4527.857421875,4527.857421875,0.30543193221092224,0.09456807374954224,0.0,asphalt,True,-44.89157485961914,213.6219024658203,-3.725290298461914e-09,0.0,0.0,1.0,1394.4871826171875,1394.4871826171875,0.37136295437812805,0.028637051582336426,0.0,asphalt,1008,-58.43526262674419,352.7191093798965,-58.43748239265693,-18.339609146118164,-15.969695091247559,-0.051474789521740456,-0.716432743352385,-271.8387604237805,4634.591063215516,0.0,0.0,-0.0,4489.84326171875,True,0.0,1007,2.185403208898573e-09,-0.04153903704456494,-0.7044017831335976,True,1008,-55.89917945395263,343.64055889110705,-55.90139921986537,-15.933306694030762,-15.998392105102539,-0.15774644736583351,-0.7874364301789322,-243.9168741786493,1366.42363474782,0.0,0.0,-0.0,1357.276123046875,True,0.0,1007,4.387166818818783e-11,-0.14594384373169456,-0.7758551557717859,True,1008,-56.0913302907318,360.7443658470267,-56.09355005664454,-18.30211067199707,-12.820998191833496,-0.011366357010544875,-0.611075005250517,-11.44477023016844,4751.338080126333,48.43650895663064,41.514,-41.514,4530.0556640625,True,0.0,1007,4.0770960907361065e-10,-0.0013678652100001813,-0.598166877983302,True,1008,-48.99824833460687,351.21503286693985,-49.00046810051961,-15.895806312561035,-12.849699974060059,-0.017213070697962605,-0.6798240711446003,-14.32217347338805,1447.5639398900432,48.43650895663064,41.514,-41.514,1392.911376953125,True,0.0,1007,0.0001455486915700707,-0.006498390986301914,-0.6674862293950529,True,1008
6.450000000000,774,held_throttle,0.0,0.15,0.0,1,-44.367340087890625,215.04400634765625,0.418540894985199,-91.4848403930664,-15.908514976501465,0.022036219015717506,-2.2344722747802734,asphalt,0.0,0.15,0.0,2138.157996292962,4,-0.45583653450012207,10.283329010009766,204.96175288662926,160.0,-0.0,5934.183425502334,5837.816574497666,1.4631164073944092,-43.22472457387979,True,-0.0,True,0,0,-15.50812816619873,15.652499198913574,0.08180557191371918,False,True,-43.385189056396484,215.98353576660156,-3.725290298461914e-08,0.0,0.0,1.0,4479.3486328125,4479.3486328125,0.3065376579761505,0.09346234798431396,0.0,asphalt,True,-43.40829849243164,214.3024444580078,5.587935447692871e-09,0.0,0.0,1.0,1374.0692138671875,1374.0692138671875,0.3720114529132843,0.027988553047180176,0.0,asphalt,True,-45.584983825683594,216.01382446289062,-2.9802322387695312e-08,0.0,0.0,1.0,4514.236328125,4514.236328125,0.3057067096233368,0.09429329633712769,0.0,asphalt,True,-45.60808563232422,214.33270263671875,3.725290298461914e-09,0.0,0.0,1.0,1404.36865234375,1404.36865234375,0.3711804449558258,0.028819561004638672,0.0,asphalt,1014,-55.696966407127235,349.8709074291032,-55.699162034555826,-17.317523956298828,-16.68033218383789,-0.061352590632144564,-0.7666582411675176,-293.2706543942517,4591.74126112272,0.0,0.0,-0.0,4480.92578125,True,0.0,1013,2.060947492825073e-09,-0.05003043792559162,-0.7544761582040901,True,1014,-53.551958374217214,340.9084744789219,-53.554154001645806,-14.862372398376465,-16.7102108001709,-0.18905285036607966,-0.8438581529131556,-261.4078693820072,1365.7212632968094,0.0,0.0,-0.0,1371.602294921875,True,0.0,1013,4.604639730887258e-11,-0.17515418402596922,-0.8321244892610216,True,1014,-53.192823718946656,358.01782237994064,-53.19501934637525,-17.27849578857422,-13.467639923095703,-0.015923610599258103,-0.6620812373724756,-34.38891513743721,4705.536833676335,47.893641637757945,41.514,-41.514,4516.57177734375,True,0.0,1013,6.102169689524084e-10,-0.004618848246679972,-0.6488635807806721,True,1014,-46.23319931615679,348.83939535394813,-46.23539494358538,-14.823301315307617,-13.497530937194824,-0.029254917632707173,-0.738619763665713,-32.976109430276274,1445.8524026544994,47.893641637757945,41.514,-41.514,1402.66015625,True,0.0,1013,0.0006981368136287126,-0.016870131919073043,-0.7259399685909204,True,1014
6.500000000000,780,held_throttle,0.0,0.15,0.0,1,-45.14322280883789,215.81594848632812,0.4185439348220825,-87.2688980102539,-14.785682678222656,0.01957041397690773,-2.218240737915039,asphalt,0.0,0.15,0.0,2035.4694501511485,4,-0.5392176508903503,10.208061218261719,198.57879558406418,160.0,-0.0,5952.530889540532,5819.469110459468,1.4896293878555298,-46.438172815244336,True,-0.0,True,0,0,-15.524709701538086,15.139843940734863,0.08183915168046951,False,True,-44.22391891479492,216.83106994628906,2.2351741790771484e-08,0.0,0.0,1.0,4469.201171875,4469.201171875,0.30672964453697205,0.09327036142349243,0.0,asphalt,True,-44.123008728027344,215.15284729003906,5.587935447692871e-09,0.0,0.0,1.0,1389.3690185546875,1389.3690185546875,0.37172189354896545,0.028278112411499023,0.0,asphalt,True,-46.41995620727539,216.69906616210938,-1.4901161193847656e-08,0.0,0.0,1.0,4499.5703125,4499.5703125,0.3059934079647064,0.09400659799575806,0.0,asphalt,True,-46.31904220581055,215.0208282470703,-1.4901161193847656e-08,0.0,0.0,1.0,1415.1732177734375,1415.1732177734375,0.3709857165813446,0.029014289379119873,0.0,asphalt,1020,-52.764217655269064,347.1649118612282,-52.76638112273217,-16.2283935546875,-17.336130142211914,-0.07294611555740574,-0.8183893857327568,-314.13708520878964,4545.4598692083955,0.0,0.0,-0.0,4470.98486328125,True,0.0,1019,1.9793497683191204e-09,-0.0600246919877329,-0.8060807644142416,True,1020,-51.04260645351555,338.2981427848188,-51.04476992097866,-13.728761672973633,-17.367101669311523,-0.226917658773206,-0.9018725682202349,-278.9865773561354,1363.9606236167688,0.0,0.0,-0.0,1386.7479248046875,True,0.0,1019,4.98404963687665e-11,-0.2104451275342716,-0.890014147702047,True,1020,-50.10326787626032,355.4414062517122,-50.105431343723424,-16.18792724609375,-14.065240859985352,-0.02138329063442542,-0.715348861372732,-56.73156273820993,4657.02924429632,47.306727875201275,41.514,-41.514,4502.10400390625,True,0.0,1019,7.694922603725191e-10,-0.008582495324692638,-0.7018365258282014,True,1020,-43.31328415854946,346.60621633988814,-43.31544762601256,-13.688271522521973,-14.096216201782227,-0.04420662234846299,-0.8000795702643707,-51.48242416453944,1443.6117175785412,47.306727875201275,41.514,-41.514,1413.2972412109375,True,0.0,1019,7.105427357601002e-13,-0.02981867273928299,-0.7870801580589224,True,1020
6.550000000000,786,held_throttle,0.0,0.15,0.0,1,-45.91923904418945,216.56231689453125,0.41854923963546753,-82.98040771484375,-13.603374481201172,0.017122218385338783,-2.200849771499634,asphalt,0.0,0.15,0.0,1926.0506341398834,4,-0.6208436489105225,10.123315811157227,192.02076100529845,160.0,-0.0,5971.049800128914,5800.950199871086,1.5134289264678955,-49.76249878058734,True,-0.0,True,0,0,-15.507651329040527,14.631020545959473,0.08191338181495667,False,True,-45.069435119628906,217.64944458007812,7.450580596923828e-09,0.0,0.0,1.0,4457.583984375,4457.583984375,0.3069424331188202,0.09305757284164429,0.0,asphalt,True,-44.84298324584961,215.9835205078125,9.313225746154785e-09,0.0,0.0,1.0,1405.7286376953125,1405.7286376953125,0.37141719460487366,0.02858281135559082,0.0,asphalt,True,-47.249385833740234,217.3531494140625,-7.450580596923828e-09,0.0,0.0,1.0,4483.5341796875,4483.5341796875,0.3063000738620758,0.09369993209838867,0.0,asphalt,True,-47.0229377746582,215.6872100830078,-3.166496753692627e-08,0.0,0.0,1.0,1427.1966552734375,1427.1966552734375,0.37077489495277405,0.02922511100769043,0.0,asphalt,1026,-49.64419187334915,344.6106632662148,-49.64631364224096,-15.076618194580078,-17.927719116210938,-0.08662188740009523,-0.8715698803852521,-334.098361838467,4494.657541124384,0.0,0.0,-0.0,4459.63818359375,True,0.0,1025,1.9039720932731462e-09,-0.0718283869352519,-0.8591568576894523,True,1026,-48.37152340136019,335.81766805006475,-48.373645170252004,-12.53707504272461,-17.95969009399414,-0.2732318079018058,-0.9613685546377465,-296.4362150278067,1360.8211006437311,0.0,0.0,-0.0,1402.9141845703125,True,0.0,1025,5.539714165682197e-11,-0.2535353197064292,-0.9494153642791435,True,1026,-46.831108562361116,353.0244532788933,-46.83323033125293,-15.034825325012207,-14.604597091674805,-0.027897929739773772,-0.7708837772809871,-78.16521997184962,4604.875127127082,46.67529886946684,41.514,-41.514,4486.318359375,True,0.0,1025,8.904699658838497e-10,-0.013366468212766318,-0.7570940505911704,True,1026,-40.24191883867546,344.52315395031917,-40.24404060756727,-12.495261192321777,-14.636558532714844,-0.06278956576940045,-0.864156908069857,-69.66793786881591,1440.6769092761037,46.67529886946684,41.514,-41.514,1425.0933837890625,True,0.0,1025,1.1368683772161603e-12,-0.04595263095881915,-0.8508630826877326,True,1026
6.600000000000,792,held_throttle,0.0,0.15,0.0,1,-46.693702697753906,217.2833709716797,0.4185585677623749,-78.62711334228516,-12.36737060546875,0.014717350713908672,-2.1818809509277344,asphalt,0.0,0.15,0.0,1810.0526195107998,4,-0.6998908519744873,10.02682876586914,185.31647458015686,160.0,-0.0,5989.562691199675,5782.437308800325,1.534446120262146,-53.1949921579315,True,-0.0,True,0,0,-15.456978797912598,14.128787994384766,0.08200810849666595,False,True,-45.9197883605957,218.43812561035156,7.450580596923828e-09,0.0,0.0,1.0,4444.10302734375,4444.10302734375,0.3071841895580292,0.0928158164024353,0.0,asphalt,True,-45.56725311279297,216.79428100585938,3.725290298461914e-09,0.0,0.0,1.0,1423.5760498046875,1423.5760498046875,0.37109288573265076,0.02890712022781372,0.0,asphalt,True,-48.07088088989258,217.97682189941406,0.0,0.0,0.0,1.0,4465.79296875,4465.79296875,0.3066338002681732,0.09336620569229126,0.0,asphalt,True,-47.71834945678711,216.33297729492188,9.313225746154785e-09,0.0,0.0,1.0,1440.9271240234375,1440.9271240234375,0.3705425560474396,0.029457449913024902,0.0,asphalt,1032,-46.34715943135875,342.2172599215329,-46.349228997757606,-13.867715835571289,-18.446502685546875,-0.1028898193253409,-0.9261568508369868,-352.83529834228216,4438.003228296348,0.0,0.0,-0.0,4446.501953125,True,0.0,1031,1.8678887703374007e-09,-0.08587235939046638,-0.9136611996957383,True,1032,-45.54130060182226,333.47507611831696,-45.54337016822112,-11.292952537536621,-18.479366302490234,-0.3307971629782129,-1.0222466696699815,-313.50707177012026,1355.9223901526414,0.0,0.0,-0.0,1420.4761962890625,True,0.0,1031,6.091747715611687e-11,-0.30693470787676025,-1.0102234396381868,True,1032,-43.387788388762225,350.7757960961126,-43.389857955161084,-13.824732780456543,-15.077238082885742,-0.03567789668472007,-0.8287073933032093,-98.36466988108599,4547.9310196542965,45.99932088812062,41.514,-41.514,4468.8837890625,True,0.0,1031,9.790419899490055e-10,-0.01911044456892204,-0.8146551004434386,True,1032,-37.02425603457541,342.59764866123567,-37.02632560097427,-11.249971389770508,-15.110095977783203,-0.08604760564276645,-0.9308030210963518,-87.34795165414052,1436.8589817269192,45.99932088812062,41.514,-41.514,1438.496337890625,True,0.0,1031,1.4028496275342423e-12,-0.066149600572619,-0.917243279502632,True,1032
6.650000000000,798,held_throttle,0.0,0.15,0.0,1,-47.46493911743164,217.97950744628906,0.4185727536678314,-74.21705627441406,-11.085338592529297,0.011933835223317146,-2.1608259677886963,asphalt,0.0,0.15,0.0,1792.9457690747674,3,-0.8245952129364014,9.911247253417969,178.50363290826326,160.0,-0.0,6008.434326673246,5763.565673326754,1.5527304410934448,-56.73239244495504,True,-0.0,True,0,0,-15.373839378356934,13.635941505432129,0.08211567997932434,False,True,-46.77298355102539,219.19674682617188,-7.450580596923828e-09,0.0,0.0,1.0,4431.7890625,4431.7890625,0.3074469268321991,0.09255307912826538,0.0,asphalt,True,-46.29484939575195,217.58499145507812,3.725290298461914e-08,0.0,0.0,1.0,1450.007080078125,1450.007080078125,0.3707246482372284,0.029275357723236084,0.0,asphalt,True,-48.88214111328125,218.57110595703125,-2.9802322387695312e-08,0.0,0.0,1.0,4442.08642578125,4442.08642578125,0.3070201575756073,0.09297984838485718,0.0,asphalt,True,-48.40401077270508,216.95932006835938,2.0489096641540527e-08,0.0,0.0,1.0,1450.987548828125,1450.987548828125,0.37029793858528137,0.029702067375183105,0.0,asphalt,1038,-42.88665873969731,339.99318832019725,-42.889507027741644,-12.609317779541016,-18.884843826293945,-0.12239199864271118,-0.9820820654685138,-369.91168602484606,4376.009764249045,0.0,0.0,-0.0,4433.3603515625,True,0.0,1037,1.8596347094302235e-09,-0.10268681890711717,-0.9695285762804501,True,1038,-42.55504845696488,331.2782040347493,-42.55789674500922,-10.003946304321289,-18.918506622314453,-0.4037626316259163,-1.084381662818177,-330.7533650728964,1352.649061812118,0.0,0.0,-0.0,1444.1937255859375,True,0.0,1037,7.10372867319441e-11,-0.37435041772976363,-1.0723193160955349,True,1038,-40.185665424111846,348.6975468127796,-40.18851371215618,-12.565339088439941,-15.475454330444336,-0.05538493602271523,-0.8888094438375733,-162.73288104572123,4480.7355881381245,38.65129644853688,8.20845,-8.20845,4446.99560546875,True,0.0,1037,1.91895413243412e-09,-0.036204752087743305,-0.8745170539682089,True,1038,-34.147241538820985,340.82982027525895,-34.15008982686532,-9.959924697875977,-15.509099006652832,-0.13139306266181214,-0.9999248208605351,-121.46773460122508,1426.4111649626445,38.65129644853688,8.20845,-8.20845,1450.175537109375,True,0.0,1037,2.4436472730856444e-12,-0.10722060756262534,-0.9861388086407114,True,1038
6.700000000000,804,held_throttle,0.0,0.15,0.0,1,-48.23141860961914,218.6512451171875,0.4185926914215088,-69.75807189941406,-9.768171310424805,0.005065225996077061,-2.136687755584717,asphalt,0.0,0.15,0.0,1809.671575006835,3,-0.9710197448730469,9.770797729492188,171.65451045792176,160.0,-0.0,6031.711437407358,5740.288562592642,1.5680139064788818,-60.36507395983925,True,-0.0,True,0,0,-15.262118339538574,13.154793739318848,0.08225395530462265,False,True,-47.6270751953125,219.92514038085938,-7.450580596923828e-09,0.0,0.0,1.0,4421.65673828125,4421.65673828125,0.3076792061328888,0.09232079982757568,0.0,asphalt,True,-47.02489471435547,218.3555145263672,-1.862645149230957e-09,0.0,0.0,1.0,1487.4083251953125,1487.4083251953125,0.370230108499527,0.0297698974609375,0.0,asphalt,True,-49.68110275268555,219.1371307373047,7.450580596923828e-09,0.0,0.0,1.0,4409.109375,4409.109375,0.3075433075428009,0.09245669841766357,0.0,asphalt,True,-49.078922271728516,217.5675048828125,-5.587935447692871e-09,0.0,0.0,1.0,1457.4444580078125,1457.4444580078125,0.3700942099094391,0.02990579605102539,0.0,asphalt,1044,-39.281193413464386,337.9460882400307,-39.28526070031341,-11.311923027038574,-19.236406326293945,-0.14594077377105935,-1.0392116971299117,-384.7030128165301,4310.161950424542,0.0,0.0,-0.0,4423.5234375,True,0.0,1043,1.8453189378824216e-09,-0.12291693244742269,-1.0266231397435104,True,1044,-39.402856601852626,329.2350560416987,-39.40692388870165,-8.680933952331543,-19.270719528198242,-0.497873702301238,-1.1475493338621214,-348.5695904378475,1355.58299190425,0.0,0.0,-0.0,1480.9581298828125,True,0.0,1043,8.569574771850739e-11,-0.46073652006470606,-1.1354712610040771,True,1044,-36.992396111186956,346.7733747656005,-36.99646339803598,-11.267035484313965,-15.793474197387695,-0.0834696255006065,-0.9511347902475623,-236.51786419880602,4396.122253081691,28.4711491285167,8.20845,-8.20845,4414.9697265625,True,0.0,1043,3.5824952504947422e-09,-0.060955546322357244,-0.9366212643101133,True,1044,-31.617367147973955,339.1902569056532,-31.621434434822977,-8.636048316955566,-15.827787399291992,-0.2081603501854386,-1.0713176697697697,-168.68907625469296,1402.9953429353857,28.4711491285167,8.20845,-8.20845,1456.0540771484375,True,0.0,1043,8.726714520220705e-12,-0.17768257271333807,-1.0573414830538812,True,1044
6.750000000000,810,held_throttle,0.0,0.15,0.0,1,-48.99171829223633,219.2991943359375,0.41861990094184875,-65.25970458984375,-8.423763275146484,-0.005093186628073454,-2.108428478240967,asphalt,0.0,0.15,0.0,1759.851537468322,3,-1.084733009338379,9.600381851196289,164.80391981392611,160.0,-0.0,6056.896253022128,5715.103746977872,1.5795965194702148,-64.09108148503164,True,-0.0,True,0,0,-15.122028350830078,12.688653945922852,0.08241945505142212,False,True,-48.48004913330078,220.62322998046875,-7.450580596923828e-09,0.0,0.0,1.0,4407.50927734375,4407.50927734375,0.30792513489723206,0.09207487106323242,0.0,asphalt,True,-47.75648498535156,219.1057586669922,-1.862645149230957e-09,0.0,0.0,1.0,1526.9691162109375,1526.9691162109375,0.3696231544017792,0.030376851558685303,0.0,asphalt,True,-50.46584701538086,219.67633056640625,1.4901161193847656e-08,0.0,0.0,1.0,4371.66357421875,4371.66357421875,0.3081917464733124,0.0918082594871521,0.0,asphalt,True,-49.74228286743164,218.1588592529297,-1.862645149230957e-09,0.0,0.0,1.0,1470.0892333984375,1470.0892333984375,0.3698897063732147,0.030110299587249756,0.0,asphalt,1050,-35.55381599960631,336.0826099413634,-35.55831193698352,-9.98248291015625,-19.495452880859375,-0.17533477246758805,-1.097561908135454,-397.03056655546317,4231.010025708481,0.0,0.0,-0.0,4410.298828125,True,0.0,1049,1.8349628691216978e-09,-0.14809142653576018,-1.0849673519062064,True,1050,-36.09878203362378,327.35368768579025,-36.10327797100099,-7.332117080688477,-19.530263900756836,-0.6247146547170614,-1.2116545528955545,-363.80498571017114,1351.7072674636865,0.0,0.0,-0.0,1520.2867431640625,True,0.0,1049,1.0355317121367044e-10,-0.5762046216378449,-1.1995918757424755,True,1050,-33.497196792221835,345.01759289748793,-33.50169272959905,-9.93688678741455,-16.027103424072266,-0.11242838707125233,-1.0157968738122918,-283.46286464048165,4299.356411815183,21.73651730218801,8.20845,-8.20845,4378.15625,True,0.0,1049,4.81459218879965e-09,-0.08577440560092471,-1.0010922944874583,True,1050,-28.909883069626044,337.6818101653965,-28.91437900700326,-7.286521911621094,-16.061918258666992,-0.3093025079305762,-1.14490951917501,-209.70307775634504,1376.9615458357516,21.73651730218801,8.20845,-8.20845,1467.378662109375,True,0.0,1049,1.8700102543330084e-11,-0.26956625835700526,-1.1307805984014947,True,1050
6.800000000000,816,held_throttle,0.0,0.15,0.0,1,-49.744441986083984,219.92422485351562,0.41865572333335876,-60.73268508911133,-7.060948848724365,-0.016161508858203888,-2.0748367309570312,asphalt,0.0,0.15,0.0,1665.2793096032487,3,-1.1730844974517822,9.386682510375977,157.99281431294548,160.0,-0.0,6081.575318333064,5690.424681666936,1.5874676704406738,-67.90893538772129,True,-0.0,True,0,0,-14.954536437988281,12.24135971069336,0.08261872082948685,False,True,-49.32979965209961,221.29122924804688,0.0,0.0,0.0,1.0,4385.75439453125,4385.75439453125,0.30825063586235046,0.09174937009811401,0.0,asphalt,True,-48.48863983154297,219.83570861816406,-2.0489096641540527e-08,0.0,0.0,1.0,1568.2115478515625,1568.2115478515625,0.36893150210380554,0.031068503856658936,0.0,asphalt,True,-51.234580993652344,220.1904296875,1.4901161193847656e-08,0.0,0.0,1.0,4330.52685546875,4330.52685546875,0.30893996357917786,0.09106004238128662,0.0,asphalt,True,-50.39342498779297,218.73489379882812,1.4901161193847656e-08,0.0,0.0,1.0,1492.7923583984375,1492.7923583984375,0.36962077021598816,0.03037923574447632,0.0,asphalt,1056,-31.730851089617683,334.4081954131882,-31.73503127883978,-8.629642486572266,-19.658512115478516,-0.21339683258802516,-1.1571465131272063,-406.3685738933693,4130.958954750762,0.0,0.0,-0.0,4390.05517578125,True,0.0,1055,1.8049072887640657e-09,-0.18054048477261245,-1.144571114750633,True,1056,-32.67487635101688,325.64091979592615,-32.679056540238975,-5.9661736488342285,-19.693693161010742,-0.8073073012118039,-1.276636740089383,-374.981741834207,1334.8833440649519,0.0,0.0,-0.0,1561.1541748046875,True,0.0,1055,1.2061130057696658e-10,-0.7405071728012204,-1.264614071625179,True,1056,-29.808187886688025,343.4421386962499,-29.812368075910122,-8.583595275878906,-16.172931671142578,-0.14598856148886066,-1.0828614828277638,-314.8926515739106,4188.1280506012345,17.210125571391224,8.20845,-8.20845,4337.669921875,True,0.0,1055,5.6992784758914154e-09,-0.11393178324338121,-1.0679980894989924,True,1056,-26.010200269240745,336.3139482879435,-26.014380458462842,-5.920107364654541,-16.208093643188477,-0.4498666257466289,-1.2205953731469232,-244.0194453504103,1348.0621852736556,17.210125571391224,8.20845,-8.20845,1488.1832275390625,True,0.0,1055,3.598116573148132e-11,-0.3954214913679269,-1.2063557635973066,True,1056
6.850000000000,822,held_throttle,0.0,0.15,0.0,1,-50.48825454711914,220.52734375,0.4187023341655731,-56.187286376953125,-5.688990592956543,-0.026096658781170845,-2.033869504928589,asphalt,0.0,0.15,0.0,1540.0521401209196,3,-1.2367100715637207,9.104364395141602,151.28159063590437,160.0,-0.0,6104.283311976633,5667.716688023367,1.5919735431671143,-71.81769495687698,True,-0.0,True,0,0,-14.761979103088379,11.817428588867188,0.08289530128240585,False,True,-50.174224853515625,221.9298095703125,0.0,0.0,0.0,1.0,4352.4560546875,4352.4560546875,0.30872783064842224,0.09127217531204224,0.0,asphalt,True,-49.22034454345703,220.5456085205078,-7.450580596923828e-09,0.0,0.0,1.0,1614.1414794921875,1614.1414794921875,0.36816075444221497,0.03183925151824951,0.0,asphalt,True,-51.98572540283203,220.68142700195312,-2.2351741790771484e-08,0.0,0.0,1.0,4283.908203125,4283.908203125,0.3097860515117645,0.09021395444869995,0.0,asphalt,True,-51.03184127807617,219.29721069335938,-9.313225746154785e-09,0.0,0.0,1.0,1529.419921875,1529.419921875,0.3692188560962677,0.030781149864196777,0.0,asphalt,1062,-27.84491350782077,332.92680075856885,-27.848283129753277,-7.263191223144531,-19.72521209716797,-0.26512178672925524,-1.2179841523878394,-411.98032406933544,4000.0382118946163,0.0,0.0,-0.0,4359.015625,True,0.0,1061,1.7414001852780041e-09,-0.22438067769235356,-1.205455675747373,True,1062,-29.17860673471898,324.10156465262696,-29.181976356651486,-4.592267036437988,-19.76058578491211,-1.0967727151002074,-1.3424541883705299,-380.1774126451043,1297.421914721804,0.0,0.0,-0.0,1605.919921875,True,0.0,1061,1.3720179800863586e-10,-0.9965514262838441,-1.3304981661208932,True,1062,-25.993635452081516,342.05479723451015,-25.997005074014023,-7.216841697692871,-16.2297420501709,-0.18859468705391472,-1.1523856018703011,-335.67461137548787,4055.4404271179255,14.099648462077795,8.20845,-8.20845,4292.23583984375,True,0.0,1061,6.3058442358486515e-09,-0.14906049281456177,-1.1373987944146882,True,1062,-22.93522419769049,335.09596942984933,-22.938593819622998,-4.545894622802734,-16.265108108520508,-0.6649360826079793,-1.2982629154535974,-270.9741838850942,1310.8071174258246,14.099648462077795,8.20845,-8.20845,1522.1358642578125,True,0.0,1061,5.834472310841085e-11,-0.5840129137282237,-1.2839558385786982,True,1062
6.900000000000,828,held_throttle,0.0,0.15,0.0,1,-51.221981048583984,221.10986328125,0.4187646210193634,-51.632503509521484,-4.3166985511779785,-0.033624812960624695,-1.9816042184829712,asphalt,0.0,0.15,0.0,1393.6574566160912,3,-1.2698464393615723,8.703069686889648,144.758310560248,160.0,-0.0,6123.867072725349,5648.132927274651,1.593653917312622,-75.81835041008141,True,-0.0,True,0,0,-14.548596382141113,11.422636032104492,0.08335717767477036,False,True,-51.01139831542969,222.53988647460938,1.4901161193847656e-08,0.0,0.0,1.0,4301.57177734375,4301.57177734375,0.30944785475730896,0.09055215120315552,0.0,asphalt,True,-49.95062255859375,221.23585510253906,7.450580596923828e-09,0.0,0.0,1.0,1672.0960693359375,1672.0960693359375,0.3672731816768646,0.032726824283599854,0.0,asphalt,True,-52.718021392822266,221.1515655517578,1.4901161193847656e-08,0.0,0.0,1.0,4226.18408203125,4226.18408203125,0.3107772171497345,0.08922278881072998,0.0,asphalt,True,-51.6572380065918,219.8475341796875,-2.2351741790771484e-08,0.0,0.0,1.0,1586.1693115234375,1586.1693115234375,0.36860260367393494,0.03139740228652954,0.0,asphalt,1068,-23.9373625067662,331.64051113920175,-23.93970981590855,-5.892446517944336,-19.69881820678711,-0.3405857148091078,-1.2801407294669849,-412.8506553523883,3822.424886718054,0.0,0.0,-0.0,4311.6669921875,True,0.0,1067,1.6104031058005876e-09,-0.28778585788188366,-1.267679777156001,True,1068,-25.684956314972897,322.73738964397626,-25.68730362411525,-3.2187891006469727,-19.7342586517334,-1.6332994548283342,-1.4091134224041768,-375.29935373395705,1224.085201235999,0.0,0.0,-0.0,1661.09423828125,True,0.0,1067,1.3692842200218977e-10,-1.457289460026679,-1.3972371948778715,True,1068,-22.110439309911726,340.86030285161996,-22.112786619054077,-5.845999240875244,-16.19967269897461,-0.24810912072210087,-1.2244695001911152,-347.94163642411587,3886.682555988227,11.89546097565036,8.20845,-8.20845,4236.98779296875,True,0.0,1067,6.627846907775146e-09,-0.19735746942365284,-1.2093975712674445,True,1068,-19.734231611731076,334.03548454015,-19.736578920873427,-3.172332763671875,-16.235122680664062,-1.0528415260993862,-1.3778283367783204,-287.9682471529068,1249.748565673181,11.89546097565036,8.20845,-8.20845,1574.8792724609375,True,0.0,1067,8.108956272619455e-11,-0.9129328555817915,-1.3634877900481814,True,1068
6.950000000000,834,held_throttle,0.0,0.15,0.0,1,-51.944705963134766,221.67340087890625,0.4188541769981384,-47.0756950378418,-2.9491639137268066,-0.03621099516749382,-1.9103870391845703,asphalt,0.0,0.15,0.0,1233.44455568357,3,-1.164858341217041,8.079025268554688,138.55636081619923,160.0,-0.0,6136.687215430018,5635.312784569982,1.593126654624939,-79.91985700424507,True,-0.0,True,0,0,-14.320206642150879,11.066838264465332,0.08421443402767181,False,True,-51.83967208862305,223.1229705810547,0.0,0.0,0.0,1.0,4212.9541015625,4212.9541015625,0.31061312556266785,0.08938688039779663,0.0,asphalt,True,-50.67870330810547,221.90737915039062,-3.725290298461914e-09,0.0,0.0,1.0,1741.3714599609375,1741.3714599609375,0.3662199079990387,0.03378009796142578,0.0,asphalt,True,-53.430606842041016,221.60345458984375,2.9802322387695312e-08,0.0,0.0,1.0,4154.55419921875,4154.55419921875,0.3119853436946869,0.08801466226577759,0.0,asphalt,True,-52.26963424682617,220.38787841796875,-1.1175870895385742e-08,0.0,0.0,1.0,1689.8203125,1689.8203125,0.36759212613105774,0.03240787982940674,0.0,asphalt,1074,-20.064674297909768,330.5490070396453,-20.064194551299842,-4.523228645324707,-19.588361740112305,-0.463853153909026,-1.343859952120073,-407.02562822366355,3563.5496818124006,0.0,0.0,-0.0,4231.1337890625,True,0.0,1073,1.3405187205293413e-09,-0.39012262194284203,-1.3314902866880756,True,1074,-22.351010229636664,321.54464767443466,-22.350530483026738,-1.8505668640136719,-19.62377166748047,-2.9857156848592568,-1.4767720826116562,-346.0636812822769,1066.3030665695414,0.0,0.0,-0.0,1727.512451171875,True,0.0,1073,1.0074559115458887e-10,-2.5464936977677675,-1.4649863751681662,True,1074,-17.323469461783365,339.8821926118005,-17.32298971517344,-4.476804733276367,-16.090373992919922,-0.27696990666034443,-1.2994308523403957,-272.9984831406275,3667.4062137431624,22.046082428704494,54.72299999999999,-54.72299999999999,4168.4541015625,True,0.0,1073,3.132095595709262e-09,-0.2105808394684411,-1.2843207319954635,True,1074,-15.392215295572115,333.1618785915171,-15.391735548962188,-1.8041563034057617,-16.125804901123047,-1.81540520516443,-1.4593795810392463,-257.9452277852511,1136.2621044176174,22.046082428704494,54.72299999999999,-54.72299999999999,1668.6026611328125,True,0.0,1073,4.957124197204155e-11,-1.4961265794674345,-1.4450194676347843,True,1074
7.000000000000,840,held_throttle,0.0,0.15,0.0,1,-52.655887603759766,222.22023010253906,0.4189961850643158,-42.52172088623047,-1.5881214141845703,-0.029834162443876266,-1.8031635284423828,asphalt,0.0,0.15,0.0,1127.5396439597225,3,-1.0144193172454834,7.0939226150512695,132.9334828206338,160.0,-0.0,6136.181927600156,5635.818072399844,1.591762661933899,-84.14315426427277,True,-0.0,True,0,0,-14.090097427368164,10.766242027282715,0.0859982892870903,False,True,-52.65794372558594,223.681396484375,-3.725290298461914e-08,0.0,0.0,1.0,4064.7412109375,4064.7412109375,0.3125856816768646,0.08741432428359985,0.0,asphalt,True,-51.40421676635742,222.5618896484375,-2.2351741790771484e-08,0.0,0.0,1.0,1864.597412109375,1864.597412109375,0.364797443151474,0.03520256280899048,0.0,asphalt,True,-54.123233795166016,222.04037475585938,7.450580596923828e-09,0.0,0.0,1.0,4037.207763671875,4037.207763671875,0.3136642873287201,0.08633571863174438,0.0,asphalt,True,-52.8695068359375,220.92086791992188,2.2351741790771484e-08,0.0,0.0,1.0,1859.21826171875,1859.21826171875,0.36587604880332947,0.03412395715713501,0.0,asphalt,1080,-16.315920130855595,329.6483614645048,-16.31317999730185,-3.1592979431152344,-19.41436004638672,-0.7042563696519197,-1.4094803911244833,-389.798579903876,3165.106446614016,0.0,0.0,-0.0,4092.828857421875,True,0.0,1079,8.711463859800847e-10,-0.5853043922731966,-1.397217687835458,True,1080,-19.51781327869853,320.5063783623002,-19.515073145144786,-0.48909473419189453,-19.449718475341797,-5.951783647778621,-1.5194269333701762,-290.9591196367225,822.7748284959387,0.0,0.0,-0.0,1842.1572265625,True,0.0,1079,2.27908086093777e-11,-5.724910419038505,-1.5193661653652777,True,1080,-12.736569228802026,339.14210460896135,-12.733829095248282,-3.11295747756958,-15.919343948364258,-0.3501847923686336,-1.3776875009844394,-213.02062629968486,3322.873544628601,29.74606529782449,54.72299999999999,-54.72299999999999,4059.799072265625,True,0.0,1079,1.5134742396374606e-09,-0.2528702509880613,-1.3625922645840496,True,1080,-11.032356617595802,332.51170473002776,-11.029616484042059,-0.44275379180908203,-15.954704284667969,-3.197923891997533,-1.508200770462409,-210.01012989217773,939.4413942642817,29.74606529782449,54.72299999999999,-54.72299999999999,1829.2271728515625,True,0.0,1079,1.4369696989944405e-11,-2.969295795397618,-1.508139702183784,True,1080
7.050000000000,846,held_throttle,0.0,0.15,0.0,1,-53.355709075927734,222.75311279296875,0.4192338287830353,-37.97338104248047,-0.24412822723388672,-0.017542274668812752,-1.6496602296829224,asphalt,0.0,0.15,0.0,1072.631088769201,3,-0.9959661960601807,6.244844436645508,127.96896380091668,160.0,-0.0,6130.817495578259,5641.182504421741,1.588390588760376,-88.46753887284854,True,-0.0,True,0,0,-13.867886543273926,10.514718055725098,0.08775828778743744,False,True,-53.465797424316406,224.21771240234375,7.450580596923828e-09,0.0,0.0,1.0,3893.832763671875,3893.832763671875,0.3153863251209259,0.08461368083953857,0.0,asphalt,True,-52.127384185791016,223.20120239257812,3.725290298461914e-09,0.0,0.0,1.0,1989.1822509765625,1989.1822509765625,0.3629287779331207,0.03707122802734375,0.0,asphalt,True,-54.79640197753906,222.46571350097656,-1.4901161193847656e-08,0.0,0.0,1.0,3897.666015625,3897.666015625,0.31597110629081726,0.08402889966964722,0.0,asphalt,True,-53.45798873901367,221.44920349121094,2.9802322387695312e-08,0.0,0.0,1.0,2022.1578369140625,2022.1578369140625,0.3635134994983673,0.03648650646209717,0.0,asphalt,1086,-12.843106969574634,328.92850522892815,-12.83948225838894,-1.8101110458374023,-19.17063331604004,-1.3414172902297943,-1.476654398260556,-353.02605875126204,2566.4133827970977,0.0,0.0,-0.0,3923.44140625,True,0.0,1085,3.4676269037972754e-10,-1.0741374554130116,-1.4644803758380216,True,1086,-16.611325319814433,319.6078640163963,-16.60770060862874,0.8542242050170898,-19.205841064453125,-6.3359615605558535,-1.5187758092284478,-332.91519545742295,871.5021653458948,0.0,0.0,-0.0,1966.9808349609375,True,0.0,1085,5.0761682275702564e-11,-6.112044830115378,-1.5187601794838232,True,1086,-8.47387816333292,338.6224418985846,-8.470253452147226,-1.7639985084533691,-15.683004379272461,-0.5852506566752492,-1.4587887405105524,-168.53537440168176,2765.9980536191774,34.287948987415696,54.72299999999999,-54.72299999999999,3922.35498046875,True,0.0,1085,7.567904288205859e-10,-0.3974245677416636,-1.4437223091391131,True,1086,-6.561555574402278,332.08044305291344,-6.557930863216584,0.9003372192382812,-15.718212127685547,-3.065650558791033,-1.5072614876511277,-224.00240719460504,1032.7613043362999,34.287948987415696,54.72299999999999,-54.72299999999999,1994.451416015625,True,0.0,1085,3.006034832090038e-11,-2.8409971043795146,-1.5072609278985238,True,1086
7.100000000000,852,held_throttle,0.0,0.15,0.0,1,-54.0447883605957,223.2743682861328,0.41954514384269714,-33.43946075439453,1.0704011917114258,-0.003728242823854089,-1.466913104057312,asphalt,0.0,0.15,0.0,1043.046097214718,3,-1.1230583190917969,5.690730571746826,123.68676731552841,160.0,-0.0,6128.011931014955,5643.988068985045,1.5804486274719238,-87.14522640049145,True,-0.0,True,0,0,-13.662314414978027,10.304878234863281,0.08813388645648956,False,True,-54.26295471191406,224.734130859375,0.0,0.0,0.0,1.0,3727.765380859375,3727.765380859375,0.3186367452144623,0.0813632607460022,0.0,asphalt,True,-52.84855270385742,223.8265838623047,7.450580596923828e-09,0.0,0.0,1.0,2110.199951171875,2110.199951171875,0.36076077818870544,0.03923922777175903,0.0,asphalt,True,-55.45103454589844,222.8825225830078,2.2351741790771484e-08,0.0,0.0,1.0,3753.0576171875,3753.0576171875,0.318701833486557,0.08129817247390747,0.0,asphalt,True,-54.03663635253906,221.97496032714844,-2.2351741790771484e-08,0.0,0.0,1.0,2161.437744140625,2161.437744140625,0.36082592606544495,0.03917407989501953,0.0,asphalt,1092,-9.929706578046192,328.36804791018767,-9.92678735116135,-0.4854850769042969,-18.855751037597656,-2.7913180938509465,-1.5178117474868187,-295.9776354014922,1814.1121318912765,0.0,0.0,-0.0,3748.2060546875,True,0.0,1091,1.2795908122825283e-10,-2.563266139434276,-1.517803995165612,True,1092,-12.813970377113206,318.8734282825749,-12.811051150228364,2.1653270721435547,-18.890605926513672,-2.952873669224145,-1.4566698721507154,-487.220269564036,1242.9226436925196,0.0,0.0,-0.0,2099.798095703125,True,0.0,1091,4.5164027989741126e-10,-3.173626612316164,-1.468227017826065,True,1092,-4.72241279668705,338.30447388828645,-4.719493569802208,-0.43985843658447266,-15.38554573059082,-1.1185377863222539,-1.505891551040133,-140.58757765851178,2031.1102257150537,37.011008860516355,35.019020029933216,-35.019020029933216,3771.640380859375,True,0.0,1091,6.825853264134755e-11,-0.887386176778875,-1.505886714028102,True,1092,-1.7646253872410185,331.88169166932533,-1.7617061603561766,2.2109622955322266,-15.420376777648926,-1.263381414946001,-1.4283876294818945,-297.5462857715494,1486.2601205341293,37.011008860516355,35.019020029933216,-35.019020029933216,2150.9052734375,True,0.0,1091,2.476475121316609e-10,-1.2922474804763056,-1.4424045589566998,True,1092
7.150000000000,858,held_throttle,0.0,0.15,0.0,1,-54.723365783691406,223.7853240966797,0.41982725262641907,-28.933258056640625,2.3371338844299316,0.004968936089426279,-1.315816044807434,asphalt,0.0,0.15,0.0,1016.6889665910705,3,-1.3183209896087646,6.062682628631592,119.42729359919205,160.0,-0.0,6138.542397632737,5633.457602367263,1.5690592527389526,-82.74152411597852,True,-0.0,True,0,0,-13.439250946044922,10.099495887756348,0.08403142541646957,False,True,-55.04796600341797,225.2314453125,-2.2351741790771484e-08,0.0,0.0,1.0,3702.685546875,3702.685546875,0.3210085332393646,0.07899147272109985,0.0,asphalt,True,-53.566795349121094,224.43772888183594,-2.2351741790771484e-08,0.0,0.0,1.0,2088.239501953125,2088.239501953125,0.359127014875412,0.04087299108505249,0.0,asphalt,True,-56.08708953857422,223.2923126220703,-1.4901161193847656e-08,0.0,0.0,1.0,3720.364013671875,3720.364013671875,0.32079872488975525,0.07920128107070923,0.0,asphalt,True,-54.605918884277344,222.49859619140625,2.60770320892334e-08,0.0,0.0,1.0,2112.864990234375,2112.864990234375,0.35891714692115784,0.04108285903930664,0.0,asphalt,1098,-6.9599523328926995,327.9506676879184,-6.959890347787423,0.7965164184570312,-18.415904998779297,-3.093300688311622,-1.5165487145766186,-336.1789125386833,1797.6523832194516,0.0,0.0,-0.0,3697.798095703125,True,0.0,1097,2.629059434519459e-10,-2.8720942871629114,-1.5165888568231047,True,1098,-7.81178193057623,318.36587347998955,-7.811719945470954,3.4280920028686523,-18.450246810913086,-1.7519891633401208,-1.3870892516217417,-564.261614035392,1499.7282084644667,0.0,0.0,-0.0,2096.6572265625,True,0.0,1097,1.5379456073541314e-09,-1.8018141828446022,-1.3985104344285355,True,1098,-1.6590866893831875,338.1532044295506,-1.6590247042779114,0.8414812088012695,-14.97067642211914,-1.3889798162977214,-1.5040981596554799,-188.3469222823257,2019.9108026748966,38.6053858022166,1.7002631769422967,-1.7002631769422967,3718.2587890625,True,0.0,1097,1.9490620297732167e-10,-1.1645283806236149,-1.5041691044243113,True,1098,2.3923908880147042,331.9091460954442,2.3924528731199803,3.473054885864258,-15.00501823425293,-0.7726816825561365,-1.3433421550615283,-338.6695075949958,1715.9283444378952,38.6053858022166,1.7002631769422967,1.7002631769422967,2127.443115234375,True,0.0,1097,5.726082235256859e-10,-0.7580095066770844,-1.3571277787443619,True,1098
7.200000000000,864,held_throttle,0.0,0.15,0.0,1,-55.39011001586914,224.28599548339844,0.4198504686355591,-24.46061134338379,3.545804977416992,0.004040323663502932,-1.268567681312561,asphalt,0.0,0.15,0.0,992.1549047880333,3,-1.5591201782226562,7.187798500061035,114.81959200307871,160.0,-0.0,6158.579867557706,5613.420132442294,1.5579042434692383,-78.30973961729708,True,-0.0,True,0,0,-13.174689292907715,9.88855266571045,0.07700956612825394,False,True,-55.818119049072266,225.70970153808594,0.0,0.0,0.0,1.0,3870.4365234375,3870.4365234375,0.3212864100933075,0.07871359586715698,0.0,asphalt,True,-54.279640197753906,225.03379821777344,-7.450580596923828e-09,0.0,0.0,1.0,1972.8853759765625,1972.8853759765625,0.35866793990135193,0.04133206605911255,0.0,asphalt,True,-56.703041076660156,223.69552612304688,2.9802322387695312e-08,0.0,0.0,1.0,3846.681396484375,3846.681396484375,0.32117554545402527,0.07882446050643921,0.0,asphalt,True,-55.1645622253418,223.0196075439453,2.60770320892334e-08,0.0,0.0,1.0,1963.0081787109375,1963.0081787109375,0.3585570752620697,0.041442930698394775,0.0,asphalt,1104,-3.229402584611144,327.6976545641002,-3.232225487596061,2.0230307579040527,-17.84193992614746,-1.5267852941720923,-1.4578922718014522,-466.531530120989,2415.4663271932154,0.0,0.0,-0.0,3813.603759765625,True,0.0,1103,3.137200101046645e-09,-1.5887198568335412,-1.4698310149226266,True,1104,-2.561482482119492,318.1179726069909,-2.5643053851044093,4.635865211486816,-17.875831604003906,-1.182336884386751,-1.3170493523983346,-558.3232547603326,1579.6560822643276,0.0,0.0,-0.0,1993.880615234375,True,0.0,1103,1.8410901445957128e-09,-1.1907073892544568,-1.3282999338093175,True,1104,1.5054384382393646,338.15699771592625,1.5026155352544475,2.0673608779907227,-14.421199798583984,-0.7596961953242399,-1.428410741662906,-299.66402742521177,2665.83186681105,39.470645715328324,30.21577193152488,30.21577193152488,3799.924072265625,True,0.0,1103,1.0760841562899882e-09,-0.7315430772660779,-1.443439065392584,True,1104,6.221723657688125,332.13585113240896,6.218900754703208,4.680204391479492,-14.455070495605469,-0.5613078756186458,-1.2576719239997902,-346.7755939162578,1728.2053571162255,39.470645715328324,30.21577193152488,30.21577193152488,1986.592041015625,True,0.0,1103,6.845849166178658e-10,-0.5415627810973922,-1.2713209808442147,True,1104
7.250000000000,870,held_throttle,0.0,0.15,0.0,1,-56.04214096069336,224.77574157714844,0.4196103811264038,-20.018062591552734,4.685085773468018,-0.007306221406906843,-1.36333167552948,asphalt,0.0,0.15,0.0,969.1673598034077,3,-1.7334184646606445,8.268072128295898,109.42813271174789,160.0,-0.0,6188.629852603452,5583.370147396548,1.547140121459961,-73.80558132019131,True,-0.0,True,0,0,-12.84061336517334,9.664523124694824,0.07843022048473358,False,True,-56.5694694519043,226.16859436035156,2.9802322387695312e-08,0.0,0.0,1.0,4189.03759765625,4189.03759765625,0.31911829113960266,0.08088171482086182,0.0,asphalt,True,-54.98322677612305,225.6136932373047,1.862645149230957e-08,0.0,0.0,1.0,1823.1763916015625,1823.1763916015625,0.35989323258399963,0.040106773376464844,0.0,asphalt,True,-57.29589080810547,224.0919952392578,-7.450580596923828e-09,0.0,0.0,1.0,4097.533203125,4097.533203125,0.3195072114467621,0.08049279451370239,0.0,asphalt,True,-55.709651947021484,223.537109375,-2.9802322387695312e-08,0.0,0.0,1.0,1766.4366455078125,1766.4366455078125,0.3602820932865143,0.039717912673950195,0.0,asphalt,1110,1.6548203401726167,327.66602972194687,1.64918255661544,3.183143138885498,-17.117799758911133,-0.8284429293845189,-1.3869411701957672,-539.4652770484294,3167.7084320731265,0.0,0.0,-0.0,4142.83642578125,True,0.0,1109,1.11359609286468e-08,-0.8167751043685829,-1.398759989160567,True,1110,2.4282093774955196,318.1263941798874,2.422571593938343,5.778069972991943,-17.151185989379883,-0.8613189008926807,-1.2458478325132276,-521.4009778580338,1562.7430563725925,0.0,0.0,-0.0,1850.873046875,True,0.0,1109,1.5511128379264274e-09,-0.8565490942855314,-1.256924740788641,True,1110,4.834283363869245,338.3210031407911,4.8286455803120685,3.2268757820129395,-13.720708847045898,-0.5056166961959448,-1.3398110672238335,-413.71220660093763,3332.673232042132,39.867286497583116,54.72299999999999,54.72299999999999,4062.449462890625,True,0.0,1109,1.3175818468797563e-08,-0.4715852726682597,-1.3548533365158655,True,1110,9.344352908966421,332.5336956834025,9.338715125409244,5.821788787841797,-13.75411605834961,-0.4703283522757173,-1.1703867324910564,-361.48744575295177,1634.4685073259127,39.867286497583116,54.72299999999999,54.72299999999999,1802.4185791015625,True,0.0,1109,8.824603189511485e-10,-0.4523635365886304,-1.1839053994178643,True,1110
7.300000000000,876,held_throttle,0.0,0.15,0.0,1,-56.676307678222656,225.25445556640625,0.41950562596321106,-15.610844612121582,5.7519917488098145,-0.02634604275226593,-1.5482749938964844,asphalt,0.0,0.15,0.0,947.6060277017845,3,-1.7265064716339111,8.847892761230469,103.64832167092398,160.0,-0.0,6215.934056912671,5556.065943087329,1.5319336652755737,-69.18712206711142,True,-0.0,True,0,0,-12.454751968383789,9.4522705078125,0.08296211063861847,False,True,-57.298622131347656,226.60894775390625,-3.725290298461914e-08,0.0,0.0,1.0,4384.3251953125,4384.3251953125,0.31590571999549866,0.08409428596496582,0.0,asphalt,True,-55.674346923828125,226.17733764648438,-7.450580596923828e-09,0.0,0.0,1.0,1668.1873779296875,1668.1873779296875,0.3622919023036957,0.0377081036567688,0.0,asphalt,True,-57.86357116699219,224.4827423095703,-1.4901161193847656e-08,0.0,0.0,1.0,4240.87744140625,4240.87744140625,0.3170492947101593,0.08295071125030518,0.0,asphalt,True,-56.23929977416992,224.05111694335938,0.0,0.0,0.0,1.0,1566.997314453125,1566.997314453125,0.36343541741371155,0.03656458854675293,0.0,asphalt,1116,6.656793517985535,327.88544880236833,6.6503095701273205,4.277606010437012,-16.27832794189453,-0.48645530804488435,-1.3138268117471272,-511.47384371641016,3680.394661667724,0.0,0.0,-0.0,4361.17822265625,True,0.0,1115,1.4423108497012405e-08,-0.46252231575641284,-1.3254516587675769,True,1116,7.006008490838767,318.373278451784,6.999524542980553,6.847222805023193,-16.311059951782227,-0.6623473680043391,-1.1733467057152631,-475.66244135137583,1490.671075016729,0.0,0.0,-0.0,1691.263671875,True,0.0,1115,1.1500376320438898e-09,-0.653276087177111,-1.1842341963508223,True,1116,8.605782027803947,338.66381165040696,8.599298079945733,4.320508003234863,-12.914667129516602,-0.34269116801797417,-1.2479577102710224,-445.6849491980324,3751.10958148381,39.96580177455246,54.72299999999999,54.72299999999999,4224.4384765625,True,0.0,1115,3.539235766353007e-08,-0.31134201752054574,-1.2628939511102621,True,1116,12.306931933968851,333.0809265614909,12.300447986110637,6.890125274658203,-12.947376251220703,-0.41056404980805106,-1.0817499592210627,-362.6937049259095,1485.7709769850878,39.96580177455246,54.72299999999999,54.72299999999999,1596.5965576171875,True,0.0,1115,9.641703310399375e-10,-0.39486433387346065,-1.095078598654725,True,1116
7.350000000000,882,held_throttle,0.0,0.15,0.0,1,-57.290382385253906,225.7230987548828,0.4195934534072876,-11.254545211791992,6.741482734680176,-0.04615543410181999,-1.7392370700836182,asphalt,0.0,0.15,0.0,929.1810032674318,3,-1.647782564163208,9.16229248046875,97.84643977888301,160.0,-0.0,6232.372141655421,5539.627858344579,1.510463833808899,-64.43914896988043,True,-0.0,True,0,0,-12.033182144165039,9.268205642700195,0.08420417457818985,False,True,-58.00314712524414,227.03274536132812,7.450580596923828e-09,0.0,0.0,1.0,4464.109375,4464.109375,0.31294938921928406,0.08705061674118042,0.0,asphalt,True,-56.350677490234375,226.72543334960938,1.4901161193847656e-08,0.0,0.0,1.0,1564.137451171875,1564.137451171875,0.36479273438453674,0.035207271575927734,0.0,asphalt,True,-58.405311584472656,224.8697967529297,1.4901161193847656e-08,0.0,0.0,1.0,4296.9990234375,4296.9990234375,0.3148363530635834,0.0851636528968811,0.0,asphalt,True,-56.75284957885742,224.5625,7.450580596923828e-09,0.0,0.0,1.0,1433.5369873046875,1433.5369873046875,0.36667969822883606,0.03332030773162842,0.0,asphalt,1122,11.177233698996359,328.34318792900365,11.171841331044787,5.30173397064209,-15.344586372375488,-0.3042866463889949,-1.2381255840238798,-447.10184151893304,3992.8149733526557,0.0,0.0,-0.0,4456.38525390625,True,0.0,1121,1.3088030751766985e-08,-0.28035444126757025,-1.2494877176131878,True,1122,11.21824700728783,318.83865639577255,11.212854639336259,7.835550308227539,-15.3764066696167,-0.5275352251241675,-1.099512005838125,-441.86237109381693,1434.2300005188515,0.0,0.0,-0.0,1577.270751953125,True,0.0,1121,1.0068263475549918e-09,-0.5173988581617952,-1.110188986708043,True,1122,12.383418979872676,339.1972672319459,12.378026611921104,5.343507289886475,-12.028050422668457,-0.23523482954866462,-1.152731193708926,-426.22346558749814,4000.2297002034343,39.88273088701513,54.72299999999999,54.72299999999999,4291.34033203125,True,0.0,1121,5.3145626032255304e-08,-0.20805356854043655,-1.1674256603896762,True,1122,15.263648486032297,333.7761152420869,15.258256118080725,7.877306938171387,-12.059892654418945,-0.3605677625709056,-0.9921873267272765,-363.10921176033884,1374.2942613765035,39.88273088701513,54.72299999999999,54.72299999999999,1450.3575439453125,True,0.0,1121,1.1791080399578709e-09,-0.3469065139718077,-1.0052569796670954,True,1122
7.400000000000,888,held_throttle,0.0,0.15,0.0,1,-57.882816314697266,226.18324279785156,0.4196929335594177,-6.966868877410889,7.645854473114014,-0.06148587167263031,-1.8873095512390137,asphalt,0.0,0.15,0.0,917.6991731628721,3,-1.5686575174331665,9.383667945861816,92.21432386811178,160.0,-0.0,6238.845242407739,5533.154757592261,1.483130931854248,-59.56693294779001,True,-0.0,True,0,0,-11.585843086242676,9.118490219116211,0.08183653652667999,False,True,-58.68107223510742,227.44235229492188,0.0,0.0,0.0,1.0,4486.4375,4486.4375,0.31074705719947815,0.08925294876098633,0.0,asphalt,True,-57.01016616821289,227.25904846191406,3.725290298461914e-09,0.0,0.0,1.0,1515.0980224609375,1515.0980224609375,0.36667898297309875,0.03332102298736572,0.0,asphalt,True,-58.92088317871094,225.2554473876953,-2.2351741790771484e-08,0.0,0.0,1.0,4319.78173828125,4319.78173828125,0.3131830394268036,0.08681696653366089,0.0,asphalt,True,-57.249977111816406,225.07215881347656,-1.862645149230957e-08,0.0,0.0,1.0,1372.1458740234375,1372.1458740234375,0.3691149652004242,0.030885040760040283,0.0,asphalt,1128,15.100550205459196,329.0107400106,15.097271354415764,6.246528625488281,-14.328849792480469,-0.20224786172143613,-1.159695434539356,-384.4060316039698,4181.641971820359,0.0,0.0,-0.0,4484.443359375,True,0.0,1127,1.1739189717982042e-08,-0.18116773650549298,-1.1707523630409735,True,1128,15.190500737634496,319.5077708045537,15.187221886591063,8.734657287597656,-14.359525680541992,-0.42609479933034655,-1.0243085368755105,-420.41022459710183,1417.1856444498605,0.0,0.0,-0.0,1520.2955322265625,True,0.0,1127,1.1192831707006108e-09,-0.416145907166816,-1.034766698622597,True,1128,15.891230857228972,339.9129244220549,15.88795200618554,6.286824703216553,-11.072369575500488,-0.1658577373403622,-1.0543944308507536,-391.50795423814145,4159.393164183701,39.7245159347828,54.72299999999999,54.72299999999999,4316.404296875,True,0.0,1127,6.962193501179286e-08,-0.1428806722473763,-1.0687371818182525,True,1128,18.25287279439432,334.61988008229696,18.249593943350888,8.77495002746582,-11.103068351745605,-0.3135632677910896,-0.9019872515191378,-369.2598222033725,1325.1031000214455,39.7245159347828,54.72299999999999,54.72299999999999,1378.3131103515625,True,0.0,1127,1.8461054567323615e-09,-0.3016725055203329,-0.9147570868686947,True,1128
7.450000000000,894,held_throttle,0.0,0.15,0.0,1,-58.45243453979492,226.6366424560547,0.4196534752845764,-2.7632036209106445,8.459172248840332,-0.06989670544862747,-1.984920620918274,asphalt,0.0,0.15,0.0,996.2337919283597,2,-1.4524184465408325,9.603047370910645,86.839773168654,160.0,-0.0,6238.401757721587,5533.598242278413,1.4510787725448608,-54.57586579756699,True,-0.0,True,0,0,-11.117588996887207,9.005603790283203,0.07844256609678268,False,True,-59.330718994140625,227.84031677246094,7.450580596923828e-09,0.0,0.0,1.0,4492.6552734375,4492.6552734375,0.3092414438724518,0.0907585620880127,0.0,asphalt,True,-57.650794982910156,227.779541015625,-1.862645149230957e-09,0.0,0.0,1.0,1495.1466064453125,1495.1466064453125,0.36782774329185486,0.03217226266860962,0.0,asphalt,True,-59.410152435302734,225.64175415039062,0.0,0.0,0.0,1.0,4350.5166015625,4350.5166015625,0.31194350123405457,0.08805650472640991,0.0,asphalt,True,-57.730228424072266,225.5809783935547,3.725290298461914e-09,0.0,0.0,1.0,1358.90478515625,1358.90478515625,0.3705298602581024,0.02947014570236206,0.0,asphalt,1134,18.501141732189026,329.860017786196,18.500738537500766,7.104538917541504,-13.241165161132812,-0.14063715569945542,-1.0783385046750327,-332.20791000871424,4311.811603576184,0.0,0.0,-0.0,4492.60791015625,True,0.0,1133,1.1639934967482542e-08,-0.12280273244179248,-1.089051577523549,True,1134,18.99267241824637,320.3709217714338,18.99226922355811,9.539017677307129,-13.270538330078125,-0.34295311005329376,-0.9475563417973166,-402.0745449381286,1427.4189330698669,0.0,0.0,-0.0,1498.424560546875,True,0.0,1133,1.42908368819574e-09,-0.3337094971706352,-0.9577889302255899,True,1134,19.34406961594064,340.7982582860056,19.34366642125238,7.143134117126465,-10.05510425567627,-0.10633863671197895,-0.9531253350752189,-308.4947527101109,4293.451454191747,35.60515668997883,11.605049999999999,11.605049999999999,4342.83203125,True,0.0,1133,6.173854863085592e-08,-0.08681822419371703,-0.9670286100611672,True,1134,21.64746329600001,335.61863348761324,21.647060101311748,9.577611923217773,-10.084477424621582,-0.25412900992965276,-0.8111712772524841,-359.9763251917343,1329.3930684830705,35.60515668997883,11.605049999999999,11.605049999999999,1358.572509765625,True,0.0,1133,2.7927127789693635e-09,-0.24359931959634004,-0.8236261313019223,True,1134
7.500000000000,900,held_throttle,0.0,0.15,0.0,1,-58.99824142456055,227.08526611328125,0.41945680975914,1.3445388078689575,9.18164348602295,-0.06828716397285461,-2.047936201095581,asphalt,0.0,0.15,0.0,1235.5064557233054,2,-1.3049942255020142,9.831747055053711,81.79864791015163,160.0,-0.0,6228.126721091864,5543.873278908136,1.415891408920288,-49.45107157062766,True,-0.0,True,0,0,-10.630882263183594,8.93465518951416,0.07637475430965424,False,True,-59.950592041015625,228.22946166992188,2.2351741790771484e-08,0.0,0.0,1.0,4500.80322265625,4500.80322265625,0.3082304298877716,0.09176957607269287,0.0,asphalt,True,-58.27055358886719,228.2886962890625,5.587935447692871e-09,0.0,0.0,1.0,1475.8466796875,1475.8466796875,0.36855533719062805,0.031444668769836426,0.0,asphalt,True,-59.87297439575195,226.03082275390625,-7.450580596923828e-09,0.0,0.0,1.0,4401.5009765625,4401.5009765625,0.31081315875053406,0.08918684720993042,0.0,asphalt,True,-58.19293975830078,226.09007263183594,-1.862645149230957e-09,0.0,0.0,1.0,1364.729736328125,1364.729736328125,0.3711381256580353,0.0288618803024292,0.0,asphalt,1140,21.467245057832937,330.8674081280103,21.46962141841885,7.8743109703063965,-12.092528343200684,-0.10034149072865264,-0.9935979301200619,-288.40552112918766,4415.053382396181,0.0,0.0,-0.0,4498.5908203125,True,0.0,1139,1.2964506122241251e-08,-0.08551598420138583,-1.0039276473609837,True,1140,22.59785348383858,321.4192656064933,22.600229844424494,10.24984359741211,-12.120505332946777,-0.2724482496933362,-0.8688264379483326,-377.6114715047289,1437.5448976880675,0.0,0.0,-0.0,1479.2432861328125,True,0.0,1139,1.8079692257121056e-09,-0.26415964156428273,-0.8788227993244055,True,1140,22.395164375969223,341.8524312229407,22.397540736555136,7.911062717437744,-8.98370361328125,-0.0658139736675647,-0.8488025992388377,-225.3333228155786,4432.063186082105,26.667896279259512,11.605049999999999,11.605049999999999,4392.74072265625,True,0.0,1139,5.591218467758814e-08,-0.04942999210070285,-0.8621763348713918,True,1140,25.335723301305,336.80336031972007,25.33809966189091,10.286591529846191,-9.011702537536621,-0.1872148645960997,-0.719431752271139,-324.3866976604355,1364.334468371915,26.667896279259512,11.605049999999999,11.605049999999999,1363.7642822265625,True,0.0,1139,3.342646437134471e-09,-0.1778713681388135,-0.7315588179994541,True,1140
7.550000000000,906,held_throttle,0.0,0.15,0.0,1,-59.51940155029297,227.53121948242188,0.4191824793815613,5.350030422210693,9.810517311096191,-0.059926167130470276,-2.094834804534912,asphalt,0.0,0.15,0.0,1468.5489256769597,2,-1.198589563369751,10.035785675048828,77.13943139911362,160.0,-0.0,6212.775725425787,5559.224274574213,1.3795379400253296,-44.19341255511291,True,-0.0,True,0,0,-10.130054473876953,8.90478229522705,0.07631902396678925,False,True,-60.539588928222656,228.6125946044922,-2.9802322387695312e-08,0.0,0.0,1.0,4518.697265625,4518.697265625,0.3074699342250824,0.09253007173538208,0.0,asphalt,True,-58.8676872253418,228.7885284423828,-2.7939677238464355e-08,0.0,0.0,1.0,1452.161376953125,1452.161376953125,0.36913034319877625,0.030869662761688232,0.0,asphalt,True,-60.30925750732422,226.42466735839844,3.725290298461914e-08,0.0,0.0,1.0,4451.662109375,4451.662109375,0.30970701575279236,0.09029299020767212,0.0,asphalt,True,-58.63735580444336,226.6006317138672,-9.313225746154785e-09,0.0,0.0,1.0,1365.8331298828125,1365.8331298828125,0.371367484331131,0.028632521629333496,0.0,asphalt,1146,24.051837184242917,332.0127453537454,24.05526360358113,8.551060676574707,-10.896924018859863,-0.07179862580749172,-0.9054406470069454,-248.17252579534446,4513.369371490792,0.0,0.0,-0.0,4515.3349609375,True,0.0,1145,1.5680540089879846e-08,-0.059600490026403975,-0.9153620737806859,True,1146,25.94138984358891,322.6411575675147,25.944816262927123,10.865687370300293,-10.923469543457031,-0.2121383252951302,-0.7880500345981496,-345.98686217052267,1442.3919016846098,0.0,0.0,-0.0,1456.527099609375,True,0.0,1145,2.19881348767043e-09,-0.20492027318969036,-0.797819147507276,True,1146,24.806255572731203,343.0398323977519,24.809681992069414,8.585931777954102,-7.867883205413818,-0.046572398814015016,-0.7417855872782971,-192.35296546246107,4559.239655541074,21.146444470182335,11.605049999999999,11.605049999999999,4443.80859375,True,0.0,1145,9.012535842079921e-08,-0.03305444153227694,-0.7545683791509201,True,1146,28.518808914174986,338.1585381080892,28.522235333513198,10.90056324005127,-7.894471168518066,-0.1366311323162893,-0.6268006638852895,-289.7280744102074,1393.7852150303331,21.146444470182335,11.605049999999999,11.605049999999999,1366.352783203125,True,0.0,1145,4.3079452683331095e-09,-0.1285976565811881,-0.6385990730953133,True,1146
7.600000000000,912,held_throttle,0.0,0.15,0.0,1,-60.01530456542969,227.97653198242188,0.4189254343509674,9.250885963439941,10.346413612365723,-0.04945232719182968,-2.136413335800171,asphalt,0.0,0.15,0.0,1684.178534891507,2,-1.0904098749160767,10.208200454711914,72.91333213770334,160.0,-0.0,6194.911507019864,5577.088492980136,1.342647910118103,-38.80459953283591,True,-0.0,True,0,0,-9.61988353729248,8.915903091430664,0.07765886932611465,False,True,-61.0970458984375,228.992431640625,2.2351741790771484e-08,0.0,0.0,1.0,4539.62109375,4539.62109375,0.3068302571773529,0.09316974878311157,0.0,asphalt,True,-59.44085693359375,229.2812042236328,-1.30385160446167e-08,0.0,0.0,1.0,1423.315185546875,1423.315185546875,0.3697003424167633,0.030299663543701172,0.0,asphalt,True,-60.719085693359375,226.82513427734375,2.9802322387695312e-08,0.0,0.0,1.0,4492.3935546875,4492.3935546875,0.3086644113063812,0.09133559465408325,0.0,asphalt,True,-59.06289291381836,227.11392211914062,-5.587935447692871e-09,0.0,0.0,1.0,1356.5765380859375,1356.5765380859375,0.3715345561504364,0.028465449810028076,0.0,asphalt,1152,26.27490149717936,333.2774883765929,26.27817974612275,9.134770393371582,-9.666901588439941,-0.050800718498531884,-0.8136929438235068,-209.51530993253445,4606.3983927127,0.0,0.0,-0.0,4536.14794921875,True,0.0,1151,2.0086147128791538e-08,-0.040881465533317764,-0.823186054032229,True,1152,28.95956557665203,324.0216716491262,28.962843825595417,11.387581825256348,-9.692058563232422,-0.16078261505005356,-0.7051367891102444,-308.0923249385308,1440.2034377982282,0.0,0.0,-0.0,1428.3638916015625,True,0.0,1151,2.5711296843232696e-09,-0.15468716292654577,-0.7146906273787306,True,1152,26.854876089476946,344.3375608398799,26.858154338420334,9.167783737182617,-6.718846321105957,-0.03334225985452437,-0.6324512043120071,-166.04126936779346,4673.763458316935,17.854833210586627,11.605049999999999,11.605049999999999,4486.41650390625,True,0.0,1151,1.7374973400464486e-07,-0.022254308042442147,-0.6445898525003677,True,1152,31.25467713682171,339.6606645789085,31.257955385765097,11.420602798461914,-6.744021892547607,-0.09689150063600643,-0.5334150454240102,-252.00111880970798,1411.5672814437169,17.854833210586627,11.605049999999999,11.605049999999999,1358.8074951171875,True,0.0,1151,5.643541601310644e-09,-0.09016957422717765,-0.5448887410394166,True,1152
7.650000000000,918,held_throttle,0.0,0.15,0.0,1,-60.4855842590332,228.42324829101562,0.4187428951263428,13.045806884765625,10.792074203491211,-0.03983455151319504,-2.1764187812805176,asphalt,0.0,0.15,0.0,1878.2690208679692,2,-0.9736447334289551,10.352968215942383,69.17280439208874,160.0,-0.0,6174.8267188282125,5597.1732811717875,1.3054019212722778,-33.288229025317264,True,-0.0,True,0,0,-9.105113983154297,8.96824836730957,0.07940319180488586,False,True,-61.62263870239258,229.37167358398438,1.4901161193847656e-08,0.0,0.0,1.0,4559.4599609375,4559.4599609375,0.3062674105167389,0.09373259544372559,0.0,asphalt,True,-59.98902893066406,229.76895141601562,-5.587935447692871e-09,0.0,0.0,1.0,1392.4007568359375,1392.4007568359375,0.3703062832355499,0.02969372272491455,0.0,asphalt,True,-61.10273742675781,227.2340087890625,4.470348358154297e-08,0.0,0.0,1.0,4521.89990234375,4521.89990234375,0.30774399638175964,0.09225600957870483,0.0,asphalt,True,-59.4691276550293,227.63125610351562,-2.2351741790771484e-08,0.0,0.0,1.0,1338.9129638671875,1338.9129638671875,0.37178292870521545,0.028217077255249023,0.0,asphalt,1158,28.149544828603414,334.64386696233225,28.15207354168817,9.627969741821289,-8.41336441040039,-0.0351704416883747,-0.7181761248674833,-172.40095376236562,4693.659472494635,0.0,0.0,-0.0,4556.2724609375,True,0.0,1157,2.688832967585486e-08,-0.027239854842045018,-0.7272260296117794,True,1158,31.604470083415077,325.54311557801435,31.606998796499834,11.818367004394531,-8.43716812133789,-0.11751977886209755,-0.6199960470719585,-265.9797114482188,1433.814736074619,0.0,0.0,-0.0,1397.5576171875,True,0.0,1157,2.9481438929134694e-09,-0.11255840363516996,-0.6293510357588042,True,1158,28.59327834111933,345.7292582734957,28.595807054204087,9.659172058105469,-5.547099590301514,-0.023127262273854247,-0.521295368238628,-137.18141844923764,4777.229032326785,15.97674333957335,11.605049999999999,11.605049999999999,4517.6484375,True,0.0,1157,3.7135205221565076e-07,-0.014109453428085365,-0.5327521890641923,True,1158,33.56025254427198,341.28788234703785,33.56278125735674,11.849559783935547,-5.570865154266357,-0.06537596825968343,-0.4394695457257396,-210.94434572129276,1419.3699497128418,15.97674333957335,11.605049999999999,11.605049999999999,1342.2764892578125,True,0.0,1157,7.625643031040924e-09,-0.059921388235686095,-0.45062635744744284,True,1158
7.700000000000,924,held_throttle,0.0,0.15,0.0,1,-60.93009948730469,228.87344360351562,0.41864484548568726,16.733963012695312,11.151113510131836,-0.03240223601460457,-2.2150378227233887,asphalt,0.0,0.15,0.0,2048.807967703038,2,-0.850775957107544,10.485006332397461,65.95921713430063,160.0,-0.0,6152.658182075742,5619.341817924258,1.2679708003997803,-27.653704293070124,False,-0.0,True,0,0,-8.589823722839355,9.061602592468262,0.08082916587591171,False,True,-62.11638641357422,229.75308227539062,1.4901161193847656e-08,0.0,0.0,1.0,4578.0615234375,4578.0615234375,0.30576470494270325,0.09423530101776123,0.0,asphalt,True,-60.51151657104492,230.25411987304688,1.1175870895385742e-08,0.0,0.0,1.0,1362.236083984375,1362.236083984375,0.3709295094013214,0.029070496559143066,0.0,asphalt,True,-61.46071243286133,227.65304565429688,7.450580596923828e-09,0.0,0.0,1.0,4543.74609375,4543.74609375,0.3069712221622467,0.09302878379821777,0.0,asphalt,True,-59.8558464050293,228.1540985107422,1.4901161193847656e-08,0.0,0.0,1.0,1316.6373291015625,1316.6373291015625,0.37213602662086487,0.02786397933959961,0.0,asphalt,1164,29.690877791387305,336.09483714949977,29.692522760373816,10.034032821655273,-7.1454973220825195,-0.02352425537098482,-0.618818053673326,-137.12188573090916,4777.959395981322,0.0,0.0,-0.0,4574.9755859375,True,0.0,1163,3.714596183126678e-08,-0.017342662042092772,-0.6274117947603641,True,1164,33.84520512966293,327.1859091541979,33.84685009864944,12.161693572998047,-7.167938232421875,-0.08163138416951127,-0.5325789166822438,-221.28236530631378,1426.5557839382552,0.0,0.0,-0.0,1367.1541748046875,True,0.0,1163,3.422860459777163e-09,-0.07779240350216111,-0.5417503269228907,True,1164,30.02845050688786,347.1996323932234,30.030095475874372,10.063455581665039,-4.361352443695068,-0.015309543838276079,-0.40895147282899535,-106.01677612240691,4876.38367000579,14.873149447894928,11.605049999999999,11.605049999999999,4540.40087890625,True,0.0,1163,9.240752850404848e-07,-0.008084268080274069,-0.4197027728620261,True,1164,35.43700848381013,343.01873357881493,35.43865345279664,12.191115379333496,-4.383813858032227,-0.04075940258251572,-0.3451933484767332,-167.41264527516353,1421.1067482397978,14.873149447894928,11.605049999999999,11.605049999999999,1320.5361328125,True,0.0,1163,1.1173935054027372e-08,-0.03650807724005893,-0.3560369097465409,True,1164
7.750000000000,930,held_throttle,0.0,0.15,0.0,1,-61.34888458251953,229.32908630371094,0.41861090064048767,20.315380096435547,11.422632217407227,-0.028777802363038063,-2.2517521381378174,asphalt,0.0,0.15,0.0,2189.4883128097667,2,-0.9266655445098877,10.596390724182129,63.270572750586524,160.0,-0.0,6133.554266777088,5638.445733222912,1.2308135032653809,-21.92324405577002,False,-0.0,True,0,0,-8.075950622558594,9.190448760986328,0.08165289461612701,False,True,-62.5784912109375,230.1390380859375,7.450580596923828e-09,0.0,0.0,1.0,4608.16455078125,4608.16455078125,0.30526235699653625,0.09473764896392822,0.0,asphalt,True,-61.0078239440918,230.73887634277344,-3.166496753692627e-08,0.0,0.0,1.0,1342.644775390625,1342.644775390625,0.3714924156665802,0.028507590293884277,0.0,asphalt,True,-61.793556213378906,228.08383178710938,-1.4901161193847656e-08,0.0,0.0,1.0,4548.5126953125,4548.5126953125,0.30637672543525696,0.09362328052520752,0.0,asphalt,True,-60.2228889465332,228.68368530273438,2.2351741790771484e-08,0.0,0.0,1.0,1285.9169921875,1285.9169921875,0.37260672450065613,0.02739328145980835,0.0,asphalt,1170,30.908944720989876,337.6140739056269,30.90820535144847,10.351422309875488,-5.871349334716797,-0.014632825076059668,-0.5159542675828322,-101.14116957664233,4873.680757633603,0.0,0.0,-0.0,4602.615234375,True,0.0,1169,4.69159220181713e-08,-0.00999609285062017,-0.5240987018633463,True,1170,35.661218351732266,328.92922875619075,35.66047898219086,12.416800498962402,-5.892491817474365,-0.052235553188194714,-0.4430876295846785,-174.52019501042247,1427.22638746269,0.0,0.0,-0.0,1345.0069580078125,True,0.0,1169,4.174675896261537e-09,-0.04948846483813769,-0.4521100008473493,True,1170,30.903640596719033,348.726123556336,30.902901227177626,10.379146575927734,-3.168797254562378,-0.017433531522728325,-0.29631591976915767,-222.25900226249365,4959.314173309174,32.200204994779064,77.36699999999999,77.36699999999999,4548.68017578125,True,0.0,1169,2.3438159083401872e-05,-0.011813977516471336,-0.3063698251549012,True,1170,36.26811226998868,344.81777360777903,36.26737290044727,12.44452953338623,-3.1899571418762207,-0.038253955926000276,-0.25093121678271324,-220.96150940086017,1399.2666976572634,32.200204994779064,77.36699999999999,77.36699999999999,1291.4586181640625,True,0.0,1169,2.001722078703435e-07,-0.03521644391529259,-0.26148765013770575,True,1170
7.800000000000,936,held_throttle,0.0,0.15,0.0,1,-61.74203872680664,229.79185485839844,0.4186103641986847,23.788406372070312,11.611409187316895,-0.032072167843580246,-2.2853481769561768,asphalt,0.0,0.15,0.0,2300.22796324539,2,-0.7745614051818848,10.676977157592773,61.098634777708575,160.0,-0.0,6119.855430964804,5652.144569035196,1.1911205053329468,-16.1260539171064,False,-0.0,True,0,0,-7.566915988922119,9.353912353515625,0.08188846707344055,False,True,-63.00926208496094,230.53189086914062,2.2351741790771484e-08,0.0,0.0,1.0,4633.29541015625,4633.29541015625,0.3047166168689728,0.0952833890914917,0.0,asphalt,True,-61.47755813598633,231.22528076171875,3.166496753692627e-08,0.0,0.0,1.0,1328.3702392578125,1328.3702392578125,0.3719135820865631,0.028086423873901367,0.0,asphalt,True,-62.101924896240234,228.5277099609375,0.0,0.0,0.0,1.0,4553.1728515625,4553.1728515625,0.3059788644313812,0.09402114152908325,0.0,asphalt,True,-60.570220947265625,229.22109985351562,9.313225746154785e-09,0.0,0.0,1.0,1257.5477294921875,1257.5477294921875,0.37317582964897156,0.02682417631149292,0.0,asphalt,1176,31.812489192039088,339.1853924537079,31.810765570998505,10.587562561035156,-4.595767974853516,-0.008447754348240839,-0.4095298306061737,-70.03939601948316,4975.739605508118,0.0,0.0,-0.0,4630.63330078125,True,0.0,1175,4.948963598903877e-08,-0.005199193564712691,-0.4172125951004848,True,1176,37.02872027051457,330.7511860292764,37.026996649473986,12.586368560791016,-4.615564823150635,-0.02914985921071335,-0.3514842244739662,-125.54007954337172,1435.5728693039084,0.0,0.0,-0.0,1330.5,True,0.0,1175,5.527041968561106e-09,-0.027460703120509435,-0.36036669603157306,True,1176,31.883793155127407,350.2996444464432,31.882069534086824,10.613533020019531,-1.9803712368011475,-0.008656992789693816,-0.18446799263205216,-134.26995583917224,4998.965530721676,51.33269126349831,77.36699999999999,77.36699999999999,4552.2333984375,True,0.0,1175,7.622320413392609e-05,-0.004393440349238733,-0.19382098981298443,True,1176,37.37851826151929,346.6604933749476,37.37679464047871,12.61233901977539,-2.0001683235168457,-0.02199655377476246,-0.1572784137069886,-193.65167527995,1364.1555803895408,51.33269126349831,77.36699999999999,77.36699999999999,1261.2640380859375,True,0.0,1175,1.0943629926943822e-06,-0.020004269974567862,-0.16751643924546347,True,1176
7.850000000000,942,held_throttle,0.0,0.15,0.0,1,-62.110084533691406,230.26356506347656,0.41861337423324585,27.140575408935547,11.730367660522461,-0.036146380007267,-2.307778835296631,asphalt,0.0,0.15,0.0,2394.464164984856,2,-0.5631251335144043,10.001251220703125,59.56781428302458,160.0,-0.0,6097.862793307536,5674.137206692464,1.141600489616394,-10.332977644494598,False,-0.0,True,0,0,-7.08237886428833,9.551250457763672,0.08125182241201401,False,True,-63.40958023071289,230.93421936035156,0.0,0.0,0.0,1.0,4590.162109375,4590.162109375,0.3044118583202362,0.09558814764022827,0.0,asphalt,True,-61.92070007324219,231.7154083251953,-1.862645149230957e-08,0.0,0.0,1.0,1358.909423828125,1358.909423828125,0.3720826804637909,0.027917325496673584,0.0,asphalt,True,-62.38739776611328,228.98611450195312,2.9802322387695312e-08,0.0,0.0,1.0,4517.134765625,4517.134765625,0.30581769347190857,0.09418231248855591,0.0,asphalt,True,-60.898521423339844,229.7672882080078,3.166496753692627e-08,0.0,0.0,1.0,1280.867431640625,1280.867431640625,0.37348851561546326,0.02651149034500122,0.0,asphalt,1182,32.462089330391564,340.79469725627257,32.46106019659487,10.761214256286621,-3.3377041816711426,-0.004527814064192658,-0.3007521414295766,-48.177745724388586,5030.853174523711,0.0,0.0,-0.0,4610.7197265625,True,0.0,1181,3.110258901506883e-08,-0.002538900452369297,-0.30801734115784124,True,1182,37.93315420935408,332.628970591552,37.93212507555739,12.676955223083496,-3.35591459274292,-0.012543574635895244,-0.25878931950558814,-76.05252043419345,1464.4028091317732,0.0,0.0,-0.0,1337.296630859375,True,0.0,1181,8.786994123010806e-09,-0.011864240351190264,-0.26756398476208626,True,1182,32.55160222471102,351.913725962126,32.55057309091433,10.785087585449219,-0.8310542106628418,-0.003992443357870818,-0.07690389299703275,-59.00671451992813,4306.286913528398,64.3748210120077,77.36699999999999,77.36699999999999,4531.03564453125,True,0.0,1181,0.00015584541355003826,-0.000980073655035286,-0.085620663526602,True,1182,38.245852930651715,348.5554425935889,38.24482379685502,12.700818061828613,-0.8492512702941895,-0.0062741308729583984,-0.06676648469034634,-95.95636481602097,1142.4797894243688,64.3748210120077,77.36699999999999,77.36699999999999,1263.793701171875,True,0.0,1181,7.493563806284273e-07,-0.005353678071144913,-0.07634197406659583,True,1182
7.900000000000,948,held_throttle,0.0,0.15,0.0,1,-62.45594024658203,230.74501037597656,0.4186254143714905,30.29015350341797,11.787759780883789,-0.03737415745854378,-2.2196786403656006,asphalt,0.0,0.15,0.0,2467.7946048849158,2,-0.35062432289123535,5.875185012817383,58.7708138609076,160.0,-0.0,6068.234682259778,5703.765317740222,1.0207960605621338,-5.105283793513865,False,-0.0,True,0,0,-6.727134704589844,9.721952438354492,0.08755394071340561,False,True,-63.783302307128906,231.34886169433594,1.4901161193847656e-08,0.0,0.0,1.0,4278.80322265625,4278.80322265625,0.3063261806964874,0.09367382526397705,0.0,asphalt,True,-62.33885955810547,232.20913696289062,4.6566128730773926e-08,0.0,0.0,1.0,1825.3543701171875,1825.3543701171875,0.370157927274704,0.029842078685760498,0.0,asphalt,True,-62.65753173828125,229.45870971679688,7.450580596923828e-09,0.0,0.0,1.0,4213.8349609375,4213.8349609375,0.30775800347328186,0.09224200248718262,0.0,asphalt,True,-61.21308517456055,230.31898498535156,4.284083843231201e-08,0.0,0.0,1.0,1763.86474609375,1763.86474609375,0.3715897500514984,0.028410255908966064,0.0,asphalt,1188,33.01755829489505,342.43270665578956,33.017450462642074,10.930294036865234,-2.1837539672851562,-0.003156346886324112,-0.19719279474331977,-63.06070520710725,4800.314461883464,0.0,0.0,-0.0,4366.041015625,True,0.0,1187,1.2277983659822503e-06,-0.0022675947828438665,-0.2042484912964767,True,1188,38.3042219984715,334.53842341139364,38.30411416621852,12.643157958984375,-2.1983094215393066,-0.0002186715927895243,-0.17215237766175054,-5.024511470505067,1871.4251376559346,0.0,0.0,-0.0,1707.363525390625,True,0.0,1187,7.311560858089145e-09,-0.00040923249282976223,-0.1809071289533074,True,1188,33.10094254595756,353.5566565030668,33.10083471370458,10.949376106262207,0.057666778564453125,-0.0023805069661736104,0.005266623854156579,-42.37950320057137,230.43136054747464,73.32133193598825,77.36699999999999,77.36699999999999,4299.208984375,True,0.0,1187,5.347781806677306e-09,-0.00048392524379908456,-0.00315750322677688,True,1188,38.392467763075906,350.47491115046444,38.39235993082293,12.662243843078613,0.04311370849609375,0.0005741888109674344,0.003404889561487034,2.1058589527536653,112.92466296134279,73.32133193598825,77.36699999999999,77.36699999999999,1642.4993896484375,True,0.0,1187,0.0001349600968235539,6.297155848238072e-05,-0.004052225012251009,True,1188
7.950000000000,954,held_throttle,0.0,0.15,0.0,1,-62.78836441040039,231.23312377929688,0.419132798910141,32.95242691040039,11.800703048706055,-0.035159844905138016,-1.8066860437393188,asphalt,0.0,0.15,0.0,2517.9304623949656,2,-0.1928669810295105,2.347201108932495,58.51980127272989,160.0,-0.0,6034.152192347589,5737.847807652411,0.7929711937904358,-1.3301519179714119,False,-0.0,True,0,0,-6.5669264793396,9.806282997131348,0.10532792657613754,False,True,-64.13906860351562,231.77880859375,0.0,0.0,0.0,1.0,3609.633544921875,3609.633544921875,0.3137674629688263,0.08623254299163818,0.0,asphalt,True,-62.734779357910156,232.70233154296875,3.725290298461914e-08,0.0,0.0,1.0,2532.90283203125,2532.90283203125,0.36389413475990295,0.03610587120056152,0.0,asphalt,True,-62.930213928222656,229.94070434570312,-2.9802322387695312e-08,0.0,0.0,1.0,3560.18798828125,3560.18798828125,0.3150884211063385,0.08491158485412598,0.0,asphalt,True,-61.52592468261719,230.8642120361328,-3.725290298461914e-09,0.0,0.0,1.0,2496.2265625,2496.2265625,0.3652149736881256,0.03478503227233887,0.0,asphalt,1194,33.677535842787215,344.101112104885,33.678706634472796,11.138671875,-1.2172737121582031,-0.0022520680348363104,-0.10885159669636653,-84.15684298995113,3870.915563039526,0.0,0.0,-0.0,3727.02001953125,True,0.0,1193,1.9134178406111793e-05,-0.0020979107677715375,-0.11528229640922763,True,1194,37.90037300495045,336.4453932651192,37.901543796636034,12.468915939331055,-1.2260560989379883,0.0030641919865765877,-0.09801392983536107,67.28424673493132,2474.208618911548,0.0,0.0,-0.0,2430.55908203125,True,0.0,1193,1.778042528609819e-06,0.002411636040460384,-0.10601919098072161,True,1194,33.7282718312283,355.22903131320675,33.72944262291388,11.150190353393555,0.52392578125,-0.001781193724838162,0.0469535215693985,-45.75876782288867,-2181.2408265189915,79.47061387064522,77.36699999999999,77.36699999999999,3674.45166015625,True,0.0,1193,2.6393107579488254e-06,-0.0006866723667743837,0.039258790880122754,True,1194,37.91726462201455,352.3829854257535,37.91843541370013,12.480428695678711,0.5151534080505371,0.002585538555840071,0.041253481714687755,54.92208055200026,-1305.1236014388257,79.47061387064522,77.36699999999999,77.36699999999999,2389.236328125,True,0.0,1193,5.220830676930889e-07,0.0012422125272374316,0.03540790785333216,True,1194
8.000000000000,960,held_throttle,0.0,0.15,0.0,1,-63.115478515625,231.7240753173828,0.4204847514629364,34.93014907836914,11.791322708129883,-0.028562307357788086,-1.1603811979293823,asphalt,0.0,0.15,0.0,2548.388288020111,2,-0.12875130772590637,-0.39549729228019714,58.43679784161033,160.0,-0.0,6002.5249148897465,5769.4750851102535,0.5582419037818909,1.057041682685287,False,-0.0,True,0,0,-6.530184268951416,9.821650505065918,0.11611445993185043,False,True,-64.48409271240234,232.22483825683594,1.4901161193847656e-08,0.0,0.0,1.0,2933.713134765625,2933.713134765625,0.32501378655433655,0.07498621940612793,0.0,asphalt,True,-63.11099624633789,233.19332885742188,2.60770320892334e-08,0.0,0.0,1.0,3026.65283203125,3026.65283203125,0.3556167781352997,0.044383227825164795,0.0,asphalt,True,-63.216041564941406,230.4270477294922,-1.4901161193847656e-08,0.0,0.0,1.0,2906.8818359375,2906.8818359375,0.3260516822338104,0.07394832372665405,0.0,asphalt,True,-61.84294891357422,231.39553833007812,1.1175870895385742e-08,0.0,0.0,1.0,3020.81005859375,3020.81005859375,0.35665473341941833,0.04334527254104614,0.0,asphalt,1200,34.27903776257754,345.80178837499875,34.28185224174977,11.326127052307129,-0.4965682029724121,-0.0012400170501071551,-0.04381465985425784,-72.93084485069681,2135.6363829025845,0.0,0.0,-0.0,3042.533203125,True,0.0,1199,8.864934707013704e-06,-0.001401315256437168,-0.049201973581697776,True,1200,37.23142256251706,338.32210747089835,37.23423704168929,12.262377738952637,-0.5009222030639648,0.001956529735809811,-0.04082763183957683,67.99424874920058,2009.458528307925,0.0,0.0,-0.0,2952.110595703125,True,0.0,1199,4.447569309618928e-06,0.0013291327451304426,-0.04710154379487258,True,1200,34.30109726629744,356.9317812239154,34.30391174546967,11.331831932067871,0.7292656898498535,-0.0011004252679063758,0.0642668728011765,-31.823434154150686,-2357.092859658543,83.68466002116105,77.36699999999999,77.36699999999999,3011.531982421875,True,0.0,1199,8.137499757477783e-07,-0.0006544280451902342,0.058101016166771206,True,1200,37.27479255340574,354.2610690759706,37.27760703257797,12.268081665039062,0.7249102592468262,0.0026572921891883108,0.0590205022478346,68.4649260847443,-2210.479035134818,83.68466002116105,77.36699999999999,77.36699999999999,2940.905029296875,True,0.0,1199,4.868406689399831e-06,0.0014077753600891482,0.054488238370491486,True,1200
