time_s,tick,control.steering_fraction,control.throttle,control.brake,speed_mps,cg_horizontal_speed_mps,yaw_rate_rad_s,position_x_m,position_y_m,position_z_m,roll_deg,front_left_angle_deg,front_right_angle_deg,wheel0_contact_x_m,wheel0_contact_y_m,wheel0_contact_z_m,wheel0_lateral_velocity_mps,wheel1_contact_x_m,wheel1_contact_y_m,wheel1_contact_z_m,wheel1_lateral_velocity_mps,wheel2_contact_x_m,wheel2_contact_y_m,wheel2_contact_z_m,wheel2_lateral_velocity_mps,wheel3_contact_x_m,wheel3_contact_y_m,wheel3_contact_z_m,wheel3_lateral_velocity_mps
0.050000000000,6,0.24143455729221366,0.1394766203562418,0.0,2.7392349243164062,2.739238296752346,-0.0035517930518835783,9.080574091058224e-05,0.13775336742401123,0.4160292446613312,-0.003799095982685685,0.3049021065235138,0.30614620447158813,-0.8398045897483826,1.237726092338562,2.2351741790771484e-08,-0.005552854388952255,0.8401952981948853,1.2376084327697754,-1.1175870895385742e-08,-0.005580289289355278,-0.8399586081504822,-0.9622740745544434,1.1175870895385742e-08,0.0012296290369704366,0.8400413393974304,-0.9623916149139404,-2.2351741790771484e-08,0.001229862216860056
0.100000000000,12,0.24143455729221366,0.1593527189890543,0.0,2.707521915435791,2.7075702796806977,-0.014812088571488857,0.0006702332757413387,0.2737547755241394,0.41572627425193787,-0.01985715515911579,0.9717018008232117,0.9844499826431274,-0.8385805487632751,1.3739913702011108,-1.4901161193847656e-08,-0.011304080486297607,0.8414192199707031,1.3730669021606445,-3.725290298461914e-09,-0.011478692293167114,-0.8397907614707947,-0.8260085582733154,-2.60770320892334e-08,0.002263670554384589,0.8402090668678284,-0.826932966709137,2.60770320892334e-08,0.0022669127210974693
0.150000000000,18,0.24143455729221366,0.17451342264811193,0.0,2.6832919120788574,2.6834786800727106,-0.030202897265553474,0.0020796428434550762,0.40839794278144836,0.41653895378112793,-0.04827170446515083,1.7534141540527344,1.795357346534729,-0.8356680870056152,1.509499192237854,0.0,-0.014649704098701477,0.8443300127983093,1.5065948963165283,1.1175870895385742e-08,-0.015033438801765442,-0.8394699692726135,-0.6904982924461365,7.450580596923828e-09,0.0018884935416281223,0.8405280709266663,-0.6934027671813965,0.0,0.0018997471779584885
0.200000000000,24,0.24143455729221366,0.18632329622904453,0.0,2.664409875869751,2.6648555458113368,-0.046477384865283966,0.004533839412033558,0.5419862270355225,0.4177301228046417,-0.0803198292851448,2.51920223236084,2.6066648960113525,-0.8307958841323853,1.6446789503097534,-1.862645149230957e-08,-0.016382627189159393,0.8491941094398499,1.6384433507919312,3.3527612686157227e-08,-0.016951777040958405,-0.8389583230018616,-0.5553070902824402,-7.450580596923828e-09,0.0004602428525686264,0.8410317301750183,-0.5615426898002625,3.725290298461914e-08,0.0004749549552798271
0.250000000000,30,0.24143455729221366,0.1955177656809488,0.0,2.649717330932617,2.65053340207216,-0.06179797649383545,0.008170126006007195,0.6747455596923828,0.4187741279602051,-0.105222687125206,3.207531690597534,3.350613594055176,-0.8239170908927917,1.7797582149505615,1.4901161193847656e-08,-0.016704723238945007,0.8560503721237183,1.768865704536438,-1.4901161193847656e-08,-0.01739804446697235,-0.8381772041320801,-0.42019644379615784,2.2351741790771484e-08,-0.0009983982890844345,0.8417903184890747,-0.43108901381492615,1.862645149230957e-08,-0.000991668552160263
0.300000000000,36,0.24143455729221366,0.20263785044352206,0.0,2.6383554935455322,2.6396074425992,-0.07533186674118042,0.013037551194429398,0.8068512082099915,0.41939300298690796,-0.11797221750020981,3.7959775924682617,3.997932195663452,-0.8150970935821533,1.91483473777771,0.0,-0.016048923134803772,0.8648229837417603,1.898085117340088,-3.3527612686157227e-08,-0.016795575618743896,-0.8370274305343628,-0.2850567400455475,2.2351741790771484e-08,-0.002154579386115074,0.842892587184906,-0.3018062710762024,2.60770320892334e-08,-0.0021620336920022964
0.350000000000,42,0.24143455729221366,0.20809754053751622,0.0,2.6296606063842773,2.6313553237350464,-0.08679883927106857,0.019117048010230064,0.9384405612945557,0.41955727338790894,-0.11898157745599747,4.28288459777832,4.541618347167969,-0.8044556975364685,2.0499279499053955,3.725290298461914e-09,-0.014822274446487427,0.875381588935852,2.02628755569458,4.470348358154297e-08,-0.015558615326881409,-0.835411012172699,-0.14985449612140656,1.862645149230957e-08,-0.0029373280704021454,0.8444262742996216,-0.1734948605298996,-1.4901161193847656e-08,-0.0029558278620243073
0.400000000000,48,0.24143455729221366,0.21222313563028966,0.0,2.6231112480163574,2.6251997114825087,-0.09621807932853699,0.026344172656536102,1.0696219205856323,0.41943052411079407,-0.11283696442842484,4.676669120788574,4.986761093139648,-0.7921337485313416,2.1850104331970215,1.862645149230957e-08,-0.013449162244796753,0.887576162815094,2.1536192893981934,-2.60770320892334e-08,-0.01413106918334961,-0.8332398533821106,-0.014605741947889328,-1.1175870895385742e-08,-0.003469310700893402,0.8464701175689697,-0.04599659889936447,7.450580596923828e-09,-0.0034903958439826965
0.450000000000,54,0.24143455729221366,0.21527613321940098,0.0,2.618283271789551,2.6206931528370516,-0.10379687696695328,0.034638911485672,1.200481653213501,0.4191949963569641,-0.10482215136289597,4.989802837371826,5.344255447387695,-0.7782752513885498,2.3200571537017822,-3.725290298461914e-09,-0.012282490730285645,0.9012550115585327,2.2802186012268066,1.862645149230957e-08,-0.012889504432678223,-0.8304445743560791,0.12067589163780212,1.4901161193847656e-08,-0.003967411816120148,0.8490857481956482,0.08083732426166534,-7.450580596923828e-09,-0.0039858147501945496
0.500000000000,60,0.24143455729221366,0.2174781195322672,0.0,2.6148176193237305,2.6174827453089433,-0.10979744046926498,0.043935999274253845,1.3310872316360474,0.4189709722995758,-0.09796007722616196,5.235579967498779,5.627061367034912,-0.7630133628845215,2.455059766769409,1.4901161193847656e-08,-0.011469453573226929,0.9162789583206177,2.4062185287475586,3.725290298461914e-09,-0.012000679969787598,-0.8269727230072021,0.25598984956741333,3.725290298461914e-09,-0.0045284852385520935,0.8523196578025818,0.2071484923362732,-7.450580596923828e-09,-0.004543565213680267
0.550000000000,66,0.24143455729221366,0.21901706377665195,0.0,2.6124114990234375,2.6152807183617393,-0.114496149122715,0.05419425666332245,1.461490511894226,0.41880837082862854,-0.09275607019662857,5.426497459411621,5.848094940185547,-0.7464612722396851,2.5900144577026367,-2.2351741790771484e-08,-0.010884106159210205,0.9325296878814697,2.5317342281341553,-3.725290298461914e-08,-0.011346787214279175,-0.8227812051773071,0.3913383185863495,3.725290298461914e-09,-0.005046524107456207,0.8562097549438477,0.3330581486225128,0.0,-0.005059137940406799
0.600000000000,72,0.24143455729221366,0.22004331270853672,0.0,2.6108219623565674,2.613854600160003,-0.11814624071121216,0.06538709253072739,1.5917298793792725,0.4187130331993103,-0.08886494487524033,5.573545932769775,6.01915168762207,-0.7287099361419678,2.7249155044555664,2.60770320892334e-08,-0.010436087846755981,0.949912965297699,2.656857490539551,-3.3527612686157227e-08,-0.010839968919754028,-0.8178340196609497,0.526721715927124,-1.4901161193847656e-08,-0.005473077297210693,0.8607888221740723,0.45866355299949646,-1.862645149230957e-08,-0.005484029650688171
0.650000000000,78,0.24143455729221366,0.2206804625193277,0.0,2.609851121902466,2.613013200971396,-0.12096396833658218,0.07749485224485397,1.72183358669281,0.4186703562736511,-0.08586391061544418,5.686004161834717,6.150450229644775,-0.7098313570022583,2.8597588539123535,-3.725290298461914e-08,-0.010083675384521484,0.9683542251586914,2.7816619873046875,7.450580596923828e-09,-0.01043856143951416,-0.8121020793914795,0.662137508392334,1.1175870895385742e-08,-0.005808383226394653,0.8660835027694702,0.5840403437614441,0.0,-0.005818217992782593
0.700000000000,84,0.24143455729221366,0.2210273615519205,0.0,2.609340190887451,2.6126037209006454,-0.12312732636928558,0.09050191193819046,1.8518214225769043,0.41866105794906616,-0.08344630897045135,5.7714924812316895,6.250539302825928,-0.6898830533027649,2.994537115097046,1.1175870895385742e-08,-0.009808361530303955,0.9877945780754089,2.906200647354126,7.450580596923828e-09,-0.01012343168258667,-0.805562436580658,0.7975804805755615,1.1175870895385742e-08,-0.006070360541343689,0.8721151947975159,0.7092439532279968,2.60770320892334e-08,-0.006079450249671936
0.750000000000,90,0.24143455729221366,0.22116354624430332,0.0,2.609160900115967,2.6125030466864527,-0.12478046864271164,0.10439568758010864,1.9817065000534058,0.4186691641807556,-0.08140730112791061,5.836141109466553,6.326390266418457,-0.6689099669456482,3.129239559173584,1.862645149230957e-08,-0.009583503007888794,1.008188247680664,3.0305120944976807,1.4901161193847656e-08,-0.009866565465927124,-0.7981967926025391,0.9330416917800903,2.60770320892334e-08,-0.00626237690448761,0.8789014220237732,0.8343141674995422,7.450580596923828e-09,-0.006270810961723328
0.800000000000,96,0.24143455729221366,0.22115095774332677,0.0,2.6092140674591064,2.61261569147122,-0.12603919208049774,0.1191653162240982,2.1114962100982666,0.41868266463279724,-0.0797455906867981,5.884808540344238,6.383582592010498,-0.6469472646713257,3.2638559341430664,-2.60770320892334e-08,-0.009404480457305908,1.0294994115829468,3.154622793197632,1.1175870895385742e-08,-0.009662210941314697,-0.789991557598114,1.0685112476348877,1.4901161193847656e-08,-0.006404981017112732,0.8864550590515137,0.959277868270874,-3.725290298461914e-08,-0.006412863731384277
0.850000000000,102,0.24143455729221366,0.2210376612345377,0.0,2.6094248294830322,2.612870222571874,-0.126994788646698,0.13480167090892792,2.241194486618042,0.41869398951530457,-0.07852257043123245,5.921299934387207,6.426517009735107,-0.6240223050117493,3.398375988006592,0.0,-0.009268522262573242,1.051700472831726,3.2785513401031494,3.3527612686157227e-08,-0.009506195783615112,-0.7809364199638367,1.2039788961410522,0.0,-0.0065157413482666016,0.8947863578796387,1.0841542482376099,3.725290298461914e-09,-0.006523072719573975
0.900000000000,108,0.24143455729221366,0.22085984865824376,0.0,2.609733819961548,2.61321173832519,-0.12771865725517273,0.15129774808883667,2.3708019256591797,0.41869989037513733,-0.07774185389280319,5.948564529418945,6.458624362945557,-0.6001570224761963,3.5327889919281006,-2.60770320892334e-08,-0.009170591831207275,1.0747699737548828,3.4023091793060303,2.60770320892334e-08,-0.009392887353897095,-0.7710239291191101,1.339434027671814,3.3527612686157227e-08,-0.006606757640838623,0.9039029479026794,1.2089543342590332,-3.725290298461914e-09,-0.006613671779632568
0.950000000000,114,0.24143455729221366,0.22064670244852697,0.0,2.610095739364624,2.613598040234056,-0.1282658725976944,0.16864866018295288,2.500316619873047,0.4187003970146179,-0.07731813192367554,5.968870639801025,6.482553958892822,-0.57536780834198,3.667083978652954,-2.2351741790771484e-08,-0.00910031795501709,1.0986909866333008,3.5259032249450684,1.1175870895385742e-08,-0.009310662746429443,-0.7602481842041016,1.4748661518096924,0.0,-0.006680116057395935,0.9138106107711792,1.333685278892517,3.3527612686157227e-08,-0.006686732172966003
1.000000000000,120,0.24143455729221366,0.2204179636637369,0.0,2.610478639602661,2.613999827555657,-0.12867915630340576,0.18685103952884674,2.6297340393066406,0.4186975955963135,-0.07711969316005707,5.983951091766357,6.500333786010742,-0.54966801404953,3.801250696182251,-1.4901161193847656e-08,-0.00905001163482666,1.1234509944915771,3.6493353843688965,1.1175870895385742e-08,-0.009251385927200317,-0.7486051917076111,1.610263705253601,-1.4901161193847656e-08,-0.0067391544580459595,0.9245137572288513,1.4583485126495361,-3.725290298461914e-08,-0.006745636463165283
1.050000000000,126,0.24143455729221366,0.22018636385599766,0.0,2.6108639240264893,2.614399622670374,-0.12899117171764374,0.20590238273143768,2.759049654006958,0.4186937212944031,-0.07701541483402252,5.995121955871582,6.513509273529053,-0.5230675339698792,3.935279607772827,1.1175870895385742e-08,-0.009011507034301758,1.149039626121521,3.77260684967041,-2.9802322387695312e-08,-0.009206116199493408,-0.7360917925834656,1.7456172704696655,-2.60770320892334e-08,-0.006783127784729004,0.9360154271125793,1.582944631576538,-2.2351741790771484e-08,-0.006789535284042358
1.100000000000,132,0.24143455729221366,0.21996148745218908,0.0,2.6112356185913086,2.6147823566053123,-0.1292269229888916,0.2258004993200302,2.8882572650909424,0.41869044303894043,-0.07692711800336838,6.003377437591553,6.52324914932251,-0.4955746531486511,4.0691609382629395,0.0,-0.008979856967926025,1.1754494905471802,3.8957154750823975,-7.450580596923828e-09,-0.009169280529022217,-0.7227059602737427,1.8809165954589844,-2.9802322387695312e-08,-0.006814152002334595,0.9483182430267334,1.707471489906311,-3.725290298461914e-08,-0.0068205296993255615
1.150000000000,138,0.24143455729221366,0.2197497717539469,0.0,2.611584424972534,2.6151398459798463,-0.1294051706790924,0.2465432584285736,3.017350673675537,0.4186883270740509,-0.07683262228965759,6.009465217590332,6.53043270111084,-0.4671952724456787,4.202885150909424,-3.3527612686157227e-08,-0.008955538272857666,1.2026745080947876,4.018657684326172,-1.4901161193847656e-08,-0.009141087532043457,-0.7084461450576782,2.016152858734131,7.450580596923828e-09,-0.0068368613719940186,0.9614236354827881,1.831925630569458,-3.725290298461914e-09,-0.006843209266662598
1.200000000000,144,0.24143455729221366,0.219553362528483,0.0,2.6119072437286377,2.615469306632751,-0.12954014539718628,0.2681286633014679,3.1463232040405273,0.41868728399276733,-0.07673019170761108,6.013946056365967,6.5357208251953125,-0.4379344582557678,4.336444854736328,1.1175870895385742e-08,-0.008936941623687744,1.2307099103927612,4.141430377960205,7.450580596923828e-09,-0.00911945104598999,-0.6933116912841797,2.1513171195983887,2.9802322387695312e-08,-0.006853818893432617,0.9753326773643494,1.9563024044036865,0.0,-0.006860226392745972
1.250000000000,150,0.24143455729221366,0.21937426249186193,0.0,2.612200975418091,2.6157677168853826,-0.1296425610780716,0.29055485129356384,3.2751681804656982,0.41868704557418823,-0.07662682235240936,6.017238140106201,6.539606094360352,-0.4077966511249542,4.4698309898376465,7.450580596923828e-09,-0.008922457695007324,1.2595514059066772,4.2640275955200195,1.1175870895385742e-08,-0.009102582931518555,-0.6773018836975098,2.2864010334014893,-1.1175870895385742e-08,-0.006866395473480225,0.9900462031364441,2.080597400665283,-1.1175870895385742e-08,-0.006872832775115967
1.300000000000,156,0.24143455729221366,0.21921332995096837,0.0,2.612464189529419,2.6160342778563606,-0.12972044944763184,0.31382015347480774,3.4038784503936768,0.41868725419044495,-0.07653728127479553,6.019652366638184,6.542456150054932,-0.37678518891334534,4.603035926818848,1.862645149230957e-08,-0.008911550045013428,1.2891960144042969,4.386444568634033,-3.725290298461914e-09,-0.009090125560760498,-0.6604167222976685,2.421395778656006,-3.3527612686157227e-08,-0.006876111030578613,1.0055644512176514,2.2048046588897705,1.4901161193847656e-08,-0.006882518529891968
1.350000000000,162,0.24143455729221366,0.2190699927012125,0.0,2.6126983165740967,2.6162708067494065,-0.1297798454761505,0.33792293071746826,3.532447338104248,0.4186876118183136,-0.07646963000297546,6.021420478820801,6.544543266296387,-0.3449031412601471,4.736051082611084,1.1175870895385742e-08,-0.008904039859771729,1.3196405172348022,4.508676528930664,-7.450580596923828e-09,-0.009081125259399414,-0.6426563858985901,2.556293487548828,-4.0978193283081055e-08,-0.00688403844833374,1.0218873023986816,2.32891845703125,-1.4901161193847656e-08,-0.006890356540679932
1.400000000000,168,0.24143455729221366,0.21894396464029942,0.0,2.612903356552124,2.6164778251697443,-0.12982527911663055,0.3628617227077484,3.660867691040039,0.41868796944618225,-0.07642406970262527,6.022713661193848,6.546070098876953,-0.3121531009674072,4.868869304656982,1.4901161193847656e-08,-0.008899033069610596,1.350882649421692,4.630715847015381,1.862645149230957e-08,-0.0090751051902771,-0.6240213513374329,2.6910860538482666,0.0,-0.006890803575515747,1.0390143394470215,2.452932357788086,-2.60770320892334e-08,-0.006897151470184326
1.450000000000,174,0.24143455729221366,0.21883467356363925,0.0,2.613081693649292,2.6166571938131273,-0.12986013293266296,0.38863521814346313,3.789132833480835,0.41868820786476135,-0.07639570534229279,6.02365779876709,6.547184944152832,-0.2785375714302063,5.0014824867248535,0.0,-0.00889521837234497,1.3829197883605957,4.752556800842285,1.1175870895385742e-08,-0.00907069444656372,-0.6045118570327759,2.825766086578369,-3.725290298461914e-08,-0.006896108388900757,1.056945562362671,2.57684063911438,4.470348358154297e-08,-0.006902426481246948
1.500000000000,180,0.24143455729221366,0.21873940149943027,0.0,2.613236427307129,2.6168131492617026,-0.1298869401216507,0.4152419865131378,3.917236328125,0.41868826746940613,-0.07637963443994522,6.024346828460693,6.547997951507568,-0.24405886232852936,5.133883953094482,-1.862645149230957e-08,-0.008892714977264404,1.41575026512146,4.874194622039795,-3.725290298461914e-09,-0.009067654609680176,-0.5841287970542908,2.9603264331817627,-1.862645149230957e-08,-0.00690045952796936,1.0756803750991821,2.7006373405456543,-2.2351741790771484e-08,-0.006906688213348389
1.550000000000,186,0.24143455729221366,0.21865771929423006,0.0,2.6133692264556885,2.616946715073609,-0.12990765273571014,0.44268080592155457,4.04517126083374,0.41868817806243896,-0.07637074589729309,6.024848461151123,6.548590660095215,-0.2087189108133316,5.2660675048828125,7.450580596923828e-09,-0.00889056921005249,1.4493716955184937,4.995622634887695,1.1175870895385742e-08,-0.009065032005310059,-0.5628725290298462,3.094759941101074,1.4901161193847656e-08,-0.006903529167175293,1.0952179431915283,2.8243157863616943,-1.1175870895385742e-08,-0.006909817457199097
1.600000000000,192,0.24143455729221366,0.21858748118082677,0.0,2.613483190536499,2.6170612398163327,-0.12992362678050995,0.47095030546188354,4.17293119430542,0.41868799924850464,-0.07636550813913345,6.025213718414307,6.5490217208862305,-0.17251987755298615,5.398024559020996,2.60770320892334e-08,-0.008889317512512207,1.4837826490402222,5.116835117340088,2.60770320892334e-08,-0.009063303470611572,-0.5407443046569824,3.2290594577789307,3.725290298461914e-09,-0.00690615177154541,1.11555814743042,2.9478700160980225,-1.1175870895385742e-08,-0.006912440061569214
1.650000000000,198,0.24143455729221366,0.21852782885233554,0.0,2.613579511642456,2.6171581231239345,-0.1299361139535904,0.5000491738319397,4.300510406494141,0.4186878204345703,-0.07636217772960663,6.025479316711426,6.549335479736328,-0.1354634165763855,5.529750347137451,2.60770320892334e-08,-0.008887887001037598,1.5189807415008545,5.237826824188232,7.450580596923828e-09,-0.009061694145202637,-0.5177448391914368,3.3632185459136963,-7.450580596923828e-09,-0.006907999515533447,1.1366993188858032,3.0712947845458984,-7.450580596923828e-09,-0.006914258003234863
1.700000000000,204,0.24143455729221366,0.21847733179728185,0.0,2.613661289215088,2.6172402606551226,-0.12994574010372162,0.529975950717926,4.427901744842529,0.418687641620636,-0.07635959982872009,6.025672435760498,6.549562931060791,-0.09755165129899979,5.661236763000488,2.9802322387695312e-08,-0.008887052536010742,1.554964542388916,5.358590126037598,1.1175870895385742e-08,-0.00906062126159668,-0.49387505650520325,3.49722957611084,2.2351741790771484e-08,-0.006909459829330444,1.1586410999298096,3.194582939147949,3.725290298461914e-09,-0.006915748119354248
1.750000000000,210,0.24143455729221366,0.21843484560648593,0.0,2.6137309074401855,2.6173101543346204,-0.1299532800912857,0.5607293844223022,4.555100917816162,0.4186875522136688,-0.07635776698589325,6.025812149047852,6.5497283935546875,-0.05878637731075287,5.792479991912842,-3.3527612686157227e-08,-0.008886456489562988,1.5917322635650635,5.479122638702393,1.862645149230957e-08,-0.0090598464012146,-0.46913599967956543,3.6310882568359375,2.60770320892334e-08,-0.006910830736160278,1.181382656097412,3.3177309036254883,-1.1175870895385742e-08,-0.006917059421539307
1.800000000000,216,0.24143455729221366,0.21839922587076815,0.0,2.61378812789917,2.617367483101148,-0.12995930016040802,0.5923081040382385,4.682100772857666,0.4186875522136688,-0.07635576277971268,6.025913715362549,6.5498480796813965,-0.01916944421827793,5.923470973968506,2.60770320892334e-08,-0.008885502815246582,1.6292822360992432,5.599415302276611,1.4901161193847656e-08,-0.009058713912963867,-0.44352853298187256,3.764786720275879,-1.1175870895385742e-08,-0.006911337375640869,1.204923152923584,3.4407308101654053,-2.2351741790771484e-08,-0.006917715072631836
1.850000000000,222,0.24143455729221366,0.21836918512980136,0.0,2.6138365268707275,2.617416245214776,-0.1299639642238617,0.6247105598449707,4.808895587921143,0.4186875522136688,-0.07635375112295151,6.02598762512207,6.549935340881348,0.021297235041856766,6.054205894470215,1.1175870895385742e-08,-0.008885025978088379,1.6676124334335327,5.719465255737305,2.9802322387695312e-08,-0.009058117866516113,-0.4170539677143097,3.8983190059661865,-2.60770320892334e-08,-0.006912112236022949,1.2292611598968506,3.5635781288146973,1.862645149230957e-08,-0.006918400526046753
1.900000000000,228,0.24143455729221366,0.2183437220255533,0.0,2.6138782501220703,2.617457782116396,-0.12996768951416016,0.657935380935669,4.935479640960693,0.4186875522136688,-0.0763525664806366,6.026040554046631,6.549997806549072,0.06261199712753296,6.1846771240234375,1.1175870895385742e-08,-0.008884906768798828,1.706721305847168,5.8392653465271,-2.60770320892334e-08,-0.009058058261871338,-0.38971346616744995,4.031678676605225,1.4901161193847656e-08,-0.0069130659103393555,1.254395842552185,3.686267137527466,-7.450580596923828e-09,-0.006919205188751221
1.950000000000,234,0.24143455729221366,0.21832269350687655,0.0,2.6139118671417236,2.617491748597881,-0.12997065484523773,0.6919810771942139,5.061847686767578,0.4186875522136688,-0.0763515830039978,6.026079177856445,6.55004358291626,0.10477282851934433,6.314880847930908,-1.4901161193847656e-08,-0.008884787559509277,1.7466070652008057,5.9588117599487305,3.3527612686157227e-08,-0.009057760238647461,-0.36150798201560974,4.164861679077148,1.4901161193847656e-08,-0.006913483142852783,1.280326247215271,3.8087925910949707,1.862645149230957e-08,-0.006919801235198975
2.000000000000,240,0.24143455729221366,0.21830552736918124,0.0,2.6139392852783203,2.6175191666406232,-0.12997300922870636,0.7268461585044861,5.18799352645874,0.4186875522136688,-0.07635103911161423,6.026106834411621,6.550076484680176,0.1477779895067215,6.4448089599609375,1.862645149230957e-08,-0.008884668350219727,1.7872682809829712,6.078097343444824,-1.862645149230957e-08,-0.00905764102935791,-0.3324391841888428,4.297859191894531,1.862645149230957e-08,-0.006914079189300537,1.3070509433746338,3.9311482906341553,2.60770320892334e-08,-0.006920337677001953
2.050000000000,246,0.24143455729221366,0.21829093615214024,0.0,2.6139628887176514,2.617542935118775,-0.12997481226921082,0.762529194355011,5.313911437988281,0.41868746280670166,-0.07635088264942169,6.026127338409424,6.550100326538086,0.1916256844997406,6.574456214904785,-3.725290298461914e-09,-0.0088844895362854,1.8287025690078735,6.197118282318115,2.9802322387695312e-08,-0.009057462215423584,-0.3025077283382416,4.430666446685791,0.0,-0.006914198398590088,1.3345692157745361,4.053328514099121,3.725290298461914e-09,-0.006920456886291504
2.100000000000,252,0.24143455729221366,0.21827963511149082,0.0,2.6139814853668213,2.6175614561438687,-0.1299762725830078,0.7990285158157349,5.439596176147461,0.41868746280670166,-0.07635070383548737,6.02614164352417,6.550117492675781,0.23631379008293152,6.703817367553711,-2.60770320892334e-08,-0.008884191513061523,1.8709086179733276,6.315868377685547,7.450580596923828e-09,-0.009057104587554932,-0.2717154324054718,4.563279151916504,1.862645149230957e-08,-0.0069141387939453125,1.3628791570663452,4.175329208374023,2.60770320892334e-08,-0.006920456886291504
2.150000000000,258,0.24143455729221366,0.21827005068461092,0.0,2.6139965057373047,2.6175766129826346,-0.12997744977474213,0.8363426327705383,5.565042972564697,0.41868746280670166,-0.07635076344013214,6.02615213394165,6.5501298904418945,0.28184041380882263,6.832888126373291,1.1175870895385742e-08,-0.008884131908416748,1.9138845205307007,6.434343338012695,-2.60770320892334e-08,-0.009057044982910156,-0.24006322026252747,4.695689678192139,-1.862645149230957e-08,-0.00691455602645874,1.3919806480407715,4.297145366668701,1.1175870895385742e-08,-0.006920754909515381
2.200000000000,264,0.24143455729221366,0.21826203982035314,0.0,2.614009380340576,2.617589482729358,-0.12997837364673615,0.8744698762893677,5.690245151519775,0.4186874032020569,-0.07635090500116348,6.026159763336182,6.550138473510742,0.3282037079334259,6.961660861968994,-7.450580596923828e-09,-0.008884131908416748,1.9576280117034912,6.55253791809082,-3.725290298461914e-09,-0.00905686616897583,-0.2075527161359787,4.827892303466797,-3.3527612686157227e-08,-0.006914734840393066,1.4218714237213135,4.418769359588623,3.725290298461914e-09,-0.006920993328094482
2.250000000000,270,0.24143455729221366,0.21825531641642246,0.0,2.614020824432373,2.617600927492059,-0.12997911870479584,0.9134086966514587,5.815197944641113,0.4186874032020569,-0.07635107636451721,6.026165008544922,6.550145149230957,0.3754012882709503,7.090129375457764,-3.725290298461914e-08,-0.008884549140930176,2.0021376609802246,6.670445919036865,7.450580596923828e-09,-0.009057223796844482,-0.17418500781059265,4.9598822593688965,3.725290298461914e-09,-0.006915032863616943,1.452551007270813,4.54019832611084,-1.1175870895385742e-08,-0.006921291351318359
2.300000000000,276,0.24143455729221366,0.21825002352396639,0.0,2.6140294075012207,2.617609304693362,-0.12997975945472717,0.9531574249267578,5.939897060394287,0.4186874032020569,-0.07635154575109482,6.026169300079346,6.550149917602539,0.42343175411224365,7.218292713165283,1.4901161193847656e-08,-0.008884012699127197,2.0474109649658203,6.788064479827881,1.862645149230957e-08,-0.009057104587554932,-0.13996176421642303,5.0916547775268555,-2.60770320892334e-08,-0.006915092468261719,1.4840176105499268,4.661426544189453,2.2351741790771484e-08,-0.0069214701652526855
2.350000000000,282,0.24143455729221366,0.21824573198954256,0.0,2.6140358448028564,2.6176159422781726,-0.12998029589653015,0.9937143325805664,6.064334869384766,0.4186873435974121,-0.07635180652141571,6.026172161102295,6.5501532554626465,0.4722926616668701,7.346139430999756,-1.862645149230957e-08,-0.008883774280548096,2.093446969985962,6.905385971069336,2.9802322387695312e-08,-0.009056627750396729,-0.10488438606262207,5.223200798034668,-7.450580596923828e-09,-0.006915092468261719,1.5162698030471802,4.782447338104248,3.725290298461914e-08,-0.00692141056060791
2.400000000000,288,0.24143455729221366,0.21824258486429843,0.0,2.6140406131744385,2.6176207152635804,-0.12998062372207642,1.035077691078186,6.188507080078125,0.4186873435974121,-0.07635180652141571,6.026174068450928,6.5501556396484375,0.521981954574585,7.473667144775391,-3.725290298461914e-09,-0.008883833885192871,2.1402430534362793,7.022407531738281,-3.725290298461914e-09,-0.009056568145751953,-0.06895432621240616,5.354517459869385,-3.3527612686157227e-08,-0.006915271282196045,1.549306869506836,4.903256893157959,1.1175870895385742e-08,-0.006921529769897461
2.450000000000,294,0.24143455729221366,0.2182401529947916,0.0,2.6140451431274414,2.6176250752302854,-0.1299809217453003,1.0772457122802734,6.312409400939941,0.4186873435974121,-0.07635165005922318,6.026175498962402,6.550157070159912,0.572497546672821,7.600870609283447,2.2351741790771484e-08,-0.008883953094482422,2.1877975463867188,7.139122009277344,-1.862645149230957e-08,-0.009056806564331055,-0.0321732722222805,5.485599040985107,-3.725290298461914e-09,-0.00691533088684082,1.5831265449523926,5.023850917816162,0.0,-0.006921529769897461
2.500000000000,300,0.24143455729221366,0.2182378641764322,0.0,2.614048719406128,2.617628845564491,-0.1299811154603958,1.1202164888381958,6.436035633087158,0.4186873435974121,-0.07635138928890228,6.026176452636719,6.550158500671387,0.6238372325897217,7.727744102478027,4.842877388000488e-08,-0.008884072303771973,2.23610782623291,7.255527496337891,1.1175870895385742e-08,-0.009056806564331055,0.005457467399537563,5.616440296173096,-3.725290298461914e-09,-0.006915390491485596,1.6177278757095337,5.144222736358643,-4.470348358154297e-08,-0.006921708583831787
2.550000000000,306,0.24143455729221366,0.21823629061381017,0.0,2.614051103591919,2.6176310500756546,-0.12998129427433014,1.163988709449768,6.559380054473877,0.4186873435974121,-0.07635101675987244,6.026177406311035,6.550159454345703,0.6759992241859436,7.854280948638916,4.842877388000488e-08,-0.008884072303771973,2.285172462463379,7.371615409851074,1.1175870895385742e-08,-0.009056806564331055,0.043936342000961304,5.747032642364502,1.1175870895385742e-08,-0.006915390491485596,1.6531095504760742,5.264366626739502,-4.470348358154297e-08,-0.006921648979187012
2.600000000000,312,0.24143455729221366,0.21823457400004062,0.0,2.614053726196289,2.617633904388718,-0.12998147308826447,1.2085598707199097,6.682438373565674,0.4186873435974121,-0.07635073363780975,6.026177883148193,6.550159931182861,0.7289806008338928,7.980478286743164,-1.1175870895385742e-08,-0.008883774280548096,2.334988832473755,7.4873833656311035,-7.450580596923828e-09,-0.009056687355041504,0.08326132595539093,5.877374172210693,-1.4901161193847656e-08,-0.0069152116775512695,1.6892696619033813,5.384279251098633,1.4901161193847656e-08,-0.006921529769897461
2.650000000000,318,0.24143455729221366,0.218233143488566,0.0,2.61405611038208,2.617636405803723,-0.12998156249523163,1.253928542137146,6.805205345153809,0.4186873435974121,-0.07635079324245453,6.026178359985352,6.5501604080200195,0.7827796339988708,8.106328964233398,3.3527612686157227e-08,-0.008883953094482422,2.3855557441711426,7.602826118469238,1.862645149230957e-08,-0.009056806564331055,0.12343136221170425,6.007457256317139,-1.4901161193847656e-08,-0.006915271282196045,1.7262072563171387,5.503955841064453,-1.1175870895385742e-08,-0.006921350955963135
2.700000000000,324,0.24143455729221366,0.2182317129770914,0.0,2.614058494567871,2.6176385561295006,-0.12998168170452118,1.3000928163528442,6.927675724029541,0.4186873435974121,-0.07635124027729034,6.026178359985352,6.550160884857178,0.8373943567276001,8.231828689575195,1.4901161193847656e-08,-0.008884191513061523,2.4368703365325928,7.7179388999938965,-2.2351741790771484e-08,-0.009057044982910156,0.16444429755210876,6.1372785568237305,2.60770320892334e-08,-0.006915628910064697,1.7639201879501343,5.62338924407959,-1.1175870895385742e-08,-0.006921887397766113
2.750000000000,330,0.24143455729221366,0.21823114077250155,0.0,2.6140592098236084,2.617639251989938,-0.12998180091381073,1.3470505475997925,7.0498433113098145,0.4186873435974121,-0.07635168731212616,6.02617883682251,6.550160884857178,0.8928220272064209,8.356969833374023,1.4901161193847656e-08,-0.008884072303771973,2.4889304637908936,7.83271598815918,-2.2351741790771484e-08,-0.009056925773620605,0.20629866421222687,6.266829013824463,0.0,-0.006915748119354248,1.8024070262908936,5.742574691772461,-1.1175870895385742e-08,-0.006922006607055664
2.800000000000,336,0.24143455729221366,0.21823142687479646,0.0,2.61405873298645,2.6176390641359197,-0.12998183071613312,1.394799828529358,7.171703338623047,0.4186873435974121,-0.07635143399238586,6.02617883682251,6.550161361694336,0.9490600824356079,8.481749534606934,1.4901161193847656e-08,-0.00888359546661377,2.541733980178833,7.9471516609191895,1.862645149230957e-08,-0.009056627750396729,0.24899248778820038,6.396105766296387,0.0,-0.006915390491485596,1.841666579246521,5.861509323120117,7.450580596923828e-09,-0.006921529769897461
2.850000000000,342,0.24143455729221366,0.21823128382364904,0.0,2.6140589714050293,2.617638968343268,-0.12998181581497192,1.4433386325836182,7.2932515144348145,0.4186873435974121,-0.0763511210680008,6.02617883682251,6.550161361694336,1.0061066150665283,8.606160163879395,0.0,-0.008883833885192871,2.5952792167663574,8.061244010925293,3.725290298461914e-09,-0.009056568145751953,0.29252415895462036,6.5251030921936035,1.4901161193847656e-08,-0.006915628910064697,1.8816967010498047,5.9801859855651855,-2.2351741790771484e-08,-0.0069217681884765625
2.900000000000,348,0.24143455729221366,0.21823071161905916,0.0,2.614060163497925,2.6176403357742024,-0.12998181581497192,1.4926649332046509,7.414482593536377,0.4186873435974121,-0.0763513445854187,6.02617883682251,6.550161361694336,1.0639591217041016,8.730201721191406,0.0,-0.00888359546661377,2.6495633125305176,8.174985885620117,-1.1175870895385742e-08,-0.009056806564331055,0.33689162135124207,6.653815746307373,1.4901161193847656e-08,-0.006915390491485596,1.9224960803985596,6.098600387573242,-2.2351741790771484e-08,-0.006921648979187012
2.950000000000,354,0.24143455729221366,0.21822985331217443,0.0,2.6140618324279785,2.617642008828107,-0.12998194992542267,1.5427765846252441,7.535390853881836,0.4186873435974121,-0.07635211944580078,6.026179313659668,6.550161361694336,1.1226149797439575,8.853861808776855,0.0,-0.008884429931640625,2.7045838832855225,8.288372993469238,3.725290298461914e-09,-0.009056925773620605,0.3820931315422058,6.782238006591797,-2.9802322387695312e-08,-0.0069158077239990234,1.9640623331069946,6.2167487144470215,1.862645149230957e-08,-0.0069220662117004395
3.000000000000,360,0.24143455729221366,0.21822942415873203,0.0,2.6140618324279785,2.617642072173731,-0.12998202443122864,1.5936715602874756,7.655972003936768,0.4186873435974121,-0.07635262608528137,6.026179313659668,6.550161361694336,1.182071566581726,8.977140426635742,2.9802322387695312e-08,-0.008884072303771973,2.7603392601013184,8.40140151977539,3.725290298461914e-09,-0.009056687355041504,0.42812681198120117,6.910364151000977,-2.9802322387695312e-08,-0.006915688514709473,2.006394386291504,6.334624290466309,-2.2351741790771484e-08,-0.006921947002410889
3.050000000000,366,0.24143455729221366,0.21822971026102694,0.0,2.6140613555908203,2.617641536862046,-0.12998200953006744,1.6453477144241333,7.776220798492432,0.4186873435974121,-0.07635238021612167,6.026179313659668,6.550161361694336,1.242327094078064,9.100032806396484,2.9802322387695312e-08,-0.008883953094482422,2.816826343536377,8.514066696166992,3.725290298461914e-09,-0.009056568145751953,0.4749906063079834,7.03818941116333,1.4901161193847656e-08,-0.006915748119354248,2.049489974975586,6.452223777770996,-2.2351741790771484e-08,-0.006921947002410889
3.100000000000,372,0.24143455729221366,0.21822928110758455,0.0,2.614062547683716,2.617642851914581,-0.12998200953006744,1.6978027820587158,7.89613151550293,0.4186873435974121,-0.07635243982076645,6.026179313659668,6.550161361694336,1.3033782243728638,9.222528457641602,2.9802322387695312e-08,-0.008884191513061523,2.8740434646606445,8.626361846923828,-1.1175870895385742e-08,-0.009056806564331055,0.5226826667785645,7.165708065032959,-2.9802322387695312e-08,-0.006915688514709473,2.0933475494384766,6.569540500640869,-2.2351741790771484e-08,-0.006921887397766113
3.150000000000,378,0.24143455729221366,0.21822856585184724,0.0,2.6140639781951904,2.617644029558861,-0.12998206913471222,1.7510346174240112,8.01569938659668,0.4186873435974121,-0.07635276764631271,6.026179313659668,6.550161361694336,1.3652229309082031,9.344627380371094,2.9802322387695312e-08,-0.008884072303771973,2.931987762451172,8.73828411102295,-1.1175870895385742e-08,-0.009056806564331055,0.5712007880210876,7.292914390563965,1.4901161193847656e-08,-0.0069155097007751465,2.137965440750122,6.68657112121582,-2.2351741790771484e-08,-0.0069217681884765625
3.200000000000,384,0.24143455729221366,0.21822913805643712,0.0,2.614062547683716,2.617642774361554,-0.1299820840358734,1.8050410747528076,8.134920120239258,0.4186873435974121,-0.07635237276554108,6.026179313659668,6.550161361694336,1.4278582334518433,9.466323852539062,2.9802322387695312e-08,-0.008884191513061523,2.990656614303589,8.84982967376709,-1.1175870895385742e-08,-0.009056448936462402,0.6205433011054993,7.419804096221924,1.4901161193847656e-08,-0.006915688514709473,2.1833415031433105,6.803308963775635,-2.2351741790771484e-08,-0.006921947002410889
3.250000000000,390,0.24143455729221366,0.21822899500528964,0.0,2.614063024520874,2.6176432228883244,-0.12998200953006744,1.859819769859314,8.25378704071045,0.4186873435974121,-0.07635264843702316,6.026179313659668,6.550161361694336,1.4912817478179932,9.587610244750977,2.9802322387695312e-08,-0.00888371467590332,3.0500481128692627,8.960989952087402,-1.1175870895385742e-08,-0.009056448936462402,0.6707080006599426,7.546370029449463,-2.9802322387695312e-08,-0.00691533088684082,2.2294743061065674,6.919750213623047,1.862645149230957e-08,-0.006921589374542236
3.300000000000,396,0.24143455729221366,0.21822870890299473,0.0,2.614063024520874,2.617643275769192,-0.12998206913471222,1.9153683185577393,8.372296333312988,0.4186873435974121,-0.07635270059108734,6.026179313659668,6.550161361694336,1.555490493774414,9.708480834960938,2.9802322387695312e-08,-0.00888371467590332,3.110158920288086,9.071763038635254,-1.1175870895385742e-08,-0.0090562105178833,0.7216925621032715,7.672607898712158,1.4901161193847656e-08,-0.0069152116775512695,2.2763612270355225,7.035889625549316,-2.2351741790771484e-08,-0.00692141056060791
3.350000000000,402,0.24143455729221366,0.21822842280069982,0.0,2.6140637397766113,2.617643965095648,-0.12998205423355103,1.9716845750808716,8.490443229675293,0.4186873435974121,-0.07635218650102615,6.026179313659668,6.550161361694336,1.6204818487167358,9.828934669494629,2.9802322387695312e-08,-0.008883953094482422,3.170987606048584,9.182146072387695,-1.1175870895385742e-08,-0.009056448936462402,0.7734951972961426,7.798512935638428,1.4901161193847656e-08,-0.00691533088684082,2.324000835418701,7.151723384857178,1.862645149230957e-08,-0.006921648979187012
3.400000000000,408,0.24143455729221366,0.21822856585184724,0.0,2.6140637397766113,2.6176438925075423,-0.12998203933238983,2.0287656784057617,8.608221054077148,0.4186873435974121,-0.07635113596916199,6.026179313659668,6.550161361694336,1.6862528324127197,9.948963165283203,0.0,-0.00888359546661377,3.232530117034912,9.292128562927246,-1.1175870895385742e-08,-0.009056687355041504,0.8261131048202515,7.924077033996582,-2.9802322387695312e-08,-0.006915390491485596,2.3723905086517334,7.267243385314941,-2.2351741790771484e-08,-0.006921529769897461
3.450000000000,414,0.24143455729221366,0.21822842280069982,0.0,2.6140637397766113,2.6176440866298893,-0.12998206913471222,2.0866098403930664,8.725627899169922,0.4186873435974121,-0.07635051757097244,6.026179313659668,6.550161361694336,1.7528016567230225,10.068563461303711,0.0,-0.008884072303771973,3.294785976409912,9.401712417602539,-1.1175870895385742e-08,-0.009056687355041504,0.8795446157455444,8.049300193786621,1.4901161193847656e-08,-0.006915688514709473,2.4215285778045654,7.382449150085449,-2.2351741790771484e-08,-0.006921887397766113
3.500000000000,420,0.24143455729221366,0.21822813669840488,0.0,2.6140646934509277,2.6176449850271735,-0.12998203933238983,2.145214319229126,8.842657089233398,0.4186873435974121,-0.07635015994310379,6.026179313659668,6.550161361694336,1.820124864578247,10.187729835510254,0.0,-0.008884072303771973,3.357750654220581,9.510890007019043,-1.1175870895385742e-08,-0.009056568145751953,0.9337871074676514,8.174174308776855,3.3527612686157227e-08,-0.006915450096130371,2.4714128971099854,7.497334003448486,-2.2351741790771484e-08,-0.006921887397766113
3.550000000000,426,0.24143455729221366,0.21822742144266757,0.0,2.6140646934509277,2.617645145226308,-0.12998215854167938,2.2045769691467285,8.959301948547363,0.4186873435974121,-0.0763498991727829,6.026179313659668,6.550161361694336,1.8882194757461548,10.3064546585083,0.0,-0.008884191513061523,3.4214224815368652,9.61965560913086,-1.1175870895385742e-08,-0.009056568145751953,0.9888387322425842,8.298690795898438,3.3527612686157227e-08,-0.006915569305419922,2.5220415592193604,7.611891269683838,-2.2351741790771484e-08,-0.0069220662117004395
3.600000000000,432,0.24143455729221366,0.21822799364725742,0.0,2.6140644550323486,2.6176446173546775,-0.129982128739357,2.264695167541504,9.075560569763184,0.4186873435974121,-0.07635000348091125,6.026179313659668,6.550161361694336,1.9570835828781128,10.424737930297852,2.9802322387695312e-08,-0.008884310722351074,3.4857985973358154,9.728006362915039,-1.1175870895385742e-08,-0.009056925773620605,1.0446971654891968,8.422850608825684,3.3527612686157227e-08,-0.006915926933288574,2.5734124183654785,7.726119041442871,-2.2351741790771484e-08,-0.00692218542098999
3.650000000000,438,0.24143455729221366,0.21822799364725742,0.0,2.6140644550323486,2.617644731266939,-0.12998203933238983,2.325566053390503,9.191426277160645,0.4186873435974121,-0.07634978741407394,6.026179313659668,6.550161361694336,2.0267128944396973,10.542570114135742,2.9802322387695312e-08,-0.008884072303771973,3.5508763790130615,9.835936546325684,-1.1175870895385742e-08,-0.009057044982910156,1.1013596057891846,8.546643257141113,3.3527612686157227e-08,-0.006915688514709473,2.625523090362549,7.840011119842529,-2.2351741790771484e-08,-0.006921708583831787
3.700000000000,444,0.24143455729221366,0.21822799364725742,0.0,2.6140644550323486,2.6176445561788504,-0.12998206913471222,2.3871870040893555,9.306894302368164,0.4186873435974121,-0.07635000348091125,6.026179313659668,6.550161361694336,2.097105026245117,10.65994930267334,2.9802322387695312e-08,-0.008883833885192871,3.616652727127075,9.943442344665527,-1.1175870895385742e-08,-0.009057164192199707,1.1588234901428223,8.670066833496094,3.3527612686157227e-08,-0.006915569305419922,2.6783711910247803,7.953560829162598,1.862645149230957e-08,-0.006921827793121338
3.750000000000,450,0.24143455729221366,0.21822885195414218,0.0,2.614063262939453,2.61764339004732,-0.12998203933238983,2.449556350708008,9.421960830688477,0.4186873435974121,-0.0763501524925232,6.026179313659668,6.550161361694336,2.16825795173645,10.776867866516113,2.9802322387695312e-08,-0.00888371467590332,3.6831252574920654,10.050520896911621,3.3527612686157227e-08,-0.009056329727172852,1.217087984085083,8.79311466217041,3.3527612686157227e-08,-0.00691533088684082,2.7319552898406982,8.066766738891602,-2.2351741790771484e-08,-0.006921589374542236
3.800000000000,456,0.24143455729221366,0.21822842280069982,0.0,2.6140637397766113,2.617643919123577,-0.12998205423355103,2.5126702785491943,9.536619186401367,0.4186873435974121,-0.07635043561458588,6.026179313659668,6.550161361694336,2.240166664123535,10.893322944641113,2.9802322387695312e-08,-0.00888359546661377,3.7502903938293457,10.157163619995117,-1.1175870895385742e-08,-0.009056329727172852,1.2761483192443848,8.91578197479248,3.3527612686157227e-08,-0.006914973258972168,2.7862722873687744,8.179621696472168,-2.2351741790771484e-08,-0.00692141056060791
3.850000000000,462,0.24143455729221366,0.21822827974955233,0.0,2.6140639781951904,2.6176440817883098,-0.1299820989370346,2.576526641845703,9.65086555480957,0.4186873435974121,-0.07635021209716797,6.026179313659668,6.550161361694336,2.3128292560577393,11.009307861328125,2.9802322387695312e-08,-0.008883953094482422,3.818146228790283,10.263367652893066,3.3527612686157227e-08,-0.009056806564331055,1.3360034227371216,9.03806209564209,3.3527612686157227e-08,-0.006915450096130371,2.841320276260376,8.292121887207031,-2.2351741790771484e-08,-0.006921708583831787
3.900000000000,468,0.24143455729221366,0.21822870890299473,0.0,2.614063024520874,2.6176431707187904,-0.12998205423355103,2.641122817993164,9.76469612121582,0.4186873435974121,-0.07635026425123215,6.026179313659668,6.550161361694336,2.3862435817718506,11.124821662902832,2.9802322387695312e-08,-0.00888371467590332,3.8866896629333496,10.369132041931152,-1.1175870895385742e-08,-0.009056448936462402,1.3966506719589233,9.159954071044922,3.3527612686157227e-08,-0.0069152116775512695,2.897096872329712,8.404264450073242,-2.2351741790771484e-08,-0.006921648979187012
3.950000000000,474,0.24143455729221366,0.21822870890299473,0.0,2.614063262939453,2.6176435584171367,-0.12998200953006744,2.706456184387207,9.878106117248535,0.4186873435974121,-0.07634969055652618,6.026179313659668,6.550161361694336,2.460405111312866,11.23985481262207,0.0,-0.008883833885192871,3.9559175968170166,10.474449157714844,-1.1175870895385742e-08,-0.009056329727172852,1.4580872058868408,9.281448364257812,3.3527612686157227e-08,-0.006915092468261719,2.953599452972412,8.51604175567627,-2.2351741790771484e-08,-0.006921529769897461
4.000000000000,480,0.24143455729221366,0.21822842280069982,0.0,2.6140639781951904,2.617644289324082,-0.1299820840358734,2.772523880004883,9.991087913513184,0.4186873435974121,-0.07634945958852768,6.026179313659668,6.550161361694336,2.535311698913574,11.354405403137207,0.0,-0.008884191513061523,4.025826930999756,10.579313278198242,-1.1175870895385742e-08,-0.009057164192199707,1.520310640335083,9.402542114257812,3.3527612686157227e-08,-0.0069158077239990234,3.010826587677002,8.627449989318848,-2.2351741790771484e-08,-0.006922006607055664
4.050000000000,486,0.24143455729221366,0.21822785059610994,0.0,2.6140644550323486,2.617644599103598,-0.1299821436405182,2.8393232822418213,10.103639602661133,0.4186873435974121,-0.07634925097227097,6.026179313659668,6.550161361694336,2.610959529876709,11.468465805053711,0.0,-0.008883833885192871,4.09641695022583,10.683721542358398,3.3527612686157227e-08,-0.009056448936462402,1.5833184719085693,9.52322769165039,3.3527612686157227e-08,-0.00691533088684082,3.068775177001953,8.738483428955078,-2.2351741790771484e-08,-0.0069217681884765625
4.100000000000,492,0.24143455729221366,0.21822799364725742,0.0,2.6140642166137695,2.6176445621435485,-0.1299821138381958,2.906851053237915,10.2157564163208,0.4186873435974121,-0.07634962350130081,6.026179313659668,6.550161361694336,2.687345504760742,11.582036018371582,0.0,-0.008883833885192871,4.167680740356445,10.78767204284668,-1.1175870895385742e-08,-0.009056568145751953,1.6471076011657715,9.64350414276123,-1.1175870895385742e-08,-0.0069152116775512695,3.1274423599243164,8.849141120910645,-2.2351741790771484e-08,-0.006921648979187012
4.150000000000,498,0.24143455729221366,0.21822799364725742,0.0,2.6140644550323486,2.617644748710853,-0.1299820840358734,2.975104808807373,10.327431678771973,0.4186873435974121,-0.07634934037923813,6.026179313659668,6.550161361694336,2.764467477798462,11.695106506347656,0.0,-0.008884072303771973,4.239617824554443,10.891156196594238,3.3527612686157227e-08,-0.009056806564331055,1.711675763130188,9.7633638381958,-1.1175870895385742e-08,-0.006915450096130371,3.18682599067688,8.959413528442383,-2.2351741790771484e-08,-0.006922006607055664
4.200000000000,504,0.24143455729221366,0.2182277075449625,0.0,2.614064931869507,2.6176451256579876,-0.12998217344284058,3.044081211090088,10.438663482666016,0.4186873435974121,-0.07634986937046051,6.026179313659668,6.550161361694336,2.842319965362549,11.807676315307617,2.9802322387695312e-08,-0.008884191513061523,4.312224388122559,10.994174003601074,-1.1175870895385742e-08,-0.009056806564331055,1.777019739151001,9.882802963256836,3.3527612686157227e-08,-0.006915926933288574,3.2469239234924316,9.06930160522461,-2.2351741790771484e-08,-0.006922125816345215
4.250000000000,510,0.24143455729221366,0.21822756449381503,0.0,2.614065170288086,2.617645279012821,-0.12998220324516296,3.1137781143188477,10.549444198608398,0.4186873435974121,-0.07635054737329483,6.026179313659668,6.550161361694336,2.9209022521972656,11.9197359085083,2.9802322387695312e-08,-0.008884072303771973,4.385498046875,11.09671688079834,3.3527612686157227e-08,-0.009056687355041504,1.843137264251709,10.001815795898438,3.3527612686157227e-08,-0.006915569305419922,3.3077335357666016,9.178794860839844,-2.2351741790771484e-08,-0.006921887397766113
4.300000000000,516,0.24143455729221366,0.21822756449381503,0.0,2.614065170288086,2.617645408399304,-0.12998217344284058,3.184191942214966,10.659770965576172,0.4186873435974121,-0.07635150104761124,6.026179313659668,6.550161361694336,3.000209331512451,12.031286239624023,2.9802322387695312e-08,-0.008884072303771973,4.45943546295166,11.19878101348877,3.3527612686157227e-08,-0.009057164192199707,1.9100254774093628,10.120396614074707,3.3527612686157227e-08,-0.006915926933288574,3.3692517280578613,9.28789234161377,-2.2351741790771484e-08,-0.006922364234924316
4.350000000000,522,0.24143455729221366,0.21822756449381503,0.0,2.614065170288086,2.61764530343117,-0.12998215854167938,3.2553205490112305,10.769639015197754,0.4186873435974121,-0.07635243982076645,6.026179313659668,6.550161361694336,3.0802385807037354,12.142318725585938,2.9802322387695312e-08,-0.00888371467590332,4.534034252166748,11.300366401672363,3.3527612686157227e-08,-0.0090562105178833,1.9776819944381714,10.238540649414062,1.4901161193847656e-08,-0.006915092468261719,3.4314770698547363,9.396588325500488,-7.450580596923828e-09,-0.00692141056060791
4.400000000000,528,0.24143455729221366,0.2182277075449625,0.0,2.614065170288086,2.617645386334281,-0.1299820840358734,3.327159881591797,10.879043579101562,0.4186873435974121,-0.0763523057103157,6.026179313659668,6.550161361694336,3.1609864234924316,12.252829551696777,2.9802322387695312e-08,-0.00888359546661377,4.609289169311523,11.401463508605957,-1.1175870895385742e-08,-0.009056568145751953,2.046103000640869,10.356244087219238,1.4901161193847656e-08,-0.006915092468261719,3.494405746459961,9.504878044128418,-7.450580596923828e-09,-0.006921648979187012
4.450000000000,534,0.24143455729221366,0.21822785059610994,0.0,2.6140646934509277,2.617644930838121,-0.1299820989370346,3.399707555770874,10.9879789352417,0.4186873435974121,-0.07635191082954407,6.026179313659668,6.550161361694336,3.2424492835998535,12.362813949584961,2.9802322387695312e-08,-0.008884072303771973,4.68519926071167,11.502071380615234,-1.1175870895385742e-08,-0.009056806564331055,2.115286111831665,10.473501205444336,3.3527612686157227e-08,-0.006915569305419922,3.558035373687744,9.612757682800293,-2.2351741790771484e-08,-0.006921887397766113
4.500000000000,540,0.24143455729221366,0.21822799364725742,0.0,2.6140639781951904,2.6176441378030226,-0.1299820989370346,3.4729599952697754,11.096441268920898,0.4186873435974121,-0.07635196298360825,6.026179313659668,6.550161361694336,3.3246235847473145,12.472269058227539,2.9802322387695312e-08,-0.00888371467590332,4.761759281158447,11.60218334197998,3.3527612686157227e-08,-0.009056687355041504,2.185228109359741,10.590307235717773,3.3527612686157227e-08,-0.006915569305419922,3.6223630905151367,9.720222473144531,-2.2351741790771484e-08,-0.006921887397766113
4.550000000000,546,0.24143455729221366,0.21822842280069982,0.0,2.6140637397766113,2.6176439298592618,-0.129982128739357,3.54691481590271,11.204427719116211,0.4186873435974121,-0.0763518363237381,6.026179313659668,6.550161361694336,3.4075071811676025,12.58118724822998,2.9802322387695312e-08,-0.008884072303771973,4.838967323303223,11.701798439025879,-1.1175870895385742e-08,-0.009056925773620605,2.2559266090393066,10.706657409667969,3.3527612686157227e-08,-0.0069158077239990234,3.687387228012085,9.827269554138184,1.862645149230957e-08,-0.006921887397766113
4.600000000000,552,0.24143455729221366,0.21822870890299473,0.0,2.614063262939453,2.6176435027656164,-0.1299820840358734,3.6215686798095703,11.311930656433105,0.4186873435974121,-0.07635217159986496,6.026179313659668,6.550161361694336,3.4910948276519775,12.689566612243652,2.9802322387695312e-08,-0.008883953094482422,4.916820526123047,11.800909042358398,-1.1175870895385742e-08,-0.009056806564331055,2.327378511428833,10.822546005249023,1.4901161193847656e-08,-0.006915569305419922,3.7531044483184814,9.93388843536377,1.862645149230957e-08,-0.006922125816345215
4.650000000000,558,0.24143455729221366,0.21822870890299473,0.0,2.614063262939453,2.6176434330471436,-0.12998206913471222,3.696918487548828,11.418947219848633,0.4186873435974121,-0.07635227590799332,6.026179313659668,6.550161361694336,3.5753843784332275,12.797401428222656,2.9802322387695312e-08,-0.008883953094482422,4.9953155517578125,11.899513244628906,3.3527612686157227e-08,-0.009056925773620605,2.39958119392395,10.937968254089355,1.4901161193847656e-08,-0.006915688514709473,3.819512128829956,10.040081977844238,-7.450580596923828e-09,-0.006922006607055664
4.700000000000,564,0.24143455729221366,0.21822842280069982,0.0,2.6140639781951904,2.617644095593337,-0.12998205423355103,3.772960901260376,11.525473594665527,0.4186873435974121,-0.07635243982076645,6.026179313659668,6.550161361694336,3.6603713035583496,12.90468692779541,2.9802322387695312e-08,-0.008884072303771973,5.074448585510254,11.997608184814453,3.3527612686157227e-08,-0.009056687355041504,2.4725306034088135,11.052921295166016,1.4901161193847656e-08,-0.006915569305419922,3.8866074085235596,10.145842552185059,-7.450580596923828e-09,-0.006921887397766113
4.750000000000,570,0.24143455729221366,0.21822842280069982,0.0,2.6140637397766113,2.6176436524318403,-0.1299820840358734,3.8496925830841064,11.631503105163574,0.4186873435974121,-0.07635290175676346,6.026179313659668,6.550161361694336,3.7460522651672363,13.0114164352417,-1.4901161193847656e-08,-0.008884072303771973,5.154215335845947,12.095183372497559,3.3527612686157227e-08,-0.009056687355041504,2.5462241172790527,11.167396545410156,1.4901161193847656e-08,-0.006915688514709473,3.9543867111206055,10.251163482666016,-7.450580596923828e-09,-0.006922125816345215
4.800000000000,576,0.24143455729221366,0.21822856585184724,0.0,2.6140637397766113,2.6176438320625546,-0.12998200953006744,3.927110433578491,11.737032890319824,0.4186873435974121,-0.07635309547185898,6.026179313659668,6.550161361694336,3.8324244022369385,13.117589950561523,-1.4901161193847656e-08,-0.008883833885192871,5.23461389541626,12.192240715026855,-1.1175870895385742e-08,-0.009056687355041504,2.6206581592559814,11.281391143798828,1.4901161193847656e-08,-0.006915688514709473,4.022848129272461,10.356042861938477,-7.450580596923828e-09,-0.006922006607055664
4.850000000000,582,0.24143455729221366,0.21822813669840488,0.0,2.6140644550323486,2.617644543043697,-0.1299820840358734,4.005211353302002,11.842058181762695,0.4186873435974121,-0.07635332643985748,6.026179313659668,6.550161361694336,3.919483184814453,13.223199844360352,1.1175870895385742e-08,-0.008884191513061523,5.315640449523926,12.288776397705078,3.3527612686157227e-08,-0.009056687355041504,2.695831298828125,11.394902229309082,1.4901161193847656e-08,-0.006915688514709473,4.0919880867004395,10.46047592163086,-7.450580596923828e-09,-0.006922125816345215
4.900000000000,588,0.24143455729221366,0.2182277075449625,0.0,2.614065170288086,2.6176452620082005,-0.129982128739357,4.083992004394531,11.946574211120605,0.4186873435974121,-0.07635358721017838,6.026179313659668,6.550161361694336,4.007225036621094,13.32824420928955,-3.3527612686157227e-08,-0.008884310722351074,5.3972907066345215,12.384780883789062,3.3527612686157227e-08,-0.009056687355041504,2.7717387676239014,11.50792121887207,1.4901161193847656e-08,-0.0069158077239990234,4.161804676055908,10.564458847045898,-7.450580596923828e-09,-0.006922006607055664
4.950000000000,594,0.24143455729221366,0.21822727839152012,0.0,2.614065647125244,2.617645944405736,-0.1299821436405182,4.163448810577393,12.050575256347656,0.4186873435974121,-0.07635405659675598,6.026179313659668,6.550161361694336,4.095646858215332,13.432713508605957,1.1175870895385742e-08,-0.008884310722351074,5.479562282562256,12.480253219604492,-1.1175870895385742e-08,-0.009057044982910156,2.8483774662017822,11.620443344116211,1.4901161193847656e-08,-0.006916046142578125,4.232293605804443,10.667984008789062,-7.450580596923828e-09,-0.006922125816345215
5.000000000000,600,0.24143455729221366,0.21822756449381503,0.0,2.614065170288086,2.6176455113408235,-0.12998215854167938,4.243578910827637,12.154061317443848,0.4186873435974121,-0.07635484635829926,6.026179313659668,6.550161361694336,4.184744358062744,13.53661060333252,-3.3527612686157227e-08,-0.008884191513061523,5.562452793121338,12.575191497802734,3.3527612686157227e-08,-0.009057044982910156,2.9257447719573975,11.73246955871582,1.4901161193847656e-08,-0.0069158077239990234,4.30345344543457,10.771052360534668,1.1175870895385742e-08,-0.006922125816345215
5.050000000000,606,0.24143455729221366,0.21822756449381503,0.0,2.614064931869507,2.617645165840237,-0.1299821436405182,4.324378490447998,12.257024765014648,0.4186873435974121,-0.0763549953699112,6.026179313659668,6.550161361694336,4.274514198303223,13.639925956726074,-3.3527612686157227e-08,-0.008883833885192871,5.645956039428711,12.669590950012207,3.3527612686157227e-08,-0.009056568145751953,3.0038371086120605,11.843990325927734,1.4901161193847656e-08,-0.00691533088684082,4.375279426574707,10.873656272888184,-3.3527612686157227e-08,-0.006921648979187012
5.100000000000,612,0.24143455729221366,0.21822785059610994,0.0,2.6140646934509277,2.6176448384821893,-0.12998220324516296,4.405844211578369,12.35946273803711,0.4186873435974121,-0.07635407894849777,6.026179313659668,6.550161361694336,4.3649516105651855,13.742658615112305,-1.4901161193847656e-08,-0.00888359546661377,5.730071067810059,12.763447761535645,3.3527612686157227e-08,-0.0090562105178833,3.082651138305664,11.955004692077637,1.4901161193847656e-08,-0.006915092468261719,4.447770595550537,10.97579288482666,-7.450580596923828e-09,-0.006921529769897461
5.150000000000,618,0.24143455729221366,0.21822785059610994,0.0,2.6140642166137695,2.6176445665004917,-0.12998215854167938,4.487972736358643,12.461369514465332,0.4186873435974121,-0.07635290920734406,6.026179313659668,6.550161361694336,4.456053733825684,13.844801902770996,-1.4901161193847656e-08,-0.00888371467590332,5.814791679382324,12.856755256652832,-1.1175870895385742e-08,-0.009056568145751953,3.1621837615966797,12.06550407409668,1.4901161193847656e-08,-0.006915569305419922,4.5209221839904785,11.077457427978516,1.862645149230957e-08,-0.006921887397766113
5.200000000000,624,0.24143455729221366,0.2182277075449625,0.0,2.6140644550323486,2.617644718126564,-0.1299821138381958,4.570760726928711,12.56274127960205,0.4186873435974121,-0.07635238021612167,6.026179313659668,6.550161361694336,4.547817230224609,13.946351051330566,-1.4901161193847656e-08,-0.008884310722351074,5.900116443634033,12.949511528015137,-1.1175870895385742e-08,-0.009056806564331055,3.242431640625,12.175484657287598,1.4901161193847656e-08,-0.006915926933288574,4.59473180770874,11.178644180297852,1.862645149230957e-08,-0.006922125816345215
5.250000000000,630,0.24143455729221366,0.2182277075449625,0.0,2.614064931869507,2.617645067222644,-0.129982128739357,4.654204845428467,12.663573265075684,0.4186873435974121,-0.07635290920734406,6.026179313659668,6.550161361694336,4.640237808227539,14.047303199768066,-1.4901161193847656e-08,-0.008884429931640625,5.986042499542236,13.041711807250977,3.3527612686157227e-08,-0.009056806564331055,3.323391914367676,12.284942626953125,1.4901161193847656e-08,-0.0069158077239990234,4.669196128845215,11.279349327087402,1.862645149230957e-08,-0.006922364234924316
5.300000000000,636,0.24143455729221366,0.21822785059610994,0.0,2.614064931869507,2.6176450387130417,-0.12998215854167938,4.7383012771606445,12.763863563537598,0.4186873435974121,-0.07635361701250076,6.026179313659668,6.550161361694336,4.733310699462891,14.147655487060547,-1.4901161193847656e-08,-0.008884310722351074,6.072563648223877,13.133354187011719,-1.1175870895385742e-08,-0.009057044982910156,3.405060052871704,12.39387321472168,1.4901161193847656e-08,-0.006916046142578125,4.744312286376953,11.379572868347168,-7.450580596923828e-09,-0.006922364234924316
5.350000000000,642,0.24143455729221366,0.21822799364725742,0.0,2.6140644550323486,2.617644585816455,-0.129982128739357,4.8230462074279785,12.863604545593262,0.4186873435974121,-0.07635375112295151,6.026179313659668,6.550161361694336,4.827032566070557,14.24739933013916,-1.4901161193847656e-08,-0.008884191513061523,6.159677028656006,13.224431991577148,3.3527612686157227e-08,-0.009056806564331055,3.4874329566955566,12.502270698547363,1.4901161193847656e-08,-0.0069158077239990234,4.820077419281006,11.479303359985352,-7.450580596923828e-09,-0.006922364234924316
5.400000000000,648,0.24143455729221366,0.21822799364725742,0.0,2.6140644550323486,2.6176447341646636,-0.1299821138381958,4.908436298370361,12.962794303894043,0.4186873435974121,-0.07635300606489182,6.026179313659668,6.550161361694336,4.921398639678955,14.34653377532959,-1.4901161193847656e-08,-0.008884310722351074,6.247379779815674,13.314943313598633,3.3527612686157227e-08,-0.009057044982910156,3.570507287979126,12.610132217407227,1.4901161193847656e-08,-0.0069158077239990234,4.896487712860107,11.57854175567627,1.862645149230957e-08,-0.006922125816345215
5.450000000000,654,0.24143455729221366,0.21822813669840488,0.0,2.6140642166137695,2.6176445646657287,-0.12998215854167938,4.994467735290527,13.06142807006836,0.4186873435974121,-0.07635262608528137,6.026179313659668,6.550161361694336,5.016406536102295,14.445054054260254,-1.4901161193847656e-08,-0.008883953094482422,6.335668087005615,13.404884338378906,3.3527612686157227e-08,-0.009056448936462402,3.6542789936065674,12.717453002929688,1.4901161193847656e-08,-0.006915569305419922,4.97353982925415,11.677281379699707,-2.2351741790771484e-08,-0.006922006607055664
5.500000000000,660,0.24143455729221366,0.21822813669840488,0.0,2.6140642166137695,2.617644326775405,-0.1299821436405182,5.0811381340026855,13.159502029418945,0.4186873435974121,-0.07635222375392914,6.026179313659668,6.550161361694336,5.1120524406433105,14.542957305908203,-1.4901161193847656e-08,-0.008884072303771973,6.4245381355285645,13.494250297546387,-1.1175870895385742e-08,-0.009057044982910156,3.738746166229248,12.824228286743164,-2.9802322387695312e-08,-0.006915926933288574,5.051231384277344,11.775521278381348,-2.2351741790771484e-08,-0.006922364234924316
5.550000000000,666,0.24143455729221366,0.21822813669840488,0.0,2.6140642166137695,2.61764420056523,-0.12998217344284058,5.168442726135254,13.257011413574219,0.4186873435974121,-0.07635229825973511,6.026179313659668,6.550161361694336,5.208331108093262,14.640236854553223,-1.4901161193847656e-08,-0.008884310722351074,6.513986110687256,13.583037376403809,-1.1175870895385742e-08,-0.009056925773620605,3.8239035606384277,12.930453300476074,1.4901161193847656e-08,-0.006915926933288574,5.129558563232422,11.87325382232666,-2.2351741790771484e-08,-0.006922364234924316
5.600000000000,672,0.24143455729221366,0.21822813669840488,0.0,2.6140642166137695,2.617644414613695,-0.1299821436405182,5.256377696990967,13.353952407836914,0.4186873435974121,-0.07635267078876495,6.026179313659668,6.550161361694336,5.305238246917725,14.736889839172363,-1.4901161193847656e-08,-0.008883953094482422,6.604007244110107,13.671242713928223,3.3527612686157227e-08,-0.009056806564331055,3.9097485542297363,13.03612232208252,-2.9802322387695312e-08,-0.006915688514709473,5.208517074584961,11.970476150512695,-2.2351741790771484e-08,-0.006922006607055664
5.650000000000,678,0.24143455729221366,0.21822813669840488,0.0,2.6140642166137695,2.617644511515452,-0.1299820840358734,5.344940185546875,13.45032024383545,0.4186873435974121,-0.07635259628295898,6.026179313659668,6.550161361694336,5.40277099609375,14.83291244506836,-1.4901161193847656e-08,-0.008883953094482422,6.6946001052856445,13.758861541748047,3.3527612686157227e-08,-0.009056806564331055,3.996277332305908,13.141233444213867,1.4901161193847656e-08,-0.0069158077239990234,5.288106441497803,12.067183494567871,-2.2351741790771484e-08,-0.006922006607055664
5.700000000000,684,0.24143455729221366,0.21822842280069982,0.0,2.6140639781951904,2.617644172789868,-0.129982128739357,5.4341254234313965,13.546112060546875,0.4186873435974121,-0.07635243982076645,6.026179313659668,6.550161361694336,5.500924110412598,14.928298950195312,-1.4901161193847656e-08,-0.008884191513061523,6.785758018493652,13.845891952514648,-1.1175870895385742e-08,-0.009056806564331055,4.083486080169678,13.245779991149902,1.4901161193847656e-08,-0.0069158077239990234,5.368319988250732,12.163372039794922,-2.2351741790771484e-08,-0.006922364234924316
5.750000000000,690,0.24143455729221366,0.21822813669840488,0.0,2.6140642166137695,2.617644260211771,-0.1299821436405182,5.523930072784424,13.641324043273926,0.4186873435974121,-0.07635241746902466,6.026179313659668,6.550161361694336,5.599693775177002,15.023048400878906,-1.4901161193847656e-08,-0.00888371467590332,6.877479553222656,13.932329177856445,-1.1175870895385742e-08,-0.009056448936462402,4.1713714599609375,13.349760055541992,-2.9802322387695312e-08,-0.006915569305419922,5.449156761169434,12.259039878845215,1.862645149230957e-08,-0.006922006607055664
5.800000000000,696,0.24143455729221366,0.21822842280069982,0.0,2.6140639781951904,2.6176440542659263,-0.1299821138381958,5.61435079574585,13.73595142364502,0.4186873435974121,-0.07635270059108734,6.026179313659668,6.550161361694336,5.699076175689697,15.117155075073242,-1.4901161193847656e-08,-0.008884668350219727,6.969758987426758,14.018169403076172,3.3527612686157227e-08,-0.00905752182006836,4.2599287033081055,13.453166961669922,-2.9802322387695312e-08,-0.006916522979736328,5.530611515045166,12.354182243347168,-2.2351741790771484e-08,-0.006922721862792969
5.850000000000,702,0.24143455729221366,0.21822842280069982,0.0,2.6140637397766113,2.6176438720749546,-0.1299820989370346,5.70538330078125,13.829989433288574,0.4186873435974121,-0.07635396718978882,6.026179313659668,6.550161361694336,5.79906702041626,15.210615158081055,-1.4901161193847656e-08,-0.008884191513061523,7.062593460083008,14.103408813476562,-4.0978193283081055e-08,-0.009056806564331055,4.349154949188232,13.555997848510742,1.4901161193847656e-08,-0.006915569305419922,5.612681865692139,12.448792457580566,-2.2351741790771484e-08,-0.006922006607055664
5.900000000000,708,0.24143455729221366,0.21822842280069982,0.0,2.6140637397766113,2.6176440178976432,-0.1299820989370346,5.797023773193359,13.923434257507324,0.4186873435974121,-0.07635419815778732,6.026179313659668,6.550161361694336,5.899662017822266,15.303422927856445,-1.4901161193847656e-08,-0.008884310722351074,7.155979633331299,14.188042640686035,3.725290298461914e-09,-0.009057164192199707,4.439046859741211,13.658246994018555,-2.9802322387695312e-08,-0.0069158077239990234,5.695364475250244,12.542866706848145,-7.450580596923828e-09,-0.006922245025634766
5.950000000000,714,0.24143455729221366,0.21822813669840488,0.0,2.6140642166137695,2.617644319268391,-0.129982128739357,5.88926887512207,14.01628303527832,0.4186873435974121,-0.0763537660241127,6.026179313659668,6.550161361694336,6.000857353210449,15.395577430725098,-1.4901161193847656e-08,-0.008884310722351074,7.249912738800049,14.272071838378906,3.3527612686157227e-08,-0.009057283401489258,4.529599666595459,13.759910583496094,1.4901161193847656e-08,-0.006916165351867676,5.778655529022217,12.636404991149902,-7.450580596923828e-09,-0.006922483444213867
6.000000000000,720,0.24143455729221366,0.21822827974955233,0.0,2.6140637397766113,2.6176441882271226,-0.12998215854167938,5.982114315032959,14.10853099822998,0.4186873435974121,-0.07635316252708435,6.026179313659668,6.550161361694336,6.10264778137207,15.487071990966797,-1.4901161193847656e-08,-0.00888371467590332,7.344388961791992,14.355487823486328,3.3527612686157227e-08,-0.009056329727172852,4.620811462402344,13.860983848571777,1.4901161193847656e-08,-0.0069152116775512695,5.862552165985107,12.729399681091309,-2.2351741790771484e-08,-0.006921529769897461
6.050000000000,726,0.24143455729221366,0.21822813669840488,0.0,2.6140642166137695,2.617644377639321,-0.1299821436405182,6.07555627822876,14.200176239013672,0.4186873435974121,-0.07635325193405151,6.026179313659668,6.550161361694336,6.2050299644470215,15.577906608581543,-1.4901161193847656e-08,-0.008883833885192871,7.439404487609863,14.438289642333984,3.3527612686157227e-08,-0.009056448936462402,4.712676048278809,13.961465835571289,1.4901161193847656e-08,-0.006915569305419922,5.947050094604492,12.82184886932373,-7.450580596923828e-09,-0.006922006607055664
6.100000000000,732,0.24143455729221366,0.21822813669840488,0.0,2.6140642166137695,2.6176443865517527,-0.129982128739357,6.169590473175049,14.29121208190918,0.4186873435974121,-0.07635398209095001,6.026179313659668,6.550161361694336,6.307999610900879,15.668072700500488,-1.4901161193847656e-08,-0.008883953094482422,7.53495454788208,14.52047348022461,-1.1175870895385742e-08,-0.009056687355041504,4.805190563201904,14.061347961425781,-2.9802322387695312e-08,-0.006915569305419922,6.032145023345947,12.913747787475586,-7.450580596923828e-09,-0.006922006607055664
6.150000000000,738,0.24143455729221366,0.21822799364725742,0.0,2.6140642166137695,2.617644528091055,-0.1299821436405182,6.264213562011719,14.381636619567871,0.4186873435974121,-0.07635494321584702,6.026179313659668,6.550161361694336,6.411551475524902,15.757570266723633,1.1175870895385742e-08,-0.008884429931640625,7.631035804748535,14.602035522460938,3.725290298461914e-09,-0.009057044982910156,4.898350715637207,14.160629272460938,-2.9802322387695312e-08,-0.006915926933288574,6.11783504486084,13.00509262084961,-3.3527612686157227e-08,-0.006922364234924316
6.200000000000,744,0.24143455729221366,0.21822813669840488,0.0,2.6140642166137695,2.6176443673940257,-0.12998218834400177,6.359421253204346,14.471444129943848,0.4186873435974121,-0.07635437697172165,6.026179313659668,6.550161361694336,6.515681743621826,15.846393585205078,-1.4901161193847656e-08,-0.008884310722351074,7.727644920349121,14.682971954345703,3.3527612686157227e-08,-0.009056806564331055,4.992153644561768,14.259302139282227,1.4901161193847656e-08,-0.006915688514709473,6.204115867614746,13.095878601074219,-7.450580596923828e-09,-0.006922364234924316
6.250000000000,750,0.24143455729221366,0.21822842280069982,0.0,2.6140637397766113,2.617643816318762,-0.12998215854167938,6.455209732055664,14.560633659362793,0.4186873435974121,-0.07635430246591568,6.026179313659668,6.550161361694336,6.620387077331543,15.934540748596191,-1.4901161193847656e-08,-0.008884429931640625,7.824777126312256,14.763279914855957,-1.1175870895385742e-08,-0.009057164192199707,5.086594581604004,14.357364654541016,1.4901161193847656e-08,-0.0069162845611572266,6.290984630584717,13.186104774475098,-7.450580596923828e-09,-0.006922602653503418
6.300000000000,756,0.24143455729221366,0.21822870890299473,0.0,2.614063262939453,2.6176433998856194,-0.129982128739357,6.55157470703125,14.649199485778809,0.4186873435974121,-0.07635388523340225,6.026179313659668,6.550161361694336,6.72566032409668,16.02200698852539,-1.4901161193847656e-08,-0.008882880210876465,7.922427177429199,14.8429594039917,3.3527612686157227e-08,-0.009055614471435547,5.18166971206665,14.454813957214355,1.4901161193847656e-08,-0.006914615631103516,6.378436088562012,13.275764465332031,-7.450580596923828e-09,-0.006921291351318359
6.350000000000,762,0.24143455729221366,0.21822870890299473,0.0,2.6140635013580322,2.617643573900606,-0.129982128739357,6.64851188659668,14.737138748168945,0.4186873435974121,-0.07635155320167542,6.026179313659668,6.550161361694336,6.831499099731445,16.108787536621094,-1.4901161193847656e-08,-0.00888371467590332,8.020591735839844,14.922000885009766,3.3527612686157227e-08,-0.009056568145751953,5.277374267578125,14.551641464233398,1.4901161193847656e-08,-0.006915450096130371,6.466468334197998,13.364855766296387,-2.2351741790771484e-08,-0.0069217681884765625
6.400000000000,768,0.24143455729221366,0.21822842280069982,0.0,2.6140637397766113,2.617643873082988,-0.1299820840358734,6.746016979217529,14.824446678161621,0.4186873435974121,-0.07635053992271423,6.026179313659668,6.550161361694336,6.937897682189941,16.19487762451172,-1.4901161193847656e-08,-0.008884310722351074,8.119267463684082,15.000404357910156,3.3527612686157227e-08,-0.009056687355041504,5.373705863952637,14.647849082946777,1.4901161193847656e-08,-0.006915569305419922,6.555075168609619,13.453373908996582,-2.2351741790771484e-08,-0.006922006607055664
6.450000000000,774,0.24143455729221366,0.21822827974955233,0.0,2.6140639781951904,2.6176441428742514,-0.129982128739357,6.84408712387085,14.911121368408203,0.4186873435974121,-0.07634995877742767,6.026179313659668,6.550161361694336,7.044854640960693,16.28028106689453,-4.470348358154297e-08,-0.008882999420166016,8.218450546264648,15.078166961669922,3.3527612686157227e-08,-0.009055733680725098,5.470658779144287,14.743430137634277,-1.1175870895385742e-08,-0.006914615631103516,6.6442551612854,13.541316032409668,-2.2351741790771484e-08,-0.006921052932739258
6.500000000000,780,0.24143455729221366,0.21822842280069982,0.0,2.6140637397766113,2.617643881231291,-0.1299821436405182,6.942717552185059,14.997157096862793,0.4186873435974121,-0.07634982466697693,6.026179313659668,6.550161361694336,7.15236234664917,16.3649845123291,-4.470348358154297e-08,-0.00888359546661377,8.318135261535645,15.15528392791748,3.3527612686157227e-08,-0.009056448936462402,5.568230628967285,14.83837890625,-1.1175870895385742e-08,-0.0069152116775512695,6.734004020690918,13.628677368164062,-2.2351741790771484e-08,-0.006921648979187012
6.550000000000,786,0.24143455729221366,0.21822842280069982,0.0,2.6140637397766113,2.6176438488326705,-0.1299820989370346,7.041903972625732,15.082551956176758,0.4186873435974121,-0.07634992152452469,6.026179313659668,6.550161361694336,7.260417461395264,16.448989868164062,-1.4901161193847656e-08,-0.008883953094482422,8.418319702148438,15.2317533493042,3.3527612686157227e-08,-0.009056448936462402,5.666415214538574,14.932692527770996,-1.1175870895385742e-08,-0.006915450096130371,6.824317455291748,13.7154541015625,-2.2351741790771484e-08,-0.006921648979187012
6.600000000000,792,0.24143455729221366,0.21822870890299473,0.0,2.6140635013580322,2.6176436860600676,-0.1299820989370346,7.141642093658447,15.167301177978516,0.4186873435974121,-0.07634943723678589,6.026179313659668,6.550161361694336,7.369014739990234,16.53229331970215,0.0,-0.00888359546661377,8.518996238708496,15.30756950378418,3.3527612686157227e-08,-0.009056329727172852,5.7652106285095215,15.026369094848633,-1.1175870895385742e-08,-0.006915092468261719,6.915191650390625,13.801645278930664,1.862645149230957e-08,-0.006921529769897461
6.650000000000,798,0.24143455729221366,0.21822928110758455,0.0,2.614062786102295,2.6176430410607554,-0.12998206913471222,7.2419281005859375,15.2514009475708,0.4186873435974121,-0.07634829729795456,6.026179313659668,6.550161361694336,7.478149890899658,16.614891052246094,0.0,-0.008883476257324219,8.620162963867188,15.382733345031738,1.4901161193847656e-08,-0.00905609130859375,5.8646111488342285,15.11939811706543,-1.1175870895385742e-08,-0.006915092468261719,7.006624698638916,13.88724136352539,1.862645149230957e-08,-0.00692141056060791
6.700000000000,804,0.24143455729221366,0.21822870890299473,0.0,2.6140635013580322,2.617643665184469,-0.1299821138381958,7.342757225036621,15.334848403930664,0.4186873435974121,-0.07634799182415009,6.026179313659668,6.550161361694336,7.587818145751953,16.69677734375,-4.470348358154297e-08,-0.008882999420166016,8.721814155578613,15.457237243652344,1.4901161193847656e-08,-0.009055852890014648,5.964613437652588,15.211783409118652,-1.1175870895385742e-08,-0.006914854049682617,7.098609924316406,13.972244262695312,1.862645149230957e-08,-0.006921052932739258
6.750000000000,810,0.24143455729221366,0.21822842280069982,0.0,2.614063262939453,2.6176436516572705,-0.1299821138381958,7.444125175476074,15.417640686035156,0.4186873435974121,-0.07634758204221725,6.026179313659668,6.550161361694336,7.698015213012695,16.777950286865234,-4.470348358154297e-08,-0.008884310722351074,8.82394790649414,15.531081199645996,1.4901161193847656e-08,-0.009056806564331055,6.065211772918701,15.30351734161377,7.450580596923828e-09,-0.006915926933288574,7.19114351272583,14.056648254394531,-2.2351741790771484e-08,-0.006922125816345215
6.800000000000,816,0.24143455729221366,0.21822842280069982,0.0,2.6140637397766113,2.6176438997046527,-0.129982128739357,7.546027660369873,15.499773979187012,0.4186873435974121,-0.07634802162647247,6.026179313659668,6.550161361694336,7.808736324310303,16.858407974243164,-4.470348358154297e-08,-0.00888371467590332,8.926556587219238,15.604262351989746,1.4901161193847656e-08,-0.009056448936462402,6.166403293609619,15.394598007202148,-1.1175870895385742e-08,-0.006915092468261719,7.284223556518555,14.140451431274414,-2.2351741790771484e-08,-0.006921529769897461
6.850000000000,822,0.24143455729221366,0.21822870890299473,0.0,2.614063024520874,2.6176432215586303,-0.12998215854167938,7.64846134185791,15.581244468688965,0.4186873435974121,-0.07634761184453964,6.026179313659668,6.550161361694336,7.919978141784668,16.938146591186523,-4.470348358154297e-08,-0.00888371467590332,9.029640197753906,15.676774978637695,1.4901161193847656e-08,-0.0090562105178833,6.268183708190918,15.48501968383789,-1.1175870895385742e-08,-0.006915688514709473,7.377844333648682,14.223649024963379,1.862645149230957e-08,-0.006922006607055664
6.900000000000,828,0.24143455729221366,0.21822899500528964,0.0,2.614062786102295,2.617642846365913,-0.1299821138381958,7.751420974731445,15.66204833984375,0.4186873435974121,-0.07634775340557098,6.026179313659668,6.550161361694336,8.031734466552734,17.01715850830078,0.0,-0.008883833885192871,9.133190155029297,15.748617172241211,1.4901161193847656e-08,-0.009056329727172852,6.370548725128174,15.574779510498047,-1.1175870895385742e-08,-0.00691533088684082,7.472003936767578,14.306236267089844,1.862645149230957e-08,-0.006922006607055664
6.950000000000,834,0.24143455729221366,0.21822928110758455,0.0,2.6140620708465576,2.6176423992165843,-0.12998203933238983,7.854903221130371,15.742182731628418,0.4186873435974121,-0.07634828239679337,6.026179313659668,6.550161361694336,8.144001007080078,17.095447540283203,0.0,-0.008883476257324219,9.237204551696777,15.81978702545166,3.3527612686157227e-08,-0.00905609130859375,6.473493576049805,15.663873672485352,-1.1175870895385742e-08,-0.006915092468261719,7.566697120666504,14.388212203979492,-2.2351741790771484e-08,-0.006921529769897461
7.000000000000,840,0.24143455729221366,0.21822928110758455,0.0,2.6140620708465576,2.6176422775821724,-0.12998200953006744,7.958903789520264,15.821643829345703,0.4186873435974121,-0.07634801417589188,6.026179313659668,6.550161361694336,8.256773948669434,17.173004150390625,0.0,-0.008883476257324219,9.341679573059082,15.890279769897461,3.3527612686157227e-08,-0.0090562105178833,6.577014923095703,15.752297401428223,-1.1175870895385742e-08,-0.006915092468261719,7.66192102432251,14.469572067260742,-2.2351741790771484e-08,-0.00692141056060791
7.050000000000,846,0.24143455729221366,0.2182295672098795,0.0,2.6140618324279785,2.617642201829569,-0.12998202443122864,8.06341552734375,15.900428771972656,0.4186873435974121,-0.07634799182415009,6.026179313659668,6.550161361694336,8.370044708251953,17.249828338623047,0.0,-0.008884072303771973,9.446606636047363,15.960092544555664,3.3527612686157227e-08,-0.009056687355041504,6.6811065673828125,15.840047836303711,-1.1175870895385742e-08,-0.006915450096130371,7.757668495178223,14.550311088562012,-2.2351741790771484e-08,-0.0069217681884765625
7.100000000000,852,0.24143455729221366,0.2182295672098795,0.0,2.6140620708465576,2.617642126768054,-0.12998196482658386,8.168437957763672,15.978534698486328,0.4186873435974121,-0.07634832710027695,6.026179313659668,6.550161361694336,8.483814239501953,17.325918197631836,0.0,-0.008883357048034668,9.551987648010254,16.029226303100586,3.3527612686157227e-08,-0.0090559720993042,6.785765647888184,15.927120208740234,-1.1175870895385742e-08,-0.006914973258972168,7.853938579559326,14.6304292678833,-2.2351741790771484e-08,-0.006921291351318359
7.150000000000,858,0.24143455729221366,0.21822928110758455,0.0,2.6140620708465576,2.61764236374008,-0.12998197972774506,8.273963928222656,16.055953979492188,0.4186873435974121,-0.07634839415550232,6.026179313659668,6.550161361694336,8.598074913024902,17.401264190673828,0.0,-0.00888371467590332,9.657814025878906,16.097667694091797,3.3527612686157227e-08,-0.009056568145751953,6.890987396240234,16.013511657714844,-1.1175870895385742e-08,-0.006915450096130371,7.95072603225708,14.709917068481445,-2.2351741790771484e-08,-0.006921887397766113
7.200000000000,864,0.24143455729221366,0.2182295672098795,0.0,2.6140618324279785,2.617642164229785,-0.12998196482658386,8.379990577697754,16.132686614990234,0.4186873435974121,-0.07634864747524261,6.026179313659668,6.550161361694336,8.712820053100586,17.475862503051758,0.0,-0.008884310722351074,9.764081001281738,16.165422439575195,3.3527612686157227e-08,-0.009056806564331055,6.996767997741699,16.099214553833008,-1.1175870895385742e-08,-0.0069158077239990234,8.048027038574219,14.788775444030762,-2.2351741790771484e-08,-0.006922006607055664
7.250000000000,870,0.24143455729221366,0.21822942415873203,0.0,2.6140618324279785,2.617642072519778,-0.12998196482658386,8.486513137817383,16.20873260498047,0.4186873435974121,-0.07634881138801575,6.026179313659668,6.550161361694336,8.828049659729004,17.549724578857422,0.0,-0.008883833885192871,9.870786666870117,16.23249053955078,3.3527612686157227e-08,-0.009056806564331055,7.103102684020996,16.184236526489258,-1.1175870895385742e-08,-0.00691533088684082,8.145838737487793,14.867002487182617,-2.2351741790771484e-08,-0.006921887397766113
7.300000000000,876,0.24143455729221366,0.21822942415873203,0.0,2.6140623092651367,2.6176423351901197,-0.12998192012310028,8.593525886535645,16.284088134765625,0.4186873435974121,-0.07634901255369186,6.026179313659668,6.550161361694336,8.943754196166992,17.622835159301758,0.0,-0.008883953094482422,9.977925300598145,16.298864364624023,3.3527612686157227e-08,-0.009056806564331055,7.20998477935791,16.268564224243164,-1.1175870895385742e-08,-0.006915569305419922,8.244155883789062,14.944597244262695,-2.2351741790771484e-08,-0.006921648979187012
7.350000000000,882,0.24143455729221366,0.21822899500528964,0.0,2.614062786102295,2.617643143567713,-0.12998196482658386,8.70102596282959,16.358747482299805,0.4186873435974121,-0.07634847611188889,6.026179313659668,6.550161361694336,9.059930801391602,17.695194244384766,0.0,-0.00888371467590332,10.085491180419922,16.364543914794922,3.3527612686157227e-08,-0.009056568145751953,7.317413330078125,16.35219955444336,-1.1175870895385742e-08,-0.006914973258972168,8.342974662780762,15.021549224853516,-2.2351741790771484e-08,-0.00692141056060791
7.400000000000,888,0.24143455729221366,0.21822899500528964,0.0,2.614062786102295,2.6176431382202723,-0.12998200953006744,8.809006690979004,16.432706832885742,0.4186873435974121,-0.07634744793176651,6.026179313659668,6.550161361694336,9.176573753356934,17.766796112060547,0.0,-0.008883833885192871,10.193480491638184,16.429523468017578,1.4901161193847656e-08,-0.0090562105178833,7.425381183624268,16.435134887695312,-1.1175870895385742e-08,-0.006915092468261719,8.442289352416992,15.097859382629395,-3.725290298461914e-08,-0.00692141056060791
7.450000000000,894,0.24143455729221366,0.21822870890299473,0.0,2.614063262939453,2.6176434321435185,-0.12998197972774506,8.917466163635254,16.505966186523438,0.4186873435974121,-0.0763469785451889,6.026179313659668,6.550161361694336,9.293678283691406,17.837644577026367,1.4901161193847656e-08,-0.008884072303771973,10.30189037322998,16.49380111694336,1.4901161193847656e-08,-0.009056687355041504,7.533885478973389,16.517370223999023,7.450580596923828e-09,-0.006915092468261719,8.542097091674805,15.173524856567383,-3.725290298461914e-08,-0.006921648979187012
7.500000000000,900,0.24143455729221366,0.21822856585184724,0.0,2.614063262939453,2.617643506971286,-0.12998202443122864,9.026397705078125,16.57851791381836,0.4186873435974121,-0.07634710520505905,6.026179313659668,6.550161361694336,9.41124153137207,17.90772819519043,1.4901161193847656e-08,-0.008883953094482422,10.410714149475098,16.557373046875,1.4901161193847656e-08,-0.009056925773620605,7.64292049407959,16.598894119262695,-1.1175870895385742e-08,-0.006915569305419922,8.642394065856934,15.248540878295898,-3.725290298461914e-08,-0.0069217681884765625
7.550000000000,906,0.24143455729221366,0.21822899500528964,0.0,2.614062786102295,2.6176430421453247,-0.12998203933238983,9.135797500610352,16.650362014770508,0.4186873435974121,-0.07634775340557098,6.026179313659668,6.550161361694336,9.529254913330078,17.977046966552734,0.0,-0.00888371467590332,10.519947052001953,16.620237350463867,3.3527612686157227e-08,-0.009056568145751953,7.752481460571289,16.67971420288086,-1.1175870895385742e-08,-0.0069152116775512695,8.743173599243164,15.322903633117676,-3.725290298461914e-08,-0.006921529769897461
7.600000000000,912,0.24143455729221366,0.21822870890299473,0.0,2.614063262939453,2.617643352784879,-0.12998200953006744,9.245661735534668,16.72149658203125,0.4186873435974121,-0.07634873688220978,6.026179313659668,6.550161361694336,9.647717475891113,18.04560089111328,0.0,-0.008884072303771973,10.629587173461914,16.682392120361328,3.3527612686157227e-08,-0.009057044982910156,7.862565040588379,16.75982093811035,-1.1175870895385742e-08,-0.006915569305419922,8.844433784484863,15.396614074707031,-2.2351741790771484e-08,-0.006922006607055664
7.650000000000,918,0.24143455729221366,0.21822885195414218,0.0,2.614063024520874,2.6176432404046537,-0.12998199462890625,9.355984687805176,16.791915893554688,0.4186873435974121,-0.07635001838207245,6.026179313659668,6.550161361694336,9.766621589660645,18.113386154174805,0.0,-0.008884191513061523,10.739627838134766,16.74383544921875,3.3527612686157227e-08,-0.009057044982910156,7.973165988922119,16.83921241760254,-1.1175870895385742e-08,-0.006915569305419922,8.946170806884766,15.4696626663208,-2.2351741790771484e-08,-0.006922125816345215
7.700000000000,924,0.24143455729221366,0.21822899500528964,0.0,2.614062786102295,2.6176430279891636,-0.12998199462890625,9.46676254272461,16.861616134643555,0.4186873435974121,-0.07635127753019333,6.026179313659668,6.550161361694336,9.885963439941406,18.180391311645508,-1.4901161193847656e-08,-0.008884191513061523,10.85006332397461,16.804561614990234,3.3527612686157227e-08,-0.009056806564331055,8.08427906036377,16.91788101196289,1.4901161193847656e-08,-0.006915450096130371,9.048380851745605,15.5420503616333,-2.2351741790771484e-08,-0.006921529769897461
7.750000000000,930,0.24143455729221366,0.21822870890299473,0.0,2.614062786102295,2.617642976839711,-0.12998199462890625,9.577990531921387,16.93059730529785,0.4186873435974121,-0.07635200768709183,6.026179313659668,6.550161361694336,10.005738258361816,18.246627807617188,-1.4901161193847656e-08,-0.008883953094482422,10.960893630981445,16.86457061767578,3.3527612686157227e-08,-0.009056687355041504,8.195901870727539,16.995830535888672,1.4901161193847656e-08,-0.00691533088684082,9.151057243347168,15.61377239227295,-2.2351741790771484e-08,-0.0069217681884765625
7.800000000000,936,0.24143455729221366,0.21822870890299473,0.0,2.614063024520874,2.6176433593104607,-0.12998199462890625,9.689663887023926,16.998855590820312,0.4186873435974121,-0.07635219395160675,6.026179313659668,6.550161361694336,10.125938415527344,18.31208610534668,-1.4901161193847656e-08,-0.008883953094482422,11.07210922241211,16.923860549926758,3.3527612686157227e-08,-0.009056687355041504,8.308026313781738,17.07305335998535,1.4901161193847656e-08,-0.0069152116775512695,9.254197120666504,15.684828758239746,-2.2351741790771484e-08,-0.006921529769897461
7.850000000000,942,0.24143455729221366,0.21822870890299473,0.0,2.614062786102295,2.617642943993569,-0.12998194992542267,9.801776885986328,17.066389083862305,0.4186873435974121,-0.07635205239057541,6.026179313659668,6.550161361694336,10.246561050415039,18.376758575439453,-1.4901161193847656e-08,-0.008884072303771973,11.183706283569336,16.982425689697266,3.3527612686157227e-08,-0.009057044982910156,8.420650482177734,17.149545669555664,1.4901161193847656e-08,-0.00691533088684082,9.357795715332031,15.755213737487793,-2.2351741790771484e-08,-0.006921648979187012
7.900000000000,948,0.24143455729221366,0.21822885195414218,0.0,2.614062786102295,2.6176429585240353,-0.12998197972774506,9.914325714111328,17.133193969726562,0.4186873435974121,-0.07635264098644257,6.026179313659668,6.550161361694336,10.36760139465332,18.440650939941406,-1.4901161193847656e-08,-0.008884072303771973,11.29568099975586,17.040267944335938,3.3527612686157227e-08,-0.009057044982910156,8.533767700195312,17.225311279296875,1.4901161193847656e-08,-0.00691533088684082,9.461848258972168,15.82492733001709,-2.2351741790771484e-08,-0.0069217681884765625
7.950000000000,954,0.24143455729221366,0.21822899500528964,0.0,2.614062786102295,2.617643002014229,-0.12998197972774506,10.027304649353027,17.199268341064453,0.4186873435974121,-0.07635273039340973,6.026179313659668,6.550161361694336,10.48905086517334,18.50375747680664,-1.4901161193847656e-08,-0.008884191513061523,11.408027648925781,17.097383499145508,3.3527612686157227e-08,-0.009056925773620605,8.64737319946289,17.300336837768555,1.4901161193847656e-08,-0.006915450096130371,9.566349983215332,15.893963813781738,-2.2351741790771484e-08,-0.006921887397766113
8.000000000000,960,0.24143455729221366,0.21822928110758455,0.0,2.614062786102295,2.6176428538529932,-0.12998202443122864,10.140710830688477,17.264606475830078,0.4186873435974121,-0.0763520747423172,6.026179313659668,6.550161361694336,10.610909461975098,18.566072463989258,-1.4901161193847656e-08,-0.00888371467590332,11.520745277404785,17.15376853942871,3.3527612686157227e-08,-0.009056508541107178,8.761465072631836,17.374624252319336,1.4901161193847656e-08,-0.006915092468261719,9.67129898071289,15.962320327758789,-2.2351741790771484e-08,-0.00692141056060791
8.050000000000,966,0.24143455729221366,0.21822870890299473,0.0,2.614063024520874,2.617643207606859,-0.12998200953006744,10.254538536071777,17.329208374023438,0.4186873435974121,-0.07635187357664108,6.026179313659668,6.550161361694336,10.733171463012695,18.62759780883789,-1.4901161193847656e-08,-0.008883953094482422,11.633824348449707,17.20941925048828,3.3527612686157227e-08,-0.009057044982910156,8.8760347366333,17.448171615600586,1.4901161193847656e-08,-0.006915688514709473,9.776688575744629,16.02999496459961,-2.2351741790771484e-08,-0.006921887397766113
8.100000000000,972,0.24143455729221366,0.21822813669840488,0.0,2.6140637397766113,2.617643918523513,-0.12998203933238983,10.368783950805664,17.393070220947266,0.4186873435974121,-0.07635224610567093,6.026179313659668,6.550161361694336,10.855829238891602,18.68832778930664,-1.4901161193847656e-08,-0.008883953094482422,11.74726390838623,17.26433563232422,3.3527612686157227e-08,-0.00905698537826538,8.991080284118652,17.520973205566406,1.4901161193847656e-08,-0.006915688514709473,9.882514953613281,16.096981048583984,-7.450580596923828e-09,-0.006922125816345215
8.150000000000,978,0.24143455729221366,0.21822842280069982,0.0,2.6140637397766113,2.6176439686526805,-0.12998205423355103,10.483441352844238,17.45619010925293,0.4186873435974121,-0.07635213434696198,6.026179313659668,6.550161361694336,10.97887897491455,18.748260498046875,-1.4901161193847656e-08,-0.008884429931640625,11.86105728149414,17.31851577758789,3.3527612686157227e-08,-0.009057223796844482,9.106596946716309,17.593029022216797,1.4901161193847656e-08,-0.0069158077239990234,9.988774299621582,16.16328239440918,-7.450580596923828e-09,-0.006922364234924316
8.200000000000,984,0.24143455729221366,0.21822813669840488,0.0,2.6140642166137695,2.6176444808955845,-0.1299820989370346,10.598504066467285,17.518566131591797,0.4186873435974121,-0.07635225355625153,6.026179313659668,6.550161361694336,11.102313041687012,18.80739402770996,-1.4901161193847656e-08,-0.00888371467590332,11.975197792053223,17.371959686279297,3.3527612686157227e-08,-0.009056568145751953,9.222576141357422,17.66433334350586,1.4901161193847656e-08,-0.0069152116775512695,10.095460891723633,16.228897094726562,-7.450580596923828e-09,-0.00692141056060791
8.250000000000,990,0.24143455729221366,0.21822827974955233,0.0,2.6140639781951904,2.6176441615409796,-0.12998206913471222,10.713970184326172,17.58019256591797,0.4186873435974121,-0.07635243237018585,6.026179313659668,6.550161361694336,11.226129531860352,18.865726470947266,-1.4901161193847656e-08,-0.008884549140930176,12.089683532714844,17.424657821655273,3.3527612686157227e-08,-0.009057223796844482,9.339016914367676,17.73488426208496,1.4901161193847656e-08,-0.006916046142578125,10.202570915222168,16.293813705444336,-7.450580596923828e-09,-0.006922483444213867
8.300000000000,996,0.24143455729221366,0.21822827974955233,0.0,2.6140639781951904,2.6176441927137053,-0.1299820840358734,10.829833030700684,17.641069412231445,0.4186873435974121,-0.07635300606489182,6.026179313659668,6.550161361694336,11.350321769714355,18.92325210571289,-1.4901161193847656e-08,-0.008883953094482422,12.204508781433105,17.476612091064453,3.3527612686157227e-08,-0.009056627750396729,9.455912590026855,17.804676055908203,1.4901161193847656e-08,-0.00691533088684082,10.310099601745605,16.358034133911133,-7.450580596923828e-09,-0.0069217681884765625
8.350000000000,1002,0.24143455729221366,0.21822827974955233,0.0,2.6140639781951904,2.6176441351336543,-0.1299820840358734,10.946087837219238,17.701190948486328,0.4186873435974121,-0.07635347545146942,6.026179313659668,6.550161361694336,11.474883079528809,18.97997283935547,-1.4901161193847656e-08,-0.008883833885192871,12.31966781616211,17.527820587158203,3.3527612686157227e-08,-0.009056925773620605,9.573257446289062,17.87370491027832,1.4901161193847656e-08,-0.006915688514709473,10.418042182922363,16.421554565429688,-7.450580596923828e-09,-0.006922125816345215
8.400000000000,1008,0.24143455729221366,0.21822827974955233,0.0,2.6140639781951904,2.6176440240278906,-0.12998203933238983,11.06273078918457,17.760557174682617,0.4186873435974121,-0.0763542652130127,6.026179313659668,6.550161361694336,11.599809646606445,19.035879135131836,1.1175870895385742e-08,-0.008884429931640625,12.43515682220459,17.578279495239258,3.3527612686157227e-08,-0.009057164192199707,9.691048622131348,17.941972732543945,1.4901161193847656e-08,-0.0069158077239990234,10.526395797729492,16.484375,-3.3527612686157227e-08,-0.006922006607055664
8.450000000000,1014,0.24143455729221366,0.21822842280069982,0.0,2.6140637397766113,2.6176439291098577,-0.1299821138381958,11.179755210876465,17.819168090820312,0.4186873435974121,-0.07635461539030075,6.026179313659668,6.550161361694336,11.725095748901367,19.09098243713379,1.1175870895385742e-08,-0.008884131908416748,12.550970077514648,17.62799072265625,3.3527612686157227e-08,-0.00905698537826538,9.80927848815918,18.00948143005371,1.4901161193847656e-08,-0.006915688514709473,10.635152816772461,16.546491622924805,-3.3527612686157227e-08,-0.006922006607055664
8.500000000000,1020,0.24143455729221366,0.21822870890299473,0.0,2.6140637397766113,2.617643689420206,-0.1299821138381958,11.297157287597656,17.877017974853516,0.4186873435974121,-0.07635419815778732,6.026179313659668,6.550161361694336,11.850736618041992,19.145267486572266,-1.4901161193847656e-08,-0.008884191513061523,12.667102813720703,17.676950454711914,3.3527612686157227e-08,-0.009057044982910156,9.92794418334961,18.076217651367188,1.4901161193847656e-08,-0.006915926933288574,10.744309425354004,16.60790252685547,-7.450580596923828e-09,-0.006922364234924316
8.550000000000,1026,0.24143455729221366,0.21822842280069982,0.0,2.6140637397766113,2.6176440000577155,-0.12998206913471222,11.414933204650879,17.934104919433594,0.4186873435974121,-0.07635466009378433,6.026179313659668,6.550161361694336,11.976729393005371,19.198734283447266,-1.4901161193847656e-08,-0.008884429931640625,12.783552169799805,17.72515296936035,-4.0978193283081055e-08,-0.009057283401489258,10.047039985656738,18.142181396484375,1.4901161193847656e-08,-0.0069162845611572266,10.853863716125488,16.66860008239746,-7.450580596923828e-09,-0.006922721862792969
8.600000000000,1032,0.24143455729221366,0.21822799364725742,0.0,2.6140642166137695,2.617644231316154,-0.12998217344284058,11.533077239990234,17.990427017211914,0.4186873435974121,-0.07635529339313507,6.026179313659668,6.550161361694336,12.103065490722656,19.251384735107422,1.1175870895385742e-08,-0.008883953094482422,12.900310516357422,17.772600173950195,-4.0978193283081055e-08,-0.00905698537826538,10.166563034057617,18.207374572753906,1.4901161193847656e-08,-0.006915926933288574,10.963809967041016,16.728588104248047,-7.450580596923828e-09,-0.006922483444213867
8.650000000000,1038,0.24143455729221366,0.21822799364725742,0.0,2.6140646934509277,2.6176446145935457,-0.1299821436405182,11.651583671569824,18.04598045349121,0.4186873435974121,-0.07635442912578583,6.026179313659668,6.550161361694336,12.229740142822266,19.303213119506836,-1.4901161193847656e-08,-0.008883893489837646,13.017375946044922,17.81928825378418,-4.0978193283081055e-08,-0.009056925773620605,10.286506652832031,18.271785736083984,1.4901161193847656e-08,-0.006915926933288574,11.074142456054688,16.78786277770996,-7.450580596923828e-09,-0.006922125816345215
8.700000000000,1044,0.24143455729221366,0.21822813669840488,0.0,2.6140639781951904,2.617644261228094,-0.1299820989370346,11.770448684692383,18.10076332092285,0.4186873435974121,-0.07635486871004105,6.026179313659668,6.550161361694336,12.356749534606934,19.35422134399414,1.1175870895385742e-08,-0.008884072303771973,13.134742736816406,17.865217208862305,3.3527612686157227e-08,-0.00905698537826538,10.406865119934082,18.335420608520508,1.4901161193847656e-08,-0.006915926933288574,11.184858322143555,16.846418380737305,-3.3527612686157227e-08,-0.006922125816345215
8.750000000000,1050,0.24143455729221366,0.21822842280069982,0.0,2.6140637397766113,2.617643935895839,-0.12998205423355103,11.889665603637695,18.154775619506836,0.4186873435974121,-0.07635455578565598,6.026179313659668,6.550161361694336,12.484084129333496,19.404403686523438,1.1175870895385742e-08,-0.008883774280548096,13.252402305603027,17.910385131835938,3.3527612686157227e-08,-0.009056627750396729,10.527632713317871,18.39827537536621,1.4901161193847656e-08,-0.00691533088684082,11.295949935913086,16.904254913330078,-7.450580596923828e-09,-0.0069217681884765625
8.800000000000,1056,0.24143455729221366,0.21822870890299473,0.0,2.614063024520874,2.6176431199452708,-0.12998206913471222,12.009231567382812,18.2080135345459,0.4186873435974121,-0.07635366916656494,6.026179313659668,6.550161361694336,12.61174488067627,19.453760147094727,-1.4901161193847656e-08,-0.008883833885192871,13.370354652404785,17.95478630065918,3.3527612686157227e-08,-0.00905686616897583,10.64880657196045,18.460342407226562,1.4901161193847656e-08,-0.006915450096130371,11.407416343688965,16.96137237548828,-7.450580596923828e-09,-0.0069217681884765625
8.850000000000,1062,0.24143455729221366,0.21822870890299473,0.0,2.6140635013580322,2.6176437689048426,-0.1299820840358734,12.12913990020752,18.260473251342773,0.4186873435974121,-0.07635310292243958,6.026179313659668,6.550161361694336,12.73972225189209,19.502283096313477,-1.4901161193847656e-08,-0.008884072303771973,13.488591194152832,17.998422622680664,3.3527612686157227e-08,-0.009056806564331055,10.770380973815918,18.521621704101562,1.4901161193847656e-08,-0.0069158077239990234,11.519250869750977,17.01776123046875,-2.2351741790771484e-08,-0.006922006607055664
8.900000000000,1068,0.24143455729221366,0.21822842280069982,0.0,2.6140635013580322,2.6176438480229516,-0.1299820840358734,12.249385833740234,18.31215476989746,0.4186873435974121,-0.07635389268398285,6.026179313659668,6.550161361694336,12.868010520935059,19.549978256225586,-1.4901161193847656e-08,-0.008884072303771973,13.607109069824219,18.041290283203125,3.3527612686157227e-08,-0.009056806564331055,10.892348289489746,18.58211326599121,1.4901161193847656e-08,-0.006915926933288574,11.631446838378906,17.07342529296875,-7.450580596923828e-09,-0.006922304630279541
8.950000000000,1074,0.24143455729221366,0.21822856585184724,0.0,2.6140635013580322,2.6176436406343893,-0.1299820989370346,12.369965553283691,18.363054275512695,0.4186873435974121,-0.07635483145713806,6.026179313659668,6.550161361694336,12.996607780456543,19.596839904785156,1.1175870895385742e-08,-0.00888371467590332,13.725902557373047,18.08338737487793,-4.0978193283081055e-08,-0.00905674695968628,11.01470947265625,18.64181137084961,1.4901161193847656e-08,-0.006915569305419922,11.744004249572754,17.128358840942383,-7.450580596923828e-09,-0.006922125816345215
9.000000000000,1080,0.24143455729221366,0.21822827974955233,0.0,2.6140639781951904,2.617644286280019,-0.12998206913471222,12.490872383117676,18.413171768188477,0.4186873435974121,-0.07635466754436493,6.026179313659668,6.550161361694336,13.125506401062012,19.642864227294922,1.1175870895385742e-08,-0.008884012699127197,13.844966888427734,18.124713897705078,-4.0978193283081055e-08,-0.009056925773620605,11.137453079223633,18.700714111328125,1.4901161193847656e-08,-0.006915926933288574,11.856914520263672,17.182565689086914,-7.450580596923828e-09,-0.006922125816345215
9.050000000000,1086,0.24143455729221366,0.21822813669840488,0.0,2.6140646934509277,2.6176449221474396,-0.1299821436405182,12.612101554870605,18.462501525878906,0.4186873435974121,-0.0763542652130127,6.026179313659668,6.550161361694336,13.254697799682617,19.688053131103516,-1.4901161193847656e-08,-0.00888359546661377,13.964296340942383,18.165267944335938,3.3527612686157227e-08,-0.009056389331817627,11.260575294494629,18.758817672729492,1.4901161193847656e-08,-0.006915450096130371,11.970172882080078,17.236032485961914,-7.450580596923828e-09,-0.006921947002410889
9.100000000000,1092,0.24143455729221366,0.21822842280069982,0.0,2.6140635013580322,2.6176437741525618,-0.1299821138381958,12.733648300170898,18.51104736328125,0.4186873435974121,-0.0763537809252739,6.026179313659668,6.550161361694336,13.38418197631836,19.732402801513672,-1.4901161193847656e-08,-0.008884072303771973,14.083887100219727,18.205047607421875,3.3527612686157227e-08,-0.009056687355041504,11.384073257446289,18.816125869750977,1.4901161193847656e-08,-0.0069158077239990234,12.083778381347656,17.288768768310547,-7.450580596923828e-09,-0.006921947002410889
9.150000000000,1098,0.24143455729221366,0.21822899500528964,0.0,2.614062786102295,2.6176428786711123,-0.12998205423355103,12.855507850646973,18.55880355834961,0.4186873435974121,-0.07635410130023956,6.026179313659668,6.550161361694336,13.51395034790039,19.77591323852539,-1.4901161193847656e-08,-0.008884012699127197,14.20373249053955,18.244050979614258,3.3527612686157227e-08,-0.009056806564331055,11.507940292358398,18.872629165649414,1.4901161193847656e-08,-0.0069158077239990234,12.197722434997559,17.34076499938965,-7.450580596923828e-09,-0.0069220662117004395
9.200000000000,1104,0.24143455729221366,0.2182295672098795,0.0,2.6140618324279785,2.617641826005401,-0.12998205423355103,12.97767448425293,18.60576629638672,0.4186873435974121,-0.07635498046875,6.026179313659668,6.550161361694336,13.643999099731445,19.818580627441406,1.1175870895385742e-08,-0.008883953094482422,14.32382869720459,18.28227424621582,-4.0978193283081055e-08,-0.009056627750396729,11.632171630859375,18.928327560424805,1.4901161193847656e-08,-0.006915688514709473,12.31200122833252,17.39202117919922,-3.3527612686157227e-08,-0.006921887397766113
9.250000000000,1110,0.24143455729221366,0.21822985331217443,0.0,2.614060878753662,2.617641164758015,-0.12998196482658386,13.100143432617188,18.651935577392578,0.4186873435974121,-0.07635467499494553,6.026179313659668,6.550161361694336,13.774321556091309,19.86039924621582,1.1175870895385742e-08,-0.008884251117706299,14.444170951843262,18.31971549987793,-4.0978193283081055e-08,-0.009056925773620605,11.756759643554688,18.983219146728516,1.4901161193847656e-08,-0.006915867328643799,12.42660903930664,17.442533493041992,-7.450580596923828e-09,-0.00692218542098999
9.300000000000,1116,0.24143455729221366,0.21822999636332185,0.0,2.614060878753662,2.617641047836928,-0.12998197972774506,13.222908020019531,18.697309494018555,0.4186873435974121,-0.07635427266359329,6.026179313659668,6.550161361694336,13.904911994934082,19.901376724243164,-1.4901161193847656e-08,-0.008883893489837646,14.564752578735352,18.35637664794922,3.3527612686157227e-08,-0.009056687355041504,11.88170337677002,19.03730010986328,1.4901161193847656e-08,-0.006915628910064697,12.541543006896973,17.4923038482666,-7.450580596923828e-09,-0.0069220662117004395
9.350000000000,1122,0.24143455729221366,0.21822985331217443,0.0,2.6140613555908203,2.617641608887188,-0.12998193502426147,13.345965385437012,18.741886138916016,0.4186873435974121,-0.07635485380887985,6.026179313659668,6.550161361694336,14.035765647888184,19.941499710083008,1.1175870895385742e-08,-0.008884072303771973,14.685569763183594,18.392255783081055,-4.0978193283081055e-08,-0.009056568145751953,12.006993293762207,19.090572357177734,1.4901161193847656e-08,-0.006915390491485596,12.656797409057617,17.541324615478516,-7.450580596923828e-09,-0.006921648979187012
9.400000000000,1128,0.24143455729221366,0.21822999636332185,0.0,2.6140613555908203,2.617641626338517,-0.12998199462890625,13.469307899475098,18.785663604736328,0.4186873435974121,-0.07635468989610672,6.026179313659668,6.550161361694336,14.166875839233398,19.98077964782715,-1.4901161193847656e-08,-0.008884549140930176,14.806614875793457,18.427349090576172,-4.0978193283081055e-08,-0.00905752182006836,12.1326265335083,19.143028259277344,1.4901161193847656e-08,-0.0069162845611572266,12.77236557006836,17.589597702026367,-7.450580596923828e-09,-0.006922721862792969
9.450000000000,1134,0.24143455729221366,0.2182295672098795,0.0,2.6140620708465576,2.617642319677284,-0.12998193502426147,13.59293270111084,18.82863998413086,0.4186873435974121,-0.0763549730181694,6.026179313659668,6.550161361694336,14.298239707946777,20.01920509338379,1.1175870895385742e-08,-0.008884310722351074,14.927886962890625,18.461660385131836,-4.0978193283081055e-08,-0.009057164192199707,12.258598327636719,19.19466781616211,1.4901161193847656e-08,-0.006915569305419922,12.888246536254883,17.637123107910156,-7.450580596923828e-09,-0.006921827793121338
9.500000000000,1140,0.24143455729221366,0.2182295672098795,0.0,2.6140618324279785,2.617641817755071,-0.12998200953006744,13.716832160949707,18.870813369750977,0.4186873435974121,-0.07635478675365448,6.026179313659668,6.550161361694336,14.429848670959473,20.056777954101562,1.1175870895385742e-08,-0.008884727954864502,15.049378395080566,18.495182037353516,-4.0978193283081055e-08,-0.009057581424713135,12.384900093078613,19.2454891204834,1.4901161193847656e-08,-0.006916642189025879,13.004430770874023,17.68389129638672,-7.450580596923828e-09,-0.006922900676727295
9.550000000000,1146,0.24143455729221366,0.21822928110758455,0.0,2.6140623092651367,2.6176425540547767,-0.12998199462890625,13.841004371643066,18.912181854248047,0.4186873435974121,-0.07635525614023209,6.026179313659668,6.550161361694336,14.561698913574219,20.093496322631836,1.1175870895385742e-08,-0.008884310722351074,15.1710844039917,18.527912139892578,-4.0978193283081055e-08,-0.009057462215423584,12.511529922485352,19.29549217224121,1.4901161193847656e-08,-0.0069161057472229,13.120917320251465,17.72990608215332,-7.450580596923828e-09,-0.006922423839569092
9.600000000000,1152,0.24143455729221366,0.2182295672098795,0.0,2.6140620708465576,2.6176421994709727,-0.12998197972774506,13.965442657470703,18.95274543762207,0.4186873435974121,-0.07635529339313507,6.026179313659668,6.550161361694336,14.69378662109375,20.12936019897461,1.1175870895385742e-08,-0.008884668350219727,15.29300308227539,18.55985450744629,-4.0978193283081055e-08,-0.009057343006134033,12.638484001159668,19.34467124938965,1.4901161193847656e-08,-0.006916165351867676,13.237700462341309,17.77516746520996,-7.450580596923828e-09,-0.006922423839569092
9.650000000000,1158,0.24143455729221366,0.21822928110758455,0.0,2.614062547683716,2.617642647904077,-0.12998200953006744,14.090140342712402,18.99249839782715,0.4186873435974121,-0.07635504007339478,6.026179313659668,6.550161361694336,14.826101303100586,20.16436195373535,-1.4901161193847656e-08,-0.008884251117706299,15.41512393951416,18.59100341796875,-4.0978193283081055e-08,-0.009057104587554932,12.765751838684082,19.393024444580078,1.4901161193847656e-08,-0.00691598653793335,13.354774475097656,17.819665908813477,-7.450580596923828e-09,-0.006922125816345215
9.700000000000,1164,0.24143455729221366,0.21822928110758455,0.0,2.6140618324279785,2.617642146800344,-0.12998200953006744,14.215094566345215,19.031442642211914,0.4186873435974121,-0.07635506242513657,6.026179313659668,6.550161361694336,14.958642959594727,20.19850730895996,-1.4901161193847656e-08,-0.008883774280548096,15.537445068359375,18.621360778808594,-4.0978193283081055e-08,-0.009056687355041504,12.893332481384277,19.440549850463867,1.4901161193847656e-08,-0.006915867328643799,13.472135543823242,17.863405227661133,-7.450580596923828e-09,-0.0069220662117004395
9.750000000000,1170,0.24143455729221366,0.21822971026102694,0.0,2.6140615940093994,2.6176418998457662,-0.12998197972774506,14.340298652648926,19.069576263427734,0.4186873435974121,-0.0763547345995903,6.026179313659668,6.550161361694336,15.091401100158691,20.231794357299805,-1.4901161193847656e-08,-0.008884429931640625,15.659960746765137,18.650924682617188,3.725290298461914e-09,-0.009057402610778809,13.021218299865723,19.487253189086914,1.4901161193847656e-08,-0.0069161057472229,13.589777946472168,17.906383514404297,-7.450580596923828e-09,-0.006922423839569092
9.800000000000,1176,0.24143455729221366,0.21822885195414218,0.0,2.614063262939453,2.617643244168728,-0.12998199462890625,14.46574592590332,19.106895446777344,0.4186873435974121,-0.07635372132062912,6.026179313659668,6.550161361694336,15.224372863769531,20.26421546936035,-1.4901161193847656e-08,-0.008884668350219727,15.78266429901123,18.679689407348633,3.3527612686157227e-08,-0.009057581424713135,13.14940357208252,19.533119201660156,1.4901161193847656e-08,-0.0069162845611572266,13.707695007324219,17.948596954345703,-7.450580596923828e-09,-0.006922602653503418
9.850000000000,1182,0.24143455729221366,0.21822870890299473,0.0,2.6140637397766113,2.6176437325705373,-0.12998205423355103,14.59143352508545,19.143402099609375,0.4186873435974121,-0.07635416835546494,6.026179313659668,6.550161361694336,15.357551574707031,20.295774459838867,-1.4901161193847656e-08,-0.008884012699127197,15.90555477142334,18.707664489746094,3.3527612686157227e-08,-0.00905674695968628,13.277883529663086,19.578155517578125,1.4901161193847656e-08,-0.006915628910064697,13.825884819030762,17.99004364013672,-7.450580596923828e-09,-0.006921947002410889
9.900000000000,1188,0.24143455729221366,0.21822813669840488,0.0,2.6140642166137695,2.6176443655367225,-0.1299821138381958,14.717355728149414,19.179092407226562,0.4186873435974121,-0.07635486125946045,6.026179313659668,6.550161361694336,15.490934371948242,20.32647132873535,-1.4901161193847656e-08,-0.008884429931640625,16.02861976623535,18.734838485717773,-4.0978193283081055e-08,-0.009057402610778809,13.40665340423584,19.622360229492188,1.4901161193847656e-08,-0.006915867328643799,13.944340705871582,18.030725479125977,-7.450580596923828e-09,-0.00692218542098999
9.950000000000,1194,0.24143455729221366,0.21822799364725742,0.0,2.6140642166137695,2.6176444428644197,-0.1299821138381958,14.843506813049316,19.21396255493164,0.4186873435974121,-0.07635620981454849,6.026179313659668,6.550161361694336,15.624512672424316,20.356300354003906,1.1175870895385742e-08,-0.008884727954864502,16.1518611907959,18.761211395263672,-4.0978193283081055e-08,-0.00905764102935791,13.535707473754883,19.66572380065918,0.0,-0.006916522979736328,14.063057899475098,18.070634841918945,-3.3527612686157227e-08,-0.006922721862792969
10.000000000000,1200,0.24143455729221366,0.21822756449381503,0.0,2.614065170288086,2.6176452488750566,-0.129982128739357,14.969881057739258,19.248016357421875,0.4186873435974121,-0.07635556161403656,6.026179313659668,6.550161361694336,15.758280754089355,20.38526153564453,1.1175870895385742e-08,-0.008884310722351074,16.275272369384766,18.786785125732422,-4.0978193283081055e-08,-0.009057074785232544,13.665040016174316,19.708250045776367,1.4901161193847656e-08,-0.00691598653793335,14.182031631469727,18.10977554321289,-3.3527612686157227e-08,-0.006922006607055664
10.050000000000,1206,0.24143455729221366,0.21822742144266757,0.0,2.614064931869507,2.6176451647897507,-0.1299820989370346,15.096473693847656,19.28125,0.4186873435974121,-0.07635414600372314,6.026179313659668,6.550161361694336,15.892233848571777,20.413358688354492,-1.4901161193847656e-08,-0.008884072303771973,16.398845672607422,18.81156349182129,3.3527612686157227e-08,-0.00905686616897583,13.794646263122559,19.749940872192383,1.4901161193847656e-08,-0.006915569305419922,14.30125617980957,18.14814567565918,-7.450580596923828e-09,-0.006921947002410889
10.100000000000,1212,0.24143455729221366,0.21822756449381503,0.0,2.614065170288086,2.617645234493786,-0.1299820989370346,15.22327995300293,19.31365966796875,0.4186873435974121,-0.07635419815778732,6.026179313659668,6.550161361694336,16.026369094848633,20.440580368041992,-1.4901161193847656e-08,-0.008884429931640625,16.5225772857666,18.83553123474121,3.3527612686157227e-08,-0.009057104587554932,13.924520492553711,19.79078483581543,1.4901161193847656e-08,-0.006916046142578125,14.42072868347168,18.18573570251465,-7.450580596923828e-09,-0.006922364234924316
10.150000000000,1218,0.24143455729221366,0.21822785059610994,0.0,2.6140646934509277,2.6176447348281884,-0.1299821436405182,15.350292205810547,19.345245361328125,0.4186873435974121,-0.07635492831468582,6.026179313659668,6.550161361694336,16.160675048828125,20.46693229675293,1.1175870895385742e-08,-0.008884131908416748,16.646461486816406,18.85869598388672,-4.0978193283081055e-08,-0.009056776762008667,14.054654121398926,19.830785751342773,1.4901161193847656e-08,-0.006916165351867676,14.540440559387207,18.222551345825195,-3.3527612686157227e-08,-0.006922304630279541
10.200000000000,1224,0.24143455729221366,0.2182277075449625,0.0,2.614064931869507,2.617645004290377,-0.12998217344284058,15.477507591247559,19.376007080078125,0.4186873435974121,-0.07635540515184402,6.026179313659668,6.550161361694336,16.295148849487305,20.492414474487305,1.1175870895385742e-08,-0.008884280920028687,16.770492553710938,18.881061553955078,-4.0978193283081055e-08,-0.00905686616897583,14.185047149658203,19.869943618774414,1.4901161193847656e-08,-0.006916046142578125,14.660388946533203,18.258590698242188,-3.3527612686157227e-08,-0.006922304630279541
10.250000000000,1230,0.24143455729221366,0.21822785059610994,0.0,2.6140644550323486,2.61764467837296,-0.12998218834400177,15.60491943359375,19.40594482421875,0.4186873435974121,-0.07635592669248581,6.026179313659668,6.550161361694336,16.42978858947754,20.51702117919922,1.1175870895385742e-08,-0.008884638547897339,16.89466667175293,18.902620315551758,-4.0978193283081055e-08,-0.009057313203811646,14.315690994262695,19.90825653076172,1.4901161193847656e-08,-0.006916701793670654,14.780569076538086,18.293851852416992,-3.3527612686157227e-08,-0.006922900676727295
10.300000000000,1236,0.24143455729221366,0.21822799364725742,0.0,2.6140646934509277,2.617644800177627,-0.1299821436405182,15.732523918151855,19.435054779052734,0.4186873435974121,-0.07635582983493805,6.026179313659668,6.550161361694336,16.56458282470703,20.540760040283203,1.1175870895385742e-08,-0.00888475775718689,17.018978118896484,18.923377990722656,-4.0978193283081055e-08,-0.009057372808456421,14.44658088684082,19.94571876525879,1.4901161193847656e-08,-0.0069165825843811035,14.900976181030273,18.32833480834961,-3.3527612686157227e-08,-0.006922781467437744
10.350000000000,1242,0.24143455729221366,0.21822785059610994,0.0,2.6140646934509277,2.617644667247347,-0.1299821436405182,15.86031436920166,19.463333129882812,0.4186873435974121,-0.07635506242513657,6.026179313659668,6.550161361694336,16.69952964782715,20.563615798950195,1.1175870895385742e-08,-0.008884698152542114,17.143421173095703,18.94331932067871,-4.0978193283081055e-08,-0.00905764102935791,14.57771110534668,19.982330322265625,1.4901161193847656e-08,-0.0069165825843811035,15.021604537963867,18.362031936645508,-3.3527612686157227e-08,-0.006922721862792969
10.400000000000,1248,0.24143455729221366,0.21822827974955233,0.0,2.6140639781951904,2.6176441710059595,-0.12998206913471222,15.988285064697266,19.490785598754883,0.4186873435974121,-0.07635486125946045,6.026179313659668,6.550161361694336,16.83462142944336,20.585601806640625,1.1175870895385742e-08,-0.008884191513061523,17.26799201965332,18.96245765686035,-4.0978193283081055e-08,-0.009057193994522095,14.709076881408691,20.018091201782227,1.4901161193847656e-08,-0.006916165351867676,15.142447471618652,18.394948959350586,-7.450580596923828e-09,-0.006922543048858643
10.450000000000,1254,0.24143455729221366,0.21822827974955233,0.0,2.6140639781951904,2.617643952155736,-0.1299820840358734,16.116430282592773,19.517404556274414,0.4186873435974121,-0.07635514438152313,6.026179313659668,6.550161361694336,16.969852447509766,20.606704711914062,1.1175870895385742e-08,-0.008885473012924194,17.392681121826172,18.980785369873047,-4.0978193283081055e-08,-0.009058475494384766,14.840669631958008,20.052997589111328,1.4901161193847656e-08,-0.006917297840118408,15.263501167297363,18.427078247070312,-3.3527612686157227e-08,-0.006923496723175049
10.500000000000,1260,0.24143455729221366,0.21822842280069982,0.0,2.614063262939453,2.6176435489299834,-0.12998206913471222,16.244747161865234,19.54319190979004,0.4186873435974121,-0.07635701447725296,6.026179313659668,6.550161361694336,17.10521697998047,20.626934051513672,1.1175870895385742e-08,-0.008884847164154053,17.51749038696289,18.998302459716797,-2.2351741790771484e-08,-0.009057730436325073,14.972488403320312,20.087053298950195,0.0,-0.006916701793670654,15.38476276397705,18.45842170715332,-3.3527612686157227e-08,-0.006922900676727295
10.550000000000,1266,0.24143455729221366,0.21822913805643712,0.0,2.614062547683716,2.6176428024046423,-0.12998202443122864,16.373228073120117,19.568147659301758,0.4186873435974121,-0.07635772228240967,6.026179313659668,6.550161361694336,17.24070930480957,20.646284103393555,-7.450580596923828e-09,-0.008884221315383911,17.64240837097168,19.015012741088867,-2.2351741790771484e-08,-0.009057164192199707,15.104524612426758,20.120250701904297,0.0,-0.006915748119354248,15.506224632263184,18.488981246948242,-3.3527612686157227e-08,-0.006921887397766113
10.600000000000,1272,0.24143455729221366,0.21822870890299473,0.0,2.614063262939453,2.61764325526579,-0.12998206913471222,16.501867294311523,19.592267990112305,0.4186873435974121,-0.07635737955570221,6.026179313659668,6.550161361694336,17.376325607299805,20.664752960205078,1.1175870895385742e-08,-0.008884787559509277,17.767433166503906,19.03091049194336,-2.2351741790771484e-08,-0.009057670831680298,15.236772537231445,20.152589797973633,0.0,-0.006916463375091553,15.627881050109863,18.518747329711914,-3.3527612686157227e-08,-0.006922602653503418
10.650000000000,1278,0.24143455729221366,0.21822842280069982,0.0,2.614063262939453,2.617643535818574,-0.1299820989370346,16.630661010742188,19.61555290222168,0.4186873435974121,-0.0763573944568634,6.026179313659668,6.550161361694336,17.51205825805664,20.682342529296875,1.1175870895385742e-08,-0.008885234594345093,17.892559051513672,19.045997619628906,-2.2351741790771484e-08,-0.009057819843292236,15.36922836303711,20.184072494506836,0.0,-0.006916701793670654,15.749728202819824,18.547725677490234,-3.3527612686157227e-08,-0.006922900676727295
10.700000000000,1284,0.24143455729221366,0.21822856585184724,0.0,2.6140635013580322,2.6176437167142512,-0.12998205423355103,16.759601593017578,19.638002395629883,0.4186873435974121,-0.07635748386383057,6.026179313659668,6.550161361694336,17.64790153503418,20.699052810668945,1.1175870895385742e-08,-0.008884519338607788,18.017776489257812,19.060272216796875,-2.2351741790771484e-08,-0.00905752182006836,15.501883506774902,20.214691162109375,0.0,-0.006916165351867676,15.871760368347168,18.575912475585938,-3.3527612686157227e-08,-0.006922304630279541
10.750000000000,1290,0.24143455729221366,0.21822899500528964,0.0,2.614063024520874,2.617643058155583,-0.12998205423355103,16.888690948486328,19.65961456298828,0.4186873435974121,-0.07635626196861267,6.026179313659668,6.550161361694336,17.783857345581055,20.71487808227539,1.1175870895385742e-08,-0.00888410210609436,18.14309310913086,19.073734283447266,-2.2351741790771484e-08,-0.00905686616897583,15.63473892211914,20.24445152282715,0.0,-0.006915867328643799,15.993975639343262,18.603307723999023,-3.3527612686157227e-08,-0.006922125816345215
10.800000000000,1296,0.24143455729221366,0.21822913805643712,0.0,2.614062786102295,2.617643191819349,-0.12998202443122864,17.01791763305664,19.680389404296875,0.4186873435974121,-0.07635463029146194,6.026179313659668,6.550161361694336,17.91990852355957,20.72982406616211,-1.4901161193847656e-08,-0.008884459733963013,18.26849365234375,19.086383819580078,-4.0978193283081055e-08,-0.009056955575942993,15.76778793334961,20.273347854614258,-2.9802322387695312e-08,-0.006915748119354248,16.116369247436523,18.629907608032227,-7.450580596923828e-09,-0.00692218542098999
10.850000000000,1302,0.24143455729221366,0.21822856585184724,0.0,2.6140639781951904,2.6176439762067254,-0.12998206913471222,17.14727020263672,19.70032501220703,0.4186873435974121,-0.07635489106178284,6.026179313659668,6.550161361694336,18.05605125427246,20.743885040283203,-1.4901161193847656e-08,-0.008884727954864502,18.393962860107422,19.098217010498047,-4.0978193283081055e-08,-0.009057566523551941,15.901013374328613,20.301380157470703,-2.9802322387695312e-08,-0.0069162845611572266,16.23892593383789,18.655712127685547,-7.450580596923828e-09,-0.00692257285118103
10.900000000000,1308,0.24143455729221366,0.21822799364725742,0.0,2.6140642166137695,2.6176444177100215,-0.1299820840358734,17.276752471923828,19.71942138671875,0.4186873435974121,-0.07635653018951416,6.026179313659668,6.550161361694336,18.192285537719727,20.757064819335938,1.1175870895385742e-08,-0.008884385228157043,18.519512176513672,19.109241485595703,-4.0978193283081055e-08,-0.009057581424713135,16.034421920776367,20.32855224609375,0.0,-0.006915867328643799,16.361652374267578,18.680727005004883,-3.3527612686157227e-08,-0.006922006607055664
10.950000000000,1314,0.24143455729221366,0.21822799364725742,0.0,2.6140644550323486,2.6176447784581747,-0.1299821138381958,17.406354904174805,19.73767852783203,0.4186873435974121,-0.07635633647441864,6.026179313659668,6.550161361694336,18.32859992980957,20.769359588623047,1.1175870895385742e-08,-0.008884474635124207,18.645132064819336,19.119447708129883,-4.0978193283081055e-08,-0.009057298302650452,16.168001174926758,20.354854583740234,0.0,-0.00691598653793335,16.484535217285156,18.70494270324707,-3.3527612686157227e-08,-0.006922006607055664
11.000000000000,1320,0.24143455729221366,0.21822813669840488,0.0,2.6140644550323486,2.6176445826880634,-0.1299820840358734,17.53607177734375,19.75509262084961,0.4186873435974121,-0.07635605335235596,6.026179313659668,6.550161361694336,18.46499252319336,20.78076934814453,1.1175870895385742e-08,-0.008884787559509277,18.77081298828125,19.12883949279785,-4.0978193283081055e-08,-0.00905764102935791,16.301748275756836,20.380290985107422,1.4901161193847656e-08,-0.006916403770446777,16.60757064819336,18.72835922241211,-3.3527612686157227e-08,-0.006922513246536255
11.050000000000,1326,0.24143455729221366,0.21822827974955233,0.0,2.6140639781951904,2.6176442577321017,-0.12998215854167938,17.6658992767334,19.771665573120117,0.4186873435974121,-0.07635603100061417,6.026179313659668,6.550161361694336,18.601451873779297,20.791296005249023,1.1175870895385742e-08,-0.008884251117706299,18.896549224853516,19.137413024902344,-4.0978193283081055e-08,-0.009057417511940002,16.435657501220703,20.404857635498047,0.0,-0.006915956735610962,16.730754852294922,18.750974655151367,-3.3527612686157227e-08,-0.006922423839569092
11.100000000000,1332,0.24143455729221366,0.21822799364725742,0.0,2.6140644550323486,2.6176445800820147,-0.1299821436405182,17.795833587646484,19.787395477294922,0.4186873435974121,-0.07635447382926941,6.026179313659668,6.550161361694336,18.737979888916016,20.800933837890625,-1.4901161193847656e-08,-0.008884921669960022,19.0223445892334,19.145174026489258,-4.0978193283081055e-08,-0.009057432413101196,16.569725036621094,20.42855453491211,1.4901161193847656e-08,-0.0069161951541900635,16.854087829589844,18.77279281616211,-7.450580596923828e-09,-0.006922513246536255
11.150000000000,1338,0.24143455729221366,0.21822813669840488,0.0,2.6140646934509277,2.6176447364673767,-0.129982128739357,17.925867080688477,19.802282333374023,0.4186873435974121,-0.07635476440191269,6.026179313659668,6.550161361694336,18.87457275390625,20.8096866607666,1.1175870895385742e-08,-0.008885085582733154,19.14818572998047,19.152116775512695,-4.0978193283081055e-08,-0.009057879447937012,16.70394515991211,20.451383590698242,1.4901161193847656e-08,-0.006916791200637817,16.977558135986328,18.793811798095703,-7.450580596923828e-09,-0.0069231390953063965
11.200000000000,1344,0.24143455729221366,0.21822799364725742,0.0,2.6140644550323486,2.6176444731244004,-0.1299821436405182,18.055994033813477,19.816326141357422,0.4186873435974121,-0.07635635882616043,6.026179313659668,6.550161361694336,19.011215209960938,20.817554473876953,1.1175870895385742e-08,-0.008884146809577942,19.274070739746094,19.15824317932129,-4.0978193283081055e-08,-0.009056873619556427,16.838308334350586,20.47334098815918,0.0,-0.006915926933288574,17.10116195678711,18.814029693603516,-3.3527612686157227e-08,-0.006922364234924316
11.250000000000,1350,0.24143455729221366,0.21822799364725742,0.0,2.6140646934509277,2.6176448466731665,-0.129982128739357,18.186206817626953,19.829524993896484,0.4186873435974121,-0.07635731250047684,6.026179313659668,6.550161361694336,19.147903442382812,20.824535369873047,1.1175870895385742e-08,-0.008885025978088379,19.399986267089844,19.163555145263672,-2.2351741790771484e-08,-0.00905800610780716,16.972810745239258,20.494426727294922,0.0,-0.006916642189025879,17.224895477294922,18.833446502685547,-3.3527612686157227e-08,-0.006922781467437744
11.300000000000,1356,0.24143455729221366,0.21822799364725742,0.0,2.6140642166137695,2.6176442554763852,-0.1299821138381958,18.316503524780273,19.84187889099121,0.4186873435974121,-0.07635769248008728,6.026179313659668,6.550161361694336,19.284635543823242,20.83062744140625,-7.450580596923828e-09,-0.008884422481060028,19.525936126708984,19.168046951293945,-2.2351741790771484e-08,-0.009057357907295227,17.107446670532227,20.514638900756836,0.0,-0.0069161057472229,17.3487491607666,18.8520565032959,-3.3527612686157227e-08,-0.006922423839569092
11.350000000000,1362,0.24143455729221366,0.21822827974955233,0.0,2.6140644550323486,2.617644652748891,-0.1299820989370346,18.446880340576172,19.85338592529297,0.4186873435974121,-0.07635725289583206,6.026179313659668,6.550161361694336,19.421405792236328,20.835832595825195,1.1175870895385742e-08,-0.008884362876415253,19.65191650390625,19.171720504760742,-2.2351741790771484e-08,-0.009057167917490005,17.242210388183594,20.533973693847656,0.0,-0.006916403770446777,17.47272300720215,18.869861602783203,-3.3527612686157227e-08,-0.006922483444213867
11.400000000000,1368,0.24143455729221366,0.21822813669840488,0.0,2.6140644550323486,2.6176444848866276,-0.1299821138381958,18.57732582092285,19.864046096801758,0.4186873435974121,-0.07635678350925446,6.026179313659668,6.550161361694336,19.558202743530273,20.840150833129883,1.1175870895385742e-08,-0.008884608745574951,19.77791404724121,19.174577713012695,-2.2351741790771484e-08,-0.009057402610778809,17.377098083496094,20.55243492126465,0.0,-0.0069162845611572266,17.59680938720703,18.886863708496094,-3.3527612686157227e-08,-0.006922423839569092
11.450000000000,1374,0.24143455729221366,0.21822799364725742,0.0,2.6140642166137695,2.6176441680737046,-0.1299821436405182,18.707839965820312,19.873863220214844,0.4186873435974121,-0.0763569101691246,6.026179313659668,6.550161361694336,19.695030212402344,20.843584060668945,1.1175870895385742e-08,-0.008885424584150314,19.9039306640625,19.176618576049805,-2.2351741790771484e-08,-0.00905819982290268,17.512104034423828,20.570024490356445,0.0,-0.006917446851730347,17.72100257873535,18.90306282043457,-3.3527612686157227e-08,-0.006923794746398926
11.500000000000,1380,0.24143455729221366,0.21822756449381503,0.0,2.614064931869507,2.617645080613716,-0.1299821436405182,18.83841323852539,19.882831573486328,0.4186873435974121,-0.07635699212551117,6.026179313659668,6.550161361694336,19.831872940063477,20.846126556396484,1.1175870895385742e-08,-0.008883841335773468,20.02995491027832,19.177845001220703,-2.2351741790771484e-08,-0.009056543000042439,17.647220611572266,20.586734771728516,0.0,-0.006915062665939331,17.845300674438477,18.918453216552734,-3.3527612686157227e-08,-0.006921559572219849
11.550000000000,1386,0.24143455729221366,0.2182277075449625,0.0,2.6140646934509277,2.617645133594793,-0.1299821138381958,18.969043731689453,19.89095115661621,0.4186873435974121,-0.0763547420501709,6.026179313659668,6.550161361694336,19.968732833862305,20.847782135009766,1.1175870895385742e-08,-0.008883848786354065,20.155986785888672,19.17824935913086,3.3527612686157227e-08,-0.009056741371750832,17.782440185546875,20.602567672729492,1.4901161193847656e-08,-0.00691559910774231,17.969696044921875,18.933034896850586,-3.3527612686157227e-08,-0.0069217681884765625
11.600000000000,1392,0.24143455729221366,0.2182277075449625,0.0,2.6140646934509277,2.6176450001773506,-0.1299821436405182,19.09972381591797,19.898223876953125,0.4186873435974121,-0.07635337114334106,6.026179313659668,6.550161361694336,20.10559844970703,20.848548889160156,-1.4901161193847656e-08,-0.00888467114418745,20.28201675415039,19.177837371826172,3.3527612686157227e-08,-0.00905751995742321,17.917760848999023,20.617523193359375,1.4901161193847656e-08,-0.006916433572769165,18.09418296813965,18.94681167602539,-7.450580596923828e-09,-0.006922394037246704
11.650000000000,1398,0.24143455729221366,0.21822827974955233,0.0,2.6140644550323486,2.6176444659192133,-0.12998218834400177,19.23044776916504,19.90464973449707,0.4186873435974121,-0.07635337114334106,6.026179313659668,6.550161361694336,20.24246597290039,20.848430633544922,-1.4901161193847656e-08,-0.008884157054126263,20.408044815063477,19.176607131958008,3.3527612686157227e-08,-0.00905689224600792,18.053176879882812,20.631601333618164,1.4901161193847656e-08,-0.006916165351867676,18.2187557220459,18.959779739379883,-7.450580596923828e-09,-0.006922304630279541
11.700000000000,1404,0.24143455729221366,0.21822856585184724,0.0,2.6140635013580322,2.617643822527795,-0.1299821138381958,19.3612117767334,19.910226821899414,0.4186873435974121,-0.07635416835546494,6.026179313659668,6.550161361694336,20.379331588745117,20.847421646118164,1.1175870895385742e-08,-0.008884640410542488,20.534061431884766,19.174560546875,3.3527612686157227e-08,-0.009057141840457916,18.188682556152344,20.644800186157227,1.4901161193847656e-08,-0.006916210055351257,18.34341049194336,18.971939086914062,-7.450580596923828e-09,-0.006922617554664612
11.750000000000,1410,0.24143455729221366,0.21822870890299473,0.0,2.614063262939453,2.6176433108940564,-0.1299820840358734,19.492008209228516,19.914955139160156,0.4186873435974121,-0.07635547965765,6.026179313659668,6.550161361694336,20.51618766784668,20.845523834228516,1.1175870895385742e-08,-0.00888492539525032,20.660058975219727,19.171695709228516,-4.0978193283081055e-08,-0.009057864546775818,18.324268341064453,20.657121658325195,1.4901161193847656e-08,-0.006917044520378113,18.468141555786133,18.98328971862793,-3.3527612686157227e-08,-0.006923243403434753
11.800000000000,1416,0.24143455729221366,0.21822899500528964,0.0,2.614063024520874,2.6176432482806593,-0.1299820989370346,19.622833251953125,19.91883659362793,0.4186873435974121,-0.07635615020990372,6.026179313659668,6.550161361694336,20.653026580810547,20.842741012573242,1.1175870895385742e-08,-0.008884120732545853,20.786039352416992,19.168014526367188,-4.0978193283081055e-08,-0.009056784212589264,18.459932327270508,20.668561935424805,1.4901161193847656e-08,-0.0069158971309661865,18.592945098876953,18.993833541870117,-3.3527612686157227e-08,-0.006921976804733276
11.850000000000,1422,0.24143455729221366,0.21822899500528964,0.0,2.614062786102295,2.6176429461170727,-0.12998199462890625,19.753679275512695,19.92186737060547,0.4186873435974121,-0.0763557031750679,6.026179313659668,6.550161361694336,20.789846420288086,20.83907127380371,1.1175870895385742e-08,-0.008883841335773468,20.911989212036133,19.163516998291016,-4.0978193283081055e-08,-0.00905667245388031,18.59566879272461,20.679122924804688,1.4901161193847656e-08,-0.0069154053926467896,18.717811584472656,19.00356674194336,-3.3527612686157227e-08,-0.006921842694282532
11.900000000000,1428,0.24143455729221366,0.21822885195414218,0.0,2.614063024520874,2.6176431157383453,-0.1299820840358734,19.884544372558594,19.92405128479004,0.4186873435974121,-0.07635507732629776,6.026179313659668,6.550161361694336,20.926639556884766,20.834514617919922,1.1175870895385742e-08,-0.008884169161319733,21.03791046142578,19.158201217651367,-4.0978193283081055e-08,-0.00905684381723404,18.731470108032227,20.68880271911621,1.4901161193847656e-08,-0.00691591203212738,18.842741012573242,19.01249122619629,-7.450580596923828e-09,-0.006922245025634766
11.950000000000,1434,0.24143455729221366,0.21822870890299473,0.0,2.614063024520874,2.61764328352598,-0.12998206913471222,20.015419006347656,19.925384521484375,0.4186873435974121,-0.07635515928268433,6.026179313659668,6.550161361694336,21.063398361206055,20.82906723022461,1.1175870895385742e-08,-0.008884385228157043,21.163793563842773,19.152067184448242,-4.0978193283081055e-08,-0.009057089686393738,18.86733055114746,20.697599411010742,1.4901161193847656e-08,-0.006916061043739319,18.967723846435547,19.020599365234375,-7.450580596923828e-09,-0.006922394037246704
12.000000000000,1440,0.24143455729221366,0.21822827974955233,0.0,2.6140642166137695,2.617644186397389,-0.1299821138381958,20.14630126953125,19.92586898803711,0.4186873435974121,-0.07635553926229477,6.026179313659668,6.550161361694336,21.200119018554688,20.822734832763672,1.1175870895385742e-08,-0.0088844895362854,21.289630889892578,19.145118713378906,-4.0978193283081055e-08,-0.009057372808456421,19.003244400024414,20.705516815185547,1.4901161193847656e-08,-0.006916239857673645,19.092756271362305,19.02790069580078,-3.3527612686157227e-08,-0.006922587752342224
