time_s,tick,input.steering,input.throttle,input.brake,state.position.0,state.position.1,state.position.2,state.heading,state.speed,state.pitch,state.roll,state.surface,state.steering,state.throttle,state.brake,state.rpm,state.gear,state.acceleration,state.lateral_acceleration,state.dynamics.aerodynamic_force,state.dynamics.rolling_force,state.dynamics.grade_force,state.dynamics.front_load,state.dynamics.rear_load,state.dynamics.yaw_rate,state.dynamics.sideslip,state.dynamics.traction_limited,state.active,state.generation,state.signal,state.velocity.0,state.velocity.1,state.velocity.2,state.hazards,wheel0.position.0,wheel0.position.1,wheel0.position.2,wheel0.orientation.0,wheel0.orientation.1,wheel0.orientation.2,wheel0.orientation.3,wheel1.position.0,wheel1.position.1,wheel1.position.2,wheel1.orientation.0,wheel1.orientation.1,wheel1.orientation.2,wheel1.orientation.3,wheel2.position.0,wheel2.position.1,wheel2.position.2,wheel2.orientation.0,wheel2.orientation.1,wheel2.orientation.2,wheel2.orientation.3,wheel3.position.0,wheel3.position.1,wheel3.position.2,wheel3.orientation.0,wheel3.orientation.1,wheel3.orientation.2,wheel3.orientation.3
0.050000000000,6,0.16108565016884308,0.14061179478963204,0.0,3.0499168133246712e-05,0.23060251772403717,0.4162638187408447,-0.0010840761242434382,5.514894962310791,9.308291191700846e-05,-0.00014503661077469587,asphalt,0.1532212335828107,0.08,0.0,1303.904505282082,1,-0.7569069862365723,0.1952078491449356,12.803149080214048,159.99999999995927,0.008398070073898355,5931.68804006814,5840.311959928864,-0.0021762505639344454,0.03435669733248716,False,True,0,0,0.004982132464647293,5.514894962310791,0.061275020241737366,False,-0.8399484753608704,1.3306186199188232,0.3302346169948578,0.9134466648101807,-0.40695619583129883,0.0005468404851853848,-0.0012305331183597445,0.8400514721870422,1.3305869102478027,0.3302311599254608,0.9135136008262634,-0.40680599212646484,0.000546637864317745,-0.0012306228745728731,-0.8399900794029236,-0.8693814873695374,0.3302379548549652,0.9134474992752075,-0.4069565534591675,2.693816895771306e-06,-9.156611668004189e-06,0.840009868144989,-0.8694131970405579,0.3302346169948578,0.9135144352912903,-0.4068063199520111,2.6923105451714946e-06,-9.15705368242925e-06
0.100000000000,12,0.15989141960238576,0.16094022115071602,0.0,0.0004501879448071122,0.505587100982666,0.4156729578971863,-0.01746351271867752,5.482733726501465,0.0016216381918638945,-0.0014786376850679517,asphalt,0.49048906102068734,0.16,0.0,1543.7984597118764,1,-0.5506761074066162,0.3807115852832794,12.646602170468164,159.99999996751475,0.2372183329562574,5962.3494031058035,5809.650594504095,-0.012115154415369034,0.16821349700103136,False,True,0,0,0.0204963106662035,5.482728004455566,0.09095732867717743,False,-0.8392122387886047,1.60584557056427,0.32994672656059265,0.6704410314559937,-0.7419495582580566,0.0032803493086248636,-0.0029814194422215223,0.8407875895500183,1.6053334474563599,0.3299351632595062,0.6714342832565308,-0.7410508394241333,0.003276275470852852,-0.0029857440385967493,-0.8398827910423279,-0.5941542983055115,0.3299700915813446,0.6704474687576294,-0.7419570088386536,0.00010445579391671345,-0.00011177841224707663,0.8401170372962952,-0.5946664214134216,0.3299585282802582,0.6714407801628113,-0.7410582304000854,0.00010423088679090142,-0.00011184940376551822
0.150000000000,18,0.1590606673573034,0.17516293843587227,0.0,0.001744085573591292,0.7791096568107605,0.41633474826812744,-0.06942123919725418,5.460496425628662,0.007948451675474644,-0.004648981615900993,asphalt,0.8897388902762295,0.17516293843587227,0.0,1685.5432728834885,1,-0.37530702352523804,0.5037563443183899,12.537942884829086,159.99999899756736,1.317749501771053,5970.987047375353,5801.012878870666,-0.02726833149790764,0.35239890703434557,False,True,0,0,0.04329570755362511,5.460447788238525,0.1041942909359932,False,-0.8369154334068298,1.8801385164260864,0.3297998607158661,-0.3137185573577881,0.9494791030883789,-0.007935138419270515,0.00266346731223166,0.8430833220481873,1.8781030178070068,0.32978054881095886,-0.3178032636642456,0.9481197595596313,-0.007923509925603867,0.002697507617995143,-0.8395810723304749,-0.3198598027229309,0.3298667371273041,-0.313728928565979,0.9495123624801636,-0.0005625133053399622,0.00022857679869048297,0.8404176831245422,-0.32189539074897766,0.32984742522239685,-0.3178139925003052,0.9481528401374817,-0.0005614853580482304,0.00023100973339751363
0.200000000000,24,0.15851408023713626,0.18455767949422186,0.0,0.004243792966008186,1.0516223907470703,0.4174971282482147,-0.16732221841812134,5.446012020111084,0.021412517875432968,-0.008721275255084038,asphalt,1.2849498427261432,0.18455767949422186,0.0,1768.976084705727,1,-0.2358352541923523,0.5859208703041077,12.46684909240985,159.99999149224976,3.8389514518200016,5966.514315261477,5805.485058780799,-0.044046878814697266,0.5477623209927857,False,True,0,0,0.07098864763975143,5.445827960968018,0.10521937906742096,False,-0.8325268030166626,2.1541035175323486,0.3297539949417114,0.09603110700845718,0.9952976703643799,-0.012621497735381126,-0.0011455247877165675,0.8474660515785217,2.149197578430176,0.3297348618507385,0.08669614791870117,0.9961541891098022,-0.012631647288799286,-0.0010271318024024367,-0.838951587677002,-0.045887287706136703,0.32986533641815186,0.09604017436504364,0.9953764081001282,-0.0014607841148972511,-6.44612664473243e-05,0.8410412669181824,-0.0507933646440506,0.32984620332717896,0.08670397847890854,0.9962330460548401,-0.0014612484956160188,-5.072658314020373e-05
0.250000000000,30,0.15819053996586716,0.19013266881306953,0.0,0.008171233348548412,1.323485255241394,0.4185980558395386,-0.3128606975078583,5.43762731552124,0.04092814400792122,-0.012243164703249931,asphalt,1.6436891472122974,0.19013266881306953,0.0,1817.9974296011646,1,-0.12887299060821533,0.6393106579780579,12.425251020970013,159.99996595759342,7.679189130386178,5954.814287261363,5817.1832080685745,-0.06023725867271423,0.7322437118303899,False,True,0,0,0.10190263390541077,5.437151908874512,0.09834904223680496,False,-0.8257902264595032,2.42811918258667,0.329786479473114,0.4895307421684265,0.8718188405036926,-0.014934291131794453,-0.008274948224425316,0.854184627532959,2.418945550918579,0.3297726511955261,0.4750489592552185,0.8797937035560608,-0.015069031156599522,-0.0080268494784832,-0.8378035426139832,0.2281513512134552,0.3299259543418884,0.4896029829978943,0.8719412088394165,-0.002433003392070532,-0.0012436227407306433,0.842171311378479,0.21897774934768677,0.32991206645965576,0.4751187264919281,0.8799174427986145,-0.0024532268289476633,-0.0012032408267259598
0.300000000000,36,0.15803459864108924,0.19282346089680977,0.0,0.013671740889549255,1.5949739217758179,0.41930875182151794,-0.5028563141822815,5.433802604675293,0.06329265236854553,-0.014530278742313385,asphalt,1.953031826699001,0.19282346089680977,0.0,1846.8845505402335,1,-0.05186310410499573,0.6735565066337585,12.405771093123276,159.99991363228807,12.231533481161948,5940.028421225288,5831.965224270307,-0.07475366443395615,0.8950022675030707,False,True,0,0,0.13489653170108795,5.432827949523926,0.08879021555185318,False,-0.8166179656982422,2.7024030685424805,0.3298601508140564,0.7999833822250366,0.599639356136322,-0.012939679436385632,-0.017082974314689636,0.8633173704147339,2.6876587867736816,0.32985252141952515,0.7843716144561768,0.6199209094047546,-0.01337273046374321,-0.016746142879128456,-0.8359267711639404,0.5024861693382263,0.3300033211708069,0.8001623153686523,0.5997673869132996,-0.0027334927581250668,-0.003435394261032343,0.8440085649490356,0.4877418875694275,0.3299957513809204,0.7845470905303955,0.6200537085533142,-0.0028205367270857096,-0.003364295233041048
0.350000000000,42,0.15799805865658237,0.1934543164571125,0.0,0.02083924598991871,1.8662874698638916,0.4195578694343567,-0.7319287657737732,5.433210372924805,0.08437129855155945,-0.015517410822212696,asphalt,2.210867363950732,0.1934543164571125,0.0,1864.0976077347214,1,0.001089734025299549,0.6946951150894165,12.401970533175627,159.99983945586553,16.676402647369535,5924.931602944578,5847.0565850207295,-0.08719471096992493,1.0325153277918564,False,True,0,0,0.16923457384109497,5.431491374969482,0.08134185522794724,False,-0.8050141334533691,2.9770607948303223,0.3299376368522644,0.9741225242614746,0.22455726563930511,-0.005872316658496857,-0.024997839704155922,0.8748487234115601,2.9556002616882324,0.32993561029434204,0.9653266072273254,0.2597789466381073,-0.006776098627597094,-0.024768130853772163,-0.8331183195114136,0.7772377729415894,0.3300539255142212,0.9744254946708679,0.2246198207139969,-0.001566731953062117,-0.0061937919817864895,0.8467445373535156,0.7557771801948547,0.3300519585609436,0.965627133846283,0.25985264778137207,-0.0017905918648466468,-0.006132818758487701
0.400000000000,48,0.1580430345966632,0.19267783482869455,0.0,0.029733341187238693,2.1375606060028076,0.419479638338089,-0.9940525889396667,5.434807300567627,0.09956079721450806,-0.015715261921286583,asphalt,2.4206395998972194,0.19267783482869455,0.0,1874.6043206771908,1,0.03548990935087204,0.7081771492958069,12.408803687103049,159.99976809940637,20.042691082249434,5911.198093363642,5860.784844550182,-0.09753675758838654,1.1445984116317347,False,True,0,0,0.20439575612545013,5.432078838348389,0.07741175591945648,False,-0.7910289764404297,3.252124547958374,0.32999762892723083,0.9813903570175171,-0.1896977424621582,0.005555934738367796,-0.02927217446267605,0.8887181878089905,3.2229788303375244,0.32999739050865173,0.9894211292266846,-0.14197906851768494,0.0041327401995658875,-0.02950676716864109,-0.8291970491409302,1.0524522066116333,0.33006659150123596,0.9817876815795898,-0.18978339433670044,0.0015117552829906344,-0.008543234318494797,0.85055011510849,1.0233066082000732,0.3300664722919464,0.9898222088813782,-0.14204490184783936,0.001096512540243566,-0.008606388233602047
0.450000000000,54,0.15814040117060182,0.19099755605061836,0.0,0.04039178043603897,2.408878803253174,0.41924673318862915,-1.2834030389785767,5.437790870666504,0.10745640099048615,-0.015728415921330452,asphalt,2.5882502537531535,0.19099755605061836,0.0,1881.2905116884274,1,0.055763497948646545,0.7180549502372742,12.422403755093983,159.9997232122033,21.896693604147895,5899.652379230631,5872.327256107226,-0.10595373809337616,1.2342824414118043,False,True,0,0,0.24014726281166077,5.433775424957275,0.07670722156763077,False,-0.7747310996055603,3.527585744857788,0.33002761006355286,0.8195767402648926,-0.5719727277755737,0.019254708662629128,-0.027755657210946083,0.9048474431037903,3.489957571029663,0.33002761006355286,0.8532571196556091,-0.5203952789306641,0.017508208751678467,-0.028889141976833344,-0.8240073323249817,1.3281337022781372,0.33005616068840027,0.8199877738952637,-0.572271466255188,0.006297179032117128,-0.009262853302061558,0.8555712103843689,1.2905054092407227,0.3300560414791107,0.8536859750747681,-0.5206676721572876,0.005714565049856901,-0.009633206762373447
0.500000000000,60,0.15826785823347708,0.1887994321187336,0.0,0.05284196138381958,2.6802890300750732,0.4190059006214142,-1.5947675704956055,5.441550254821777,0.11020970344543457,-0.015769075602293015,asphalt,2.72030690720315,0.1887994321187336,0.0,1885.808888798523,1,0.06569605320692062,0.7252330780029297,12.439834482696483,159.99970514808663,22.599926932399562,5890.502596468764,5881.47570980171,-0.11269994080066681,1.3052625572622512,False,True,0,0,0.2763368785381317,5.435965061187744,0.0777948722243309,False,-0.7561894655227661,3.803412914276123,0.3300318419933319,0.5157669186592102,-0.8559013605117798,0.03219792991876602,-0.019509781152009964,0.9231598973274231,3.7566580772399902,0.33003154397010803,0.5790888667106628,-0.8143946528434753,0.030628373846411705,-0.021891551092267036,-0.8174174427986145,1.6042609214782715,0.3300372064113617,0.5160737633705139,-0.8564310073852539,0.011848868802189827,-0.007300646509975195,0.8619319200515747,1.5575059652328491,0.33003684878349304,0.5794351100921631,-0.8148995041847229,0.011262129992246628,-0.008176829665899277
0.550000000000,66,0.15840931082196985,0.18636184056599922,0.0,0.06710407137870789,2.9518094062805176,0.4188269078731537,-1.9236891269683838,5.445642948150635,0.11019250005483627,-0.015857111662626266,asphalt,2.8231914214480716,0.18636184056599922,0.0,1889.0891390607064,1,0.06809691339731216,0.7303248047828674,12.458978984836522,159.9997034525783,22.66481272518872,5883.618149082686,5888.3600324407635,-0.11804146319627762,1.3608882950969923,False,True,0,0,0.312841534614563,5.438206195831299,0.0792812705039978,False,-0.7354663610458374,4.079558849334717,0.33002516627311707,-0.12205613404512405,0.9916588664054871,-0.04109140858054161,0.005149269010871649,0.9435868859291077,4.02316427230835,0.3300246298313141,-0.21132305264472961,0.9765385985374451,-0.040456511080265045,0.008847787044942379,-0.8093181848526001,1.8807945251464844,0.3300193250179291,-0.12213291227817535,0.9923717379570007,-0.016644220799207687,0.0021878897678107023,0.8697350025177002,1.8243995904922485,0.3300188481807709,-0.2114645540714264,0.9772415161132812,-0.01637781411409378,0.0036855596117675304
0.600000000000,72,0.15855318980248911,0.18388448079427072,0.0,0.08319251239299774,3.2234387397766113,0.4187200367450714,-2.266453504562378,5.449758529663086,0.10895761847496033,-0.015964139252901077,asphalt,2.9026170116867127,0.18388448079427072,0.0,1891.6434668588965,1,0.06544896960258484,0.7338805794715881,12.478336881819706,159.99970938401106,22.437001393290043,5878.737772180757,5893.240845747856,-0.12222882360219955,1.4040824993713577,False,True,0,0,0.3495646119117737,5.440190315246582,0.08052065223455429,False,-0.7126169204711914,4.355967044830322,0.33001625537872314,0.29331937432289124,0.9549504518508911,-0.04313261806964874,-0.013153156265616417,0.9660689234733582,4.2895283699035645,0.3300156593322754,0.19056160748004913,0.9806390404701233,-0.044282760471105576,-0.008512361906468868,-0.7996211051940918,2.157684087753296,0.33000648021698,0.2935712933540344,0.955732524394989,-0.018946640193462372,-0.005674002226442099,0.879064679145813,2.091245412826538,0.3300058841705322,0.19072885811328888,0.981443464756012,-0.01944090612232685,-0.00363618484698236
0.650000000000,78,0.1586917482344544,0.18150067647298165,0.0,0.10111716389656067,3.4951610565185547,0.41866984963417053,-2.620035171508789,5.453690052032471,0.10738464444875717,-0.01606682874262333,asphalt,2.9634666088450645,0.18150067647298165,0.0,1893.7466241522811,1,0.05960865318775177,0.7363150119781494,12.49689702033176,159.9997176025736,22.11746942304867,5875.542914275397,5896.436308333957,-0.12548428773880005,1.4373453593019945,False,True,0,0,0.38643336296081543,5.441713809967041,0.0813334584236145,False,-0.6876881122589111,4.6325764656066895,0.3300090730190277,0.6578630208969116,0.7515609860420227,-0.03670957311987877,-0.032011110335588455,0.9905557036399841,4.555779933929443,0.33000853657722473,0.5615509152412415,0.8260074853897095,-0.04033099114894867,-0.027307646349072456,-0.7882565259933472,2.4348719120025635,0.3299989402294159,0.658481240272522,0.7522497773170471,-0.01729508675634861,-0.014952845871448517,0.8899872899055481,2.3580753803253174,0.32999852299690247,0.5620803236961365,0.8267666101455688,-0.018985629081726074,-0.012737870216369629
0.700000000000,84,0.15881999506943215,0.17929597218831367,0.0,0.12088453769683838,3.766951560974121,0.4186558723449707,-2.9819982051849365,5.457305908203125,0.10585138946771622,-0.016163645312190056,asphalt,3.009785000750941,0.17929597218831367,0.0,1895.5418743753812,1,0.05192573368549347,0.7380576133728027,12.514027907083799,159.99972565867753,21.799708566157513,5873.7118252508,5898.2679900864,-0.12799710035324097,1.462751041352452,False,True,0,0,0.42339274287223816,5.442650318145752,0.08181709051132202,False,-0.6607194542884827,4.909325122833252,0.33000442385673523,0.9075911045074463,0.4165893793106079,-0.02188671939074993,-0.04746119678020477,1.0170058012008667,4.821928024291992,0.330003947019577,0.8415667414665222,0.5376185774803162,-0.028214793652296066,-0.04399453103542328,-0.7751696705818176,2.7122998237609863,0.3299947679042816,0.9085303544998169,0.417007714509964,-0.01098252460360527,-0.023589259013533592,0.9025554656982422,2.6249027252197266,0.32999441027641296,0.8424391746520996,0.5381627678871155,-0.014126737602055073,-0.02185186930000782
0.750000000000,90,0.15893547488977042,0.1773121388753254,0.0,0.14249862730503082,4.038780689239502,0.41866254806518555,-3.35041880607605,5.460546970367432,0.1043827161192894,-0.01624855026602745,asphalt,3.044848023282466,0.1773121388753254,0.0,1897.102843548603,1,0.04351695254445076,0.7393507361412048,12.529411545545535,159.9997332530048,21.49586108848048,5872.934059485049,5899.046314604779,-0.1299249827861786,1.4820614467801765,False,True,0,0,0.46040835976600647,5.4429426193237305,0.08203138411045074,False,-0.6317436695098877,5.186153888702393,0.3300020396709442,0.998407244682312,0.008453975431621075,-0.0005656535504385829,-0.05577768385410309,1.0453848838806152,5.08797025680542,0.33000168204307556,0.9851906895637512,0.16213519871234894,-0.009150196798145771,-0.05502492934465408,-0.7603185176849365,2.98991060256958,0.3299929201602936,0.9995368123054504,0.008451682515442371,-0.00038903276436030865,-0.029231758788228035,0.9168099761009216,2.8917272090911865,0.3299926221370697,0.9863070845603943,0.16230739653110504,-0.004886896815150976,-0.02882300317287445
0.800000000000,96,0.15903677851300257,0.17557292302449531,0.0,0.1659618467092514,4.310615062713623,0.4186772108078003,-3.7237789630889893,5.463377475738525,0.10299259424209595,-0.016309862956404686,asphalt,3.0712639793017664,0.17557292302449531,0.0,1898.467777450305,1,0.03493039309978485,0.7402415871620178,12.542887094900943,159.99974037546127,21.20693731689807,5872.950423331241,5899.030474793323,-0.13139665126800537,1.4966723758359632,False,True,0,0,0.4974507987499237,5.44256067276001,0.08204904943704605,False,-0.6007874011993408,5.463006496429443,0.33000123500823975,0.9140259623527527,-0.40130341053009033,0.023738281801342964,-0.05430149659514427,1.0756657123565674,5.353896617889404,0.33000099658966064,0.9690611958503723,-0.2396003007888794,0.014133148826658726,-0.05755357816815376,-0.7436709403991699,3.2676479816436768,0.3299928307533264,0.9151470065116882,-0.40180879831314087,0.012931532226502895,-0.02980666793882847,0.9327822327613831,3.1585381031036377,0.3299925923347473,0.9702520966529846,-0.2399066686630249,0.007660595700144768,-0.03157493844628334
0.850000000000,102,0.15912391442050017,0.1740777524312336,0.0,0.19127526879310608,4.582421779632568,0.4186912775039673,-4.100907802581787,5.465803623199463,0.10173160582780838,-0.01634986698627472,asphalt,3.091082216776772,0.1740777524312336,0.0,1899.6576931595525,1,0.026669977232813835,0.7409006953239441,12.55446022384096,159.99974680595895,20.942659332984004,5873.524695041848,5898.456676206582,-0.13251517713069916,1.5076655566162935,False,True,0,0,0.5344980955123901,5.441512107849121,0.08196140825748444,False,-0.5678722262382507,5.739833831787109,0.3300013840198517,0.6689979434013367,-0.7406131625175476,0.04648005589842796,-0.0421132929623127,1.1078263521194458,5.619690895080566,0.3300011456012726,0.7957192659378052,-0.6024091839790344,0.037782661616802216,-0.05006396025419235,-0.7252027988433838,3.5454628467559814,0.32999387383461,0.6698793172836304,-0.7416073679924011,0.02645583637058735,-0.024089425802230835,0.9504957795143127,3.425320625305176,0.32999375462532043,0.7967717051506042,-0.6032201647758484,0.02148308977484703,-0.0286127720028162
0.900000000000,108,0.15919754535247238,0.17281489690144844,0.0,0.21843887865543365,4.854167938232422,0.41870036721229553,-4.480893135070801,5.4678449630737305,0.10064457356929779,-0.016374872997403145,asphalt,3.1058957930476954,0.17281489690144844,0.0,1900.6873111560874,1,0.018893156200647354,0.7413718700408936,12.564226874778926,159.99975232941742,20.71296659249208,5874.464455775182,5897.517321861706,-0.13336189091205597,1.515907127430705,False,True,0,0,0.5715348720550537,5.439820289611816,0.08184570074081421,False,-0.5330162048339844,6.016587257385254,0.33000174164772034,-0.30625808238983154,0.9496467709541321,-0.06293640285730362,0.020396901294589043,1.1418488025665283,5.885334491729736,0.330001562833786,-0.4932503402233124,0.8673679232597351,-0.05746310204267502,0.03278748318552971,-0.7048961520195007,3.823307991027832,0.32999542355537415,-0.30668407678604126,0.9510082006454468,-0.03716276213526726,0.012134585529565811,0.9699687957763672,3.6920554637908936,0.32999542355537415,-0.49394547939300537,0.8686135411262512,-0.033912427723407745,0.019449148327112198
0.950000000000,114,0.15925870566117928,0.17176633199055977,0.0,0.24745196104049683,5.125821590423584,0.4187038838863373,-4.863039016723633,5.46953821182251,0.09974563121795654,-0.016390487551689148,asphalt,3.116932249099077,0.17176633199055977,0.0,1901.5690324209402,1,0.012163978070020676,0.7417060136795044,12.572329570423447,159.99975687666438,20.521940198971183,5875.618608117821,5896.36350408276,-0.1340005248785019,1.5220640328932968,False,True,0,0,0.6085498332977295,5.437522888183594,0.08174976706504822,False,-0.4962335526943207,6.2932257652282715,0.33000198006629944,0.11038964241743088,0.9914496541023254,-0.06916560232639313,-0.0076047577895224094,1.1777187585830688,6.1508049964904785,0.3300018608570099,-0.11075356602668762,0.9914090633392334,-0.06914152204990387,0.007820268161594868,-0.6827381253242493,4.101141452789307,0.32999691367149353,0.11057023704051971,0.9929623603820801,-0.04218077287077904,-0.004552987404167652,0.9912141561508179,3.958721160888672,0.329996794462204,-0.11091113090515137,0.9929243326187134,-0.042147424072027206,0.0048520369455218315
1.000000000000,120,0.159308801311862,0.17090773900349923,0.0,0.27831336855888367,5.397353649139404,0.4187030494213104,-5.246814250946045,5.470919132232666,0.09901510924100876,-0.01640099473297596,asphalt,3.1251305630905692,0.17090773900349923,0.0,1902.3157044679735,1,0.006018742918968201,0.7419678568840027,12.578961788501969,159.99976054344535,20.36659663595234,5876.869689294149,5895.112692689842,-0.13448065519332886,1.526645464690151,False,True,0,0,0.6455349326133728,5.434658050537109,0.08169318735599518,False,-0.4575361907482147,6.569711685180664,0.33000198006629944,0.5075196027755737,0.8585427403450012,-0.06288520246744156,-0.03706244379281998,1.215424656867981,6.416081428527832,0.33000198006629944,0.2896229028701782,0.954353392124176,-0.06987644731998444,-0.021105410531163216,-0.6587193012237549,4.3789262771606445,0.32999786734580994,0.508354902267456,0.8599303364753723,-0.03947431966662407,-0.023169124498963356,1.0142415761947632,4.225296497344971,0.32999780774116516,0.290104478597641,0.9558997750282288,-0.043840192258358,-0.013155217282474041
1.050000000000,126,0.15934907520655278,0.17021766026814766,0.0,0.31102144718170166,5.668735504150391,0.41869989037513733,-5.631810188293457,5.472027778625488,0.09841153025627136,-0.016408532857894897,asphalt,3.1312045296606703,0.17021766026814766,0.0,1902.9399816031148,1,0.0009102374315261841,0.7421589493751526,12.584293378112983,159.99976353675623,20.238900761835062,5878.139096610571,5893.843505606269,-0.13484011590480804,1.530044516278837,False,True,0,0,0.6824838519096375,5.431267738342285,0.08167532831430435,False,-0.41693395376205444,6.846010208129883,0.3300018906593323,0.8150734901428223,0.5742983818054199,-0.04408227652311325,-0.062396541237831116,1.254956841468811,6.681142807006836,0.3300018310546875,0.6427940130233765,0.7622199058532715,-0.05846454203128815,-0.049178216606378555,-0.6328333616256714,4.6566267013549805,0.3299984335899353,0.8164829611778259,0.5752756595611572,-0.028413087129592896,-0.04007750377058983,1.0390572547912598,4.491758823394775,0.3299984335899353,0.6439089179039001,0.7635232210159302,-0.03764745965600014,-0.031562041491270065
1.100000000000,132,0.15938110725699314,0.1696689160664875,0.0,0.34557437896728516,5.93994140625,0.41869619488716125,-6.017719745635986,5.472905158996582,0.09789004176855087,-0.01641411893069744,asphalt,3.1356938712152287,0.1696689160664875,0.0,1903.455615649308,1,-0.0035667195916175842,0.742300808429718,12.588529640149885,159.999766085754,20.129520850409385,5879.362712502532,5892.620077256819,-0.1351085901260376,1.5325652854090208,False,True,0,0,0.7193930745124817,5.427394390106201,0.0816844031214714,False,-0.37443527579307556,7.122091770172119,0.3300016522407532,0.9787595272064209,0.18884582817554474,-0.015211801044642925,-0.07833055406808853,1.2963072061538696,6.945967197418213,0.33000171184539795,0.8913378715515137,0.4462618827819824,-0.035809263586997986,-0.07130757719278336,-0.605076014995575,4.934211730957031,0.32999855279922485,0.9805392026901245,0.18917590379714966,-0.010084510780870914,-0.05151300132274628,1.0656664371490479,4.758087158203125,0.3299984931945801,0.8929618000984192,0.4470613896846771,-0.02362718991935253,-0.04687261953949928
1.150000000000,138,0.15940601213817723,0.16924233754475898,0.0,0.3819701671600342,6.2109479904174805,0.4186931550502777,-6.404308795928955,5.4735870361328125,0.09741618484258652,-0.01641840673983097,asphalt,3.1390047997291486,0.16924233754475898,0.0,1903.875799833959,1,-0.0071855708956718445,0.7423911094665527,12.591825734549202,159.99976837269008,20.030877935222247,5880.509759319893,5891.47319870078,-0.13530834019184113,1.534430500309669,False,True,0,0,0.7562592029571533,5.423073768615723,0.08170557022094727,False,-0.33004701137542725,7.397928714752197,0.3300013542175293,0.9696815013885498,-0.22977818548679352,0.019086359068751335,-0.08096592873334885,1.3394689559936523,7.210535526275635,0.33000147342681885,0.9948514103889465,0.057887472212314606,-0.004928805399686098,-0.08303900808095932,-0.5754445791244507,5.2116546630859375,0.32999855279922485,0.9715316295623779,-0.2302301973104477,0.012740971520543098,-0.05438704043626785,1.0940715074539185,5.024261474609375,0.3299984931945801,0.9967533946037292,0.05798589810729027,-0.003387375036254525,-0.05575667321681976
1.200000000000,144,0.1594252569695724,0.168912747701009,0.0,0.42020654678344727,6.481733322143555,0.4186912477016449,-6.791403770446777,5.474112033843994,0.0969734787940979,-0.01642119511961937,asphalt,3.1414418024687936,0.168912747701009,0.0,1904.2138317026543,1,-0.010061554610729218,0.7424477934837341,12.594365534681655,159.9997704944529,19.938923063220454,5881.549697487662,5890.43341664171,-0.13545644283294678,1.535808581481533,False,True,0,0,0.7930805087089539,5.4183454513549805,0.08172720670700073,False,-0.2837751805782318,7.673496723175049,0.33000117540359497,0.789465069770813,-0.6076595187187195,0.052727703005075455,-0.06866245716810226,1.384436845779419,7.474828243255615,0.3300011157989502,0.9365372657775879,-0.3397104740142822,0.029429033398628235,-0.08141667395830154,-0.5439376831054688,5.4889302253723145,0.3299984335899353,0.7910407781600952,-0.6088891625404358,0.036015238612890244,-0.047024697065353394,1.1242743730545044,5.290262222290039,0.3299983739852905,0.9384118914604187,-0.3404037058353424,0.020063206553459167,-0.055730488151311874
1.250000000000,150,0.15943972539800905,0.16866498311360664,0.0,0.4602813422679901,6.752277374267578,0.4186903238296509,-7.178873062133789,5.4745049476623535,0.09656168520450592,-0.016423271968960762,asphalt,3.1432322976373572,0.16866498311360664,0.0,1904.4821988298809,1,-0.01253817230463028,0.7424986958503723,12.596278230251137,159.99977246443623,19.85316484938407,5882.476122957077,5889.507136113821,-0.13556601107120514,1.536821811775243,False,True,0,0,0.8298552632331848,5.413235187530518,0.08174248039722443,False,-0.2356249839067459,7.948773384094238,0.3300008773803711,-0.46997398138046265,0.8780844807624817,-0.07926440238952637,0.04253475368022919,1.431205153465271,7.738828182220459,0.3300008177757263,0.7259416580200195,-0.6818479299545288,0.06151494011282921,-0.065635085105896,-0.5105547308921814,5.766016483306885,0.3299984335899353,-0.4709494709968567,0.8799358010292053,-0.05513039603829384,0.029669079929590225,1.1562755107879639,5.556071758270264,0.32999831438064575,0.7274582982063293,-0.6832897067070007,0.04275796562433243,-0.04573165625333786
1.300000000000,156,0.15945045218749412,0.1684813054402668,0.0,0.5021921992301941,7.022562026977539,0.418690025806427,-7.566620349884033,5.474795818328857,0.09619075804948807,-0.016425006091594696,asphalt,3.1445455991315208,0.1684813054402668,0.0,1904.6920568616893,1,-0.014331817626953125,0.7425126433372498,12.59769529790945,159.99977424411398,19.775371362539342,5883.283076092982,5888.700313917704,-0.13564686477184296,1.537567260315207,False,True,0,0,0.8665828704833984,5.407773971557617,0.0817495584487915,False,-0.18560108542442322,8.223739624023438,0.3300006091594696,-0.06768294423818588,0.9933314323425293,-0.09311413764953613,0.006442120298743248,1.4797701835632324,8.002518653869629,0.3300006091594696,-0.3973914086818695,0.9128900766372681,-0.08554085344076157,0.03734328970313072,-0.4752961993217468,6.042893409729004,0.3299984633922577,-0.06781793385744095,0.995513379573822,-0.06582116335630417,0.004627958405762911,1.190075159072876,5.8216729164123535,0.3299984633922577,-0.3982522785663605,0.9148995876312256,-0.06044279783964157,0.02646719105541706
1.350000000000,162,0.15945828884022178,0.16834712346394845,0.0,0.5459367632865906,7.292570114135742,0.418690025806427,-7.954571723937988,5.475006580352783,0.09587284922599792,-0.01642642915248871,asphalt,3.1455074013865967,0.16834712346394845,0.0,1904.8539908184064,1,-0.01589815318584442,0.7425389289855957,12.598732922761833,159.99977577791887,19.708079130822576,5883.970448758938,5888.013054101443,-0.13570629060268402,1.5381157885735037,False,True,0,0,0.9032632112503052,5.401983737945557,0.08174994587898254,False,-0.13370776176452637,8.498376846313477,0.3300003707408905,0.34632307291030884,0.9331164956092834,-0.09070563316345215,-0.0335608534514904,1.5301275253295898,8.265885353088379,0.3300003707408905,-0.004402024205774069,0.9953023195266724,-0.09671392291784286,0.0005254325806163251,-0.43816256523132324,6.319541931152344,0.329998642206192,0.34712907671928406,0.935248851776123,-0.06507658213376999,-0.024000708013772964,1.225672721862793,6.087049961090088,0.329998642206192,-0.004399290308356285,0.9975818991661072,-0.06935998052358627,0.00044958130456507206
1.400000000000,168,0.159463752982651,0.168253568013509,0.0,0.5915126204490662,7.562284469604492,0.4186899960041046,-8.34267520904541,5.475153923034668,0.09561650454998016,-0.016427170485258102,asphalt,3.14621077635278,0.168253568013509,0.0,1904.976859778499,1,-0.017007388174533844,0.7425684332847595,12.599454678565035,159.99977702408273,19.65323685701229,5884.553084848289,5887.430509698599,-0.13574977219104767,1.5385167186585111,False,True,0,0,0.9398949146270752,5.395880699157715,0.08174645900726318,False,-0.07994861155748367,8.772666931152344,0.3300001919269562,0.6989145874977112,0.7081666588783264,-0.07130806148052216,-0.07023899257183075,1.5822736024856567,8.528909683227539,0.33000025153160095,0.38905251026153564,0.9157618284225464,-0.09216108918190002,-0.03904740884900093,-0.3991551101207733,6.595944404602051,0.3299988806247711,0.7005912661552429,0.7098456025123596,-0.05187194421887398,-0.05099375173449516,1.2630671262741089,6.3521881103515625,0.32999882102012634,0.38999223709106445,0.917940616607666,-0.06700409948825836,-0.02831086702644825
1.450000000000,174,0.15946742926007382,0.16819062550862618,0.0,0.6389173269271851,7.831690788269043,0.4186897575855255,-8.730890274047852,5.475250720977783,0.095423623919487,-0.01642768085002899,asphalt,3.146724479410308,0.16819062550862618,0.0,1905.068241679148,1,-0.017897576093673706,0.7425556778907776,12.599939517019216,159.9997779706902,19.611475229086494,5885.037959440649,5886.945704752882,-0.135781392455101,1.5388142731498073,False,True,0,0,0.9764772057533264,5.389480113983154,0.08174201846122742,False,-0.024327507242560387,9.046594619750977,0.3300001323223114,0.9278517365455627,0.35830962657928467,-0.037364449352025986,-0.09648425877094269,1.6362050771713257,8.791581153869629,0.3300000727176666,0.7189578413963318,0.6873094439506531,-0.07156798243522644,-0.07472171634435654,-0.35827523469924927,6.872084617614746,0.32999905943870544,0.9301571249961853,0.3591849207878113,-0.02755408175289631,-0.07095584273338318,1.3022572994232178,6.617071628570557,0.32999905943870544,0.7207494378089905,0.6890038847923279,-0.052702054381370544,-0.05492221936583519
1.500000000000,180,0.15946976874953717,0.16815057118733712,0.0,0.6881483793258667,8.100772857666016,0.4186893105506897,-9.119175910949707,5.475312232971191,0.09528881311416626,-0.0164281465113163,asphalt,3.147099194591631,0.16815057118733712,0.0,1905.134586239636,1,-0.018616877496242523,0.742569088935852,12.600251047102306,159.99977863956875,19.581912509150495,5885.4339631011635,5886.549750305107,-0.13580434024333954,1.539031914862933,False,True,0,0,1.0130095481872559,5.382795810699463,0.08173881471157074,False,0.03315192461013794,9.320143699645996,0.3299998939037323,0.9927770495414734,-0.054580748081207275,0.005767032504081726,-0.1066836416721344,1.691918134689331,9.053881645202637,0.3299998939037323,0.9316809773445129,0.34721148014068604,-0.03740127757191658,-0.10007897019386292,-0.31552425026893616,7.147946357727051,0.32999923825263977,0.9953312873840332,-0.05473540350794792,0.004221463575959206,-0.07938404381275177,1.343241810798645,6.881685733795166,0.32999923825263977,0.9340834617614746,0.348092645406723,-0.02789461798965931,-0.07444151490926743
1.550000000000,186,0.15947113903645496,0.16812711079915352,0.0,0.7392033338546753,8.369519233703613,0.4186887741088867,-9.50752067565918,5.475347995758057,0.09520167857408524,-0.016428247094154358,asphalt,3.1473722118533796,0.16812711079915352,0.0,1905.1815119204023,1,-0.019001901149749756,0.7425414323806763,12.600433140413152,159.99977907681364,19.562563255770076,5885.753368804535,5886.23037677203,-0.13582085072994232,1.5391898326997626,False,True,0,0,1.0494909286499023,5.3758392333984375,0.08173781633377075,False,0.09248663485050201,9.593300819396973,0.3299998939037323,0.8823348879814148,-0.4575355648994446,0.05064723640680313,-0.09788388013839722,1.7494100332260132,9.315803527832031,0.32999977469444275,0.9926937222480774,-0.04911978170275688,0.005348691251128912,-0.11008083075284958,-0.2709046006202698,7.423517227172852,0.3299994170665741,0.8846824169158936,-0.45876893401145935,0.038023486733436584,-0.07363635301589966,1.386018991470337,7.14601993560791,0.3299993574619293,0.9953415989875793,-0.04926421865820885,0.0039531271904706955,-0.0827796459197998
1.600000000000,192,0.15947184089488334,0.1681150945027668,0.0,0.7920796275138855,8.637913703918457,0.41868823766708374,-9.89590835571289,5.47536563873291,0.09514924883842468,-0.016427604481577873,asphalt,3.1475709178265103,0.1681150945027668,0.0,1905.2136594915414,1,-0.019274622201919556,0.7425333857536316,12.60052528451759,159.99977934275412,19.550785316226087,5886.007199005783,5885.976566137352,-0.13583263754844666,1.5393087912738694,False,True,0,0,1.0859216451644897,5.368617057800293,0.08173854649066925,False,0.15367327630519867,9.866050720214844,0.32999977469444275,0.6161589622497559,-0.7793892621994019,0.08903908729553223,-0.07051648199558258,1.8086775541305542,9.5773286819458,0.3299996554851532,0.8921817541122437,-0.4371626377105713,0.04988835006952286,-0.10203760862350464,-0.22441768646240234,7.698780536651611,0.3299994170665741,0.6178506016731262,-0.7815506458282471,0.06757240742444992,-0.053602419793605804,1.4305866956710815,7.41005802154541,0.32999953627586365,0.8946405053138733,-0.4383823871612549,0.0378231555223465,-0.07751564681529999
1.650000000000,198,0.15947202471541286,0.16811194737752266,0.0,0.846774697303772,8.90594482421875,0.41868770122528076,-10.284331321716309,5.475368499755859,0.09511936455965042,-0.01642727293074131,asphalt,3.1477153929318877,0.16811194737752266,0.0,1905.2346842405927,1,-0.019552752375602722,0.7425351142883301,12.600549417552998,159.99977949531927,19.544025323882146,5886.208129718249,5885.775646649866,-0.1358409970998764,1.5393882065622526,False,True,0,0,1.1222991943359375,5.361133575439453,0.08174104243516922,False,0.21670880913734436,10.138381958007812,0.329999715089798,-0.24137525260448456,0.9633592367172241,-0.11341819167137146,0.028518812730908394,1.8697178363800049,9.838445663452148,0.3299996554851532,0.6466209292411804,-0.7537932991981506,0.08870025724172592,-0.07621851563453674,-0.17606574296951294,7.973724365234375,0.32999953627586365,-0.2420516014099121,0.9661148190498352,-0.08690542727708817,0.02192177250981331,1.4769432544708252,7.673788547515869,0.3299995958805084,0.6484578251838684,-0.7559559345245361,0.06793449819087982,-0.05846376717090607
1.700000000000,204,0.1594719411606028,0.16811337788899727,0.0,0.9032859206199646,9.173599243164062,0.41868728399276733,-10.672770500183105,5.4753642082214355,0.09510188549757004,-0.016427289694547653,asphalt,3.1478203382378958,0.16811337788899727,0.0,1905.2473354503813,1,-0.019780397415161133,0.7425360083580017,12.600540641901082,159.99977958325522,19.540127918872948,5886.361588087069,5885.622194750933,-0.13584692776203156,1.5394527601820327,False,True,0,0,1.1586236953735352,5.353396415710449,0.08174443989992142,False,0.28158971667289734,10.410279273986816,0.32999953627586365,0.1757349967956543,0.9770575165748596,-0.11843273788690567,-0.02120157517492771,1.9325273036956787,10.099143981933594,0.3299995958805084,-0.2960747182369232,0.9475568532943726,-0.11481056362390518,0.03597681224346161,-0.12585102021694183,8.248333930969238,0.32999947667121887,0.17626731097698212,0.9799389243125916,-0.09155956655740738,-0.01632310077548027,1.5250866413116455,7.937199592590332,0.32999947667121887,-0.29693540930747986,0.9503576755523682,-0.08872798830270767,0.027873529121279716
1.750000000000,210,0.15947154009806952,0.1681202443440754,0.0,0.9616106748580933,9.440862655639648,0.41868704557418823,-11.061223030090332,5.475352764129639,0.0950901210308075,-0.016427088528871536,asphalt,3.1478965014382334,0.1681202443440754,0.0,1905.253897420968,1,-0.019783854484558105,0.742530107498169,12.600487988053779,159.99977964082197,19.537576082991848,5886.482782205943,5885.501004867534,-0.13585098087787628,1.53949305993824,False,True,0,0,1.1948930025100708,5.345406532287598,0.08174721896648407,False,0.3483131527900696,10.681729316711426,0.3299995958805084,0.5614680647850037,0.818203330039978,-0.1020345613360405,-0.06989902257919312,1.9971033334732056,10.359407424926758,0.32999953627586365,0.10234332829713821,0.9870303869247437,-0.12303125858306885,-0.012657984159886837,-0.07377568632364273,8.522597312927246,0.32999947667121887,0.5631906390190125,0.8206872344017029,-0.07954736053943634,-0.05441414192318916,1.575014591217041,8.200275421142578,0.32999947667121887,0.10266898572444916,0.9900355339050293,-0.09587857127189636,-0.009798038750886917
1.800000000000,216,0.15947105548206755,0.16812854131062813,0.0,1.021746039390564,9.707725524902344,0.4186869263648987,-11.449690818786621,5.475338459014893,0.09508118033409119,-0.016426734626293182,asphalt,3.147951729741873,0.16812854131062813,0.0,1905.2561418959367,1,-0.0198582261800766,0.7424997091293335,12.600424364801729,159.99977968394896,19.53566411957463,5886.573164024728,5885.4106262218165,-0.13585372269153595,1.539525637724179,False,True,0,0,1.2311067581176758,5.337167739868164,0.08174934983253479,False,0.4168756306171417,10.95272159576416,0.32999947667121887,0.8477230072021484,0.5150004029273987,-0.06604647636413574,-0.10852719843387604,2.0634427070617676,10.619229316711426,0.3299995958805084,0.4837777018547058,0.8659207820892334,-0.11095710098743439,-0.061877451837062836,-0.019842306151986122,8.796500205993652,0.3299994170665741,0.8503934144973755,0.5166049599647522,-0.051913533359766006,-0.08517840504646301,1.6267247200012207,8.463007926940918,0.32999953627586365,0.4853094816207886,0.8686335682868958,-0.08715211600065231,-0.04852726683020592
1.850000000000,222,0.15947060428906468,0.16813626607259102,0.0,1.0836894512176514,9.974172592163086,0.4186869263648987,-11.838167190551758,5.475326061248779,0.09507355093955994,-0.016427047550678253,asphalt,3.1479917456714768,0.16813626607259102,0.0,1905.2556304170892,1,-0.019815698266029358,0.7425090670585632,12.600365129504556,159.99977972016683,19.534058315231032,5886.6369220887045,5885.34687082257,-0.1358555257320404,1.539544525767845,False,True,0,0,1.2672637701034546,5.328685283660889,0.08175042271614075,False,0.48727425932884216,11.223240852355957,0.32999953627586365,0.9840346574783325,0.12111960351467133,-0.016028521582484245,-0.12941785156726837,2.131542444229126,10.878592491149902,0.32999953627586365,0.7861884832382202,0.6040710806846619,-0.07953138649463654,-0.10334725677967072,0.0359468013048172,9.070030212402344,0.3299994170665741,0.9872203469276428,0.12149637192487717,-0.012739398516714573,-0.10233426839113235,1.680214762687683,8.725380897521973,0.3299994170665741,0.7887415289878845,0.6060134172439575,-0.06294383853673935,-0.08168641477823257
1.900000000000,228,0.15947011967565305,0.16814456303914377,0.0,1.1474378108978271,10.240193367004395,0.4186869263648987,-12.22663688659668,5.47531270980835,0.0950675681233406,-0.01642715558409691,asphalt,3.1480207176055175,0.16814456303914377,0.0,1905.2534945182954,1,-0.01978890597820282,0.7424820065498352,12.600303700454555,159.9997797491666,19.532772447119594,5886.6833233774805,5885.300471667454,-0.13585679233074188,1.539565551703994,False,True,0,0,1.303362250328064,5.319957256317139,0.08175085484981537,False,0.5595051050186157,11.493277549743652,0.32999953627586365,0.9464612007141113,-0.2937985062599182,0.03956298157572746,-0.12778283655643463,2.2013986110687256,11.13748836517334,0.32999947667121887,0.9604537487030029,0.24420267343521118,-0.03305799141526222,-0.1296181082725525,0.09358912706375122,9.343175888061523,0.32999947667121887,0.9496089816093445,-0.29479071497917175,0.03143572807312012,-0.10175016522407532,1.7354825735092163,8.987386703491211,0.32999947667121887,0.9636561870574951,0.24500100314617157,-0.026380442082881927,-0.10317640751600266
1.950000000000,234,0.1594696517743215,0.16815257390340158,0.0,1.2129883766174316,10.505773544311523,0.4186869263648987,-12.615113258361816,5.475298881530762,0.09506352990865707,-0.016426902264356613,asphalt,3.1480416786366674,0.16815257390340158,0.0,1905.250326907595,1,-0.019769340753555298,0.7424608469009399,12.600240077667769,159.9997797692927,19.531879993418304,5886.716689159194,5885.267107366518,-0.13585762679576874,1.5395783195184258,False,True,0,0,1.339400291442871,5.3109846115112305,0.08175094425678253,False,0.6335652470588684,11.76281452178955,0.32999953627586365,0.7417954206466675,-0.6564571261405945,0.09080220758914948,-0.10275498032569885,2.2730088233947754,11.395901679992676,0.32999953627586365,0.9783425331115723,-0.15505576133728027,0.021367685869336128,-0.1354512721300125,0.15308192372322083,9.615921020507812,0.32999947667121887,0.7443265318870544,-0.6587164998054504,0.07270310074090958,-0.08236957341432571,1.7925255298614502,9.249008178710938,0.32999953627586365,0.9816911220550537,-0.15560217201709747,0.01705700159072876,-0.108533576130867
2.000000000000,240,0.15946925071703266,0.16815944035847968,0.0,1.2803378105163574,10.770903587341309,0.4186869263648987,-13.003593444824219,5.475286960601807,0.09506167471408844,-0.016426289454102516,asphalt,3.148056833577999,0.16815944035847968,0.0,1905.246691362524,1,-0.01980002224445343,0.7425141930580139,12.60018742444845,159.99977977999404,19.53140544685325,5886.737379924435,5885.2464173886265,-0.13585810363292694,1.5395842064940783,False,True,0,0,1.3753769397735596,5.301769733428955,0.08175098896026611,False,0.7094509601593018,12.031845092773438,0.32999953627586365,-0.40633678436279297,0.9028591513633728,-0.1280669867992401,0.05774535611271858,2.3463690280914307,11.653824806213379,0.32999953627586365,0.8370898365974426,-0.5287201404571533,0.07493719458580017,-0.11882796883583069,0.21442246437072754,9.888258934020996,0.32999947667121887,-0.40775376558303833,0.9060434699058533,-0.10320036113262177,0.04660229757428169,1.8513405323028564,9.510238647460938,0.32999953627586365,0.8400286436080933,-0.5305938124656677,0.060348525643348694,-0.09581311047077179
2.050000000000,246,0.1594689332139972,0.1681648763020832,0.0,1.3494834899902344,11.03557014465332,0.4186869263648987,-13.392075538635254,5.475278377532959,0.09506279230117798,-0.016426287591457367,asphalt,3.148067783651292,0.1681648763020832,0.0,1905.2431000196702,1,-0.019791483879089355,0.7425193786621094,12.600145740727843,159.99977977709435,19.53153403366443,5886.74931587543,5885.234481224288,-0.13585858047008514,1.5395928077757244,False,True,0,0,1.4112907648086548,5.292313575744629,0.08175092190504074,False,0.7871592044830322,12.300352096557617,0.32999953627586365,0.0005487323505803943,0.9896008372306824,-0.14383971691131592,1.8855216694646515e-05,2.4214766025543213,11.911242485046387,0.32999947667121887,0.5598240494728088,-0.8160313963890076,0.11855515092611313,-0.08145228773355484,0.2776080071926117,10.160172462463379,0.32999947667121887,0.0005656029679812491,0.9931784868240356,-0.11660238355398178,7.794602424837649e-05,1.9119253158569336,9.771061897277832,0.32999947667121887,0.561835765838623,-0.8189898133277893,0.09607036411762238,-0.06608030945062637
2.100000000000,252,0.15946863242217896,0.1681700261433918,0.0,1.420421838760376,11.299762725830078,0.4186869263648987,-13.780559539794922,5.4752702713012695,0.09506604820489883,-0.01642592065036297,asphalt,3.1480756907026097,0.1681700261433918,0.0,1905.2397663627953,1,-0.019745036959648132,0.7424754500389099,12.600108444825747,159.99977976314796,19.53215247499435,5886.756243377864,5885.227552695747,-0.13585881888866425,1.5396003619750378,False,True,0,0,1.4471396207809448,5.282615661621094,0.08175100386142731,False,0.8666859865188599,12.568329811096191,0.32999947667121887,0.40693652629852295,0.9015190601348877,-0.13419976830482483,-0.0604681521654129,2.4983274936676025,12.168146133422852,0.32999947667121887,-0.19177988171577454,0.9703373312950134,-0.14438118040561676,0.02863636612892151,0.3426356613636017,10.431653022766113,0.32999953627586365,0.4084600508213043,0.9048579335212708,-0.10940355807542801,-0.049227237701416016,1.974277138710022,10.03147029876709,0.32999953627586365,-0.1924767792224884,0.9739405512809753,-0.11766430735588074,0.023400848731398582
2.150000000000,258,0.15946836505210768,0.16817460378011057,0.0,1.4931496381759644,11.563467025756836,0.4186869263648987,-14.16904067993164,5.4752631187438965,0.0950702652335167,-0.016425661742687225,asphalt,3.1480813970669126,0.16817460378011057,0.0,1905.2366514693865,1,-0.019689366221427917,0.7425066828727722,12.600071148978843,159.9997797442644,19.532989820062255,5886.761108881726,5885.222685802529,-0.1358589082956314,1.5395952046360046,False,True,0,0,1.4829217195510864,5.272675037384033,0.08175113797187805,False,0.9480277895927429,12.835758209228516,0.32999947667121887,0.7410607933998108,0.6543430685997009,-0.099718376994133,-0.11278458684682846,2.576918363571167,12.424522399902344,0.32999947667121887,0.2070845514535904,0.9666704535484314,-0.14722689986228943,-0.03143874555826187,0.409502238035202,10.70268440246582,0.32999953627586365,0.7438910603523254,0.6568218469619751,-0.08173972368240356,-0.09235703200101852,2.0383927822113037,10.291448593139648,0.32999953627586365,0.2078874409198761,0.9703460931777954,-0.12062735855579376,-0.02569570764899254
2.200000000000,264,0.1594681143930367,0.1681788953145344,0.0,1.5676639080047607,11.82667064666748,0.4186869263648987,-14.557517051696777,5.475256443023682,0.09507495909929276,-0.01642618700861931,asphalt,3.1480855129553524,0.1681788953145344,0.0,1905.233775111276,1,-0.01965557038784027,0.7424881458282471,12.600038240924476,159.99977972265262,19.533948097964345,5886.763663672259,5885.220129421908,-0.1358589231967926,1.5396011102795535,False,True,0,0,1.518635630607605,5.262492656707764,0.08175104856491089,False,1.03118097782135,13.102628707885742,0.32999947667121887,0.9439911246299744,0.29188454151153564,-0.045556001365184784,-0.1469995081424713,2.6572458744049072,12.680357933044434,0.32999947667121887,0.571857213973999,0.8057884573936462,-0.125560462474823,-0.08898745477199554,0.4782051146030426,10.973255157470703,0.32999953627586365,0.9476781487464905,0.29300859570503235,-0.03756298869848251,-0.12100079655647278,2.1042702198028564,10.550984382629395,0.32999947667121887,0.5741006135940552,0.8089228868484497,-0.10340440273284912,-0.07320992648601532
2.250000000000,270,0.1594679472871888,0.1681817563374836,0.0,1.64396071434021,12.089364051818848,0.4186869263648987,-14.94599723815918,5.475252151489258,0.09507938474416733,-0.01642637513577938,asphalt,3.1480884800938256,0.1681817563374836,0.0,1905.2312484829924,1,-0.019626393914222717,0.7424895763397217,12.600018496112483,159.99977970179933,19.534872698368158,5886.761856529139,5885.221935030747,-0.1358589380979538,1.5396021388001657,False,True,0,0,1.554280400276184,5.252070903778076,0.08175113797187805,False,1.1161413192749023,13.36893081665039,0.32999947667121887,0.9800285696983337,-0.12172878533601761,0.01928439550101757,-0.1560586541891098,2.7393059730529785,12.935643196105957,0.32999953627586365,0.8432391881942749,0.5140247941017151,-0.08193067461252213,-0.1342145800590515,0.5487406849861145,11.243355751037598,0.32999953627586365,0.9839432239532471,-0.1222306564450264,0.015889927744865417,-0.12908494472503662,2.171905279159546,10.81006908416748,0.32999953627586365,0.8466172218322754,0.5160657167434692,-0.06781751662492752,-0.1109783723950386
2.300000000000,276,0.1594677300498249,0.1681854756673176,0.0,1.7220370769500732,12.351533889770508,0.4186869263648987,-15.334480285644531,5.475245475769043,0.095083087682724,-0.01642690598964691,asphalt,3.1480906180183994,0.1681854756673176,0.0,1905.2290483264499,1,-0.01966814696788788,0.7424845099449158,12.599989975855804,159.99977968415612,19.53565493480241,5886.76294807,5885.220842191788,-0.1358589082956314,1.5396082656855619,False,True,0,0,1.5898534059524536,5.241405487060547,0.08175111562013626,False,1.202905535697937,13.634649276733398,0.3299994170665741,0.8429873585700989,-0.5134026408195496,0.08344845473766327,-0.13720914721488953,2.8230948448181152,13.190367698669434,0.32999953627586365,0.9771875739097595,0.1389767974615097,-0.02270999737083912,-0.15897877514362335,0.6211061477661133,11.512969970703125,0.32999947667121887,0.8464286923408508,-0.5155168175697327,0.06927706301212311,-0.11402431130409241,2.241295576095581,11.06868839263916,0.32999947667121887,0.9811882972717285,0.13953006267547607,-0.018927210941910744,-0.13207051157951355
2.350000000000,282,0.15946762978651713,0.1681871922810871,0.0,1.8018889427185059,12.613167762756348,0.4186869263648987,-15.722959518432617,5.47524356842041,0.09508612751960754,-0.01642683707177639,asphalt,3.1480921577210066,0.1681871922810871,0.0,1905.2270336473832,1,-0.01954929530620575,0.7424540519714355,12.599976812671303,159.99977966961978,19.536299399653267,5886.759469112924,5885.224320079352,-0.13585884869098663,1.5396079790627308,False,True,0,0,1.6253535747528076,5.230503559112549,0.08175108581781387,False,1.2914689779281616,13.899773597717285,0.32999947667121887,0.5572561621665955,-0.8139963150024414,0.13521914184093475,-0.0926898941397667,2.908608913421631,13.444517135620117,0.32999947667121887,0.9520641565322876,-0.25825998187065125,0.04282379522919655,-0.15824586153030396,0.6952975988388062,11.782087326049805,0.3299995958805084,0.5595765709877014,-0.8174139857292175,0.11278394609689713,-0.07738378643989563,2.3124375343322754,11.326830863952637,0.32999953627586365,0.9560468792915344,-0.25935664772987366,0.035671379417181015,-0.13204549252986908
2.400000000000,288,0.15946759636542726,0.16818776448567696,0.0,1.8835129737854004,12.874253273010254,0.4186869263648987,-16.111434936523438,5.4752421379089355,0.09508827328681946,-0.01642722636461258,asphalt,3.148093266079261,0.16818776448567696,0.0,1905.2257301061095,1,-0.01960839331150055,0.7424625754356384,12.599972424944662,159.99977965874317,19.536781600194846,5886.754417111467,5885.229371280561,-0.13585887849330902,1.5396075802243054,False,True,0,0,1.6607799530029297,5.219361782073975,0.0817510187625885,False,1.3818281888961792,14.164291381835938,0.32999947667121887,-0.17345643043518066,0.9705307483673096,-0.16465437412261963,0.029528116807341576,2.9958443641662598,13.698079109191895,0.32999947667121887,0.7721328735351562,-0.6130480170249939,0.10393955558538437,-0.13107085227966309,0.7713121771812439,12.050695419311523,0.32999953627586365,-0.17418375611305237,0.9746906757354736,-0.13792522251605988,0.024795206263661385,2.3853282928466797,11.584484100341797,0.32999953627586365,0.7754303216934204,-0.6156863570213318,0.0870264321565628,-0.10983890295028687
2.450000000000,294,0.1594674793916631,0.16818976720174142,0.0,1.9669053554534912,13.134779930114746,0.4186869263648987,-16.499916076660156,5.475238800048828,0.09508967399597168,-0.016426384449005127,asphalt,3.148094063579297,0.16818976720174142,0.0,1905.2244509581728,1,-0.019562333822250366,0.7424597144126892,12.599954874045743,159.99977965159547,19.537098474836434,5886.754065439066,5885.229722427072,-0.1358589082956314,1.5396106779812972,False,True,0,0,1.6961292028427124,5.207978248596191,0.08175095915794373,False,1.473978877067566,14.428189277648926,0.32999947667121887,0.24052740633487701,0.9555284380912781,-0.16548508405685425,-0.041554052382707596,3.084796905517578,13.951045036315918,0.32999947667121887,-0.4668363928794861,0.8677278757095337,-0.1502104252576828,0.08092539012432098,0.8491462469100952,12.318781852722168,0.32999953627586365,0.2415962517261505,0.9597089290618896,-0.13918592035770416,-0.03488922864198685,2.4599640369415283,11.841638565063477,0.32999953627586365,-0.4688666760921478,0.8715354800224304,-0.12629751861095428,0.06810968369245529
2.500000000000,300,0.15946742926007382,0.16819062550862618,0.0,2.0520622730255127,13.394734382629395,0.4186869263648987,-16.888399124145508,5.475236892700195,0.09509012848138809,-0.01642545871436596,asphalt,3.148094637162429,0.16819062550862618,0.0,1905.22345632859,1,-0.019584178924560547,0.7424658536911011,12.5999482924618,159.99977964893665,19.53721634607992,5886.751401341148,5885.232386329367,-0.1358589231967926,1.5396061156747816,False,True,0,0,1.7314008474349976,5.196356773376465,0.08175091445446014,False,1.567916750907898,14.691455841064453,0.32999953627586365,0.6115585565567017,0.7718376517295837,-0.1364108920097351,-0.10795753449201584,3.175462484359741,14.203401565551758,0.32999947667121887,-0.0859772339463234,0.9809918999671936,-0.17328912019729614,0.015286885201931,0.9287962913513184,12.586334228515625,0.32999953627586365,0.6143079996109009,0.7752816677093506,-0.11518500000238419,-0.09108397364616394,2.536341905593872,12.09827995300293,0.32999953627586365,-0.0863458439707756,0.9853834509849548,-0.14627312123775482,0.012962840497493744
2.550000000000,306,0.15946732899693827,0.1681923421223957,0.0,2.138979434967041,13.654106140136719,0.4186869263648987,-17.27688217163086,5.4752349853515625,0.09509023278951645,-0.01642453484237194,asphalt,3.1480950495300357,0.1681923421223957,0.0,1905.2225784796774,1,-0.01961509883403778,0.7424792051315308,12.599939517019216,159.99977964841872,19.53723930801047,5886.749954289304,5885.2338333431035,-0.13585883378982544,1.5396061842876267,False,True,0,0,1.7665929794311523,5.18449592590332,0.08175083994865417,False,1.6636371612548828,14.954080581665039,0.32999953627586365,0.874171257019043,0.45209452509880066,-0.0815345048904419,-0.15743960440158844,3.267836809158325,14.455138206481934,0.32999947667121887,0.30840811133384705,0.9345850944519043,-0.16839998960494995,-0.05546669661998749,1.0102580785751343,12.853340148925781,0.32999947667121887,0.8781740069389343,0.4541483521461487,-0.06912406533956528,-0.13334767520427704,2.614457607269287,12.354397773742676,0.32999947667121887,0.30983349680900574,0.9388521909713745,-0.14267806708812714,-0.04693291708827019
2.600000000000,312,0.15946729557590586,0.16819291432698555,0.0,2.2276530265808105,13.912882804870605,0.4186869263648987,-17.665363311767578,5.475234508514404,0.09509063512086868,-0.016423789784312248,asphalt,3.148095345878163,0.16819291432698555,0.0,1905.2218320887916,1,-0.01948729157447815,0.7424613833427429,12.599932935439282,159.99977964686485,19.53730819380212,5886.748147506676,5885.235640011406,-0.13585886359214783,1.5396070973913691,False,True,0,0,1.8017042875289917,5.172398567199707,0.08175073564052582,False,1.7611358165740967,15.216050148010254,0.32999953627586365,0.9821251630783081,0.052926480770111084,-0.009819289669394493,-0.1803678274154663,3.3619155883789062,14.706242561340332,0.32999947667121887,0.6521573066711426,0.7362484335899353,-0.1352822184562683,-0.1196984350681305,1.093528151512146,13.11978816986084,0.32999953627586365,0.9867099523544312,0.053158942610025406,-0.00840533897280693,-0.1533195972442627,2.694307804107666,12.609980583190918,0.32999947667121887,0.6552136540412903,0.7396738529205322,-0.1150360107421875,-0.10170675814151764
2.650000000000,318,0.15946731228642125,0.16819262822469064,0.0,2.318079710006714,14.171051979064941,0.4186869263648987,-18.053842544555664,5.4752349853515625,0.09509135782718658,-0.016423240303993225,asphalt,3.148095558768461,0.16819262822469064,0.0,1905.2212975025016,1,-0.019487008452415466,0.7424569725990295,12.599935129299068,159.99977964368802,19.537449026976144,5886.744399046161,5885.239388238187,-0.13585874438285828,1.539606763955303,False,True,0,0,1.8367327451705933,5.160064220428467,0.08175075054168701,False,1.860408902168274,15.477352142333984,0.32999953627586365,0.9165533185005188,-0.3550854027271271,0.06636620312929153,-0.17158037424087524,3.457695245742798,14.95670223236084,0.32999947667121887,0.8894232511520386,0.4184280037879944,-0.07840387523174286,-0.16642454266548157,1.1786037683486938,13.385665893554688,0.32999953627586365,0.9209129214286804,-0.35679420828819275,0.05654728412628174,-0.14635448157787323,2.7758901119232178,12.865015029907227,0.32999947667121887,0.8936673402786255,0.42040619254112244,-0.0669197142124176,-0.14191192388534546
2.700000000000,324,0.15946736241797704,0.16819176991780588,0.0,2.41025447845459,14.42860221862793,0.4186869263648987,-18.44232749938965,5.475235462188721,0.09509231150150299,-0.016422437503933907,asphalt,3.148095711648852,0.16819176991780588,0.0,1905.221122283221,1,-0.01953709125518799,0.7425183653831482,12.599939517019216,159.99977963937167,19.53764037639738,5886.741189869629,5885.242597097143,-0.13585875928401947,1.5396027781047528,False,True,0,0,1.8716776371002197,5.147492408752441,0.0817507803440094,False,1.9614512920379639,15.737975120544434,0.32999947667121887,0.6892479658126831,-0.6998972296714783,0.1333823949098587,-0.13149228692054749,3.555170774459839,15.206507682800293,0.32999947667121887,0.9817495346069336,0.03296550363302231,-0.006384884938597679,-0.18719059228897095,1.2654794454574585,13.650959968566895,0.32999953627586365,0.692584753036499,-0.7033119201660156,0.11407642811536789,-0.11254028230905533,2.859199047088623,13.119491577148438,0.32999947667121887,0.9865216612815857,0.03310893476009369,-0.005520144011825323,-0.16015098989009857
2.750000000000,330,0.15946734570745685,0.1681920560201008,0.0,2.504173755645752,14.685521125793457,0.4186869263648987,-18.830814361572266,5.475235939025879,0.09509305655956268,-0.01642259955406189,asphalt,3.1480958213966392,0.1681920560201008,0.0,1905.2210501867962,1,-0.019506335258483887,0.7424963712692261,12.599941710879575,159.99977963567684,19.537804171501953,5886.739618491607,5885.244168203317,-0.13585887849330902,1.539603691208122,False,True,0,0,1.9065362215042114,5.134684085845947,0.08175070583820343,False,2.0642590522766113,15.997907638549805,0.32999947667121887,-0.34055155515670776,0.9206982851028442,-0.178755521774292,0.06622473895549774,3.6543381214141846,15.455645561218262,0.32999947667121887,0.914305567741394,-0.35735979676246643,0.069302998483181,-0.17758475244045258,1.3541525602340698,13.915658950805664,0.32999953627586365,-0.34222182631492615,0.9252685904502869,-0.15338261425495148,0.05688534677028656,2.9442317485809326,13.373396873474121,0.32999947667121887,0.918831467628479,-0.35914692282676697,0.0594203881919384,-0.15241853892803192
2.800000000000,336,0.15946729557590586,0.16819291432698555,0.0,2.599832534790039,14.941797256469727,0.4186869263648987,-19.219295501708984,5.475234031677246,0.09509353339672089,-0.016423584893345833,asphalt,3.1480959001544018,0.16819291432698555,0.0,1905.2209285322733,1,-0.019486144185066223,0.7424812316894531,12.599932935439282,159.99977963329417,19.53790979638247,5886.741175604212,5885.242610915407,-0.13585886359214783,1.539605361597839,False,True,0,0,1.941306471824646,5.12163782119751,0.08175066113471985,False,2.168826103210449,16.257137298583984,0.32999947667121887,0.06780534982681274,0.978664219379425,-0.19349844753742218,-0.013306654058396816,3.755192279815674,15.704105377197266,0.32999947667121887,0.6982688903808594,-0.6890586614608765,0.1361629068851471,-0.13812445104122162,1.444617748260498,14.179749488830566,0.32999953627586365,0.06816692650318146,0.983608603477478,-0.16654559969902039,-0.011396409943699837,3.0309839248657227,13.62671947479248,0.32999947667121887,0.7017855644226074,-0.6925530433654785,0.11715319752693176,-0.11892198026180267
2.850000000000,342,0.15946737912849884,0.16819148381551094,0.0,2.6972267627716064,15.197419166564941,0.4186869263648987,-19.607786178588867,5.475235939025879,0.0950939729809761,-0.016424834728240967,asphalt,3.1480959566545774,0.16819148381551094,0.0,1905.2209245082117,1,-0.01952531933784485,0.7425056099891663,12.599943904740126,159.99977963115322,19.538004705695396,5886.7372294382785,5885.246556923819,-0.13585877418518066,1.5395927839852197,False,True,0,0,1.9759882688522339,5.108359336853027,0.08175072818994522,False,2.275148630142212,16.51565170288086,0.32999953627586365,0.4636480212211609,0.863777220249176,-0.17386920750141144,-0.0932145044207573,3.8577287197113037,15.951876640319824,0.32999947667121887,-0.3689725697040558,0.9082619547843933,-0.18273663520812988,0.07434234768152237,1.5368715524673462,14.443222045898438,0.32999947667121887,0.4660528600215912,0.868216872215271,-0.1500968486070633,-0.08040586113929749,3.1194515228271484,13.879448890686035,0.32999947667121887,-0.370856910943985,0.9129462838172913,-0.15770258009433746,0.0642189159989357
2.900000000000,348,0.15946739583902222,0.16819119771321603,0.0,2.796351909637451,15.452375411987305,0.4186869263648987,-19.99626350402832,5.4752373695373535,0.09509452432394028,-0.016425728797912598,asphalt,3.148095997174632,0.16819119771321603,0.0,1905.2210887598574,1,-0.019486814737319946,0.7424448728561401,12.599946098600867,159.9997796288741,19.5381057381898,5886.736139514593,5885.24764667982,-0.13585886359214783,1.5396036225961451,False,True,0,0,2.0105793476104736,5.094845294952393,0.08175084739923477,False,2.383221387863159,16.773439407348633,0.32999953627586365,0.7770980000495911,0.5965546369552612,-0.1222323402762413,-0.15906165540218353,3.961942434310913,16.19894790649414,0.32999953627586365,0.019874589517712593,0.9794710874557495,-0.2005632519721985,-0.003970105666667223,1.63090980052948,14.706063270568848,0.32999947667121887,0.7811874151229858,0.5996695756912231,-0.10583333671092987,-0.1376296877861023,3.2096307277679443,14.131572723388672,0.32999947667121887,0.019996242597699165,0.9846103191375732,-0.17358346283435822,-0.0033797835931181908
2.950000000000,354,0.15946737912849884,0.16819148381551094,0.0,2.8972034454345703,15.70665168762207,0.4186869263648987,-20.384748458862305,5.475236415863037,0.09509521722793579,-0.016426265239715576,asphalt,3.148096026225474,0.16819148381551094,0.0,1905.221153584931,1,-0.01954205334186554,0.7424978017807007,12.599943904740126,159.99977962555906,19.538252694545296,5886.737477577173,5885.246308373335,-0.13585887849330902,1.5395979477636121,False,True,0,0,2.045076847076416,5.081094741821289,0.08175081014633179,False,2.493039608001709,17.030485153198242,0.32999947667121887,0.952924907207489,0.22438740730285645,-0.04683677479624748,-0.19847100973129272,4.067829132080078,16.445302963256836,0.32999953627586365,0.4049503803253174,0.8913084268569946,-0.18570038676261902,-0.08426029235124588,1.726727843284607,14.968257904052734,0.32999953627586365,0.9580221772193909,0.22556771337985992,-0.04069686681032181,-0.17221060395240784,3.3015174865722656,14.383076667785645,0.32999947667121887,0.40713053941726685,0.8960646986961365,-0.16116495430469513,-0.07306589931249619
3.000000000000,360,0.15946734570745685,0.1681920560201008,0.0,2.999776601791382,15.960238456726074,0.4186869263648987,-20.77324676513672,5.475235939025879,0.09509523957967758,-0.01642640307545662,asphalt,3.148096047047376,0.1681920560201008,0.0,1905.2210555960435,1,-0.019436553120613098,0.7425247430801392,12.599939517019216,159.99977962500654,19.53827718727121,5886.738290826603,5885.245495083254,-0.13585884869098663,1.5395904685256738,False,True,0,0,2.079481840133667,5.067111492156982,0.08175089955329895,False,2.6045982837677,17.28678321838379,0.32999947667121887,0.9602770805358887,-0.18686722218990326,0.03948796167969704,-0.20344358682632446,4.175383567810059,16.690935134887695,0.32999953627586365,0.723633885383606,0.6583353281021118,-0.13953514397144318,-0.1532270610332489,1.8243212699890137,15.229798316955566,0.32999953627586365,0.9654988050460815,-0.18790332973003387,0.0342983603477478,-0.17699724435806274,3.395106792449951,14.633952140808105,0.32999947667121887,0.727583646774292,0.6619045734405518,-0.1214304268360138,-0.13326305150985718
3.050000000000,366,0.15946732899693827,0.1681923421223957,0.0,3.104067325592041,16.213125228881836,0.4186869263648987,-21.161725997924805,5.475235939025879,0.09509488940238953,-0.016426075249910355,asphalt,3.1480960619670473,0.1681923421223957,0.0,1905.221007092072,1,-0.019446998834609985,0.7424451112747192,12.599937323159045,159.99977962635327,19.53821748625179,5886.738529851951,5885.245256156992,-0.13585883378982544,1.5396066081378073,False,True,0,0,2.113790512084961,5.0528950691223145,0.08175086975097656,False,2.7178924083709717,17.54231834411621,0.32999953627586365,0.7980961799621582,-0.5645428895950317,0.12151217460632324,-0.17195500433444977,4.28460168838501,16.935834884643555,0.3299995958805084,0.9241920113563538,0.31864622235298157,-0.06872571259737015,-0.19902387261390686,1.9236865043640137,15.49067211151123,0.32999947667121887,0.8025054931640625,-0.5676860213279724,0.10592442005872726,-0.14999185502529144,3.490396022796631,14.88418960571289,0.32999947667121887,0.9293169379234314,0.3203943371772766,-0.05998735502362251,-0.1735483556985855
3.100000000000,372,0.15946736241797704,0.16819176991780588,0.0,3.2100698947906494,16.465299606323242,0.4186869263648987,-21.55020523071289,5.475235462188721,0.09509461373090744,-0.01642594113945961,asphalt,3.1480960726546257,0.16819176991780588,0.0,1905.2209834702815,1,-0.019597738981246948,0.7425158619880676,12.599941710879575,159.99977962794176,19.53814706966478,5886.73690218682,5885.246883938995,-0.13585883378982544,1.5396063401050957,False,True,0,0,2.1480021476745605,5.038446426391602,0.08175099641084671,False,2.832916021347046,17.797080993652344,0.32999953627586365,-0.49526163935661316,0.8420071601867676,-0.18429367244243622,0.10851587355136871,4.395477294921875,17.179988861083984,0.32999953627586365,0.974178671836853,-0.07236067205667496,0.01574263907968998,-0.21328845620155334,2.024817705154419,15.750865936279297,0.32999947667121887,-0.4980361759662628,0.8467631936073303,-0.16107355058193207,0.09490706026554108,3.587379217147827,15.133773803710938,0.32999947667121887,0.9796683192253113,-0.07278642803430557,0.013706485740840435,-0.18645164370536804
3.150000000000,378,0.15946731228642125,0.16819262822469064,0.0,3.317780017852783,16.71674919128418,0.4186869263648987,-21.938703536987305,5.475234508514404,0.09509477764368057,-0.016425810754299164,asphalt,3.148096080308555,0.16819262822469064,0.0,1905.2208692232985,1,-0.019493281841278076,0.7424893975257874,12.599935129299068,159.99977962749284,19.53816697000459,5886.739307360528,5885.244478732257,-0.13585875928401947,1.5396014225572914,False,True,0,0,2.182114839553833,5.023765563964844,0.08175100386142731,False,2.949664831161499,18.051057815551758,0.32999947667121887,-0.10545313358306885,0.9704188704490662,-0.21589748561382294,0.023561565205454826,4.5080060958862305,17.423383712768555,0.32999953627586365,0.8656863570213318,-0.4510214328765869,0.100258968770504,-0.19265243411064148,2.127711057662964,16.01036834716797,0.32999947667121887,-0.10603617131710052,0.9759857654571533,-0.18915517628192902,0.02069760113954544,3.6860525608062744,15.382696151733398,0.32999953627586365,0.8706419467926025,-0.45362380146980286,0.08779437094926834,-0.1688201129436493
3.200000000000,384,0.1594672621548798,0.1681934865315754,0.0,3.4271926879882812,16.96746253967285,0.4186869263648987,-22.327186584472656,5.475234031677246,0.09509477764368057,-0.016426507383584976,asphalt,3.1480960857885263,0.1681934865315754,0.0,1905.220638053291,1,-0.019475579261779785,0.7424379587173462,12.599928547720282,159.99977962707848,19.538185339549024,5886.739920904956,5885.243865157343,-0.13585874438285828,1.5396085683624143,False,True,0,0,2.2161271572113037,5.008853912353516,0.08175090700387955,False,3.0681328773498535,18.30423355102539,0.32999953627586365,0.3023775517940521,0.927336573600769,-0.20965583622455597,-0.0682574212551117,4.622182846069336,17.666011810302734,0.32999947667121887,0.6165955662727356,-0.7557745575904846,0.17077994346618652,-0.13945919275283813,2.2323617935180664,16.269166946411133,0.32999947667121887,0.3041618764400482,0.9327380061149597,-0.18411675095558167,-0.05988599732518196,3.7864112854003906,15.630943298339844,0.32999953627586365,0.6201773285865784,-0.7601938843727112,0.14992831647396088,-0.12250230461359024
3.250000000000,390,0.15946729557590586,0.16819291432698555,0.0,3.5383026599884033,17.217430114746094,0.4186869263648987,-22.71567726135254,5.475234031677246,0.09509497135877609,-0.016425857320427895,asphalt,3.148096089711038,0.16819291432698555,0.0,1905.220466596726,1,-0.019542604684829712,0.7425175309181213,12.599932935439282,159.99977962652594,19.53820983227494,5886.738136077177,5885.24564994447,-0.13585878908634186,1.5395990852944312,False,True,0,0,2.250037670135498,4.993712902069092,0.08175083249807358,False,3.188314914703369,18.556604385375977,0.32999947667121887,0.6562088131904602,0.7206293940544128,-0.1655358523130417,-0.15060243010520935,4.738001346588135,17.907859802246094,0.32999953627586365,-0.2676279842853546,0.9371724128723145,-0.2151627540588379,0.06154804676771164,2.338764190673828,16.527252197265625,0.32999947667121887,0.6601163744926453,0.7248879075050354,-0.1457066833972931,-0.13248947262763977,3.888450860977173,15.87850570678711,0.32999953627586365,-0.2691974341869354,0.9427347779273987,-0.18932698667049408,0.0542142391204834
3.300000000000,396,0.15946731228642125,0.16819262822469064,0.0,3.651104688644409,17.466636657714844,0.4186869263648987,-23.104164123535156,5.475234508514404,0.0950951874256134,-0.016426149755716324,asphalt,3.1480960925180597,0.16819262822469064,0.0,1905.2204249019767,1,-0.019548863172531128,0.7424818873405457,12.599932935439282,159.99977962521373,19.538268002498988,5886.737522081601,5885.246263843499,-0.13585881888866425,1.5395983280086518,False,True,0,0,2.2838454246520996,4.978342056274414,0.08175073564052582,False,3.3102052211761475,18.808155059814453,0.32999947667121887,0.8936588168144226,0.3870418667793274,-0.09034556150436401,-0.2083510011434555,4.855457305908203,18.148916244506836,0.32999947667121887,0.12431223690509796,0.9659057855606079,-0.22525078058242798,-0.028888847678899765,2.4469141960144043,16.784608840942383,0.3299995958805084,0.899054765701294,0.38935452699661255,-0.07971806079149246,-0.1837080419063568,3.992166519165039,16.125370025634766,0.32999953627586365,0.12507998943328857,0.9717259407043457,-0.19863884150981903,-0.02542119473218918
3.350000000000,402,0.15946734570745685,0.1681920560201008,0.0,3.7655937671661377,17.715072631835938,0.4186869263648987,-23.492652893066406,5.4752349853515625,0.09509473294019699,-0.016426371410489082,asphalt,3.1480960945263474,0.1681920560201008,0.0,1905.2205163579256,1,-0.019556254148483276,0.7424803972244263,12.599939517019216,159.99977962697486,19.538189931935133,5886.735761216244,5885.248024838432,-0.1358587145805359,1.5396000856046423,False,True,0,0,2.3175485134124756,4.962743282318115,0.0817507952451706,False,3.43379807472229,19.058870315551758,0.32999953627586365,0.9729912877082825,-0.014342165552079678,0.003295488888397813,-0.23037247359752655,4.974545001983643,18.389171600341797,0.3299995958805084,0.4954206645488739,0.8375416398048401,-0.19835223257541656,-0.11721241474151611,2.5568063259124756,17.041223526000977,0.32999947667121887,0.9789517521858215,-0.014454280026257038,0.0028591337613761425,-0.20355917513370514,4.097553730010986,16.371524810791016,0.32999953627586365,0.4984718859195709,0.8426631689071655,-0.17529256641864777,-0.10352306067943573
3.400000000000,408,0.15946734570745685,0.1681920560201008,0.0,3.8817646503448486,17.96272850036621,0.4186869263648987,-23.881145477294922,5.475235462188721,0.09509453922510147,-0.016426317393779755,asphalt,3.1480960959628552,0.1681920560201008,0.0,1905.2206455605121,1,-0.019552767276763916,0.7425395250320435,12.599939517019216,159.9997796282871,19.538131761711085,5886.735918376341,5885.247867774881,-0.13585877418518066,1.539595588699691,False,True,0,0,2.351144313812256,4.946915626525879,0.08175091445446014,False,3.5590879917144775,19.308746337890625,0.32999953627586365,0.8804458975791931,-0.4125557839870453,0.09906645864248276,-0.21165674924850464,5.0952582359313965,18.628612518310547,0.32999953627586365,0.7853814363479614,0.5732043385505676,-0.1378500759601593,-0.18870645761489868,2.668436288833618,17.297090530395508,0.32999947667121887,0.8859161138534546,-0.41514596343040466,0.08765945583581924,-0.18740949034690857,4.204606533050537,16.616960525512695,0.32999953627586365,0.790281355381012,0.5767572522163391,-0.12208688259124756,-0.16703680157661438
3.450000000000,414,0.15946741254954722,0.1681909116109211,0.0,3.999612331390381,18.2095890045166,0.4186869263648987,-24.269620895385742,5.475237846374512,0.09509488195180893,-0.01642625965178013,asphalt,3.148096096990148,0.1681909116109211,0.0,1905.220807450264,1,-0.01948028802871704,0.7425073385238647,12.599946098600867,159.99977962683673,19.538196055116615,5886.73401887246,5885.249767172053,-0.13585884869098663,1.539605782238775,False,True,0,0,2.3846325874328613,4.9308624267578125,0.08175087720155716,False,3.6860694885253906,19.557764053344727,0.32999953627586365,0.632636547088623,-0.7372972965240479,0.17978927493095398,-0.15440014004707336,5.217593193054199,18.867231369018555,0.32999947667121887,0.947173535823822,0.21609894931316376,-0.05281258746981621,-0.23102904856204987,2.781798839569092,17.552194595336914,0.32999947667121887,0.6366183161735535,-0.7419754862785339,0.1594420224428177,-0.13699519634246826,4.3133225440979,16.861661911010742,0.32999953627586365,0.9531670212745667,0.21744687855243683,-0.04689778387546539,-0.20491470396518707
3.500000000000,420,0.15946739583902222,0.16819119771321603,0.0,4.119131088256836,18.455644607543945,0.4186869263648987,-24.658100128173828,5.475236892700195,0.09509512782096863,-0.016425762325525284,asphalt,3.1480960977246424,0.16819119771321603,0.0,1905.2210321581633,1,-0.019536763429641724,0.7425040006637573,12.599946098600867,159.99977962566265,19.538248102159184,5886.735047844113,5885.248738114016,-0.13585881888866425,1.539615131284427,False,True,0,0,2.4180104732513428,4.91457986831665,0.08175071328878403,False,3.8147361278533936,19.8059139251709,0.32999953627586365,-0.27356618642807007,0.9313575029373169,-0.23051294684410095,0.06781293451786041,5.341542720794678,19.105012893676758,0.3299995958805084,0.9546971917152405,-0.17555175721645355,0.043355945497751236,-0.2363368421792984,2.896888256072998,17.806522369384766,0.32999947667121887,-0.2752992808818817,0.9373456835746765,-0.20483119785785675,0.060312043875455856,4.423695087432861,17.105621337890625,0.32999947667121887,0.9608249068260193,-0.17669793963432312,0.03847597539424896,-0.21003083884716034
3.550000000000,426,0.15946732899693827,0.1681923421223957,0.0,4.2403154373168945,18.70088005065918,0.4186869263648987,-25.046586990356445,5.4752349853515625,0.0950952097773552,-0.016425393521785736,asphalt,3.1480960982496815,0.1681923421223957,0.0,1905.2210639741427,1,-0.01954197883605957,0.7425113320350647,12.599937323159045,159.99977962531733,19.53826341011288,5886.737994822032,5885.245791110691,-0.13585880398750305,1.5396086773671258,False,True,0,0,2.4512758255004883,4.898070812225342,0.08175075054168701,False,3.945082902908325,20.05318260192871,0.32999953627586365,0.13319024443626404,0.9606944918632507,-0.24127644300460815,-0.03334888443350792,5.46710205078125,19.34194564819336,0.32999953627586365,0.8069859147071838,-0.538003146648407,0.13502687215805054,-0.20271694660186768,3.013699531555176,18.06005859375,0.32999947667121887,0.13408339023590088,0.9669557809829712,-0.21480180323123932,-0.029637347906827927,4.53571891784668,17.34882164001465,0.32999947667121887,0.8122375011444092,-0.5415274500846863,0.12016268819570541,-0.18049688637256622
3.600000000000,432,0.15946736241797704,0.16819176991780588,0.0,4.363159656524658,18.94529151916504,0.4186869263648987,-25.43506622314453,5.475235939025879,0.09509535878896713,-0.016425585374236107,asphalt,3.1480960986249205,0.16819176991780588,0.0,1905.2210220412278,1,-0.01952075958251953,0.742476761341095,12.599941710879575,159.99977962462668,19.538294026020274,5886.736676075701,5885.247109806207,-0.13585880398750305,1.539605561017751,False,True,0,0,2.4844295978546143,4.881339073181152,0.08175063133239746,False,4.0771026611328125,20.299564361572266,0.32999953627586365,0.5157449841499329,0.8204076290130615,-0.2090446949005127,-0.13129591941833496,5.594264507293701,19.578025817871094,0.32999947667121887,0.528321385383606,-0.8123657703399658,0.20688770711421967,-0.134669229388237,3.1322269439697266,18.312803268432617,0.32999947667121887,0.5191802978515625,0.8258256912231445,-0.18645186722278595,-0.11704500019550323,4.649388790130615,17.591262817382812,0.32999947667121887,0.5318026542663574,-0.8177542686462402,0.18447209894657135,-0.12014131247997284
3.650000000000,438,0.15946736241797704,0.16819176991780588,0.0,4.487658500671387,19.188865661621094,0.4186869263648987,-25.82355308532715,5.475235939025879,0.09509561210870743,-0.016425058245658875,asphalt,3.148096098893047,0.16819176991780588,0.0,1905.2211082795013,1,-0.019564568996429443,0.742475152015686,12.599941710879575,159.99977962355618,19.538341480676735,5886.73716392771,5885.246621875436,-0.13585884869098663,1.5396114384801707,False,True,0,0,2.5174691677093506,4.864381313323975,0.08175067603588104,False,4.210790634155273,20.545045852661133,0.32999953627586365,0.8066055774688721,0.5355530381202698,-0.13844609260559082,-0.20833392441272736,5.723025321960449,19.8132381439209,0.32999953627586365,-0.1642407476902008,0.9541774392127991,-0.24649833142757416,0.04253167659044266,3.2524657249450684,18.56473731994629,0.32999947667121887,0.8120393753051758,0.5391306281089783,-0.12371667474508286,-0.1860763430595398,4.764700889587402,17.832927703857422,0.32999947667121887,-0.16532516479492188,0.9605922102928162,-0.2201879769563675,0.03804520517587662
3.700000000000,444,0.15946729557590586,0.16819291432698555,0.0,4.613805770874023,19.431589126586914,0.4186869263648987,-26.212026596069336,5.475234031677246,0.09509586542844772,-0.01642483100295067,asphalt,3.1480960990846,0.16819291432698555,0.0,1905.220936297083,1,-0.019557952880859375,0.7424829006195068,12.599932935439282,159.99977962217488,19.53840271249152,5886.73936931709,5885.2444163844275,-0.13585874438285828,1.5396185624847765,False,True,0,0,2.5503921508789062,4.847198963165283,0.08175046741962433,False,4.346139430999756,20.789615631103516,0.32999953627586365,0.9545839428901672,0.15667496621608734,-0.04114415869116783,-0.2500592768192291,5.853377819061279,20.047569274902344,0.32999947667121887,0.2259051352739334,0.9406085014343262,-0.2464378923177719,-0.059083037078380585,3.3744096755981445,18.81584930419922,0.32999947667121887,0.9610977172851562,0.15771472454071045,-0.03686407953500748,-0.2237371802330017,4.881648063659668,18.073802947998047,0.32999947667121887,0.22746454179286957,0.9470177888870239,-0.2205171436071396,-0.05281473696231842
3.750000000000,450,0.15946731228642125,0.16819262822469064,0.0,4.741596221923828,19.673452377319336,0.4186869263648987,-26.600505828857422,5.475234031677246,0.0950956791639328,-0.016425039619207382,asphalt,3.1480960992214224,0.16819262822469064,0.0,1905.2207427315097,1,-0.019513309001922607,0.7424736022949219,12.599932935439282,159.99977962286553,19.53837209658413,5886.73828280217,5885.2455029501625,-0.1358586549758911,1.5396027127004015,False,True,0,0,2.583198070526123,4.829796314239502,0.08175041526556015,False,4.483143329620361,21.03326416015625,0.32999947667121887,0.9338172674179077,-0.2491801232099533,0.0660845935344696,-0.2480473816394806,5.985315799713135,20.28101348876953,0.3299995958805084,0.578630805015564,0.774139404296875,-0.20567141473293304,-0.153603196144104,3.498053789138794,19.066129684448242,0.32999947667121887,0.940270185470581,-0.25093215703964233,0.059176791459321976,-0.22231310606002808,5.0002264976501465,18.31388282775879,0.32999947667121887,0.5826499462127686,0.7794831991195679,-0.18435408174991608,-0.13761746883392334
3.800000000000,456,0.15946736241797704,0.16819176991780588,0.0,4.871023178100586,19.914443969726562,0.4186869263648987,-26.988988876342773,5.475235939025879,0.09509539604187012,-0.016425400972366333,asphalt,3.148096099319134,0.16819176991780588,0.0,1905.2208219117974,1,-0.019533514976501465,0.7424983382225037,12.599941710879575,159.99977962435042,19.538306272383235,5886.735788344925,5885.247997516658,-0.13585874438285828,1.539602665890206,False,True,0,0,2.615886688232422,4.812171936035156,0.08175041526556015,False,4.621796131134033,21.275976181030273,0.32999947667121887,0.7482677698135376,-0.6103347539901733,0.16424337029457092,-0.20152148604393005,6.118834018707275,20.513559341430664,0.32999947667121887,0.8366491794586182,0.4821113348007202,-0.12988734245300293,-0.225202277302742,3.623391628265381,19.315567016601562,0.32999953627586365,0.7535006999969482,-0.6146408915519714,0.14738570153713226,-0.18091630935668945,5.120429039001465,18.553150177001953,0.32999947667121887,0.8425308465957642,0.48547765612602234,-0.11663135886192322,-0.2021147459745407
3.850000000000,462,0.15946737912849884,0.16819148381551094,0.0,5.002081394195557,20.15455436706543,0.4186869263648987,-27.37746810913086,5.475237846374512,0.095095194876194,-0.016425594687461853,asphalt,3.1480960993889027,0.16819148381551094,0.0,1905.2209821972965,1,-0.01946556568145752,0.7424793243408203,12.599946098600867,159.9997796250756,19.53827412568047,5886.735070832747,5885.248715082191,-0.13585878908634186,1.5396045356993484,False,True,0,0,2.6484546661376953,4.794326305389404,0.08175046741962433,False,4.762091636657715,21.517744064331055,0.32999947667121887,-0.4309864938259125,0.8631059527397156,-0.23547156155109406,0.11769431084394455,6.253925323486328,20.745197296142578,0.32999953627586365,0.9581775665283203,0.1122361347079277,-0.030726436525583267,-0.2614472508430481,3.750417947769165,19.564151763916016,0.32999953627586365,-0.43402811884880066,0.8692626953125,-0.21165665984153748,0.10584637522697449,5.242251873016357,18.791601181030273,0.32999947667121887,0.965000331401825,0.11301510781049728,-0.02767312526702881,-0.23502375185489655
3.900000000000,468,0.1594674626811317,0.16819005330403633,0.0,5.134764194488525,20.393768310546875,0.4186869263648987,-27.76595687866211,5.475239276885986,0.0950952097773552,-0.016425736248493195,asphalt,3.1480960994387104,0.16819005330403633,0.0,1905.2213375160893,1,-0.019489139318466187,0.7424443364143372,12.599952680184238,159.99977962531733,19.53826341011288,5886.733469919356,5885.250316013367,-0.13585889339447021,1.539607094181395,False,True,0,0,2.680901050567627,4.7762603759765625,0.08175046741962433,False,4.904022693634033,21.758554458618164,0.32999947667121887,-0.038223061710596085,0.9630723595619202,-0.26630204916000366,0.010670432820916176,6.3905839920043945,20.975908279418945,0.32999947667121887,0.9237062335014343,-0.27520206570625305,0.07600110024213791,-0.255449503660202,3.8791263103485107,19.811866760253906,0.32999953627586365,-0.038469523191452026,0.9700252413749695,-0.2397453784942627,0.009655708447098732,5.365687847137451,19.029218673706055,0.32999947667121887,0.9303680062294006,-0.27720800042152405,0.0683731958270073,-0.2299918681383133
3.950000000000,474,0.1594674793916631,0.16818976720174142,0.0,5.269066333770752,20.632078170776367,0.4186869263648987,-28.154438018798828,5.4752397537231445,0.0950949564576149,-0.016425838693976402,asphalt,3.1480960994742624,0.16818976720174142,0.0,1905.2216643241063,1,-0.01948690414428711,0.7424942851066589,12.599959261769326,159.99977962604248,19.538231263410115,5886.733324437092,5885.250461548984,-0.13585889339447021,1.5396037098015767,False,True,0,0,2.713224172592163,4.757974147796631,0.0817505419254303,False,5.04758358001709,21.998397827148438,0.32999947667121887,0.36055105924606323,0.892872154712677,-0.2501939535140991,-0.10092179477214813,6.528804302215576,21.205690383911133,0.32999953627586365,0.7391325831413269,-0.617171585559845,0.17283521592617035,-0.2071477323770523,4.009511947631836,20.058700561523438,0.32999953627586365,0.36321714520454407,0.899395763874054,-0.22558799386024475,-0.09094332903623581,5.490732192993164,19.265995025634766,0.32999947667121887,0.7445278167724609,-0.6217054128646851,0.15578560531139374,-0.18679268658161163
4.000000000000,480,0.15946756294434383,0.1681883366902668,0.0,5.4049811363220215,20.86947250366211,0.4186869263648987,-28.54292106628418,5.475241661071777,0.09509435296058655,-0.01642630249261856,asphalt,3.148096099499635,0.1681883366902668,0.0,1905.2220777763014,1,-0.019525617361068726,0.7425029277801514,12.599965843356136,159.99977962870145,19.538113392166647,5886.731864487025,5885.251921694686,-0.1358589380979538,1.5395927121758364,False,True,0,0,2.745422601699829,4.7394700050354,0.08175069093704224,False,5.19276762008667,22.237262725830078,0.32999947667121887,0.6949328780174255,0.665217936038971,-0.18888187408447266,-0.19717244803905487,6.668579578399658,21.43453025817871,0.32999953627586365,-0.43475696444511414,0.8581567406654358,-0.24352462589740753,0.1234874278306961,4.141568183898926,20.304649353027344,0.32999953627586365,0.7001091837882996,0.6701319217681885,-0.17056600749492645,-0.1779821366071701,5.617380142211914,19.501916885375977,0.32999947667121887,-0.4379625618457794,0.8645336031913757,-0.21984164416790009,0.11153499037027359
4.050000000000,486,0.15946749610219607,0.16818948109944648,0.0,5.5425028800964355,21.105939865112305,0.4186869263648987,-28.931400299072266,5.4752397537231445,0.0950937494635582,-0.01642642356455326,asphalt,3.1480960995177396,0.16818948109944648,0.0,1905.2222487589443,1,-0.019578754901885986,0.7425212264060974,12.599959261769326,159.99977963149854,19.537989397741697,5886.735311185483,5885.248475202023,-0.1358589231967926,1.5396070255682688,False,True,0,0,2.777494192123413,4.7207441329956055,0.0817507654428482,False,5.339568138122559,22.475135803222656,0.32999947667121887,0.906021237373352,0.32059526443481445,-0.09226571768522263,-0.26044413447380066,6.809903621673584,21.662416458129883,0.32999953627586365,-0.06029270589351654,0.9591770768165588,-0.27575376629829407,0.01743522472679615,4.275289535522461,20.54969596862793,0.32999953627586365,0.9128443002700806,0.322978138923645,-0.0834612250328064,-0.23544560372829437,5.745624542236328,19.736974716186523,0.32999947667121887,-0.060723695904016495,0.966391384601593,-0.24929964542388916,0.015813156962394714
4.100000000000,492,0.15946742926007382,0.16819062550862618,0.0,5.681624412536621,21.341466903686523,0.4186869263648987,-29.319881439208984,5.4752373695373535,0.09509314596652985,-0.016426343470811844,asphalt,3.148096099530656,0.16819062550862618,0.0,1905.222086315085,1,-0.019638419151306152,0.7424464225769043,12.599950486322923,159.99977963446824,19.537857749339896,5886.738000704286,5885.245785901715,-0.135858952999115,1.5396084529359981,False,True,0,0,2.809436559677124,4.701801776885986,0.08175074309110641,False,5.487977504730225,22.712007522583008,0.32999947667121887,0.9567944407463074,-0.07993827760219574,0.023174405097961426,-0.27859869599342346,6.952768802642822,21.88933753967285,0.3299995958805084,0.3232434391975403,0.904079258441925,-0.2632754445075989,-0.09402324259281158,4.41066837310791,20.7938289642334,0.32999947667121887,0.9640834331512451,-0.08057732880115509,0.020931223407387733,-0.25221481919288635,5.87545919418335,19.97115707397461,0.32999947667121887,0.32572802901268005,0.9109614491462708,-0.23835566639900208,-0.08507034182548523
4.150000000000,498,0.15946744597060197,0.16819033940633127,0.0,5.822339057922363,21.576047897338867,0.4186869263648987,-29.708358764648438,5.475238800048828,0.09509307891130447,-0.01642605848610401,asphalt,3.1480960995398695,0.16819033940633127,0.0,1905.221937486915,1,-0.019515395164489746,0.7424991130828857,12.599952680184238,159.99977963515886,19.5378271334325,5886.737051648371,5885.2467350084435,-0.13585883378982544,1.5396000605972708,False,True,0,0,2.8412511348724365,4.682646751403809,0.08175078779459,False,5.637989521026611,22.947872161865234,0.32999947667121887,0.8386042714118958,-0.465573787689209,0.13718627393245697,-0.24731320142745972,7.097168922424316,22.11528778076172,0.32999953627586365,0.6534780859947205,0.7021271586418152,-0.2070925384759903,-0.19260454177856445,4.547698974609375,21.037038803100586,0.32999947667121887,0.8450653553009033,-0.46919509768486023,0.1243119090795517,-0.2242031693458557,6.006878852844238,20.204456329345703,0.32999947667121887,0.658540666103363,0.7075335383415222,-0.18775556981563568,-0.17455196380615234
4.200000000000,504,0.15946742926007382,0.16819062550862618,0.0,5.964641094207764,21.809667587280273,0.4186869263648987,-30.09683609008789,5.4752373695373535,0.09509340673685074,-0.016426410526037216,asphalt,3.1480960995464407,0.16819062550862618,0.0,1905.2219637253527,1,-0.01964128017425537,0.7424969673156738,12.599952680184238,159.99977963388122,19.537883772861182,5886.737641459226,5885.246145103584,-0.13585889339447021,1.539603021127903,False,True,0,0,2.8729350566864014,4.663273334503174,0.08175074309110641,False,5.789597034454346,23.182710647583008,0.32999947667121887,0.5726482272148132,-0.7682715654373169,0.22929909825325012,-0.17104016244411469,7.24309778213501,22.340251922607422,0.32999953627586365,0.8768279552459717,0.38644519448280334,-0.11546255648136139,-0.26172730326652527,4.686376094818115,21.279312133789062,0.32999947667121887,0.577103853225708,-0.7743000388145447,0.20808608829975128,-0.15527653694152832,6.139876842498779,20.43685531616211,0.32999947667121887,0.8836968541145325,0.38944751024246216,-0.10484085232019424,-0.23752672970294952
4.250000000000,510,0.15946736241797704,0.16819176991780588,0.0,6.108524322509766,22.04231834411621,0.4186869263648987,-30.485313415527344,5.475235939025879,0.09509392827749252,-0.01642652601003647,asphalt,3.1480960995511276,0.16819176991780588,0.0,1905.2216841154864,1,-0.019541561603546143,0.7424639463424683,12.599941710879575,159.999779631464,19.537990928537067,5886.73990437589,5885.243882009075,-0.13585883378982544,1.5396115256829246,False,True,0,0,2.9044859409332275,4.643686294555664,0.08175068348646164,False,5.942793369293213,23.416515350341797,0.32999947667121887,-0.2061665654182434,0.9347697496414185,-0.2824992835521698,0.062410466372966766,7.390549182891846,22.56422233581543,0.32999953627586365,0.9571966528892517,0.008584185503423214,-0.0026963644195348024,-0.28929856419563293,4.826692581176758,21.52064323425293,0.32999947667121887,-0.2077706754207611,0.9421840906143188,-0.2567073106765747,0.05676133558154106,6.274448394775391,20.66834831237793,0.32999947667121887,0.9647823572158813,0.008629227057099342,-0.002499980852007866,-0.26289594173431396
4.300000000000,516,0.15946732899693827,0.1681923421223957,0.0,6.253981590270996,22.27398681640625,0.4186869263648987,-30.873790740966797,5.4752349853515625,0.0950944572687149,-0.016426444053649902,asphalt,3.1480960995544693,0.1681923421223957,0.0,1905.2214062726084,1,-0.019585251808166504,0.7424486875534058,12.599937323159045,159.99977962915037,19.538093491826842,5886.74047115563,5885.24331505911,-0.13585880398750305,1.5396111486459014,False,True,0,0,2.935903310775757,4.623885631561279,0.08175064623355865,False,6.097571849822998,23.649276733398438,0.32999947667121887,0.1959495097398758,0.9359570741653442,-0.28636741638183594,-0.05984886363148689,7.539515495300293,22.787185668945312,0.32999953627586365,0.8818088173866272,-0.36989864706993103,0.11307259649038315,-0.26981982588768005,4.968642711639404,21.76101303100586,0.32999947667121887,0.1975521296262741,0.9434632062911987,-0.2605575621128082,-0.05440631881356239,6.410585880279541,20.89892578125,0.32999947667121887,0.8888777494430542,-0.37288883328437805,0.10283203423023224,-0.24551132321357727
4.350000000000,522,0.15946731228642125,0.16819262822469064,0.0,6.401005268096924,22.50466537475586,0.4186869263648987,-31.26225471496582,5.475234508514404,0.09509488940238953,-0.016425972804427147,asphalt,3.148096099556852,0.16819262822469064,0.0,1905.2210911019724,1,-0.01948755979537964,0.7424821853637695,12.599932935439282,159.99977962711299,19.538183808753658,5886.740544876985,5885.2432411878535,-0.1358586996793747,1.5396082785283185,False,True,0,0,2.9671852588653564,4.603874206542969,0.0817505270242691,False,6.2539238929748535,23.880983352661133,0.32999947667121887,0.5626512765884399,0.771964430809021,-0.2390996217727661,-0.1741429567337036,7.6899895668029785,23.009136199951172,0.32999947667121887,0.6632413864135742,-0.6874710321426392,0.2128051370382309,-0.20544682443141937,5.112217426300049,22.00041961669922,0.32999947667121887,0.5672494769096375,0.7782211899757385,-0.21782700717449188,-0.15859103202819824,6.548283100128174,21.128572463989258,0.32999947667121887,0.6686158180236816,-0.6930751800537109,0.1938128024339676,-0.18717975914478302
4.400000000000,528,0.1594672621548798,0.1681934865315754,0.0,6.549590110778809,22.73434066772461,0.4186869263648987,-31.650728225708008,5.47523307800293,0.09509531408548355,-0.01642533391714096,asphalt,3.1480960995585505,0.1681934865315754,0.0,1905.2208176274637,1,-0.01952877640724182,0.7424324154853821,12.599928547720282,159.99977962504107,19.53827565647584,5886.741210473322,5885.242575439076,-0.1358587145805359,1.5396126196183522,False,True,0,0,2.998331308364868,4.583649158477783,0.08175051957368851,False,6.411843299865723,24.111623764038086,0.32999947667121887,0.8292885422706604,0.4720814824104309,-0.14802499115467072,-0.25982344150543213,7.8419647216796875,23.23006248474121,0.32999953627586365,-0.3373256027698517,0.8926319479942322,-0.2796878516674042,0.10580328851938248,5.257413387298584,22.23884391784668,0.32999947667121887,0.8361293077468872,0.47594010829925537,-0.13503463566303253,-0.23692701756954193,6.687534332275391,21.357280731201172,0.32999947667121887,-0.34007999300956726,0.8999871015548706,-0.2550486922264099,0.09653499722480774
4.450000000000,534,0.1594672621548798,0.1681934865315754,0.0,6.699728965759277,22.963003158569336,0.4186869263648987,-32.039215087890625,5.4752326011657715,0.09509555250406265,-0.0164253618568182,asphalt,3.148096099559761,0.1681934865315754,0.0,1905.2204975710258,1,-0.01957419514656067,0.7425203323364258,12.599928547720282,159.99977962383244,19.538329234313778,5886.7401587124195,5885.243627111052,-0.1358586996793747,1.5396093474500958,False,True,0,0,3.0293405055999756,4.56321382522583,0.08175034821033478,False,6.571323871612549,24.341188430786133,0.32999947667121887,0.9490109086036682,0.08952406793832779,-0.02848968654870987,-0.3009188175201416,7.9954352378845215,23.449949264526367,0.32999947667121887,0.04272874817252159,0.9522659182548523,-0.30196529626846313,-0.013447046279907227,5.404222011566162,22.47627830505371,0.32999947667121887,0.9569218158721924,0.09023934602737427,-0.02605762705206871,-0.2747335433959961,6.828333377838135,21.585041046142578,0.32999947667121887,0.04310835897922516,0.9602000117301941,-0.27569547295570374,-0.012228073552250862
4.500000000000,540,0.15946732899693827,0.1681923421223957,0.0,6.851414680480957,23.190643310546875,0.4186869263648987,-32.427703857421875,5.4752349853515625,0.09509525448083878,-0.01642562262713909,asphalt,3.1480960995606235,0.1681923421223957,0.0,1905.2203842355962,1,-0.01955309510231018,0.7425335049629211,12.599935129299068,159.9997796247648,19.538287902838796,5886.736667302874,5885.247118589197,-0.13585875928401947,1.5395968134374876,False,True,0,0,3.060211420059204,4.542571067810059,0.08175031840801239,False,6.732357025146484,24.569669723510742,0.32999947667121887,0.9010010361671448,-0.3080102503299713,0.09872262924909592,-0.2891031503677368,8.150392532348633,23.668794631958008,0.3299995958805084,0.415021687746048,0.8569889664649963,-0.2749943137168884,-0.13306011259555817,5.552637577056885,22.71271514892578,0.32999947667121887,0.9085914492607117,-0.31063780188560486,0.09018886834383011,-0.26425692439079285,6.970673084259033,21.811840057373047,0.32999947667121887,0.41854381561279297,0.864207923412323,-0.25136736035346985,-0.12157361954450607
4.550000000000,546,0.15946737912849884,0.16819148381551094,0.0,7.004640579223633,23.41724967956543,0.4186869263648987,-32.816158294677734,5.475235939025879,0.09509497880935669,-0.016425928100943565,asphalt,3.1480960995612377,0.16819148381551094,0.0,1905.220581625497,1,-0.019515782594680786,0.7425013184547424,12.599941710879575,159.99977962607701,19.538229732614745,5886.734792012784,5885.248993975833,-0.13585874438285828,1.5395920267002485,False,True,0,0,3.090940475463867,4.521719932556152,0.08175031840801239,False,6.894935131072998,24.79705047607422,0.32999947667121887,0.6940949559211731,-0.6503259539604187,0.2110048085451126,-0.2253560572862625,8.306830406188965,23.886581420898438,0.3299994170665741,0.7190480828285217,0.6226246953010559,-0.20216597616672516,-0.2333180159330368,5.702652931213379,22.948137283325195,0.32999947667121887,0.7000000476837158,-0.6559013724327087,0.19303393363952637,-0.20623089373111725,7.114548206329346,22.037670135498047,0.32999947667121887,0.7252030968666077,0.6279228329658508,-0.18501709401607513,-0.21345238387584686
4.600000000000,552,0.15946742926007382,0.16819062550862618,0.0,7.159399509429932,23.642812728881836,0.4186869263648987,-33.20463562011719,5.4752373695373535,0.0950947180390358,-0.016426285728812218,asphalt,3.148096099561675,0.16819062550862618,0.0,1905.2209110001568,1,-0.019558608531951904,0.7424864172935486,12.5999482924618,159.99977962732015,19.53817462398144,5886.733468423997,5885.250317656085,-0.1358587145805359,1.5396020426204913,False,True,0,0,3.121527910232544,4.500659942626953,0.08175039291381836,False,7.059051990509033,25.023324966430664,0.32999947667121887,-0.36515751481056213,0.8771267533302307,-0.2879444360733032,0.1199856773018837,8.464740753173828,24.10330581665039,0.32999947667121887,0.9055339097976685,0.28757548332214355,-0.09451653063297272,-0.2972797453403473,5.85426139831543,23.182538986206055,0.32999947667121887,-0.3682842254638672,0.8847183585166931,-0.2637278139591217,0.10994473844766617,7.259950637817383,22.26251983642578,0.3299994170665741,0.9133663177490234,0.29003775119781494,-0.08661942929029465,-0.2722814679145813
4.650000000000,558,0.15946739583902222,0.16819119771321603,0.0,7.315683841705322,23.867321014404297,0.4186869263648987,-33.5931282043457,5.475236415863037,0.09509461373090744,-0.016426261514425278,asphalt,3.148096099561987,0.16819119771321603,0.0,1905.2210843445998,1,-0.01953861117362976,0.7424982786178589,12.599943904740126,159.9997796279072,19.53814860046015,5886.735737890638,5885.2480482326355,-0.1358586996793747,1.5396065177236853,False,True,0,0,3.1519718170166016,4.479390621185303,0.08175041526556015,False,7.224699020385742,25.24848175048828,0.32999947667121887,0.02748650498688221,0.9486396312713623,-0.31503310799598694,-0.0090251499786973,8.624117851257324,24.318952560424805,0.32999953627586365,0.9444236159324646,-0.09346982091665268,0.030937757343053818,-0.3136403560638428,6.007454872131348,23.41590690612793,0.32999947667121887,0.027758216485381126,0.9569342136383057,-0.28885743021965027,-0.008229199796915054,7.406874179840088,22.48637580871582,0.32999947667121887,0.9526799321174622,-0.09431114792823792,0.02831905521452427,-0.28758367896080017
4.700000000000,564,0.15946739583902222,0.16819119771321603,0.0,7.47348690032959,24.09076499938965,0.4186869263648987,-33.98161315917969,5.475236415863037,0.095094695687294,-0.016426416113972664,asphalt,3.148096099562209,0.16819119771321603,0.0,1905.2211728893833,1,-0.01951923966407776,0.7425438165664673,12.599943904740126,159.99977962780363,19.538153192846263,5886.736256342819,5885.247529772833,-0.13585874438285828,1.5395992379067698,False,True,0,0,3.1822705268859863,4.457916736602783,0.08175040781497955,False,7.391868591308594,25.472511291503906,0.32999947667121887,0.41439706087112427,0.8525905013084412,-0.2863911986351013,-0.1390845626592636,8.784953117370605,24.53351402282715,0.32999947667121887,0.8297253251075745,-0.45846620202064514,0.15388792753219604,-0.2787168323993683,6.162227153778076,23.648231506347656,0.32999947667121887,0.4180920124053955,0.8601205348968506,-0.2628800868988037,-0.12761549651622772,7.555312156677246,22.7092342376709,0.32999947667121887,0.8370553255081177,-0.4625438153743744,0.14120160043239594,-0.2558392286300659
4.750000000000,570,0.15946736241797704,0.16819176991780588,0.0,7.632801532745361,24.31313133239746,0.4186869263648987,-34.370079040527344,5.475235462188721,0.09509482979774475,-0.016426123678684235,asphalt,3.148096099562367,0.16819176991780588,0.0,1905.2211764754843,1,-0.019613146781921387,0.742458164691925,12.599941710879575,159.99977962707848,19.538185339549024,5886.736808929112,5885.246977133187,-0.13585872948169708,1.5396045356993484,False,True,0,0,3.2124218940734863,4.436237335205078,0.08175045251846313,False,7.560553073883057,25.69540023803711,0.32999947667121887,0.7273021936416626,0.6063097715377808,-0.2060009390115738,-0.24694864451885223,8.94723892211914,24.746978759765625,0.3299994170665741,0.5804315209388733,-0.7481170892715454,0.25402095913887024,-0.19721414148807526,6.318572044372559,23.879497528076172,0.32999947667121887,0.7338331937789917,0.6117131114006042,-0.18929719924926758,-0.22685344517230988,7.705257892608643,22.93107795715332,0.32999947667121887,0.5856083035469055,-0.7548290491104126,0.23335091769695282,-0.1812271922826767
4.800000000000,576,0.15946736241797704,0.16819176991780588,0.0,7.793619155883789,24.534414291381836,0.4186869263648987,-34.75856018066406,5.475235939025879,0.09509479999542236,-0.016426164656877518,asphalt,3.1480960995624803,0.16819176991780588,0.0,1905.2210635306776,1,-0.0195004940032959,0.7425071001052856,12.599941710879575,159.99977962711299,19.538183808753658,5886.737234574166,5885.246551490673,-0.1358586996793747,1.539605539216545,False,True,0,0,3.2424263954162598,4.414355278015137,0.0817505493760109,False,7.7307448387146,25.917139053344727,0.32999947667121887,0.9111477732658386,0.2536059617996216,-0.08719196170568466,-0.3128758370876312,9.110968589782715,24.959339141845703,0.32999953627586365,-0.23737379908561707,0.9155107140541077,-0.31437593698501587,0.0816180557012558,6.476479530334473,24.109703063964844,0.32999947667121887,0.9194075465202332,0.25587210059165955,-0.08022859692573547,-0.2877196967601776,7.85670280456543,23.151901245117188,0.32999947667121887,-0.23949982225894928,0.9238076210021973,-0.2890995740890503,0.07510504871606827
4.850000000000,582,0.15946737912849884,0.16819148381551094,0.0,7.955935001373291,24.75459861755371,0.4186869263648987,-35.14704513549805,5.475236415863037,0.09509476274251938,-0.016426268965005875,asphalt,3.148096099562561,0.16819148381551094,0.0,1905.221106286594,1,-0.01951691508293152,0.7425045967102051,12.599943904740126,159.9997796273547,19.538173093186067,5886.73651007836,5885.247276004263,-0.13585886359214783,1.539606695342244,False,True,0,0,3.2722833156585693,4.392269134521484,0.08175045251846313,False,7.902437210083008,26.137720108032227,0.32999953627586365,0.9337865114212036,-0.1430281549692154,0.049558933824300766,-0.3242369592189789,9.276135444641113,25.170581817626953,0.32999947667121887,0.14346572756767273,0.9337193965911865,-0.3242136836051941,-0.049710892140865326,6.635945796966553,24.338825225830078,0.32999947667121887,0.942335307598114,-0.14436982572078705,0.04557478800415993,-0.2984701097011566,8.009644508361816,23.37169075012207,0.32999947667121887,0.14480412006378174,0.9422686696052551,-0.2984490692615509,-0.045712459832429886
4.900000000000,588,0.15946739583902222,0.16819119771321603,0.0,8.119739532470703,24.97368049621582,0.4186869263648987,-35.5355224609375,5.475236892700195,0.09509501606225967,-0.016425756737589836,asphalt,3.148096099562619,0.16819119771321603,0.0,1905.221155955948,1,-0.019490867853164673,0.7424001693725586,12.599943904740126,159.99977962642234,19.53821442466105,5886.7361999070545,5885.247586106971,-0.13585884869098663,1.5396068947618544,False,True,0,0,3.301988363265991,4.3699822425842285,0.0817505270242691,False,8.075620651245117,26.357131958007812,0.32999947667121887,0.7916001677513123,-0.5134915709495544,0.18015632033348083,-0.27791956067085266,9.442729949951172,25.38070297241211,0.32999953627586365,0.5000929236412048,0.800132155418396,-0.28091293573379517,-0.17545229196548462,6.796961784362793,24.56686782836914,0.32999947667121887,0.7989166378974915,-0.5182757377624512,0.16595233976840973,-0.2560904324054718,8.164070129394531,23.590438842773438,0.32999947667121887,0.5047470331192017,0.807532012462616,-0.25884899497032166,-0.1616157442331314
4.950000000000,594,0.15946739583902222,0.16819119771321603,0.0,8.28502368927002,25.191646575927734,0.4186869263648987,-35.924015045166016,5.4752373695373535,0.09509538114070892,-0.016425639390945435,asphalt,3.14809609956266,0.16819119771321603,0.0,1905.221288181781,1,-0.01950913667678833,0.7424662113189697,12.599946098600867,159.99977962448855,19.538300149201753,5886.736185797359,5885.247600074386,-0.13585878908634186,1.539596255573602,False,True,0,0,3.331542730331421,4.3474931716918945,0.08175035566091537,False,8.250286102294922,26.57536506652832,0.32999947667121887,0.5100711584091187,-0.7924669981002808,0.28113269805908203,-0.18107402324676514,9.610743522644043,25.589689254760742,0.32999947667121887,0.7745956778526306,0.5368221998214722,-0.19056415557861328,-0.2747885286808014,6.959517955780029,24.793813705444336,0.32999947667121887,0.5148232579231262,-0.7999091744422913,0.2592386305332184,-0.16702575981616974,8.319974899291992,23.808135986328125,0.32999947667121887,0.7818671464920044,0.5418316721916199,-0.1757785975933075,-0.2533853054046631
5.000000000000,600,0.15946739583902222,0.16819119771321603,0.0,8.451783180236816,25.40848731994629,0.4186869263648987,-36.312496185302734,5.475236892700195,0.09509532153606415,-0.01642523519694805,asphalt,3.1480960995626885,0.16819119771321603,0.0,1905.2213459088616,1,-0.01957806944847107,0.7424975037574768,12.599946098600867,159.9997796245231,19.538298618406383,5886.736390566915,5885.247395307371,-0.13585887849330902,1.5395987922562702,False,True,0,0,3.36094331741333,4.324803829193115,0.08175039291381836,False,8.42642879486084,26.792409896850586,0.32999947667121887,-0.13921613991260529,0.9309402108192444,-0.33386528491973877,0.05003218725323677,9.780171394348145,25.79753303527832,0.32999953627586365,0.9225503206253052,0.18690012395381927,-0.06713307648897171,-0.3308509886264801,7.123610019683838,25.019649505615234,0.32999947667121887,-0.14050324261188507,0.9397649765014648,-0.30816197395324707,0.04622551053762436,8.4773530960083,24.024770736694336,0.32999947667121887,0.9312958121299744,0.1886463761329651,-0.06201208382844925,-0.3053770363330841
5.050000000000,606,0.15946741254954722,0.1681909116109211,0.0,8.620009422302246,25.624191284179688,0.4186869263648987,-36.70097732543945,5.475236892700195,0.09509497135877609,-0.01642596907913685,asphalt,3.148096099562709,0.1681909116109211,0.0,1905.2213787866308,1,-0.01955553889274597,0.7424954175949097,12.599946098600867,159.99977962593888,19.538235855796227,5886.736475785658,5885.247310192797,-0.1358589082956314,1.5396128158235882,False,True,0,0,3.3901894092559814,4.301916599273682,0.08175042271614075,False,8.604039192199707,27.00825309753418,0.32999953627586365,0.255302757024765,0.9048137068748474,-0.32800474762916565,-0.09244222939014435,9.951004981994629,26.004220962524414,0.3299995958805084,0.920213520526886,-0.19254711270332336,0.06969283521175385,-0.3335798978805542,7.289230823516846,25.244367599487305,0.32999947667121887,0.257779598236084,0.913472592830658,-0.30303674936294556,-0.08535925298929214,8.636197090148926,24.24033546447754,0.32999947667121887,0.9290236830711365,-0.19441618025302887,0.06433932483196259,-0.30818477272987366
5.100000000000,612,0.15946739583902222,0.16819119771321603,0.0,8.789693832397461,25.838748931884766,0.4186869263648987,-37.0894660949707,5.475236415863037,0.09509459882974625,-0.016426216810941696,asphalt,3.1480960995627236,0.16819119771321603,0.0,1905.221323683717,1,-0.019550800323486328,0.7425042390823364,12.599946098600867,159.9997796279072,19.53814860046015,5886.737022500772,5885.246763622502,-0.13585883378982544,1.5395996835573467,False,True,0,0,3.419278860092163,4.278831481933594,0.08175051212310791,False,8.783108711242676,27.22288703918457,0.32999947667121887,0.6038058996200562,0.7190998196601868,-0.26348739862442017,-0.22110652923583984,10.123234748840332,26.209745407104492,0.32999953627586365,0.7683319449424744,-0.5397706031799316,0.19764375686645508,-0.2815150320529938,7.4563703536987305,25.46795654296875,0.32999947667121887,0.6096786856651306,0.7260434627532959,-0.2436586618423462,-0.2044093906879425,8.79649829864502,24.45481300354004,0.32999947667121887,0.7757587432861328,-0.5450189113616943,0.18271048367023468,-0.2603260278701782
5.150000000000,618,0.15946736241797704,0.16819176991780588,0.0,8.96082878112793,26.052152633666992,0.4186869263648987,-37.47793960571289,5.475235939025879,0.0950944796204567,-0.016425760462880135,asphalt,3.148096099562734,0.16819176991780588,0.0,1905.221271684532,1,-0.019553661346435547,0.7424443364143372,12.599941710879575,159.99977962849428,19.538122576938864,5886.737845539848,5885.245940626619,-0.13585877418518066,1.539603868826943,False,True,0,0,3.4482109546661377,4.255549430847168,0.08175061643123627,False,8.963626861572266,27.436304092407227,0.32999947667121887,0.8449062705039978,0.40696555376052856,-0.15074005722999573,-0.3127135932445526,10.296854972839355,26.414098739624023,0.32999953627586365,-0.4919615387916565,0.7984118461608887,-0.2954934239387512,0.18219782412052155,7.6250224113464355,25.690410614013672,0.32999947667121887,0.8531927466392517,0.41092073917388916,-0.139537051320076,-0.2893713116645813,8.95824909210205,24.668203353881836,0.32999947667121887,-0.49675658345222473,0.8062422275543213,-0.27343010902404785,0.16864849627017975
5.200000000000,624,0.15946736241797704,0.16819176991780588,0.0,9.133405685424805,26.264389038085938,0.4186869263648987,-37.866424560546875,5.475236415863037,0.0950944796204567,-0.01642567478120327,asphalt,3.1480960995627414,0.16819176991780588,0.0,1905.2211456777281,1,-0.019487619400024414,0.7425088882446289,12.599941710879575,159.99977962873598,19.538111861371277,5886.737403571053,5885.246382613197,-0.13585886359214783,1.539586728906685,False,True,0,0,3.4769856929779053,4.232072353363037,0.08175070583820343,False,9.145588874816895,27.648488998413086,0.32999947667121887,0.9363250732421875,0.023807644844055176,-0.009008876048028469,-0.3502104580402374,10.471855163574219,26.61726951599121,0.32999953627586365,-0.136333629488945,0.9266524314880371,-0.3465799391269684,0.051095813512802124,7.795176982879639,25.911710739135742,0.32999947667121887,0.9455925822257996,0.024010587483644485,-0.008387710899114609,-0.3243575394153595,9.121442794799805,24.880489349365234,0.32999947667121887,-0.13765768706798553,0.9358269572257996,-0.3209895193576813,0.047369878739118576
5.250000000000,630,0.15946739583902222,0.16819119771321603,0.0,9.307419776916504,26.475452423095703,0.4186869263648987,-38.254913330078125,5.475236415863037,0.09509474039077759,-0.01642543263733387,asphalt,3.1480960995627467,0.16819119771321603,0.0,1905.2211433799669,1,-0.01955479383468628,0.7425298690795898,12.599943904740126,159.99977962773457,19.538156254437,5886.736609019529,5885.247177091042,-0.13585883378982544,1.5395993719224612,False,True,0,0,3.505600690841675,4.208399772644043,0.08175067603588104,False,9.328988075256348,27.859439849853516,0.32999947667121887,0.862307071685791,-0.36258044838905334,0.13692252337932587,-0.32590505480766296,10.648231506347656,26.81924819946289,0.32999953627586365,0.2405492067337036,0.9039768576622009,-0.3416384756565094,-0.09080249071121216,7.966830253601074,26.13185691833496,0.32999947667121887,0.8709201216697693,-0.36623749136924744,0.12687790393829346,-0.30210956931114197,9.286073684692383,25.091665267944336,0.32999947667121887,0.2429802268743515,0.9130128026008606,-0.31668829917907715,-0.08412329852581024
5.300000000000,636,0.15946736241797704,0.16819176991780588,0.0,9.482860565185547,26.68532943725586,0.4186869263648987,-38.64339065551758,5.475235939025879,0.09509506821632385,-0.01642574556171894,asphalt,3.1480960995627503,0.16819176991780588,0.0,1905.2210869350745,1,-0.019551008939743042,0.7424919605255127,12.599941710879575,159.99977962624968,19.538222078637897,5886.73737224697,5885.246413754351,-0.13585887849330902,1.5395996835573467,False,True,0,0,3.534053325653076,4.184534072875977,0.08175059407949448,False,9.513812065124512,28.069137573242188,0.32999947667121887,0.6363349556922913,-0.6840066909790039,0.26106753945350647,-0.2430150955915451,10.825971603393555,27.02002716064453,0.3299994170665741,0.5773761868476868,0.7344549894332886,-0.28046318888664246,-0.2203473001718521,8.139972686767578,26.350830078125,0.32999947667121887,0.6427440047264099,-0.690944254398346,0.24215567111968994,-0.2254703938961029,9.452133178710938,25.30171775817871,0.32999947667121887,0.5832335352897644,0.7418642044067383,-0.2602064609527588,-0.20437400043010712
5.350000000000,642,0.15946736241797704,0.16819176991780588,0.0,9.659719467163086,26.894012451171875,0.4186869263648987,-39.03187942504883,5.475235462188721,0.09509522467851639,-0.016426552087068558,asphalt,3.148096099562753,0.16819176991780588,0.0,1905.2210629655458,1,-0.019574671983718872,0.742546558380127,12.599941710879575,159.99977962514467,19.53827106408973,5886.737209562067,5885.246576357953,-0.13585884869098663,1.5395962337715892,False,True,0,0,3.562345027923584,4.160475254058838,0.08175051212310791,False,9.700052261352539,28.27758026123047,0.32999947667121887,-0.2986748516559601,0.8839190006256104,-0.34086525440216064,0.11528823524713516,11.005069732666016,27.219594955444336,0.32999947667121887,0.8195046782493591,0.44601744413375854,-0.17210617661476135,-0.31600627303123474,8.314594268798828,26.568628311157227,0.32999947667121887,-0.30169498920440674,0.8929601311683655,-0.3164448142051697,0.10707441717386246,9.619610786437988,25.510643005371094,0.32999947667121887,0.827889621257782,0.4505513310432434,-0.15982335805892944,-0.29335781931877136
5.400000000000,648,0.15946736241797704,0.16819176991780588,0.0,9.837991714477539,27.101491928100586,0.4186869263648987,-39.42036056518555,5.475235939025879,0.09509506821632385,-0.016426460817456245,asphalt,3.1480960995627556,0.16819176991780588,0.0,1905.2210274754623,1,-0.019582629203796387,0.742474377155304,12.599941710879575,159.99977962583532,19.538240448182336,5886.736935268027,5885.246850702806,-0.13585887849330902,1.5395940523271925,False,True,0,0,3.5904715061187744,4.136226654052734,0.08175051212310791,False,9.887704849243164,28.484752655029297,0.32999947667121887,0.09079954773187637,0.9273565411567688,-0.3612774908542633,-0.03526822850108147,11.185518264770508,27.417945861816406,0.32999947667121887,0.9278275370597839,0.08585301786661148,-0.03354973345994949,-0.3614412248134613,8.490691184997559,26.785234451293945,0.3299994170665741,0.09176990389823914,0.9369269609451294,-0.33567124605178833,-0.032725267112255096,9.788504600524902,25.718425750732422,0.32999947667121887,0.937408447265625,0.08671344071626663,-0.031216923147439957,-0.335814893245697
5.450000000000,654,0.15946736241797704,0.16819176991780588,0.0,10.017664909362793,27.307756423950195,0.4186869263648987,-39.80883026123047,5.475235462188721,0.09509459137916565,-0.016425928100943565,asphalt,3.148096099562757,0.16819176991780588,0.0,1905.221026901468,1,-0.01959964632987976,0.7425172328948975,12.599941710879575,159.99977962763094,19.538160846823107,5886.736954397811,5885.246831705137,-0.1358589380979538,1.5396068293585958,False,True,0,0,3.618434429168701,4.111786365509033,0.08175061643123627,False,10.076756477355957,28.690649032592773,0.32999947667121887,0.4632267355918884,0.8070650100708008,-0.3176133632659912,-0.18217794597148895,11.367305755615234,27.615066528320312,0.32999953627586365,0.8850900530815125,-0.28731265664100647,0.11295110732316971,-0.34829458594322205,8.668251037597656,27.000640869140625,0.32999947667121887,0.46808749437332153,0.8154668807983398,-0.2953421175479889,-0.16935405135154724,9.95880126953125,25.925058364868164,0.32999947667121887,0.8943143486976624,-0.29033446311950684,0.1049799993634224,-0.3238625228404999
5.500000000000,660,0.15946732899693827,0.1681923421223957,0.0,10.19873332977295,27.512800216674805,0.4186869263648987,-40.197322845458984,5.4752349853515625,0.09509450197219849,-0.016426147893071175,asphalt,3.148096099562757,0.1681923421223957,0.0,1905.2209245642564,1,-0.019565939903259277,0.7424767017364502,12.599937323159045,159.99977962870145,19.538113392166647,5886.737990721499,5885.245795460211,-0.13585887849330902,1.539605872652689,False,True,0,0,3.6462290287017822,4.087158203125,0.08175059407949448,False,10.267199516296387,28.895259857177734,0.32999947667121887,0.7529351711273193,0.5447044372558594,-0.21654891967773438,-0.29915255308151245,11.550427436828613,27.810951232910156,0.32999953627586365,0.6986387372016907,-0.6127954125404358,0.24344401061534882,-0.2777060270309448,8.847268104553223,27.214841842651367,0.32999947667121887,0.7608896493911743,0.5504179000854492,-0.20153355598449707,-0.27833667397499084,10.13049602508545,26.130531311035156,0.32999947667121887,0.7059839963912964,-0.6192733645439148,0.22649085521697998,-0.2584356665611267
5.550000000000,666,0.15946731228642125,0.16819262822469064,0.0,10.381187438964844,27.71660804748535,0.4186869263648987,-40.5858154296875,5.475234508514404,0.09509479254484177,-0.016426384449005127,asphalt,3.148096099562757,0.16819262822469064,0.0,1905.2208084370616,1,-0.019552230834960938,0.742448091506958,12.599935129299068,159.99977962738924,19.538171562390698,5886.738301560892,5885.245484524272,-0.13585881888866425,1.5395938311030628,False,True,0,0,3.6738574504852295,4.062341213226318,0.08175043016672134,False,10.459025382995605,29.098573684692383,0.32999947667121887,0.9090263247489929,0.18694962561130524,-0.07513105124235153,-0.3647962808609009,11.734872817993164,28.00558853149414,0.32999947667121887,-0.3991612493991852,0.8378241062164307,-0.3361969292163849,0.160289466381073,9.027732849121094,27.427820205688477,0.32999947667121887,0.9187111258506775,0.18890726566314697,-0.07000207901000977,-0.3396816849708557,10.303580284118652,26.334835052490234,0.32999953627586365,-0.4033870995044708,0.8467555046081543,-0.3130396902561188,0.1492987424135208
5.600000000000,672,0.1594672621548798,0.1681934865315754,0.0,10.565019607543945,27.919178009033203,0.4186869263648987,-40.974300384521484,5.475233554840088,0.09509493410587311,-0.016425974667072296,asphalt,3.148096099562757,0.1681934865315754,0.0,1905.2206142165935,1,-0.019477635622024536,0.7424377202987671,12.599928547720282,159.99977962662956,19.538205239888832,5886.739991017033,5885.243795012237,-0.13585880398750305,1.5396107498079212,False,True,0,0,3.7013168334960938,4.037336826324463,0.08175045251846313,False,10.652226448059082,29.300582885742188,0.32999947667121887,0.9043190479278564,-0.20281538367271423,0.08209216594696045,-0.3665159046649933,11.920632362365723,28.198970794677734,0.32999953627586365,-0.035635270178318024,0.9260978102684021,-0.3753150701522827,0.01454705186188221,9.209638595581055,27.639572143554688,0.32999947667121887,0.9140375852584839,-0.2050294280052185,0.07645570486783981,-0.3415447175502777,10.478044509887695,26.537961959838867,0.32999947667121887,-0.03599207475781441,0.9360588788986206,-0.34973326325416565,0.013600558042526245
5.650000000000,678,0.1594672621548798,0.1681934865315754,0.0,10.750221252441406,28.12049674987793,0.4186869263648987,-41.362796783447266,5.475232124328613,0.0950951874256134,-0.016425877809524536,asphalt,3.148096099562757,0.1681934865315754,0.0,1905.2204027800688,1,-0.019589245319366455,0.7425093650817871,12.599926353861068,159.99977962552452,19.538254225340662,5886.739535346553,5885.244250601414,-0.13585875928401947,1.539601067319037,False,True,0,0,3.7286059856414795,4.012146472930908,0.0817502960562706,False,10.846792221069336,29.501277923583984,0.32999947667121887,0.7400829792022705,-0.555729866027832,0.22733254730701447,-0.3029215335845947,12.10770034790039,28.391094207763672,0.32999947667121887,0.33268362283706665,0.8636435270309448,-0.3534596562385559,-0.1360430121421814,9.392974853515625,27.850086212158203,0.32999947667121887,0.7481025457382202,-0.5617939829826355,0.21195350587368011,-0.2824990451335907,10.65388298034668,26.73990249633789,0.32999947667121887,0.33632251620292664,0.8730161190032959,-0.3296166956424713,-0.1268180012702942
5.700000000000,684,0.15946724544436916,0.1681937726338703,0.0,10.936782836914062,28.320554733276367,0.4186869263648987,-41.75129699707031,5.475232124328613,0.09509526938199997,-0.01642543077468872,asphalt,3.148096099562757,0.1681937726338703,0.0,1905.2201484850325,1,-0.019553333520889282,0.7425236701965332,12.599924160002047,159.99977962500654,19.53827718727121,5886.739444591231,5885.244341318626,-0.1358586996793747,1.53960011061204,False,True,0,0,3.7557246685028076,3.986772060394287,0.08175034821033478,False,11.04271411895752,29.70064926147461,0.32999947667121887,-0.44573691487312317,0.8096245527267456,-0.3344745635986328,0.18426460027694702,12.296065330505371,28.581939697265625,0.3299994170665741,0.6459232568740845,0.6610269546508789,-0.2732005715370178,-0.26681065559387207,9.57773494720459,28.059354782104492,0.32999947667121887,-0.45059797167778015,0.8185245394706726,-0.3120918571949005,0.1719817817211151,10.831085205078125,26.940645217895508,0.32999947667121887,0.6530297994613647,0.6682612299919128,-0.254966139793396,-0.24894028902053833
5.750000000000,690,0.15946722873386016,0.16819405873616525,0.0,11.124695777893066,28.519344329833984,0.4186869263648987,-42.13978958129883,5.475231647491455,0.09509535133838654,-0.01642586477100849,asphalt,3.148096099562757,0.16819405873616525,0.0,1905.219926476714,1,-0.019554466009140015,0.7424889206886292,12.599921966143215,159.99977962445402,19.538301679997122,5886.739375975265,5885.2444098939395,-0.1358586996793747,1.539601646986128,False,True,0,0,3.78266978263855,3.961214780807495,0.08175024390220642,False,11.239981651306152,29.89868927001953,0.32999947667121887,-0.0735786184668541,0.9199774265289307,-0.38376957178115845,0.03079940937459469,12.485719680786133,28.771509170532227,0.32999947667121887,0.853330671787262,0.35156673192977905,-0.1467573344707489,-0.355935275554657,9.763907432556152,28.267364501953125,0.32999947667121887,-0.07436013221740723,0.9301748871803284,-0.35835132002830505,0.02880142070353031,11.009644508361816,27.14018440246582,0.32999947667121887,0.8627971410751343,0.3554378151893616,-0.1370796263217926,-0.332346647977829
5.800000000000,696,0.1594671953128469,0.1681946309407551,0.0,11.313955307006836,28.716854095458984,0.4186869263648987,-42.528263092041016,5.475231170654297,0.09509530663490295,-0.0164256040006876,asphalt,3.148096099562757,0.1681946309407551,0.0,1905.2197244986687,1,-0.019516557455062866,0.7424899339675903,12.599919772284574,159.99977962479934,19.538286372043427,5886.739535600897,5885.244250293715,-0.1358587145805359,1.5396106626048438,False,True,0,0,3.8094406127929688,3.935476064682007,0.08175018429756165,False,11.438591003417969,30.095386505126953,0.32999947667121887,0.31050893664360046,0.8677207231521606,-0.3654726445674896,-0.13066989183425903,12.676656723022461,28.95978355407715,0.32999947667121887,0.9214960932731628,-0.0141447139903903,0.00585115235298872,-0.3880859315395355,9.95149040222168,28.47410774230957,0.32999947667121887,0.3140158951282501,0.8774200081825256,-0.34151121973991394,-0.12205852568149567,11.189556121826172,27.338504791259766,0.32999947667121887,0.9318081736564636,-0.014329980127513409,0.005422903690487146,-0.36262762546539307
5.850000000000,702,0.1594671953128469,0.1681946309407551,0.0,11.504547119140625,28.913076400756836,0.4186869263648987,-42.916748046875,5.475231647491455,0.09509517252445221,-0.01642569527029991,asphalt,3.148096099562757,0.1681946309407551,0.0,1905.2195734088193,1,-0.019477635622024536,0.7424842119216919,12.599919772284574,159.9997796253864,19.53826034852214,5886.738819981796,5885.244965956008,-0.13585864007472992,1.5396070788002598,False,True,0,0,3.836036205291748,3.909557342529297,0.08175027370452881,False,11.638526916503906,30.29073143005371,0.32999947667121887,0.6387233734130859,0.6625362038612366,-0.28174614906311035,-0.2714724838733673,12.868865013122559,29.146760940551758,0.32999947667121887,0.8397369384765625,-0.37651509046554565,0.1599760353565216,-0.35705170035362244,10.140467643737793,28.67957305908203,0.32999947667121887,0.6459661722183228,0.6699995994567871,-0.26346471905708313,-0.25380003452301025,11.370805740356445,27.535602569580078,0.32999947667121887,0.8492156267166138,-0.3807946443557739,0.14953908324241638,-0.3338656723499298
5.900000000000,708,0.15946722873386016,0.16819405873616525,0.0,11.696464538574219,29.10799789428711,0.4186869263648987,-43.30522918701172,5.475232124328613,0.09509512782096863,-0.016426224261522293,asphalt,3.148096099562757,0.16819405873616525,0.0,1905.219568779618,1,-0.019498348236083984,0.7424496412277222,12.599924160002047,159.99977962545546,19.538257286931405,5886.737216336677,5885.246569606209,-0.1358586847782135,1.5396032269633306,False,True,0,0,3.8624560832977295,3.8834588527679443,0.08175022900104523,False,11.83978271484375,30.484712600708008,0.32999947667121887,0.8533158302307129,0.34106385707855225,-0.14646673202514648,-0.36616256833076477,13.062335014343262,29.332426071166992,0.32999947667121887,0.6217695474624634,-0.6766647100448608,0.29031991958618164,-0.2669116258621216,10.330832481384277,28.883747100830078,0.32999947667121887,0.8630657196044922,0.34492382407188416,-0.13707485795021057,-0.34257200360298157,11.553385734558105,27.731462478637695,0.32999947667121887,0.6288444995880127,-0.6844044923782349,0.2715979814529419,-0.24975910782814026
5.950000000000,714,0.1594672621548798,0.1681934865315754,0.0,11.889700889587402,29.30161476135254,0.4186869263648987,-43.69369888305664,5.47523307800293,0.09509505331516266,-0.01642594113945961,asphalt,3.148096099562757,0.1681934865315754,0.0,1905.2196820406737,1,-0.0195024311542511,0.7425510883331299,12.599926353861068,159.99977962590435,19.538237386591597,5886.7361437846475,5885.247642191266,-0.1358586847782135,1.5396021362403798,False,True,0,0,3.8886983394622803,3.857182025909424,0.08175016939640045,False,12.042348861694336,30.677326202392578,0.32999947667121887,0.9167529940605164,-0.03964080289006233,0.017065074294805527,-0.3971162438392639,13.257061958312988,29.51677703857422,0.32999947667121887,-0.30340930819511414,0.8659966588020325,-0.3750903308391571,0.13152873516082764,10.52258014678955,29.08662986755371,0.32999947667121887,0.9273137450218201,-0.04013191908597946,0.015935420989990234,-0.37178581953048706,11.737293243408203,27.92608070373535,0.32999947667121887,-0.3068792223930359,0.8759831786155701,-0.3511485159397125,0.12317987531423569
6.000000000000,720,0.1594672621548798,0.1681934865315754,0.0,12.084244728088379,29.493919372558594,0.4186869263648987,-44.08221435546875,5.475233554840088,0.09509490430355072,-0.016426268965005875,asphalt,3.148096099562757,0.1681934865315754,0.0,1905.2198303648827,1,-0.019522488117218018,0.7425042986869812,12.599928547720282,159.99977962662956,19.538205239888832,5886.735821755971,5885.247964273299,-0.1358587145805359,1.5395942549511705,False,True,0,0,3.9147632122039795,3.830725908279419,0.08175022900104523,False,12.246217727661133,30.86856460571289,0.32999947667121887,0.8182834982872009,-0.4122360646724701,0.1801362931728363,-0.3578050434589386,13.453033447265625,29.699804306030273,0.32999947667121887,0.06331510096788406,0.9140664935112,-0.3996414542198181,-0.027575386688113213,10.715697288513184,29.288209915161133,0.32999947667121887,0.827786386013031,-0.41706204414367676,0.16871413588523865,-0.33520814776420593,11.922513008117676,28.119449615478516,0.32999947667121887,0.06407897919416428,0.9246971607208252,-0.37438473105430603,-0.025788869708776474
6.050000000000,726,0.15946729557590586,0.16819291432698555,0.0,12.280088424682617,29.684900283813477,0.4186869263648987,-44.47068405151367,5.475234508514404,0.09509506076574326,-0.016426147893071175,asphalt,3.148096099562757,0.16819291432698555,0.0,1905.2199763432443,1,-0.019463688135147095,0.74249267578125,12.599930741579687,159.99977962607701,19.538229732614745,5886.735553761706,5885.248232226912,-0.13585875928401947,1.5396030025339635,False,True,0,0,3.9406471252441406,3.804095506668091,0.08175022900104523,False,12.45137882232666,31.058414459228516,0.32999947667121887,0.5757575631141663,-0.7110084891319275,0.31366443634033203,-0.2541351616382599,13.65024185180664,29.881502151489258,0.32999947667121887,0.4186667799949646,0.8134790658950806,-0.3589952290058136,-0.18464122712612152,10.910178184509277,29.488473892211914,0.32999947667121887,0.5824918746948242,-0.7193800210952759,0.2939940094947815,-0.2382502555847168,12.109041213989258,28.311559677124023,0.32999947667121887,0.423607736825943,0.8230193257331848,-0.3365313708782196,-0.17303845286369324
6.100000000000,732,0.15946729557590586,0.16819291432698555,0.0,12.477221488952637,29.874549865722656,0.4186869263648987,-44.859161376953125,5.475234031677246,0.09509512037038803,-0.016426075249910355,asphalt,3.148096099562757,0.16819291432698555,0.0,1905.2201135214984,1,-0.0195065438747406,0.7424939870834351,12.599930741579687,159.99977962559356,19.538251163749923,5886.736025905164,5885.247760047883,-0.13585881888866425,1.5395956573088936,False,True,0,0,3.966348648071289,3.777289628982544,0.08175018429756165,False,12.657819747924805,31.246871948242188,0.32999947667121887,-0.23239187896251678,0.8834659457206726,-0.39338454604148865,0.10358847677707672,13.848675727844238,30.06185531616211,0.32999947667121887,0.704933762550354,0.5810219049453735,-0.2588143050670624,-0.3138425052165985,11.106011390686035,29.687416076660156,0.32999947667121887,-0.2351132035255432,0.893947958946228,-0.3689596951007843,0.09719881415367126,12.296867370605469,28.502399444580078,0.32999947667121887,0.7133081555366516,0.5878883004188538,-0.24278506636619568,-0.29433688521385193
6.150000000000,738,0.15946734570745685,0.1681920560201008,0.0,12.67563533782959,30.06285858154297,0.4186869263648987,-45.247684478759766,5.475235462188721,0.09509512782096863,-0.01642596907913685,asphalt,3.148096099562757,0.1681920560201008,0.0,1905.220328256174,1,-0.0195293128490448,0.7425500750541687,12.599939517019216,159.99977962559356,19.538251163749923,5886.734010796598,5885.249775156449,-0.13585874438285828,1.5395916714605093,False,True,0,0,3.991870880126953,3.750309705734253,0.08175013959407806,False,12.865535736083984,31.433923721313477,0.32999947667121887,0.1509322077035904,0.8995609879493713,-0.40425679087638855,-0.06771951168775558,14.048328399658203,30.240859985351562,0.32999947667121887,0.8758049607276917,0.25486496090888977,-0.11463234573602676,-0.3935338854789734,11.303187370300293,29.885026931762695,0.32999947667121887,0.15277279913425446,0.9103197455406189,-0.3793999254703522,-0.0635145902633667,12.485980033874512,28.691965103149414,0.32999947667121887,0.8862929940223694,0.25788813829421997,-0.10762356966733932,-0.3693177402019501
6.200000000000,744,0.15946734570745685,0.1681920560201008,0.0,12.875322341918945,30.24981689453125,0.4186869263648987,-45.63616943359375,5.475235939025879,0.09509497135877609,-0.01642649807035923,asphalt,3.148096099562757,0.1681920560201008,0.0,1905.2205149790198,1,-0.019472777843475342,0.7425183653831482,12.599937323159045,159.9997796261806,19.538225140228636,5886.735191266011,5885.248594730228,-0.13585874438285828,1.5396051153665873,False,True,0,0,4.017208099365234,3.7231569290161133,0.08175028860569,False,13.074514389038086,31.61956214904785,0.32999947667121887,0.506466269493103,0.7569279670715332,-0.34329208731651306,-0.22957037389278412,14.249191284179688,30.418508529663086,0.32999947667121887,0.9038635492324829,-0.11170768737792969,0.05054805427789688,-0.4098743200302124,11.501700401306152,30.081296920776367,0.32999947667121887,0.5126126408576965,0.7660511136054993,-0.3223893940448761,-0.21554377675056458,12.676376342773438,28.880239486694336,0.32999947667121887,0.9147774577140808,-0.11308469623327255,0.04742410406470299,-0.38489609956741333
6.250000000000,750,0.15946736241797704,0.16819176991780588,0.0,13.076272964477539,30.43541717529297,0.4186869263648987,-46.02464294433594,5.475236892700195,0.09509465843439102,-0.016426188871264458,asphalt,3.148096099562757,0.16819176991780588,0.0,1905.2206539205922,1,-0.01949983835220337,0.7424407005310059,12.599941710879575,159.99977962759644,19.53816237761848,5886.734298368699,5885.24948773171,-0.13585874438285828,1.5396125946044228,False,True,0,0,4.042360782623291,3.695833683013916,0.08175036311149597,False,13.284747123718262,31.803781509399414,0.32999947667121887,0.7715712189674377,0.4812151789665222,-0.22027020156383514,-0.3529742360115051,14.451253890991211,30.594789505004883,0.32999953627586365,0.7849864363670349,-0.4590059816837311,0.20992477238178253,-0.35922327637672424,11.701539993286133,30.276212692260742,0.32999947667121887,0.7809960246086121,0.4870518445968628,-0.20699714124202728,-0.3316291570663452,12.868045806884766,29.06722068786621,0.3299994170665741,0.7945420145988464,-0.4646259844303131,0.19720564782619476,-0.3375434875488281
6.300000000000,756,0.15946736241797704,0.16819176991780588,0.0,13.278477668762207,30.619651794433594,0.4186869263648987,-46.41313934326172,5.475236415863037,0.09509473294019699,-0.016425970941781998,asphalt,3.148096099562757,0.16819176991780588,0.0,1905.2208574969309,1,-0.019504636526107788,0.7425384521484375,12.599941710879575,159.9997796276655,19.538159316027738,5886.7358185795065,5885.247967525983,-0.1358586549758911,1.5395952988668482,False,True,0,0,4.067326068878174,3.6683402061462402,0.0817505419254303,False,13.496224403381348,31.986572265625,0.32999947667121887,0.8997563123703003,0.12147407978773117,-0.056185536086559296,-0.41536226868629456,14.65450668334961,30.769697189331055,0.32999953627586365,0.538943350315094,-0.7306555509567261,0.3372466266155243,-0.24889208376407623,11.90269660949707,30.469772338867188,0.32999947667121887,0.9108313918113708,0.12293381243944168,-0.05286078900098801,-0.39048582315444946,13.060978889465332,29.252899169921875,0.32999947667121887,0.5455517172813416,-0.7396619319915771,0.31702756881713867,-0.23402345180511475
6.350000000000,762,0.15946737912849884,0.16819148381551094,0.0,13.481925010681152,30.802507400512695,0.4186869263648987,-46.801612854003906,5.475236415863037,0.0950949415564537,-0.016425924375653267,asphalt,3.148096099562757,0.16819148381551094,0.0,1905.2210021228157,1,-0.019514143466949463,0.7425087690353394,12.599943904740126,159.9997796264914,19.53821136307031,5886.73539559562,5885.248390423486,-0.13585874438285828,1.539608876786425,False,True,0,0,4.092105388641357,3.640678644180298,0.08175046741962433,False,13.708935737609863,32.16791915893555,0.32999947667121887,0.8688334822654724,-0.2585693895816803,0.12033166736364365,-0.40471044182777405,14.858940124511719,30.943220138549805,0.3299994170665741,-0.20611019432544708,0.8827504515647888,-0.4111374616622925,0.09610549360513687,12.105158805847168,30.66196060180664,0.32999947667121887,0.879611611366272,-0.2618139088153839,0.11315175145864487,-0.3807014524936676,13.25516414642334,29.437259674072266,0.32999947667121887,-0.20864184200763702,0.893717885017395,-0.38672590255737305,0.09044308215379715
6.400000000000,768,0.15946739583902222,0.16819119771321603,0.0,13.68660831451416,30.98398208618164,0.4186869263648987,-47.190101623535156,5.475236892700195,0.09509500861167908,-0.01642594113945961,asphalt,3.148096099562757,0.16819119771321603,0.0,1905.2210824453416,1,-0.01948249340057373,0.7425520420074463,12.599946098600867,159.9997796261806,19.538225140228636,5886.735273963123,5885.248512033116,-0.13585874438285828,1.539598904470133,False,True,0,0,4.116696834564209,3.612849473953247,0.08175038546323776,False,13.922871589660645,32.34782409667969,0.32999947667121887,0.6847571730613708,-0.5918063521385193,0.27801182866096497,-0.3218420445919037,15.064546585083008,31.115354537963867,0.32999947667121887,0.1591585874557495,0.8909521698951721,-0.41868263483047485,-0.07468341290950775,12.308921813964844,30.852771759033203,0.32999947667121887,0.6933144330978394,-0.5992485880851746,0.2616255581378937,-0.30293285846710205,13.450594902038574,29.620304107666016,0.32999947667121887,0.16118086874485016,0.9021111130714417,-0.3940576910972595,-0.07024767994880676
6.450000000000,774,0.15946741254954722,0.1681909116109211,0.0,13.892518043518066,31.164064407348633,0.4186869263648987,-47.57859802246094,5.475237846374512,0.09509506076574326,-0.016425810754299164,asphalt,3.148096099562757,0.1681909116109211,0.0,1905.221269894018,1,-0.019454598426818848,0.742548406124115,12.599946098600867,159.99977962583532,19.538240448182336,5886.735240840347,5885.2485451304865,-0.1358589082956314,1.5396061156747816,False,True,0,0,4.14109992980957,3.584853410720825,0.08175037056207657,False,14.138023376464844,32.52627182006836,0.32999947667121887,-0.38048607110977173,0.8195976614952087,-0.38848599791526794,0.18046794831752777,15.27131462097168,31.286090850830078,0.32999953627586365,0.4974084496498108,0.7543836832046509,-0.35767611861228943,-0.235707089304924,12.513973236083984,31.042198181152344,0.32999947667121887,-0.3852648138999939,0.8299758434295654,-0.36581218242645264,0.1699782758951187,13.647263526916504,29.802017211914062,0.32999947667121887,0.5037217140197754,0.763906717300415,-0.3368389308452606,-0.22192475199699402
6.500000000000,780,0.15946742926007382,0.16819062550862618,0.0,14.099644660949707,31.34274673461914,0.4186869263648987,-47.96710968017578,5.475237846374512,0.09509514272212982,-0.016425780951976776,asphalt,3.148096099562757,0.16819062550862618,0.0,1905.221435081832,1,-0.019531220197677612,0.7425230145454407,12.5999482924618,159.99977962542093,19.53825881772677,5886.735631516023,5885.248154424322,-0.13585881888866425,1.539583522149425,False,True,0,0,4.165311813354492,3.5566916465759277,0.08175036311149597,False,14.35438060760498,32.7032585144043,0.32999947667121887,-0.0100803691893816,0.9020956158638,-0.43139028549194336,0.004928676877170801,15.47923755645752,31.455419540405273,0.32999947667121887,0.7537649869918823,0.4956979751586914,-0.23713825643062592,-0.3603988587856293,12.720305442810059,31.23023223876953,0.32999947667121887,-0.01017336267977953,0.9136054515838623,-0.40644755959510803,0.004682839848101139,13.845161437988281,29.98239517211914,0.32999947667121887,0.7633976936340332,0.5019983053207397,-0.22346267104148865,-0.339538037776947
6.550000000000,786,0.15946742926007382,0.16819062550862618,0.0,14.307975769042969,31.520021438598633,0.4186869263648987,-48.35559844970703,5.47523832321167,0.09509488940238953,-0.016426412388682365,asphalt,3.148096099562757,0.16819062550862618,0.0,1905.2215059292778,1,-0.01950472593307495,0.7425875663757324,12.599950486322923,159.9997796264914,19.53821136307031,5886.735207397726,5885.248578621379,-0.13585880398750305,1.5396117905036546,False,True,0,0,4.189333438873291,3.528366804122925,0.08175037801265717,False,14.571931838989258,32.8787727355957,0.32999953627586365,0.3609042167663574,0.8252151608467102,-0.3981129825115204,-0.17399469017982483,15.688300132751465,31.62333869934082,0.32999947667121887,0.8868382573127747,0.15732069313526154,-0.07599545270204544,-0.42777663469314575,12.927905082702637,31.41686248779297,0.32999947667121887,0.3655829131603241,0.8358238935470581,-0.37530824542045593,-0.16398538649082184,14.04427433013916,30.16142463684082,0.3299994170665741,0.8982596397399902,0.15931753814220428,-0.07168072462081909,-0.40324854850769043
6.600000000000,792,0.15946742926007382,0.16819062550862618,0.0,14.517505645751953,31.695878982543945,0.4186869263648987,-48.74412155151367,5.47523832321167,0.09509444236755371,-0.01642627827823162,asphalt,3.148096099562757,0.16819062550862618,0.0,1905.2216735382651,1,-0.019482940435409546,0.7426051497459412,12.599950486322923,159.99977962856335,19.538119515348125,5886.7363133229255,5885.247472848622,-0.13585880398750305,1.5395910013854583,False,True,0,0,4.213160991668701,3.499880075454712,0.08175044506788254,False,14.790668487548828,33.05281066894531,0.32999953627586365,0.6670218706130981,0.6030365228652954,-0.2934993505477905,-0.324479341506958,15.89849853515625,31.78983497619629,0.32999947667121887,0.8754069805145264,-0.20550887286663055,0.09988861531019211,-0.4259706735610962,13.13676643371582,31.602079391479492,0.32999947667121887,0.6757091879844666,0.6108423471450806,-0.2768481969833374,-0.30601271986961365,14.244597434997559,30.339101791381836,0.32999947667121887,0.8867702484130859,-0.2082062065601349,0.0941709652543068,-0.40177178382873535
6.650000000000,798,0.1594674626811317,0.16819005330403633,0.0,14.728222846984863,31.870311737060547,0.4186869263648987,-49.132606506347656,5.475238800048828,0.09509436041116714,-0.016425834968686104,asphalt,3.148096099562757,0.16819005330403633,0.0,1905.221791399483,1,-0.01953551173210144,0.7424793243408203,12.599952680184238,159.99977962904677,19.53809808421295,5886.735664554332,5885.248121652784,-0.13585880398750305,1.5395968102337825,False,True,0,0,4.236795425415039,3.4712324142456055,0.08175056427717209,False,15.010580062866211,33.22536087036133,0.32999953627586365,0.8544855117797852,0.27522921562194824,-0.135177344083786,-0.4193215072154999,16.109821319580078,31.95490074157715,0.32999953627586365,0.7218024730682373,-0.5337581634521484,0.26186448335647583,-0.35430267453193665,13.346879005432129,31.78587532043457,0.32999947667121887,0.8656932711601257,0.2788015305995941,-0.12759709358215332,-0.3956814408302307,14.446121215820312,30.515417098999023,0.32999953627586365,0.731243371963501,-0.5407755970954895,0.24707521498203278,-0.3343632221221924
6.700000000000,804,0.1594674626811317,0.16819005330403633,0.0,14.940118789672852,32.04330825805664,0.4186869263648987,-49.521080017089844,5.475237846374512,0.09509429335594177,-0.01642555184662342,asphalt,3.148096099562757,0.16819005330403633,0.0,1905.2218716318432,1,-0.01958441734313965,0.742469072341919,12.599952680184238,159.99977962932303,19.53808583784999,5886.736290838696,5885.247495388748,-0.135858952999115,1.5396080290857186,False,True,0,0,4.260233402252197,3.4424257278442383,0.08175067603588104,False,15.231657028198242,33.39641189575195,0.32999953627586365,0.890618622303009,-0.10003188252449036,0.04940584674477577,-0.44085270166397095,16.3222599029541,32.1185302734375,0.32999947667121887,-0.45145222544670105,0.7742086052894592,-0.3831647038459778,0.2235548049211502,13.558234214782715,31.96824073791504,0.32999947667121887,0.9023879170417786,-0.1013900563120842,0.04660722240805626,-0.41622573137283325,14.64883804321289,30.690357208251953,0.32999947667121887,-0.45739486813545227,0.7844577431678772,-0.3617355525493622,0.21110041439533234
6.750000000000,810,0.15946742926007382,0.16819062550862618,0.0,15.153182983398438,32.214866638183594,0.4186869263648987,-49.9095573425293,5.475237846374512,0.09509431570768356,-0.016424667090177536,asphalt,3.148096099562757,0.16819062550862618,0.0,1905.2218019281022,1,-0.019534945487976074,0.7424647212028503,12.599950486322923,159.99977962963385,19.538072060691665,5886.7370993825725,5885.2466868677375,-0.13585874438285828,1.539609253823944,False,True,0,0,4.283474922180176,3.4134621620178223,0.08175066113471985,False,15.453888893127441,33.56596374511719,0.32999947667121887,0.7695522904396057,-0.4563930630683899,0.22774231433868408,-0.38422396779060364,16.535802841186523,32.28071594238281,0.32999947667121887,-0.10867079347372055,0.888085663318634,-0.44332805275917053,0.05435783416032791,13.770821571350098,32.149169921875,0.32999947667121887,0.7797961235046387,-0.4625103175640106,0.2150919884443283,-0.362956702709198,14.85273551940918,30.863922119140625,0.32999947667121887,-0.1100909635424614,0.8999321460723877,-0.4187617301940918,0.05138741061091423
6.800000000000,816,0.15946742926007382,0.16819062550862618,0.0,15.36740493774414,32.384979248046875,0.4186869263648987,-50.29805374145508,5.4752373695373535,0.09509468078613281,-0.01642327755689621,asphalt,3.148096099562757,0.16819062550862618,0.0,1905.221757776816,1,-0.019540727138519287,0.7425599694252014,12.5999482924618,159.99977962794176,19.53814706966478,5886.737458459144,5885.24632766667,-0.13585880398750305,1.5395930488141614,False,True,0,0,4.306520462036133,3.384340286254883,0.08175066858530045,False,15.677264213562012,33.734004974365234,0.32999953627586365,0.5131708979606628,-0.7310571074485779,0.36798983812332153,-0.25844648480415344,16.750438690185547,32.44145202636719,0.32999947667121887,0.2506053149700165,0.8573132157325745,-0.43164703249931335,-0.12606307864189148,13.98462963104248,32.32865524291992,0.32999953627586365,0.520044207572937,-0.7409120202064514,0.34775134921073914,-0.2442791908979416,15.057804107666016,31.036102294921875,0.32999953627586365,0.254004567861557,0.8688374161720276,-0.40794476866722107,-0.11909769475460052
6.850000000000,822,0.15946739583902222,0.16819119771321603,0.0,15.582775115966797,32.55363464355469,0.4186869263648987,-50.68653106689453,5.475236892700195,0.09509477019309998,-0.016423914581537247,asphalt,3.148096099562757,0.16819119771321603,0.0,1905.2216516184258,1,-0.019562184810638428,0.7425282597541809,12.599946098600867,159.99977962718205,19.538180747162915,5886.738256153642,5885.245529916278,-0.13585886359214783,1.539599527739904,False,True,0,0,4.329367637634277,3.355062484741211,0.08175065368413925,False,15.901774406433105,33.90052795410156,0.32999947667121887,-0.16715775430202484,0.8758522272109985,-0.44465768337249756,0.08497492223978043,16.96615982055664,32.60072708129883,0.32999947667121887,0.567948043346405,0.6873818635940552,-0.34905967116355896,-0.28826820850372314,14.199649810791016,32.50668716430664,0.32999947667121887,-0.16939018666744232,0.8877432942390442,-0.4204252362251282,0.08038277179002762,15.264036178588867,31.20688819885254,0.32999947667121887,0.575677216053009,0.696690022945404,-0.33006882667541504,-0.2725312113761902
6.900000000000,828,0.15946737912849884,0.16819148381551094,0.0,15.799283027648926,32.7208251953125,0.4186869263648987,-51.07501220703125,5.475235939025879,0.09509451687335968,-0.01642598770558834,asphalt,3.148096099562757,0.16819148381551094,0.0,1905.2214681159446,1,-0.019530892372131348,0.7424643039703369,12.599943904740126,159.99977962814896,19.538137884892564,5886.738334451329,5885.2454516897305,-0.13585883378982544,1.5396082317156918,False,True,0,0,4.352016448974609,3.3256306648254395,0.08175069838762283,False,16.12740707397461,34.06552505493164,0.32999953627586365,0.20714670419692993,0.8656820058822632,-0.44323790073394775,-0.10594850778579712,17.182954788208008,32.75853729248047,0.32999953627586365,0.7919429540634155,0.4063760042190552,-0.2081541121006012,-0.4054093658924103,14.415871620178223,32.683258056640625,0.32999947667121887,0.21001724898815155,0.8775213956832886,-0.41929876804351807,-0.10018742084503174,15.471420288085938,31.376270294189453,0.3299994170665741,0.8027951717376709,0.4119114279747009,-0.19694417715072632,-0.3834865689277649
6.950000000000,834,0.15946741254954722,0.1681909116109211,0.0,16.01692008972168,32.886539459228516,0.4186869263648987,-51.46349334716797,5.4752373695373535,0.09509443491697311,-0.016426492482423782,asphalt,3.148096099562757,0.1681909116109211,0.0,1905.2213997753338,1,-0.019554466009140015,0.7425012588500977,12.5999482924618,159.9997796289777,19.53810114580369,5886.736588957251,5885.247197244785,-0.13585884869098663,1.539611413466865,False,True,0,0,4.3744659423828125,3.296046495437622,0.08175070583820343,False,16.35415267944336,34.228981018066406,0.32999953627586365,0.5436215996742249,0.7028751969337463,-0.3629382252693176,-0.2805669605731964,17.400815963745117,32.91486740112305,0.32999953627586365,0.8865200877189636,0.06033312901854515,-0.03125752881169319,-0.45767343044281006,14.633285522460938,32.85835266113281,0.32999947667121887,0.5511545538902283,0.7125551700592041,-0.3435136675834656,-0.26550331711769104,15.679947853088379,31.544239044189453,0.32999947667121887,0.8987595438957214,0.06113635003566742,-0.029623443260788918,-0.43314671516418457
7.000000000000,840,0.15946742926007382,0.16819062550862618,0.0,16.23567771911621,33.050777435302734,0.4186869263648987,-51.85197830200195,5.4752373695373535,0.09509488940238953,-0.016425294801592827,asphalt,3.148096099562757,0.16819062550862618,0.0,1905.2214938829331,1,-0.019587725400924683,0.742492139339447,12.599950486322923,159.99977962725112,19.538177685572176,5886.736341648047,5885.247444426955,-0.13585884869098663,1.539609877093546,False,True,0,0,4.3967132568359375,3.266310930252075,0.08175073564052582,False,16.58200454711914,34.39090347290039,0.32999947667121887,0.7830488085746765,0.4166797399520874,-0.21700727939605713,-0.40757864713668823,17.619733810424805,33.06972122192383,0.32999953627586365,0.8367643356323242,-0.29430076479911804,0.1530999094247818,-0.435629278421402,14.851883888244629,33.03197479248047,0.32999947667121887,0.7939677834510803,0.42244839668273926,-0.2055075317621231,-0.38590046763420105,15.889612197875977,31.710792541503906,0.32999947667121887,0.8484038710594177,-0.29842621088027954,0.14492498338222504,-0.4124916195869446
7.050000000000,846,0.15946741254954722,0.1681909116109211,0.0,16.455541610717773,33.21352767944336,0.4186869263648987,-52.240447998046875,5.475236892700195,0.09509523957967758,-0.016425300389528275,asphalt,3.148096099562757,0.1681909116109211,0.0,1905.221515983538,1,-0.019614815711975098,0.7424148321151733,12.5999482924618,159.99977962531733,19.53826341011288,5886.736661246594,5885.24712468613,-0.13585883378982544,1.539608474736941,False,True,0,0,4.418757438659668,3.2364258766174316,0.08175067603588104,False,16.81094741821289,34.551273345947266,0.32999947667121887,0.8835377097129822,0.05800897628068924,-0.030557947233319283,-0.46374815702438354,17.83969497680664,33.22309112548828,0.32999953627586365,0.6512655019760132,-0.5998809933662415,0.3147871494293213,-0.3419138193130493,15.07165241241455,33.20410919189453,0.32999947667121887,0.8959455490112305,0.05878676474094391,-0.028984392061829567,-0.4393013119697571,16.100399017333984,31.87592124938965,0.32999947667121887,0.6603894829750061,-0.6083256006240845,0.2981647253036499,-0.3239188492298126
7.100000000000,852,0.15946737912849884,0.16819148381551094,0.0,16.676504135131836,33.374786376953125,0.4186869263648987,-52.62893295288086,5.475235939025879,0.095095694065094,-0.016424814239144325,asphalt,3.148096099562757,0.16819148381551094,0.0,1905.221404035066,1,-0.019580602645874023,0.7423840761184692,12.599941710879575,159.99977962334899,19.538350665448956,5886.738262603327,5885.245523184576,-0.13585880398750305,1.5396049813503845,False,True,0,0,4.440598487854004,3.2063910961151123,0.08175063878297806,False,17.040971755981445,34.7100944519043,0.32999953627586365,0.8278551697731018,-0.30961769819259644,0.16375136375427246,-0.43815311789512634,18.06068992614746,33.374961853027344,0.32999953627586365,-0.36064013838768005,0.8069362044334412,-0.42699870467185974,0.19095735251903534,15.292582511901855,33.37474822998047,0.32999947667121887,0.8395643830299377,-0.3140362501144409,0.15515534579753876,-0.41525861620903015,16.312301635742188,32.039615631103516,0.32999947667121887,-0.36571916937828064,0.8183743953704834,-0.4046578109264374,0.1810106486082077
7.150000000000,858,0.15946736241797704,0.16819176991780588,0.0,16.898555755615234,33.5345344543457,0.4186869263648987,-53.017398834228516,5.475235462188721,0.0950959101319313,-0.01642463728785515,asphalt,3.148096099562757,0.16819176991780588,0.0,1905.221243090501,1,-0.01958218216896057,0.7424325346946716,12.599941710879575,159.99977962203675,19.538408835673003,5886.738078652388,5885.245707038966,-0.13585886359214783,1.539611036429878,False,True,0,0,4.462235927581787,3.1762094497680664,0.08175066113471985,False,17.27206802368164,34.867340087890625,0.32999953627586365,0.6263796091079712,-0.6213263273239136,0.3314385712146759,-0.33429110050201416,18.282711029052734,33.525325775146484,0.32999953627586365,-0.012477269396185875,0.882180392742157,-0.4706977307796478,0.006767970975488424,15.514666557312012,33.543880462646484,0.32999947667121887,0.6352975368499756,-0.6302245855331421,0.3142243027687073,-0.31698107719421387,16.52530860900879,32.201866149902344,0.32999947667121887,-0.012625296600162983,0.8947774171829224,-0.4462871849536896,0.006457265466451645
7.200000000000,864,0.15946734570745685,0.1681920560201008,0.0,17.121685028076172,33.692771911621094,0.4186869263648987,-53.405853271484375,5.475235462188721,0.09509563446044922,-0.016425030305981636,asphalt,3.148096099562757,0.1681920560201008,0.0,1905.221094265911,1,-0.019549667835235596,0.7424693703651428,12.599941710879575,159.9997796230382,19.538364442607282,5886.737975224317,5885.2458105407195,-0.13585886359214783,1.5396197404073322,False,True,0,0,4.483668327331543,3.1458821296691895,0.08175055682659149,False,17.504226684570312,35.023014068603516,0.32999947667121887,-0.3151707351207733,0.8223398923873901,-0.442318856716156,0.16964221000671387,18.505746841430664,33.67417907714844,0.3299994170665741,0.33645492792129517,0.8138632774353027,-0.43784114718437195,-0.18088583648204803,15.73789119720459,33.71149826049805,0.32999947667121887,-0.3196742832660675,0.8341939449310303,-0.4195520579814911,0.16094981133937836,16.739410400390625,32.36266326904297,0.32999947667121887,0.3413275182247162,0.8255705833435059,-0.4153330624103546,-0.17154352366924286
7.250000000000,870,0.15946734570745685,0.1681920560201008,0.0,17.34588050842285,33.8494987487793,0.4186869263648987,-53.79436111450195,5.475235939025879,0.095095194876194,-0.016424763947725296,asphalt,3.148096099562757,0.1681920560201008,0.0,1905.2210453993505,1,-0.019482821226119995,0.7424936890602112,12.599939517019216,159.99977962500654,19.53827718727121,5886.738016517652,5885.245769392205,-0.13585878908634186,1.5396057386364088,False,True,0,0,4.50489616394043,3.1154086589813232,0.08175057917833328,False,17.7374324798584,35.17711639404297,0.32999947667121887,0.05048390477895737,0.8776057362556458,-0.47593703866004944,-0.027266940101981163,18.72978401184082,33.8215217590332,0.32999953627586365,0.6294683218002319,0.6136041283607483,-0.33284053206443787,-0.3412869870662689,15.962244033813477,33.87760925292969,0.32999947667121887,0.0512540265917778,0.8903456330299377,-0.45165249705314636,-0.025839004665613174,16.9545955657959,32.522010803222656,0.32999947667121887,0.6386289596557617,0.6224912405014038,-0.31588461995124817,-0.32384347915649414
7.300000000000,876,0.15946732899693827,0.1681923421223957,0.0,17.571134567260742,34.004703521728516,0.4186869263648987,-54.182830810546875,5.475234508514404,0.0950947031378746,-0.016424110159277916,asphalt,3.148096099562757,0.1681923421223957,0.0,1905.2209549335805,1,-0.01952648162841797,0.7425074577331543,12.599935129299068,159.99977962738924,19.538171562390698,5886.739032870931,5885.244753214233,-0.13585886359214783,1.5396019554144407,False,True,0,0,4.525913715362549,3.0847935676574707,0.08175058662891388,False,17.9716796875,35.32963562011719,0.32999947667121887,0.4058941602706909,0.7779092192649841,-0.42533522844314575,-0.2218041568994522,18.954814910888672,33.967342376708984,0.32999947667121887,0.8191670775413513,0.3144170045852661,-0.17199595272541046,-0.4477997422218323,16.187721252441406,34.04219436645508,0.32999947667121887,0.4118694067001343,0.7892805337905884,-0.4038206934928894,-0.21054372191429138,17.170860290527344,32.679901123046875,0.32999947667121887,0.8311704993247986,0.31899166107177734,-0.16332636773586273,-0.4251169264316559
7.350000000000,882,0.15946729557590586,0.16819291432698555,0.0,17.797435760498047,34.15837860107422,0.4186869263648987,-54.57129669189453,5.475233554840088,0.09509454667568207,-0.01642420142889023,asphalt,3.148096099562757,0.16819291432698555,0.0,1905.2207417324134,1,-0.019550800323486328,0.7424295544624329,12.599930741579687,159.99977962842522,19.538125638529607,5886.7395528194265,5885.2442333419585,-0.13585875928401947,1.539603292367576,False,True,0,0,4.546723365783691,3.054036855697632,0.08175058662891388,False,18.206954956054688,35.48056411743164,0.32999947667121887,0.6884137392044067,0.5414050221443176,-0.29846256971359253,-0.37932467460632324,19.180831909179688,34.111637115478516,0.32999947667121887,0.8751152753829956,-0.03473048284649849,0.019029121845960617,-0.48229140043258667,16.414308547973633,34.20524597167969,0.32999947667121887,0.6985986232757568,0.5493672490119934,-0.28350239992141724,-0.36025264859199524,17.388185501098633,32.83631896972656,0.32999947667121887,0.8880316615104675,-0.0352737233042717,0.01803380437195301,-0.4580724239349365
7.400000000000,888,0.15946729557590586,0.16819291432698555,0.0,18.024778366088867,34.310516357421875,0.4186869263648987,-54.959781646728516,5.475234031677246,0.09509459137916565,-0.01642555743455887,asphalt,3.148096099562757,0.16819291432698555,0.0,1905.2205611595605,1,-0.019546329975128174,0.7424423098564148,12.599932935439282,159.99977962804536,19.538142477278672,5886.738157528565,5885.245628604873,-0.1358587145805359,1.5396016219779252,False,True,0,0,4.567326545715332,3.0231387615203857,0.08175063133239746,False,18.443252563476562,35.6298942565918,0.3299995958805084,0.8484864830970764,0.21031250059604645,-0.11694542318582535,-0.4713418781757355,19.407825469970703,34.254398345947266,0.32999953627586365,0.7887209057807922,-0.3769349157810211,0.20930196344852448,-0.43821457028388977,16.642000198364258,34.36676025390625,0.32999947667121887,0.861123263835907,0.21340617537498474,-0.11115391552448273,-0.44784972071647644,17.60657501220703,32.99126052856445,0.32999947667121887,0.8004459738731384,-0.3825724720954895,0.19883830845355988,-0.41639867424964905
7.450000000000,894,0.15946731228642125,0.16819262822469064,0.0,18.253143310546875,34.46110916137695,0.4186869263648987,-55.3482780456543,5.4752349853515625,0.09509467333555222,-0.01642715185880661,asphalt,3.148096099562757,0.16819262822469064,0.0,1905.2205291290197,1,-0.019526034593582153,0.7424657344818115,12.599935129299068,159.9997796278727,19.538150131255524,5886.737179225088,5885.246606895646,-0.13585864007472992,1.5396101701394014,False,True,0,0,4.587719440460205,2.9921023845672607,0.08175067603588104,False,18.680553436279297,35.77762222290039,0.32999953627586365,0.8583391904830933,-0.15662065148353577,0.08759528398513794,-0.4806775450706482,19.635778427124023,34.39561462402344,0.32999947667121887,0.5745514631271362,-0.6566329002380371,0.36763128638267517,-0.3218246102333069,16.870779037475586,34.526729583740234,0.32999953627586365,0.8712116479873657,-0.15900765359401703,0.08323013037443161,-0.4569240212440491,17.826004028320312,33.14472579956055,0.32999947667121887,0.5831493139266968,-0.6665058135986328,0.34943318367004395,-0.3059464395046234
7.500000000000,900,0.15946732899693827,0.1681923421223957,0.0,18.482524871826172,34.61014938354492,0.4186869263648987,-55.736732482910156,5.4752349853515625,0.09509438276290894,-0.0164268109947443,asphalt,3.148096099562757,0.1681923421223957,0.0,1905.2205197240505,1,-0.01952153444290161,0.7424434423446655,12.599935129299068,159.9997796288741,19.5381057381898,5886.737006600298,5885.246779594115,-0.13585872948169708,1.5396058508515098,False,True,0,0,4.607900619506836,2.9609286785125732,0.08175062388181686,False,18.918851852416992,35.92373275756836,0.32999953627586365,0.7168013453483582,-0.49454593658447266,0.2790527045726776,-0.4046599864959717,19.86468505859375,34.535282135009766,0.3299995958805084,-0.2678792178630829,0.8286257386207581,-0.46768084168434143,0.15131019055843353,17.100637435913086,34.685142517089844,0.32999947667121887,0.7276232242584229,-0.5020581483840942,0.2653379738330841,-0.38483482599258423,18.046470642089844,33.29669189453125,0.32999947667121887,-0.2719021439552307,0.8411701321601868,-0.44473257660865784,0.14392691850662231
7.550000000000,906,0.15946736241797704,0.16819176991780588,0.0,18.71291160583496,34.75762939453125,0.4186869263648987,-56.125221252441406,5.475235939025879,0.09509432315826416,-0.016426658257842064,asphalt,3.148096099562757,0.16819176991780588,0.0,1905.220660042717,1,-0.019517600536346436,0.742455244064331,12.599941710879575,159.99977962946116,19.538079714668513,5886.735100035219,5885.248686202387,-0.13585886359214783,1.5396112358487486,False,True,0,0,4.627871513366699,2.929619073867798,0.08175066858530045,False,19.158132553100586,36.06822204589844,0.32999953627586365,-0.4494103789329529,0.7439770698547363,-0.42320966720581055,0.2557772696018219,20.094532012939453,34.67338943481445,0.3299994170665741,0.08112785965204239,0.8653841614723206,-0.4923499822616577,-0.04604402557015419,17.33156394958496,34.84199142456055,0.32999947667121887,-0.4562317728996277,0.755342423915863,-0.4025983214378357,0.24336178600788116,18.267963409423828,33.4471549987793,0.32999947667121887,0.0823960155248642,0.8785787224769592,-0.4683961570262909,-0.04376459866762161
7.600000000000,912,0.15946734570745685,0.1681920560201008,0.0,18.944292068481445,34.90354537963867,0.4186869263648987,-56.513668060302734,5.4752349853515625,0.09509410709142685,-0.01642734929919243,asphalt,3.148096099562757,0.1681920560201008,0.0,1905.220755133784,1,-0.019530385732650757,0.7425249218940735,12.599937323159045,159.99977963004818,19.538053691147226,5886.736650722062,5885.247135558734,-0.13585872948169708,1.5396151999004184,False,True,0,0,4.647627830505371,2.8981733322143555,0.08175063133239746,False,19.39838981628418,36.211090087890625,0.32999953627586365,-0.10382193326950073,0.8612622618675232,-0.49385300278663635,0.059645406901836395,20.32530975341797,34.809940338134766,0.32999947667121887,0.41561561822891235,0.7614560127258301,-0.4366893768310547,-0.23822423815727234,17.563547134399414,34.99726867675781,0.32999947667121887,-0.10538046807050705,0.8745077848434448,-0.470005065202713,0.05680084973573685,18.490468978881836,33.59611892700195,0.32999947667121887,0.42203250527381897,0.7731477618217468,-0.4156242609024048,-0.22668835520744324
7.650000000000,918,0.15946732899693827,0.1681923421223957,0.0,19.17665672302246,35.047889709472656,0.4186869263648987,-56.902137756347656,5.4752349853515625,0.09509371221065521,-0.016426637768745422,asphalt,3.148096099562757,0.1681923421223957,0.0,1905.2207734428675,1,-0.01951250433921814,0.7424778938293457,12.599935129299068,159.99977963218916,19.537958781834302,5886.737429562288,5885.246356876031,-0.1358586847782135,1.539608655566191,False,True,0,0,4.667169570922852,2.8665969371795654,0.08175069093704224,False,19.63960838317871,36.352325439453125,0.32999953627586365,0.2587272524833679,0.8262447118759155,-0.4775495231151581,-0.14941997826099396,20.5570068359375,34.94492721557617,0.32999953627586365,0.6813069581985474,0.5342666506767273,-0.308860182762146,-0.3936817944049835,17.796579360961914,35.150970458984375,0.32999947667121887,0.2627730965614319,0.8390384316444397,-0.45468220114707947,-0.14222820103168488,18.713977813720703,33.743568420410156,0.32999947667121887,0.6918850541114807,0.5425220727920532,-0.2940942347049713,-0.37479791045188904
7.700000000000,924,0.15946729557590586,0.16819291432698555,0.0,19.40999412536621,35.19065475463867,0.4186869263648987,-57.290626525878906,5.475234031677246,0.09509383141994476,-0.01642615534365177,asphalt,3.148096099562757,0.16819291432698555,0.0,1905.2206688447782,1,-0.01951107382774353,0.7424888610839844,12.599932935439282,159.9997796318093,19.53797562058337,5886.73857990334,5885.24520650703,-0.1358586847782135,1.5396099707202406,False,True,0,0,4.686497688293457,2.834886074066162,0.08175075799226761,False,19.88178062438965,36.491920471191406,0.32999953627586365,0.5742438435554504,0.6456940770149231,-0.3761703372001648,-0.3343936502933502,20.789615631103516,35.07833480834961,0.32999953627586365,0.8353130221366882,0.22119900584220886,-0.12895020842552185,-0.48651307821273804,18.030649185180664,35.30309295654297,0.32999947667121887,0.5832433104515076,0.6557559967041016,-0.35831165313720703,-0.31847137212753296,18.9384822845459,33.889503479003906,0.32999947667121887,0.8483705520629883,0.224624365568161,-0.1228577047586441,-0.463375985622406
7.750000000000,930,0.1594671953128469,0.1681946309407551,0.0,19.64429473876953,35.33183288574219,0.4186869263648987,-57.67909622192383,5.475230693817139,0.09509442001581192,-0.016425861045718193,asphalt,3.148096099562757,0.1681946309407551,0.0,1905.2203757892876,1,-0.019574135541915894,0.742527425289154,12.599917578426124,159.99977962953022,19.538076653077773,5886.741975585276,5885.2418106574105,-0.13585859537124634,1.539608948611349,False,True,0,0,4.705607891082764,2.803044319152832,0.08175082504749298,False,20.124893188476562,36.62987518310547,0.32999953627586365,0.787277102470398,0.35201868414878845,-0.20674380660057068,-0.46209806203842163,21.023122787475586,35.21016311645508,0.32999953627586365,0.8530566096305847,-0.12655749917030334,0.07417938113212585,-0.5007744431495667,18.265743255615234,35.45362091064453,0.32999947667121887,0.7996901869773865,0.35752713680267334,-0.1970231831073761,-0.44028598070144653,19.163972854614258,34.033905029296875,0.32999947667121887,0.8664852976799011,-0.12858155369758606,0.07064211368560791,-0.4771578907966614
7.800000000000,936,0.1594671953128469,0.1681946309407551,0.0,19.879547119140625,35.47142028808594,0.4186869263648987,-58.06757736206055,5.4752302169799805,0.0950952097773552,-0.01642606407403946,asphalt,3.148096099562757,0.1681946309407551,0.0,1905.2199934586038,1,-0.01959487795829773,0.7424250841140747,12.599917578426124,159.99977962600798,19.538232794205488,5886.740633856961,5885.243152126576,-0.1358586996793747,1.5396073686343776,False,True,0,0,4.7245049476623535,2.7710745334625244,0.0817507728934288,False,20.368934631347656,36.76617431640625,0.32999947667121887,0.8606684803962708,-0.0025506976526230574,0.0013956037582829595,-0.5091574788093567,21.257518768310547,35.34040451049805,0.32999947667121887,0.732194721698761,-0.45237991213798523,0.26752397418022156,-0.4332137703895569,18.50185203552246,35.6025505065918,0.3299995958805084,0.8743295669555664,-0.0026294223498553038,0.0012955947313457727,-0.48532384634017944,19.39043617248535,34.176780700683594,0.32999947667121887,0.7438001036643982,-0.4595872461795807,0.254968523979187,-0.4129551947116852
7.850000000000,942,0.1594671953128469,0.1681946309407551,0.0,20.115739822387695,35.60940933227539,0.4186869263648987,-58.4560432434082,5.475232124328613,0.09509586542844772,-0.01642504706978798,asphalt,3.148096099562757,0.1681946309407551,0.0,1905.219632501537,1,-0.0194566547870636,0.7424226403236389,12.599919772284574,159.99977962248568,19.538388935333195,5886.738793475614,5885.244992248769,-0.13585861027240753,1.5396231280119983,False,True,0,0,4.743185997009277,2.738978624343872,0.08175063133239746,False,20.613895416259766,36.900814056396484,0.32999953627586365,0.7820337414741516,-0.3552509844303131,0.21168619394302368,-0.46627119183540344,21.49279022216797,35.469051361083984,0.32999947667121887,-0.49291127920150757,0.7034333944320679,-0.4192999601364136,0.2939514219760895,18.73896598815918,35.7498779296875,0.32999947667121887,0.7945294380187988,-0.3609694838523865,0.20182135701179504,-0.4446257948875427,19.617862701416016,34.318115234375,0.32999947667121887,0.5007713437080383,-0.7147056460380554,0.39980024099349976,-0.280327707529068
7.900000000000,948,0.1594671953128469,0.1681946309407551,0.0,20.352861404418945,35.745792388916016,0.4186869263648987,-58.84453201293945,5.475231647491455,0.09509638696908951,-0.016423886641860008,asphalt,3.148096099562757,0.1681946309407551,0.0,1905.2195089657437,1,-0.019471436738967896,0.7425941824913025,12.599919772284574,159.99977962044827,19.538479252260007,5886.7384234004485,5885.245362174032,-0.13585861027240753,1.539608948611349,False,True,0,0,4.761647701263428,2.7067553997039795,0.08175073564052582,False,20.85976219177246,37.033790588378906,0.32999953627586365,0.5658490061759949,-0.6439000964164734,0.3867628872394562,-0.3400324583053589,21.72892951965332,35.59610366821289,0.32999953627586365,-0.17453785240650177,0.8392430543899536,-0.5041717290878296,0.10496916621923447,18.97707176208496,35.895591735839844,0.32999947667121887,0.5749444961547852,-0.6543084979057312,0.36891061067581177,-0.3243827521800995,19.84623908996582,34.45790481567383,0.32999947667121887,-0.17732129991054535,0.8527824282646179,-0.48092183470726013,0.10016734898090363
7.950000000000,954,0.15946724544436916,0.1681937726338703,0.0,20.590904235839844,35.88056564331055,0.4186869263648987,-59.23299789428711,5.47523307800293,0.095097117125988,-0.01642327755689621,asphalt,3.148096099562757,0.1681937726338703,0.0,1905.2196079454034,1,-0.019486039876937866,0.742466390132904,12.599926353861068,159.99977961685687,19.53863845497845,5886.736030880686,5885.24775442956,-0.1358587145805359,1.5396118187300045,False,True,0,0,4.779891014099121,2.674410343170166,0.08175064623355865,False,21.106525421142578,37.165096282958984,0.32999953627586365,-0.2507891356945038,0.817862331867218,-0.49509748816490173,0.15193578600883484,21.965925216674805,35.72154998779297,0.32999947667121887,0.1708957403898239,0.8382055759429932,-0.5074694752693176,-0.10334815084934235,19.216161727905273,36.03968811035156,0.32999947667121887,-0.25482824444770813,0.831165611743927,-0.47243648767471313,0.14501723647117615,20.0755615234375,34.59614181518555,0.32999947667121887,0.17370451986789703,0.8518218398094177,-0.4842599034309387,-0.09858258068561554
8.000000000000,960,0.1594672621548798,0.1681934865315754,0.0,20.82985496520996,36.01372146606445,0.4186869263648987,-59.62147903442383,5.47523307800293,0.09509715437889099,-0.016422932967543602,asphalt,3.148096099562757,0.1681934865315754,0.0,1905.2196971519288,1,-0.019496917724609375,0.7424759268760681,12.599928547720282,159.99977961626982,19.538664478499733,5886.735650360269,5885.248134906783,-0.1358586549758911,1.5396146888471527,False,True,0,0,4.797914505004883,2.641940116882324,0.08175070583820343,False,21.354171752929688,37.29472732543945,0.32999953627586365,0.10719117522239685,0.846932590007782,-0.5166759490966797,-0.06527743488550186,22.203767776489258,35.84538650512695,0.32999953627586365,0.48715993762016296,0.7010420560836792,-0.42772796750068665,-0.2970925569534302,19.456222534179688,36.18216323852539,0.32999947667121887,0.10898520052433014,0.8608003258705139,-0.4932202696800232,-0.062279801815748215,20.305816650390625,34.732818603515625,0.32999947667121887,0.49516576528549194,0.7125066518783569,-0.4083283245563507,-0.2835720181465149
8.050000000000,966,0.15946731228642125,0.16819262822469064,0.0,21.069705963134766,36.14525604248047,0.4186869263648987,-60.00993347167969,5.4752349853515625,0.09509721398353577,-0.016423307359218597,asphalt,3.148096099562757,0.16819262822469064,0.0,1905.2200015199837,1,-0.019515305757522583,0.7424168586730957,12.599935129299068,159.99977961599356,19.538676724862693,5886.734080797748,5885.249704448978,-0.13585864007472992,1.5396129748545595,False,True,0,0,4.815717697143555,2.6093504428863525,0.08175060898065567,False,21.602697372436523,37.42267608642578,0.32999953627586365,0.4447978734970093,0.7265812158584595,-0.44668903946876526,-0.2733193635940552,22.44244384765625,35.96760940551758,0.32999947667121887,0.7230018377304077,0.45059269666671753,-0.27707624435424805,-0.4443683922290802,19.697248458862305,36.32300567626953,0.3299995958805084,0.4521733224391937,0.738555371761322,-0.42657706141471863,-0.26097360253334045,20.53699493408203,34.86793518066406,0.32999947667121887,0.7349539399147034,0.4580036997795105,-0.2646220326423645,-0.42432349920272827
8.100000000000,972,0.15946729557590586,0.16819291432698555,0.0,21.310440063476562,36.27516174316406,0.4186869263648987,-60.398380279541016,5.475234031677246,0.09509703516960144,-0.016423406079411507,asphalt,3.148096099562757,0.16819291432698555,0.0,1905.2201808118275,1,-0.01948535442352295,0.7424204349517822,12.599930741579687,159.99977961640792,19.53865835531826,5886.735879289645,5885.2479059875695,-0.13585881888866425,1.5396087677818195,False,True,0,0,4.833296775817871,2.576641798019409,0.08175066113471985,False,21.852079391479492,37.5489387512207,0.32999953627586365,0.7025900483131409,0.4786469042301178,-0.29655921459198,-0.4351058304309845,22.681941986083984,36.08821105957031,0.3299995958805084,0.8404461741447449,0.12800763547420502,-0.07939877361059189,-0.520538330078125,19.939218521118164,36.46221160888672,0.32999947667121887,0.7143003940582275,0.48657768964767456,-0.2833230197429657,-0.4156262278556824,20.769081115722656,35.00148391723633,0.32999947667121887,0.8544328808784485,0.13010536134243011,-0.07588464021682739,-0.49725106358528137
8.150000000000,978,0.15946732899693827,0.1681923421223957,0.0,21.55204963684082,36.40342712402344,0.4186869263648987,-60.78683853149414,5.475235462188721,0.095096655189991,-0.016422543674707413,asphalt,3.148096099562757,0.1681923421223957,0.0,1905.2203558031674,1,-0.01946994662284851,0.7424826622009277,12.599935129299068,159.99977961823816,19.538577223163667,5886.734780055807,5885.249005356067,-0.13585877418518066,1.5396269984302402,False,True,0,0,4.850656032562256,2.543814182281494,0.08175073564052582,False,22.102312088012695,37.67350387573242,0.32999953627586365,0.8354496359825134,0.14737536013126373,-0.0920872911810875,-0.5213677287101746,22.92225456237793,36.207183837890625,0.32999953627586365,0.8209102153778076,-0.21401405334472656,0.13345074653625488,-0.5123429894447327,20.182126998901367,36.599769592285156,0.32999947667121887,0.8494630455970764,0.1498079001903534,-0.08803229033946991,-0.49821728467941284,21.0020694732666,35.13344955444336,0.32999947667121887,0.8346650004386902,-0.21763332188129425,0.12749038636684418,-0.4896082878112793
8.200000000000,984,0.15946739583902222,0.16819119771321603,0.0,21.79452133178711,36.53005599975586,0.4186869263648987,-61.17531967163086,5.475236892700195,0.095096156001091,-0.016423404216766357,asphalt,3.148096099562757,0.16819119771321603,0.0,1905.2206729408233,1,-0.01957687735557556,0.7424460649490356,12.599946098600867,159.9997796202756,19.53848690623686,5886.732589362568,5885.25119619921,-0.13585881888866425,1.5396170010935477,False,True,0,0,4.86779260635376,2.510869026184082,0.0817507952451706,False,22.353382110595703,37.79637145996094,0.32999953627586365,0.8204771876335144,-0.20847629010677338,0.13097843527793884,-0.5159452557563782,23.163362503051758,36.32452392578125,0.32999953627586365,0.6681433320045471,-0.5198362469673157,0.32678255438804626,-0.42019984126091003,20.425962448120117,36.73568344116211,0.32999947667121887,0.8343296647071838,-0.21203625202178955,0.12517495453357697,-0.49321994185447693,21.23594093322754,35.26383972167969,0.32999947667121887,0.679411768913269,-0.5286445021629333,0.31235456466674805,-0.4017079472541809
8.250000000000,990,0.15946736241797704,0.16819176991780588,0.0,22.0378475189209,36.65504455566406,0.4186869263648987,-61.56379318237305,5.475236415863037,0.09509551525115967,-0.01642552763223648,asphalt,3.148096099562757,0.16819176991780588,0.0,1905.220848369122,1,-0.019534051418304443,0.7425265908241272,12.599941710879575,159.99977962327992,19.53835372703969,5886.7351850663845,5885.248600716436,-0.13585878908634186,1.5395931174224495,False,True,0,0,4.884703636169434,2.4778075218200684,0.08175063878297806,False,22.605281829833984,37.91754150390625,0.32999947667121887,0.6609392166137695,-0.5260649919509888,0.3331936001777649,-0.4188043475151062,23.405263900756836,36.44023895263672,0.32999947667121887,-0.40752363204956055,0.7399387955665588,-0.4687262177467346,0.25828424096107483,20.670713424682617,36.86994552612305,0.32999947667121887,0.6721675992012024,-0.5350519418716431,0.31859540939331055,-0.4005086123943329,21.47069549560547,35.392642974853516,0.32999947667121887,-0.4144333600997925,0.7525520920753479,-0.4482087194919586,0.24702073633670807
8.300000000000,996,0.15946729557590586,0.16819291432698555,0.0,22.28201675415039,36.77836608886719,0.4186869263648987,-61.95225524902344,5.475234031677246,0.09509491920471191,-0.01642613485455513,asphalt,3.148096099562757,0.16819291432698555,0.0,1905.2207576657188,1,-0.019524753093719482,0.7424607276916504,12.599930741579687,159.9997796261806,19.538225140228636,5886.738596597971,5885.245189398268,-0.13585880398750305,1.5396219686704578,False,True,0,0,4.9013895988464355,2.4446301460266113,0.08175060898065567,False,22.85799789428711,38.0369873046875,0.3299994170665741,-0.38558006286621094,0.7495618462562561,-0.47839418053627014,0.24621960520744324,23.647945404052734,36.55429458618164,0.3299995958805084,-0.08184245228767395,0.8389378786087036,-0.535484790802002,0.05235535278916359,20.916370391845703,37.002532958984375,0.32999947667121887,-0.3921602964401245,0.7624392509460449,-0.4576112926006317,0.23556014895439148,21.70631980895996,35.519840240478516,0.32999947667121887,-0.08321405202150345,0.8533338308334351,-0.5122351050376892,0.050119318068027496
8.350000000000,1002,0.15946727886539205,0.1681932004292805,0.0,22.52701187133789,36.90003967285156,0.4186869263648987,-62.34074783325195,5.475233554840088,0.09509452432394028,-0.01642497442662716,asphalt,3.148096099562757,0.1681932004292805,0.0,1905.2205455669073,1,-0.019556432962417603,0.7425048351287842,12.599930741579687,159.99977962825255,19.538133292506455,5886.738244364136,5885.245541784545,-0.13585883378982544,1.5396076552582272,False,True,0,0,4.917851448059082,2.411341905593872,0.08175060153007507,False,23.111513137817383,38.154727935791016,0.32999947667121887,-0.04344404488801956,0.8399689197540283,-0.5401646494865417,0.02805398963391781,23.891389846801758,36.666709899902344,0.32999953627586365,0.25572267174720764,0.8012745976448059,-0.5153222680091858,-0.16434070467948914,21.162918090820312,37.133460998535156,0.32999947667121887,-0.044155918061733246,0.8544917106628418,-0.5168865919113159,0.026877865195274353,21.942792892456055,35.64544677734375,0.32999947667121887,0.26017460227012634,0.8151165843009949,-0.4931274950504303,-0.15722408890724182
8.400000000000,1008,0.15946722873386016,0.16819405873616525,0.0,22.772830963134766,37.02004623413086,0.4186869263648987,-62.729209899902344,5.475232124328613,0.09509454667568207,-0.016424063593149185,asphalt,3.148096099562757,0.16819405873616525,0.0,1905.2202791287616,1,-0.01952311396598816,0.742456316947937,12.599924160002047,159.9997796281835,19.538136354097194,5886.739846325828,5885.243939817773,-0.1358586847782135,1.5396012013349927,False,True,0,0,4.934086322784424,2.3779425621032715,0.08175060153007507,False,23.365827560424805,38.2707405090332,0.32999947667121887,0.30486103892326355,0.7819242477416992,-0.5066404938697815,-0.19740711152553558,24.135595321655273,36.77747344970703,0.32999947667121887,0.5502930879592896,0.6336585879325867,-0.4106152057647705,-0.35643988847732544,21.410350799560547,37.26271057128906,0.32999947667121887,0.31020820140838623,0.7955305576324463,-0.48498088121414185,-0.1889326274394989,22.18012046813965,35.769439697265625,0.32999947667121887,0.559903621673584,0.644675076007843,-0.3930750787258148,-0.3411655128002167
8.450000000000,1014,0.15946717860234266,0.16819491704305,0.0,23.01945686340332,37.13838577270508,0.4186869263648987,-63.11766815185547,5.4752302169799805,0.09509468823671341,-0.016425354406237602,asphalt,3.148096099562757,0.16819491704305,0.0,1905.2199528123658,1,-0.019631952047348022,0.742466390132904,12.599917578426124,159.9997796276655,19.538159316027738,5886.740431827435,5885.2433542780545,-0.13585864007472992,1.5395871341484424,False,True,0,0,4.9500932693481445,2.3444344997406006,0.08175060153007507,False,23.62091827392578,38.385032653808594,0.32999947667121887,0.5979036092758179,0.5863091945648193,-0.38277313113212585,-0.39017626643180847,24.38054656982422,36.88657760620117,0.32999953627586365,0.7542133331298828,0.36388108134269714,-0.23761379718780518,-0.49223214387893677,21.658653259277344,37.390281677246094,0.32999947667121887,0.608425498008728,0.5965718626976013,-0.3665432035923004,-0.373585969209671,22.41828155517578,35.89182662963867,0.32999947667121887,0.7674655318260193,0.37023815512657166,-0.22755709290504456,-0.47131526470184326
8.500000000000,1020,0.15946714518133892,0.16819548924763986,0.0,23.266878128051758,37.25505065917969,0.4186869263648987,-63.50613784790039,5.475229740142822,0.09509502351284027,-0.01642594113945961,asphalt,3.148096099562757,0.16819548924763986,0.0,1905.219566174553,1,-0.019587725400924683,0.7424607276916504,12.599913190709799,159.99977962656047,19.53820830147957,5886.740444182358,5885.2433418418295,-0.13585864007472992,1.5396131120851593,False,True,0,0,4.965874195098877,2.310818910598755,0.08175057917833328,False,23.87677764892578,38.497589111328125,0.32999947667121887,0.7842651009559631,0.28821441531181335,-0.18962644040584564,-0.5156573057174683,24.62622833251953,36.9940185546875,0.32999947667121887,0.834762454032898,0.03620690107345581,-0.023924680426716805,-0.548897385597229,21.907814025878906,37.51616668701172,0.32999947667121887,0.7981484532356262,0.2932744026184082,-0.18166370689868927,-0.49391040205955505,22.657264709472656,36.012596130371094,0.32999947667121887,0.8495266437530518,0.03681424260139465,-0.022952500730752945,-0.5257589221000671
8.550000000000,1026,0.15946717860234266,0.16819491704305,0.0,23.515085220336914,37.370033264160156,0.4186869263648987,-63.89460372924805,5.475230693817139,0.09509554505348206,-0.016424456611275673,asphalt,3.148096099562757,0.16819491704305,0.0,1905.219362636099,1,-0.019519150257110596,0.7424371242523193,12.599917578426124,159.99977962403963,19.53832004954156,5886.738430852385,5885.245354986331,-0.13585861027240753,1.5396210805834762,False,True,0,0,4.981428623199463,2.277097463607788,0.08175057172775269,False,24.133394241333008,38.6084098815918,0.32999953627586365,0.8315644264221191,-0.059354569762945175,0.03920105844736099,-0.5508547425270081,24.872634887695312,37.09979248046875,0.32999953627586365,0.7794049978256226,-0.29588890075683594,0.19589383900165558,-0.5163363218307495,22.157821655273438,37.640357971191406,0.32999947667121887,0.8463789224624634,-0.0604516826570034,0.037528663873672485,-0.5278066992759705,22.897062301635742,36.13174057006836,0.32999953627586365,0.7932811379432678,-0.30119213461875916,0.18766294419765472,-0.494743287563324
8.600000000000,1032,0.15946722873386016,0.16819405873616525,0.0,23.764066696166992,37.48332977294922,0.4186869263648987,-64.2830810546875,5.4752326011657715,0.09509619325399399,-0.016423717141151428,asphalt,3.148096099562757,0.16819405873616525,0.0,1905.219408183379,1,-0.019515305757522583,0.7424477934837341,12.599924160002047,159.9997796211389,19.538448636352616,5886.7360787881635,5885.247706837133,-0.13585855066776276,1.5396165836732605,False,True,0,0,4.996754169464111,2.243271589279175,0.08175067603588104,False,24.390758514404297,38.71748352050781,0.32999953627586365,0.7320838570594788,-0.39490440487861633,0.26342058181762695,-0.48858293890953064,25.119752883911133,37.20389175415039,0.32999953627586365,0.5977379679679871,-0.5784510374069214,0.3859221637248993,-0.39895838499069214,22.408668518066406,37.76285171508789,0.32999947667121887,0.7452080249786377,-0.40202903747558594,0.2524498701095581,-0.468301922082901,23.13766098022461,36.2492561340332,0.32999947667121887,0.6084461808204651,-0.5888596177101135,0.36986464262008667,-0.3824104368686676
8.650000000000,1038,0.1594672120233527,0.16819434483846016,0.0,24.013813018798828,37.59493637084961,0.4186869263648987,-64.67153930664062,5.475231170654297,0.09509691596031189,-0.016425088047981262,asphalt,3.148096099562757,0.16819434483846016,0.0,1905.2195255704241,1,-0.019564032554626465,0.742467999458313,12.599921966143215,159.99977961792737,19.538591000321993,5886.737006161985,5885.246779227023,-0.13585874438285828,1.5396095936825809,False,True,0,0,5.011847496032715,2.2093424797058105,0.08175070583820343,False,24.64885902404785,38.82481384277344,0.32999953627586365,0.5040207505226135,-0.659336507320404,0.44314852356910706,-0.3389067053794861,25.367572784423828,37.306312561035156,0.32999947667121887,-0.319833904504776,0.7658119201660156,-0.5147496461868286,0.2151075005531311,22.66033935546875,37.88364028930664,0.32999953627586365,0.5131057500839233,-0.6712866425514221,0.42485374212265015,-0.32495543360710144,23.379056930541992,36.36513900756836,0.32999947667121887,-0.3255882263183594,0.7796765565872192,-0.4935074746608734,0.20626960694789886
8.700000000000,1044,0.1594671953128469,0.1681946309407551,0.0,24.264307022094727,37.70484924316406,0.4186869263648987,-65.06002044677734,5.475232124328613,0.0950971245765686,-0.01642560213804245,asphalt,3.148096099562757,0.1681946309407551,0.0,1905.2194621088904,1,-0.0194607675075531,0.74246746301651,12.599919772284574,159.99977961630435,19.538662947704367,5886.736852368265,5885.246932901327,-0.1358586698770523,1.5396050749728405,False,True,0,0,5.026712894439697,2.1753106117248535,0.0817507654428482,False,24.907676696777344,38.93039321899414,0.32999953627586365,-0.18816091120243073,0.8063580989837646,-0.5460022687911987,0.12752877175807953,25.616079330444336,37.40705108642578,0.32999947667121887,0.008738497272133827,0.8279743194580078,-0.5606679320335388,-0.005799488630145788,22.912822723388672,38.002723693847656,0.32999953627586365,-0.19155104458332062,0.8210616111755371,-0.523640513420105,0.122338205575943,23.621225357055664,36.4793815612793,0.32999947667121887,0.008931129239499569,0.8430625200271606,-0.5377129912376404,-0.0055263410322368145
8.750000000000,1050,0.1594672621548798,0.1681934865315754,0.0,24.515541076660156,37.81306076049805,0.4186869263648987,-65.44851684570312,5.4752326011657715,0.09509643912315369,-0.016427138820290565,asphalt,3.148096099562757,0.1681934865315754,0.0,1905.2196934856277,1,-0.01961377263069153,0.7425086498260498,12.599928547720282,159.9997796187907,19.53855273043775,5886.735068355026,5885.248717097501,-0.1358586847782135,1.5396054302104574,False,True,0,0,5.041346549987793,2.141178846359253,0.08175072818994522,False,25.167205810546875,39.03421401977539,0.32999947667121887,0.15941466391086578,0.8105878829956055,-0.5529334545135498,-0.10862264782190323,25.865262985229492,37.506107330322266,0.32999947667121887,0.33438682556152344,0.7554145455360413,-0.5153241753578186,-0.22798089683055878,23.166107177734375,38.12009048461914,0.32999953627586365,0.16238068044185638,0.8254621028900146,-0.5304640531539917,-0.10417646169662476,23.864166259765625,36.591983795166016,0.32999947667121887,0.3405567407608032,0.7692699432373047,-0.4943917989730835,-0.2186814695596695
8.800000000000,1056,0.15946724544436916,0.1681937726338703,0.0,24.767505645751953,37.91956329345703,0.4186869263648987,-65.83696746826172,5.475233554840088,0.0950954481959343,-0.016427991911768913,asphalt,3.148096099562757,0.1681937726338703,0.0,1905.2196640599466,1,-0.019424408674240112,0.7425204515457153,12.599928547720282,159.99977962341805,19.538347603858217,5886.735474512436,5885.248311280548,-0.1358586549758911,1.5396158917865985,False,True,0,0,5.055749416351318,2.1069490909576416,0.08175078779459,False,25.427433013916016,39.136268615722656,0.32999953627586365,0.4772908389568329,0.6719366908073425,-0.4617491662502289,-0.32784491777420044,26.115116119384766,37.60346603393555,0.32999947667121887,0.6042395830154419,0.5605354309082031,-0.38522469997406006,-0.4150860607624054,23.420185089111328,38.23573684692383,0.32999953627586365,0.4861513376235962,0.6843419075012207,-0.4431329369544983,-0.31458884477615356,24.107866287231445,36.70293045043945,0.32999947667121887,0.6154385209083557,0.5708786249160767,-0.36970463395118713,-0.3983107805252075
8.850000000000,1062,0.15946736241797704,0.16819176991780588,0.0,25.020185470581055,38.024356842041016,0.4186869263648987,-66.22545623779297,5.475235939025879,0.09509479999542236,-0.016424501314759254,asphalt,3.148096099562757,0.16819176991780588,0.0,1905.220083600592,1,-0.01952001452445984,0.742500901222229,12.599941710879575,159.99977962687126,19.538194524321245,5886.732522648909,5885.251263398145,-0.13585883378982544,1.5396158231703425,False,True,0,0,5.069920539855957,2.072622537612915,0.0817507803440094,False,25.6883487701416,39.2365608215332,0.32999947667121887,0.7095708847045898,0.41550686955451965,-0.28767114877700806,-0.4910280704498291,26.36562156677246,37.699127197265625,0.32999953627586365,0.7747310400009155,0.27555128931999207,-0.19081847369670868,-0.5361450910568237,23.675039291381836,38.34965515136719,0.32999947667121887,0.7228129506111145,0.42321470379829407,-0.27617186307907104,-0.47133833169937134,24.352313995361328,36.812225341796875,0.32999947667121887,0.7891784310340881,0.28065401315689087,-0.18320612609386444,-0.5146515369415283
8.900000000000,1068,0.15946739583902222,0.16819119771321603,0.0,25.273569107055664,38.12743377685547,0.4186869263648987,-66.61392211914062,5.475237846374512,0.09509482234716415,-0.01642313040792942,asphalt,3.148096099562757,0.16819119771321603,0.0,1905.2205052077295,1,-0.0194549560546875,0.7424309253692627,12.599946098600867,159.99977962707848,19.538185339549024,5886.73157904468,5885.252207017619,-0.13585881888866425,1.5396082971185838,False,True,0,0,5.083858489990234,2.038201332092285,0.0817507654428482,False,25.949934005737305,39.335079193115234,0.32999953627586365,0.8157097697257996,0.08704903721809387,-0.06080159172415733,-0.5686327815055847,26.61676788330078,37.7930908203125,0.32999947667121887,0.8186379671096802,-0.05283777415752411,0.036715488880872726,-0.5706943273544312,23.930660247802734,38.46184539794922,0.32999953627586365,0.8310261964797974,0.08864317834377289,-0.05841363966464996,-0.546008825302124,24.597492218017578,36.919857025146484,0.32999947667121887,0.8340029716491699,-0.05386335030198097,0.035219863057136536,-0.5479938983917236
8.950000000000,1074,0.15946732899693827,0.1681923421223957,0.0,25.527650833129883,38.22879409790039,0.4186869263648987,-67.00239562988281,5.475234508514404,0.09509488195180893,-0.01642324961721897,asphalt,3.148096099562757,0.1681923421223957,0.0,1905.220692444607,1,-0.01957494020462036,0.7425337433815002,12.599935129299068,159.99977962662956,19.538205239888832,5886.736350152481,5885.2474358767895,-0.13585880398750305,1.5396095686702262,False,True,0,0,5.097557544708252,2.0036842823028564,0.0817507952451706,False,26.212190628051758,39.431827545166016,0.32999953627586365,0.7775908708572388,-0.25520116090774536,0.1790805459022522,-0.5460357069969177,26.868553161621094,37.88534927368164,0.32999947667121887,0.7294245958328247,-0.37109971046447754,0.26046767830848694,-0.5122317671775818,24.18703842163086,38.572303771972656,0.32999953627586365,0.7922828793525696,-0.26006531715393066,0.17197807133197784,-0.5244782567024231,24.843402862548828,37.02582931518555,0.32999947667121887,0.7432029843330383,-0.3781474530696869,0.25014859437942505,-0.4920158088207245
9.000000000000,1080,0.15946736241797704,0.16819176991780588,0.0,25.782407760620117,38.328426361083984,0.4186869263648987,-67.39087677001953,5.4752349853515625,0.09509500861167908,-0.016423696652054787,asphalt,3.148096099562757,0.16819176991780588,0.0,1905.2207492510772,1,-0.01960623264312744,0.742461085319519,12.599941710879575,159.99977962607701,19.538229732614745,5886.735165437662,5885.248620550956,-0.13585880398750305,1.5395946755970207,False,True,0,0,5.111026287078857,1.96907639503479,0.0817507803440094,False,26.475088119506836,39.526790618896484,0.32999953627586365,0.6026158928871155,-0.5508508086204529,0.3894959092140198,-0.4262749254703522,27.12095069885254,37.97589874267578,0.32999947667121887,0.5222083330154419,-0.6275993585586548,0.4437873661518097,-0.369418740272522,24.444156646728516,38.6810188293457,0.32999947667121887,0.614068329334259,-0.5613741874694824,0.3741984963417053,-0.40957850217819214,25.09001922607422,37.130126953125,0.32999947667121887,0.5321301817893982,-0.63957679271698,0.4263611137866974,-0.3549579679965973
9.050000000000,1086,0.15946734570745685,0.1681920560201008,0.0,26.0378360748291,38.426326751708984,0.4186869263648987,-67.77930450439453,5.475234031677246,0.09509526193141937,-0.016425801441073418,asphalt,3.148096099562757,0.1681920560201008,0.0,1905.2207868173493,1,-0.01962903141975403,0.7423964738845825,12.599937323159045,159.99977962500654,19.53827718727121,5886.7362157622765,5885.2475701475805,-0.13585875928401947,1.5396228349569658,False,True,0,0,5.124257564544678,1.9343804121017456,0.08175060153007507,False,26.738622665405273,39.61996841430664,0.32999947667121887,-0.3222790062427521,0.748009979724884,-0.5327885746955872,0.2296815663576126,27.373958587646484,38.064735412597656,0.32999947667121887,-0.2312009334564209,0.7809794545173645,-0.5562872886657715,0.16480804979801178,24.70200538635254,38.78798294067383,0.32999947667121887,-0.3284263610839844,0.7623801231384277,-0.5120303630828857,0.22076594829559326,25.33734130859375,37.232749938964844,0.32999947667121887,-0.23560498654842377,0.7959758639335632,-0.5346162915229797,0.15842390060424805
9.100000000000,1092,0.15946729557590586,0.16819291432698555,0.0,26.293920516967773,38.52249526977539,0.4186869263648987,-68.16776275634766,5.475234031677246,0.0950952023267746,-0.016425494104623795,asphalt,3.148096099562757,0.16819291432698555,0.0,1905.2206170889285,1,-0.01950959861278534,0.7424700260162354,12.599932935439282,159.9997796252828,19.538264940908252,5886.737557301597,5885.246228628585,-0.13585875928401947,1.5396061188841599,False,True,0,0,5.137254238128662,1.8995949029922485,0.08175051212310791,False,27.002784729003906,39.71135711669922,0.32999947667121887,0.013501614332199097,0.8123995065689087,-0.5828664302825928,-0.00956684909760952,27.627559661865234,38.151851654052734,0.32999953627586365,0.09594013541936874,0.8068275451660156,-0.5788809657096863,-0.06871404498815536,24.960573196411133,38.8931999206543,0.32999947667121887,0.013803066685795784,0.8281028270721436,-0.5603312849998474,-0.009166739881038666,25.58534812927246,37.33369445800781,0.32999947667121887,0.09782861918210983,0.8224198818206787,-0.5565034747123718,-0.06602303683757782
9.150000000000,1098,0.15946727886539205,0.1681932004292805,0.0,26.5506534576416,38.61692428588867,0.4186869263648987,-68.55622863769531,5.47523307800293,0.09509537369012833,-0.01642518863081932,asphalt,3.148096099562757,0.1681932004292805,0.0,1905.2204248107932,1,-0.019512906670570374,0.7424200773239136,12.599928547720282,159.99977962459215,19.538295556815644,5886.738367475461,5885.245418403906,-0.1358587145805359,1.53961682669181,False,True,0,0,5.150014400482178,1.8647208213806152,0.0817505270242691,False,27.267560958862305,39.80095291137695,0.32999947667121887,0.345273494720459,0.7333119511604309,-0.5299481749534607,-0.24938848614692688,27.881750106811523,38.237247467041016,0.32999953627586365,0.40591809153556824,0.7015631198883057,-0.5070152282714844,-0.2932153642177582,25.2198486328125,38.99665832519531,0.32999947667121887,0.352033406496048,0.7475735545158386,-0.509615957736969,-0.2397870570421219,25.83403778076172,37.432952880859375,0.32999947667121887,0.41385161876678467,0.7152066826820374,-0.4875677227973938,-0.2819288372993469
9.200000000000,1104,0.15946727886539205,0.1681932004292805,0.0,26.808019638061523,38.70960998535156,0.4186869263648987,-68.9447021484375,5.475233554840088,0.09509551525115967,-0.016426118090748787,asphalt,3.148096099562757,0.1681932004292805,0.0,1905.220315856273,1,-0.019489780068397522,0.7424917221069336,12.599928547720282,159.9997796236943,19.53833535749526,5886.7375023005425,5885.246283512766,-0.1358586698770523,1.5396071878056583,False,True,0,0,5.162539482116699,1.8297606706619263,0.08175049722194672,False,27.532939910888672,39.88875198364258,0.32999947667121887,0.614579439163208,0.5253856778144836,-0.38245725631713867,-0.4472006559371948,28.136510848999023,38.32091522216797,0.32999947667121887,0.6484819054603577,0.48291730880737305,-0.3515546917915344,-0.4718806743621826,25.479822158813477,39.098358154296875,0.32999953627586365,0.6266601085662842,0.535659670829773,-0.3679005801677704,-0.43013373017311096,26.083393096923828,37.53052520751953,0.32999947667121887,0.6612216830253601,0.4923616647720337,-0.3381807804107666,-0.45387187600135803
9.250000000000,1110,0.15946729557590586,0.16819291432698555,0.0,27.066009521484375,38.8005485534668,0.4186869263648987,-69.33314514160156,5.475234508514404,0.095095194876194,-0.016424857079982758,asphalt,3.148096099562757,0.16819291432698555,0.0,1905.2203366205972,1,-0.019523173570632935,0.7424227595329285,12.599932935439282,159.99977962500654,19.53827718727121,5886.736608118792,5885.247177791065,-0.13585878908634186,1.5396173595449731,False,True,0,0,5.174826622009277,1.79471755027771,0.08175050467252731,False,27.798906326293945,39.97474670410156,0.32999947667121887,0.7742595672607422,0.22590014338493347,-0.1656961441040039,-0.5674821734428406,28.391836166381836,38.40285873413086,0.32999953627586365,0.7845754623413086,0.18694953620433807,-0.1371477097272873,-0.5750493407249451,25.740476608276367,39.19829559326172,0.32999947667121887,0.7895678281784058,0.23032411932945251,-0.1594526320695877,-0.545992910861969,26.333404541015625,37.62640380859375,0.32999947667121887,0.8000840544700623,0.19060958921909332,-0.1319894641637802,-0.5532740950584412
9.300000000000,1116,0.15946732899693827,0.1681923421223957,0.0,27.324609756469727,38.889739990234375,0.4186869263648987,-69.72162628173828,5.4752349853515625,0.0950949490070343,-0.01642511785030365,asphalt,3.148096099562757,0.1681923421223957,0.0,1905.220512657909,1,-0.01951897144317627,0.7424485683441162,12.599937323159045,159.99977962631877,19.538219017047158,5886.735940231762,5885.247845774642,-0.1358586847782135,1.5396002196204541,False,True,0,0,5.18687629699707,1.759592056274414,0.0817505493760109,False,28.06545066833496,40.05894088745117,0.32999947667121887,0.7967114448547363,-0.11190781742334366,0.08249066770076752,-0.5881520509719849,28.647708892822266,38.483070373535156,0.32999953627586365,0.7926259636878967,-0.13790054619312286,0.10167920589447021,-0.58514004945755,26.00180435180664,39.29646301269531,0.32999947667121887,0.8125605583190918,-0.1141752079129219,0.07936073839664459,-0.566048800945282,26.584062576293945,37.72058868408203,0.32999947667121887,0.8083935379981995,-0.14067880809307098,0.097823865711689,-0.5631517767906189
9.350000000000,1122,0.15946737912849884,0.16819148381551094,0.0,27.58380699157715,38.9771728515625,0.4186869263648987,-70.11006927490234,5.475236892700195,0.09509482979774475,-0.01642588898539543,asphalt,3.148096099562757,0.16819148381551094,0.0,1905.2207216536376,1,-0.019545063376426697,0.7424217462539673,12.599943904740126,159.9997796270094,19.538188401139767,5886.733752330694,5885.250033726523,-0.13585880398750305,1.5396199616246486,False,True,0,0,5.198688507080078,1.7243856191635132,0.08175059407949448,False,28.33255958557129,40.141326904296875,0.32999947667121887,0.6786607503890991,-0.42830973863601685,0.3183256685733795,-0.5046177506446838,28.904117584228516,38.56154251098633,0.32999953627586365,0.6719633936882019,-0.43874233961105347,0.32608282566070557,-0.49964022636413574,26.263790130615234,39.39285659790039,0.32999947667121887,0.6922423839569092,-0.43692952394485474,0.3064192533493042,-0.48579859733581543,26.835350036621094,37.813072204589844,0.32999947667121887,0.685413658618927,-0.44756564497947693,0.31388354301452637,-0.4810095727443695
9.400000000000,1128,0.15946739583902222,0.16819119771321603,0.0,27.843591690063477,39.06284713745117,0.4186869263648987,-70.49858093261719,5.4752373695373535,0.09509502351284027,-0.016425665467977524,asphalt,3.148096099562757,0.16819119771321603,0.0,1905.221003052229,1,-0.01952691376209259,0.7424755692481995,12.599946098600867,159.9997796261806,19.538225140228636,5886.734184607324,5885.249601388915,-0.13585883378982544,1.5395952084557036,False,True,0,0,5.210261344909668,1.68909752368927,0.08175059407949448,False,28.6002197265625,40.22189712524414,0.32999947667121887,-0.44161689281463623,0.6676483750343323,-0.49982190132141113,0.33075398206710815,29.161054611206055,38.63827133178711,0.32999953627586365,-0.442824125289917,0.6668481230735779,-0.4992227852344513,0.33165794610977173,26.52642250061035,39.48747253417969,0.32999947667121887,-0.4504987299442291,0.6811503767967224,-0.4812800884246826,0.3185191750526428,27.087257385253906,37.903846740722656,0.32999947667121887,-0.4517357349395752,0.6803306937217712,-0.4807005226612091,0.3193930983543396
9.450000000000,1134,0.15946739583902222,0.16819119771321603,0.0,28.103952407836914,39.146759033203125,0.4186869263648987,-70.88703155517578,5.475236415863037,0.0950952097773552,-0.01642519421875477,asphalt,3.148096099562757,0.16819119771321603,0.0,1905.2211410749037,1,-0.019589513540267944,0.7424445748329163,12.599946098600867,159.99977962545546,19.538257286931405,5886.735225416748,5885.248560526138,-0.13585887849330902,1.5396131274584157,False,True,0,0,5.221592903137207,1.6537328958511353,0.08175060153007507,False,28.86842155456543,40.30065155029297,0.32999947667121887,-0.12795764207839966,0.7881311178207397,-0.5942589044570923,0.09660512953996658,29.418506622314453,38.713260650634766,0.32999953627586365,-0.14296087622642517,0.7855482697486877,-0.5923089981079102,0.10791773349046707,26.789691925048828,39.58030319213867,0.32999947667121887,-0.13051918148994446,0.804164469242096,-0.5723816752433777,0.0930781438946724,27.339778900146484,37.99291229248047,0.32999947667121887,-0.14583377540111542,0.8015286326408386,-0.5705021619796753,0.10397856682538986
9.500000000000,1140,0.15946736241797704,0.16819176991780588,0.0,28.36487579345703,39.22890090942383,0.4186869263648987,-71.2754898071289,5.475235939025879,0.0950954258441925,-0.01642494462430477,asphalt,3.148096099562757,0.16819176991780588,0.0,1905.2211194547795,1,-0.019594326615333557,0.742453396320343,12.599941710879575,159.9997796243159,19.538307803178604,5886.736431460758,5885.247354398284,-0.13585880398750305,1.5395988826683509,False,True,0,0,5.232684135437012,1.618293285369873,0.08175060898065567,False,29.137149810791016,40.37758255004883,0.32999947667121887,0.20664869248867035,0.7691279649734497,-0.5840813517570496,-0.15680384635925293,29.67646026611328,38.786502838134766,0.32999953627586365,0.1785801649093628,0.7761253714561462,-0.589390754699707,-0.1354883760213852,27.053586959838867,39.67134475708008,0.32999947667121887,0.21092094480991364,0.7848702073097229,-0.5627403259277344,-0.15104453265666962,27.592897415161133,38.08026123046875,0.32999947667121887,0.18227171897888184,0.7920137643814087,-0.5678555965423584,-0.1305037885904312
9.550000000000,1146,0.15946732899693827,0.1681923421223957,0.0,28.62635040283203,39.30927276611328,0.4186869263648987,-71.6639404296875,5.4752349853515625,0.09509523957967758,-0.016425667330622673,asphalt,3.148096099562757,0.1681923421223957,0.0,1905.2210327205423,1,-0.019563749432563782,0.7423879504203796,12.599937323159045,159.99977962445402,19.538301679997122,5886.7376376767725,5885.246148192432,-0.13585875928401947,1.5396167798754572,False,True,0,0,5.243535041809082,1.5827791690826416,0.08175045251846313,False,29.406394958496094,40.452693939208984,0.32999947667121887,0.5031253099441528,0.6147014498710632,-0.47015509009361267,-0.38465720415115356,29.934906005859375,38.85799026489258,0.3299995958805084,0.4694817364215851,0.6407650709152222,-0.49008139967918396,-0.35892507433891296,27.318090438842773,39.760597229003906,0.32999947667121887,0.5135359168052673,0.6273559331893921,-0.4531079828739166,-0.37067294120788574,27.846601486206055,38.1658935546875,0.32999947667121887,0.4791947305202484,0.6539626121520996,-0.47231239080429077,-0.3458702862262726
9.600000000000,1152,0.15946729557590586,0.16819291432698555,0.0,28.888362884521484,39.38787078857422,0.4186869263648987,-72.05239868164062,5.475234031677246,0.09509463608264923,-0.016425717622041702,asphalt,3.148096099562757,0.16819291432698555,0.0,1905.2208356106105,1,-0.01955673098564148,0.7424240112304688,12.599932935439282,159.99977962776907,19.538154723641632,5886.738699828548,5885.245086284563,-0.13585874438285828,1.539622479722541,False,True,0,0,5.254144191741943,1.5471934080123901,0.08175061643123627,False,29.67613983154297,40.525978088378906,0.3299994170665741,0.7094192504882812,0.35276463627815247,-0.2717781364917755,-0.5462765097618103,30.193828582763672,38.92772674560547,0.32999953627586365,0.6826708316802979,0.4020933210849762,-0.30976250767707825,-0.5256697535514832,27.583192825317383,39.848052978515625,0.32999947667121887,0.7241770029067993,0.3600570261478424,-0.2620071768760681,-0.5265727043151855,28.100881576538086,38.24980545043945,0.32999947667121887,0.6968722939491272,0.41041725873947144,-0.29862526059150696,-0.5067046284675598
9.650000000000,1158,0.15946729557590586,0.16819291432698555,0.0,29.150901794433594,39.46469497680664,0.4186869263648987,-72.44084167480469,5.475233554840088,0.09509468823671341,-0.0164243932813406,asphalt,3.148096099562757,0.16819291432698555,0.0,1905.2206493834758,1,-0.01953275501728058,0.7424397468566895,12.599932935439282,159.9997796279763,19.538145538869415,5886.738448546445,5885.2453375819105,-0.1358586847782135,1.5396328976966434,False,True,0,0,5.264512538909912,1.5115373134613037,0.08175061643123627,False,29.946378707885742,40.597434997558594,0.32999947667121887,0.7896430492401123,0.030036738142371178,-0.02341759018599987,-0.612383246421814,30.453218460083008,38.99571228027344,0.32999953627586365,0.783937931060791,0.09939619153738022,-0.07720671594142914,-0.6079480648040771,27.8488826751709,39.9337158203125,0.32999947667121887,0.8061681389808655,0.030623989179730415,-0.02260768599808216,-0.5904608368873596,28.355722427368164,38.331993103027344,0.32999947667121887,0.8003466129302979,0.10144122689962387,-0.07447557151317596,-0.5861811637878418
9.700000000000,1164,0.15946731228642125,0.16819262822469064,0.0,29.413955688476562,39.53973388671875,0.4186869263648987,-72.82931518554688,5.475234508514404,0.09509517252445221,-0.01642465405166149,asphalt,3.148096099562757,0.16819262822469064,0.0,1905.2205333196025,1,-0.01956358551979065,0.7424723505973816,12.599935129299068,159.9997796257317,19.538245040568448,5886.736952063138,5885.246833900072,-0.13585874438285828,1.5396080104952699,False,True,0,0,5.274640083312988,1.4758096933364868,0.08175060898065567,False,30.21709442138672,40.66705322265625,0.32999947667121887,0.7303174734115601,-0.2962910234928131,0.23127925395965576,-0.5704015493392944,30.713062286376953,39.06193161010742,0.32999953627586365,0.7574262619018555,-0.21784737706184387,0.170012965798378,-0.5915602445602417,28.11514663696289,40.01757049560547,0.32999947667121887,0.7456933856010437,-0.30257368087768555,0.22303107380867004,-0.5501342415809631,28.611114501953125,38.41244888305664,0.32999947667121887,0.7733792066574097,-0.22247236967086792,0.1639375388622284,-0.5705393552780151
9.750000000000,1170,0.15946731228642125,0.16819262822469064,0.0,29.677513122558594,39.61298751831055,0.4186869263648987,-73.21774291992188,5.475234031677246,0.09509545564651489,-0.016426164656877518,asphalt,3.148096099562757,0.16819262822469064,0.0,1905.2205097591684,1,-0.01960866153240204,0.7423859238624573,12.599935129299068,159.99977962428136,19.538309333973974,5886.736961070451,5885.246824786052,-0.13585878908634186,1.5396181604325554,False,True,0,0,5.284523963928223,1.4400148391723633,0.0817505493760109,False,30.4882755279541,40.73483657836914,0.32999947667121887,0.5426318645477295,-0.5686925053596497,0.44715702533721924,-0.42683735489845276,30.973350524902344,39.12638854980469,0.32999947667121887,0.6081127524375916,-0.498055636882782,0.39159494638442993,-0.47832292318344116,28.38197135925293,40.0996208190918,0.32999953627586365,0.5541194677352905,-0.5807916522026062,0.4313505291938782,-0.41178804636001587,28.867046356201172,38.491172790527344,0.32999947667121887,0.6209977865219116,-0.5086543560028076,0.377744197845459,-0.46145620942115784
9.800000000000,1176,0.15946729557590586,0.16819291432698555,0.0,29.941556930541992,39.68445587158203,0.4186869263648987,-73.60620880126953,5.475234031677246,0.09509531408548355,-0.01642606407403946,asphalt,3.148096099562757,0.16819291432698555,0.0,1905.2204225503806,1,-0.019502609968185425,0.742423951625824,12.599932935439282,159.9997796244195,19.538303210792492,5886.737260909701,5885.246524956964,-0.1358586996793747,1.539623570445091,False,True,0,0,5.294166088104248,1.4041533470153809,0.08175051212310791,False,30.759904861450195,40.80078125,0.32999947667121887,-0.26034051179885864,0.7394498586654663,-0.5855599045753479,0.20629185438156128,31.234066009521484,39.189083099365234,0.32999947667121887,-0.3608887493610382,0.6959331035614014,-0.5510808825492859,0.2859131693840027,28.64934539794922,40.17985916137695,0.3299994170665741,-0.2658664286136627,0.7552705407142639,-0.5650191307067871,0.19908489286899567,29.123504638671875,38.56816101074219,0.32999947667121887,-0.36857178807258606,0.7108258008956909,-0.531743586063385,0.27591708302497864
9.850000000000,1182,0.15946727886539205,0.1681932004292805,0.0,30.20608139038086,39.75413131713867,0.4186869263648987,-73.99465942382812,5.475233554840088,0.09509484469890594,-0.01642484776675701,asphalt,3.148096099562757,0.1681932004292805,0.0,1905.2204261571358,1,-0.019561797380447388,0.7424473166465759,12.599932935439282,159.99977962666406,19.538203709093462,5886.737430687174,5885.246355344635,-0.1358586847782135,1.5396165368569972,False,True,0,0,5.303563594818115,1.3682279586791992,0.0817505270242691,False,31.031980514526367,40.86488342285156,0.32999947667121887,0.06630662083625793,0.7790151238441467,-0.621253490447998,-0.05275345221161842,31.495201110839844,39.25000762939453,0.32999953627586365,-0.056412722915410995,0.7797940373420715,-0.6218550801277161,0.04511198028922081,28.917259216308594,40.25828552246094,0.32999947667121887,0.06777555495500565,0.7957825064659119,-0.5996224284172058,-0.05088882893323898,29.38047981262207,38.643409729003906,0.32999947667121887,-0.057591814547777176,0.7965841889381409,-0.6001984477043152,0.0435732901096344
9.900000000000,1188,0.15946716189184,0.16819520314534492,0.0,30.471073150634766,39.82200622558594,0.4186869263648987,-74.38312530517578,5.4752302169799805,0.0950947254896164,-0.016424911096692085,asphalt,3.148096099562757,0.16819520314534492,0.0,1905.2201093865776,1,-0.019550636410713196,0.7424659729003906,12.599917578426124,159.99977962745828,19.538168500799955,5886.741400300283,5885.242385789961,-0.1358586847782135,1.539622482941897,False,True,0,0,5.31271505355835,1.3322384357452393,0.08175055682659149,False,31.30448341369629,40.9271354675293,0.32999947667121887,0.3795105814933777,0.6811205744743347,-0.5470234751701355,-0.30465036630630493,31.756744384765625,39.30915451049805,0.32999953627586365,0.25557762384414673,0.7366366982460022,-0.5915848016738892,-0.2051190882921219,29.185697555541992,40.33488845825195,0.32999947667121887,0.38777515292167664,0.6958677172660828,-0.5281187891960144,-0.2940903902053833,29.637958526611328,38.7169075012207,0.32999947667121887,0.2611524760723114,0.7525960803031921,-0.5711361765861511,-0.19799496233463287
9.950000000000,1194,0.15946712847083946,0.16819577534993477,0.0,30.73651885986328,39.88808822631836,0.4186869263648987,-74.7715835571289,5.475228309631348,0.09509482979774475,-0.01642405427992344,asphalt,3.148096099562757,0.16819577534993477,0.0,1905.2196339450393,1,-0.01963554322719574,0.7424332499504089,12.599910996851923,159.99977962732015,19.53817462398144,5886.741942184026,5885.241843896056,-0.1358586549758911,1.5395982658077083,False,True,0,0,5.3216233253479,1.2961876392364502,0.08175057172775269,False,31.577402114868164,40.98754119873047,0.32999947667121887,0.6241533160209656,0.4637605547904968,-0.3751087486743927,-0.5046307444572449,32.01868438720703,39.36653137207031,0.32999947667121887,0.5243926644325256,0.5741546154022217,-0.4643600583076477,-0.4239440858364105,29.45465087890625,40.409671783447266,0.32999947667121887,0.6378063559532166,0.4738530218601227,-0.3622468113899231,-0.48728179931640625,29.895931243896484,38.78866195678711,0.32999947667121887,0.5358688235282898,0.5866670608520508,-0.44843217730522156,-0.4093591570854187
10.000000000000,1200,0.15946711176034162,0.1681960614522297,0.0,31.00240707397461,39.952369689941406,0.4186869263648987,-75.16006469726562,5.475229740142822,0.0950956791639328,-0.016424447298049927,asphalt,3.148096099562757,0.1681960614522297,0.0,1905.2191953628403,1,-0.01944449543952942,0.7425091862678528,12.599908802994236,159.9997796236943,19.53833535749526,5886.7405508337315,5885.243234979577,-0.13585852086544037,1.5396010487237186,False,True,0,0,5.3302903175354,1.2600783109664917,0.08175060898065567,False,31.850725173950195,41.04609680175781,0.32999953627586365,0.7574993968009949,0.1658867448568344,-0.13519559800624847,-0.616764485836029,32.281009674072266,39.4221305847168,0.32999953627586365,0.706628143787384,0.3193747103214264,-0.2601644992828369,-0.5753180384635925,29.724103927612305,40.48263168334961,0.32999947667121887,0.7741649746894836,0.16949358582496643,-0.13061031699180603,-0.5957192182540894,30.154386520385742,38.85866928100586,0.32999947667121887,0.7221810817718506,0.3263649046421051,-0.2513185441493988,-0.5556791424751282
10.050000000000,1206,0.15946716189184,0.16819520314534492,0.0,31.26872444152832,40.01484298706055,0.4186869263648987,-75.54850769042969,5.4752302169799805,0.09509625285863876,-0.01642492786049843,asphalt,3.148096099562757,0.16819520314534492,0.0,1905.2191667587877,1,-0.019557535648345947,0.7424200177192688,12.599915384567867,159.99977962062093,19.53847159828316,5886.738155230917,5885.245630356268,-0.13585861027240753,1.5396183880840206,False,True,0,0,5.338711261749268,1.2239105701446533,0.08175070583820343,False,32.12443923950195,41.10279083251953,0.32999953627586365,0.7566630244255066,-0.15957136452198029,0.13070906698703766,-0.6204136610031128,32.543701171875,39.475948333740234,0.32999953627586365,0.7731761932373047,0.014163565821945667,-0.011738820932805538,-0.6339244246482849,29.99404525756836,40.55376052856445,0.32999953627586365,0.7734101414680481,-0.16314592957496643,0.12625421583652496,-0.5993998050689697,30.413307189941406,38.926918029785156,0.32999947667121887,0.7902982234954834,0.014441373758018017,-0.01137279998511076,-0.6124466061592102
10.100000000000,1212,0.15946717860234266,0.16819491704305,0.0,31.535463333129883,40.07550811767578,0.4186869263648987,-75.9369888305664,5.475230693817139,0.09509630501270294,-0.01642547734081745,asphalt,3.148096099562757,0.16819491704305,0.0,1905.2191843761134,1,-0.019526228308677673,0.7424915432929993,12.599917578426124,159.99977961999934,19.538499152599815,5886.737298894593,5885.246486646859,-0.13585877418518066,1.539600824294973,False,True,0,0,5.346887588500977,1.1876851320266724,0.0817507803440094,False,32.398536682128906,41.157630920410156,0.32999947667121887,0.622532308101654,-0.4551140367984772,0.3756330609321594,-0.5140277147293091,32.80675506591797,39.52798080444336,0.32999953627586365,0.7138718366622925,-0.2916543781757355,0.24066823720932007,-0.5894094705581665,30.264467239379883,40.62305450439453,0.32999953627586365,0.6363903284072876,-0.4652971625328064,0.36297160387039185,-0.4967469274997711,30.67268943786621,38.993408203125,0.32999947667121887,0.7297778725624084,-0.29819169640541077,0.23254075646400452,-0.5695882439613342
10.150000000000,1218,0.15946717860234266,0.16819491704305,0.0,31.80260467529297,40.13436508178711,0.4186869263648987,-76.3254623413086,5.475232124328613,0.09509608894586563,-0.01642546057701111,asphalt,3.148096099562757,0.16819491704305,0.0,1905.2192124155529,1,-0.0194576233625412,0.7424439787864685,12.599917578426124,159.99977962117345,19.538447105557246,5886.73687746335,5885.246908164488,-0.13585861027240753,1.5396036072104724,False,True,0,0,5.354817867279053,1.1514066457748413,0.0817507654428482,False,32.67299270629883,41.210609436035156,0.32999947667121887,-0.3794829845428467,0.6688326001167297,-0.5559388995170593,0.3155750334262848,33.07015609741211,39.57823181152344,0.32999953627586365,0.5390427112579346,-0.548431932926178,0.45582300424575806,-0.44819724559783936,30.53535270690918,40.69051742553711,0.32999953627586365,-0.38796865940093994,0.68387371301651,-0.537345826625824,0.3050515353679657,30.932514190673828,39.05813980102539,0.32999947667121887,0.5511224865913391,-0.5607735514640808,0.4405673146247864,-0.433240681886673
10.200000000000,1224,0.15946722873386016,0.16819405873616525,0.0,32.07013702392578,40.191410064697266,0.4186869263648987,-76.71392822265625,5.4752326011657715,0.09509626775979996,-0.01642484776675701,asphalt,3.148096099562757,0.16819405873616525,0.0,1905.2193865817123,1,-0.019515007734298706,0.7424589991569519,12.599924160002047,159.99977962051733,19.538476190669268,5886.734896169309,5885.248889410254,-0.1358586698770523,1.5396107062063902,False,True,0,0,5.362502098083496,1.115075945854187,0.08175071328878403,False,32.94780349731445,41.2617301940918,0.32999947667121887,-0.07094993442296982,0.7635284066200256,-0.639099657535553,0.05951531603932381,33.33388900756836,39.6266975402832,0.32999953627586365,-0.2777150869369507,0.7147614359855652,-0.5982449054718018,0.23257996141910553,30.806684494018555,40.756141662597656,0.3299994170665741,-0.07251255959272385,0.7807998061180115,-0.6178832650184631,0.05756618082523346,31.19277000427246,39.12110900878906,0.32999947667121887,-0.2839620113372803,0.7309391498565674,-0.5783757567405701,0.22488893568515778
10.250000000000,1230,0.15946724544436916,0.1681937726338703,0.0,32.338050842285156,40.246639251708984,0.4186869263648987,-77.10238647460938,5.47523307800293,0.09509649127721786,-0.01642547734081745,asphalt,3.148096099562757,0.1681937726338703,0.0,1905.219618067234,1,-0.019510596990585327,0.7424936890602112,12.599926353861068,159.9997796194123,19.538525176121098,5886.734824819233,5885.248960679027,-0.1358586996793747,1.539600755683935,False,True,0,0,5.369939804077148,1.0786917209625244,0.08175072818994522,False,33.22295379638672,41.31098556518555,0.32999953627586365,0.24833537638187408,0.7231873273849487,-0.6095666289329529,-0.20918431878089905,33.59794616699219,39.673370361328125,0.32999953627586365,0.027203217148780823,0.7641533613204956,-0.6440572738647461,-0.022800197824835777,31.078454971313477,40.819923400878906,0.32999953627586365,0.2540309727191925,0.7396436333656311,-0.5894787907600403,-0.2022629976272583,31.453447341918945,39.182308197021484,0.3299994170665741,0.027858903631567955,0.7815550565719604,-0.6228248476982117,-0.022017456591129303
10.300000000000,1236,0.15946731228642125,0.16819262822469064,0.0,32.60633087158203,40.300048828125,0.4186869263648987,-77.49082946777344,5.4752349853515625,0.09509649127721786,-0.016427122056484222,asphalt,3.148096099562757,0.16819262822469064,0.0,1905.2198764389793,1,-0.019531622529029846,0.7424105405807495,12.599935129299068,159.9997796194123,19.538525176121098,5886.732951700494,5885.250833797766,-0.1358587145805359,1.5396251504196636,False,True,0,0,5.37713098526001,1.0422616004943848,0.0817507952451706,False,33.49842834472656,41.35837173461914,0.32999947667121887,0.5220564603805542,0.5556840300559998,-0.47166669368743896,-0.4429478645324707,33.862308502197266,39.7182502746582,0.32999953627586365,0.325969398021698,0.6892543435096741,-0.5849878191947937,-0.2765169143676758,31.350650787353516,40.881858825683594,0.32999953627586365,0.5340599417686462,0.56839919090271,-0.4562399387359619,-0.4284243881702423,31.71453094482422,39.24174118041992,0.32999947667121887,0.33347785472869873,0.7050461769104004,-0.5658455491065979,-0.26743435859680176
10.350000000000,1242,0.15946732899693827,0.1681923421223957,0.0,32.874969482421875,40.35163879394531,0.4186869263648987,-77.8792953491211,5.4752349853515625,0.09509655833244324,-0.01642642542719841,asphalt,3.148096099562757,0.1681923421223957,0.0,1905.220166145546,1,-0.019522204995155334,0.7424856424331665,12.599935129299068,159.9997796187907,19.53855273043775,5886.733807110994,5885.249978341532,-0.13585878908634186,1.5396077206612981,False,True,0,0,5.3840742111206055,1.0057803392410278,0.08175082504749298,False,33.77422332763672,41.40388870239258,0.32999947667121887,0.702246367931366,0.2912576496601105,-0.2489965856075287,-0.6000164151191711,34.12697219848633,39.76133728027344,0.32999953627586365,0.5701227784156799,0.5029323101043701,-0.42984914779663086,-0.48708197474479675,31.623262405395508,40.941951751708984,0.32999953627586365,0.7184805870056152,0.2979450821876526,-0.24092237651348114,-0.5804919004440308,31.976015090942383,39.299400329589844,0.32999947667121887,0.5833135843276978,0.514519989490509,-0.4158920645713806,-0.4712200164794922
10.400000000000,1248,0.15946731228642125,0.16819262822469064,0.0,33.143951416015625,40.40140914916992,0.4186869263648987,-78.26773834228516,5.4752349853515625,0.09509622305631638,-0.016425827518105507,asphalt,3.148096099562757,0.16819262822469064,0.0,1905.220383098734,1,-0.019539639353752136,0.7424429655075073,12.599937323159045,159.99977962003388,19.538497621804446,5886.734580462884,5885.249205081109,-0.1358586847782135,1.539627933335279,False,True,0,0,5.3907694816589355,0.9692538380622864,0.08175081014633179,False,34.050315856933594,41.44753646850586,0.3299994170665741,0.7576967477798462,-0.022945422679185867,0.019613072276115417,-0.651908278465271,34.39192581176758,39.802635192871094,0.32999953627586365,0.7203477621078491,0.2360718697309494,-0.20323294401168823,-0.6197302341461182,31.89627456665039,41.00019454956055,0.32999953627586365,0.7753165364265442,-0.023521360009908676,0.018953684717416763,-0.6308500170707703,32.237884521484375,39.355289459228516,0.32999947667121887,0.7371116876602173,0.24152737855911255,-0.19669681787490845,-0.5997009873390198
10.450000000000,1254,0.15946729557590586,0.16819291432698555,0.0,33.413265228271484,40.4493522644043,0.4186869263648987,-78.65621948242188,5.475234031677246,0.09509523957967758,-0.016423707827925682,asphalt,3.148096099562757,0.16819291432698555,0.0,1905.2204234810192,1,-0.019510217010974884,0.7424882054328918,12.599932935439282,159.9997796242123,19.538312395564713,5886.7363309623925,5885.247454889028,-0.1358586698770523,1.5396231029925698,False,True,0,0,5.397216320037842,0.9326832294464111,0.08175069838762283,False,34.32670211791992,41.48931121826172,0.32999947667121887,0.6793606877326965,-0.33127933740615845,0.2868691086769104,-0.5885823369026184,34.65715026855469,39.84212875366211,0.32999953627586365,0.7528045177459717,-0.06754502654075623,0.05838528275489807,-0.6521611213684082,32.169677734375,41.056583404541016,0.32999947667121887,0.6952518820762634,-0.3390755355358124,0.2776416540145874,-0.5697084665298462,32.500125885009766,39.409400939941406,0.32999947667121887,0.7704309821128845,-0.06916320323944092,0.05648158863186836,-0.6312388181686401
10.500000000000,1260,0.15946729557590586,0.16819291432698555,0.0,33.682899475097656,40.4954719543457,0.4186869263648987,-79.04467010498047,5.475234508514404,0.09509379416704178,-0.016423676162958145,asphalt,3.148096099562757,0.16819291432698555,0.0,1905.2204445620198,1,-0.0194539874792099,0.7424266338348389,12.599932935439282,159.99977963077336,19.53802154444446,5886.7367121827665,5885.247074151384,-0.1358586847782135,1.5396181168323306,False,True,0,0,5.403416156768799,0.8960695266723633,0.08175064623355865,False,34.60336685180664,41.529212951660156,0.32999947667121887,-0.48182058334350586,0.5794558525085449,-0.5053445100784302,0.42036497592926025,34.922637939453125,39.87982940673828,0.32999947667121887,0.6629124879837036,-0.35842329263687134,0.3125189244747162,-0.578283429145813,32.443458557128906,41.11111831665039,0.32999953627586365,-0.4931504428386688,0.5931477546691895,-0.4892232418060303,0.4069877564907074,32.76272964477539,39.461734771728516,0.32999947667121887,0.6785280108451843,-0.3669077754020691,0.302532434463501,-0.5598682761192322
10.550000000000,1266,0.1594672621548798,0.1681934865315754,0.0,33.95283889770508,40.53976058959961,0.4186869263648987,-79.4331283569336,5.47523307800293,0.0950922816991806,-0.016423843801021576,asphalt,3.148096099562757,0.1681934865315754,0.0,1905.2203934371933,1,-0.01957327127456665,0.7423951029777527,12.599928547720282,159.99977963764513,19.537716916165873,5886.737680815319,5885.246106024421,-0.13585874438285828,1.5396182508497338,False,True,0,0,5.409365177154541,0.8594166040420532,0.08175063878297806,False,34.88029479980469,41.567237854003906,0.32999947667121887,-0.20057865977287292,0.724105179309845,-0.6358973383903503,0.17627951502799988,35.188377380371094,39.91572952270508,0.32999947667121887,-0.46598049998283386,0.5894253849983215,-0.5175714492797852,0.4093405604362488,32.71760177612305,41.163795471191406,0.32999953627586365,-0.20530067384243011,0.7413116693496704,-0.6157613396644592,0.17072387039661407,33.02568435668945,39.51228713989258,0.32999947667121887,-0.47701728343963623,0.6034449338912964,-0.5011690855026245,0.3964066505432129
10.600000000000,1272,0.15946729557590586,0.16819291432698555,0.0,34.22307586669922,40.582218170166016,0.4186869263648987,-79.82157135009766,5.475234031677246,0.09509097039699554,-0.016422312706708908,asphalt,3.148096099562757,0.16819291432698555,0.0,1905.2202920578613,1,-0.019528433680534363,0.7424505949020386,12.599932935439282,159.99977964375708,19.53744596538541,5886.736602124707,5885.247185164721,-0.13585872948169708,1.539610771608681,False,True,0,0,5.415068626403809,0.8227216005325317,0.08175069838762283,False,35.157474517822266,41.60338592529297,0.32999947667121887,0.11432255059480667,0.7403562664985657,-0.6546829342842102,-0.10096143186092377,35.45435333251953,39.949825286865234,0.32999953627586365,-0.19460508227348328,0.723412811756134,-0.6396467089653015,0.172205850481987,32.992095947265625,41.21461486816406,0.32999953627586365,0.11709817498922348,0.7580532431602478,-0.6341023445129395,-0.0977623239159584,33.28897476196289,39.56105422973633,0.32999947667121887,-0.19922295212745667,0.7407206296920776,-0.619527280330658,0.1668204367160797
10.650000000000,1278,0.15946734570745685,0.1681920560201008,0.0,34.49359130859375,40.622840881347656,0.4186869263648987,-80.20999145507812,5.475235939025879,0.09508989006280899,-0.016421861946582794,asphalt,3.148096099562757,0.1681920560201008,0.0,1905.2204044999862,1,-0.019447453320026398,0.7423283457756042,12.599937323159045,159.9997796493165,19.53719950733085,5886.735046223654,5885.248741474808,-0.13585874438285828,1.5396454066935918,False,True,0,0,5.420523643493652,0.7859917283058167,0.0817507654428482,False,35.43489074707031,41.63764953613281,0.32999947667121887,0.40720582008361816,0.6261110901832581,-0.5575053691864014,-0.36243078112602234,35.72055435180664,39.982112884521484,0.32999953627586365,0.1067255437374115,0.7392166256904602,-0.6581522226333618,-0.09488984942436218,33.26692581176758,41.26356887817383,0.3299995958805084,0.41704636812210083,0.6411636471748352,-0.5401079654693604,-0.35109102725982666,33.552589416503906,39.6080322265625,0.32999947667121887,0.10933183133602142,0.7570106983184814,-0.6376020312309265,-0.09189677983522415
10.700000000000,1284,0.15946734570745685,0.1681920560201008,0.0,34.76437759399414,40.66162872314453,0.4186869263648987,-80.59841918945312,5.4752349853515625,0.09508991241455078,-0.01642291061580181,asphalt,3.148096099562757,0.1681920560201008,0.0,1905.2205821750588,1,-0.019573166966438293,0.7424227595329285,12.599937323159045,159.99977964986897,19.53717501460493,5886.735219974911,5885.2485677642,-0.1358586847782135,1.5396202078597327,False,True,0,0,5.425726413726807,0.7492284178733826,0.08175083249807358,False,35.7125358581543,41.6700325012207,0.32999947667121887,0.6266065835952759,0.40227803587913513,-0.36071500182151794,-0.5616236925125122,35.986968994140625,40.01259994506836,0.32999953627586365,0.3889256417751312,0.6349804401397705,-0.5692694783210754,-0.348523885011673,33.54208755493164,41.3106575012207,0.32999953627586365,0.6418222188949585,0.41199570894241333,-0.34954628348350525,-0.5441884994506836,33.8165168762207,39.653221130371094,0.32999947667121887,0.3983868360519409,0.6503568887710571,-0.5516259670257568,-0.33768728375434875
10.750000000000,1290,0.15946737912849884,0.16819148381551094,0.0,35.03541564941406,40.69858169555664,0.4186869263648987,-80.98692321777344,5.475235939025879,0.09509032964706421,-0.016424350440502167,asphalt,3.148096099562757,0.16819148381551094,0.0,1905.22075446177,1,-0.01958306133747101,0.742563784122467,12.599941710879575,159.9997796480734,19.53725461596417,5886.7346753511465,5885.249112255855,-0.13585887849330902,1.5395823878210688,False,True,0,0,5.43068265914917,0.7124215960502625,0.08175073564052582,False,35.99039077758789,41.70053482055664,0.32999947667121887,0.7343171834945679,0.10895022749900818,-0.09846192598342896,-0.6627317667007446,36.253578186035156,40.04127883911133,0.32999947667121887,0.6063098907470703,0.42834600806236267,-0.3867068588733673,-0.5471433401107788,33.81755447387695,41.35588073730469,0.3299995958805084,0.7522514462471008,0.1115678921341896,-0.09545241296291351,-0.642307698726654,34.08074188232422,39.696624755859375,0.32999947667121887,0.6211338043212891,0.4387737214565277,-0.3748157322406769,-0.5302674770355225
10.800000000000,1296,0.15946736241797704,0.16819176991780588,0.0,35.306697845458984,40.73369598388672,0.4186869263648987,-81.37540435791016,5.475235939025879,0.09509087353944778,-0.016426291316747665,asphalt,3.148096099562757,0.16819176991780588,0.0,1905.2208622081928,1,-0.01954910159111023,0.742456316947937,12.599943904740126,159.99977964562174,19.537363302435434,5886.735214028537,5885.248573398085,-0.13585874438285828,1.5395999733905448,False,True,0,0,5.435388565063477,0.6755838394165039,0.08175071328878403,False,36.2684440612793,41.729148864746094,0.32999947667121887,0.7120427489280701,-0.20177631080150604,0.1832294911146164,-0.6470767855644226,36.5203742980957,40.068145751953125,0.32999947667121887,0.7239922285079956,0.15347178280353546,-0.13959045708179474,-0.6578724980354309,34.093318939208984,41.39923858642578,0.32999953627586365,0.7295356392860413,-0.2067779302597046,0.17759814858436584,-0.6272794008255005,34.345252990722656,39.73823547363281,0.32999947667121887,0.7417985200881958,0.15720845758914948,-0.1353469341993332,-0.637731671333313
10.850000000000,1302,0.15946731228642125,0.16819262822469064,0.0,35.578216552734375,40.7669677734375,0.4186869263648987,-81.76388549804688,5.475235462188721,0.09509105980396271,-0.016428004950284958,asphalt,3.148096099562757,0.16819262822469064,0.0,1905.220797614006,1,-0.019469939172267914,0.742454469203949,12.599935129299068,159.99977964451676,19.537412287887268,5886.73786999398,5885.245917351342,-0.13585877418518066,1.5396229471750624,False,True,0,0,5.43984317779541,0.6387156844139099,0.0817507728934288,False,36.546688079833984,41.75587844848633,0.32999947667121887,0.5645021200180054,-0.47505810856819153,0.4345386326313019,-0.5165591835975647,36.787353515625,40.093204498291016,0.32999947667121887,0.723484218120575,-0.14461493492126465,0.1321813017129898,-0.6619555950164795,34.36937713623047,41.44072341918945,0.32999953627586365,0.578448474407196,-0.48685064911842346,0.42130979895591736,-0.5008710026741028,34.610042572021484,39.77804946899414,0.32999953627586365,0.7413862943649292,-0.14823119342327118,0.12813425064086914,-0.6418375372886658
10.900000000000,1308,0.15946736241797704,0.16819176991780588,0.0,35.849952697753906,40.79840087890625,0.4186869263648987,-82.15235137939453,5.475235939025879,0.09509097039699554,-0.01642814837396145,asphalt,3.148096099562757,0.16819176991780588,0.0,1905.2208475914629,1,-0.01950494945049286,0.7424699068069458,12.599941710879575,159.9997796446894,19.53740463391042,5886.735678394335,5885.2481089636885,-0.1358587145805359,1.5396072968109613,False,True,0,0,5.444049835205078,0.6018190383911133,0.08175080269575119,False,36.82510757446289,41.780723571777344,0.32999947667121887,-0.31845760345458984,0.6629856824874878,-0.6106626987457275,0.293472021818161,37.05449295043945,40.116455078125,0.32999947667121887,0.605596125125885,-0.41739487648010254,0.38438090682029724,-0.5579302310943604,34.64570999145508,41.4803352355957,0.32999953627586365,-0.32635682821273804,0.6795298457145691,-0.5922120213508606,0.28463175892829895,34.87509536743164,39.816070556640625,0.32999953627586365,0.6206701397895813,-0.4278295040130615,0.37274983525276184,-0.5410988926887512
10.950000000000,1314,0.15946744597060197,0.16819033940633127,0.0,36.12189865112305,40.82798767089844,0.4186869263648987,-82.54078674316406,5.47523832321167,0.0950908213853836,-0.016426902264356613,asphalt,3.148096099562757,0.16819033940633127,0.0,1905.2210630453312,1,-0.019524112343788147,0.7423924207687378,12.599952680184238,159.99977964575987,19.537357179253952,5886.733274898624,5885.250512538159,-0.13585877418518066,1.539634028790347,False,True,0,0,5.448006629943848,0.5648969411849976,0.08175078779459,False,37.10369110107422,41.80367660522461,0.3299994170665741,-0.01786133460700512,0.7329849004745483,-0.6798053979873657,0.016698600724339485,37.3217887878418,40.13789367675781,0.32999947667121887,-0.39018791913986206,0.620756983757019,-0.5756517648696899,0.3619934022426605,34.92230224609375,41.518070220947266,0.32999953627586365,-0.018266776576638222,0.7513828277587891,-0.6594141125679016,0.016221510246396065,35.140403747558594,39.85228729248047,0.32999953627586365,-0.3999496400356293,0.6363569498062134,-0.5583698153495789,0.3511599898338318
11.000000000000,1320,0.1594674626811317,0.16819005330403633,0.0,36.39403533935547,40.85573196411133,0.4186869263648987,-82.9292221069336,5.475237846374512,0.09509128332138062,-0.01642513833940029,asphalt,3.148096099562757,0.16819005330403633,0.0,1905.2213966331858,1,-0.01961149275302887,0.7424202561378479,12.599952680184238,159.99977964392974,19.537438311408557,5886.733695103508,5885.250092198624,-0.1358589231967926,1.5396338947716768,False,True,0,0,5.4517107009887695,0.5279504060745239,0.08175072073936462,False,37.38241958618164,41.82474136352539,0.32999947667121887,0.2839963138103485,0.6734619736671448,-0.6289156079292297,-0.26506635546684265,37.58921813964844,40.15752029418945,0.32999947667121887,-0.11282581090927124,0.7221325039863586,-0.6742905378341675,0.10548597574234009,35.19914627075195,41.553932189941406,0.32999953627586365,0.2912132441997528,0.6904652714729309,-0.6101868152618408,-0.25714704394340515,35.405948638916016,39.8867073059082,0.32999947667121887,-0.11564024537801743,0.7403882145881653,-0.6541962027549744,0.10237162560224533
11.050000000000,1326,0.1594674626811317,0.16819005330403633,0.0,36.66635513305664,40.881629943847656,0.4186869263648987,-83.31771087646484,5.475237846374512,0.09509222954511642,-0.01642424426972866,asphalt,3.148096099562757,0.16819005330403633,0.0,1905.221571356406,1,-0.01958075910806656,0.7424612641334534,12.599952680184238,159.99977963999325,19.53761282208072,5886.734828483829,5885.248958528674,-0.13585889339447021,1.539613928345951,False,True,0,0,5.455164909362793,0.49097558856010437,0.08175067603588104,False,37.66128921508789,41.84391784667969,0.32999947667121887,0.5339361429214478,0.4957157373428345,-0.46614232659339905,-0.5018857717514038,37.85677719116211,40.17532730102539,0.32999947667121887,0.18109068274497986,0.7057111263275146,-0.6635032892227173,-0.17012159526348114,35.476226806640625,41.58791732788086,0.32999953627586365,0.547552764415741,0.5082988739013672,-0.4523640275001526,-0.48701637983322144,35.671722412109375,39.91932678222656,0.32999947667121887,0.18573513627052307,0.7236602306365967,-0.6438741087913513,-0.16505911946296692
11.100000000000,1332,0.15946739583902222,0.16819119771321603,0.0,36.9388427734375,40.90568161010742,0.4186869263648987,-83.70618438720703,5.475235939025879,0.09509389847517014,-0.016423890367150307,asphalt,3.148096099562757,0.16819119771321603,0.0,1905.2214710788367,1,-0.019599538296461105,0.742462158203125,12.599946098600867,159.99977963281074,19.537931227517642,5886.736983059474,5885.246803424576,-0.1358589082956314,1.5396065613259158,False,True,0,0,5.458366870880127,0.4539772570133209,0.08175067603588104,False,37.940277099609375,41.86119842529297,0.32999947667121887,0.6882619857788086,0.23180371522903442,-0.21954132616519928,-0.6514322757720947,38.12445068359375,40.19132614135742,0.32999947667121887,0.44376039505004883,0.5749037265777588,-0.5442578196525574,-0.41993555426597595,35.75353240966797,41.62002182006836,0.32999953627586365,0.70591139793396,0.2377023547887802,-0.2131095677614212,-0.6322744488716125,35.93770980834961,39.95014572143555,0.32999947667121887,0.4551607072353363,0.5896117687225342,-0.5282754898071289,-0.4075680077075958
11.150000000000,1338,0.15946737912849884,0.16819148381551094,0.0,37.211490631103516,40.92788314819336,0.4186869263648987,-84.09465026855469,5.475236415863037,0.09509576857089996,-0.016425475478172302,asphalt,3.148096099562757,0.16819148381551094,0.0,1905.2213751889326,1,-0.019499067217111588,0.7424488067626953,12.599941710879575,159.99977962414323,19.538315457155452,5886.737796092098,5885.24598975424,-0.13585875928401947,1.5396018213984894,False,True,0,0,5.461319446563721,0.4169595241546631,0.08175072073936462,False,38.21937942504883,41.876590728759766,0.32999947667121887,0.7204006314277649,-0.07123970240354538,0.0677572637796402,-0.6865543127059937,38.39222717285156,40.20550537109375,0.32999953627586365,0.6327582597732544,0.3516662120819092,-0.33525529503822327,-0.6029525399208069,36.03105163574219,41.65024185180664,0.32999953627586365,0.7389829754829407,-0.07312073558568954,0.06575556844472885,-0.6665086150169373,36.203895568847656,39.979156494140625,0.32999947667121887,0.6491017937660217,0.36070653796195984,-0.32549041509628296,-0.5853320360183716
11.200000000000,1344,0.15946736241797704,0.16819176991780588,0.0,37.484283447265625,40.9482421875,0.4186869263648987,-84.48313903808594,5.475236415863037,0.09509745240211487,-0.016427019611001015,asphalt,3.148096099562757,0.16819176991780588,0.0,1905.2212541784093,1,-0.01946163922548294,0.7425196170806885,12.599941710879575,159.99977961537198,19.538704279179345,5886.737792143054,5885.245993057939,-0.13585887849330902,1.539608876786425,False,True,0,0,5.4640212059021,0.37991955876350403,0.08175069093704224,False,38.49858474731445,41.89009475708008,0.32999947667121887,0.6254749298095703,-0.3597865402698517,0.34509411454200745,-0.6002039909362793,38.66009521484375,40.21787643432617,0.32999953627586365,0.7178879380226135,0.0728164091706276,-0.07000108808279037,-0.6887921094894409,36.30876922607422,41.6785888671875,0.32999953627586365,0.64170241355896,-0.3691708445549011,0.3350643515586853,-0.5828059315681458,36.470279693603516,40.006370544433594,0.32999947667121887,0.7365415096282959,0.0746706873178482,-0.06799870729446411,-0.6688101887702942
11.250000000000,1350,0.15946737912849884,0.16819148381551094,0.0,37.757205963134766,40.96674728393555,0.4186869263648987,-84.87163543701172,5.475236415863037,0.09509684145450592,-0.016426684334874153,asphalt,3.148096099562757,0.16819148381551094,0.0,1905.22120797839,1,-0.019528474658727646,0.7425105571746826,12.599941710879575,159.99977961637342,19.538659886113628,5886.7373467005955,5885.24643857408,-0.13585878908634186,1.5395887545336389,False,True,0,0,5.466471195220947,0.34286317229270935,0.08175072818994522,False,38.777870178222656,41.90169906616211,0.32999947667121887,-0.4210258722305298,0.5831078290939331,-0.5632154941558838,0.4068301320075989,38.92803955078125,40.228424072265625,0.32999953627586365,0.6860067248344421,-0.21603763103485107,0.2085677832365036,-0.6627383232116699,36.586669921875,41.705047607421875,0.32999953627586365,-0.432003915309906,0.5983861684799194,-0.5469746589660645,0.39512693881988525,36.736839294433594,40.03177261352539,0.32999947667121887,0.7039400935173035,-0.221724733710289,0.2025316208600998,-0.64365154504776
11.300000000000,1356,0.15946734570745685,0.1681920560201008,0.0,38.03024673461914,40.9833984375,0.4186869263648987,-85.2601318359375,5.475234508514404,0.09509483724832535,-0.016427429392933846,asphalt,3.148096099562757,0.1681920560201008,0.0,1905.2211120232364,1,-0.019654642790555954,0.7425496578216553,12.599937323159045,159.9997796252828,19.538264940908252,5886.738279345858,5885.245506584324,-0.13585875928401947,1.5395938529052908,False,True,0,0,5.468668460845947,0.3057909309864044,0.08175081759691238,False,39.05722427368164,41.911407470703125,0.32999947667121887,-0.14377504587173462,0.7022944688796997,-0.683022677898407,0.13996854424476624,39.196044921875,40.237152099609375,0.32999953627586365,0.5430489182472229,-0.4679601788520813,0.4550337493419647,-0.5282570123672485,36.86474609375,41.729618072509766,0.32999953627586365,-0.14751940965652466,0.7208008170127869,-0.6634698510169983,0.1359848976135254,37.00356674194336,40.055362701416016,0.32999947667121887,0.5573276281356812,-0.4803142249584198,0.4419894218444824,-0.5131562948226929
11.350000000000,1362,0.15946727886539205,0.1681932004292805,0.0,38.30339431762695,40.99819564819336,0.4186869263648987,-85.64862060546875,5.475234508514404,0.0950932726264,-0.016427822411060333,asphalt,3.148096099562757,0.1681932004292805,0.0,1905.2208342273561,1,-0.019486766308546066,0.7425285577774048,12.599932935439282,159.99977963336323,19.53790673479173,5886.739559012,5885.2442275127005,-0.13585874438285828,1.5395989512786945,False,True,0,0,5.470616340637207,0.26870274543762207,0.08175072073936462,False,39.33664321899414,41.919219970703125,0.32999947667121887,0.15696941316127777,0.6970367431640625,-0.6825799942016602,-0.1535739004611969,39.464107513427734,40.24406433105469,0.32999953627586365,-0.31293895840644836,0.6423152685165405,-0.6289059519767761,0.30655762553215027,37.14297866821289,41.75230026245117,0.32999947667121887,0.16117480397224426,0.7155129909515381,-0.6631796956062317,-0.1491858959197998,37.270442962646484,40.077144622802734,0.32999947667121887,-0.3212042450904846,0.6593663096427917,-0.6110146045684814,0.29786744713783264
11.400000000000,1368,0.15946739583902222,0.16819119771321603,0.0,38.57663345336914,41.01115036010742,0.4186869263648987,-86.037109375,5.475236892700195,0.09509292244911194,-0.016428228467702866,asphalt,3.148096099562757,0.16819119771321603,0.0,1905.2209334220152,1,-0.019484490156173706,0.7424311637878418,12.599946098600867,159.999779635884,19.537794986729732,5886.735335809597,5885.24845090057,-0.13585889339447021,1.5396104349608373,False,True,0,0,5.472315311431885,0.23160381615161896,0.08175067603588104,False,39.6161003112793,41.925148010253906,0.32999947667121887,0.42808496952056885,0.5690811276435852,-0.5611277222633362,-0.421930730342865,39.732208251953125,40.24916458129883,0.32999953627586365,-0.033588435500860214,0.7113240361213684,-0.7012733221054077,0.033251095563173294,37.42136001586914,41.77310562133789,0.32999947667121887,0.4395509362220764,0.5842515230178833,-0.5452952980995178,-0.4099976718425751,37.5374641418457,40.09712219238281,0.32999947667121887,-0.03444758430123329,0.7303205728530884,-0.6814685463905334,0.032339584082365036
11.450000000000,1374,0.15946742926007382,0.16819062550862618,0.0,38.849952697753906,41.02225112915039,0.4186869263648987,-86.42559051513672,5.4752373695373535,0.09509371966123581,-0.01642836257815361,asphalt,3.148096099562757,0.16819062550862618,0.0,1905.2211805675447,1,-0.019551176577806473,0.7425214648246765,12.5999482924618,159.99977963260352,19.537940412289863,5886.73477296747,5885.249013501335,-0.13585884869098663,1.5395947628055924,False,True,0,0,5.47376012802124,0.19449461996555328,0.08175070583820343,False,39.895591735839844,41.92918014526367,0.32999947667121887,0.6220194697380066,0.3417775332927704,-0.3393644690513611,-0.6173424124717712,40.000335693359375,40.25244903564453,0.32999953627586365,0.24934928119182587,0.6644885540008545,-0.659611165523529,-0.24737219512462616,37.69987106323242,41.792022705078125,0.32999953627586365,0.6387652158737183,0.3509289622306824,-0.3298642933368683,-0.6000145077705383,37.80460739135742,40.115291595458984,0.32999947667121887,0.2560892403125763,0.6823419332504272,-0.6411178708076477,-0.24040734767913818
11.500000000000,1380,0.15946739583902222,0.16819119771321603,0.0,39.12334060668945,41.031497955322266,0.4186869263648987,-86.8140640258789,5.475236892700195,0.09509359300136566,-0.01642731949687004,asphalt,3.148096099562757,0.16819119771321603,0.0,1905.2212608775044,1,-0.01949385739862919,0.7424868941307068,12.599943904740126,159.99977963256902,19.537941943085237,5886.737089632581,5885.246696833685,-0.13585884869098663,1.5395998611764863,False,True,0,0,5.474952220916748,0.15737682580947876,0.08175063133239746,False,40.175106048583984,41.93131637573242,0.32999947667121887,0.7051339745521545,0.05582161247730255,-0.055922288447618484,-0.7046578526496887,40.26847457885742,40.25391387939453,0.32999953627586365,0.4899429678916931,0.51018226146698,-0.5099411606788635,-0.4895201027393341,37.9785041809082,41.80904769897461,0.32999947667121887,0.724227786064148,0.05728944391012192,-0.054385989904403687,-0.6850213408470154,38.07187271118164,40.13164520263672,0.32999947667121887,0.5032346844673157,0.5239683389663696,-0.49575096368789673,-0.4758603274822235
11.550000000000,1386,0.15946742926007382,0.16819062550862618,0.0,39.39678955078125,41.03889083862305,0.4186869263648987,-87.20255279541016,5.475237846374512,0.09509368240833282,-0.0164264515042305,asphalt,3.148096099562757,0.16819062550862618,0.0,1905.221324747203,1,-0.019496966153383255,0.7425296306610107,12.5999482924618,159.9997796324654,19.537946535471345,5886.735635595595,5885.248150863047,-0.13585883378982544,1.5396044016832198,False,True,0,0,5.475894451141357,0.12025178968906403,0.08175061643123627,False,40.45463180541992,41.931556701660156,0.32999947667121887,0.663536548614502,-0.23803162574768066,0.2393626719713211,-0.6676568984985352,40.536624908447266,40.25355911254883,0.32999953627586365,0.6494410037994385,0.2741644084453583,-0.2759750783443451,-0.6533743143081665,38.25725173950195,41.824188232421875,0.32999947667121887,0.6816099286079407,-0.24456144869327545,0.2327168583869934,-0.6491844654083252,38.3392448425293,40.14619064331055,0.32999947667121887,0.6671597957611084,0.28160303831100464,-0.268361359834671,-0.6352792382240295
11.600000000000,1392,0.15946742926007382,0.16819062550862618,0.0,39.67028045654297,41.044429779052734,0.4186869263648987,-87.59103393554688,5.4752373695373535,0.09509443491697311,-0.016426319256424904,asphalt,3.148096099562757,0.16819062550862618,0.0,1905.2214249282003,1,-0.019552163779735565,0.7424798607826233,12.5999482924618,159.999779629841,19.538062875919447,5886.73591584921,5885.247870416341,-0.13585887849330902,1.5396015969697485,False,True,0,0,5.476583480834961,0.08312155306339264,0.08175061643123627,False,40.73414993286133,41.92990493774414,0.32999947667121887,0.5053979158401489,-0.48797836899757385,0.4942145347595215,-0.5120565891265869,40.80476379394531,40.25138854980469,0.32999953627586365,0.702515184879303,-0.004718519281595945,0.0046409242786467075,-0.7116379737854004,38.53609085083008,41.837432861328125,0.32999947667121887,0.5192397236824036,-0.5014039874076843,0.48061099648475647,-0.497993141412735,38.60670852661133,40.15892028808594,0.32999947667121887,0.7217977046966553,-0.0048861936666071415,0.004486370831727982,-0.6920722723007202
11.650000000000,1398,0.15946739583902222,0.16819119771321603,0.0,39.94380569458008,41.04811477661133,0.4186869263648987,-87.97953796386719,5.475236892700195,0.09509554505348206,-0.016425544396042824,asphalt,3.148096099562757,0.16819119771321603,0.0,1905.221408185596,1,-0.01955370232462883,0.7425353527069092,12.599946098600867,159.9997796240051,19.53832158033693,5886.736608207368,5885.247177628808,-0.13585875928401947,1.539593672083773,False,True,0,0,5.477020740509033,0.04598619043827057,0.08175062388181686,False,41.01365661621094,41.92635726928711,0.32999947667121887,0.25936153531074524,-0.6503011584281921,0.6631758809089661,-0.2646464705467224,41.0728874206543,40.247398376464844,0.32999953627586365,0.641279935836792,-0.2809271514415741,0.28638365864753723,-0.6540828347206116,38.81501770019531,41.84878921508789,0.32999947667121887,-0.26648908853530884,0.6682900190353394,-0.6450560688972473,0.2574387192726135,38.87424850463867,40.16983413696289,0.32999947667121887,0.6589879393577576,-0.2887263000011444,0.27853772044181824,-0.6362301111221313
11.700000000000,1404,0.15946739583902222,0.16819119771321603,0.0,40.217342376708984,41.04994583129883,0.4186869263648987,-88.36800384521484,5.4752373695373535,0.09509499371051788,-0.016426535323262215,asphalt,3.148096099562757,0.16819119771321603,0.0,1905.2213847890375,1,-0.019494157284498215,0.7424784302711487,12.599943904740126,159.99977962545546,19.538257286931405,5886.737345497825,5885.246440445061,-0.13585878908634186,1.5396110582306015,False,True,0,0,5.477206707000732,0.008849073201417923,0.08175065368413925,False,41.29312515258789,41.92091369628906,0.32999947667121887,-0.030641064047813416,-0.6970164775848389,0.7157150506973267,0.03132325038313866,41.34096908569336,40.24159240722656,0.32999953627586365,0.47645530104637146,-0.5096677541732788,0.5232403874397278,-0.48933494091033936,39.09401321411133,41.85825729370117,0.32999953627586365,0.03153759241104126,0.716411292552948,-0.6962994337081909,-0.0304520633071661,39.1418571472168,40.17893981933594,0.3299994170665741,-0.48968616127967834,0.5238770246505737,-0.509027361869812,0.47607919573783875
11.750000000000,1410,0.15946739583902222,0.16819119771321603,0.0,40.49088668823242,41.04991912841797,0.4186869263648987,-88.75651550292969,5.4752373695373535,0.09509419649839401,-0.01642708294093609,asphalt,3.148096099562757,0.16819119771321603,0.0,1905.2214036780172,1,-0.01949412375688553,0.7425141930580139,12.599943904740126,159.9997796294957,19.538078183873143,5886.7372443933045,5885.246541846841,-0.13585887849330902,1.5395856817903453,False,True,0,0,5.4771409034729,-0.02828926406800747,0.0817505344748497,False,41.572547912597656,41.913570404052734,0.32999947667121887,-0.3132372796535492,-0.6206966042518616,0.6417439579963684,0.3237016797065735,41.609004974365234,40.23396682739258,0.32999953627586365,0.23549771308898926,-0.6541581749916077,0.6762256622314453,-0.2435912787914276,39.37306213378906,41.86582946777344,0.32999947667121887,0.32205331325531006,0.6380689144134521,-0.6244598031044006,-0.31495973467826843,39.40951919555664,40.18622589111328,0.32999947667121887,-0.2420603185892105,0.672500729560852,-0.6579938530921936,0.2370518445968628
11.800000000000,1416,0.15946737912849884,0.16819148381551094,0.0,40.76442337036133,41.048030853271484,0.4186869263648987,-89.1449966430664,5.475236892700195,0.09509391337633133,-0.01642819307744503,asphalt,3.148096099562757,0.16819148381551094,0.0,1905.2213222042806,1,-0.01949402689933777,0.7425490617752075,12.599943904740126,159.9997796309115,19.538015421262983,5886.737510054524,5885.246276289789,-0.13585880398750305,1.539595476486386,False,True,0,0,5.476822853088379,-0.06542544066905975,0.08175060153007507,False,41.85191345214844,41.90433120727539,0.32999947667121887,0.5387149453163147,0.435637891292572,-0.4535410702228546,-0.5606302618980408,41.87698745727539,40.224517822265625,0.32999953627586365,-0.04197123274207115,-0.6915436387062073,0.7197983860969543,0.0435449592769146,39.652156829833984,41.87150192260742,0.32999953627586365,0.5539414286613464,0.44789478182792664,-0.44141700863838196,-0.5456098914146423,39.67722702026367,40.191688537597656,0.32999947667121887,0.0431937538087368,0.7110521197319031,-0.7005322575569153,-0.0423530638217926
11.850000000000,1422,0.15946737912849884,0.16819148381551094,0.0,41.03794479370117,41.044288635253906,0.4186869263648987,-89.53348541259766,5.475236415863037,0.09509299695491791,-0.01642756164073944,asphalt,3.148096099562757,0.16819148381551094,0.0,1905.2213134639433,1,-0.01955011859536171,0.7424957156181335,12.599943904740126,159.99977963460637,19.537851626158417,5886.7373343836,5885.246452232564,-0.13585883378982544,1.5395975021131467,False,True,0,0,5.476253032684326,-0.10255925357341766,0.08175059407949448,False,42.13121795654297,41.893192291259766,0.32999947667121887,0.6677693128585815,0.17518922686576843,-0.1837233453989029,-0.6997418403625488,42.144893646240234,40.21324920654297,0.32999953627586365,-0.31068184971809387,-0.6165094971656799,0.6461243629455566,0.32544761896133423,39.93128967285156,41.875282287597656,0.32999947667121887,0.686750590801239,0.18012359738349915,-0.17885829508304596,-0.681130588054657,39.94496536254883,40.195335388183594,0.32999947667121887,0.31954213976860046,0.6340060234069824,-0.6289558410644531,-0.3167707026004791
11.900000000000,1428,0.15946732899693827,0.1681923421223957,0.0,41.31143569946289,41.038692474365234,0.4186869263648987,-89.9219970703125,5.475235462188721,0.09509207308292389,-0.01642814837396145,asphalt,3.148096099562757,0.1681923421223957,0.0,1905.2212128167862,1,-0.01949312724173069,0.7425293326377869,12.599937323159045,159.99977963957886,19.537631191625163,5886.7390514919,5885.244735490115,-0.13585886359214783,1.5396023106523853,False,True,0,0,5.475430965423584,-0.1396874189376831,0.08175058662891388,False,42.410438537597656,41.880165100097656,0.32999947667121887,0.6783558130264282,-0.11425573378801346,0.12040816247463226,-0.71573805809021,42.41272735595703,40.20016860961914,0.32999953627586365,0.5271035432815552,0.44202136993408203,-0.4664729833602905,-0.5560411214828491,40.2104377746582,41.87717056274414,0.32999947667121887,0.6977524757385254,-0.1175672635436058,0.11720751225948334,-0.6968370079994202,40.21272659301758,40.19717025756836,0.32999953627586365,0.542205810546875,0.45463550090789795,-0.4541722238063812,-0.5413380861282349
11.950000000000,1434,0.15946731228642125,0.16819262822469064,0.0,41.58488464355469,41.03124237060547,0.4186869263648987,-90.31047821044922,5.47523307800293,0.09509184211492538,-0.016428032889962196,asphalt,3.148096099562757,0.16819262822469064,0.0,1905.220968581084,1,-0.019666163250803947,0.7424885034561157,12.599932935439282,159.99977964002775,19.53761129128535,5886.740255606939,5885.243531408103,-0.1358586996793747,1.5396048723440823,False,True,0,0,5.474355220794678,-0.17681089043617249,0.08175060898065567,False,42.68956756591797,41.8652458190918,0.32999953627586365,0.5694519877433777,-0.3815242648124695,0.40516042709350586,-0.6049865484237671,42.68046569824219,40.18526840209961,0.32999953627586365,0.6564992070198059,0.19709186255931854,-0.20949949324131012,-0.6973330974578857,40.48959732055664,41.877166748046875,0.32999947667121887,0.5858287215232849,-0.3925493657588959,0.39451363682746887,-0.5891253352165222,40.48049545288086,40.19718933105469,0.32999953627586365,0.6754186153411865,0.20273150503635406,-0.20402781665325165,-0.6790304183959961
12.000000000000,1440,0.15946724544436916,0.1681937726338703,0.0,41.858272552490234,41.02193832397461,0.4186869263648987,-90.69895935058594,5.4752326011657715,0.09509062021970749,-0.016428573057055473,asphalt,3.148096099562757,0.1681937726338703,0.0,1905.2205861944512,1,-0.019554391503334045,0.7424717545509338,12.599926353861068,159.99977964575987,19.537357179253952,5886.741140996009,5885.242646440774,-0.1358586996793747,1.539607434037558,False,True,0,0,5.473030090332031,-0.21392370760440826,0.0817507803440094,False,42.96858596801758,41.84843063354492,0.32999953627586365,0.3610880374908447,-0.5797142386436462,0.6199309229850769,-0.3863062858581543,42.94809341430664,40.168556213378906,0.32999947667121887,0.678500235080719,-0.0780426636338234,0.08332496881484985,-0.7256746292114258,40.76874542236328,41.875267028808594,0.32999953627586365,0.3715223968029022,-0.5965495705604553,0.6037641763687134,-0.37625589966773987,40.748252868652344,40.19539260864258,0.32999953627586365,0.6981728076934814,-0.08034437149763107,0.08112789690494537,-0.7067657113075256
